catalog_row_id,agency_item_id,agency_item_code,description,unit_raw,unit_normalized,specification_year,specification_reference,item_status,source_id,source_page,source_locator
ne_ndot_catalog_0001.00,ne_ndot_0001.00,0001.00,SURVEILLANCE OF TEMPORARY TRAFFIC CONTROL DEVICES,CAL DAY,DAY,07,,current,ne_ndot_english_standard_item_list_2010,1,stditeme06252010.pdf#page=1;item=0001.00
ne_ndot_catalog_0001.04,ne_ndot_0001.04,0001.04,ENDANGERED SPECIES DAILY SURVEYOR,DAY,DAY,07,,current,ne_ndot_english_standard_item_list_2010,1,stditeme06252010.pdf#page=1;item=0001.04
ne_ndot_catalog_0001.06,ne_ndot_0001.06,0001.06,VERTICAL PANELS,BARR DAY,DAY,07,,current,ne_ndot_english_standard_item_list_2010,1,stditeme06252010.pdf#page=1;item=0001.06
ne_ndot_catalog_0001.08,ne_ndot_0001.08,0001.08,"BARRICADE, TYPE II",BARR DAY,DAY,07,422.00,current,ne_ndot_english_standard_item_list_2010,1,stditeme06252010.pdf#page=1;item=0001.08
ne_ndot_catalog_0001.10,ne_ndot_0001.10,0001.10,"BARRICADE, TYPE III",BARR DAY,DAY,07,422.00,current,ne_ndot_english_standard_item_list_2010,1,stditeme06252010.pdf#page=1;item=0001.10
ne_ndot_catalog_0001.20,ne_ndot_0001.20,0001.20,"BARRICADE, TYPE III",EACH,EACH,07,,current,ne_ndot_english_standard_item_list_2010,1,stditeme06252010.pdf#page=1;item=0001.20
ne_ndot_catalog_0001.30,ne_ndot_0001.30,0001.30,TYPE B HIGH INTENSITY WARNING LIGHT,LIGHT DAY,LIGHT DAY,07,422.00,current,ne_ndot_english_standard_item_list_2010,1,stditeme06252010.pdf#page=1;item=0001.30
ne_ndot_catalog_0001.45,ne_ndot_0001.45,0001.45,REFLECTORIZED PLASTIC DRUM,BARR DAY,DAY,07,,current,ne_ndot_english_standard_item_list_2010,1,stditeme06252010.pdf#page=1;item=0001.45
ne_ndot_catalog_0001.46,ne_ndot_0001.46,0001.46,REFLECTORIZED CONE,BARR DAY,DAY,07,,current,ne_ndot_english_standard_item_list_2010,1,stditeme06252010.pdf#page=1;item=0001.46
ne_ndot_catalog_0001.75,ne_ndot_0001.75,0001.75,TEMPORARY SIGN DAY,EACH,EACH,07,422.00,current,ne_ndot_english_standard_item_list_2010,1,stditeme06252010.pdf#page=1;item=0001.75
ne_ndot_catalog_0001.85,ne_ndot_0001.85,0001.85,SIGN DAY,EACH,EACH,07,,current,ne_ndot_english_standard_item_list_2010,1,stditeme06252010.pdf#page=1;item=0001.85
ne_ndot_catalog_0001.90,ne_ndot_0001.90,0001.90,SIGN DAY,EACH,EACH,07,422.00,current,ne_ndot_english_standard_item_list_2010,1,stditeme06252010.pdf#page=1;item=0001.90
ne_ndot_catalog_0001.99,ne_ndot_0001.99,0001.99,CONTRACTOR FURNISHED SIGN DAY,EACH,EACH,07,422.00,current,ne_ndot_english_standard_item_list_2010,1,stditeme06252010.pdf#page=1;item=0001.99
ne_ndot_catalog_0002.12,ne_ndot_0002.12,0002.12,INSTALL OVERHEAD DETOUR SIGN,EACH,EACH,07,,current,ne_ndot_english_standard_item_list_2010,1,stditeme06252010.pdf#page=1;item=0002.12
ne_ndot_catalog_0002.14,ne_ndot_0002.14,0002.14,INSTALL DETOUR OVERLAY PANEL,EACH,EACH,07,,current,ne_ndot_english_standard_item_list_2010,1,stditeme06252010.pdf#page=1;item=0002.14
ne_ndot_catalog_0002.20,ne_ndot_0002.20,0002.20,OBJECT MARKER,EACH,EACH,07,,current,ne_ndot_english_standard_item_list_2010,1,stditeme06252010.pdf#page=1;item=0002.20
ne_ndot_catalog_0002.26,ne_ndot_0002.26,0002.26,"WRONG WAY ARROW, TEMPORARY PAVEMENT MARKING, TYPE 2",EACH,EACH,07,,current,ne_ndot_english_standard_item_list_2010,1,stditeme06252010.pdf#page=1;item=0002.26
ne_ndot_catalog_0002.27,ne_ndot_0002.27,0002.27,REMOVABLE WET REFLECTIVE TAPE,LIN FT,LF,07,,current,ne_ndot_english_standard_item_list_2010,1,stditeme06252010.pdf#page=1;item=0002.27
ne_ndot_catalog_0002.28,ne_ndot_0002.28,0002.28,TEMPORARY PAVEMENT MARKING REMOVAL,LIN FT,LF,07,,current,ne_ndot_english_standard_item_list_2010,1,stditeme06252010.pdf#page=1;item=0002.28
ne_ndot_catalog_0002.30,ne_ndot_0002.30,0002.30,PAVEMENT MARKING REMOVAL,LIN FT,LF,07,422.00,current,ne_ndot_english_standard_item_list_2010,2,stditeme06252010.pdf#page=2;item=0002.30
ne_ndot_catalog_0002.31,ne_ndot_0002.31,0002.31,TEMPORARY PAVEMENT MARKING,LIN FT,LF,07,,current,ne_ndot_english_standard_item_list_2010,2,stditeme06252010.pdf#page=2;item=0002.31
ne_ndot_catalog_0002.32,ne_ndot_0002.32,0002.32,PAVEMENT MARKING REMOVAL,SQ FT,SF,07,422.00,current,ne_ndot_english_standard_item_list_2010,2,stditeme06252010.pdf#page=2;item=0002.32
ne_ndot_catalog_0002.33,ne_ndot_0002.33,0002.33,TEMPORARY PAVEMENT MARKING,LIN FT,LF,07,,current,ne_ndot_english_standard_item_list_2010,2,stditeme06252010.pdf#page=2;item=0002.33
ne_ndot_catalog_0002.35,ne_ndot_0002.35,0002.35,TEMPORARY PAVEMENT MARKING,LIN FT,LF,07,,current,ne_ndot_english_standard_item_list_2010,2,stditeme06252010.pdf#page=2;item=0002.35
ne_ndot_catalog_0002.37,ne_ndot_0002.37,0002.37,TEMPORARY PAVEMENT MARKING,LIN FT,LF,07,,current,ne_ndot_english_standard_item_list_2010,2,stditeme06252010.pdf#page=2;item=0002.37
ne_ndot_catalog_0002.38,ne_ndot_0002.38,0002.38,"TEMPORARY PAVEMENT MARKING, TYPE I",LIN FT,LF,07,422.00,current,ne_ndot_english_standard_item_list_2010,2,stditeme06252010.pdf#page=2;item=0002.38
ne_ndot_catalog_0002.39,ne_ndot_0002.39,0002.39,"TEMPORARY PAVEMENT MARKING, TYPE II",LIN FT,LF,07,422.00,current,ne_ndot_english_standard_item_list_2010,2,stditeme06252010.pdf#page=2;item=0002.39
ne_ndot_catalog_0002.40,ne_ndot_0002.40,0002.40,TEMPORARY SOLID LINES,STATION,STA,07,,current,ne_ndot_english_standard_item_list_2010,2,stditeme06252010.pdf#page=2;item=0002.40
ne_ndot_catalog_0002.41,ne_ndot_0002.41,0002.41,"TEMPORARY PAVEMENT MARKING , TYPE III",LIN FT,LF,07,422.00,current,ne_ndot_english_standard_item_list_2010,2,stditeme06252010.pdf#page=2;item=0002.41
ne_ndot_catalog_0002.43,ne_ndot_0002.43,0002.43,"TEMPORARY PAVEMENT MARKING, TYPE II BLACK",LIN FT,LF,07,422.00,current,ne_ndot_english_standard_item_list_2010,2,stditeme06252010.pdf#page=2;item=0002.43
ne_ndot_catalog_0002.44,ne_ndot_0002.44,0002.44,"TEMPORARY PAVEMENT MARKING, TYPE PAINT",LIN FT,LF,07,422.00,current,ne_ndot_english_standard_item_list_2010,2,stditeme06252010.pdf#page=2;item=0002.44
ne_ndot_catalog_0002.45,ne_ndot_0002.45,0002.45,TEMPORARY BROKEN LINES,STATION,STA,07,,current,ne_ndot_english_standard_item_list_2010,2,stditeme06252010.pdf#page=2;item=0002.45
ne_ndot_catalog_0002.46,ne_ndot_0002.46,0002.46,"TEMPORARY PAVEMENT MARKING, TYPE RPM",LIN FT,LF,07,422.00,current,ne_ndot_english_standard_item_list_2010,2,stditeme06252010.pdf#page=2;item=0002.46
ne_ndot_catalog_0002.47,ne_ndot_0002.47,0002.47,TEMPORARY PAVEMENT MARKING SURFACE PREPARATION,LIN FT,LF,07,,current,ne_ndot_english_standard_item_list_2010,2,stditeme06252010.pdf#page=2;item=0002.47
ne_ndot_catalog_0002.48,ne_ndot_0002.48,0002.48,TEMPORARY RAISED PAVEMENT MARKER,EACH,EACH,07,,current,ne_ndot_english_standard_item_list_2010,2,stditeme06252010.pdf#page=2;item=0002.48
ne_ndot_catalog_0002.49,ne_ndot_0002.49,0002.49,RAISED PAVEMENT MARKER,LIN FT,LF,07,422.00,current,ne_ndot_english_standard_item_list_2010,2,stditeme06252010.pdf#page=2;item=0002.49
ne_ndot_catalog_0002.50,ne_ndot_0002.50,0002.50,INSTALL RAISED PAVEMENT MARKER,EACH,EACH,07,,current,ne_ndot_english_standard_item_list_2010,2,stditeme06252010.pdf#page=2;item=0002.50
ne_ndot_catalog_0002.51,ne_ndot_0002.51,0002.51,RAISED PAVEMENT MARKER ADHESIVE MATERIAL,EACH,EACH,07,,current,ne_ndot_english_standard_item_list_2010,2,stditeme06252010.pdf#page=2;item=0002.51
ne_ndot_catalog_0002.52,ne_ndot_0002.52,0002.52,"TEMPORARY PAVEMENT MARKING, TYPE RPM",EACH,EACH,07,,current,ne_ndot_english_standard_item_list_2010,3,stditeme06252010.pdf#page=3;item=0002.52
ne_ndot_catalog_0002.53,ne_ndot_0002.53,0002.53,RAISED PAVEMENT MARKER,EACH,EACH,07,,current,ne_ndot_english_standard_item_list_2010,3,stditeme06252010.pdf#page=3;item=0002.53
ne_ndot_catalog_0002.55,ne_ndot_0002.55,0002.55,OVERLAY BROKEN LINES,STATION,STA,07,422.00,current,ne_ndot_english_standard_item_list_2010,3,stditeme06252010.pdf#page=3;item=0002.55
ne_ndot_catalog_0002.60,ne_ndot_0002.60,0002.60,OVERLAY SOLID LINES,STATION,STA,07,422.00,current,ne_ndot_english_standard_item_list_2010,3,stditeme06252010.pdf#page=3;item=0002.60
ne_ndot_catalog_0002.61,ne_ndot_0002.61,0002.61,PLOWABLE PAVEMENT MARKER,EACH,EACH,07,419.00,current,ne_ndot_english_standard_item_list_2010,3,stditeme06252010.pdf#page=3;item=0002.61
ne_ndot_catalog_0002.63,ne_ndot_0002.63,0002.63,PLOWABLE PAVEMENT MARKER REFLECTOR,EACH,EACH,07,419.00,current,ne_ndot_english_standard_item_list_2010,3,stditeme06252010.pdf#page=3;item=0002.63
ne_ndot_catalog_0002.64,ne_ndot_0002.64,0002.64,PLOWABLE RAISED PAVEMENT MARKER REFLECTOR,EACH,EACH,07,,current,ne_ndot_english_standard_item_list_2010,3,stditeme06252010.pdf#page=3;item=0002.64
ne_ndot_catalog_0002.70,ne_ndot_0002.70,0002.70,PERMANENT PAVEMENT MARKING,STATION,STA,07,,current,ne_ndot_english_standard_item_list_2010,3,stditeme06252010.pdf#page=3;item=0002.70
ne_ndot_catalog_0002.75,ne_ndot_0002.75,0002.75,PERMANENT PAVEMENT MARKING,LIN FT,LF,07,,current,ne_ndot_english_standard_item_list_2010,3,stditeme06252010.pdf#page=3;item=0002.75
ne_ndot_catalog_0002.76,ne_ndot_0002.76,0002.76,"PERMANENT PAVEMENT MARKING, PAINT",LIN FT,LF,07,423.00,current,ne_ndot_english_standard_item_list_2010,3,stditeme06252010.pdf#page=3;item=0002.76
ne_ndot_catalog_0002.78,ne_ndot_0002.78,0002.78,PERMANENT PAVEMENT MARKING SURFACE PREPARATION,LIN FT,LF,07,,current,ne_ndot_english_standard_item_list_2010,3,stditeme06252010.pdf#page=3;item=0002.78
ne_ndot_catalog_0002.80,ne_ndot_0002.80,0002.80,INSTALLING TUBULAR POST,EACH,EACH,07,,current,ne_ndot_english_standard_item_list_2010,3,stditeme06252010.pdf#page=3;item=0002.80
ne_ndot_catalog_0002.83,ne_ndot_0002.83,0002.83,RELOCATE TUBULAR POST CURB SYSTEM,LIN FT,LF,07,,current,ne_ndot_english_standard_item_list_2010,3,stditeme06252010.pdf#page=3;item=0002.83
ne_ndot_catalog_0002.84,ne_ndot_0002.84,0002.84,TUBULAR POST CURB SYSTEM,LIN FT,LF,07,,current,ne_ndot_english_standard_item_list_2010,3,stditeme06252010.pdf#page=3;item=0002.84
ne_ndot_catalog_0002.85,ne_ndot_0002.85,0002.85,TUBULAR POST,EACH,EACH,07,422.00,current,ne_ndot_english_standard_item_list_2010,3,stditeme06252010.pdf#page=3;item=0002.85
ne_ndot_catalog_0002.86,ne_ndot_0002.86,0002.86,OPPOSING LANE DIVIDER,EACH,EACH,07,422.00,current,ne_ndot_english_standard_item_list_2010,3,stditeme06252010.pdf#page=3;item=0002.86
ne_ndot_catalog_0002.87,ne_ndot_0002.87,0002.87,CHANNELIZING BLOCK,EACH,EACH,07,,current,ne_ndot_english_standard_item_list_2010,3,stditeme06252010.pdf#page=3;item=0002.87
ne_ndot_catalog_0002.88,ne_ndot_0002.88,0002.88,GROUND SLEEVE,EACH,EACH,07,,current,ne_ndot_english_standard_item_list_2010,3,stditeme06252010.pdf#page=3;item=0002.88
ne_ndot_catalog_0002.90,ne_ndot_0002.90,0002.90,FLASHING ARROW PANEL,EACH,EACH,07,,current,ne_ndot_english_standard_item_list_2010,3,stditeme06252010.pdf#page=3;item=0002.90
ne_ndot_catalog_0002.97,ne_ndot_0002.97,0002.97,FLASHING ARROW PANEL,DAY,DAY,07,422.00,current,ne_ndot_english_standard_item_list_2010,4,stditeme06252010.pdf#page=4;item=0002.97
ne_ndot_catalog_0003.00,ne_ndot_0003.00,0003.00,SMARTZONE SYSTEM,DAY,DAY,07,,current,ne_ndot_english_standard_item_list_2010,4,stditeme06252010.pdf#page=4;item=0003.00
ne_ndot_catalog_0003.01,ne_ndot_0003.01,0003.01,PORTABLE SMARTZONE VIDEO CAMERA,DAY,DAY,07,,current,ne_ndot_english_standard_item_list_2010,4,stditeme06252010.pdf#page=4;item=0003.01
ne_ndot_catalog_0003.02,ne_ndot_0003.02,0003.02,SMARTZONE TECHNICIAN,DAY,DAY,07,,current,ne_ndot_english_standard_item_list_2010,4,stditeme06252010.pdf#page=4;item=0003.02
ne_ndot_catalog_0003.05,ne_ndot_0003.05,0003.05,PORTABLE CHANGEABLE MESSAGE SIGN,EACH,EACH,07,,current,ne_ndot_english_standard_item_list_2010,4,stditeme06252010.pdf#page=4;item=0003.05
ne_ndot_catalog_0003.06,ne_ndot_0003.06,0003.06,CHANGEABLE MESSAGE SIGN,DAY,DAY,07,422.00,current,ne_ndot_english_standard_item_list_2010,4,stditeme06252010.pdf#page=4;item=0003.06
ne_ndot_catalog_0003.10,ne_ndot_0003.10,0003.10,FLAGGING,DAY,DAY,07,422.00,current,ne_ndot_english_standard_item_list_2010,4,stditeme06252010.pdf#page=4;item=0003.10
ne_ndot_catalog_0003.12,ne_ndot_0003.12,0003.12,RAILROAD FLAGGING,DAY,DAY,07,,current,ne_ndot_english_standard_item_list_2010,4,stditeme06252010.pdf#page=4;item=0003.12
ne_ndot_catalog_0003.13,ne_ndot_0003.13,0003.13,RAILROAD FLAGGING,HOUR,HOUR,07,,current,ne_ndot_english_standard_item_list_2010,4,stditeme06252010.pdf#page=4;item=0003.13
ne_ndot_catalog_0003.15,ne_ndot_0003.15,0003.15,RAILROAD INSURANCE,LUMP SUM,LS,07,,current,ne_ndot_english_standard_item_list_2010,4,stditeme06252010.pdf#page=4;item=0003.15
ne_ndot_catalog_0003.20,ne_ndot_0003.20,0003.20,FURNISHING AND OPERATING PILOT VEHICLE,DAY,DAY,07,422.00,current,ne_ndot_english_standard_item_list_2010,4,stditeme06252010.pdf#page=4;item=0003.20
ne_ndot_catalog_0003.30,ne_ndot_0003.30,0003.30,PORTABLE LIGHT PLANT,EACH,EACH,07,,current,ne_ndot_english_standard_item_list_2010,4,stditeme06252010.pdf#page=4;item=0003.30
ne_ndot_catalog_0003.34,ne_ndot_0003.34,0003.34,MODIFIED CONCRETE PROTECTION BARRIERS,EACH,EACH,07,,current,ne_ndot_english_standard_item_list_2010,4,stditeme06252010.pdf#page=4;item=0003.34
ne_ndot_catalog_0003.35,ne_ndot_0003.35,0003.35,MOBILE TRAFFIC CONTROL OPERATION,DAY,DAY,07,,current,ne_ndot_english_standard_item_list_2010,4,stditeme06252010.pdf#page=4;item=0003.35
ne_ndot_catalog_0003.38,ne_ndot_0003.38,0003.38,FURNISHING AND OPERATING TRUCK MOUNTED ATTENUATOR SYSTEM,DAY,DAY,07,,current,ne_ndot_english_standard_item_list_2010,4,stditeme06252010.pdf#page=4;item=0003.38
ne_ndot_catalog_0003.40,ne_ndot_0003.40,0003.40,TRUCK MOUNTED ATTENUATOR SYSTEM,EACH,EACH,07,,current,ne_ndot_english_standard_item_list_2010,4,stditeme06252010.pdf#page=4;item=0003.40
ne_ndot_catalog_0003.42,ne_ndot_0003.42,0003.42,OPERATING TRUCK MOUNTED ATTENUATOR,DAY,DAY,07,,current,ne_ndot_english_standard_item_list_2010,4,stditeme06252010.pdf#page=4;item=0003.42
ne_ndot_catalog_0003.43,ne_ndot_0003.43,0003.43,FURNISHING AND OPERATING TRUCK MOUNTED ATTENUATOR SYSTEM,LUMP SUM,LS,07,,current,ne_ndot_english_standard_item_list_2010,4,stditeme06252010.pdf#page=4;item=0003.43
ne_ndot_catalog_0003.44,ne_ndot_0003.44,0003.44,RESET CONCRETE PROTECTION BARRIER,LIN FT,LF,07,,current,ne_ndot_english_standard_item_list_2010,4,stditeme06252010.pdf#page=4;item=0003.44
ne_ndot_catalog_0003.45,ne_ndot_0003.45,0003.45,CONCRETE BARRIER TRANSITION,EACH,EACH,07,,current,ne_ndot_english_standard_item_list_2010,5,stditeme06252010.pdf#page=5;item=0003.45
ne_ndot_catalog_0003.47,ne_ndot_0003.47,0003.47,REMOVE CONCRETE PROTECTION BARRIER,LIN FT,LF,07,,current,ne_ndot_english_standard_item_list_2010,5,stditeme06252010.pdf#page=5;item=0003.47
ne_ndot_catalog_0003.48,ne_ndot_0003.48,0003.48,REPAIR CONCRETE PROTECTION BARRIER,EACH,EACH,07,,current,ne_ndot_english_standard_item_list_2010,5,stditeme06252010.pdf#page=5;item=0003.48
ne_ndot_catalog_0003.49,ne_ndot_0003.49,0003.49,REMOVE CONCRETE PROTECTION BARRIER,LIN FT,LF,07,,current,ne_ndot_english_standard_item_list_2010,5,stditeme06252010.pdf#page=5;item=0003.49
ne_ndot_catalog_0003.50,ne_ndot_0003.50,0003.50,CONCRETE PROTECTION BARRIER,LIN FT,LF,07,422.00,current,ne_ndot_english_standard_item_list_2010,5,stditeme06252010.pdf#page=5;item=0003.50
ne_ndot_catalog_0003.51,ne_ndot_0003.51,0003.51,INSTALL CONCRETE PROTECTION BARRIER,LIN FT,LF,07,422.00,current,ne_ndot_english_standard_item_list_2010,5,stditeme06252010.pdf#page=5;item=0003.51
ne_ndot_catalog_0003.53,ne_ndot_0003.53,0003.53,TEMPORARY GLARE SCREEN,LIN FT,LF,07,422.00,current,ne_ndot_english_standard_item_list_2010,5,stditeme06252010.pdf#page=5;item=0003.53
ne_ndot_catalog_0003.54,ne_ndot_0003.54,0003.54,INSTALL CONCRETE PROTECTION BARRIER,LIN FT,LF,07,422.00,current,ne_ndot_english_standard_item_list_2010,5,stditeme06252010.pdf#page=5;item=0003.54
ne_ndot_catalog_0003.55,ne_ndot_0003.55,0003.55,INSTALL GLARE SCREEN,LIN FT,LF,07,,current,ne_ndot_english_standard_item_list_2010,5,stditeme06252010.pdf#page=5;item=0003.55
ne_ndot_catalog_0003.56,ne_ndot_0003.56,0003.56,RELOCATE CONCRETE PROTECTION BARRIER,LIN FT,LF,07,422.00,current,ne_ndot_english_standard_item_list_2010,5,stditeme06252010.pdf#page=5;item=0003.56
ne_ndot_catalog_0003.57,ne_ndot_0003.57,0003.57,RELOCATE INERTIAL BARRIER SYSTEM,EACH,EACH,07,,current,ne_ndot_english_standard_item_list_2010,5,stditeme06252010.pdf#page=5;item=0003.57
ne_ndot_catalog_0003.58,ne_ndot_0003.58,0003.58,INERTIAL BARRIER SYSTEM,EACH,EACH,07,422.00,current,ne_ndot_english_standard_item_list_2010,5,stditeme06252010.pdf#page=5;item=0003.58
ne_ndot_catalog_0003.60,ne_ndot_0003.60,0003.60,INSTALL ENERGY ABSORPTION SYSTEM,EACH,EACH,07,,current,ne_ndot_english_standard_item_list_2010,5,stditeme06252010.pdf#page=5;item=0003.60
ne_ndot_catalog_0003.62,ne_ndot_0003.62,0003.62,CONNECTING PINS FOR CONCRETE BARRIER,EACH,EACH,07,,current,ne_ndot_english_standard_item_list_2010,5,stditeme06252010.pdf#page=5;item=0003.62
ne_ndot_catalog_0003.63,ne_ndot_0003.63,0003.63,GLARE SCREEN,LIN FT,LF,07,,current,ne_ndot_english_standard_item_list_2010,5,stditeme06252010.pdf#page=5;item=0003.63
ne_ndot_catalog_0003.64,ne_ndot_0003.64,0003.64,REPLACEMENT MODULE,EACH,EACH,07,422.00,current,ne_ndot_english_standard_item_list_2010,5,stditeme06252010.pdf#page=5;item=0003.64
ne_ndot_catalog_0003.65,ne_ndot_0003.65,0003.65,ENERGY ABSORPTION SYSTEM,EACH,EACH,07,,current,ne_ndot_english_standard_item_list_2010,5,stditeme06252010.pdf#page=5;item=0003.65
ne_ndot_catalog_0003.66,ne_ndot_0003.66,0003.66,INERTIAL BARRIER SYSTEM,EACH,EACH,07,422.00,current,ne_ndot_english_standard_item_list_2010,5,stditeme06252010.pdf#page=5;item=0003.66
ne_ndot_catalog_0003.70,ne_ndot_0003.70,0003.70,TEMPORARY RUMBLE STRIP,EACH,EACH,07,422.00,current,ne_ndot_english_standard_item_list_2010,5,stditeme06252010.pdf#page=5;item=0003.70
ne_ndot_catalog_0003.74,ne_ndot_0003.74,0003.74,TEMPORARY TRAFFIC SIGNAL,EACH,EACH,07,422.00,current,ne_ndot_english_standard_item_list_2010,6,stditeme06252010.pdf#page=6;item=0003.74
ne_ndot_catalog_0003.75,ne_ndot_0003.75,0003.75,TEMPORARY TRAFFIC SIGNAL,EACH,EACH,07,422.00,current,ne_ndot_english_standard_item_list_2010,6,stditeme06252010.pdf#page=6;item=0003.75
ne_ndot_catalog_0003.76,ne_ndot_0003.76,0003.76,TEMPORARY TRAFFIC SIGNAL,EACH,EACH,07,422.00,current,ne_ndot_english_standard_item_list_2010,6,stditeme06252010.pdf#page=6;item=0003.76
ne_ndot_catalog_0003.77,ne_ndot_0003.77,0003.77,TEMPORARY TRAFFIC SIGNAL,EACH,EACH,07,422.00,current,ne_ndot_english_standard_item_list_2010,6,stditeme06252010.pdf#page=6;item=0003.77
ne_ndot_catalog_0003.78,ne_ndot_0003.78,0003.78,TEMPORARY TRAFFIC SIGNAL,EACH,EACH,07,422.00,current,ne_ndot_english_standard_item_list_2010,6,stditeme06252010.pdf#page=6;item=0003.78
ne_ndot_catalog_0003.79,ne_ndot_0003.79,0003.79,TEMPORARY TRAFFIC SIGNAL,EACH,EACH,07,422.00,current,ne_ndot_english_standard_item_list_2010,6,stditeme06252010.pdf#page=6;item=0003.79
ne_ndot_catalog_0003.81,ne_ndot_0003.81,0003.81,RELOCATE TEMPORARY TRAFFIC SIGNAL,EACH,EACH,07,,current,ne_ndot_english_standard_item_list_2010,6,stditeme06252010.pdf#page=6;item=0003.81
ne_ndot_catalog_0003.95,ne_ndot_0003.95,0003.95,TOWING,HOUR,HOUR,07,,current,ne_ndot_english_standard_item_list_2010,6,stditeme06252010.pdf#page=6;item=0003.95
ne_ndot_catalog_0005.00,ne_ndot_0005.00,0005.00,TRAFFIC CONTROL,EACH,EACH,07,,current,ne_ndot_english_standard_item_list_2010,6,stditeme06252010.pdf#page=6;item=0005.00
ne_ndot_catalog_0005.02,ne_ndot_0005.02,0005.02,TRAFFIC CONTROL,DAY,DAY,07,,current,ne_ndot_english_standard_item_list_2010,6,stditeme06252010.pdf#page=6;item=0005.02
ne_ndot_catalog_0005.10,ne_ndot_0005.10,0005.10,TRAFFIC CONTROL MANAGEMENT,DAY,DAY,07,,current,ne_ndot_english_standard_item_list_2010,6,stditeme06252010.pdf#page=6;item=0005.10
ne_ndot_catalog_0005.50,ne_ndot_0005.50,0005.50,TRAFFIC CONTROL MANAGEMENT ASSESSMENT,EACH,EACH,07,,current,ne_ndot_english_standard_item_list_2010,6,stditeme06252010.pdf#page=6;item=0005.50
ne_ndot_catalog_0005.90,ne_ndot_0005.90,0005.90,SANDBLASTING,LIN FT,LF,07,,current,ne_ndot_english_standard_item_list_2010,6,stditeme06252010.pdf#page=6;item=0005.90
ne_ndot_catalog_0006.00,ne_ndot_0006.00,0006.00,INCENTIVE - HEAD-TO-HEAD DAY,DAY,DAY,07,,current,ne_ndot_english_standard_item_list_2010,6,stditeme06252010.pdf#page=6;item=0006.00
ne_ndot_catalog_0006.02,ne_ndot_0006.02,0006.02,DISINCENTIVE - HEAD-TO-HEAD DAY,DAY,DAY,07,,current,ne_ndot_english_standard_item_list_2010,6,stditeme06252010.pdf#page=6;item=0006.02
ne_ndot_catalog_0006.04,ne_ndot_0006.04,0006.04,LANE CLOSURE,EACH,EACH,07,,current,ne_ndot_english_standard_item_list_2010,6,stditeme06252010.pdf#page=6;item=0006.04
ne_ndot_catalog_0006.06,ne_ndot_0006.06,0006.06,INSTALL LANE CLOSURE,EACH,EACH,07,,current,ne_ndot_english_standard_item_list_2010,6,stditeme06252010.pdf#page=6;item=0006.06
ne_ndot_catalog_0006.08,ne_ndot_0006.08,0006.08,REMOVE LANE CLOSURE,EACH,EACH,07,,current,ne_ndot_english_standard_item_list_2010,6,stditeme06252010.pdf#page=6;item=0006.08
ne_ndot_catalog_0006.09,ne_ndot_0006.09,0006.09,INSTALLATION OF LANE CLOSURE,EACH,EACH,07,,current,ne_ndot_english_standard_item_list_2010,6,stditeme06252010.pdf#page=6;item=0006.09
ne_ndot_catalog_0006.10,ne_ndot_0006.10,0006.10,LANE CLOSURE,DAY,DAY,07,,current,ne_ndot_english_standard_item_list_2010,7,stditeme06252010.pdf#page=7;item=0006.10
ne_ndot_catalog_0006.11,ne_ndot_0006.11,0006.11,LANE CLOSURE SHIFT,EACH,EACH,07,,current,ne_ndot_english_standard_item_list_2010,7,stditeme06252010.pdf#page=7;item=0006.11
ne_ndot_catalog_0006.12,ne_ndot_0006.12,0006.12,TEMPORARY CLOSURE,DAY,DAY,07,,current,ne_ndot_english_standard_item_list_2010,7,stditeme06252010.pdf#page=7;item=0006.12
ne_ndot_catalog_0006.15,ne_ndot_0006.15,0006.15,HAUL,LIN FT,LF,07,,current,ne_ndot_english_standard_item_list_2010,7,stditeme06252010.pdf#page=7;item=0006.15
ne_ndot_catalog_0006.25,ne_ndot_0006.25,0006.25,STEEL COST ADJUSTMENT,LUMP SUM,LS,07,,current,ne_ndot_english_standard_item_list_2010,7,stditeme06252010.pdf#page=7;item=0006.25
ne_ndot_catalog_0007.00,ne_ndot_0007.00,0007.00,BONUS,LUMP SUM,LS,07,,current,ne_ndot_english_standard_item_list_2010,7,stditeme06252010.pdf#page=7;item=0007.00
ne_ndot_catalog_0007.10,ne_ndot_0007.10,0007.10,24 HOUR EMERGENCY MANAGEMENT,DAY,DAY,07,,current,ne_ndot_english_standard_item_list_2010,7,stditeme06252010.pdf#page=7;item=0007.10
ne_ndot_catalog_0009.00,ne_ndot_0009.00,0009.00,PERMANENT BARRICADE,EACH,EACH,07,,current,ne_ndot_english_standard_item_list_2010,7,stditeme06252010.pdf#page=7;item=0009.00
ne_ndot_catalog_0010.04,ne_ndot_0010.04,0010.04,FIELD OFFICE,EACH,EACH,07,901.00,current,ne_ndot_english_standard_item_list_2010,7,stditeme06252010.pdf#page=7;item=0010.04
ne_ndot_catalog_0020.00,ne_ndot_0020.00,0020.00,TRAINING,HOUR,HOUR,07,,current,ne_ndot_english_standard_item_list_2010,7,stditeme06252010.pdf#page=7;item=0020.00
ne_ndot_catalog_0024.00,ne_ndot_0024.00,0024.00,TRIBAL EMPLOYMENT RIGHTS OFFICE (TERO) TAX,LUMP SUM,LS,07,,current,ne_ndot_english_standard_item_list_2010,7,stditeme06252010.pdf#page=7;item=0024.00
ne_ndot_catalog_0024.02,ne_ndot_0024.02,0024.02,TAX,LUMP SUM,LS,07,,current,ne_ndot_english_standard_item_list_2010,7,stditeme06252010.pdf#page=7;item=0024.02
ne_ndot_catalog_0024.05,ne_ndot_0024.05,0024.05,CONSTRUCTION TAX,LUMP SUM,LS,07,,current,ne_ndot_english_standard_item_list_2010,7,stditeme06252010.pdf#page=7;item=0024.05
ne_ndot_catalog_0025.00,ne_ndot_0025.00,0025.00,PARTNERING WORKSHOP,EACH,EACH,07,,current,ne_ndot_english_standard_item_list_2010,7,stditeme06252010.pdf#page=7;item=0025.00
ne_ndot_catalog_0025.01,ne_ndot_0025.01,0025.01,PARTNERING WORKSHOP,LUMP SUM,LS,07,,current,ne_ndot_english_standard_item_list_2010,7,stditeme06252010.pdf#page=7;item=0025.01
ne_ndot_catalog_0025.05,ne_ndot_0025.05,0025.05,EEO/AA REPORTING,LUMP SUM,LS,07,,current,ne_ndot_english_standard_item_list_2010,7,stditeme06252010.pdf#page=7;item=0025.05
ne_ndot_catalog_0025.10,ne_ndot_0025.10,0025.10,VALUE ENGINEERING ADJUSTMENT,LUMP SUM,LS,07,,current,ne_ndot_english_standard_item_list_2010,7,stditeme06252010.pdf#page=7;item=0025.10
ne_ndot_catalog_0025.11,ne_ndot_0025.11,0025.11,VALUE ENGINEERING ADJUSTMENT,SQ YD,SY,07,,current,ne_ndot_english_standard_item_list_2010,7,stditeme06252010.pdf#page=7;item=0025.11
ne_ndot_catalog_0025.12,ne_ndot_0025.12,0025.12,VALUE ENGINEERING ADJUSTMENT,ACRE,ACRE,07,,current,ne_ndot_english_standard_item_list_2010,7,stditeme06252010.pdf#page=7;item=0025.12
ne_ndot_catalog_0025.25,ne_ndot_0025.25,0025.25,ENGINEERING COSTS,LUMP SUM,LS,07,,current,ne_ndot_english_standard_item_list_2010,8,stditeme06252010.pdf#page=8;item=0025.25
ne_ndot_catalog_0030.00,ne_ndot_0030.00,0030.00,MOBILIZATION,LUMP SUM,LS,07,112.00,current,ne_ndot_english_standard_item_list_2010,8,stditeme06252010.pdf#page=8;item=0030.00
ne_ndot_catalog_0030.01,ne_ndot_0030.01,0030.01,ADDITIONAL MOBILIZATION,LUMP SUM,LS,07,,current,ne_ndot_english_standard_item_list_2010,8,stditeme06252010.pdf#page=8;item=0030.01
ne_ndot_catalog_0030.02,ne_ndot_0030.02,0030.02,REMOBILIZATION,LUMP SUM,LS,07,,current,ne_ndot_english_standard_item_list_2010,8,stditeme06252010.pdf#page=8;item=0030.02
ne_ndot_catalog_0030.10,ne_ndot_0030.10,0030.10,MOBILIZATION,LUMP SUM,LS,07,112.00,current,ne_ndot_english_standard_item_list_2010,8,stditeme06252010.pdf#page=8;item=0030.10
ne_ndot_catalog_0030.20,ne_ndot_0030.20,0030.20,MOBILIZATION,LUMP SUM,LS,07,112.00,current,ne_ndot_english_standard_item_list_2010,8,stditeme06252010.pdf#page=8;item=0030.20
ne_ndot_catalog_0030.30,ne_ndot_0030.30,0030.30,MOBILIZATION,LUMP SUM,LS,07,112.00,current,ne_ndot_english_standard_item_list_2010,8,stditeme06252010.pdf#page=8;item=0030.30
ne_ndot_catalog_0030.40,ne_ndot_0030.40,0030.40,MOBILIZATION,LUMP SUM,LS,07,112.00,current,ne_ndot_english_standard_item_list_2010,8,stditeme06252010.pdf#page=8;item=0030.40
ne_ndot_catalog_0030.50,ne_ndot_0030.50,0030.50,MOBILIZATION,LUMP SUM,LS,07,112.00,current,ne_ndot_english_standard_item_list_2010,8,stditeme06252010.pdf#page=8;item=0030.50
ne_ndot_catalog_0030.51,ne_ndot_0030.51,0030.51,MOBILIZATION,LUMP SUM,LS,07,112.00,current,ne_ndot_english_standard_item_list_2010,8,stditeme06252010.pdf#page=8;item=0030.51
ne_ndot_catalog_0030.60,ne_ndot_0030.60,0030.60,MOBILIZATION,LUMP SUM,LS,07,112.00,current,ne_ndot_english_standard_item_list_2010,8,stditeme06252010.pdf#page=8;item=0030.60
ne_ndot_catalog_0030.70,ne_ndot_0030.70,0030.70,MOBILIZATION,LUMP SUM,LS,07,112.00,current,ne_ndot_english_standard_item_list_2010,8,stditeme06252010.pdf#page=8;item=0030.70
ne_ndot_catalog_0030.71,ne_ndot_0030.71,0030.71,MOBILIZATION,LUMP SUM,LS,07,112.00,current,ne_ndot_english_standard_item_list_2010,8,stditeme06252010.pdf#page=8;item=0030.71
ne_ndot_catalog_0030.80,ne_ndot_0030.80,0030.80,MOBILIZATION,LUMP SUM,LS,07,112.00,current,ne_ndot_english_standard_item_list_2010,8,stditeme06252010.pdf#page=8;item=0030.80
ne_ndot_catalog_0030.81,ne_ndot_0030.81,0030.81,MOBILIZATION,LUMP SUM,LS,07,112.00,current,ne_ndot_english_standard_item_list_2010,8,stditeme06252010.pdf#page=8;item=0030.81
ne_ndot_catalog_0030.82,ne_ndot_0030.82,0030.82,MOBILIZATION,LUMP SUM,LS,07,112.00,current,ne_ndot_english_standard_item_list_2010,8,stditeme06252010.pdf#page=8;item=0030.82
ne_ndot_catalog_0030.83,ne_ndot_0030.83,0030.83,MOBILIZATION,LUMP SUM,LS,07,112.00,current,ne_ndot_english_standard_item_list_2010,8,stditeme06252010.pdf#page=8;item=0030.83
ne_ndot_catalog_0030.84,ne_ndot_0030.84,0030.84,MOBILIZATION,LUMP SUM,LS,07,112.00,current,ne_ndot_english_standard_item_list_2010,8,stditeme06252010.pdf#page=8;item=0030.84
ne_ndot_catalog_0030.90,ne_ndot_0030.90,0030.90,MOBILIZATION,LUMP SUM,LS,07,112.00,current,ne_ndot_english_standard_item_list_2010,8,stditeme06252010.pdf#page=8;item=0030.90
ne_ndot_catalog_0031.10,ne_ndot_0031.10,0031.10,FORCE ACCOUNT - EQUIPMENT,EACH,EACH,07,,current,ne_ndot_english_standard_item_list_2010,9,stditeme06252010.pdf#page=9;item=0031.10
ne_ndot_catalog_0031.11,ne_ndot_0031.11,0031.11,FORCE ACCOUNT - LABOR,EACH,EACH,07,,current,ne_ndot_english_standard_item_list_2010,9,stditeme06252010.pdf#page=9;item=0031.11
ne_ndot_catalog_0031.12,ne_ndot_0031.12,0031.12,FORCE ACCOUNT - MATERIALS,EACH,EACH,07,,current,ne_ndot_english_standard_item_list_2010,9,stditeme06252010.pdf#page=9;item=0031.12
ne_ndot_catalog_0031.13,ne_ndot_0031.13,0031.13,FORCE ACCOUNT - OTHER ADJUSTMENT,EACH,EACH,07,,current,ne_ndot_english_standard_item_list_2010,9,stditeme06252010.pdf#page=9;item=0031.13
ne_ndot_catalog_0090.00,ne_ndot_0090.00,0090.00,COOPERATION IN RESEARCH WORK,LUMP SUM,LS,07,,current,ne_ndot_english_standard_item_list_2010,9,stditeme06252010.pdf#page=9;item=0090.00
ne_ndot_catalog_0095.00,ne_ndot_0095.00,0095.00,ADDITIONAL FREIGHT,LUMP SUM,LS,07,,current,ne_ndot_english_standard_item_list_2010,9,stditeme06252010.pdf#page=9;item=0095.00
ne_ndot_catalog_0095.05,ne_ndot_0095.05,0095.05,ADDITIONAL FREIGHT,TON,TON,07,,current,ne_ndot_english_standard_item_list_2010,9,stditeme06252010.pdf#page=9;item=0095.05
ne_ndot_catalog_0095.10,ne_ndot_0095.10,0095.10,TROUBLESHOOTING,HOUR,HOUR,07,,current,ne_ndot_english_standard_item_list_2010,9,stditeme06252010.pdf#page=9;item=0095.10
ne_ndot_catalog_0096.00,ne_ndot_0096.00,0096.00,DEDUCTION,LUMP SUM,LS,07,,current,ne_ndot_english_standard_item_list_2010,9,stditeme06252010.pdf#page=9;item=0096.00
ne_ndot_catalog_0096.05,ne_ndot_0096.05,0096.05,DEDUCTION,HOUR,HOUR,07,,current,ne_ndot_english_standard_item_list_2010,9,stditeme06252010.pdf#page=9;item=0096.05
ne_ndot_catalog_0096.06,ne_ndot_0096.06,0096.06,DEDUCTION,DAY,DAY,07,,current,ne_ndot_english_standard_item_list_2010,9,stditeme06252010.pdf#page=9;item=0096.06
ne_ndot_catalog_0096.07,ne_ndot_0096.07,0096.07,DEDUCTION,EACH,EACH,07,,current,ne_ndot_english_standard_item_list_2010,9,stditeme06252010.pdf#page=9;item=0096.07
ne_ndot_catalog_0096.10,ne_ndot_0096.10,0096.10,DEDUCTION,TON,TON,07,,current,ne_ndot_english_standard_item_list_2010,9,stditeme06252010.pdf#page=9;item=0096.10
ne_ndot_catalog_0096.11,ne_ndot_0096.11,0096.11,DEDUCTION FOR STATE FURNISHED BORROW,CU YD,CY,07,,current,ne_ndot_english_standard_item_list_2010,9,stditeme06252010.pdf#page=9;item=0096.11
ne_ndot_catalog_0096.15,ne_ndot_0096.15,0096.15,DELAY,LUMP SUM,LS,07,,current,ne_ndot_english_standard_item_list_2010,9,stditeme06252010.pdf#page=9;item=0096.15
ne_ndot_catalog_0096.20,ne_ndot_0096.20,0096.20,MOBILIZATION,HOUR,HOUR,07,,current,ne_ndot_english_standard_item_list_2010,9,stditeme06252010.pdf#page=9;item=0096.20
ne_ndot_catalog_0096.21,ne_ndot_0096.21,0096.21,MOBILIZATION,EACH,EACH,07,,current,ne_ndot_english_standard_item_list_2010,9,stditeme06252010.pdf#page=9;item=0096.21
ne_ndot_catalog_0097.00,ne_ndot_0097.00,0097.00,GENERAL AND ADMINISTRATIVE EXPENSES,LUMP SUM,LS,07,,current,ne_ndot_english_standard_item_list_2010,9,stditeme06252010.pdf#page=9;item=0097.00
ne_ndot_catalog_0097.10,ne_ndot_0097.10,0097.10,RAILROAD PROTECTIVE POLICY,LUMP SUM,LS,07,,current,ne_ndot_english_standard_item_list_2010,9,stditeme06252010.pdf#page=9;item=0097.10
ne_ndot_catalog_0099.00,ne_ndot_0099.00,0099.00,GENERIC ITEM,EACH,EACH,07,,current,ne_ndot_english_standard_item_list_2010,10,stditeme06252010.pdf#page=10;item=0099.00
ne_ndot_catalog_0099.09,ne_ndot_0099.09,0099.09,MATERIALS DIVISION USE ONLY,EACH,EACH,07,,current,ne_ndot_english_standard_item_list_2010,10,stditeme06252010.pdf#page=10;item=0099.09
ne_ndot_catalog_1000.00,ne_ndot_1000.00,1000.00,LARGE TREE REMOVAL,EACH,EACH,07,202.00,current,ne_ndot_english_standard_item_list_2010,10,stditeme06252010.pdf#page=10;item=1000.00
ne_ndot_catalog_1009.00,ne_ndot_1009.00,1009.00,GENERAL CLEARING AND GRUBBING,LUMP SUM,LS,07,202.00,current,ne_ndot_english_standard_item_list_2010,10,stditeme06252010.pdf#page=10;item=1009.00
ne_ndot_catalog_1009.01,ne_ndot_1009.01,1009.01,GENERAL CLEARING AND GRUBBING,LUMP SUM,LS,07,202.00,current,ne_ndot_english_standard_item_list_2010,10,stditeme06252010.pdf#page=10;item=1009.01
ne_ndot_catalog_1009.98,ne_ndot_1009.98,1009.98,EXCAVATION (ESTABLISHED QUANTITY),LUMP SUM,LS,07,,current,ne_ndot_english_standard_item_list_2010,10,stditeme06252010.pdf#page=10;item=1009.98
ne_ndot_catalog_1009.99,ne_ndot_1009.99,1009.99,EXCAVATION,LUMP SUM,LS,07,,current,ne_ndot_english_standard_item_list_2010,10,stditeme06252010.pdf#page=10;item=1009.99
ne_ndot_catalog_1010.00,ne_ndot_1010.00,1010.00,EXCAVATION,CU YD,CY,07,205.00,current,ne_ndot_english_standard_item_list_2010,10,stditeme06252010.pdf#page=10;item=1010.00
ne_ndot_catalog_1010.01,ne_ndot_1010.01,1010.01,EXCAVATION (ESTABLISHED QUANTITY),CU YD,CY,07,205.00,current,ne_ndot_english_standard_item_list_2010,10,stditeme06252010.pdf#page=10;item=1010.01
ne_ndot_catalog_1010.02,ne_ndot_1010.02,1010.02,MUCK EXCAVATION,CU YD,CY,07,,current,ne_ndot_english_standard_item_list_2010,10,stditeme06252010.pdf#page=10;item=1010.02
ne_ndot_catalog_1010.04,ne_ndot_1010.04,1010.04,CHANNEL EXCAVATION,CU YD,CY,07,,current,ne_ndot_english_standard_item_list_2010,10,stditeme06252010.pdf#page=10;item=1010.04
ne_ndot_catalog_1010.05,ne_ndot_1010.05,1010.05,SPECIAL EXCAVATION,CU YD,CY,07,,current,ne_ndot_english_standard_item_list_2010,10,stditeme06252010.pdf#page=10;item=1010.05
ne_ndot_catalog_1010.06,ne_ndot_1010.06,1010.06,SPECIAL EXCAVATION,LUMP SUM,LS,07,,current,ne_ndot_english_standard_item_list_2010,10,stditeme06252010.pdf#page=10;item=1010.06
ne_ndot_catalog_1010.09,ne_ndot_1010.09,1010.09,SPECIAL EXCAVATION,LUMP SUM,LS,07,,current,ne_ndot_english_standard_item_list_2010,10,stditeme06252010.pdf#page=10;item=1010.09
ne_ndot_catalog_1010.10,ne_ndot_1010.10,1010.10,"EXCAVATION, BORROW",CU YD,CY,07,205.00,current,ne_ndot_english_standard_item_list_2010,10,stditeme06252010.pdf#page=10;item=1010.10
ne_ndot_catalog_1010.12,ne_ndot_1010.12,1010.12,"EXCAVATION, BORROW (EQ)",CU YD,CY,07,205.00,current,ne_ndot_english_standard_item_list_2010,10,stditeme06252010.pdf#page=10;item=1010.12
ne_ndot_catalog_1010.14,ne_ndot_1010.14,1010.14,ADDITIONAL COST,CU YD,CY,07,,current,ne_ndot_english_standard_item_list_2010,10,stditeme06252010.pdf#page=10;item=1010.14
ne_ndot_catalog_1010.16,ne_ndot_1010.16,1010.16,ADDITIONAL EXCAVATION,CU YD,CY,07,,current,ne_ndot_english_standard_item_list_2010,10,stditeme06252010.pdf#page=10;item=1010.16
ne_ndot_catalog_1010.25,ne_ndot_1010.25,1010.25,TRENCH EXCAVATION (E.Q.),CU YD,CY,07,,current,ne_ndot_english_standard_item_list_2010,10,stditeme06252010.pdf#page=10;item=1010.25
ne_ndot_catalog_1010.26,ne_ndot_1010.26,1010.26,EXCAVATION FOR MSE WALL,CU YD,CY,07,,current,ne_ndot_english_standard_item_list_2010,11,stditeme06252010.pdf#page=11;item=1010.26
ne_ndot_catalog_1010.27,ne_ndot_1010.27,1010.27,EXCAVATION FOR RETAINING WALL,CU YD,CY,07,,current,ne_ndot_english_standard_item_list_2010,11,stditeme06252010.pdf#page=11;item=1010.27
ne_ndot_catalog_1010.30,ne_ndot_1010.30,1010.30,REMOVAL,CU YD,CY,07,,current,ne_ndot_english_standard_item_list_2010,11,stditeme06252010.pdf#page=11;item=1010.30
ne_ndot_catalog_1010.35,ne_ndot_1010.35,1010.35,RUBBLE EXCAVATION,CU YD,CY,07,,current,ne_ndot_english_standard_item_list_2010,11,stditeme06252010.pdf#page=11;item=1010.35
ne_ndot_catalog_1010.40,ne_ndot_1010.40,1010.40,REMOVAL AND REPLACEMENT OF UNSUITABLE MATERIAL,CU YD,CY,07,,current,ne_ndot_english_standard_item_list_2010,11,stditeme06252010.pdf#page=11;item=1010.40
ne_ndot_catalog_1010.42,ne_ndot_1010.42,1010.42,REPLACEMENT OF UNSUITABLE MATERIAL,CU YD,CY,07,,current,ne_ndot_english_standard_item_list_2010,11,stditeme06252010.pdf#page=11;item=1010.42
ne_ndot_catalog_1010.45,ne_ndot_1010.45,1010.45,REMOVAL OF LIVESTOCK WASTE,M GAL,MGAL,07,,current,ne_ndot_english_standard_item_list_2010,11,stditeme06252010.pdf#page=11;item=1010.45
ne_ndot_catalog_1010.46,ne_ndot_1010.46,1010.46,REMOVAL OF UNSUITABLY WET SOIL,CU YD,CY,07,205.00,current,ne_ndot_english_standard_item_list_2010,11,stditeme06252010.pdf#page=11;item=1010.46
ne_ndot_catalog_1010.47,ne_ndot_1010.47,1010.47,CONTAINERIZED MATERIAL DISPOSAL,CU YD,CY,07,,current,ne_ndot_english_standard_item_list_2010,11,stditeme06252010.pdf#page=11;item=1010.47
ne_ndot_catalog_1010.50,ne_ndot_1010.50,1010.50,REMOVAL OF UNSUITABLE MATERIAL,CU YD,CY,07,,current,ne_ndot_english_standard_item_list_2010,11,stditeme06252010.pdf#page=11;item=1010.50
ne_ndot_catalog_1010.53,ne_ndot_1010.53,1010.53,REMOVAL OF UNSIUTABLE MATERIAL,TON,TON,07,,current,ne_ndot_english_standard_item_list_2010,11,stditeme06252010.pdf#page=11;item=1010.53
ne_ndot_catalog_1010.62,ne_ndot_1010.62,1010.62,BACKFILL MATERIAL,CU YD,CY,07,,current,ne_ndot_english_standard_item_list_2010,11,stditeme06252010.pdf#page=11;item=1010.62
ne_ndot_catalog_1010.66,ne_ndot_1010.66,1010.66,PERMEABLE SOIL,CU YD,CY,07,,current,ne_ndot_english_standard_item_list_2010,11,stditeme06252010.pdf#page=11;item=1010.66
ne_ndot_catalog_1010.70,ne_ndot_1010.70,1010.70,NON-ENGINEERED FILL REMOVAL,CU YD,CY,07,,current,ne_ndot_english_standard_item_list_2010,11,stditeme06252010.pdf#page=11;item=1010.70
ne_ndot_catalog_1010.90,ne_ndot_1010.90,1010.90,HAULING DIRT,CU YD,CY,07,,current,ne_ndot_english_standard_item_list_2010,11,stditeme06252010.pdf#page=11;item=1010.90
ne_ndot_catalog_1010.97,ne_ndot_1010.97,1010.97,REGRADE,EACH,EACH,07,,current,ne_ndot_english_standard_item_list_2010,11,stditeme06252010.pdf#page=11;item=1010.97
ne_ndot_catalog_1011.00,ne_ndot_1011.00,1011.00,WATER,M GAL,MGAL,07,205.00,current,ne_ndot_english_standard_item_list_2010,11,stditeme06252010.pdf#page=11;item=1011.00
ne_ndot_catalog_1011.02,ne_ndot_1011.02,1011.02,WATER FOR DUST CONTROL,M GAL,MGAL,07,,current,ne_ndot_english_standard_item_list_2010,11,stditeme06252010.pdf#page=11;item=1011.02
ne_ndot_catalog_1011.50,ne_ndot_1011.50,1011.50,DISCING,HOUR,HOUR,07,205.00,current,ne_ndot_english_standard_item_list_2010,11,stditeme06252010.pdf#page=11;item=1011.50
ne_ndot_catalog_1012.00,ne_ndot_1012.00,1012.00,RIGHT-OF-WAY MARKERS,EACH,EACH,07,913.00,current,ne_ndot_english_standard_item_list_2010,12,stditeme06252010.pdf#page=12;item=1012.00
ne_ndot_catalog_1013.00,ne_ndot_1013.00,1013.00,RESET RIGHT-OF-WAY MARKERS,EACH,EACH,07,913.00,current,ne_ndot_english_standard_item_list_2010,12,stditeme06252010.pdf#page=12;item=1013.00
ne_ndot_catalog_1014.00,ne_ndot_1014.00,1014.00,INSTALL RIGHT-OF-WAY MARKERS,EACH,EACH,07,,current,ne_ndot_english_standard_item_list_2010,12,stditeme06252010.pdf#page=12;item=1014.00
ne_ndot_catalog_1015.00,ne_ndot_1015.00,1015.00,REMOVE RIGHT-OF-WAY MARKERS,EACH,EACH,07,203.00,current,ne_ndot_english_standard_item_list_2010,12,stditeme06252010.pdf#page=12;item=1015.00
ne_ndot_catalog_1016.00,ne_ndot_1016.00,1016.00,RE-ESTABLISH PROPERTY CORNER,EACH,EACH,07,,current,ne_ndot_english_standard_item_list_2010,12,stditeme06252010.pdf#page=12;item=1016.00
ne_ndot_catalog_1016.01,ne_ndot_1016.01,1016.01,ESTABLISH PROPERTY CORNER,EACH,EACH,07,,current,ne_ndot_english_standard_item_list_2010,12,stditeme06252010.pdf#page=12;item=1016.01
ne_ndot_catalog_1017.00,ne_ndot_1017.00,1017.00,CONSTRUCTION STAKING AND SURVEYING,LUMP SUM,LS,07,114.00,current,ne_ndot_english_standard_item_list_2010,12,stditeme06252010.pdf#page=12;item=1017.00
ne_ndot_catalog_1017.10,ne_ndot_1017.10,1017.10,ADDITIONAL SURVEYING,HOUR,HOUR,07,114.00,current,ne_ndot_english_standard_item_list_2010,12,stditeme06252010.pdf#page=12;item=1017.10
ne_ndot_catalog_1017.12,ne_ndot_1017.12,1017.12,CONSTRUCTION STAKING AND SURVEYING,HOUR,HOUR,07,,current,ne_ndot_english_standard_item_list_2010,12,stditeme06252010.pdf#page=12;item=1017.12
ne_ndot_catalog_1017.50,ne_ndot_1017.50,1017.50,CONSTRUCTION STAKING AND SURVEYING,LUMP SUM,LS,07,114.00,current,ne_ndot_english_standard_item_list_2010,12,stditeme06252010.pdf#page=12;item=1017.50
ne_ndot_catalog_1018.00,ne_ndot_1018.00,1018.00,PRECONSTRUCTION SURVEY,LUMP SUM,LS,07,,current,ne_ndot_english_standard_item_list_2010,12,stditeme06252010.pdf#page=12;item=1018.00
ne_ndot_catalog_1020.01,ne_ndot_1020.01,1020.01,"DELINEATOR, TYPE I",EACH,EACH,07,420.00,current,ne_ndot_english_standard_item_list_2010,12,stditeme06252010.pdf#page=12;item=1020.01
ne_ndot_catalog_1020.02,ne_ndot_1020.02,1020.02,"DELINEATOR, TYPE II",EACH,EACH,07,420.00,current,ne_ndot_english_standard_item_list_2010,12,stditeme06252010.pdf#page=12;item=1020.02
ne_ndot_catalog_1020.03,ne_ndot_1020.03,1020.03,"DELINEATOR, TYPE III",EACH,EACH,07,420.00,current,ne_ndot_english_standard_item_list_2010,12,stditeme06252010.pdf#page=12;item=1020.03
ne_ndot_catalog_1020.06,ne_ndot_1020.06,1020.06,FLEXIBLE POST DELINEATOR,EACH,EACH,07,420.00,current,ne_ndot_english_standard_item_list_2010,12,stditeme06252010.pdf#page=12;item=1020.06
ne_ndot_catalog_1020.15,ne_ndot_1020.15,1020.15,MEDIAN CHAIN DELINEATOR,LIN FT,LF,07,,current,ne_ndot_english_standard_item_list_2010,12,stditeme06252010.pdf#page=12;item=1020.15
ne_ndot_catalog_1020.20,ne_ndot_1020.20,1020.20,INSTALL CHEVRONS,EACH,EACH,07,420.02,current,ne_ndot_english_standard_item_list_2010,12,stditeme06252010.pdf#page=12;item=1020.20
ne_ndot_catalog_1020.21,ne_ndot_1020.21,1020.21,REMOVE & RESET CHEVRONS,EACH,EACH,07,,current,ne_ndot_english_standard_item_list_2010,12,stditeme06252010.pdf#page=12;item=1020.21
ne_ndot_catalog_1020.90,ne_ndot_1020.90,1020.90,REMOVE AND RESET FLAGPOLE,EACH,EACH,07,,current,ne_ndot_english_standard_item_list_2010,12,stditeme06252010.pdf#page=12;item=1020.90
ne_ndot_catalog_1021.00,ne_ndot_1021.00,1021.00,REMOVE AND RESET DELINEATORS,EACH,EACH,07,421.00,current,ne_ndot_english_standard_item_list_2010,13,stditeme06252010.pdf#page=13;item=1021.00
ne_ndot_catalog_1021.10,ne_ndot_1021.10,1021.10,REMOVE DELINEATOR UNITS,EACH,EACH,07,203.00,current,ne_ndot_english_standard_item_list_2010,13,stditeme06252010.pdf#page=13;item=1021.10
ne_ndot_catalog_1021.20,ne_ndot_1021.20,1021.20,REMOVE AND RESET MILEAGE POST,EACH,EACH,07,,current,ne_ndot_english_standard_item_list_2010,13,stditeme06252010.pdf#page=13;item=1021.20
ne_ndot_catalog_1021.25,ne_ndot_1021.25,1021.25,REMOVE AND RESET POST,EACH,EACH,07,,current,ne_ndot_english_standard_item_list_2010,13,stditeme06252010.pdf#page=13;item=1021.25
ne_ndot_catalog_1021.50,ne_ndot_1021.50,1021.50,INSTALL CULVERT DELINEATOR,EACH,EACH,07,,current,ne_ndot_english_standard_item_list_2010,13,stditeme06252010.pdf#page=13;item=1021.50
ne_ndot_catalog_1021.60,ne_ndot_1021.60,1021.60,"INSTALL DELINEATOR, TYPE 1",EACH,EACH,07,,current,ne_ndot_english_standard_item_list_2010,13,stditeme06252010.pdf#page=13;item=1021.60
ne_ndot_catalog_1030.00,ne_ndot_1030.00,1030.00,EARTHWORK MEASURED IN EMBANKMENT,CU YD,CY,07,205.00,current,ne_ndot_english_standard_item_list_2010,13,stditeme06252010.pdf#page=13;item=1030.00
ne_ndot_catalog_1030.02,ne_ndot_1030.02,1030.02,EMBANKMENT FOR SURCHARGE (ESTABLISHED QUANTITY),CU YD,CY,07,,current,ne_ndot_english_standard_item_list_2010,13,stditeme06252010.pdf#page=13;item=1030.02
ne_ndot_catalog_1030.04,ne_ndot_1030.04,1030.04,EMBANKMENT,LUMP SUM,LS,07,,current,ne_ndot_english_standard_item_list_2010,13,stditeme06252010.pdf#page=13;item=1030.04
ne_ndot_catalog_1030.08,ne_ndot_1030.08,1030.08,EMBANKMENT,CU YD,CY,07,,current,ne_ndot_english_standard_item_list_2010,13,stditeme06252010.pdf#page=13;item=1030.08
ne_ndot_catalog_1030.10,ne_ndot_1030.10,1030.10,EARTHWORK MEASURED IN EMBANKMENT,CU YD,CY,07,205.00,current,ne_ndot_english_standard_item_list_2010,13,stditeme06252010.pdf#page=13;item=1030.10
ne_ndot_catalog_1030.20,ne_ndot_1030.20,1030.20,EARTHWORK MEASURED IN EMBANKMENT,CU YD,CY,07,205.00,current,ne_ndot_english_standard_item_list_2010,13,stditeme06252010.pdf#page=13;item=1030.20
ne_ndot_catalog_1030.31,ne_ndot_1030.31,1030.31,OVERHAUL,CU YD STATIO N,CU YD STATIO N,07,209.00,current,ne_ndot_english_standard_item_list_2010,13,stditeme06252010.pdf#page=13;item=1030.31
ne_ndot_catalog_1031.00,ne_ndot_1031.00,1031.00,"ROCK RIPRAP, TYPE B",TON,TON,07,905.00,current,ne_ndot_english_standard_item_list_2010,13,stditeme06252010.pdf#page=13;item=1031.00
ne_ndot_catalog_1033.00,ne_ndot_1033.00,1033.00,ROADWAY GRADING,STATION,STA,07,206.00,current,ne_ndot_english_standard_item_list_2010,13,stditeme06252010.pdf#page=13;item=1033.00
ne_ndot_catalog_1033.01,ne_ndot_1033.01,1033.01,ROADWAY GRADING,STATION,STA,07,206.00,current,ne_ndot_english_standard_item_list_2010,13,stditeme06252010.pdf#page=13;item=1033.01
ne_ndot_catalog_1040.00,ne_ndot_1040.00,1040.00,SLOPE PROTECTION,SQ YD,SY,07,810.00,current,ne_ndot_english_standard_item_list_2010,13,stditeme06252010.pdf#page=13;item=1040.00
ne_ndot_catalog_1040.05,ne_ndot_1040.05,1040.05,TEMPORARY SLOPE PROTECTION,SQ YD,SY,07,,current,ne_ndot_english_standard_item_list_2010,13,stditeme06252010.pdf#page=13;item=1040.05
ne_ndot_catalog_1040.06,ne_ndot_1040.06,1040.06,SLOPE PROTECTION MULCH,TON,TON,07,810.00,current,ne_ndot_english_standard_item_list_2010,13,stditeme06252010.pdf#page=13;item=1040.06
ne_ndot_catalog_1040.50,ne_ndot_1040.50,1040.50,STONE SLOPE PROTECTION,SQ FT,SF,07,,current,ne_ndot_english_standard_item_list_2010,14,stditeme06252010.pdf#page=14;item=1040.50
ne_ndot_catalog_1041.00,ne_ndot_1041.00,1041.00,SALVAGING AND PLACING TOPSOIL,SQ YD,SY,07,207.00,current,ne_ndot_english_standard_item_list_2010,14,stditeme06252010.pdf#page=14;item=1041.00
ne_ndot_catalog_1041.02,ne_ndot_1041.02,1041.02,SALVAGING AND PLACING TOPSOIL,SQ YD,SY,07,207.00,current,ne_ndot_english_standard_item_list_2010,14,stditeme06252010.pdf#page=14;item=1041.02
ne_ndot_catalog_1041.10,ne_ndot_1041.10,1041.10,SALVAGING AND STOCKPILING TOPSOIL,CU YD,CY,07,,current,ne_ndot_english_standard_item_list_2010,14,stditeme06252010.pdf#page=14;item=1041.10
ne_ndot_catalog_1041.20,ne_ndot_1041.20,1041.20,PLACING TOPSOIL,SQ YD,SY,07,,current,ne_ndot_english_standard_item_list_2010,14,stditeme06252010.pdf#page=14;item=1041.20
ne_ndot_catalog_1041.21,ne_ndot_1041.21,1041.21,PLACING TOPSOIL FOR RIPRAP,SQ YD,SY,07,,current,ne_ndot_english_standard_item_list_2010,14,stditeme06252010.pdf#page=14;item=1041.21
ne_ndot_catalog_1041.22,ne_ndot_1041.22,1041.22,FURNISHING AND PLACING TOPSOIL,SQ YD,SY,07,,current,ne_ndot_english_standard_item_list_2010,14,stditeme06252010.pdf#page=14;item=1041.22
ne_ndot_catalog_1041.23,ne_ndot_1041.23,1041.23,FURNISHING AND PLACING TOPSOIL,CU YD,CY,07,,current,ne_ndot_english_standard_item_list_2010,14,stditeme06252010.pdf#page=14;item=1041.23
ne_ndot_catalog_1041.90,ne_ndot_1041.90,1041.90,BENTONITE SEALANT,POUND,LB,07,,current,ne_ndot_english_standard_item_list_2010,14,stditeme06252010.pdf#page=14;item=1041.90
ne_ndot_catalog_1042.00,ne_ndot_1042.00,1042.00,SALVAGING AND PLACING HYDRIC SOIL,SQ YD,SY,07,,current,ne_ndot_english_standard_item_list_2010,14,stditeme06252010.pdf#page=14;item=1042.00
ne_ndot_catalog_1042.01,ne_ndot_1042.01,1042.01,PLACING HYDRIC SOIL,SQ YD,SY,07,,current,ne_ndot_english_standard_item_list_2010,14,stditeme06252010.pdf#page=14;item=1042.01
ne_ndot_catalog_1042.02,ne_ndot_1042.02,1042.02,RELOCATION OF WETLAND SOIL,CU YD,CY,07,,current,ne_ndot_english_standard_item_list_2010,14,stditeme06252010.pdf#page=14;item=1042.02
ne_ndot_catalog_1042.10,ne_ndot_1042.10,1042.10,SALVAGING AND STOCKPILING HYDRIC SOIL,CU YD,CY,07,,current,ne_ndot_english_standard_item_list_2010,14,stditeme06252010.pdf#page=14;item=1042.10
ne_ndot_catalog_1043.50,ne_ndot_1043.50,1043.50,RIPRAP FILTER FABRIC,SQ YD,SY,07,728.00,current,ne_ndot_english_standard_item_list_2010,14,stditeme06252010.pdf#page=14;item=1043.50
ne_ndot_catalog_1043.57,ne_ndot_1043.57,1043.57,FILTER FABRIC,SQ YD,SY,07,,current,ne_ndot_english_standard_item_list_2010,14,stditeme06252010.pdf#page=14;item=1043.57
ne_ndot_catalog_1043.58,ne_ndot_1043.58,1043.58,FILTER FABRIC,EACH,EACH,07,,current,ne_ndot_english_standard_item_list_2010,14,stditeme06252010.pdf#page=14;item=1043.58
ne_ndot_catalog_1043.60,ne_ndot_1043.60,1043.60,STABILIZATION FABRIC,SQ YD,SY,07,,current,ne_ndot_english_standard_item_list_2010,14,stditeme06252010.pdf#page=14;item=1043.60
ne_ndot_catalog_1043.61,ne_ndot_1043.61,1043.61,GEOTEXTILE FABRIC,SQ YD,SY,07,,current,ne_ndot_english_standard_item_list_2010,14,stditeme06252010.pdf#page=14;item=1043.61
ne_ndot_catalog_1043.65,ne_ndot_1043.65,1043.65,NON-WOVEN GEO-FABRIC,SQ YD,SY,07,,current,ne_ndot_english_standard_item_list_2010,14,stditeme06252010.pdf#page=14;item=1043.65
ne_ndot_catalog_1043.70,ne_ndot_1043.70,1043.70,BLANKET LINER PREPARATION,SQ YD,SY,07,,current,ne_ndot_english_standard_item_list_2010,15,stditeme06252010.pdf#page=15;item=1043.70
ne_ndot_catalog_1044.00,ne_ndot_1044.00,1044.00,DISPOSAL SITE,EACH,EACH,07,,current,ne_ndot_english_standard_item_list_2010,15,stditeme06252010.pdf#page=15;item=1044.00
ne_ndot_catalog_1044.05,ne_ndot_1044.05,1044.05,DISPOSAL SITE FEE,TON,TON,07,,current,ne_ndot_english_standard_item_list_2010,15,stditeme06252010.pdf#page=15;item=1044.05
ne_ndot_catalog_1044.10,ne_ndot_1044.10,1044.10,DISPOSAL OF HAZARDOUS WASTE,LUMP SUM,LS,07,,current,ne_ndot_english_standard_item_list_2010,15,stditeme06252010.pdf#page=15;item=1044.10
ne_ndot_catalog_1045.00,ne_ndot_1045.00,1045.00,RESTORE BORROW PIT,ACRE,ACRE,07,208.00,current,ne_ndot_english_standard_item_list_2010,15,stditeme06252010.pdf#page=15;item=1045.00
ne_ndot_catalog_1045.01,ne_ndot_1045.01,1045.01,RESTORE BORROW PIT,ACRE,ACRE,07,208.00,current,ne_ndot_english_standard_item_list_2010,15,stditeme06252010.pdf#page=15;item=1045.01
ne_ndot_catalog_1045.10,ne_ndot_1045.10,1045.10,RESTORE WASTE SITE,ACRE,ACRE,07,208.00,current,ne_ndot_english_standard_item_list_2010,15,stditeme06252010.pdf#page=15;item=1045.10
ne_ndot_catalog_1050.00,ne_ndot_1050.00,1050.00,LINEAR GRADING,MILE,MILE,07,,current,ne_ndot_english_standard_item_list_2010,15,stditeme06252010.pdf#page=15;item=1050.00
ne_ndot_catalog_1050.01,ne_ndot_1050.01,1050.01,LINEAR GRADING,STATION,STA,07,,current,ne_ndot_english_standard_item_list_2010,15,stditeme06252010.pdf#page=15;item=1050.01
ne_ndot_catalog_1060.00,ne_ndot_1060.00,1060.00,GABION STRUCTURE,EACH,EACH,07,,current,ne_ndot_english_standard_item_list_2010,15,stditeme06252010.pdf#page=15;item=1060.00
ne_ndot_catalog_1060.01,ne_ndot_1060.01,1060.01,"GABION, TYPE A",EACH,EACH,07,907.00,current,ne_ndot_english_standard_item_list_2010,15,stditeme06252010.pdf#page=15;item=1060.01
ne_ndot_catalog_1060.02,ne_ndot_1060.02,1060.02,"GABION, TYPE B",EACH,EACH,07,907.00,current,ne_ndot_english_standard_item_list_2010,15,stditeme06252010.pdf#page=15;item=1060.02
ne_ndot_catalog_1060.03,ne_ndot_1060.03,1060.03,"GABION, TYPE C",EACH,EACH,07,907.00,current,ne_ndot_english_standard_item_list_2010,15,stditeme06252010.pdf#page=15;item=1060.03
ne_ndot_catalog_1060.04,ne_ndot_1060.04,1060.04,"GABION, TYPE D",EACH,EACH,07,907.00,current,ne_ndot_english_standard_item_list_2010,15,stditeme06252010.pdf#page=15;item=1060.04
ne_ndot_catalog_1060.05,ne_ndot_1060.05,1060.05,"GABION, TYPE E",EACH,EACH,07,907.00,current,ne_ndot_english_standard_item_list_2010,15,stditeme06252010.pdf#page=15;item=1060.05
ne_ndot_catalog_1060.06,ne_ndot_1060.06,1060.06,"GABION, TYPE F",EACH,EACH,07,907.00,current,ne_ndot_english_standard_item_list_2010,15,stditeme06252010.pdf#page=15;item=1060.06
ne_ndot_catalog_1060.07,ne_ndot_1060.07,1060.07,"GABION, TYPE G",EACH,EACH,07,907.00,current,ne_ndot_english_standard_item_list_2010,15,stditeme06252010.pdf#page=15;item=1060.07
ne_ndot_catalog_1060.08,ne_ndot_1060.08,1060.08,"GABION, TYPE H",EACH,EACH,07,907.00,current,ne_ndot_english_standard_item_list_2010,15,stditeme06252010.pdf#page=15;item=1060.08
ne_ndot_catalog_1060.09,ne_ndot_1060.09,1060.09,"GABION, TYPE I",EACH,EACH,07,907.00,current,ne_ndot_english_standard_item_list_2010,15,stditeme06252010.pdf#page=15;item=1060.09
ne_ndot_catalog_1060.10,ne_ndot_1060.10,1060.10,"GABION, TYPE SI",EACH,EACH,07,907.00,current,ne_ndot_english_standard_item_list_2010,16,stditeme06252010.pdf#page=16;item=1060.10
ne_ndot_catalog_1060.11,ne_ndot_1060.11,1060.11,"GABION, TYPE U",EACH,EACH,07,907.00,current,ne_ndot_english_standard_item_list_2010,16,stditeme06252010.pdf#page=16;item=1060.11
ne_ndot_catalog_1060.12,ne_ndot_1060.12,1060.12,"GABION, TYPE",EACH,EACH,07,907.00,current,ne_ndot_english_standard_item_list_2010,16,stditeme06252010.pdf#page=16;item=1060.12
ne_ndot_catalog_1060.13,ne_ndot_1060.13,1060.13,"GABION, TYPE",EACH,EACH,07,907.00,current,ne_ndot_english_standard_item_list_2010,16,stditeme06252010.pdf#page=16;item=1060.13
ne_ndot_catalog_1060.14,ne_ndot_1060.14,1060.14,"GABION, TYPE",EACH,EACH,07,907.00,current,ne_ndot_english_standard_item_list_2010,16,stditeme06252010.pdf#page=16;item=1060.14
ne_ndot_catalog_1060.15,ne_ndot_1060.15,1060.15,"GABION, TYPE",EACH,EACH,07,907.00,current,ne_ndot_english_standard_item_list_2010,16,stditeme06252010.pdf#page=16;item=1060.15
ne_ndot_catalog_1060.16,ne_ndot_1060.16,1060.16,"GABION, TYPE",EACH,EACH,07,907.00,current,ne_ndot_english_standard_item_list_2010,16,stditeme06252010.pdf#page=16;item=1060.16
ne_ndot_catalog_1060.17,ne_ndot_1060.17,1060.17,"GABION, TYPE",EACH,EACH,07,907.00,current,ne_ndot_english_standard_item_list_2010,16,stditeme06252010.pdf#page=16;item=1060.17
ne_ndot_catalog_1060.60,ne_ndot_1060.60,1060.60,REVET MATTRESS,EACH,EACH,07,,current,ne_ndot_english_standard_item_list_2010,16,stditeme06252010.pdf#page=16;item=1060.60
ne_ndot_catalog_1060.70,ne_ndot_1060.70,1060.70,"REVET MATTRESS, TYPE A",EACH,EACH,07,907.00,current,ne_ndot_english_standard_item_list_2010,16,stditeme06252010.pdf#page=16;item=1060.70
ne_ndot_catalog_1060.98,ne_ndot_1060.98,1060.98,"REVET MATTRESS, TYPE Q",EACH,EACH,07,907.00,current,ne_ndot_english_standard_item_list_2010,16,stditeme06252010.pdf#page=16;item=1060.98
ne_ndot_catalog_1060.99,ne_ndot_1060.99,1060.99,"REVET MATTRESS, TYPE R",EACH,EACH,07,907.00,current,ne_ndot_english_standard_item_list_2010,16,stditeme06252010.pdf#page=16;item=1060.99
ne_ndot_catalog_1061.00,ne_ndot_1061.00,1061.00,"REVET MATTRESS, TYPE S",EACH,EACH,07,907.00,current,ne_ndot_english_standard_item_list_2010,16,stditeme06252010.pdf#page=16;item=1061.00
ne_ndot_catalog_1061.01,ne_ndot_1061.01,1061.01,"REVET MATTRESS, TYPE T",EACH,EACH,07,907.00,current,ne_ndot_english_standard_item_list_2010,16,stditeme06252010.pdf#page=16;item=1061.01
ne_ndot_catalog_1061.02,ne_ndot_1061.02,1061.02,"REVET MATTRESS, TYPE U",EACH,EACH,07,907.00,current,ne_ndot_english_standard_item_list_2010,16,stditeme06252010.pdf#page=16;item=1061.02
ne_ndot_catalog_1061.05,ne_ndot_1061.05,1061.05,"RENO MATTRESS, TYPE R PVC COATED",EACH,EACH,07,,current,ne_ndot_english_standard_item_list_2010,16,stditeme06252010.pdf#page=16;item=1061.05
ne_ndot_catalog_1061.06,ne_ndot_1061.06,1061.06,"RENO MATTRESS, TYPE U",EACH,EACH,07,,current,ne_ndot_english_standard_item_list_2010,16,stditeme06252010.pdf#page=16;item=1061.06
ne_ndot_catalog_1061.07,ne_ndot_1061.07,1061.07,"RENO MATTRESS, TYPE R",EACH,EACH,07,,current,ne_ndot_english_standard_item_list_2010,16,stditeme06252010.pdf#page=16;item=1061.07
ne_ndot_catalog_1080.00,ne_ndot_1080.00,1080.00,STEEL CATTLE GUARDS,EACH,EACH,07,,current,ne_ndot_english_standard_item_list_2010,16,stditeme06252010.pdf#page=16;item=1080.00
ne_ndot_catalog_1080.10,ne_ndot_1080.10,1080.10,TURTLE GUARD CROSSING,EACH,EACH,07,,current,ne_ndot_english_standard_item_list_2010,17,stditeme06252010.pdf#page=17;item=1080.10
ne_ndot_catalog_1089.95,ne_ndot_1089.95,1089.95,CAPPING EXISTING WELL,EACH,EACH,07,,current,ne_ndot_english_standard_item_list_2010,17,stditeme06252010.pdf#page=17;item=1089.95
ne_ndot_catalog_1089.97,ne_ndot_1089.97,1089.97,MODIFY,EACH,EACH,07,,current,ne_ndot_english_standard_item_list_2010,17,stditeme06252010.pdf#page=17;item=1089.97
ne_ndot_catalog_1089.99,ne_ndot_1089.99,1089.99,ABANDON WELLS,EACH,EACH,07,,current,ne_ndot_english_standard_item_list_2010,17,stditeme06252010.pdf#page=17;item=1089.99
ne_ndot_catalog_1090.00,ne_ndot_1090.00,1090.00,ABANDON WELLS,EACH,EACH,07,,current,ne_ndot_english_standard_item_list_2010,17,stditeme06252010.pdf#page=17;item=1090.00
ne_ndot_catalog_1090.01,ne_ndot_1090.01,1090.01,ABANDON MANHOLE,EACH,EACH,07,918.00,current,ne_ndot_english_standard_item_list_2010,17,stditeme06252010.pdf#page=17;item=1090.01
ne_ndot_catalog_1090.02,ne_ndot_1090.02,1090.02,ABANDON INLET,EACH,EACH,07,918.00,current,ne_ndot_english_standard_item_list_2010,17,stditeme06252010.pdf#page=17;item=1090.02
ne_ndot_catalog_1090.03,ne_ndot_1090.03,1090.03,ABANDON SEWER PIPE,LIN FT,LF,07,,current,ne_ndot_english_standard_item_list_2010,17,stditeme06252010.pdf#page=17;item=1090.03
ne_ndot_catalog_1090.04,ne_ndot_1090.04,1090.04,ABANDON WATER SERVICE,EACH,EACH,07,,current,ne_ndot_english_standard_item_list_2010,17,stditeme06252010.pdf#page=17;item=1090.04
ne_ndot_catalog_1090.10,ne_ndot_1090.10,1090.10,ABANDON TANK,EACH,EACH,07,,current,ne_ndot_english_standard_item_list_2010,17,stditeme06252010.pdf#page=17;item=1090.10
ne_ndot_catalog_1090.50,ne_ndot_1090.50,1090.50,ABANDON ELEVATOR SHAFT,EACH,EACH,07,,current,ne_ndot_english_standard_item_list_2010,17,stditeme06252010.pdf#page=17;item=1090.50
ne_ndot_catalog_1090.52,ne_ndot_1090.52,1090.52,ABANDON SUMP PIT,EACH,EACH,07,,current,ne_ndot_english_standard_item_list_2010,17,stditeme06252010.pdf#page=17;item=1090.52
ne_ndot_catalog_1100.00,ne_ndot_1100.00,1100.00,REMOVE SHEET PILE,SQ FT,SF,07,,current,ne_ndot_english_standard_item_list_2010,17,stditeme06252010.pdf#page=17;item=1100.00
ne_ndot_catalog_1101.00,ne_ndot_1101.00,1101.00,REMOVE PAVEMENT,SQ YD,SY,07,203.00,current,ne_ndot_english_standard_item_list_2010,17,stditeme06252010.pdf#page=17;item=1101.00
ne_ndot_catalog_1101.10,ne_ndot_1101.10,1101.10,REMOVE AND STOCKPILE PAVEMENT,SQ YD,SY,07,,current,ne_ndot_english_standard_item_list_2010,17,stditeme06252010.pdf#page=17;item=1101.10
ne_ndot_catalog_1101.25,ne_ndot_1101.25,1101.25,SAWING PAVEMENT,LIN FT,LF,07,203.00,current,ne_ndot_english_standard_item_list_2010,17,stditeme06252010.pdf#page=17;item=1101.25
ne_ndot_catalog_1101.50,ne_ndot_1101.50,1101.50,REMOVE BASE COURSE,SQ YD,SY,07,203.00,current,ne_ndot_english_standard_item_list_2010,17,stditeme06252010.pdf#page=17;item=1101.50
ne_ndot_catalog_1101.75,ne_ndot_1101.75,1101.75,REMOVE TEMPORARY SURFACING,SQ YD,SY,07,203.00,current,ne_ndot_english_standard_item_list_2010,17,stditeme06252010.pdf#page=17;item=1101.75
ne_ndot_catalog_1102.00,ne_ndot_1102.00,1102.00,REMOVE ASPHALT SURFACE,SQ YD,SY,07,203.00,current,ne_ndot_english_standard_item_list_2010,17,stditeme06252010.pdf#page=17;item=1102.00
ne_ndot_catalog_1102.01,ne_ndot_1102.01,1102.01,REMOVE ASPHALT SURFACE,SQ YD,SY,07,203.00,current,ne_ndot_english_standard_item_list_2010,18,stditeme06252010.pdf#page=18;item=1102.01
ne_ndot_catalog_1102.05,ne_ndot_1102.05,1102.05,REMOVE ASPHALT SURFACING FROM PAVEMENT,SQ YD,SY,07,,current,ne_ndot_english_standard_item_list_2010,18,stditeme06252010.pdf#page=18;item=1102.05
ne_ndot_catalog_1102.10,ne_ndot_1102.10,1102.10,REMOVE BITUMINOUS SURFACE COURSE,SQ YD,SY,07,203.00,current,ne_ndot_english_standard_item_list_2010,18,stditeme06252010.pdf#page=18;item=1102.10
ne_ndot_catalog_1102.90,ne_ndot_1102.90,1102.90,REMOVAL OF SURFACING MATERIAL,CU YD,CY,07,203.00,current,ne_ndot_english_standard_item_list_2010,18,stditeme06252010.pdf#page=18;item=1102.90
ne_ndot_catalog_1103.00,ne_ndot_1103.00,1103.00,REMOVE BRICK SURFACE,SQ YD,SY,07,203.00,current,ne_ndot_english_standard_item_list_2010,18,stditeme06252010.pdf#page=18;item=1103.00
ne_ndot_catalog_1103.01,ne_ndot_1103.01,1103.01,REMOVE BRICK PAVER,SQ YD,SY,07,,current,ne_ndot_english_standard_item_list_2010,18,stditeme06252010.pdf#page=18;item=1103.01
ne_ndot_catalog_1103.20,ne_ndot_1103.20,1103.20,HAULING AND STOCKPILING BRICK SURFACE,SQ YD,SY,07,,current,ne_ndot_english_standard_item_list_2010,18,stditeme06252010.pdf#page=18;item=1103.20
ne_ndot_catalog_1104.00,ne_ndot_1104.00,1104.00,REMOVE PUMP ISLAND,EACH,EACH,07,,current,ne_ndot_english_standard_item_list_2010,18,stditeme06252010.pdf#page=18;item=1104.00
ne_ndot_catalog_1105.00,ne_ndot_1105.00,1105.00,REMOVE GUTTER,SQ YD,SY,07,203.00,current,ne_ndot_english_standard_item_list_2010,18,stditeme06252010.pdf#page=18;item=1105.00
ne_ndot_catalog_1105.01,ne_ndot_1105.01,1105.01,REMOVE CONCRETE GUTTER,LIN FT,LF,07,203.00,current,ne_ndot_english_standard_item_list_2010,18,stditeme06252010.pdf#page=18;item=1105.01
ne_ndot_catalog_1106.00,ne_ndot_1106.00,1106.00,REMOVE DRIVEWAY,SQ YD,SY,07,203.00,current,ne_ndot_english_standard_item_list_2010,18,stditeme06252010.pdf#page=18;item=1106.00
ne_ndot_catalog_1107.00,ne_ndot_1107.00,1107.00,REMOVE WALK,SQ YD,SY,07,203.00,current,ne_ndot_english_standard_item_list_2010,18,stditeme06252010.pdf#page=18;item=1107.00
ne_ndot_catalog_1107.01,ne_ndot_1107.01,1107.01,REMOVE WALK,SQ YD,SY,07,203.00,current,ne_ndot_english_standard_item_list_2010,18,stditeme06252010.pdf#page=18;item=1107.01
ne_ndot_catalog_1107.02,ne_ndot_1107.02,1107.02,REMOVE BRICK WALK,SQ YD,SY,07,,current,ne_ndot_english_standard_item_list_2010,18,stditeme06252010.pdf#page=18;item=1107.02
ne_ndot_catalog_1108.00,ne_ndot_1108.00,1108.00,REMOVE COMBINATION CURB AND GUTTER,LIN FT,LF,07,203.00,current,ne_ndot_english_standard_item_list_2010,18,stditeme06252010.pdf#page=18;item=1108.00
ne_ndot_catalog_1109.00,ne_ndot_1109.00,1109.00,REMOVE CURB,LIN FT,LF,07,203.00,current,ne_ndot_english_standard_item_list_2010,18,stditeme06252010.pdf#page=18;item=1109.00
ne_ndot_catalog_1109.20,ne_ndot_1109.20,1109.20,REMOVE CONCRETE BARRIER,LIN FT,LF,07,203.00,current,ne_ndot_english_standard_item_list_2010,18,stditeme06252010.pdf#page=18;item=1109.20
ne_ndot_catalog_1110.99,ne_ndot_1110.99,1110.99,REMOVE AND SALVAGE FENCE,LIN FT,LF,07,,current,ne_ndot_english_standard_item_list_2010,18,stditeme06252010.pdf#page=18;item=1110.99
ne_ndot_catalog_1111.00,ne_ndot_1111.00,1111.00,REMOVE FENCE,LIN FT,LF,07,203.00,current,ne_ndot_english_standard_item_list_2010,18,stditeme06252010.pdf#page=18;item=1111.00
ne_ndot_catalog_1111.01,ne_ndot_1111.01,1111.01,REMOVE ORNAMENTAL IRON FENCE,LIN FT,LF,07,,current,ne_ndot_english_standard_item_list_2010,19,stditeme06252010.pdf#page=19;item=1111.01
ne_ndot_catalog_1111.05,ne_ndot_1111.05,1111.05,REMOVE SILT FENCE,LIN FT,LF,07,,current,ne_ndot_english_standard_item_list_2010,19,stditeme06252010.pdf#page=19;item=1111.05
ne_ndot_catalog_1111.10,ne_ndot_1111.10,1111.10,REMOVE BRICK WALL,LIN FT,LF,07,203.00,current,ne_ndot_english_standard_item_list_2010,19,stditeme06252010.pdf#page=19;item=1111.10
ne_ndot_catalog_1111.14,ne_ndot_1111.14,1111.14,REMOVE STONE PILLAR,EACH,EACH,07,,current,ne_ndot_english_standard_item_list_2010,19,stditeme06252010.pdf#page=19;item=1111.14
ne_ndot_catalog_1111.15,ne_ndot_1111.15,1111.15,REMOVE BRICK PILLAR,EACH,EACH,07,,current,ne_ndot_english_standard_item_list_2010,19,stditeme06252010.pdf#page=19;item=1111.15
ne_ndot_catalog_1111.16,ne_ndot_1111.16,1111.16,REMOVE PLANTER,EACH,EACH,07,,current,ne_ndot_english_standard_item_list_2010,19,stditeme06252010.pdf#page=19;item=1111.16
ne_ndot_catalog_1111.20,ne_ndot_1111.20,1111.20,REMOVE PARKING METER BASE,EACH,EACH,07,,current,ne_ndot_english_standard_item_list_2010,19,stditeme06252010.pdf#page=19;item=1111.20
ne_ndot_catalog_1112.00,ne_ndot_1112.00,1112.00,REMOVE HEADER,EACH,EACH,07,,current,ne_ndot_english_standard_item_list_2010,19,stditeme06252010.pdf#page=19;item=1112.00
ne_ndot_catalog_1113.00,ne_ndot_1113.00,1113.00,REMOVE STEP,EACH,EACH,07,203.00,current,ne_ndot_english_standard_item_list_2010,19,stditeme06252010.pdf#page=19;item=1113.00
ne_ndot_catalog_1113.01,ne_ndot_1113.01,1113.01,REMOVE STEP,LIN FT,LF,07,,current,ne_ndot_english_standard_item_list_2010,19,stditeme06252010.pdf#page=19;item=1113.01
ne_ndot_catalog_1114.00,ne_ndot_1114.00,1114.00,REMOVE RETAINING WALL,EACH,EACH,07,203.00,current,ne_ndot_english_standard_item_list_2010,19,stditeme06252010.pdf#page=19;item=1114.00
ne_ndot_catalog_1114.01,ne_ndot_1114.01,1114.01,REMOVE RETAINING WALL,EACH,EACH,07,,current,ne_ndot_english_standard_item_list_2010,19,stditeme06252010.pdf#page=19;item=1114.01
ne_ndot_catalog_1114.02,ne_ndot_1114.02,1114.02,REMOVE RETAINING WALL,EACH,EACH,07,,current,ne_ndot_english_standard_item_list_2010,19,stditeme06252010.pdf#page=19;item=1114.02
ne_ndot_catalog_1114.03,ne_ndot_1114.03,1114.03,REMOVE RETAINING WALL,EACH,EACH,07,,current,ne_ndot_english_standard_item_list_2010,19,stditeme06252010.pdf#page=19;item=1114.03
ne_ndot_catalog_1114.04,ne_ndot_1114.04,1114.04,REMOVE RETAINING WALL,EACH,EACH,07,,current,ne_ndot_english_standard_item_list_2010,19,stditeme06252010.pdf#page=19;item=1114.04
ne_ndot_catalog_1114.05,ne_ndot_1114.05,1114.05,REMOVE RETAINING WALL,EACH,EACH,07,,current,ne_ndot_english_standard_item_list_2010,19,stditeme06252010.pdf#page=19;item=1114.05
ne_ndot_catalog_1114.06,ne_ndot_1114.06,1114.06,REMOVE RETAINING WALL,EACH,EACH,07,,current,ne_ndot_english_standard_item_list_2010,19,stditeme06252010.pdf#page=19;item=1114.06
ne_ndot_catalog_1114.07,ne_ndot_1114.07,1114.07,REMOVE RETAINING WALL,EACH,EACH,07,,current,ne_ndot_english_standard_item_list_2010,19,stditeme06252010.pdf#page=19;item=1114.07
ne_ndot_catalog_1114.08,ne_ndot_1114.08,1114.08,REMOVE RETAINING WALL,EACH,EACH,07,,current,ne_ndot_english_standard_item_list_2010,19,stditeme06252010.pdf#page=19;item=1114.08
ne_ndot_catalog_1114.10,ne_ndot_1114.10,1114.10,REMOVE RETAINING WALL,LIN FT,LF,07,203.00,current,ne_ndot_english_standard_item_list_2010,20,stditeme06252010.pdf#page=20;item=1114.10
ne_ndot_catalog_1114.15,ne_ndot_1114.15,1114.15,REMOVE RAILROAD TIE WALL,LIN FT,LF,07,203.00,current,ne_ndot_english_standard_item_list_2010,20,stditeme06252010.pdf#page=20;item=1114.15
ne_ndot_catalog_1115.00,ne_ndot_1115.00,1115.00,REMOVE DITCH CHECK,EACH,EACH,07,203.00,current,ne_ndot_english_standard_item_list_2010,20,stditeme06252010.pdf#page=20;item=1115.00
ne_ndot_catalog_1116.00,ne_ndot_1116.00,1116.00,REMOVE GUARD POST,EACH,EACH,07,203.00,current,ne_ndot_english_standard_item_list_2010,20,stditeme06252010.pdf#page=20;item=1116.00
ne_ndot_catalog_1116.02,ne_ndot_1116.02,1116.02,REMOVE CABLE,LIN FT,LF,07,,current,ne_ndot_english_standard_item_list_2010,20,stditeme06252010.pdf#page=20;item=1116.02
ne_ndot_catalog_1116.10,ne_ndot_1116.10,1116.10,REMOVE POST,EACH,EACH,07,,current,ne_ndot_english_standard_item_list_2010,20,stditeme06252010.pdf#page=20;item=1116.10
ne_ndot_catalog_1116.12,ne_ndot_1116.12,1116.12,REMOVE BOLLARD,EACH,EACH,07,,current,ne_ndot_english_standard_item_list_2010,20,stditeme06252010.pdf#page=20;item=1116.12
ne_ndot_catalog_1116.15,ne_ndot_1116.15,1116.15,REMOVE BARRICADE,EACH,EACH,07,,current,ne_ndot_english_standard_item_list_2010,20,stditeme06252010.pdf#page=20;item=1116.15
ne_ndot_catalog_1117.00,ne_ndot_1117.00,1117.00,REMOVE MANHOLE,EACH,EACH,07,203.00,current,ne_ndot_english_standard_item_list_2010,20,stditeme06252010.pdf#page=20;item=1117.00
ne_ndot_catalog_1117.01,ne_ndot_1117.01,1117.01,REMOVE MANHOLE,EACH,EACH,07,203.00,current,ne_ndot_english_standard_item_list_2010,20,stditeme06252010.pdf#page=20;item=1117.01
ne_ndot_catalog_1118.00,ne_ndot_1118.00,1118.00,REMOVE CATCH BASIN,EACH,EACH,07,,current,ne_ndot_english_standard_item_list_2010,20,stditeme06252010.pdf#page=20;item=1118.00
ne_ndot_catalog_1118.25,ne_ndot_1118.25,1118.25,REMOVE SPLASH BASIN,EACH,EACH,07,203.00,current,ne_ndot_english_standard_item_list_2010,20,stditeme06252010.pdf#page=20;item=1118.25
ne_ndot_catalog_1119.00,ne_ndot_1119.00,1119.00,REMOVE INLET,EACH,EACH,07,203.00,current,ne_ndot_english_standard_item_list_2010,20,stditeme06252010.pdf#page=20;item=1119.00
ne_ndot_catalog_1119.01,ne_ndot_1119.01,1119.01,REMOVE GRATE INLET,EACH,EACH,07,203.00,current,ne_ndot_english_standard_item_list_2010,20,stditeme06252010.pdf#page=20;item=1119.01
ne_ndot_catalog_1119.05,ne_ndot_1119.05,1119.05,REMOVE AREA INLET,EACH,EACH,07,203.00,current,ne_ndot_english_standard_item_list_2010,20,stditeme06252010.pdf#page=20;item=1119.05
ne_ndot_catalog_1119.10,ne_ndot_1119.10,1119.10,REMOVE GRATE,EACH,EACH,07,,current,ne_ndot_english_standard_item_list_2010,20,stditeme06252010.pdf#page=20;item=1119.10
ne_ndot_catalog_1119.50,ne_ndot_1119.50,1119.50,REMOVE JUNCTION BOX,EACH,EACH,07,203.00,current,ne_ndot_english_standard_item_list_2010,20,stditeme06252010.pdf#page=20;item=1119.50
ne_ndot_catalog_1120.00,ne_ndot_1120.00,1120.00,REMOVE DISCHARGE STRUCTURE,EACH,EACH,07,203.00,current,ne_ndot_english_standard_item_list_2010,20,stditeme06252010.pdf#page=20;item=1120.00
ne_ndot_catalog_1121.00,ne_ndot_1121.00,1121.00,REMOVE CONCRETE FLUME,EACH,EACH,07,203.00,current,ne_ndot_english_standard_item_list_2010,20,stditeme06252010.pdf#page=20;item=1121.00
ne_ndot_catalog_1121.02,ne_ndot_1121.02,1121.02,REMOVE CONCRETE FLUME,SQ FT,SF,07,,current,ne_ndot_english_standard_item_list_2010,21,stditeme06252010.pdf#page=21;item=1121.02
ne_ndot_catalog_1121.10,ne_ndot_1121.10,1121.10,REMOVE FLUME,EACH,EACH,07,203.00,current,ne_ndot_english_standard_item_list_2010,21,stditeme06252010.pdf#page=21;item=1121.10
ne_ndot_catalog_1121.20,ne_ndot_1121.20,1121.20,REMOVE FLUME SPILLWAY,LIN FT,LF,07,,current,ne_ndot_english_standard_item_list_2010,21,stditeme06252010.pdf#page=21;item=1121.20
ne_ndot_catalog_1122.01,ne_ndot_1122.01,1122.01,REMOVE CONCRETE MEDIAN SURFACING,SQ YD,SY,07,203.00,current,ne_ndot_english_standard_item_list_2010,21,stditeme06252010.pdf#page=21;item=1122.01
ne_ndot_catalog_1122.20,ne_ndot_1122.20,1122.20,REMOVE RAISED MEDIAN,LIN FT,LF,07,,current,ne_ndot_english_standard_item_list_2010,21,stditeme06252010.pdf#page=21;item=1122.20
ne_ndot_catalog_1122.30,ne_ndot_1122.30,1122.30,REMOVE ISLAND NOSE,EACH,EACH,07,203.00,current,ne_ndot_english_standard_item_list_2010,21,stditeme06252010.pdf#page=21;item=1122.30
ne_ndot_catalog_1122.85,ne_ndot_1122.85,1122.85,REMOVE GABION,CU YD,CY,07,,current,ne_ndot_english_standard_item_list_2010,21,stditeme06252010.pdf#page=21;item=1122.85
ne_ndot_catalog_1122.87,ne_ndot_1122.87,1122.87,REMOVE GABION,EACH,EACH,07,,current,ne_ndot_english_standard_item_list_2010,21,stditeme06252010.pdf#page=21;item=1122.87
ne_ndot_catalog_1122.88,ne_ndot_1122.88,1122.88,REMOVE GABION,SQ YD,SY,07,,current,ne_ndot_english_standard_item_list_2010,21,stditeme06252010.pdf#page=21;item=1122.88
ne_ndot_catalog_1122.90,ne_ndot_1122.90,1122.90,BREAKING CONCRETE DITCH LINER,LIN FT,LF,07,,current,ne_ndot_english_standard_item_list_2010,21,stditeme06252010.pdf#page=21;item=1122.90
ne_ndot_catalog_1123.00,ne_ndot_1123.00,1123.00,REMOVE CONCRETE DITCH LINER,SQ YD,SY,07,203.00,current,ne_ndot_english_standard_item_list_2010,21,stditeme06252010.pdf#page=21;item=1123.00
ne_ndot_catalog_1123.10,ne_ndot_1123.10,1123.10,REMOVE CONCRETE IRRIGATION LATERAL,LIN FT,LF,07,203.00,current,ne_ndot_english_standard_item_list_2010,21,stditeme06252010.pdf#page=21;item=1123.10
ne_ndot_catalog_1123.26,ne_ndot_1123.26,1123.26,REMOVE CONCRETE SLOPE PROTECTION,SQ YD,SY,07,203.00,current,ne_ndot_english_standard_item_list_2010,21,stditeme06252010.pdf#page=21;item=1123.26
ne_ndot_catalog_1123.30,ne_ndot_1123.30,1123.30,REMOVE STONE SLOPE PROTECTION,SQ YD,SY,07,,current,ne_ndot_english_standard_item_list_2010,21,stditeme06252010.pdf#page=21;item=1123.30
ne_ndot_catalog_1123.50,ne_ndot_1123.50,1123.50,REMOVE CONCRETE FOUNDATION,EACH,EACH,07,203.00,current,ne_ndot_english_standard_item_list_2010,21,stditeme06252010.pdf#page=21;item=1123.50
ne_ndot_catalog_1123.55,ne_ndot_1123.55,1123.55,REMOVE FOOTING,EACH,EACH,07,,current,ne_ndot_english_standard_item_list_2010,21,stditeme06252010.pdf#page=21;item=1123.55
ne_ndot_catalog_1123.75,ne_ndot_1123.75,1123.75,REMOVE CONCRETE SIGN BASE,EACH,EACH,07,203.00,current,ne_ndot_english_standard_item_list_2010,21,stditeme06252010.pdf#page=21;item=1123.75
ne_ndot_catalog_1123.80,ne_ndot_1123.80,1123.80,REMOVE CONCRETE GUARDRAIL TERMINAL ANCHOR,EACH,EACH,07,,current,ne_ndot_english_standard_item_list_2010,21,stditeme06252010.pdf#page=21;item=1123.80
ne_ndot_catalog_1123.85,ne_ndot_1123.85,1123.85,REMOVE CONCRETE DOCK,EACH,EACH,07,,current,ne_ndot_english_standard_item_list_2010,21,stditeme06252010.pdf#page=21;item=1123.85
ne_ndot_catalog_1123.90,ne_ndot_1123.90,1123.90,REMOVE CONCRETE DOCK,SQ FT,SF,07,,current,ne_ndot_english_standard_item_list_2010,22,stditeme06252010.pdf#page=22;item=1123.90
ne_ndot_catalog_1123.95,ne_ndot_1123.95,1123.95,REMOVE SCALE,EACH,EACH,07,,current,ne_ndot_english_standard_item_list_2010,22,stditeme06252010.pdf#page=22;item=1123.95
ne_ndot_catalog_1123.96,ne_ndot_1123.96,1123.96,REMOVE SCALE,EACH,EACH,07,,current,ne_ndot_english_standard_item_list_2010,22,stditeme06252010.pdf#page=22;item=1123.96
ne_ndot_catalog_1124.00,ne_ndot_1124.00,1124.00,REMOVE BUILDING,EACH,EACH,07,203.00,current,ne_ndot_english_standard_item_list_2010,22,stditeme06252010.pdf#page=22;item=1124.00
ne_ndot_catalog_1124.01,ne_ndot_1124.01,1124.01,REMOVE BUILDING,EACH,EACH,07,203.00,current,ne_ndot_english_standard_item_list_2010,22,stditeme06252010.pdf#page=22;item=1124.01
ne_ndot_catalog_1124.02,ne_ndot_1124.02,1124.02,REMOVE BUILDING,EACH,EACH,07,203.00,current,ne_ndot_english_standard_item_list_2010,22,stditeme06252010.pdf#page=22;item=1124.02
ne_ndot_catalog_1124.03,ne_ndot_1124.03,1124.03,REMOVE BUILDING,EACH,EACH,07,203.00,current,ne_ndot_english_standard_item_list_2010,22,stditeme06252010.pdf#page=22;item=1124.03
ne_ndot_catalog_1124.04,ne_ndot_1124.04,1124.04,REMOVE BUILDING,EACH,EACH,07,203.00,current,ne_ndot_english_standard_item_list_2010,22,stditeme06252010.pdf#page=22;item=1124.04
ne_ndot_catalog_1124.05,ne_ndot_1124.05,1124.05,REMOVE BUILDING,EACH,EACH,07,203.00,current,ne_ndot_english_standard_item_list_2010,22,stditeme06252010.pdf#page=22;item=1124.05
ne_ndot_catalog_1124.06,ne_ndot_1124.06,1124.06,REMOVE BUILDING,EACH,EACH,07,203.00,current,ne_ndot_english_standard_item_list_2010,22,stditeme06252010.pdf#page=22;item=1124.06
ne_ndot_catalog_1124.07,ne_ndot_1124.07,1124.07,REMOVE BUILDING,EACH,EACH,07,203.00,current,ne_ndot_english_standard_item_list_2010,22,stditeme06252010.pdf#page=22;item=1124.07
ne_ndot_catalog_1124.08,ne_ndot_1124.08,1124.08,REMOVE BUILDING,EACH,EACH,07,203.00,current,ne_ndot_english_standard_item_list_2010,22,stditeme06252010.pdf#page=22;item=1124.08
ne_ndot_catalog_1124.09,ne_ndot_1124.09,1124.09,REMOVE BUILDING,EACH,EACH,07,203.00,current,ne_ndot_english_standard_item_list_2010,22,stditeme06252010.pdf#page=22;item=1124.09
ne_ndot_catalog_1124.10,ne_ndot_1124.10,1124.10,REMOVE BUILDING,EACH,EACH,07,203.00,current,ne_ndot_english_standard_item_list_2010,22,stditeme06252010.pdf#page=22;item=1124.10
ne_ndot_catalog_1124.11,ne_ndot_1124.11,1124.11,REMOVE BUILDING,EACH,EACH,07,203.00,current,ne_ndot_english_standard_item_list_2010,22,stditeme06252010.pdf#page=22;item=1124.11
ne_ndot_catalog_1124.12,ne_ndot_1124.12,1124.12,REMOVE BUILDING,EACH,EACH,07,203.00,current,ne_ndot_english_standard_item_list_2010,22,stditeme06252010.pdf#page=22;item=1124.12
ne_ndot_catalog_1124.13,ne_ndot_1124.13,1124.13,REMOVE BUILDING,EACH,EACH,07,203.00,current,ne_ndot_english_standard_item_list_2010,22,stditeme06252010.pdf#page=22;item=1124.13
ne_ndot_catalog_1124.14,ne_ndot_1124.14,1124.14,REMOVE BUILDING,EACH,EACH,07,203.00,current,ne_ndot_english_standard_item_list_2010,22,stditeme06252010.pdf#page=22;item=1124.14
ne_ndot_catalog_1124.15,ne_ndot_1124.15,1124.15,REMOVE BUILDING,EACH,EACH,07,203.00,current,ne_ndot_english_standard_item_list_2010,22,stditeme06252010.pdf#page=22;item=1124.15
ne_ndot_catalog_1124.16,ne_ndot_1124.16,1124.16,REMOVE BUILDING,EACH,EACH,07,203.00,current,ne_ndot_english_standard_item_list_2010,23,stditeme06252010.pdf#page=23;item=1124.16
ne_ndot_catalog_1124.17,ne_ndot_1124.17,1124.17,REMOVE BUILDING,EACH,EACH,07,203.00,current,ne_ndot_english_standard_item_list_2010,23,stditeme06252010.pdf#page=23;item=1124.17
ne_ndot_catalog_1124.18,ne_ndot_1124.18,1124.18,REMOVE BUILDING,EACH,EACH,07,203.00,current,ne_ndot_english_standard_item_list_2010,23,stditeme06252010.pdf#page=23;item=1124.18
ne_ndot_catalog_1124.19,ne_ndot_1124.19,1124.19,REMOVE BUILDING,EACH,EACH,07,203.00,current,ne_ndot_english_standard_item_list_2010,23,stditeme06252010.pdf#page=23;item=1124.19
ne_ndot_catalog_1124.20,ne_ndot_1124.20,1124.20,REMOVE BUILDING,EACH,EACH,07,203.00,current,ne_ndot_english_standard_item_list_2010,23,stditeme06252010.pdf#page=23;item=1124.20
ne_ndot_catalog_1124.21,ne_ndot_1124.21,1124.21,REMOVE BUILDING,EACH,EACH,07,203.00,current,ne_ndot_english_standard_item_list_2010,23,stditeme06252010.pdf#page=23;item=1124.21
ne_ndot_catalog_1124.22,ne_ndot_1124.22,1124.22,REMOVE BUILDING,EACH,EACH,07,203.00,current,ne_ndot_english_standard_item_list_2010,23,stditeme06252010.pdf#page=23;item=1124.22
ne_ndot_catalog_1124.23,ne_ndot_1124.23,1124.23,REMOVE BUILDING,EACH,EACH,07,203.00,current,ne_ndot_english_standard_item_list_2010,23,stditeme06252010.pdf#page=23;item=1124.23
ne_ndot_catalog_1124.24,ne_ndot_1124.24,1124.24,REMOVE BUILDING,EACH,EACH,07,203.00,current,ne_ndot_english_standard_item_list_2010,23,stditeme06252010.pdf#page=23;item=1124.24
ne_ndot_catalog_1124.25,ne_ndot_1124.25,1124.25,REMOVE BUILDING,EACH,EACH,07,203.00,current,ne_ndot_english_standard_item_list_2010,23,stditeme06252010.pdf#page=23;item=1124.25
ne_ndot_catalog_1124.26,ne_ndot_1124.26,1124.26,REMOVE BUILDING,EACH,EACH,07,203.00,current,ne_ndot_english_standard_item_list_2010,23,stditeme06252010.pdf#page=23;item=1124.26
ne_ndot_catalog_1124.27,ne_ndot_1124.27,1124.27,REMOVE BUILDING,EACH,EACH,07,203.00,current,ne_ndot_english_standard_item_list_2010,23,stditeme06252010.pdf#page=23;item=1124.27
ne_ndot_catalog_1124.28,ne_ndot_1124.28,1124.28,REMOVE BUILDING,EACH,EACH,07,203.00,current,ne_ndot_english_standard_item_list_2010,23,stditeme06252010.pdf#page=23;item=1124.28
ne_ndot_catalog_1125.00,ne_ndot_1125.00,1125.00,CLEAR TRACT,EACH,EACH,07,203.00,current,ne_ndot_english_standard_item_list_2010,23,stditeme06252010.pdf#page=23;item=1125.00
ne_ndot_catalog_1125.01,ne_ndot_1125.01,1125.01,CLEAR TRACT,EACH,EACH,07,203.00,current,ne_ndot_english_standard_item_list_2010,23,stditeme06252010.pdf#page=23;item=1125.01
ne_ndot_catalog_1125.02,ne_ndot_1125.02,1125.02,CLEAR TRACT,EACH,EACH,07,203.00,current,ne_ndot_english_standard_item_list_2010,23,stditeme06252010.pdf#page=23;item=1125.02
ne_ndot_catalog_1125.03,ne_ndot_1125.03,1125.03,CLEAR TRACT,EACH,EACH,07,203.00,current,ne_ndot_english_standard_item_list_2010,23,stditeme06252010.pdf#page=23;item=1125.03
ne_ndot_catalog_1125.04,ne_ndot_1125.04,1125.04,CLEAR TRACT,EACH,EACH,07,203.00,current,ne_ndot_english_standard_item_list_2010,23,stditeme06252010.pdf#page=23;item=1125.04
ne_ndot_catalog_1125.05,ne_ndot_1125.05,1125.05,CLEAR TRACT,EACH,EACH,07,203.00,current,ne_ndot_english_standard_item_list_2010,23,stditeme06252010.pdf#page=23;item=1125.05
ne_ndot_catalog_1125.06,ne_ndot_1125.06,1125.06,CLEAR TRACT,EACH,EACH,07,203.00,current,ne_ndot_english_standard_item_list_2010,24,stditeme06252010.pdf#page=24;item=1125.06
ne_ndot_catalog_1125.07,ne_ndot_1125.07,1125.07,CLEAR TRACT,EACH,EACH,07,203.00,current,ne_ndot_english_standard_item_list_2010,24,stditeme06252010.pdf#page=24;item=1125.07
ne_ndot_catalog_1125.08,ne_ndot_1125.08,1125.08,CLEAR TRACT,EACH,EACH,07,203.00,current,ne_ndot_english_standard_item_list_2010,24,stditeme06252010.pdf#page=24;item=1125.08
ne_ndot_catalog_1125.09,ne_ndot_1125.09,1125.09,CLEAR TRACT,EACH,EACH,07,203.00,current,ne_ndot_english_standard_item_list_2010,24,stditeme06252010.pdf#page=24;item=1125.09
ne_ndot_catalog_1125.10,ne_ndot_1125.10,1125.10,CLEAR TRACT,EACH,EACH,07,203.00,current,ne_ndot_english_standard_item_list_2010,24,stditeme06252010.pdf#page=24;item=1125.10
ne_ndot_catalog_1125.11,ne_ndot_1125.11,1125.11,CLEAR TRACT,EACH,EACH,07,203.00,current,ne_ndot_english_standard_item_list_2010,24,stditeme06252010.pdf#page=24;item=1125.11
ne_ndot_catalog_1125.12,ne_ndot_1125.12,1125.12,CLEAR TRACT,EACH,EACH,07,203.00,current,ne_ndot_english_standard_item_list_2010,24,stditeme06252010.pdf#page=24;item=1125.12
ne_ndot_catalog_1125.13,ne_ndot_1125.13,1125.13,CLEAR TRACT,EACH,EACH,07,203.00,current,ne_ndot_english_standard_item_list_2010,24,stditeme06252010.pdf#page=24;item=1125.13
ne_ndot_catalog_1125.14,ne_ndot_1125.14,1125.14,CLEAR TRACT,EACH,EACH,07,203.00,current,ne_ndot_english_standard_item_list_2010,24,stditeme06252010.pdf#page=24;item=1125.14
ne_ndot_catalog_1125.15,ne_ndot_1125.15,1125.15,CLEAR TRACT,EACH,EACH,07,203.00,current,ne_ndot_english_standard_item_list_2010,24,stditeme06252010.pdf#page=24;item=1125.15
ne_ndot_catalog_1125.16,ne_ndot_1125.16,1125.16,CLEAR TRACT,EACH,EACH,07,203.00,current,ne_ndot_english_standard_item_list_2010,24,stditeme06252010.pdf#page=24;item=1125.16
ne_ndot_catalog_1125.17,ne_ndot_1125.17,1125.17,CLEAR TRACT,EACH,EACH,07,203.00,current,ne_ndot_english_standard_item_list_2010,24,stditeme06252010.pdf#page=24;item=1125.17
ne_ndot_catalog_1125.18,ne_ndot_1125.18,1125.18,CLEAR TRACT,EACH,EACH,07,203.00,current,ne_ndot_english_standard_item_list_2010,24,stditeme06252010.pdf#page=24;item=1125.18
ne_ndot_catalog_1125.19,ne_ndot_1125.19,1125.19,CLEAR TRACT,EACH,EACH,07,203.00,current,ne_ndot_english_standard_item_list_2010,24,stditeme06252010.pdf#page=24;item=1125.19
ne_ndot_catalog_1125.20,ne_ndot_1125.20,1125.20,CLEAR TRACT,EACH,EACH,07,203.00,current,ne_ndot_english_standard_item_list_2010,24,stditeme06252010.pdf#page=24;item=1125.20
ne_ndot_catalog_1125.21,ne_ndot_1125.21,1125.21,CLEAR TRACT,EACH,EACH,07,203.00,current,ne_ndot_english_standard_item_list_2010,24,stditeme06252010.pdf#page=24;item=1125.21
ne_ndot_catalog_1125.22,ne_ndot_1125.22,1125.22,CLEAR TRACT,EACH,EACH,07,203.00,current,ne_ndot_english_standard_item_list_2010,24,stditeme06252010.pdf#page=24;item=1125.22
ne_ndot_catalog_1125.23,ne_ndot_1125.23,1125.23,CLEAR TRACT,EACH,EACH,07,203.00,current,ne_ndot_english_standard_item_list_2010,24,stditeme06252010.pdf#page=24;item=1125.23
ne_ndot_catalog_1125.24,ne_ndot_1125.24,1125.24,CLEAR TRACT,EACH,EACH,07,203.00,current,ne_ndot_english_standard_item_list_2010,24,stditeme06252010.pdf#page=24;item=1125.24
ne_ndot_catalog_1125.25,ne_ndot_1125.25,1125.25,CLEAR TRACT,EACH,EACH,07,203.00,current,ne_ndot_english_standard_item_list_2010,25,stditeme06252010.pdf#page=25;item=1125.25
ne_ndot_catalog_1125.26,ne_ndot_1125.26,1125.26,CLEAR TRACT,EACH,EACH,07,203.00,current,ne_ndot_english_standard_item_list_2010,25,stditeme06252010.pdf#page=25;item=1125.26
ne_ndot_catalog_1125.27,ne_ndot_1125.27,1125.27,CLEAR TRACT,EACH,EACH,07,203.00,current,ne_ndot_english_standard_item_list_2010,25,stditeme06252010.pdf#page=25;item=1125.27
ne_ndot_catalog_1125.28,ne_ndot_1125.28,1125.28,CLEAR TRACT,EACH,EACH,07,203.00,current,ne_ndot_english_standard_item_list_2010,25,stditeme06252010.pdf#page=25;item=1125.28
ne_ndot_catalog_1125.29,ne_ndot_1125.29,1125.29,CLEAR TRACT,EACH,EACH,07,203.00,current,ne_ndot_english_standard_item_list_2010,25,stditeme06252010.pdf#page=25;item=1125.29
ne_ndot_catalog_1125.50,ne_ndot_1125.50,1125.50,AREA CLEANUP,EACH,EACH,07,,current,ne_ndot_english_standard_item_list_2010,25,stditeme06252010.pdf#page=25;item=1125.50
ne_ndot_catalog_1125.75,ne_ndot_1125.75,1125.75,DITCH CLEAN OUT,LUMP SUM,LS,07,,current,ne_ndot_english_standard_item_list_2010,25,stditeme06252010.pdf#page=25;item=1125.75
ne_ndot_catalog_1125.76,ne_ndot_1125.76,1125.76,DITCH CLEAN OUT,LUMP SUM,LS,07,,current,ne_ndot_english_standard_item_list_2010,25,stditeme06252010.pdf#page=25;item=1125.76
ne_ndot_catalog_1125.77,ne_ndot_1125.77,1125.77,DITCH CLEANOUT,LIN FT,LF,07,,current,ne_ndot_english_standard_item_list_2010,25,stditeme06252010.pdf#page=25;item=1125.77
ne_ndot_catalog_1127.00,ne_ndot_1127.00,1127.00,BEACON SYSTEM REMOVAL,EACH,EACH,07,,current,ne_ndot_english_standard_item_list_2010,25,stditeme06252010.pdf#page=25;item=1127.00
ne_ndot_catalog_1128.00,ne_ndot_1128.00,1128.00,REMOVE SLAB,EACH,EACH,07,203.00,current,ne_ndot_english_standard_item_list_2010,25,stditeme06252010.pdf#page=25;item=1128.00
ne_ndot_catalog_1128.50,ne_ndot_1128.50,1128.50,REMOVE SLAB,SQ YD,SY,07,203.00,current,ne_ndot_english_standard_item_list_2010,25,stditeme06252010.pdf#page=25;item=1128.50
ne_ndot_catalog_1129.00,ne_ndot_1129.00,1129.00,REMOVE TANK,EACH,EACH,07,,current,ne_ndot_english_standard_item_list_2010,25,stditeme06252010.pdf#page=25;item=1129.00
ne_ndot_catalog_1129.01,ne_ndot_1129.01,1129.01,REMOVE TANK,EACH,EACH,07,,current,ne_ndot_english_standard_item_list_2010,25,stditeme06252010.pdf#page=25;item=1129.01
ne_ndot_catalog_1129.02,ne_ndot_1129.02,1129.02,REMOVE TANK,EACH,EACH,07,,current,ne_ndot_english_standard_item_list_2010,25,stditeme06252010.pdf#page=25;item=1129.02
ne_ndot_catalog_1129.03,ne_ndot_1129.03,1129.03,REMOVE TANK,EACH,EACH,07,,current,ne_ndot_english_standard_item_list_2010,25,stditeme06252010.pdf#page=25;item=1129.03
ne_ndot_catalog_1129.04,ne_ndot_1129.04,1129.04,REMOVE TANK,EACH,EACH,07,,current,ne_ndot_english_standard_item_list_2010,25,stditeme06252010.pdf#page=25;item=1129.04
ne_ndot_catalog_1129.05,ne_ndot_1129.05,1129.05,REMOVE TANK,EACH,EACH,07,,current,ne_ndot_english_standard_item_list_2010,25,stditeme06252010.pdf#page=25;item=1129.05
ne_ndot_catalog_1130.00,ne_ndot_1130.00,1130.00,REMOVE UNDERGROUND TANK,EACH,EACH,07,203.00,current,ne_ndot_english_standard_item_list_2010,25,stditeme06252010.pdf#page=25;item=1130.00
ne_ndot_catalog_1130.30,ne_ndot_1130.30,1130.30,RELIEF WELL,EACH,EACH,07,,current,ne_ndot_english_standard_item_list_2010,26,stditeme06252010.pdf#page=26;item=1130.30
ne_ndot_catalog_1130.35,ne_ndot_1130.35,1130.35,ABANDON RELIEF WELL,EACH,EACH,07,,current,ne_ndot_english_standard_item_list_2010,26,stditeme06252010.pdf#page=26;item=1130.35
ne_ndot_catalog_1130.40,ne_ndot_1130.40,1130.40,MONITORING WELL,EACH,EACH,07,,current,ne_ndot_english_standard_item_list_2010,26,stditeme06252010.pdf#page=26;item=1130.40
ne_ndot_catalog_1130.48,ne_ndot_1130.48,1130.48,ADJUST MONITOR WELL,EACH,EACH,07,,current,ne_ndot_english_standard_item_list_2010,26,stditeme06252010.pdf#page=26;item=1130.48
ne_ndot_catalog_1130.50,ne_ndot_1130.50,1130.50,ABANDON MONITOR WELL,EACH,EACH,07,,current,ne_ndot_english_standard_item_list_2010,26,stditeme06252010.pdf#page=26;item=1130.50
ne_ndot_catalog_1130.52,ne_ndot_1130.52,1130.52,ABANDON RECOVERY WELL,EACH,EACH,07,,current,ne_ndot_english_standard_item_list_2010,26,stditeme06252010.pdf#page=26;item=1130.52
ne_ndot_catalog_1131.00,ne_ndot_1131.00,1131.00,REMOVE PLOWABLE PAVEMENT MARKER,EACH,EACH,07,,current,ne_ndot_english_standard_item_list_2010,26,stditeme06252010.pdf#page=26;item=1131.00
ne_ndot_catalog_1131.01,ne_ndot_1131.01,1131.01,INSTALL PAVEMENT MARKER,EACH,EACH,07,419.00,current,ne_ndot_english_standard_item_list_2010,26,stditeme06252010.pdf#page=26;item=1131.01
ne_ndot_catalog_1131.02,ne_ndot_1131.02,1131.02,REMOVE AND REINSTALL PAVEMENT MARKER,EACH,EACH,07,419.00,current,ne_ndot_english_standard_item_list_2010,26,stditeme06252010.pdf#page=26;item=1131.02
ne_ndot_catalog_1133.00,ne_ndot_1133.00,1133.00,REMOVE TRACK,LIN FT,LF,07,,current,ne_ndot_english_standard_item_list_2010,26,stditeme06252010.pdf#page=26;item=1133.00
ne_ndot_catalog_1133.01,ne_ndot_1133.01,1133.01,REMOVE TRACK,TRACK FOOT,TRACK FOOT,07,,current,ne_ndot_english_standard_item_list_2010,26,stditeme06252010.pdf#page=26;item=1133.01
ne_ndot_catalog_1133.05,ne_ndot_1133.05,1133.05,REMOVE RAILROAD CROSSING,EACH,EACH,07,203.00,current,ne_ndot_english_standard_item_list_2010,26,stditeme06252010.pdf#page=26;item=1133.05
ne_ndot_catalog_1133.10,ne_ndot_1133.10,1133.10,REMOVE PEDESTRIAN RAILROAD CROSSING,EACH,EACH,07,,current,ne_ndot_english_standard_item_list_2010,26,stditeme06252010.pdf#page=26;item=1133.10
ne_ndot_catalog_1134.00,ne_ndot_1134.00,1134.00,REMOVE AND RELOCATE GATE,EACH,EACH,07,,current,ne_ndot_english_standard_item_list_2010,26,stditeme06252010.pdf#page=26;item=1134.00
ne_ndot_catalog_1135.00,ne_ndot_1135.00,1135.00,REMOVE STEEL CATTLE GUARD,EACH,EACH,07,203.00,current,ne_ndot_english_standard_item_list_2010,26,stditeme06252010.pdf#page=26;item=1135.00
ne_ndot_catalog_1135.27,ne_ndot_1135.27,1135.27,TRENCH DRAIN,EACH,EACH,07,,current,ne_ndot_english_standard_item_list_2010,26,stditeme06252010.pdf#page=26;item=1135.27
ne_ndot_catalog_1135.28,ne_ndot_1135.28,1135.28,DRAIN,TON,TON,07,,current,ne_ndot_english_standard_item_list_2010,26,stditeme06252010.pdf#page=26;item=1135.28
ne_ndot_catalog_1135.40,ne_ndot_1135.40,1135.40,TRUCK INSPECTION RAMP,EACH,EACH,07,,current,ne_ndot_english_standard_item_list_2010,26,stditeme06252010.pdf#page=26;item=1135.40
ne_ndot_catalog_1135.50,ne_ndot_1135.50,1135.50,SCALE PIT,EACH,EACH,07,,current,ne_ndot_english_standard_item_list_2010,26,stditeme06252010.pdf#page=26;item=1135.50
ne_ndot_catalog_1135.51,ne_ndot_1135.51,1135.51,SCALE PIT,EACH,EACH,07,,current,ne_ndot_english_standard_item_list_2010,27,stditeme06252010.pdf#page=27;item=1135.51
ne_ndot_catalog_1135.55,ne_ndot_1135.55,1135.55,WEIGH-IN-MOTION DEVICE,EACH,EACH,07,,current,ne_ndot_english_standard_item_list_2010,27,stditeme06252010.pdf#page=27;item=1135.55
ne_ndot_catalog_1135.58,ne_ndot_1135.58,1135.58,REMOVE CONCRETE OBSTRUCTION,LUMP SUM,LS,07,,current,ne_ndot_english_standard_item_list_2010,27,stditeme06252010.pdf#page=27;item=1135.58
ne_ndot_catalog_1135.59,ne_ndot_1135.59,1135.59,REMOVE CONCRETE BUNKER,EACH,EACH,07,,current,ne_ndot_english_standard_item_list_2010,27,stditeme06252010.pdf#page=27;item=1135.59
ne_ndot_catalog_1136.00,ne_ndot_1136.00,1136.00,REMOVE CONCRETE WIER,EACH,EACH,07,,current,ne_ndot_english_standard_item_list_2010,27,stditeme06252010.pdf#page=27;item=1136.00
ne_ndot_catalog_1136.03,ne_ndot_1136.03,1136.03,REMOVE,EACH,EACH,07,203.00,current,ne_ndot_english_standard_item_list_2010,27,stditeme06252010.pdf#page=27;item=1136.03
ne_ndot_catalog_1136.04,ne_ndot_1136.04,1136.04,REMOVE,EACH,EACH,07,203.00,current,ne_ndot_english_standard_item_list_2010,27,stditeme06252010.pdf#page=27;item=1136.04
ne_ndot_catalog_1136.05,ne_ndot_1136.05,1136.05,REMOVE,EACH,EACH,07,203.00,current,ne_ndot_english_standard_item_list_2010,27,stditeme06252010.pdf#page=27;item=1136.05
ne_ndot_catalog_1136.06,ne_ndot_1136.06,1136.06,REMOVE,EACH,EACH,07,203.00,current,ne_ndot_english_standard_item_list_2010,27,stditeme06252010.pdf#page=27;item=1136.06
ne_ndot_catalog_1136.07,ne_ndot_1136.07,1136.07,REMOVE,LIN FT,LF,07,203.00,current,ne_ndot_english_standard_item_list_2010,27,stditeme06252010.pdf#page=27;item=1136.07
ne_ndot_catalog_1136.08,ne_ndot_1136.08,1136.08,REMOVE,CU YD,CY,07,,current,ne_ndot_english_standard_item_list_2010,27,stditeme06252010.pdf#page=27;item=1136.08
ne_ndot_catalog_1136.09,ne_ndot_1136.09,1136.09,REMOVE,LIN FT,LF,07,203.00,current,ne_ndot_english_standard_item_list_2010,27,stditeme06252010.pdf#page=27;item=1136.09
ne_ndot_catalog_1136.10,ne_ndot_1136.10,1136.10,REMOVE,LUMP SUM,LS,07,203.00,current,ne_ndot_english_standard_item_list_2010,27,stditeme06252010.pdf#page=27;item=1136.10
ne_ndot_catalog_1136.11,ne_ndot_1136.11,1136.11,REMOVE,SQ YD,SY,07,203.00,current,ne_ndot_english_standard_item_list_2010,27,stditeme06252010.pdf#page=27;item=1136.11
ne_ndot_catalog_1136.12,ne_ndot_1136.12,1136.12,REMOVE,STATION,STA,07,,current,ne_ndot_english_standard_item_list_2010,27,stditeme06252010.pdf#page=27;item=1136.12
ne_ndot_catalog_1137.00,ne_ndot_1137.00,1137.00,REMOVE AND RESET HISTORICAL MARKER,EACH,EACH,07,,current,ne_ndot_english_standard_item_list_2010,27,stditeme06252010.pdf#page=27;item=1137.00
ne_ndot_catalog_1137.10,ne_ndot_1137.10,1137.10,REMOVE AND RESET STONE PILLAR,EACH,EACH,07,,current,ne_ndot_english_standard_item_list_2010,27,stditeme06252010.pdf#page=27;item=1137.10
ne_ndot_catalog_1137.50,ne_ndot_1137.50,1137.50,REMOVE AND RESET,LUMP SUM,LS,07,,current,ne_ndot_english_standard_item_list_2010,27,stditeme06252010.pdf#page=27;item=1137.50
ne_ndot_catalog_1137.51,ne_ndot_1137.51,1137.51,REMOVE AND RESET,EACH,EACH,07,,current,ne_ndot_english_standard_item_list_2010,27,stditeme06252010.pdf#page=27;item=1137.51
ne_ndot_catalog_1137.52,ne_ndot_1137.52,1137.52,REMOVE AND RESET,EACH,EACH,07,,current,ne_ndot_english_standard_item_list_2010,28,stditeme06252010.pdf#page=28;item=1137.52
ne_ndot_catalog_1143.00,ne_ndot_1143.00,1143.00,REMOVE DRIVEWAY CULVERT PIPE,LIN FT,LF,07,203.00,current,ne_ndot_english_standard_item_list_2010,28,stditeme06252010.pdf#page=28;item=1143.00
ne_ndot_catalog_1143.10,ne_ndot_1143.10,1143.10,REMOVE CASING,LIN FT,LF,07,,current,ne_ndot_english_standard_item_list_2010,28,stditeme06252010.pdf#page=28;item=1143.10
ne_ndot_catalog_1230.00,ne_ndot_1230.00,1230.00,REMOVE AND RESET INERTIAL BARRIER,EACH,EACH,07,,current,ne_ndot_english_standard_item_list_2010,28,stditeme06252010.pdf#page=28;item=1230.00
ne_ndot_catalog_1230.50,ne_ndot_1230.50,1230.50,REMOVE AND SALVAGE INERTIAL BARRIER,EACH,EACH,07,,current,ne_ndot_english_standard_item_list_2010,28,stditeme06252010.pdf#page=28;item=1230.50
ne_ndot_catalog_1300.12,ne_ndot_1300.12,1300.12,"12"" DRIVEWAY CULVERT PIPE",LIN FT,LF,07,721.00,current,ne_ndot_english_standard_item_list_2010,28,stditeme06252010.pdf#page=28;item=1300.12
ne_ndot_catalog_1300.15,ne_ndot_1300.15,1300.15,"15"" DRIVEWAY CULVERT PIPE",LIN FT,LF,07,721.00,current,ne_ndot_english_standard_item_list_2010,28,stditeme06252010.pdf#page=28;item=1300.15
ne_ndot_catalog_1300.18,ne_ndot_1300.18,1300.18,"18"" DRIVEWAY CULVERT PIPE",LIN FT,LF,07,721.00,current,ne_ndot_english_standard_item_list_2010,28,stditeme06252010.pdf#page=28;item=1300.18
ne_ndot_catalog_1300.21,ne_ndot_1300.21,1300.21,"21"" DRIVEWAY CULVERT PIPE",LIN FT,LF,07,721.00,current,ne_ndot_english_standard_item_list_2010,28,stditeme06252010.pdf#page=28;item=1300.21
ne_ndot_catalog_1300.24,ne_ndot_1300.24,1300.24,"24"" DRIVEWAY CULVERT PIPE",LIN FT,LF,07,721.00,current,ne_ndot_english_standard_item_list_2010,28,stditeme06252010.pdf#page=28;item=1300.24
ne_ndot_catalog_1300.30,ne_ndot_1300.30,1300.30,"30"" DRIVEWAY CULVERT PIPE",LIN FT,LF,07,721.00,current,ne_ndot_english_standard_item_list_2010,28,stditeme06252010.pdf#page=28;item=1300.30
ne_ndot_catalog_1300.36,ne_ndot_1300.36,1300.36,"36"" DRIVEWAY CULVERT PIPE",LIN FT,LF,07,721.00,current,ne_ndot_english_standard_item_list_2010,28,stditeme06252010.pdf#page=28;item=1300.36
ne_ndot_catalog_1300.42,ne_ndot_1300.42,1300.42,"42"" DRIVEWAY CULVERT PIPE",LIN FT,LF,07,721.00,current,ne_ndot_english_standard_item_list_2010,28,stditeme06252010.pdf#page=28;item=1300.42
ne_ndot_catalog_1300.48,ne_ndot_1300.48,1300.48,"48"" DRIVEWAY CULVERT PIPE",LIN FT,LF,07,721.00,current,ne_ndot_english_standard_item_list_2010,28,stditeme06252010.pdf#page=28;item=1300.48
ne_ndot_catalog_1300.54,ne_ndot_1300.54,1300.54,"54"" DRIVEWAY CULVERT PIPE",LIN FT,LF,07,721.00,current,ne_ndot_english_standard_item_list_2010,28,stditeme06252010.pdf#page=28;item=1300.54
ne_ndot_catalog_1300.60,ne_ndot_1300.60,1300.60,"60"" DRIVEWAY CULVERT PIPE",LIN FT,LF,07,721.00,current,ne_ndot_english_standard_item_list_2010,28,stditeme06252010.pdf#page=28;item=1300.60
ne_ndot_catalog_1300.66,ne_ndot_1300.66,1300.66,"66"" DRIVEWAY CULVERT PIPE",LIN FT,LF,07,721.00,current,ne_ndot_english_standard_item_list_2010,28,stditeme06252010.pdf#page=28;item=1300.66
ne_ndot_catalog_1300.72,ne_ndot_1300.72,1300.72,"72"" DRIVEWAY CULVERT PIPE",LIN FT,LF,07,721.00,current,ne_ndot_english_standard_item_list_2010,28,stditeme06252010.pdf#page=28;item=1300.72
ne_ndot_catalog_1300.84,ne_ndot_1300.84,1300.84,"84"" DRIVEWAY CULVERT PIPE",LIN FT,LF,07,721.00,current,ne_ndot_english_standard_item_list_2010,28,stditeme06252010.pdf#page=28;item=1300.84
ne_ndot_catalog_1305.15,ne_ndot_1305.15,1305.15,"15"" ROUND EQUIVALENT DRIVEWAY CULVERT PIPE",LIN FT,LF,07,721.00,current,ne_ndot_english_standard_item_list_2010,29,stditeme06252010.pdf#page=29;item=1305.15
ne_ndot_catalog_1305.18,ne_ndot_1305.18,1305.18,"18"" ROUND EQUIVALENT DRIVEWAY CULVERT PIPE",LIN FT,LF,07,721.00,current,ne_ndot_english_standard_item_list_2010,29,stditeme06252010.pdf#page=29;item=1305.18
ne_ndot_catalog_1305.24,ne_ndot_1305.24,1305.24,"24"" ROUND EQUIVALENT DRIVEWAY CULVERT PIPE",LIN FT,LF,07,721.00,current,ne_ndot_english_standard_item_list_2010,29,stditeme06252010.pdf#page=29;item=1305.24
ne_ndot_catalog_1305.30,ne_ndot_1305.30,1305.30,"30"" ROUND EQUIVALENT DRIVEWAY CULVERT PIPE",LIN FT,LF,07,721.00,current,ne_ndot_english_standard_item_list_2010,29,stditeme06252010.pdf#page=29;item=1305.30
ne_ndot_catalog_1305.36,ne_ndot_1305.36,1305.36,"36"" ROUND EQUIVALENT DRIVEWAY CULVERT PIPE",LIN FT,LF,07,721.00,current,ne_ndot_english_standard_item_list_2010,29,stditeme06252010.pdf#page=29;item=1305.36
ne_ndot_catalog_1305.42,ne_ndot_1305.42,1305.42,"42"" ROUND EQUIVALENT DRIVEWAY CULVERT PIPE",LIN FT,LF,07,721.00,current,ne_ndot_english_standard_item_list_2010,29,stditeme06252010.pdf#page=29;item=1305.42
ne_ndot_catalog_1305.48,ne_ndot_1305.48,1305.48,"48"" ROUND EQUIVALENT DRIVEWAY CULVERT PIPE",LIN FT,LF,07,721.00,current,ne_ndot_english_standard_item_list_2010,29,stditeme06252010.pdf#page=29;item=1305.48
ne_ndot_catalog_1305.54,ne_ndot_1305.54,1305.54,"54"" ROUND EQUIVALENT DRIVEWAY CULVERT PIPE",LIN FT,LF,07,721.00,current,ne_ndot_english_standard_item_list_2010,29,stditeme06252010.pdf#page=29;item=1305.54
ne_ndot_catalog_1305.60,ne_ndot_1305.60,1305.60,"60"" ROUND EQUIVALENT DRIVEWAY CULVERT PIPE",LIN FT,LF,07,721.00,current,ne_ndot_english_standard_item_list_2010,29,stditeme06252010.pdf#page=29;item=1305.60
ne_ndot_catalog_1305.61,ne_ndot_1305.61,1305.61,"60"" ROUND EQUIVALENT CORRUGATED METAL PIPE",LIN FT,LF,07,721.00,current,ne_ndot_english_standard_item_list_2010,29,stditeme06252010.pdf#page=29;item=1305.61
ne_ndot_catalog_1305.66,ne_ndot_1305.66,1305.66,"66"" ROUND EQUIVALENT DRIVEWAY CULVERT PIPE",LIN FT,LF,07,721.00,current,ne_ndot_english_standard_item_list_2010,29,stditeme06252010.pdf#page=29;item=1305.66
ne_ndot_catalog_1305.72,ne_ndot_1305.72,1305.72,"72"" ROUND EQUIVALENT DRIVEWAY CULVERT PIPE",LIN FT,LF,07,721.00,current,ne_ndot_english_standard_item_list_2010,29,stditeme06252010.pdf#page=29;item=1305.72
ne_ndot_catalog_1310.18,ne_ndot_1310.18,1310.18,"18"" ROUND EQUIVALENT REINFORCED CONCRETE PIPE FOR DRIVEWAY CULVERT PIPE",LIN FT,LF,07,721.00,current,ne_ndot_english_standard_item_list_2010,29,stditeme06252010.pdf#page=29;item=1310.18
ne_ndot_catalog_1310.24,ne_ndot_1310.24,1310.24,"24"" ROUND EQUIVALENT REINFORCED CONCRETE PIPE FOR DRIVEWAY CULVERT PIPE",LIN FT,LF,07,721.00,current,ne_ndot_english_standard_item_list_2010,29,stditeme06252010.pdf#page=29;item=1310.24
ne_ndot_catalog_1310.30,ne_ndot_1310.30,1310.30,"30"" ROUND EQUIVALENT REINFORCED CONCRETE PIPE FOR DRIVEWAY CULVERT PIPE",LIN FT,LF,07,721.00,current,ne_ndot_english_standard_item_list_2010,29,stditeme06252010.pdf#page=29;item=1310.30
ne_ndot_catalog_1310.36,ne_ndot_1310.36,1310.36,"36"" ROUND EQUIVALENT REINFORCED CONCRETE PIPE FOR DRIVEWAY CULVERT PIPE",LIN FT,LF,07,721.00,current,ne_ndot_english_standard_item_list_2010,29,stditeme06252010.pdf#page=29;item=1310.36
ne_ndot_catalog_1310.42,ne_ndot_1310.42,1310.42,"42"" ROUND EQUIVALENT REINFORCED CONCRETE PIPE FOR DRIVEWAY CULVERT PIPE",LIN FT,LF,07,721.00,current,ne_ndot_english_standard_item_list_2010,29,stditeme06252010.pdf#page=29;item=1310.42
ne_ndot_catalog_1310.48,ne_ndot_1310.48,1310.48,"48"" ROUND EQUIVALENT REINFORCED CONCRETE PIPE FOR DRIVEWAY CULVERT PIPE",LIN FT,LF,07,721.00,current,ne_ndot_english_standard_item_list_2010,29,stditeme06252010.pdf#page=29;item=1310.48
ne_ndot_catalog_1310.54,ne_ndot_1310.54,1310.54,"54"" ROUND EQUIVALENT REINFORCED CONCRETE PIPE FOR DRIVEWAY CULVERT PIPE",LIN FT,LF,07,721.00,current,ne_ndot_english_standard_item_list_2010,30,stditeme06252010.pdf#page=30;item=1310.54
ne_ndot_catalog_1315.12,ne_ndot_1315.12,1315.12,"12"" REINFORCED CONCRETE PIPE FOR DRIVEWAY CULVERT PIPE",LIN FT,LF,07,721.00,current,ne_ndot_english_standard_item_list_2010,30,stditeme06252010.pdf#page=30;item=1315.12
ne_ndot_catalog_1315.15,ne_ndot_1315.15,1315.15,"15"" REINFORCED CONCRETE PIPE FOR DRIVEWAY CULVERT PIPE",LIN FT,LF,07,721.00,current,ne_ndot_english_standard_item_list_2010,30,stditeme06252010.pdf#page=30;item=1315.15
ne_ndot_catalog_1315.18,ne_ndot_1315.18,1315.18,"18"" REINFORCED CONCRETE PIPE FOR DRIVEWAY CULVERT PIPE",LIN FT,LF,07,721.00,current,ne_ndot_english_standard_item_list_2010,30,stditeme06252010.pdf#page=30;item=1315.18
ne_ndot_catalog_1315.24,ne_ndot_1315.24,1315.24,"24"" REINFORCED CONCRETE PIPE FOR DRIVEWAY CULVERT PIPE",LIN FT,LF,07,721.00,current,ne_ndot_english_standard_item_list_2010,30,stditeme06252010.pdf#page=30;item=1315.24
ne_ndot_catalog_1315.30,ne_ndot_1315.30,1315.30,"30"" REINFORCED CONCRETE PIPE FOR DRIVEWAY CULVERT PIPE",LIN FT,LF,07,721.00,current,ne_ndot_english_standard_item_list_2010,30,stditeme06252010.pdf#page=30;item=1315.30
ne_ndot_catalog_1315.36,ne_ndot_1315.36,1315.36,"36"" REINFORCED CONCRETE PIPE FOR DRIVEWAY CULVERT PIPE",LIN FT,LF,07,721.00,current,ne_ndot_english_standard_item_list_2010,30,stditeme06252010.pdf#page=30;item=1315.36
ne_ndot_catalog_1315.42,ne_ndot_1315.42,1315.42,"42"" REINFORCED CONCRETE PIPE FOR DRIVEWAY CULVERT PIPE",LIN FT,LF,07,721.00,current,ne_ndot_english_standard_item_list_2010,30,stditeme06252010.pdf#page=30;item=1315.42
ne_ndot_catalog_1315.54,ne_ndot_1315.54,1315.54,"54"" REINFORCED CONCRETE PIPE FOR DRIVEWAY CULVERT PIPE",LIN FT,LF,07,721.00,current,ne_ndot_english_standard_item_list_2010,30,stditeme06252010.pdf#page=30;item=1315.54
ne_ndot_catalog_1320.12,ne_ndot_1320.12,1320.12,"12"" CORRUGATED METAL PIPE FOR DRIVEWAY CULVERT PIPE",LIN FT,LF,07,721.00,current,ne_ndot_english_standard_item_list_2010,30,stditeme06252010.pdf#page=30;item=1320.12
ne_ndot_catalog_1320.15,ne_ndot_1320.15,1320.15,"15"" CORRUGATED METAL PIPE FOR DRIVEWAY CULVERT PIPE",LIN FT,LF,07,721.00,current,ne_ndot_english_standard_item_list_2010,30,stditeme06252010.pdf#page=30;item=1320.15
ne_ndot_catalog_1320.18,ne_ndot_1320.18,1320.18,"18"" CORRUGATED METAL PIPE FOR DRIVEWAY CULVERT PIPE",LIN FT,LF,07,721.00,current,ne_ndot_english_standard_item_list_2010,30,stditeme06252010.pdf#page=30;item=1320.18
ne_ndot_catalog_1320.24,ne_ndot_1320.24,1320.24,"24"" CORRUGATED METAL PIPE FOR DRIVEWAY CULVERT PIPE",LIN FT,LF,07,721.00,current,ne_ndot_english_standard_item_list_2010,30,stditeme06252010.pdf#page=30;item=1320.24
ne_ndot_catalog_1320.30,ne_ndot_1320.30,1320.30,"30"" CORRUGATED METAL PIPE FOR DRIVEWAY CULVERT PIPE",LIN FT,LF,07,721.00,current,ne_ndot_english_standard_item_list_2010,30,stditeme06252010.pdf#page=30;item=1320.30
ne_ndot_catalog_1320.36,ne_ndot_1320.36,1320.36,"36"" CORRUGATED METAL PIPE FOR DRIVEWAY CULVERT PIPE",LIN FT,LF,07,721.00,current,ne_ndot_english_standard_item_list_2010,30,stditeme06252010.pdf#page=30;item=1320.36
ne_ndot_catalog_1320.42,ne_ndot_1320.42,1320.42,"42"" CORRUGATED METAL PIPE FOR DRIVEWAY CULVERT PIPE",LIN FT,LF,07,721.00,current,ne_ndot_english_standard_item_list_2010,30,stditeme06252010.pdf#page=30;item=1320.42
ne_ndot_catalog_1320.48,ne_ndot_1320.48,1320.48,"48"" CORRUGATED METAL PIPE FOR DRIVEWAY CULVERT PIPE",LIN FT,LF,07,721.00,current,ne_ndot_english_standard_item_list_2010,30,stditeme06252010.pdf#page=30;item=1320.48
ne_ndot_catalog_1320.54,ne_ndot_1320.54,1320.54,"54"" CORRUGATED METAL PIPE FOR DRIVEWAY CULVERT PIPE",LIN FT,LF,07,721.00,current,ne_ndot_english_standard_item_list_2010,30,stditeme06252010.pdf#page=30;item=1320.54
ne_ndot_catalog_1320.60,ne_ndot_1320.60,1320.60,"60"" CORRUGATED METAL PIPE FOR DRIVEWAY CULVERT PIPE",LIN FT,LF,07,721.00,current,ne_ndot_english_standard_item_list_2010,30,stditeme06252010.pdf#page=30;item=1320.60
ne_ndot_catalog_1320.66,ne_ndot_1320.66,1320.66,"66"" CORRUGATED METAL PIPE FOR DRIVEWAY CULVERT PIPE",LIN FT,LF,07,721.00,current,ne_ndot_english_standard_item_list_2010,31,stditeme06252010.pdf#page=31;item=1320.66
ne_ndot_catalog_1320.84,ne_ndot_1320.84,1320.84,"84"" CORRUGATED METAL PIPE FOR DRIVEWAY CULVERT PIPE",LIN FT,LF,07,721.00,current,ne_ndot_english_standard_item_list_2010,31,stditeme06252010.pdf#page=31;item=1320.84
ne_ndot_catalog_1325.18,ne_ndot_1325.18,1325.18,"18"" ROUND EQUIVALENT CORRUGATED METAL PIPE FOR DRIVEWAY CULVERT PIPE",LIN FT,LF,07,721.00,current,ne_ndot_english_standard_item_list_2010,31,stditeme06252010.pdf#page=31;item=1325.18
ne_ndot_catalog_1325.21,ne_ndot_1325.21,1325.21,"21"" ROUND EQUIVALENT CORRUGATED METAL PIPE FOR DRIVEWAY CULVERT PIPE",LIN FT,LF,07,721.00,current,ne_ndot_english_standard_item_list_2010,31,stditeme06252010.pdf#page=31;item=1325.21
ne_ndot_catalog_1325.24,ne_ndot_1325.24,1325.24,"24"" ROUND EQUIVALENT CORRUGATED METAL PIPE FOR DRIVEWAY CULVERT PIPE",LIN FT,LF,07,721.00,current,ne_ndot_english_standard_item_list_2010,31,stditeme06252010.pdf#page=31;item=1325.24
ne_ndot_catalog_1340.24,ne_ndot_1340.24,1340.24,"24"" REINFORCED CONCRETE PIPE FOR DRIVEWAY CULVERT PIPE",LIN FT,LF,07,721.00,current,ne_ndot_english_standard_item_list_2010,31,stditeme06252010.pdf#page=31;item=1340.24
ne_ndot_catalog_1405.00,ne_ndot_1405.00,1405.00,RELAYING DRIVEWAY CULVERT PIPE,LIN FT,LF,07,,current,ne_ndot_english_standard_item_list_2010,31,stditeme06252010.pdf#page=31;item=1405.00
ne_ndot_catalog_1405.05,ne_ndot_1405.05,1405.05,REMOVE AND REINSTALL DRIVEWAY CULVERT PIPE,LIN FT,LF,07,,current,ne_ndot_english_standard_item_list_2010,31,stditeme06252010.pdf#page=31;item=1405.05
ne_ndot_catalog_1490.00,ne_ndot_1490.00,1490.00,INSTALL DRIVEWAY CULVERT PIPE,LIN FT,LF,07,,current,ne_ndot_english_standard_item_list_2010,31,stditeme06252010.pdf#page=31;item=1490.00
ne_ndot_catalog_1490.18,ne_ndot_1490.18,1490.18,"INSTALL 18"" DRIVEWAY CULVERT PIPE",LIN FT,LF,07,,current,ne_ndot_english_standard_item_list_2010,31,stditeme06252010.pdf#page=31;item=1490.18
ne_ndot_catalog_1490.24,ne_ndot_1490.24,1490.24,"INSTALL 24"" DRIVEWAY CULVERT PIPE",LIN FT,LF,07,,current,ne_ndot_english_standard_item_list_2010,31,stditeme06252010.pdf#page=31;item=1490.24
ne_ndot_catalog_1500.18,ne_ndot_1500.18,1500.18,"INSTALL 18"" CORRUGATED METAL PIPE",LIN FT,LF,07,,current,ne_ndot_english_standard_item_list_2010,31,stditeme06252010.pdf#page=31;item=1500.18
ne_ndot_catalog_1500.24,ne_ndot_1500.24,1500.24,"INSTALL 24"" CORRUGATED METAL PIPE",LIN FT,LF,07,,current,ne_ndot_english_standard_item_list_2010,31,stditeme06252010.pdf#page=31;item=1500.24
ne_ndot_catalog_1500.30,ne_ndot_1500.30,1500.30,"INSTALL 30"" CORRUGATED METAL PIPE",LIN FT,LF,07,,current,ne_ndot_english_standard_item_list_2010,31,stditeme06252010.pdf#page=31;item=1500.30
ne_ndot_catalog_1500.36,ne_ndot_1500.36,1500.36,"INSTALL 36"" CORRUGATED METAL PIPE",LIN FT,LF,07,,current,ne_ndot_english_standard_item_list_2010,31,stditeme06252010.pdf#page=31;item=1500.36
ne_ndot_catalog_1500.42,ne_ndot_1500.42,1500.42,"INSTALL 42"" CORRUGATED METAL PIPE",LIN FT,LF,07,,current,ne_ndot_english_standard_item_list_2010,31,stditeme06252010.pdf#page=31;item=1500.42
ne_ndot_catalog_1500.48,ne_ndot_1500.48,1500.48,"INSTALL 48"" CORRUGATED METAL PIPE",LIN FT,LF,07,,current,ne_ndot_english_standard_item_list_2010,31,stditeme06252010.pdf#page=31;item=1500.48
ne_ndot_catalog_1500.54,ne_ndot_1500.54,1500.54,"INSTALL 54"" CORRUGATED METAL PIPE",LIN FT,LF,07,,current,ne_ndot_english_standard_item_list_2010,31,stditeme06252010.pdf#page=31;item=1500.54
ne_ndot_catalog_1500.60,ne_ndot_1500.60,1500.60,"INSTALL 60"" CORRUGATED METAL PIPE",LIN FT,LF,07,,current,ne_ndot_english_standard_item_list_2010,31,stditeme06252010.pdf#page=31;item=1500.60
ne_ndot_catalog_1500.72,ne_ndot_1500.72,1500.72,"INSTALL 72"" CORRUGATED METAL PIPE",LIN FT,LF,07,,current,ne_ndot_english_standard_item_list_2010,32,stditeme06252010.pdf#page=32;item=1500.72
ne_ndot_catalog_1500.96,ne_ndot_1500.96,1500.96,"INSTALL 96"" CORRUGATED METAL PIPE",LIN FT,LF,07,,current,ne_ndot_english_standard_item_list_2010,32,stditeme06252010.pdf#page=32;item=1500.96
ne_ndot_catalog_1510.15,ne_ndot_1510.15,1510.15,"INSTALL 15"" REINFORCED CONCRETE PIPE",LIN FT,LF,07,,current,ne_ndot_english_standard_item_list_2010,32,stditeme06252010.pdf#page=32;item=1510.15
ne_ndot_catalog_1510.42,ne_ndot_1510.42,1510.42,"INSTALL 42"" REINFORCED CONCRETE PIPE",LIN FT,LF,07,,current,ne_ndot_english_standard_item_list_2010,32,stditeme06252010.pdf#page=32;item=1510.42
ne_ndot_catalog_1560.00,ne_ndot_1560.00,1560.00,RAILROAD TRACK,LIN FT,LF,07,,current,ne_ndot_english_standard_item_list_2010,32,stditeme06252010.pdf#page=32;item=1560.00
ne_ndot_catalog_1560.01,ne_ndot_1560.01,1560.01,DOUBLE INSIDE GUARDRAIL,TRACK FOOT,TRACK FOOT,07,,current,ne_ndot_english_standard_item_list_2010,32,stditeme06252010.pdf#page=32;item=1560.01
ne_ndot_catalog_1560.02,ne_ndot_1560.02,1560.02,RAILROAD TRACK,TRACK FOOT,TRACK FOOT,07,,current,ne_ndot_english_standard_item_list_2010,32,stditeme06252010.pdf#page=32;item=1560.02
ne_ndot_catalog_1570.00,ne_ndot_1570.00,1570.00,RAILROAD WHEEL STOP,EACH,EACH,07,,current,ne_ndot_english_standard_item_list_2010,32,stditeme06252010.pdf#page=32;item=1570.00
ne_ndot_catalog_1571.00,ne_ndot_1571.00,1571.00,TIMBER RAILROAD PEDESTRIAN CROSSING,EACH,EACH,07,,current,ne_ndot_english_standard_item_list_2010,32,stditeme06252010.pdf#page=32;item=1571.00
ne_ndot_catalog_1571.70,ne_ndot_1571.70,1571.70,TEMPORARY RAILROAD CROSSING,EACH,EACH,07,,current,ne_ndot_english_standard_item_list_2010,32,stditeme06252010.pdf#page=32;item=1571.70
ne_ndot_catalog_1571.75,ne_ndot_1571.75,1571.75,RAILROAD CROSSING,EACH,EACH,07,,current,ne_ndot_english_standard_item_list_2010,32,stditeme06252010.pdf#page=32;item=1571.75
ne_ndot_catalog_1572.00,ne_ndot_1572.00,1572.00,TIMBER RAILROAD CROSSING,EACH,EACH,07,,current,ne_ndot_english_standard_item_list_2010,32,stditeme06252010.pdf#page=32;item=1572.00
ne_ndot_catalog_1572.25,ne_ndot_1572.25,1572.25,CONCRETE RAILROAD CROSSING,LIN FT,LF,07,,current,ne_ndot_english_standard_item_list_2010,32,stditeme06252010.pdf#page=32;item=1572.25
ne_ndot_catalog_1580.00,ne_ndot_1580.00,1580.00,TEMPORARY ACCESS ROAD,SQ YD,SY,07,,current,ne_ndot_english_standard_item_list_2010,32,stditeme06252010.pdf#page=32;item=1580.00
ne_ndot_catalog_1600.00,ne_ndot_1600.00,1600.00,MONITORING INSTRUMENTATION,LUMP SUM,LS,07,,current,ne_ndot_english_standard_item_list_2010,32,stditeme06252010.pdf#page=32;item=1600.00
ne_ndot_catalog_1600.10,ne_ndot_1600.10,1600.10,REMOTE WEATHER INFORMATION SYSTEM,LUMP SUM,LS,07,,current,ne_ndot_english_standard_item_list_2010,32,stditeme06252010.pdf#page=32;item=1600.10
ne_ndot_catalog_1600.30,ne_ndot_1600.30,1600.30,REMOVE INSTRUMENTATION,LUMP SUM,LS,07,,current,ne_ndot_english_standard_item_list_2010,32,stditeme06252010.pdf#page=32;item=1600.30
ne_ndot_catalog_1700.10,ne_ndot_1700.10,1700.10,SUBGRADE REPAIR,CU YD,CY,07,,current,ne_ndot_english_standard_item_list_2010,32,stditeme06252010.pdf#page=32;item=1700.10
ne_ndot_catalog_1700.24,ne_ndot_1700.24,1700.24,"24"" DRIVEWAY CULVERT PIPE, TYPE 2 OR 5",LIN FT,LF,07,,current,ne_ndot_english_standard_item_list_2010,32,stditeme06252010.pdf#page=32;item=1700.24
ne_ndot_catalog_1700.60,ne_ndot_1700.60,1700.60,"60"" DRIVEWAY CULVERT PIPE, TYPE 2 OR 5",LIN FT,LF,07,,current,ne_ndot_english_standard_item_list_2010,33,stditeme06252010.pdf#page=33;item=1700.60
ne_ndot_catalog_1701.12,ne_ndot_1701.12,1701.12,"12"" DRIVEWAY CULVERT PIPE, TYPE 2,3,4,5,6,7 OR 8",LIN FT,LF,07,,current,ne_ndot_english_standard_item_list_2010,33,stditeme06252010.pdf#page=33;item=1701.12
ne_ndot_catalog_1701.18,ne_ndot_1701.18,1701.18,"18"" DRIVEWAY CULVERT PIPE, TYPE 2,3,4,5,6,7 OR 8",LIN FT,LF,07,721.00,current,ne_ndot_english_standard_item_list_2010,33,stditeme06252010.pdf#page=33;item=1701.18
ne_ndot_catalog_1701.24,ne_ndot_1701.24,1701.24,"24"" DRIVEWAY CULVERT PIPE, TYPE 2,3,4,5,6,7 OR 8",LIN FT,LF,07,721.00,current,ne_ndot_english_standard_item_list_2010,33,stditeme06252010.pdf#page=33;item=1701.24
ne_ndot_catalog_1701.30,ne_ndot_1701.30,1701.30,"30"" DRIVEWAY CULVERT PIPE, TYPE 2,3,4,5,6,7 OR 8",LIN FT,LF,07,721.00,current,ne_ndot_english_standard_item_list_2010,33,stditeme06252010.pdf#page=33;item=1701.30
ne_ndot_catalog_1701.36,ne_ndot_1701.36,1701.36,"36"" DRIVEWAY CULVERT PIPE, TYPE 2,3,4,5,6,7 OR 8",LIN FT,LF,07,721.00,current,ne_ndot_english_standard_item_list_2010,33,stditeme06252010.pdf#page=33;item=1701.36
ne_ndot_catalog_1701.42,ne_ndot_1701.42,1701.42,"42"" DRIVEWAY CULVERT PIPE, TYPE 2,3,4,5,6,7 OR 8",LIN FT,LF,07,721.00,current,ne_ndot_english_standard_item_list_2010,33,stditeme06252010.pdf#page=33;item=1701.42
ne_ndot_catalog_1701.48,ne_ndot_1701.48,1701.48,"48"" DRIVEWAY CULVERT PIPE, TYPE 2,3,4,5,6,7 OR 8",LIN FT,LF,07,721.00,current,ne_ndot_english_standard_item_list_2010,33,stditeme06252010.pdf#page=33;item=1701.48
ne_ndot_catalog_1701.54,ne_ndot_1701.54,1701.54,"54"" DRIVEWAY CULVERT PIPE, TYPE 2,3,4,5,6,7 OR 8",LIN FT,LF,07,721.00,current,ne_ndot_english_standard_item_list_2010,33,stditeme06252010.pdf#page=33;item=1701.54
ne_ndot_catalog_1701.60,ne_ndot_1701.60,1701.60,"60"" DRIVEWAY CULVERT PIPE, TYPE 2,3,4,5,6,7 OR 8",LIN FT,LF,07,721.00,current,ne_ndot_english_standard_item_list_2010,33,stditeme06252010.pdf#page=33;item=1701.60
ne_ndot_catalog_1702.18,ne_ndot_1702.18,1702.18,"18"" DRIVEWAY CULVERT PIPE, TYPE 3,4 OR 5",LIN FT,LF,07,,current,ne_ndot_english_standard_item_list_2010,33,stditeme06252010.pdf#page=33;item=1702.18
ne_ndot_catalog_1702.24,ne_ndot_1702.24,1702.24,"24"" DRIVEWAY CULVERT PIPE, TYPE 3,4 OR 5",LIN FT,LF,07,,current,ne_ndot_english_standard_item_list_2010,33,stditeme06252010.pdf#page=33;item=1702.24
ne_ndot_catalog_1702.30,ne_ndot_1702.30,1702.30,"30"" DRIVEWAY CULVERT PIPE, TYPE 3,4 OR 5",LIN FT,LF,07,,current,ne_ndot_english_standard_item_list_2010,33,stditeme06252010.pdf#page=33;item=1702.30
ne_ndot_catalog_1702.36,ne_ndot_1702.36,1702.36,"36"" DRIVEWAY CULVERT PIPE, TYPE 3,4 OR 5",LIN FT,LF,07,,current,ne_ndot_english_standard_item_list_2010,33,stditeme06252010.pdf#page=33;item=1702.36
ne_ndot_catalog_1702.42,ne_ndot_1702.42,1702.42,"42"" DRIVEWAY CULVERT PIPE, TYPE 3, 4, OR 5",LIN FT,LF,07,,current,ne_ndot_english_standard_item_list_2010,33,stditeme06252010.pdf#page=33;item=1702.42
ne_ndot_catalog_1702.54,ne_ndot_1702.54,1702.54,"54"" DRIVEWAY CULVERT PIPE, TYPE 3, 4, OR 5",LIN FT,LF,07,,current,ne_ndot_english_standard_item_list_2010,33,stditeme06252010.pdf#page=33;item=1702.54
ne_ndot_catalog_1703.24,ne_ndot_1703.24,1703.24,"24"" DRIVEWAY CULVERT PIPE, TYPE 2,3,4 OR 5",LIN FT,LF,07,,current,ne_ndot_english_standard_item_list_2010,33,stditeme06252010.pdf#page=33;item=1703.24
ne_ndot_catalog_1703.42,ne_ndot_1703.42,1703.42,"42"" DRIVEWAY CULVERT PIPE, TYPE 2,3,4 OR 5",LIN FT,LF,07,721.00,current,ne_ndot_english_standard_item_list_2010,33,stditeme06252010.pdf#page=33;item=1703.42
ne_ndot_catalog_1703.48,ne_ndot_1703.48,1703.48,"48"" DRIVEWAY CULVERT PIPE, TYPE 2,3,4 OR 5",LIN FT,LF,07,,current,ne_ndot_english_standard_item_list_2010,33,stditeme06252010.pdf#page=33;item=1703.48
ne_ndot_catalog_1703.54,ne_ndot_1703.54,1703.54,"54"" DRIVEWAY CULVERT PIPE, TYPE 2,3,4 OR 5",LIN FT,LF,07,,current,ne_ndot_english_standard_item_list_2010,34,stditeme06252010.pdf#page=34;item=1703.54
ne_ndot_catalog_1703.60,ne_ndot_1703.60,1703.60,"60"" DRIVEWAY CULVERT PIPE, TYPE 2,3,4 OR 5",LIN FT,LF,07,721.00,current,ne_ndot_english_standard_item_list_2010,34,stditeme06252010.pdf#page=34;item=1703.60
ne_ndot_catalog_1703.66,ne_ndot_1703.66,1703.66,"66"" DRIVEWAY CULVERT PIPE, TYPE 2,3,4 OR 5",LIN FT,LF,07,,current,ne_ndot_english_standard_item_list_2010,34,stditeme06252010.pdf#page=34;item=1703.66
ne_ndot_catalog_1703.72,ne_ndot_1703.72,1703.72,"72"" DRIVEWAY CULVERT PIPE 2,3,4 OR 5",LIN FT,LF,07,,current,ne_ndot_english_standard_item_list_2010,34,stditeme06252010.pdf#page=34;item=1703.72
ne_ndot_catalog_1704.18,ne_ndot_1704.18,1704.18,"18"" DRIVEWAY CULVERT PIPE, TYPE 2",LIN FT,LF,07,721.00,current,ne_ndot_english_standard_item_list_2010,34,stditeme06252010.pdf#page=34;item=1704.18
ne_ndot_catalog_1704.24,ne_ndot_1704.24,1704.24,"24"" DRIVEWAY CULVERT PIPE, TYPE 2",LIN FT,LF,07,,current,ne_ndot_english_standard_item_list_2010,34,stditeme06252010.pdf#page=34;item=1704.24
ne_ndot_catalog_1704.30,ne_ndot_1704.30,1704.30,"30"" DRIVEWAY CULVERT PIPE, TYPE 2",LIN FT,LF,07,,current,ne_ndot_english_standard_item_list_2010,34,stditeme06252010.pdf#page=34;item=1704.30
ne_ndot_catalog_1704.36,ne_ndot_1704.36,1704.36,"36"" DRIVEWAY CULVERT PIPE, TYPE 2",LIN FT,LF,07,,current,ne_ndot_english_standard_item_list_2010,34,stditeme06252010.pdf#page=34;item=1704.36
ne_ndot_catalog_1704.42,ne_ndot_1704.42,1704.42,"42"" DRIVEWAY CULVERT PIPE, TYPE 2",LIN FT,LF,07,,current,ne_ndot_english_standard_item_list_2010,34,stditeme06252010.pdf#page=34;item=1704.42
ne_ndot_catalog_1704.48,ne_ndot_1704.48,1704.48,"48"" DRIVEWAY CULVERT PIPE, TYPE 2",LIN FT,LF,07,,current,ne_ndot_english_standard_item_list_2010,34,stditeme06252010.pdf#page=34;item=1704.48
ne_ndot_catalog_1705.24,ne_ndot_1705.24,1705.24,"24"" ROUND EQUIVALENT DRIVEWAY CULVERT PIPE, TYPE 2,3,4 OR 5",LIN FT,LF,07,,current,ne_ndot_english_standard_item_list_2010,34,stditeme06252010.pdf#page=34;item=1705.24
ne_ndot_catalog_1705.30,ne_ndot_1705.30,1705.30,"30"" ROUND EQUIVALENT DRIVEWAY CULVERT PIPE, TYPE 2,3,4 OR 5",LIN FT,LF,07,,current,ne_ndot_english_standard_item_list_2010,34,stditeme06252010.pdf#page=34;item=1705.30
ne_ndot_catalog_1705.36,ne_ndot_1705.36,1705.36,"36"" ROUND EQUIVALENT DRIVEWAY CULVERT PIPE, TYPE 2,3,4 OR 5",LIN FT,LF,07,,current,ne_ndot_english_standard_item_list_2010,34,stditeme06252010.pdf#page=34;item=1705.36
ne_ndot_catalog_1705.42,ne_ndot_1705.42,1705.42,"42"" ROUND EQUIVALENT DRIVEWAY CULVERT PIPE, TYPE 2,3,4 OR 5",LIN FT,LF,07,,current,ne_ndot_english_standard_item_list_2010,34,stditeme06252010.pdf#page=34;item=1705.42
ne_ndot_catalog_1705.48,ne_ndot_1705.48,1705.48,"48"" ROUND EQUIVALENT DRIVEWAY CULVERT PIPE, TYPE 2,3,4 OR 5",LIN FT,LF,07,,current,ne_ndot_english_standard_item_list_2010,34,stditeme06252010.pdf#page=34;item=1705.48
ne_ndot_catalog_1705.54,ne_ndot_1705.54,1705.54,"54"" ROUND EQUIVALENT DRIVEWAY CULVERT PIPE, TYPE 2,3,4 OR 5",LIN FT,LF,07,,current,ne_ndot_english_standard_item_list_2010,34,stditeme06252010.pdf#page=34;item=1705.54
ne_ndot_catalog_1706.24,ne_ndot_1706.24,1706.24,"24"" ROUND EQUIVALENT DRIVEWAY CULVERT PIPE, TYPE 2",LIN FT,LF,07,,current,ne_ndot_english_standard_item_list_2010,34,stditeme06252010.pdf#page=34;item=1706.24
ne_ndot_catalog_1706.30,ne_ndot_1706.30,1706.30,"30"" ROUND EQUIVALENT DRIVEWAY CULVERT PIPE, TYPE 2",LIN FT,LF,07,,current,ne_ndot_english_standard_item_list_2010,34,stditeme06252010.pdf#page=34;item=1706.30
ne_ndot_catalog_1706.36,ne_ndot_1706.36,1706.36,"36"" ROUND EQUIVALENT DRIVEWAY CULVERT PIPE, TYPE 2",LIN FT,LF,07,,current,ne_ndot_english_standard_item_list_2010,34,stditeme06252010.pdf#page=34;item=1706.36
ne_ndot_catalog_1706.42,ne_ndot_1706.42,1706.42,"42"" ROUND EQUIVALENT DRIVEWAY CULVERT PIPE, TYPE 2",LIN FT,LF,07,,current,ne_ndot_english_standard_item_list_2010,35,stditeme06252010.pdf#page=35;item=1706.42
ne_ndot_catalog_1706.48,ne_ndot_1706.48,1706.48,"48"" ROUND EQUIVALENT DRIVEWAY CULVERT PIPE, TYPE 2",LIN FT,LF,07,721.00,current,ne_ndot_english_standard_item_list_2010,35,stditeme06252010.pdf#page=35;item=1706.48
ne_ndot_catalog_1706.54,ne_ndot_1706.54,1706.54,"54"" ROUND EQUIVALENT DRIVEWAY CULVERT PIPE, TYPE 2",LIN FT,LF,07,721.00,current,ne_ndot_english_standard_item_list_2010,35,stditeme06252010.pdf#page=35;item=1706.54
ne_ndot_catalog_1706.72,ne_ndot_1706.72,1706.72,"72"" ROUND EQUIVALENT DRIVEWAY CULVERT PIPE, TYPE 2",LIN FT,LF,07,,current,ne_ndot_english_standard_item_list_2010,35,stditeme06252010.pdf#page=35;item=1706.72
ne_ndot_catalog_1707.30,ne_ndot_1707.30,1707.30,"30"" ROUND EQUIVALENT DRIVEWAY CULVERT PIPE, TYPE 3,4 OR 5",LIN FT,LF,07,721.05,current,ne_ndot_english_standard_item_list_2010,35,stditeme06252010.pdf#page=35;item=1707.30
ne_ndot_catalog_1708.24,ne_ndot_1708.24,1708.24,"24"" DRIVEWAY CULVERT PIPE, TYPE 3",LIN FT,LF,07,,current,ne_ndot_english_standard_item_list_2010,35,stditeme06252010.pdf#page=35;item=1708.24
ne_ndot_catalog_1800.01,ne_ndot_1800.01,1800.01,RELOCATE,LUMP SUM,LS,07,,current,ne_ndot_english_standard_item_list_2010,35,stditeme06252010.pdf#page=35;item=1800.01
ne_ndot_catalog_1800.03,ne_ndot_1800.03,1800.03,RELOCATE BENCHMARK,EACH,EACH,07,,current,ne_ndot_english_standard_item_list_2010,35,stditeme06252010.pdf#page=35;item=1800.03
ne_ndot_catalog_1800.20,ne_ndot_1800.20,1800.20,RELOCATE ASPHALT PAD,EACH,EACH,07,,current,ne_ndot_english_standard_item_list_2010,35,stditeme06252010.pdf#page=35;item=1800.20
ne_ndot_catalog_1900.00,ne_ndot_1900.00,1900.00,FUEL COST ADJUSTMENT,LUMP SUM,LS,07,,current,ne_ndot_english_standard_item_list_2010,35,stditeme06252010.pdf#page=35;item=1900.00
ne_ndot_catalog_1900.01,ne_ndot_1900.01,1900.01,FUEL COST ADJUSTMENT,CU YD,CY,07,,current,ne_ndot_english_standard_item_list_2010,35,stditeme06252010.pdf#page=35;item=1900.01
ne_ndot_catalog_1900.02,ne_ndot_1900.02,1900.02,TRANSPORTATION CHARGES,LUMP SUM,LS,07,,current,ne_ndot_english_standard_item_list_2010,35,stditeme06252010.pdf#page=35;item=1900.02
ne_ndot_catalog_1900.03,ne_ndot_1900.03,1900.03,CREDIT FOR WORK NOT PERFORMED,LUMP SUM,LS,07,,current,ne_ndot_english_standard_item_list_2010,35,stditeme06252010.pdf#page=35;item=1900.03
ne_ndot_catalog_1900.05,ne_ndot_1900.05,1900.05,FORCE ACCOUNT AGREEMENT,LUMP SUM,LS,07,,current,ne_ndot_english_standard_item_list_2010,35,stditeme06252010.pdf#page=35;item=1900.05
ne_ndot_catalog_1900.10,ne_ndot_1900.10,1900.10,PLACING,CU YD,CY,07,,current,ne_ndot_english_standard_item_list_2010,35,stditeme06252010.pdf#page=35;item=1900.10
ne_ndot_catalog_1900.11,ne_ndot_1900.11,1900.11,REMOVAL,EACH,EACH,07,,current,ne_ndot_english_standard_item_list_2010,35,stditeme06252010.pdf#page=35;item=1900.11
ne_ndot_catalog_1900.12,ne_ndot_1900.12,1900.12,ASBESTOS ABATEMENT,LUMP SUM,LS,07,,current,ne_ndot_english_standard_item_list_2010,35,stditeme06252010.pdf#page=35;item=1900.12
ne_ndot_catalog_1900.13,ne_ndot_1900.13,1900.13,ASBESTOS ABATEMENT,LUMP SUM,LS,07,,current,ne_ndot_english_standard_item_list_2010,35,stditeme06252010.pdf#page=35;item=1900.13
ne_ndot_catalog_1900.80,ne_ndot_1900.80,1900.80,ROCK CROSS VANE STRUCTURE,EACH,EACH,07,,current,ne_ndot_english_standard_item_list_2010,35,stditeme06252010.pdf#page=35;item=1900.80
ne_ndot_catalog_1900.82,ne_ndot_1900.82,1900.82,BANK STABILIZATION,LIN FT,LF,07,,current,ne_ndot_english_standard_item_list_2010,36,stditeme06252010.pdf#page=36;item=1900.82
ne_ndot_catalog_1901.00,ne_ndot_1901.00,1901.00,STORED MATERIAL,EACH,EACH,07,,current,ne_ndot_english_standard_item_list_2010,36,stditeme06252010.pdf#page=36;item=1901.00
ne_ndot_catalog_1901.01,ne_ndot_1901.01,1901.01,STORED MATERIAL NOT INCORPORATED,SQ YD,SY,07,,current,ne_ndot_english_standard_item_list_2010,36,stditeme06252010.pdf#page=36;item=1901.01
ne_ndot_catalog_1901.04,ne_ndot_1901.04,1901.04,STORED MATERIAL,LUMP SUM,LS,07,,current,ne_ndot_english_standard_item_list_2010,36,stditeme06252010.pdf#page=36;item=1901.04
ne_ndot_catalog_1905.00,ne_ndot_1905.00,1905.00,MATERIAL DELIVERED NOT INCORPORATED,LUMP SUM,LS,07,,current,ne_ndot_english_standard_item_list_2010,36,stditeme06252010.pdf#page=36;item=1905.00
ne_ndot_catalog_1905.15,ne_ndot_1905.15,1905.15,CORRECTION,LUMP SUM,LS,07,,current,ne_ndot_english_standard_item_list_2010,36,stditeme06252010.pdf#page=36;item=1905.15
ne_ndot_catalog_1910.00,ne_ndot_1910.00,1910.00,DETOUR UTILIZATION,CAL DAY,DAY,07,,current,ne_ndot_english_standard_item_list_2010,36,stditeme06252010.pdf#page=36;item=1910.00
ne_ndot_catalog_1910.10,ne_ndot_1910.10,1910.10,DETOUR UTILIZATION,CAL DAY,DAY,07,,current,ne_ndot_english_standard_item_list_2010,36,stditeme06252010.pdf#page=36;item=1910.10
ne_ndot_catalog_1910.15,ne_ndot_1910.15,1910.15,MAINTAIN CONTRACTOR ACCESS ROAD,LUMP SUM,LS,07,,current,ne_ndot_english_standard_item_list_2010,36,stditeme06252010.pdf#page=36;item=1910.15
ne_ndot_catalog_1910.16,ne_ndot_1910.16,1910.16,CONSTRUCTION ENTRANCE,LUMP SUM,LS,07,,current,ne_ndot_english_standard_item_list_2010,36,stditeme06252010.pdf#page=36;item=1910.16
ne_ndot_catalog_1990.00,ne_ndot_1990.00,1990.00,FOREMAN,HOUR,HOUR,07,,current,ne_ndot_english_standard_item_list_2010,36,stditeme06252010.pdf#page=36;item=1990.00
ne_ndot_catalog_1990.01,ne_ndot_1990.01,1990.01,LABOR,HOUR,HOUR,07,,current,ne_ndot_english_standard_item_list_2010,36,stditeme06252010.pdf#page=36;item=1990.01
ne_ndot_catalog_1990.02,ne_ndot_1990.02,1990.02,LABOR,LUMP SUM,LS,07,,current,ne_ndot_english_standard_item_list_2010,36,stditeme06252010.pdf#page=36;item=1990.02
ne_ndot_catalog_1990.03,ne_ndot_1990.03,1990.03,SECURITY GUARD,HOUR,HOUR,07,,current,ne_ndot_english_standard_item_list_2010,36,stditeme06252010.pdf#page=36;item=1990.03
ne_ndot_catalog_1990.05,ne_ndot_1990.05,1990.05,RENTAL OF STOCKPILE SITE,LUMP SUM,LS,07,,current,ne_ndot_english_standard_item_list_2010,36,stditeme06252010.pdf#page=36;item=1990.05
ne_ndot_catalog_1990.06,ne_ndot_1990.06,1990.06,EQUIPMENT RENTAL,LUMP SUM,LS,07,,current,ne_ndot_english_standard_item_list_2010,36,stditeme06252010.pdf#page=36;item=1990.06
ne_ndot_catalog_1990.07,ne_ndot_1990.07,1990.07,CHANNEL RELOCATION,LUMP SUM,LS,07,,current,ne_ndot_english_standard_item_list_2010,36,stditeme06252010.pdf#page=36;item=1990.07
ne_ndot_catalog_1995.00,ne_ndot_1995.00,1995.00,STABILIZED CONSTRUCTION EXIT,EACH,EACH,07,,current,ne_ndot_english_standard_item_list_2010,36,stditeme06252010.pdf#page=36;item=1995.00
ne_ndot_catalog_2001.00,ne_ndot_2001.00,2001.00,GRAVEL SURFACE COURSE,CU YD,CY,07,310.00,current,ne_ndot_english_standard_item_list_2010,36,stditeme06252010.pdf#page=36;item=2001.00
ne_ndot_catalog_2001.03,ne_ndot_2001.03,2001.03,GRAVEL SURFACE COURSE,TON,TON,07,310.00,current,ne_ndot_english_standard_item_list_2010,37,stditeme06252010.pdf#page=37;item=2001.03
ne_ndot_catalog_2001.10,ne_ndot_2001.10,2001.10,"GRAVEL SURFACE COURSE, CLASS X",CU YD,CY,07,,current,ne_ndot_english_standard_item_list_2010,37,stditeme06252010.pdf#page=37;item=2001.10
ne_ndot_catalog_2001.20,ne_ndot_2001.20,2001.20,GRAVEL FOR TEMPORARY SURFACING,CU YD,CY,07,,current,ne_ndot_english_standard_item_list_2010,37,stditeme06252010.pdf#page=37;item=2001.20
ne_ndot_catalog_2002.00,ne_ndot_2002.00,2002.00,FURNISH GRAVEL,TON,TON,07,311.00,current,ne_ndot_english_standard_item_list_2010,37,stditeme06252010.pdf#page=37;item=2002.00
ne_ndot_catalog_2002.01,ne_ndot_2002.01,2002.01,FURNISH GRAVEL,CU YD,CY,07,311.00,current,ne_ndot_english_standard_item_list_2010,37,stditeme06252010.pdf#page=37;item=2002.01
ne_ndot_catalog_2005.50,ne_ndot_2005.50,2005.50,CLAY SURFACE COURSE,CU YD,CY,07,,current,ne_ndot_english_standard_item_list_2010,37,stditeme06252010.pdf#page=37;item=2005.50
ne_ndot_catalog_2005.55,ne_ndot_2005.55,2005.55,CLAY SURFACE COURSE,STATION,STA,07,,current,ne_ndot_english_standard_item_list_2010,37,stditeme06252010.pdf#page=37;item=2005.55
ne_ndot_catalog_2009.00,ne_ndot_2009.00,2009.00,GRAVEL EMBEDMENT,MILE,MILE,07,,current,ne_ndot_english_standard_item_list_2010,37,stditeme06252010.pdf#page=37;item=2009.00
ne_ndot_catalog_2009.10,ne_ndot_2009.10,2009.10,GRAVEL EMBEDMENT,STATION,STA,07,,current,ne_ndot_english_standard_item_list_2010,37,stditeme06252010.pdf#page=37;item=2009.10
ne_ndot_catalog_2009.20,ne_ndot_2009.20,2009.20,GRAVEL EMBEDMENT,SQ YD,SY,07,,current,ne_ndot_english_standard_item_list_2010,37,stditeme06252010.pdf#page=37;item=2009.20
ne_ndot_catalog_2009.30,ne_ndot_2009.30,2009.30,GRANULAR EMBEDMENT - EXTRA WORK,LUMP SUM,LS,07,,current,ne_ndot_english_standard_item_list_2010,37,stditeme06252010.pdf#page=37;item=2009.30
ne_ndot_catalog_2009.50,ne_ndot_2009.50,2009.50,CRUSHED ROCK EMBEDMENT,MILE,MILE,07,,current,ne_ndot_english_standard_item_list_2010,37,stditeme06252010.pdf#page=37;item=2009.50
ne_ndot_catalog_2009.51,ne_ndot_2009.51,2009.51,CRUSHED ROCK EMBEDMENT,STATION,STA,07,,current,ne_ndot_english_standard_item_list_2010,37,stditeme06252010.pdf#page=37;item=2009.51
ne_ndot_catalog_2009.52,ne_ndot_2009.52,2009.52,CRUSHED ROCK EMBEDMENT,SQ YD,SY,07,,current,ne_ndot_english_standard_item_list_2010,37,stditeme06252010.pdf#page=37;item=2009.52
ne_ndot_catalog_2010.00,ne_ndot_2010.00,2010.00,CRUSHED ROCK SURFACE COURSE,CU YD,CY,07,310.00,current,ne_ndot_english_standard_item_list_2010,37,stditeme06252010.pdf#page=37;item=2010.00
ne_ndot_catalog_2010.03,ne_ndot_2010.03,2010.03,CRUSHED ROCK SURFACE COURSE,TON,TON,07,310.00,current,ne_ndot_english_standard_item_list_2010,37,stditeme06252010.pdf#page=37;item=2010.03
ne_ndot_catalog_2010.25,ne_ndot_2010.25,2010.25,ROCK SURFACE COURSE,CU YD,CY,07,,current,ne_ndot_english_standard_item_list_2010,37,stditeme06252010.pdf#page=37;item=2010.25
ne_ndot_catalog_2011.05,ne_ndot_2011.05,2011.05,CRUSHED ROCK FOR TEMPORARY SURFACING,TON,TON,07,,current,ne_ndot_english_standard_item_list_2010,37,stditeme06252010.pdf#page=37;item=2011.05
ne_ndot_catalog_2012.00,ne_ndot_2012.00,2012.00,ROCK SHOULDER CONSTRUCTION,STATION,STA,07,,current,ne_ndot_english_standard_item_list_2010,37,stditeme06252010.pdf#page=37;item=2012.00
ne_ndot_catalog_2015.00,ne_ndot_2015.00,2015.00,CRUSHED ROCK BEDDING,TON,TON,07,,current,ne_ndot_english_standard_item_list_2010,38,stditeme06252010.pdf#page=38;item=2015.00
ne_ndot_catalog_2015.02,ne_ndot_2015.02,2015.02,CRUSHED ROCK BEDDING,CU YD,CY,07,,current,ne_ndot_english_standard_item_list_2010,38,stditeme06252010.pdf#page=38;item=2015.02
ne_ndot_catalog_2016.99,ne_ndot_2016.99,2016.99,CRUSHED ROCK,TON,TON,07,,current,ne_ndot_english_standard_item_list_2010,38,stditeme06252010.pdf#page=38;item=2016.99
ne_ndot_catalog_2017.00,ne_ndot_2017.00,2017.00,CRUSHED ROCK,TON,TON,07,,current,ne_ndot_english_standard_item_list_2010,38,stditeme06252010.pdf#page=38;item=2017.00
ne_ndot_catalog_2017.01,ne_ndot_2017.01,2017.01,CRUSHED ROCK,CU YD,CY,07,,current,ne_ndot_english_standard_item_list_2010,38,stditeme06252010.pdf#page=38;item=2017.01
ne_ndot_catalog_2017.05,ne_ndot_2017.05,2017.05,FURNISH CRUSHED ROCK,TON,TON,07,311.00,current,ne_ndot_english_standard_item_list_2010,38,stditeme06252010.pdf#page=38;item=2017.05
ne_ndot_catalog_2017.10,ne_ndot_2017.10,2017.10,LIMESTONE SCREENINGS,TON,TON,07,,current,ne_ndot_english_standard_item_list_2010,38,stditeme06252010.pdf#page=38;item=2017.10
ne_ndot_catalog_2018.00,ne_ndot_2018.00,2018.00,CRUSHED CONCRETE FOR TEMPORARY SURFACING,TON,TON,07,,current,ne_ndot_english_standard_item_list_2010,38,stditeme06252010.pdf#page=38;item=2018.00
ne_ndot_catalog_2018.02,ne_ndot_2018.02,2018.02,CRUSHED CONCRETE SURFACE COURSE,CU YD,CY,07,,current,ne_ndot_english_standard_item_list_2010,38,stditeme06252010.pdf#page=38;item=2018.02
ne_ndot_catalog_2018.05,ne_ndot_2018.05,2018.05,CRUSHED CONCRETE SURFACE COURSE,TON,TON,07,,current,ne_ndot_english_standard_item_list_2010,38,stditeme06252010.pdf#page=38;item=2018.05
ne_ndot_catalog_2018.15,ne_ndot_2018.15,2018.15,"1 1/2"" CRUSHED CONCRETE FOR TEMPORARY SURFACING",TON,TON,07,,current,ne_ndot_english_standard_item_list_2010,38,stditeme06252010.pdf#page=38;item=2018.15
ne_ndot_catalog_2018.20,ne_ndot_2018.20,2018.20,COARSE CRUSHED CONCRETE,TON,TON,07,,current,ne_ndot_english_standard_item_list_2010,38,stditeme06252010.pdf#page=38;item=2018.20
ne_ndot_catalog_2018.50,ne_ndot_2018.50,2018.50,CRUSHING,TON,TON,07,,current,ne_ndot_english_standard_item_list_2010,38,stditeme06252010.pdf#page=38;item=2018.50
ne_ndot_catalog_2019.00,ne_ndot_2019.00,2019.00,QUARRY RUN MATERIAL,TON,TON,07,,current,ne_ndot_english_standard_item_list_2010,38,stditeme06252010.pdf#page=38;item=2019.00
ne_ndot_catalog_2020.00,ne_ndot_2020.00,2020.00,SPECIAL SURFACE COURSE FOR MAILBOX TURNOUTS,SQ YD,SY,07,912.00,current,ne_ndot_english_standard_item_list_2010,38,stditeme06252010.pdf#page=38;item=2020.00
ne_ndot_catalog_2020.20,ne_ndot_2020.20,2020.20,SPECIAL SURFACE COURSE,SQ YD,SY,07,,current,ne_ndot_english_standard_item_list_2010,38,stditeme06252010.pdf#page=38;item=2020.20
ne_ndot_catalog_2020.22,ne_ndot_2020.22,2020.22,SPECIAL SURFACE COURSE,TON,TON,07,,current,ne_ndot_english_standard_item_list_2010,38,stditeme06252010.pdf#page=38;item=2020.22
ne_ndot_catalog_2020.50,ne_ndot_2020.50,2020.50,SURFACING,SQ YD,SY,07,,current,ne_ndot_english_standard_item_list_2010,38,stditeme06252010.pdf#page=38;item=2020.50
ne_ndot_catalog_2020.51,ne_ndot_2020.51,2020.51,SURFACING,SQ YD,SY,07,,current,ne_ndot_english_standard_item_list_2010,38,stditeme06252010.pdf#page=38;item=2020.51
ne_ndot_catalog_2020.75,ne_ndot_2020.75,2020.75,CRUSHED CONCRETE SURFACING,STATION,STA,07,,current,ne_ndot_english_standard_item_list_2010,39,stditeme06252010.pdf#page=39;item=2020.75
ne_ndot_catalog_2020.90,ne_ndot_2020.90,2020.90,CONSTRUCTION ENTRANCE,TON,TON,07,,current,ne_ndot_english_standard_item_list_2010,39,stditeme06252010.pdf#page=39;item=2020.90
ne_ndot_catalog_2021.00,ne_ndot_2021.00,2021.00,MAILBOX POST,EACH,EACH,07,921.00,current,ne_ndot_english_standard_item_list_2010,39,stditeme06252010.pdf#page=39;item=2021.00
ne_ndot_catalog_2021.05,ne_ndot_2021.05,2021.05,REMOVE AND RESET MAILBOX,EACH,EACH,07,,current,ne_ndot_english_standard_item_list_2010,39,stditeme06252010.pdf#page=39;item=2021.05
ne_ndot_catalog_2021.10,ne_ndot_2021.10,2021.10,TEMPORARY MAILBOX POST,EACH,EACH,07,,current,ne_ndot_english_standard_item_list_2010,39,stditeme06252010.pdf#page=39;item=2021.10
ne_ndot_catalog_2040.00,ne_ndot_2040.00,2040.00,CALCIUM CHLORIDE APPLIED,TON,TON,07,309.00,current,ne_ndot_english_standard_item_list_2010,39,stditeme06252010.pdf#page=39;item=2040.00
ne_ndot_catalog_2040.01,ne_ndot_2040.01,2040.01,CALCIUM CLORIDE APPLIED,M GAL,MGAL,07,,current,ne_ndot_english_standard_item_list_2010,39,stditeme06252010.pdf#page=39;item=2040.01
ne_ndot_catalog_2040.02,ne_ndot_2040.02,2040.02,"CALCIUM CLORIDE, TYPE II",TON,TON,07,,current,ne_ndot_english_standard_item_list_2010,39,stditeme06252010.pdf#page=39;item=2040.02
ne_ndot_catalog_2090.00,ne_ndot_2090.00,2090.00,COARSE AGGREGATE,CU YD,CY,07,,current,ne_ndot_english_standard_item_list_2010,39,stditeme06252010.pdf#page=39;item=2090.00
ne_ndot_catalog_2090.01,ne_ndot_2090.01,2090.01,COARSE AGGREGATE,CU YD,CY,07,,current,ne_ndot_english_standard_item_list_2010,39,stditeme06252010.pdf#page=39;item=2090.01
ne_ndot_catalog_2090.02,ne_ndot_2090.02,2090.02,COARSE AGGREGATE,TON,TON,07,,current,ne_ndot_english_standard_item_list_2010,39,stditeme06252010.pdf#page=39;item=2090.02
ne_ndot_catalog_2090.05,ne_ndot_2090.05,2090.05,AGGREGATES,TON,TON,07,,current,ne_ndot_english_standard_item_list_2010,39,stditeme06252010.pdf#page=39;item=2090.05
ne_ndot_catalog_2090.10,ne_ndot_2090.10,2090.10,SAND,TON,TON,07,,current,ne_ndot_english_standard_item_list_2010,39,stditeme06252010.pdf#page=39;item=2090.10
ne_ndot_catalog_2800.00,ne_ndot_2800.00,2800.00,HAULING,TON,TON,07,,current,ne_ndot_english_standard_item_list_2010,39,stditeme06252010.pdf#page=39;item=2800.00
ne_ndot_catalog_3001.00,ne_ndot_3001.00,3001.00,BREAK CONCRETE PAVEMENT,SQ YD,SY,07,203.00,current,ne_ndot_english_standard_item_list_2010,39,stditeme06252010.pdf#page=39;item=3001.00
ne_ndot_catalog_3003.00,ne_ndot_3003.00,3003.00,GLARE SCREEN BLADE,EACH,EACH,07,,current,ne_ndot_english_standard_item_list_2010,39,stditeme06252010.pdf#page=39;item=3003.00
ne_ndot_catalog_3008.00,ne_ndot_3008.00,3008.00,"2"" EXPANSION JOINT",LIN FT,LF,07,,current,ne_ndot_english_standard_item_list_2010,39,stditeme06252010.pdf#page=39;item=3008.00
ne_ndot_catalog_3008.02,ne_ndot_3008.02,3008.02,METER SOCKET,EACH,EACH,07,,current,ne_ndot_english_standard_item_list_2010,39,stditeme06252010.pdf#page=39;item=3008.02
ne_ndot_catalog_3008.05,ne_ndot_3008.05,3008.05,TIE BARS,EACH,EACH,07,909.00,current,ne_ndot_english_standard_item_list_2010,39,stditeme06252010.pdf#page=39;item=3008.05
ne_ndot_catalog_3008.10,ne_ndot_3008.10,3008.10,"TIE BARS, TYPE A",EACH,EACH,07,,current,ne_ndot_english_standard_item_list_2010,40,stditeme06252010.pdf#page=40;item=3008.10
ne_ndot_catalog_3008.11,ne_ndot_3008.11,3008.11,"TIE BARS, TYPE B",EACH,EACH,07,,current,ne_ndot_english_standard_item_list_2010,40,stditeme06252010.pdf#page=40;item=3008.11
ne_ndot_catalog_3008.15,ne_ndot_3008.15,3008.15,DOWEL BAR RETROFIT,EACH,EACH,07,,current,ne_ndot_english_standard_item_list_2010,40,stditeme06252010.pdf#page=40;item=3008.15
ne_ndot_catalog_3008.16,ne_ndot_3008.16,3008.16,DOWEL BAR,EACH,EACH,07,,current,ne_ndot_english_standard_item_list_2010,40,stditeme06252010.pdf#page=40;item=3008.16
ne_ndot_catalog_3008.18,ne_ndot_3008.18,3008.18,DOWEL BAR BASKET,EACH,EACH,07,,current,ne_ndot_english_standard_item_list_2010,40,stditeme06252010.pdf#page=40;item=3008.18
ne_ndot_catalog_3008.20,ne_ndot_3008.20,3008.20,CROSS STITCHING,EACH,EACH,07,,current,ne_ndot_english_standard_item_list_2010,40,stditeme06252010.pdf#page=40;item=3008.20
ne_ndot_catalog_3009.00,ne_ndot_3009.00,3009.00,PRECAST CONCRETE CURB STOP,EACH,EACH,07,,current,ne_ndot_english_standard_item_list_2010,40,stditeme06252010.pdf#page=40;item=3009.00
ne_ndot_catalog_3009.10,ne_ndot_3009.10,3009.10,PRECAST CONCRETE CURB,LIN FT,LF,07,,current,ne_ndot_english_standard_item_list_2010,40,stditeme06252010.pdf#page=40;item=3009.10
ne_ndot_catalog_3009.50,ne_ndot_3009.50,3009.50,CURB CUT,EACH,EACH,07,,current,ne_ndot_english_standard_item_list_2010,40,stditeme06252010.pdf#page=40;item=3009.50
ne_ndot_catalog_3010.03,ne_ndot_3010.03,3010.03,CONCRETE CLASS 47B-3500 CURB,LIN FT,LF,07,606.00,current,ne_ndot_english_standard_item_list_2010,40,stditeme06252010.pdf#page=40;item=3010.03
ne_ndot_catalog_3010.12,ne_ndot_3010.12,3010.12,"CONCRETE CLASS 47B-3500 LIP CURB, TYPE II",LIN FT,LF,07,,current,ne_ndot_english_standard_item_list_2010,40,stditeme06252010.pdf#page=40;item=3010.12
ne_ndot_catalog_3010.13,ne_ndot_3010.13,3010.13,CONCRETE CLASS 47B-3500 LIP CURB,LIN FT,LF,07,,current,ne_ndot_english_standard_item_list_2010,40,stditeme06252010.pdf#page=40;item=3010.13
ne_ndot_catalog_3010.40,ne_ndot_3010.40,3010.40,CONCRETE CURB REPAIR,SQ YD,SY,07,,current,ne_ndot_english_standard_item_list_2010,40,stditeme06252010.pdf#page=40;item=3010.40
ne_ndot_catalog_3010.41,ne_ndot_3010.41,3010.41,CONCRETE CURB REPAIR TACK-ON CURB,LIN FT,LF,07,,current,ne_ndot_english_standard_item_list_2010,40,stditeme06252010.pdf#page=40;item=3010.41
ne_ndot_catalog_3010.42,ne_ndot_3010.42,3010.42,CONCRETE CURB REPAIR,LIN FT,LF,07,,current,ne_ndot_english_standard_item_list_2010,40,stditeme06252010.pdf#page=40;item=3010.42
ne_ndot_catalog_3010.46,ne_ndot_3010.46,3010.46,REMOVE AND SALVAGE,EACH,EACH,07,,current,ne_ndot_english_standard_item_list_2010,40,stditeme06252010.pdf#page=40;item=3010.46
ne_ndot_catalog_3010.47,ne_ndot_3010.47,3010.47,REMOVE AND REPLACE,EACH,EACH,07,,current,ne_ndot_english_standard_item_list_2010,40,stditeme06252010.pdf#page=40;item=3010.47
ne_ndot_catalog_3010.48,ne_ndot_3010.48,3010.48,INSTALL GRANITE CURB,LIN FT,LF,07,,current,ne_ndot_english_standard_item_list_2010,40,stditeme06252010.pdf#page=40;item=3010.48
ne_ndot_catalog_3010.49,ne_ndot_3010.49,3010.49,CONCRETE DELINEATOR STRIP,LIN FT,LF,07,,current,ne_ndot_english_standard_item_list_2010,40,stditeme06252010.pdf#page=40;item=3010.49
ne_ndot_catalog_3010.50,ne_ndot_3010.50,3010.50,GRANITE CURB,LIN FT,LF,07,,current,ne_ndot_english_standard_item_list_2010,41,stditeme06252010.pdf#page=41;item=3010.50
ne_ndot_catalog_3010.51,ne_ndot_3010.51,3010.51,REMOVE & RESET GRANITE CURB,LIN FT,LF,07,,current,ne_ndot_english_standard_item_list_2010,41,stditeme06252010.pdf#page=41;item=3010.51
ne_ndot_catalog_3010.52,ne_ndot_3010.52,3010.52,INSTALL SANDSTONE CURB,LIN FT,LF,07,,current,ne_ndot_english_standard_item_list_2010,41,stditeme06252010.pdf#page=41;item=3010.52
ne_ndot_catalog_3010.53,ne_ndot_3010.53,3010.53,REMOVE & SALVAGE SANDSTONE CURB,LIN FT,LF,07,,current,ne_ndot_english_standard_item_list_2010,41,stditeme06252010.pdf#page=41;item=3010.53
ne_ndot_catalog_3010.54,ne_ndot_3010.54,3010.54,REMOVE & SALVAGE GRANITE CURB,LIN FT,LF,07,,current,ne_ndot_english_standard_item_list_2010,41,stditeme06252010.pdf#page=41;item=3010.54
ne_ndot_catalog_3010.55,ne_ndot_3010.55,3010.55,REMOVE & SALVAGE BRICK PAVERS,SQ YD,SY,07,,current,ne_ndot_english_standard_item_list_2010,41,stditeme06252010.pdf#page=41;item=3010.55
ne_ndot_catalog_3011.25,ne_ndot_3011.25,3011.25,"CONCRETE CLASS 47B-3500 CURB, TYPE II",LIN FT,LF,07,606.00,current,ne_ndot_english_standard_item_list_2010,41,stditeme06252010.pdf#page=41;item=3011.25
ne_ndot_catalog_3011.26,ne_ndot_3011.26,3011.26,"CONCRETE CLASS 47B-3500 CURB, TYPE I",LIN FT,LF,07,606.05,current,ne_ndot_english_standard_item_list_2010,41,stditeme06252010.pdf#page=41;item=3011.26
ne_ndot_catalog_3012.04,ne_ndot_3012.04,3012.04,CONCRETE CLASS 47B-3500 MEDIAN CURB,LIN FT,LF,07,606.00,current,ne_ndot_english_standard_item_list_2010,41,stditeme06252010.pdf#page=41;item=3012.04
ne_ndot_catalog_3012.08,ne_ndot_3012.08,3012.08,CONCRETE CLASS 47B-3500 MEDIAN LIP CURB,LIN FT,LF,07,,current,ne_ndot_english_standard_item_list_2010,41,stditeme06252010.pdf#page=41;item=3012.08
ne_ndot_catalog_3013.02,ne_ndot_3013.02,3013.02,CONCRETE BARRIER CURB SPECIAL,LIN FT,LF,07,,current,ne_ndot_english_standard_item_list_2010,41,stditeme06252010.pdf#page=41;item=3013.02
ne_ndot_catalog_3013.10,ne_ndot_3013.10,3013.10,CONCRETE CLASS 47B-3000 BARRIER CURB,LIN FT,LF,07,606.00,current,ne_ndot_english_standard_item_list_2010,41,stditeme06252010.pdf#page=41;item=3013.10
ne_ndot_catalog_3013.12,ne_ndot_3013.12,3013.12,CONCRETE CLASS 47BD-4000 MEDIAN BARRIER CURB,LIN FT,LF,07,,current,ne_ndot_english_standard_item_list_2010,41,stditeme06252010.pdf#page=41;item=3013.12
ne_ndot_catalog_3013.13,ne_ndot_3013.13,3013.13,CONCRETE CLASS 47BD-4000 BARRIER CURB,LIN FT,LF,07,606.00,current,ne_ndot_english_standard_item_list_2010,41,stditeme06252010.pdf#page=41;item=3013.13
ne_ndot_catalog_3013.14,ne_ndot_3013.14,3013.14,CONCRETE CLASS 47BD-4000 BARRIER CURB,LIN FT,LF,07,606.00,current,ne_ndot_english_standard_item_list_2010,41,stditeme06252010.pdf#page=41;item=3013.14
ne_ndot_catalog_3013.15,ne_ndot_3013.15,3013.15,CONCRETE CLASS 47B-3500 BARRIER CURB,LIN FT,LF,07,606.00,current,ne_ndot_english_standard_item_list_2010,41,stditeme06252010.pdf#page=41;item=3013.15
ne_ndot_catalog_3013.16,ne_ndot_3013.16,3013.16,CONCRETE CLASS 47BD-4000 BARRIER CURB,LIN FT,LF,07,606.00,current,ne_ndot_english_standard_item_list_2010,41,stditeme06252010.pdf#page=41;item=3013.16
ne_ndot_catalog_3013.17,ne_ndot_3013.17,3013.17,"CONCRETE CLASS 47B-3500 BARRIER CURB, TYPE A",LIN FT,LF,07,606.00,current,ne_ndot_english_standard_item_list_2010,41,stditeme06252010.pdf#page=41;item=3013.17
ne_ndot_catalog_3013.18,ne_ndot_3013.18,3013.18,CONCRETE CLASS 47B-3500 BARRIER CURB,LIN FT,LF,07,606.00,current,ne_ndot_english_standard_item_list_2010,41,stditeme06252010.pdf#page=41;item=3013.18
ne_ndot_catalog_3013.19,ne_ndot_3013.19,3013.19,CONCRETE CLASS 47BD-4000 SEPARATION BARRIER RAIL,LIN FT,LF,07,,current,ne_ndot_english_standard_item_list_2010,42,stditeme06252010.pdf#page=42;item=3013.19
ne_ndot_catalog_3013.25,ne_ndot_3013.25,3013.25,CONCRETE CLASS 47BD-4000 BARRIER TERMINAL SECTION,EACH,EACH,07,,current,ne_ndot_english_standard_item_list_2010,42,stditeme06252010.pdf#page=42;item=3013.25
ne_ndot_catalog_3013.26,ne_ndot_3013.26,3013.26,CONCRETE CLASS 47BD-4000 BARRIER TERMINAL SECTION,EACH,EACH,07,,current,ne_ndot_english_standard_item_list_2010,42,stditeme06252010.pdf#page=42;item=3013.26
ne_ndot_catalog_3013.30,ne_ndot_3013.30,3013.30,CONCRETE CLASS 47BD-4000 BARRIER TRANSITION SECTION,EACH,EACH,07,,current,ne_ndot_english_standard_item_list_2010,42,stditeme06252010.pdf#page=42;item=3013.30
ne_ndot_catalog_3013.31,ne_ndot_3013.31,3013.31,CONCRETE CLASS 47BD-4000 BARRIER TRANSITION SECTION,EACH,EACH,07,,current,ne_ndot_english_standard_item_list_2010,42,stditeme06252010.pdf#page=42;item=3013.31
ne_ndot_catalog_3013.32,ne_ndot_3013.32,3013.32,CONCRETE CLASS 47BD-4000 BARRIER TRANSITION SECTION,EACH,EACH,07,,current,ne_ndot_english_standard_item_list_2010,42,stditeme06252010.pdf#page=42;item=3013.32
ne_ndot_catalog_3013.33,ne_ndot_3013.33,3013.33,CONCRETE CLASS 47BD-4000 BARRIER TRANSITION SECTION,EACH,EACH,07,,current,ne_ndot_english_standard_item_list_2010,42,stditeme06252010.pdf#page=42;item=3013.33
ne_ndot_catalog_3013.34,ne_ndot_3013.34,3013.34,CONCRETE CLASS 47BD-4000 BARRIER TRANSITION SECTION,EACH,EACH,07,,current,ne_ndot_english_standard_item_list_2010,42,stditeme06252010.pdf#page=42;item=3013.34
ne_ndot_catalog_3013.35,ne_ndot_3013.35,3013.35,CONCRETE CLASS 47BD-4000 BARRIER TRANSITION SECTION,EACH,EACH,07,,current,ne_ndot_english_standard_item_list_2010,42,stditeme06252010.pdf#page=42;item=3013.35
ne_ndot_catalog_3013.36,ne_ndot_3013.36,3013.36,CONCRETE CLASS 47BD-4000 BARRIER TRANSITION SECTION,EACH,EACH,07,,current,ne_ndot_english_standard_item_list_2010,42,stditeme06252010.pdf#page=42;item=3013.36
ne_ndot_catalog_3013.37,ne_ndot_3013.37,3013.37,CONCRETE CLASS 47BD-4000 BARRIER TRANSITION SECTION,EACH,EACH,07,,current,ne_ndot_english_standard_item_list_2010,42,stditeme06252010.pdf#page=42;item=3013.37
ne_ndot_catalog_3013.50,ne_ndot_3013.50,3013.50,CONCRETE CLASS 47BD-4000 MEDIAN BARRIER CURB,LIN FT,LF,07,,current,ne_ndot_english_standard_item_list_2010,42,stditeme06252010.pdf#page=42;item=3013.50
ne_ndot_catalog_3013.55,ne_ndot_3013.55,3013.55,CONCRETE CLASS 47BD-4000 SPLIT CONCRETE MEDIAN BARRIER,LIN FT,LF,07,,current,ne_ndot_english_standard_item_list_2010,42,stditeme06252010.pdf#page=42;item=3013.55
ne_ndot_catalog_3013.80,ne_ndot_3013.80,3013.80,SPECIAL CONCRETE 47BD-4000 MEDIAN BARRIER,EACH,EACH,07,,current,ne_ndot_english_standard_item_list_2010,42,stditeme06252010.pdf#page=42;item=3013.80
ne_ndot_catalog_3013.81,ne_ndot_3013.81,3013.81,CONCRETE CLASS 47BD-4000 MEDIAN BARRIER,EACH,EACH,07,,current,ne_ndot_english_standard_item_list_2010,42,stditeme06252010.pdf#page=42;item=3013.81
ne_ndot_catalog_3014.11,ne_ndot_3014.11,3014.11,COMBINATION CONCRETE CLASS 47B-3500 CURB AND GUTTER,LIN FT,LF,07,606.00,current,ne_ndot_english_standard_item_list_2010,42,stditeme06252010.pdf#page=42;item=3014.11
ne_ndot_catalog_3014.13,ne_ndot_3014.13,3014.13,COMBINATION CONCRETE CLASS 47B-3500 CURB AND GUTTER,LIN FT,LF,07,606.00,current,ne_ndot_english_standard_item_list_2010,42,stditeme06252010.pdf#page=42;item=3014.13
ne_ndot_catalog_3014.14,ne_ndot_3014.14,3014.14,COMBINATION CONCRETE CLASS 47B-3500 CURB AND GUTTER,LIN FT,LF,07,606.00,current,ne_ndot_english_standard_item_list_2010,42,stditeme06252010.pdf#page=42;item=3014.14
ne_ndot_catalog_3014.15,ne_ndot_3014.15,3014.15,COMBINATION CONCRETE CLASS 47B-3500 CURB AND GUTTER,SQ YD,SY,07,,current,ne_ndot_english_standard_item_list_2010,42,stditeme06252010.pdf#page=42;item=3014.15
ne_ndot_catalog_3014.16,ne_ndot_3014.16,3014.16,COMBINATION CONCRETE CLASS 47B-3500 CURB AND GUTTER,SQ YD,SY,07,,current,ne_ndot_english_standard_item_list_2010,43,stditeme06252010.pdf#page=43;item=3014.16
ne_ndot_catalog_3014.17,ne_ndot_3014.17,3014.17,COMBINATION CONCRETE CLASS 47B-HE-3500 CURB AND GUTTER,LIN FT,LF,07,606.00,current,ne_ndot_english_standard_item_list_2010,43,stditeme06252010.pdf#page=43;item=3014.17
ne_ndot_catalog_3014.18,ne_ndot_3014.18,3014.18,COMBINATION CONCRETE CLASS 47B-4000 CURB AND GUTTER,LIN FT,LF,07,,current,ne_ndot_english_standard_item_list_2010,43,stditeme06252010.pdf#page=43;item=3014.18
ne_ndot_catalog_3015.02,ne_ndot_3015.02,3015.02,CONCRETE CLASS 47B-3500 GUTTER,SQ YD,SY,07,606.00,current,ne_ndot_english_standard_item_list_2010,43,stditeme06252010.pdf#page=43;item=3015.02
ne_ndot_catalog_3016.03,ne_ndot_3016.03,3016.03,"CONCRETE CLASS 47B-3000 SIDEWALK 5""",SQ YD,SY,07,607.00,current,ne_ndot_english_standard_item_list_2010,43,stditeme06252010.pdf#page=43;item=3016.03
ne_ndot_catalog_3016.05,ne_ndot_3016.05,3016.05,"CONCRETE CLASS 47B-3000 SIDEWALK 5""",SQ YD,SY,07,,current,ne_ndot_english_standard_item_list_2010,43,stditeme06252010.pdf#page=43;item=3016.05
ne_ndot_catalog_3016.19,ne_ndot_3016.19,3016.19,REINFORCED CONCRETE CLASS 47B-3000 SIDEWALK,SQ YD,SY,07,,current,ne_ndot_english_standard_item_list_2010,43,stditeme06252010.pdf#page=43;item=3016.19
ne_ndot_catalog_3016.21,ne_ndot_3016.21,3016.21,CONCRETE CLASS 47B-3000 SIDEWALKS,SQ YD,SY,07,607.00,current,ne_ndot_english_standard_item_list_2010,43,stditeme06252010.pdf#page=43;item=3016.21
ne_ndot_catalog_3016.22,ne_ndot_3016.22,3016.22,CONCRETE CLASS 47B-3500 SIDEWALK,SQ YD,SY,07,,current,ne_ndot_english_standard_item_list_2010,43,stditeme06252010.pdf#page=43;item=3016.22
ne_ndot_catalog_3016.23,ne_ndot_3016.23,3016.23,"6"" CONCRETE CLASS 47B-3000 SIDEWALKS",SQ YD,SY,07,607.00,current,ne_ndot_english_standard_item_list_2010,43,stditeme06252010.pdf#page=43;item=3016.23
ne_ndot_catalog_3016.24,ne_ndot_3016.24,3016.24,"8"" CONCRETE CLASS 47B-3000 SIDEWALKS",SQ YD,SY,07,607.00,current,ne_ndot_english_standard_item_list_2010,43,stditeme06252010.pdf#page=43;item=3016.24
ne_ndot_catalog_3016.25,ne_ndot_3016.25,3016.25,CONCRETE CLASS 47B-3000 SIDEWALK,SQ YD,SY,07,,current,ne_ndot_english_standard_item_list_2010,43,stditeme06252010.pdf#page=43;item=3016.25
ne_ndot_catalog_3016.26,ne_ndot_3016.26,3016.26,CONCRETE CLASS 47B-3000 SIDEWALK,CU YD,CY,07,,current,ne_ndot_english_standard_item_list_2010,43,stditeme06252010.pdf#page=43;item=3016.26
ne_ndot_catalog_3016.27,ne_ndot_3016.27,3016.27,COLORED IMPRINTED CONCRETE 47B-3000 SIDEWALKS,SQ YD,SY,07,,current,ne_ndot_english_standard_item_list_2010,43,stditeme06252010.pdf#page=43;item=3016.27
ne_ndot_catalog_3016.28,ne_ndot_3016.28,3016.28,CONCRETE CLASS 47BX-3000 SIDEWALK,SQ YD,SY,07,,current,ne_ndot_english_standard_item_list_2010,43,stditeme06252010.pdf#page=43;item=3016.28
ne_ndot_catalog_3016.29,ne_ndot_3016.29,3016.29,"CONCRETE CLASS 47BX-3500 SIDEWALK, 7""",SQ YD,SY,07,607.00,current,ne_ndot_english_standard_item_list_2010,43,stditeme06252010.pdf#page=43;item=3016.29
ne_ndot_catalog_3016.30,ne_ndot_3016.30,3016.30,CONCRETE CLASS 47BX-3500 SIDEWALK,SQ YD,SY,07,607.00,current,ne_ndot_english_standard_item_list_2010,43,stditeme06252010.pdf#page=43;item=3016.30
ne_ndot_catalog_3016.31,ne_ndot_3016.31,3016.31,"6"" CONCRETE CLASS 47B-3000 SIDEWALKS",SQ YD,SY,07,607.00,current,ne_ndot_english_standard_item_list_2010,43,stditeme06252010.pdf#page=43;item=3016.31
ne_ndot_catalog_3016.38,ne_ndot_3016.38,3016.38,DETECTABLE WARNING PANEL,EACH,EACH,07,,current,ne_ndot_english_standard_item_list_2010,43,stditeme06252010.pdf#page=43;item=3016.38
ne_ndot_catalog_3016.39,ne_ndot_3016.39,3016.39,DETECTABLE WARNING PANEL,SQ FT,SF,07,,current,ne_ndot_english_standard_item_list_2010,44,stditeme06252010.pdf#page=44;item=3016.39
ne_ndot_catalog_3016.58,ne_ndot_3016.58,3016.58,"4"" CONCRETE SURFACING",SQ FT,SF,07,,current,ne_ndot_english_standard_item_list_2010,44,stditeme06252010.pdf#page=44;item=3016.58
ne_ndot_catalog_3016.59,ne_ndot_3016.59,3016.59,"4"" CONCRETE SURFACING",SQ YD,SY,07,,current,ne_ndot_english_standard_item_list_2010,44,stditeme06252010.pdf#page=44;item=3016.59
ne_ndot_catalog_3016.61,ne_ndot_3016.61,3016.61,"5"" CONCRETE CLASS 47B-3000 BIKEWAY",SQ YD,SY,07,607.00,current,ne_ndot_english_standard_item_list_2010,44,stditeme06252010.pdf#page=44;item=3016.61
ne_ndot_catalog_3016.62,ne_ndot_3016.62,3016.62,"6"" CONCRETE CLASS 47B-3000 BIKEWAY",SQ YD,SY,07,607.00,current,ne_ndot_english_standard_item_list_2010,44,stditeme06252010.pdf#page=44;item=3016.62
ne_ndot_catalog_3016.63,ne_ndot_3016.63,3016.63,"7"" CONCRETE CLASS 47B-3000 BIKEWAY",SQ YD,SY,07,607.00,current,ne_ndot_english_standard_item_list_2010,44,stditeme06252010.pdf#page=44;item=3016.63
ne_ndot_catalog_3016.64,ne_ndot_3016.64,3016.64,"8"" CONCRETE CLASS 47B-3000 BIKEWAY",SQ YD,SY,07,607.00,current,ne_ndot_english_standard_item_list_2010,44,stditeme06252010.pdf#page=44;item=3016.64
ne_ndot_catalog_3016.66,ne_ndot_3016.66,3016.66,"4"" CONCRETE CLASS 47B-3000 BIKEWAY",SQ YD,SY,07,607.00,current,ne_ndot_english_standard_item_list_2010,44,stditeme06252010.pdf#page=44;item=3016.66
ne_ndot_catalog_3016.68,ne_ndot_3016.68,3016.68,"9"" CONCRETE CLASS 47B-3000 BIKEWAY",SQ YD,SY,07,607.00,current,ne_ndot_english_standard_item_list_2010,44,stditeme06252010.pdf#page=44;item=3016.68
ne_ndot_catalog_3016.70,ne_ndot_3016.70,3016.70,"10"" CONCRETE CLASS 47B-3000 BIKEWAY",SQ YD,SY,07,607.00,current,ne_ndot_english_standard_item_list_2010,44,stditeme06252010.pdf#page=44;item=3016.70
ne_ndot_catalog_3016.71,ne_ndot_3016.71,3016.71,"6"" CONCRETE CLASS 47B-3500 BIKEWAY",SQ YD,SY,07,607.00,current,ne_ndot_english_standard_item_list_2010,44,stditeme06252010.pdf#page=44;item=3016.71
ne_ndot_catalog_3016.74,ne_ndot_3016.74,3016.74,"9"" CONCRETE CLASS 47B-3500 BIKEWAY",SQ YD,SY,07,607.00,current,ne_ndot_english_standard_item_list_2010,44,stditeme06252010.pdf#page=44;item=3016.74
ne_ndot_catalog_3016.99,ne_ndot_3016.99,3016.99,IMPRINTED CONCRETE,SQ YD,SY,07,,current,ne_ndot_english_standard_item_list_2010,44,stditeme06252010.pdf#page=44;item=3016.99
ne_ndot_catalog_3017.07,ne_ndot_3017.07,3017.07,TACK-ON CONCRETE CLASS 47B-3500 MEDIAN,SQ YD,SY,07,,current,ne_ndot_english_standard_item_list_2010,44,stditeme06252010.pdf#page=44;item=3017.07
ne_ndot_catalog_3017.08,ne_ndot_3017.08,3017.08,"8"" CONCRETE IMPRINTED MEDIAN SURFACING",SQ FT,SF,07,,current,ne_ndot_english_standard_item_list_2010,44,stditeme06252010.pdf#page=44;item=3017.08
ne_ndot_catalog_3017.09,ne_ndot_3017.09,3017.09,"9"" CONCRETE CLASS 47B-3000 MEDIAN SURFACING",SQ YD,SY,07,607.00,current,ne_ndot_english_standard_item_list_2010,44,stditeme06252010.pdf#page=44;item=3017.09
ne_ndot_catalog_3017.11,ne_ndot_3017.11,3017.11,"10"" CONCRETE PAVEMENT CLASS 47B-3000 FOR MEDIAN SURFACING",SQ YD,SY,07,,current,ne_ndot_english_standard_item_list_2010,44,stditeme06252010.pdf#page=44;item=3017.11
ne_ndot_catalog_3017.12,ne_ndot_3017.12,3017.12,"10"" CONCRETE PAVEMENT CLASS 47B-3000 FOR MEDIAN SURFACING",SQ YD,SY,07,,current,ne_ndot_english_standard_item_list_2010,44,stditeme06252010.pdf#page=44;item=3017.12
ne_ndot_catalog_3017.13,ne_ndot_3017.13,3017.13,TACK-ON CONCRETE CLASS 47B-HE-3500 MEDIAN,SQ YD,SY,07,,current,ne_ndot_english_standard_item_list_2010,44,stditeme06252010.pdf#page=44;item=3017.13
ne_ndot_catalog_3017.16,ne_ndot_3017.16,3017.16,"6"" CONCRETE CLASS 47B-3000 IMPRINTED SURFACING",SQ FT,SF,07,,current,ne_ndot_english_standard_item_list_2010,45,stditeme06252010.pdf#page=45;item=3017.16
ne_ndot_catalog_3017.17,ne_ndot_3017.17,3017.17,"6"" CONCRETE CLASS 47B-3000 IMPRINTED SURFACING",SQ YD,SY,07,,current,ne_ndot_english_standard_item_list_2010,45,stditeme06252010.pdf#page=45;item=3017.17
ne_ndot_catalog_3017.19,ne_ndot_3017.19,3017.19,CONCRETE CLASS 47B-3000 IMPRINTED SURFACING,SQ YD,SY,07,,current,ne_ndot_english_standard_item_list_2010,45,stditeme06252010.pdf#page=45;item=3017.19
ne_ndot_catalog_3017.21,ne_ndot_3017.21,3017.21,CONCRETE CLASS 47B-3500 IMPRINTED SURFACING,SQ YD,SY,07,,current,ne_ndot_english_standard_item_list_2010,45,stditeme06252010.pdf#page=45;item=3017.21
ne_ndot_catalog_3017.22,ne_ndot_3017.22,3017.22,"6"" CONCRETE CLASS 47BX-4000 MEDIAN SURFACING",SQ YD,SY,07,,current,ne_ndot_english_standard_item_list_2010,45,stditeme06252010.pdf#page=45;item=3017.22
ne_ndot_catalog_3017.29,ne_ndot_3017.29,3017.29,"9"" IMPRINTED DOWELED CONCRETE PAVEMENT, CLASS 47B-3500",SQ YD,SY,07,603.00,current,ne_ndot_english_standard_item_list_2010,45,stditeme06252010.pdf#page=45;item=3017.29
ne_ndot_catalog_3017.31,ne_ndot_3017.31,3017.31,"9"" COLOR IMPRINTED CONCRETE PAVEMENT, CLASS 47B-3500",SQ YD,SY,07,,current,ne_ndot_english_standard_item_list_2010,45,stditeme06252010.pdf#page=45;item=3017.31
ne_ndot_catalog_3017.32,ne_ndot_3017.32,3017.32,"9"" IMPRINTED CONCRETE PAVEMENT",SQ YD,SY,07,603.00,current,ne_ndot_english_standard_item_list_2010,45,stditeme06252010.pdf#page=45;item=3017.32
ne_ndot_catalog_3017.37,ne_ndot_3017.37,3017.37,"7"" CONCRETE CLASS 47B-3000 MEDIAN SURFACING",SQ YD,SY,07,607.00,current,ne_ndot_english_standard_item_list_2010,45,stditeme06252010.pdf#page=45;item=3017.37
ne_ndot_catalog_3017.38,ne_ndot_3017.38,3017.38,"8"" REINFORCED CONCRETE CLASS 47B-3000 MEDIAN SURFACING",SQ YD,SY,07,,current,ne_ndot_english_standard_item_list_2010,45,stditeme06252010.pdf#page=45;item=3017.38
ne_ndot_catalog_3017.39,ne_ndot_3017.39,3017.39,CONCRETE CLASS 47B-3000 MEDIAN SURFACING,SQ YD,SY,07,607.00,current,ne_ndot_english_standard_item_list_2010,45,stditeme06252010.pdf#page=45;item=3017.39
ne_ndot_catalog_3017.40,ne_ndot_3017.40,3017.40,CONCRETE CLASS 47B-3000 MEDIAN SURFACING,SQ YD,SY,07,607.00,current,ne_ndot_english_standard_item_list_2010,45,stditeme06252010.pdf#page=45;item=3017.40
ne_ndot_catalog_3017.41,ne_ndot_3017.41,3017.41,CONCRETE CLASS 47B-3000 MEDIAN SURFACING,SQ YD,SY,07,607.00,current,ne_ndot_english_standard_item_list_2010,45,stditeme06252010.pdf#page=45;item=3017.41
ne_ndot_catalog_3017.42,ne_ndot_3017.42,3017.42,"8"" CONCRETE CLASS 47B-3000 MEDIAN SURFACING",SQ YD,SY,07,607.00,current,ne_ndot_english_standard_item_list_2010,45,stditeme06252010.pdf#page=45;item=3017.42
ne_ndot_catalog_3017.43,ne_ndot_3017.43,3017.43,"6"" CONCRETE CLASS 47B-3000 MEDIAN SURFACING",SQ YD,SY,07,607.00,current,ne_ndot_english_standard_item_list_2010,45,stditeme06252010.pdf#page=45;item=3017.43
ne_ndot_catalog_3017.44,ne_ndot_3017.44,3017.44,CONCRETE CLASS 47B-3000 IMPRINTED MEDIAN SURFACING,SQ YD,SY,07,,current,ne_ndot_english_standard_item_list_2010,45,stditeme06252010.pdf#page=45;item=3017.44
ne_ndot_catalog_3017.45,ne_ndot_3017.45,3017.45,"6"" CONCRETE IMPRINTED MEDIAN SURFACING",SQ YD,SY,07,,current,ne_ndot_english_standard_item_list_2010,45,stditeme06252010.pdf#page=45;item=3017.45
ne_ndot_catalog_3017.46,ne_ndot_3017.46,3017.46,"6"" CONCRETE CLASS 47B-3000 IMPRINTED MEDIAN SURFACING",SQ YD,SY,07,,current,ne_ndot_english_standard_item_list_2010,45,stditeme06252010.pdf#page=45;item=3017.46
ne_ndot_catalog_3017.47,ne_ndot_3017.47,3017.47,"6"" CONCRETE CLASS 47B-3000 IMPRINTED MEDIAN SURFACING",SQ YD,SY,07,,current,ne_ndot_english_standard_item_list_2010,45,stditeme06252010.pdf#page=45;item=3017.47
ne_ndot_catalog_3017.48,ne_ndot_3017.48,3017.48,"6"" REINFORCED CONCRETE CLASS 47B-3000 IMPRINTED MEDIAN SURFACING",SQ YD,SY,07,,current,ne_ndot_english_standard_item_list_2010,46,stditeme06252010.pdf#page=46;item=3017.48
ne_ndot_catalog_3017.49,ne_ndot_3017.49,3017.49,"10"" CONCRETE CLASS 47B-3000 IMPRINTED MEDIAN SURFACING",SQ YD,SY,07,,current,ne_ndot_english_standard_item_list_2010,46,stditeme06252010.pdf#page=46;item=3017.49
ne_ndot_catalog_3017.50,ne_ndot_3017.50,3017.50,INTERLOCKING CONCRETE PAVER BLOCK,SQ FT,SF,07,,current,ne_ndot_english_standard_item_list_2010,46,stditeme06252010.pdf#page=46;item=3017.50
ne_ndot_catalog_3017.51,ne_ndot_3017.51,3017.51,ARTICULATING CONCRETE BLOCK,LUMP SUM,LS,07,,current,ne_ndot_english_standard_item_list_2010,46,stditeme06252010.pdf#page=46;item=3017.51
ne_ndot_catalog_3017.52,ne_ndot_3017.52,3017.52,INTERLOCKING PAVER STONES,SQ FT,SF,07,,current,ne_ndot_english_standard_item_list_2010,46,stditeme06252010.pdf#page=46;item=3017.52
ne_ndot_catalog_3017.53,ne_ndot_3017.53,3017.53,RESET PAVER STONES,SQ FT,SF,07,,current,ne_ndot_english_standard_item_list_2010,46,stditeme06252010.pdf#page=46;item=3017.53
ne_ndot_catalog_3017.54,ne_ndot_3017.54,3017.54,GRASS PAVERS,SQ FT,SF,07,,current,ne_ndot_english_standard_item_list_2010,46,stditeme06252010.pdf#page=46;item=3017.54
ne_ndot_catalog_3017.55,ne_ndot_3017.55,3017.55,SOIL GRID CONFINEMENT SYSTEM,SQ FT,SF,07,,current,ne_ndot_english_standard_item_list_2010,46,stditeme06252010.pdf#page=46;item=3017.55
ne_ndot_catalog_3017.56,ne_ndot_3017.56,3017.56,PAVER STONES,SQ YD,SY,07,,current,ne_ndot_english_standard_item_list_2010,46,stditeme06252010.pdf#page=46;item=3017.56
ne_ndot_catalog_3017.57,ne_ndot_3017.57,3017.57,BRICK PAVERS,EACH,EACH,07,,current,ne_ndot_english_standard_item_list_2010,46,stditeme06252010.pdf#page=46;item=3017.57
ne_ndot_catalog_3017.58,ne_ndot_3017.58,3017.58,BRICK PAVERS,SQ YD,SY,07,,current,ne_ndot_english_standard_item_list_2010,46,stditeme06252010.pdf#page=46;item=3017.58
ne_ndot_catalog_3017.59,ne_ndot_3017.59,3017.59,INSTALL BRICK PAVERS,SQ YD,SY,07,,current,ne_ndot_english_standard_item_list_2010,46,stditeme06252010.pdf#page=46;item=3017.59
ne_ndot_catalog_3017.60,ne_ndot_3017.60,3017.60,"6"" CONCRETE CLASS 47B-3500 MEDIAN SURFACING",SQ YD,SY,07,,current,ne_ndot_english_standard_item_list_2010,46,stditeme06252010.pdf#page=46;item=3017.60
ne_ndot_catalog_3017.61,ne_ndot_3017.61,3017.61,"6"" CONCRETE",SQ YD,SY,07,,current,ne_ndot_english_standard_item_list_2010,46,stditeme06252010.pdf#page=46;item=3017.61
ne_ndot_catalog_3019.24,ne_ndot_3019.24,3019.24,CONCRETE CLASS 47B-3500 ISLAND NOSE,EACH,EACH,07,608.00,current,ne_ndot_english_standard_item_list_2010,46,stditeme06252010.pdf#page=46;item=3019.24
ne_ndot_catalog_3020.06,ne_ndot_3020.06,3020.06,CONCRETE DRIVEWAY,LUMP SUM,LS,07,,current,ne_ndot_english_standard_item_list_2010,46,stditeme06252010.pdf#page=46;item=3020.06
ne_ndot_catalog_3020.23,ne_ndot_3020.23,3020.23,"CONCRETE CLASS 47B-3500 DRIVEWAY 8""",SQ YD,SY,07,609.00,current,ne_ndot_english_standard_item_list_2010,46,stditeme06252010.pdf#page=46;item=3020.23
ne_ndot_catalog_3020.24,ne_ndot_3020.24,3020.24,CONCRETE CLASS 47B-3500 DRIVEWAY,SQ YD,SY,07,609.00,current,ne_ndot_english_standard_item_list_2010,46,stditeme06252010.pdf#page=46;item=3020.24
ne_ndot_catalog_3020.31,ne_ndot_3020.31,3020.31,CONCRETE CLASS PR-3500 DRIVEWAY,SQ YD,SY,07,609.00,current,ne_ndot_english_standard_item_list_2010,46,stditeme06252010.pdf#page=46;item=3020.31
ne_ndot_catalog_3020.32,ne_ndot_3020.32,3020.32,CONCRETE 47B-HE-3500 DRIVEWAY,SQ YD,SY,07,609.00,current,ne_ndot_english_standard_item_list_2010,47,stditeme06252010.pdf#page=47;item=3020.32
ne_ndot_catalog_3020.33,ne_ndot_3020.33,3020.33,"CONCRETE CLASS 47B-3500 DRIVEWAY 9""",SQ YD,SY,07,609.00,current,ne_ndot_english_standard_item_list_2010,47,stditeme06252010.pdf#page=47;item=3020.33
ne_ndot_catalog_3020.34,ne_ndot_3020.34,3020.34,"CONCRETE CLASS 47B-3500 DRIVEWAY 10""",SQ YD,SY,07,609.00,current,ne_ndot_english_standard_item_list_2010,47,stditeme06252010.pdf#page=47;item=3020.34
ne_ndot_catalog_3020.35,ne_ndot_3020.35,3020.35,CONCRETE CLASS 47B-4000 DRIVEWAY,SQ YD,SY,07,,current,ne_ndot_english_standard_item_list_2010,47,stditeme06252010.pdf#page=47;item=3020.35
ne_ndot_catalog_3025.00,ne_ndot_3025.00,3025.00,CONCRETE CLASS 47BD-4000 MEDIAN BARRIER,LIN FT,LF,07,,current,ne_ndot_english_standard_item_list_2010,47,stditeme06252010.pdf#page=47;item=3025.00
ne_ndot_catalog_3025.04,ne_ndot_3025.04,3025.04,CONCRETE CLASS 47BD-4000 MEDIAN BARRIER,LIN FT,LF,07,,current,ne_ndot_english_standard_item_list_2010,47,stditeme06252010.pdf#page=47;item=3025.04
ne_ndot_catalog_3025.05,ne_ndot_3025.05,3025.05,CONCRETE CLASS 47BD-4000 MEDIAN BARRIER,LIN FT,LF,07,,current,ne_ndot_english_standard_item_list_2010,47,stditeme06252010.pdf#page=47;item=3025.05
ne_ndot_catalog_3026.00,ne_ndot_3026.00,3026.00,CONCRETE 47BD-4000 MEDIAN BARRIER END SECTION,EACH,EACH,07,,current,ne_ndot_english_standard_item_list_2010,47,stditeme06252010.pdf#page=47;item=3026.00
ne_ndot_catalog_3026.05,ne_ndot_3026.05,3026.05,CONCRETE CLASS 47BD-4000 BARRIER END SECTION,EACH,EACH,07,,current,ne_ndot_english_standard_item_list_2010,47,stditeme06252010.pdf#page=47;item=3026.05
ne_ndot_catalog_3026.30,ne_ndot_3026.30,3026.30,CONCRETE CLASS 47BD-4000 BARRIER CURB,EACH,EACH,07,,current,ne_ndot_english_standard_item_list_2010,47,stditeme06252010.pdf#page=47;item=3026.30
ne_ndot_catalog_3026.98,ne_ndot_3026.98,3026.98,CONCRETE CLASS 47BD-4000 MEDIAN BARRIER TRANSITION SECTION FOR SIGN SUPPORT,EACH,EACH,07,,current,ne_ndot_english_standard_item_list_2010,47,stditeme06252010.pdf#page=47;item=3026.98
ne_ndot_catalog_3027.00,ne_ndot_3027.00,3027.00,CONCRETE CLASS 47BD-4000 MEDIAN BARRIER TRANSITION SECTION,EACH,EACH,07,,current,ne_ndot_english_standard_item_list_2010,47,stditeme06252010.pdf#page=47;item=3027.00
ne_ndot_catalog_3027.03,ne_ndot_3027.03,3027.03,CONCRETE CLASS 47BD-4000 MEDIAN BARRIER TRANSITION SECTION,EACH,EACH,07,,current,ne_ndot_english_standard_item_list_2010,47,stditeme06252010.pdf#page=47;item=3027.03
ne_ndot_catalog_3027.04,ne_ndot_3027.04,3027.04,CONCRETE CLASS 47BD-4000 MEDIAN BARRIER TRANSITION SECTION,EACH,EACH,07,,current,ne_ndot_english_standard_item_list_2010,47,stditeme06252010.pdf#page=47;item=3027.04
ne_ndot_catalog_3027.05,ne_ndot_3027.05,3027.05,CONCRETE CLASS 47BD-4000 MEDIAN BARRIER TRANSITION SECTION,EACH,EACH,07,,current,ne_ndot_english_standard_item_list_2010,47,stditeme06252010.pdf#page=47;item=3027.05
ne_ndot_catalog_3027.06,ne_ndot_3027.06,3027.06,CONCRETE CLASS 47BD-4000 MEDIAN BARRIER TRANSITION SECTION,EACH,EACH,07,,current,ne_ndot_english_standard_item_list_2010,47,stditeme06252010.pdf#page=47;item=3027.06
ne_ndot_catalog_3030.99,ne_ndot_3030.99,3030.99,CRUSHED CONCRETE BASE COURSE,TON,TON,07,,current,ne_ndot_english_standard_item_list_2010,47,stditeme06252010.pdf#page=47;item=3030.99
ne_ndot_catalog_3031.05,ne_ndot_3031.05,3031.05,"5"" CONCRETE BASE COURSE",SQ YD,SY,07,604.00,current,ne_ndot_english_standard_item_list_2010,47,stditeme06252010.pdf#page=47;item=3031.05
ne_ndot_catalog_3031.06,ne_ndot_3031.06,3031.06,"6"" CONCRETE BASE COURSE",SQ YD,SY,07,604.00,current,ne_ndot_english_standard_item_list_2010,47,stditeme06252010.pdf#page=47;item=3031.06
ne_ndot_catalog_3031.07,ne_ndot_3031.07,3031.07,"7"" CONCRETE BASE COURSE",SQ YD,SY,07,604.00,current,ne_ndot_english_standard_item_list_2010,48,stditeme06252010.pdf#page=48;item=3031.07
ne_ndot_catalog_3031.08,ne_ndot_3031.08,3031.08,"8"" CONCRETE BASE COURSE",SQ YD,SY,07,604.00,current,ne_ndot_english_standard_item_list_2010,48,stditeme06252010.pdf#page=48;item=3031.08
ne_ndot_catalog_3031.09,ne_ndot_3031.09,3031.09,"9"" CONCRETE BASE COURSE",SQ YD,SY,07,604.00,current,ne_ndot_english_standard_item_list_2010,48,stditeme06252010.pdf#page=48;item=3031.09
ne_ndot_catalog_3031.10,ne_ndot_3031.10,3031.10,"10"" CONCRETE BASE COURSE",SQ YD,SY,07,604.00,current,ne_ndot_english_standard_item_list_2010,48,stditeme06252010.pdf#page=48;item=3031.10
ne_ndot_catalog_3031.11,ne_ndot_3031.11,3031.11,"11"" CONCRETE BASE COURSE",SQ YD,SY,07,604.00,current,ne_ndot_english_standard_item_list_2010,48,stditeme06252010.pdf#page=48;item=3031.11
ne_ndot_catalog_3031.12,ne_ndot_3031.12,3031.12,"12"" CONCRETE BASE COURSE",SQ YD,SY,07,604.00,current,ne_ndot_english_standard_item_list_2010,48,stditeme06252010.pdf#page=48;item=3031.12
ne_ndot_catalog_3031.13,ne_ndot_3031.13,3031.13,"14"" CONCRETE BASE COURSE",SQ YD,SY,07,604.00,current,ne_ndot_english_standard_item_list_2010,48,stditeme06252010.pdf#page=48;item=3031.13
ne_ndot_catalog_3031.14,ne_ndot_3031.14,3031.14,"8"" CONCRETE BASE COURSE",SQ YD,SY,07,604.00,current,ne_ndot_english_standard_item_list_2010,48,stditeme06252010.pdf#page=48;item=3031.14
ne_ndot_catalog_3031.15,ne_ndot_3031.15,3031.15,"15"" CONCRETE BASE COURSE",SQ YD,SY,07,604.00,current,ne_ndot_english_standard_item_list_2010,48,stditeme06252010.pdf#page=48;item=3031.15
ne_ndot_catalog_3031.18,ne_ndot_3031.18,3031.18,"8"" DOWELED CONCRETE BASE COURSE",SQ YD,SY,07,604.00,current,ne_ndot_english_standard_item_list_2010,48,stditeme06252010.pdf#page=48;item=3031.18
ne_ndot_catalog_3031.19,ne_ndot_3031.19,3031.19,"9"" DOWELED CONCRETE BASE COURSE",SQ YD,SY,07,604.00,current,ne_ndot_english_standard_item_list_2010,48,stditeme06252010.pdf#page=48;item=3031.19
ne_ndot_catalog_3031.20,ne_ndot_3031.20,3031.20,"10"" DOWELED CONCRETE BASE COURSE",SQ YD,SY,07,,current,ne_ndot_english_standard_item_list_2010,48,stditeme06252010.pdf#page=48;item=3031.20
ne_ndot_catalog_3031.23,ne_ndot_3031.23,3031.23,"13"" DOWELED CONCRETE BASE COURSE",SQ YD,SY,07,604.00,current,ne_ndot_english_standard_item_list_2010,48,stditeme06252010.pdf#page=48;item=3031.23
ne_ndot_catalog_3031.24,ne_ndot_3031.24,3031.24,"14"" DOWELED CONCRETE BASE COURSE",SQ YD,SY,07,604.00,current,ne_ndot_english_standard_item_list_2010,48,stditeme06252010.pdf#page=48;item=3031.24
ne_ndot_catalog_3031.33,ne_ndot_3031.33,3031.33,"13"" CONCRETE BASE COURSE",SQ YD,SY,07,604.00,current,ne_ndot_english_standard_item_list_2010,48,stditeme06252010.pdf#page=48;item=3031.33
ne_ndot_catalog_3031.80,ne_ndot_3031.80,3031.80,"8"" CONCRETE BASE COURSE CLASS PR-3500",SQ YD,SY,07,604.00,current,ne_ndot_english_standard_item_list_2010,48,stditeme06252010.pdf#page=48;item=3031.80
ne_ndot_catalog_3032.09,ne_ndot_3032.09,3032.09,"9"" CONCRETE BASE COURSE, CLASS 47B-HE-3500",SQ YD,SY,07,604.00,current,ne_ndot_english_standard_item_list_2010,48,stditeme06252010.pdf#page=48;item=3032.09
ne_ndot_catalog_3032.18,ne_ndot_3032.18,3032.18,"8"" CONCRETE BASE COURSE, CLASS 47B-HE-3500",SQ YD,SY,07,604.00,current,ne_ndot_english_standard_item_list_2010,48,stditeme06252010.pdf#page=48;item=3032.18
ne_ndot_catalog_3039.11,ne_ndot_3039.11,3039.11,"CONCRETE PAVEMENT REPAIR, TYPE A, FULL DEPTH",CU YD,CY,07,,current,ne_ndot_english_standard_item_list_2010,48,stditeme06252010.pdf#page=48;item=3039.11
ne_ndot_catalog_3039.12,ne_ndot_3039.12,3039.12,"CONCRETE PAVEMENT REPAIR, TYPE B, FULL DEPTH",CU YD,CY,07,,current,ne_ndot_english_standard_item_list_2010,49,stditeme06252010.pdf#page=49;item=3039.12
ne_ndot_catalog_3039.13,ne_ndot_3039.13,3039.13,"CONCRETE PAVEMENT REPAIR, TYPE C, FULL DEPTH",CU YD,CY,07,,current,ne_ndot_english_standard_item_list_2010,49,stditeme06252010.pdf#page=49;item=3039.13
ne_ndot_catalog_3039.14,ne_ndot_3039.14,3039.14,"CONCRETE PAVEMENT REPAIR, TYPE A, PARTIAL DEPTH",CU YD,CY,07,,current,ne_ndot_english_standard_item_list_2010,49,stditeme06252010.pdf#page=49;item=3039.14
ne_ndot_catalog_3039.15,ne_ndot_3039.15,3039.15,"CONCRETE PAVEMENT REPAIR, TYPE B, PARTIAL DEPTH",CU YD,CY,07,,current,ne_ndot_english_standard_item_list_2010,49,stditeme06252010.pdf#page=49;item=3039.15
ne_ndot_catalog_3039.16,ne_ndot_3039.16,3039.16,"CONCRETE PAVEMENT REPAIR, TYPE C, PARTIAL DEPTH",CU YD,CY,07,,current,ne_ndot_english_standard_item_list_2010,49,stditeme06252010.pdf#page=49;item=3039.16
ne_ndot_catalog_3039.18,ne_ndot_3039.18,3039.18,"CONCRETE PAVEMENT REPAIR, TYPE B, FULL DEPTH",CU YD,CY,07,,current,ne_ndot_english_standard_item_list_2010,49,stditeme06252010.pdf#page=49;item=3039.18
ne_ndot_catalog_3039.19,ne_ndot_3039.19,3039.19,"CONCRETE PAVEMENT REPAIR, TYPE C, FULL DEPTH",CU YD,CY,07,,current,ne_ndot_english_standard_item_list_2010,49,stditeme06252010.pdf#page=49;item=3039.19
ne_ndot_catalog_3039.20,ne_ndot_3039.20,3039.20,"CONCRETE PAVEMENT REPAIR, TYPE A, FULL DEPTH, 6""",CU YD,CY,07,,current,ne_ndot_english_standard_item_list_2010,49,stditeme06252010.pdf#page=49;item=3039.20
ne_ndot_catalog_3039.21,ne_ndot_3039.21,3039.21,"CONCRETE PAVEMENT REPAIR, TYPE B, FULL DEPTH, 6""",CU YD,CY,07,,current,ne_ndot_english_standard_item_list_2010,49,stditeme06252010.pdf#page=49;item=3039.21
ne_ndot_catalog_3039.22,ne_ndot_3039.22,3039.22,"CONCRETE PAVEMENT REPAIR, TYPE C, FULL DEPTH, 6""",CU YD,CY,07,,current,ne_ndot_english_standard_item_list_2010,49,stditeme06252010.pdf#page=49;item=3039.22
ne_ndot_catalog_3040.11,ne_ndot_3040.11,3040.11,"CONCRETE PAVEMENT REPAIR, TYPE A, FULL DEPTH",SQ YD,SY,07,605.00,current,ne_ndot_english_standard_item_list_2010,49,stditeme06252010.pdf#page=49;item=3040.11
ne_ndot_catalog_3040.12,ne_ndot_3040.12,3040.12,"CONCRETE PAVEMENT REPAIR, TYPE B, FULL DEPTH",SQ YD,SY,07,605.00,current,ne_ndot_english_standard_item_list_2010,49,stditeme06252010.pdf#page=49;item=3040.12
ne_ndot_catalog_3040.13,ne_ndot_3040.13,3040.13,"CONCRETE PAVEMENT REPAIR, TYPE C, FULL DEPTH",SQ YD,SY,07,605.00,current,ne_ndot_english_standard_item_list_2010,49,stditeme06252010.pdf#page=49;item=3040.13
ne_ndot_catalog_3040.14,ne_ndot_3040.14,3040.14,"CONCRETE PAVEMENT REPAIR, TYPE C, FULL DEPTH",SQ YD,SY,07,605.00,current,ne_ndot_english_standard_item_list_2010,49,stditeme06252010.pdf#page=49;item=3040.14
ne_ndot_catalog_3040.15,ne_ndot_3040.15,3040.15,"CONCRETE PAVEMENT REPAIR, TYPE B, FULL DEPTH",SQ YD,SY,07,605.00,current,ne_ndot_english_standard_item_list_2010,49,stditeme06252010.pdf#page=49;item=3040.15
ne_ndot_catalog_3040.16,ne_ndot_3040.16,3040.16,"CONCRETE PAVEMENT REPAIR, TYPE B, PARTIAL DEPTH",SQ YD,SY,07,605.00,current,ne_ndot_english_standard_item_list_2010,49,stditeme06252010.pdf#page=49;item=3040.16
ne_ndot_catalog_3040.17,ne_ndot_3040.17,3040.17,"CONCRETE PAVEMENT REPAIR, TYPE C, PARTIAL DEPTH",SQ YD,SY,07,605.00,current,ne_ndot_english_standard_item_list_2010,49,stditeme06252010.pdf#page=49;item=3040.17
ne_ndot_catalog_3040.18,ne_ndot_3040.18,3040.18,"CONCRETE PAVEMENT REPAIR, TYPE A, PARTIAL DEPTH",SQ YD,SY,07,605.00,current,ne_ndot_english_standard_item_list_2010,49,stditeme06252010.pdf#page=49;item=3040.18
ne_ndot_catalog_3040.20,ne_ndot_3040.20,3040.20,"CONCRETE PAVEMENT PATCHING, CURB REPAIR",SQ YD,SY,07,,current,ne_ndot_english_standard_item_list_2010,49,stditeme06252010.pdf#page=49;item=3040.20
ne_ndot_catalog_3041.10,ne_ndot_3041.10,3041.10,PAVEMENT PATCHING,SQ YD,SY,07,,current,ne_ndot_english_standard_item_list_2010,50,stditeme06252010.pdf#page=50;item=3041.10
ne_ndot_catalog_3041.25,ne_ndot_3041.25,3041.25,BITUMINOUS PATCHING,TON,TON,07,520.00,current,ne_ndot_english_standard_item_list_2010,50,stditeme06252010.pdf#page=50;item=3041.25
ne_ndot_catalog_3050.00,ne_ndot_3050.00,3050.00,CONCRETE FOR PAVEMENT APPROACHES,CU YD,CY,07,,current,ne_ndot_english_standard_item_list_2010,50,stditeme06252010.pdf#page=50;item=3050.00
ne_ndot_catalog_3050.15,ne_ndot_3050.15,3050.15,CONCRETE FOR PAVEMENT APPROACHES CLASS 47BD-4000,CU YD,CY,07,603.00,current,ne_ndot_english_standard_item_list_2010,50,stditeme06252010.pdf#page=50;item=3050.15
ne_ndot_catalog_3050.16,ne_ndot_3050.16,3050.16,CONCRETE FOR PAVEMENT APPROACHES CLASS 47BD-5000,CU YD,CY,07,603.00,current,ne_ndot_english_standard_item_list_2010,50,stditeme06252010.pdf#page=50;item=3050.16
ne_ndot_catalog_3051.00,ne_ndot_3051.00,3051.00,REINFORCING STEEL FOR PAVEMENT APPROACHES,POUND,LB,07,,current,ne_ndot_english_standard_item_list_2010,50,stditeme06252010.pdf#page=50;item=3051.00
ne_ndot_catalog_3051.08,ne_ndot_3051.08,3051.08,GALVANIZED REINFORCING STEEL FOR PAVEMENT APPROACHES,POUND,LB,07,,current,ne_ndot_english_standard_item_list_2010,50,stditeme06252010.pdf#page=50;item=3051.08
ne_ndot_catalog_3051.10,ne_ndot_3051.10,3051.10,EPOXY COATED REINFORCING STEEL FOR PAVEMENT APPROACHES,POUND,LB,07,603.00,current,ne_ndot_english_standard_item_list_2010,50,stditeme06252010.pdf#page=50;item=3051.10
ne_ndot_catalog_3051.15,ne_ndot_3051.15,3051.15,EPOXY COATED WELDED WIRE FABRIC FOR PAVEMENT APPROACHES,POUND,LB,07,,current,ne_ndot_english_standard_item_list_2010,50,stditeme06252010.pdf#page=50;item=3051.15
ne_ndot_catalog_3070.01,ne_ndot_3070.01,3070.01,47B-SG-3000 CONCRETE SLURRY,CU YD,CY,07,,current,ne_ndot_english_standard_item_list_2010,50,stditeme06252010.pdf#page=50;item=3070.01
ne_ndot_catalog_3070.11,ne_ndot_3070.11,3070.11,"CONCRETE FOR HEADERS, CLASS 47B-3500",CU YD,CY,07,603.00,current,ne_ndot_english_standard_item_list_2010,50,stditeme06252010.pdf#page=50;item=3070.11
ne_ndot_catalog_3070.15,ne_ndot_3070.15,3070.15,CONCRETE HEADER,LIN FT,LF,07,,current,ne_ndot_english_standard_item_list_2010,50,stditeme06252010.pdf#page=50;item=3070.15
ne_ndot_catalog_3073.43,ne_ndot_3073.43,3073.43,"9.5"" CONCRETE PAVEMENT, CLASS 47B-3500",SQ YD,SY,07,603.00,current,ne_ndot_english_standard_item_list_2010,50,stditeme06252010.pdf#page=50;item=3073.43
ne_ndot_catalog_3075.02,ne_ndot_3075.02,3075.02,"5"" CONCRETE PAVEMENT, CLASS 47B-3500",SQ YD,SY,07,603.00,current,ne_ndot_english_standard_item_list_2010,50,stditeme06252010.pdf#page=50;item=3075.02
ne_ndot_catalog_3075.12,ne_ndot_3075.12,3075.12,"6"" CONCRETE PAVEMENT, CLASS 47B-3500",SQ YD,SY,07,603.00,current,ne_ndot_english_standard_item_list_2010,50,stditeme06252010.pdf#page=50;item=3075.12
ne_ndot_catalog_3075.22,ne_ndot_3075.22,3075.22,"7"" CONCRETE PAVEMENT, CLASS 47B-3500",SQ YD,SY,07,603.00,current,ne_ndot_english_standard_item_list_2010,50,stditeme06252010.pdf#page=50;item=3075.22
ne_ndot_catalog_3075.32,ne_ndot_3075.32,3075.32,"8"" CONCRETE PAVEMENT, CLASS 47B-3500",SQ YD,SY,07,603.00,current,ne_ndot_english_standard_item_list_2010,50,stditeme06252010.pdf#page=50;item=3075.32
ne_ndot_catalog_3075.33,ne_ndot_3075.33,3075.33,"8"" CONCRETE PAVEMENT, CLASS 47B-3500",SQ YD,SY,07,603.00,current,ne_ndot_english_standard_item_list_2010,50,stditeme06252010.pdf#page=50;item=3075.33
ne_ndot_catalog_3075.34,ne_ndot_3075.34,3075.34,"8"" IMPRINTED CONCRETE PAVEMENT, CLASS 47B-3500",SQ YD,SY,07,,current,ne_ndot_english_standard_item_list_2010,50,stditeme06252010.pdf#page=50;item=3075.34
ne_ndot_catalog_3075.36,ne_ndot_3075.36,3075.36,"8"" DOWELED CONCRETE PAVEMENT, CLASS 47B-3500",SQ YD,SY,07,603.00,current,ne_ndot_english_standard_item_list_2010,51,stditeme06252010.pdf#page=51;item=3075.36
ne_ndot_catalog_3075.42,ne_ndot_3075.42,3075.42,"9"" CONCRETE PAVEMENT, CLASS 47B-3500",SQ YD,SY,07,603.00,current,ne_ndot_english_standard_item_list_2010,51,stditeme06252010.pdf#page=51;item=3075.42
ne_ndot_catalog_3075.46,ne_ndot_3075.46,3075.46,"9"" DOWELED CONCRETE PAVEMENT, CLASS 47B-3500",SQ YD,SY,07,603.00,current,ne_ndot_english_standard_item_list_2010,51,stditeme06252010.pdf#page=51;item=3075.46
ne_ndot_catalog_3075.51,ne_ndot_3075.51,3075.51,"10"" CONCRETE PAVEMENT, CLASS 47B-3625",SQ YD,SY,07,603.00,current,ne_ndot_english_standard_item_list_2010,51,stditeme06252010.pdf#page=51;item=3075.51
ne_ndot_catalog_3075.52,ne_ndot_3075.52,3075.52,"10"" CONCRETE PAVEMENT, CLASS 47B-3500",SQ YD,SY,07,603.00,current,ne_ndot_english_standard_item_list_2010,51,stditeme06252010.pdf#page=51;item=3075.52
ne_ndot_catalog_3075.53,ne_ndot_3075.53,3075.53,"10"" IMPRINTED CONCRETE PAVEMENT, CLASS 47B-3500",SQ YD,SY,07,603.00,current,ne_ndot_english_standard_item_list_2010,51,stditeme06252010.pdf#page=51;item=3075.53
ne_ndot_catalog_3075.55,ne_ndot_3075.55,3075.55,"10"" DOWELED CONCRETE PAVEMENT, CLASS 47B-3625",SQ YD,SY,07,,current,ne_ndot_english_standard_item_list_2010,51,stditeme06252010.pdf#page=51;item=3075.55
ne_ndot_catalog_3075.56,ne_ndot_3075.56,3075.56,"10"" DOWELED CONCRETE PAVEMENT, CLASS 47B-3500",SQ YD,SY,07,603.00,current,ne_ndot_english_standard_item_list_2010,51,stditeme06252010.pdf#page=51;item=3075.56
ne_ndot_catalog_3075.62,ne_ndot_3075.62,3075.62,"11"" CONCRETE PAVEMENT, CLASS 47B-3500",SQ YD,SY,07,603.00,current,ne_ndot_english_standard_item_list_2010,51,stditeme06252010.pdf#page=51;item=3075.62
ne_ndot_catalog_3075.66,ne_ndot_3075.66,3075.66,"11"" DOWELED CONCRETE PAVEMENT, CLASS 47B-3500",SQ YD,SY,07,,current,ne_ndot_english_standard_item_list_2010,51,stditeme06252010.pdf#page=51;item=3075.66
ne_ndot_catalog_3075.72,ne_ndot_3075.72,3075.72,"12"" CONCRETE PAVEMENT, CLASS 47B-3500",SQ YD,SY,07,603.00,current,ne_ndot_english_standard_item_list_2010,51,stditeme06252010.pdf#page=51;item=3075.72
ne_ndot_catalog_3075.76,ne_ndot_3075.76,3075.76,"12"" DOWELED CONCRETE PAVEMENT, CLASS 47B-3500",SQ YD,SY,07,603.00,current,ne_ndot_english_standard_item_list_2010,51,stditeme06252010.pdf#page=51;item=3075.76
ne_ndot_catalog_3075.82,ne_ndot_3075.82,3075.82,"13"" CONCRETE PAVEMENT, CLASS 47B-3500",SQ YD,SY,07,603.00,current,ne_ndot_english_standard_item_list_2010,51,stditeme06252010.pdf#page=51;item=3075.82
ne_ndot_catalog_3075.86,ne_ndot_3075.86,3075.86,"13"" DOWELED CONCRETE PAVEMENT, CLASS 47B-3500",SQ YD,SY,07,603.00,current,ne_ndot_english_standard_item_list_2010,51,stditeme06252010.pdf#page=51;item=3075.86
ne_ndot_catalog_3075.92,ne_ndot_3075.92,3075.92,"14"" CONCRETE PAVEMENT, CLASS 47B-3500",SQ YD,SY,07,603.00,current,ne_ndot_english_standard_item_list_2010,51,stditeme06252010.pdf#page=51;item=3075.92
ne_ndot_catalog_3075.96,ne_ndot_3075.96,3075.96,"14"" DOWELED CONCRETE PAVEMENT, CLASS 47B-3500",SQ YD,SY,07,603.00,current,ne_ndot_english_standard_item_list_2010,51,stditeme06252010.pdf#page=51;item=3075.96
ne_ndot_catalog_3076.48,ne_ndot_3076.48,3076.48,"9"" CONCRETE PAVEMENT, CLASS BX-3000",SQ YD,SY,07,603.00,current,ne_ndot_english_standard_item_list_2010,51,stditeme06252010.pdf#page=51;item=3076.48
ne_ndot_catalog_3076.50,ne_ndot_3076.50,3076.50,"10"" CONCRETE PAVEMENT, CLASS 47BX-3000",SQ YD,SY,07,603.00,current,ne_ndot_english_standard_item_list_2010,51,stditeme06252010.pdf#page=51;item=3076.50
ne_ndot_catalog_3076.51,ne_ndot_3076.51,3076.51,"10"" CONCRETE PAVEMENT, CLASS BX-3000",SQ YD,SY,07,603.00,current,ne_ndot_english_standard_item_list_2010,51,stditeme06252010.pdf#page=51;item=3076.51
ne_ndot_catalog_3089.25,ne_ndot_3089.25,3089.25,TEMPORARY SURFACING,SQ YD,SY,07,,current,ne_ndot_english_standard_item_list_2010,52,stditeme06252010.pdf#page=52;item=3089.25
ne_ndot_catalog_3089.40,ne_ndot_3089.40,3089.40,GROUT,SQ YD,SY,07,,current,ne_ndot_english_standard_item_list_2010,52,stditeme06252010.pdf#page=52;item=3089.40
ne_ndot_catalog_3089.46,ne_ndot_3089.46,3089.46,SHOT BLASTING,SQ YD,SY,07,,current,ne_ndot_english_standard_item_list_2010,52,stditeme06252010.pdf#page=52;item=3089.46
ne_ndot_catalog_3089.50,ne_ndot_3089.50,3089.50,SURFACE PREPARATION,SQ YD,SY,07,,current,ne_ndot_english_standard_item_list_2010,52,stditeme06252010.pdf#page=52;item=3089.50
ne_ndot_catalog_3089.54,ne_ndot_3089.54,3089.54,SECONDARY SURFACE PREPARATION,SQ YD,SY,07,,current,ne_ndot_english_standard_item_list_2010,52,stditeme06252010.pdf#page=52;item=3089.54
ne_ndot_catalog_3089.65,ne_ndot_3089.65,3089.65,UNBONDED CONCRETE OVERLAY,CU YD,CY,07,,current,ne_ndot_english_standard_item_list_2010,52,stditeme06252010.pdf#page=52;item=3089.65
ne_ndot_catalog_3089.67,ne_ndot_3089.67,3089.67,BONDED CONCRETE OVERLAY,CU YD,CY,07,,current,ne_ndot_english_standard_item_list_2010,52,stditeme06252010.pdf#page=52;item=3089.67
ne_ndot_catalog_3089.70,ne_ndot_3089.70,3089.70,FIBER REINFORCED CONCRETE OVERLAY,CU YD,CY,07,,current,ne_ndot_english_standard_item_list_2010,52,stditeme06252010.pdf#page=52;item=3089.70
ne_ndot_catalog_3089.75,ne_ndot_3089.75,3089.75,CONCRETE OVERLAY PLACEMENT,SQ YD,SY,07,,current,ne_ndot_english_standard_item_list_2010,52,stditeme06252010.pdf#page=52;item=3089.75
ne_ndot_catalog_3089.76,ne_ndot_3089.76,3089.76,PLACEMENT OF CONCRETE PAVEMENT,SQ YD,SY,07,,current,ne_ndot_english_standard_item_list_2010,52,stditeme06252010.pdf#page=52;item=3089.76
ne_ndot_catalog_3089.80,ne_ndot_3089.80,3089.80,FLOWABLE FILL CONCRETE,CU YD,CY,07,,current,ne_ndot_english_standard_item_list_2010,52,stditeme06252010.pdf#page=52;item=3089.80
ne_ndot_catalog_3089.82,ne_ndot_3089.82,3089.82,CULVERT FLOWABLE FILL,LUMP SUM,LS,07,,current,ne_ndot_english_standard_item_list_2010,52,stditeme06252010.pdf#page=52;item=3089.82
ne_ndot_catalog_3090.10,ne_ndot_3090.10,3090.10,"10"" CONCRETE PAVEMENT",SQ YD,SY,07,,current,ne_ndot_english_standard_item_list_2010,52,stditeme06252010.pdf#page=52;item=3090.10
ne_ndot_catalog_3091.00,ne_ndot_3091.00,3091.00,"CONCRETE PAVEMENT, CLASS 47B-HE-3500",SQ YD,SY,07,,current,ne_ndot_english_standard_item_list_2010,52,stditeme06252010.pdf#page=52;item=3091.00
ne_ndot_catalog_3091.15,ne_ndot_3091.15,3091.15,"8"" DOWELED CONCRETE PAVEMENT, CLASS 47B-HE-3500",SQ YD,SY,07,,current,ne_ndot_english_standard_item_list_2010,52,stditeme06252010.pdf#page=52;item=3091.15
ne_ndot_catalog_3091.16,ne_ndot_3091.16,3091.16,"14"" CONCRETE PAVEMENT, CLASS 47B-HE-3500",SQ YD,SY,07,603.00,current,ne_ndot_english_standard_item_list_2010,52,stditeme06252010.pdf#page=52;item=3091.16
ne_ndot_catalog_3091.17,ne_ndot_3091.17,3091.17,"11"" CONCRETE PAVEMENT, CLASS 47B-HE-3500",SQ YD,SY,07,603.00,current,ne_ndot_english_standard_item_list_2010,52,stditeme06252010.pdf#page=52;item=3091.17
ne_ndot_catalog_3091.18,ne_ndot_3091.18,3091.18,"8"" CONCRETE PAVEMENT CLASS 47B-HE-3500",SQ YD,SY,07,603.00,current,ne_ndot_english_standard_item_list_2010,52,stditeme06252010.pdf#page=52;item=3091.18
ne_ndot_catalog_3091.19,ne_ndot_3091.19,3091.19,"9"" CONCRETE PAVEMENT, CLASS 47B-HE-3500",SQ YD,SY,07,603.00,current,ne_ndot_english_standard_item_list_2010,52,stditeme06252010.pdf#page=52;item=3091.19
ne_ndot_catalog_3091.20,ne_ndot_3091.20,3091.20,"10"" CONCRETE PAVEMENT CLASS 47B-HE-3500",SQ YD,SY,07,603.00,current,ne_ndot_english_standard_item_list_2010,53,stditeme06252010.pdf#page=53;item=3091.20
ne_ndot_catalog_3091.21,ne_ndot_3091.21,3091.21,"12"" DOWELED CONCRETE PAVEMENT, CLASS 47B-HE-3500",SQ YD,SY,07,,current,ne_ndot_english_standard_item_list_2010,53,stditeme06252010.pdf#page=53;item=3091.21
ne_ndot_catalog_3091.22,ne_ndot_3091.22,3091.22,"12"" CONCRETE PAVEMENT, CLASS 47B-HE-3500",SQ YD,SY,07,,current,ne_ndot_english_standard_item_list_2010,53,stditeme06252010.pdf#page=53;item=3091.22
ne_ndot_catalog_3091.23,ne_ndot_3091.23,3091.23,"13"" CONCRETE PAVEMENT CLASS 47B-HE-3500",SQ YD,SY,07,603.00,current,ne_ndot_english_standard_item_list_2010,53,stditeme06252010.pdf#page=53;item=3091.23
ne_ndot_catalog_3091.25,ne_ndot_3091.25,3091.25,"9"" DOWELED CONCRETE PAVEMENT, CLASS 47B-HE-3500",SQ YD,SY,07,,current,ne_ndot_english_standard_item_list_2010,53,stditeme06252010.pdf#page=53;item=3091.25
ne_ndot_catalog_3091.27,ne_ndot_3091.27,3091.27,"10"" DOWELED CONCRETE PAVEMENT, CLASS 47B-HE-3500",SQ YD,SY,07,,current,ne_ndot_english_standard_item_list_2010,53,stditeme06252010.pdf#page=53;item=3091.27
ne_ndot_catalog_3091.31,ne_ndot_3091.31,3091.31,"14"" CONCRETE PAVEMENT, CLASS 47B-HE-3500",SQ YD,SY,07,,current,ne_ndot_english_standard_item_list_2010,53,stditeme06252010.pdf#page=53;item=3091.31
ne_ndot_catalog_3091.32,ne_ndot_3091.32,3091.32,"14"" DOWELED CONCRETE PAVEMENT, CLASS 47B-HE-3500",SQ YD,SY,07,,current,ne_ndot_english_standard_item_list_2010,53,stditeme06252010.pdf#page=53;item=3091.32
ne_ndot_catalog_3095.07,ne_ndot_3095.07,3095.07,"7"" CONCRETE PAVEMENT",SQ YD,SY,07,,current,ne_ndot_english_standard_item_list_2010,53,stditeme06252010.pdf#page=53;item=3095.07
ne_ndot_catalog_3095.10,ne_ndot_3095.10,3095.10,"10"" CONCRETE PAVEMENT",SQ YD,SY,07,,current,ne_ndot_english_standard_item_list_2010,53,stditeme06252010.pdf#page=53;item=3095.10
ne_ndot_catalog_3098.14,ne_ndot_3098.14,3098.14,"14"" CONCRETE PAVEMENT, CLASS PR-3500",SQ YD,SY,07,603.00,current,ne_ndot_english_standard_item_list_2010,53,stditeme06252010.pdf#page=53;item=3098.14
ne_ndot_catalog_3099.06,ne_ndot_3099.06,3099.06,"6"" CONCRETE SURFACING",SQ YD,SY,07,,current,ne_ndot_english_standard_item_list_2010,53,stditeme06252010.pdf#page=53;item=3099.06
ne_ndot_catalog_3205.00,ne_ndot_3205.00,3205.00,CONCRETE PAVEMENT JOINT REPAIR,CU YD,CY,07,,current,ne_ndot_english_standard_item_list_2010,53,stditeme06252010.pdf#page=53;item=3205.00
ne_ndot_catalog_3210.10,ne_ndot_3210.10,3210.10,DIAMOND GRINDING AND TEXTURING CONCRETE PAVEMENT,SQ YD,SY,07,,current,ne_ndot_english_standard_item_list_2010,53,stditeme06252010.pdf#page=53;item=3210.10
ne_ndot_catalog_3210.50,ne_ndot_3210.50,3210.50,POLYURETHANE PAVEMENT STABILIZATION,POUND,LB,07,,current,ne_ndot_english_standard_item_list_2010,53,stditeme06252010.pdf#page=53;item=3210.50
ne_ndot_catalog_3211.00,ne_ndot_3211.00,3211.00,SEALING TRANSVERSE JOINT,LIN FT,LF,07,,current,ne_ndot_english_standard_item_list_2010,53,stditeme06252010.pdf#page=53;item=3211.00
ne_ndot_catalog_3211.05,ne_ndot_3211.05,3211.05,SEALING TRANSVERSE AND LONGITUDINAL CRACK,LIN FT,LF,07,,current,ne_ndot_english_standard_item_list_2010,53,stditeme06252010.pdf#page=53;item=3211.05
ne_ndot_catalog_3211.10,ne_ndot_3211.10,3211.10,SEALING TRANSVERSE WORKING CRACK,LIN FT,LF,07,,current,ne_ndot_english_standard_item_list_2010,53,stditeme06252010.pdf#page=53;item=3211.10
ne_ndot_catalog_3211.15,ne_ndot_3211.15,3211.15,SEALING LONGITUDINAL CRACK,LIN FT,LF,07,,current,ne_ndot_english_standard_item_list_2010,53,stditeme06252010.pdf#page=53;item=3211.15
ne_ndot_catalog_3211.17,ne_ndot_3211.17,3211.17,SEALING LONGITUDINAL JOINT,LIN FT,LF,07,,current,ne_ndot_english_standard_item_list_2010,54,stditeme06252010.pdf#page=54;item=3211.17
ne_ndot_catalog_3211.20,ne_ndot_3211.20,3211.20,TRANSVERSE CRACK SEALING ON SURFACED SHOULDER,LIN FT,LF,07,,current,ne_ndot_english_standard_item_list_2010,54,stditeme06252010.pdf#page=54;item=3211.20
ne_ndot_catalog_3211.25,ne_ndot_3211.25,3211.25,SEALING CRACKS,LIN FT,LF,07,611.00,current,ne_ndot_english_standard_item_list_2010,54,stditeme06252010.pdf#page=54;item=3211.25
ne_ndot_catalog_3211.30,ne_ndot_3211.30,3211.30,SEALING JOINTS,LIN FT,LF,07,612.00,current,ne_ndot_english_standard_item_list_2010,54,stditeme06252010.pdf#page=54;item=3211.30
ne_ndot_catalog_3211.35,ne_ndot_3211.35,3211.35,SEALING CONCRETE REPAIR JOINT,LIN FT,LF,07,,current,ne_ndot_english_standard_item_list_2010,54,stditeme06252010.pdf#page=54;item=3211.35
ne_ndot_catalog_3220.02,ne_ndot_3220.02,3220.02,"CONCRETE PAVEMENT, CLASS ""PR""",SQ YD,SY,07,,current,ne_ndot_english_standard_item_list_2010,54,stditeme06252010.pdf#page=54;item=3220.02
ne_ndot_catalog_3220.03,ne_ndot_3220.03,3220.03,"CONCRETE PAVEMENT, CLASS ""PR""",SQ YD,SY,07,,current,ne_ndot_english_standard_item_list_2010,54,stditeme06252010.pdf#page=54;item=3220.03
ne_ndot_catalog_3221.10,ne_ndot_3221.10,3221.10,COMBINATION CONCRETE CURB AND GUTTER REPAIR,LIN FT,LF,07,,current,ne_ndot_english_standard_item_list_2010,54,stditeme06252010.pdf#page=54;item=3221.10
ne_ndot_catalog_3221.12,ne_ndot_3221.12,3221.12,CONCRETE CLASS 47B-3500 COMBINATION CONCRETE CURB AND GUTTER REPAIR,LIN FT,LF,07,,current,ne_ndot_english_standard_item_list_2010,54,stditeme06252010.pdf#page=54;item=3221.12
ne_ndot_catalog_3221.13,ne_ndot_3221.13,3221.13,"CONCRETE PAVEMENT, CLASS PR-3500",CU YD,CY,07,,current,ne_ndot_english_standard_item_list_2010,54,stditeme06252010.pdf#page=54;item=3221.13
ne_ndot_catalog_3221.15,ne_ndot_3221.15,3221.15,"CONCRETE PAVEMENT, CLASS PR-3500",SQ YD,SY,07,,current,ne_ndot_english_standard_item_list_2010,54,stditeme06252010.pdf#page=54;item=3221.15
ne_ndot_catalog_3221.16,ne_ndot_3221.16,3221.16,"CONCRETE PAVEMENT, CLASS PR-3500",SQ YD,SY,07,,current,ne_ndot_english_standard_item_list_2010,54,stditeme06252010.pdf#page=54;item=3221.16
ne_ndot_catalog_3221.17,ne_ndot_3221.17,3221.17,"CONCRETE PAVEMENT, CLASS 47B-3500",CU YD,CY,07,,current,ne_ndot_english_standard_item_list_2010,54,stditeme06252010.pdf#page=54;item=3221.17
ne_ndot_catalog_3221.19,ne_ndot_3221.19,3221.19,"CONCRETE PAVEMENT, CLASS HE-3500",CU YD,CY,07,,current,ne_ndot_english_standard_item_list_2010,54,stditeme06252010.pdf#page=54;item=3221.19
ne_ndot_catalog_3221.20,ne_ndot_3221.20,3221.20,"CONCRETE PAVEMENT, CLASS HE-3500",SQ YD,SY,07,,current,ne_ndot_english_standard_item_list_2010,54,stditeme06252010.pdf#page=54;item=3221.20
ne_ndot_catalog_3222.06,ne_ndot_3222.06,3222.06,"8"" CONCRETE PAVEMENT, CLASS PR-3500",SQ YD,SY,07,,current,ne_ndot_english_standard_item_list_2010,54,stditeme06252010.pdf#page=54;item=3222.06
ne_ndot_catalog_3222.09,ne_ndot_3222.09,3222.09,"9"" CONCRETE PAVEMENT, CLASS PR-3500",SQ YD,SY,07,603.00,current,ne_ndot_english_standard_item_list_2010,54,stditeme06252010.pdf#page=54;item=3222.09
ne_ndot_catalog_3223.10,ne_ndot_3223.10,3223.10,"10"" CONCRETE PAVEMENT, CLASS PR-3500",SQ YD,SY,07,603.00,current,ne_ndot_english_standard_item_list_2010,54,stditeme06252010.pdf#page=54;item=3223.10
ne_ndot_catalog_3223.15,ne_ndot_3223.15,3223.15,"10"" DOWELED CONCRETE PAVEMENT, CLASS PR-3500",SQ YD,SY,07,603.00,current,ne_ndot_english_standard_item_list_2010,54,stditeme06252010.pdf#page=54;item=3223.15
ne_ndot_catalog_3275.10,ne_ndot_3275.10,3275.10,RUBBLIZATION OF CONCRETE PAVEMENT,SQ YD,SY,07,,current,ne_ndot_english_standard_item_list_2010,55,stditeme06252010.pdf#page=55;item=3275.10
ne_ndot_catalog_3275.20,ne_ndot_3275.20,3275.20,CRUSH CONCRETE PAVEMENT,SQ YD,SY,07,312.00,current,ne_ndot_english_standard_item_list_2010,55,stditeme06252010.pdf#page=55;item=3275.20
ne_ndot_catalog_3275.21,ne_ndot_3275.21,3275.21,CRUSH CONCRETE,TON,TON,07,312.00,current,ne_ndot_english_standard_item_list_2010,55,stditeme06252010.pdf#page=55;item=3275.21
ne_ndot_catalog_3275.25,ne_ndot_3275.25,3275.25,HAULING AND STOCKPILING CRUSHED CONCRETE,TON,TON,07,,current,ne_ndot_english_standard_item_list_2010,55,stditeme06252010.pdf#page=55;item=3275.25
ne_ndot_catalog_3275.30,ne_ndot_3275.30,3275.30,SALVAGING AND STOCKPILING CRUSHED CONCRETE,TON,TON,07,,current,ne_ndot_english_standard_item_list_2010,55,stditeme06252010.pdf#page=55;item=3275.30
ne_ndot_catalog_3275.60,ne_ndot_3275.60,3275.60,STOCKPILING CONCRETE RIPRAP,SQ YD,SY,07,,current,ne_ndot_english_standard_item_list_2010,55,stditeme06252010.pdf#page=55;item=3275.60
ne_ndot_catalog_3275.70,ne_ndot_3275.70,3275.70,CRUSHING OF CONCRETE PAVEMENT,SQ YD,SY,07,,current,ne_ndot_english_standard_item_list_2010,55,stditeme06252010.pdf#page=55;item=3275.70
ne_ndot_catalog_3275.75,ne_ndot_3275.75,3275.75,SCREENING CRUSHED CONCRETE,TON,TON,07,,current,ne_ndot_english_standard_item_list_2010,55,stditeme06252010.pdf#page=55;item=3275.75
ne_ndot_catalog_3275.90,ne_ndot_3275.90,3275.90,PREPARATION OF STOCKPILE AREA,ACRE,ACRE,07,,current,ne_ndot_english_standard_item_list_2010,55,stditeme06252010.pdf#page=55;item=3275.90
ne_ndot_catalog_3275.91,ne_ndot_3275.91,3275.91,PREPARATION OF STOCKPILE AREA,ACRE,ACRE,07,,current,ne_ndot_english_standard_item_list_2010,55,stditeme06252010.pdf#page=55;item=3275.91
ne_ndot_catalog_3300.00,ne_ndot_3300.00,3300.00,TINING,SQ YD,SY,07,,current,ne_ndot_english_standard_item_list_2010,55,stditeme06252010.pdf#page=55;item=3300.00
ne_ndot_catalog_3300.03,ne_ndot_3300.03,3300.03,DEDUCTION,LUMP SUM,LS,07,,current,ne_ndot_english_standard_item_list_2010,55,stditeme06252010.pdf#page=55;item=3300.03
ne_ndot_catalog_3300.07,ne_ndot_3300.07,3300.07,SAWING JOINTS REVISED,SQ YD,SY,07,,current,ne_ndot_english_standard_item_list_2010,55,stditeme06252010.pdf#page=55;item=3300.07
ne_ndot_catalog_3300.15,ne_ndot_3300.15,3300.15,TYPE A SAWING,LIN FT,LF,07,,current,ne_ndot_english_standard_item_list_2010,55,stditeme06252010.pdf#page=55;item=3300.15
ne_ndot_catalog_3300.27,ne_ndot_3300.27,3300.27,LINSEED OIL BASE WHITE PIGMENTED CURING COMPOUND,GALLON,GAL,07,,current,ne_ndot_english_standard_item_list_2010,55,stditeme06252010.pdf#page=55;item=3300.27
ne_ndot_catalog_3300.40,ne_ndot_3300.40,3300.40,CONCRETE PAD,EACH,EACH,07,,current,ne_ndot_english_standard_item_list_2010,55,stditeme06252010.pdf#page=55;item=3300.40
ne_ndot_catalog_3300.41,ne_ndot_3300.41,3300.41,CONCRETE PAD,SQ YD,SY,07,,current,ne_ndot_english_standard_item_list_2010,55,stditeme06252010.pdf#page=55;item=3300.41
ne_ndot_catalog_3300.44,ne_ndot_3300.44,3300.44,CONCRETE TERRACE,SQ YD,SY,07,,current,ne_ndot_english_standard_item_list_2010,55,stditeme06252010.pdf#page=55;item=3300.44
ne_ndot_catalog_3300.45,ne_ndot_3300.45,3300.45,STONE PAVING,SQ YD,SY,07,,current,ne_ndot_english_standard_item_list_2010,55,stditeme06252010.pdf#page=55;item=3300.45
ne_ndot_catalog_3300.46,ne_ndot_3300.46,3300.46,TEMPORARY SLOPE PROTECTION,SQ YD,SY,07,,current,ne_ndot_english_standard_item_list_2010,56,stditeme06252010.pdf#page=56;item=3300.46
ne_ndot_catalog_3300.50,ne_ndot_3300.50,3300.50,PORTLAND CEMENT CONCRETE SMOOTHNESS TESTING,LUMP SUM,LS,07,603.00,current,ne_ndot_english_standard_item_list_2010,56,stditeme06252010.pdf#page=56;item=3300.50
ne_ndot_catalog_3300.60,ne_ndot_3300.60,3300.60,SMOOTHNESS INCENTIVE - CONCRETE PAVEMENT,SQ YD,SY,07,,current,ne_ndot_english_standard_item_list_2010,56,stditeme06252010.pdf#page=56;item=3300.60
ne_ndot_catalog_3300.62,ne_ndot_3300.62,3300.62,SMOOTHNESS DISINCENTIVE - CONCRETE PAVEMENT,SQ YD,SY,07,,current,ne_ndot_english_standard_item_list_2010,56,stditeme06252010.pdf#page=56;item=3300.62
ne_ndot_catalog_3300.63,ne_ndot_3300.63,3300.63,THICKNESS DISINCENTIVE - CONCRETE PAVEMENT,SQ YD,SY,07,,current,ne_ndot_english_standard_item_list_2010,56,stditeme06252010.pdf#page=56;item=3300.63
ne_ndot_catalog_3300.64,ne_ndot_3300.64,3300.64,THICKNESS DISINCENTIVE - CONCRETE PAVEMENT,LUMP SUM,LS,07,,current,ne_ndot_english_standard_item_list_2010,56,stditeme06252010.pdf#page=56;item=3300.64
ne_ndot_catalog_3300.65,ne_ndot_3300.65,3300.65,CONCRETE PAVEMENT THICKNESS CORE,EACH,EACH,07,,current,ne_ndot_english_standard_item_list_2010,56,stditeme06252010.pdf#page=56;item=3300.65
ne_ndot_catalog_3300.66,ne_ndot_3300.66,3300.66,CONCRETE PAVEMENT STRENGTH CORE,EACH,EACH,07,,current,ne_ndot_english_standard_item_list_2010,56,stditeme06252010.pdf#page=56;item=3300.66
ne_ndot_catalog_3300.85,ne_ndot_3300.85,3300.85,CONCRETE QC/QA,LUMP SUM,LS,07,,current,ne_ndot_english_standard_item_list_2010,56,stditeme06252010.pdf#page=56;item=3300.85
ne_ndot_catalog_3800.00,ne_ndot_3800.00,3800.00,FINE AGGREGATE STOCKPILED,CU YD,CY,07,,current,ne_ndot_english_standard_item_list_2010,56,stditeme06252010.pdf#page=56;item=3800.00
ne_ndot_catalog_3800.02,ne_ndot_3800.02,3800.02,FINE AGGREGATE STOCKPILED,TON,TON,07,,current,ne_ndot_english_standard_item_list_2010,56,stditeme06252010.pdf#page=56;item=3800.02
ne_ndot_catalog_3800.05,ne_ndot_3800.05,3800.05,FINE AGGREGATE STOCKPILED,SQ YD,SY,07,,current,ne_ndot_english_standard_item_list_2010,56,stditeme06252010.pdf#page=56;item=3800.05
ne_ndot_catalog_3800.10,ne_ndot_3800.10,3800.10,COARSE AGGREGATE STOCKPILED,CU YD,CY,07,,current,ne_ndot_english_standard_item_list_2010,56,stditeme06252010.pdf#page=56;item=3800.10
ne_ndot_catalog_3800.12,ne_ndot_3800.12,3800.12,COARSE AGGREGATE STOCKPILED,TON,TON,07,,current,ne_ndot_english_standard_item_list_2010,56,stditeme06252010.pdf#page=56;item=3800.12
ne_ndot_catalog_3800.14,ne_ndot_3800.14,3800.14,COARSE AGGREGATE STOCKPILED,SQ YD,SY,07,,current,ne_ndot_english_standard_item_list_2010,56,stditeme06252010.pdf#page=56;item=3800.14
ne_ndot_catalog_3800.30,ne_ndot_3800.30,3800.30,PORTLAND CEMENT STOCKPILED,TON,TON,07,,current,ne_ndot_english_standard_item_list_2010,56,stditeme06252010.pdf#page=56;item=3800.30
ne_ndot_catalog_3800.31,ne_ndot_3800.31,3800.31,PORTLAND CEMENT STOCKPILED,SQ YD,SY,07,,current,ne_ndot_english_standard_item_list_2010,56,stditeme06252010.pdf#page=56;item=3800.31
ne_ndot_catalog_3800.50,ne_ndot_3800.50,3800.50,REINFORCING STEEL STOCKPILED,POUND,LB,07,,current,ne_ndot_english_standard_item_list_2010,56,stditeme06252010.pdf#page=56;item=3800.50
ne_ndot_catalog_3900.00,ne_ndot_3900.00,3900.00,EXTRA CEMENT,SACK,SACK,07,,current,ne_ndot_english_standard_item_list_2010,56,stditeme06252010.pdf#page=56;item=3900.00
ne_ndot_catalog_3900.12,ne_ndot_3900.12,3900.12,ADDITIONAL REBAR,LUMP SUM,LS,07,,current,ne_ndot_english_standard_item_list_2010,57,stditeme06252010.pdf#page=57;item=3900.12
ne_ndot_catalog_3900.15,ne_ndot_3900.15,3900.15,DELAY CLAIMS - PRODUCTION,LUMP SUM,LS,07,,current,ne_ndot_english_standard_item_list_2010,57,stditeme06252010.pdf#page=57;item=3900.15
ne_ndot_catalog_3900.18,ne_ndot_3900.18,3900.18,ADDITIONAL WORK,LUMP SUM,LS,07,,current,ne_ndot_english_standard_item_list_2010,57,stditeme06252010.pdf#page=57;item=3900.18
ne_ndot_catalog_3900.19,ne_ndot_3900.19,3900.19,ADDITIONAL WORK,HOUR,HOUR,07,,current,ne_ndot_english_standard_item_list_2010,57,stditeme06252010.pdf#page=57;item=3900.19
ne_ndot_catalog_3900.20,ne_ndot_3900.20,3900.20,ADDITIONAL COST,LUMP SUM,LS,07,,current,ne_ndot_english_standard_item_list_2010,57,stditeme06252010.pdf#page=57;item=3900.20
ne_ndot_catalog_3900.22,ne_ndot_3900.22,3900.22,ADDITIONAL COST,CU YD,CY,07,,current,ne_ndot_english_standard_item_list_2010,57,stditeme06252010.pdf#page=57;item=3900.22
ne_ndot_catalog_3900.25,ne_ndot_3900.25,3900.25,ADDITIONAL COST,SQ YD,SY,07,,current,ne_ndot_english_standard_item_list_2010,57,stditeme06252010.pdf#page=57;item=3900.25
ne_ndot_catalog_3900.26,ne_ndot_3900.26,3900.26,ADDITIONAL COST,SQ FT,SF,07,,current,ne_ndot_english_standard_item_list_2010,57,stditeme06252010.pdf#page=57;item=3900.26
ne_ndot_catalog_3900.27,ne_ndot_3900.27,3900.27,ADDITIONAL COST,EACH,EACH,07,,current,ne_ndot_english_standard_item_list_2010,57,stditeme06252010.pdf#page=57;item=3900.27
ne_ndot_catalog_3900.29,ne_ndot_3900.29,3900.29,TEMPORARY TRAIL COVER,EACH,EACH,07,,current,ne_ndot_english_standard_item_list_2010,57,stditeme06252010.pdf#page=57;item=3900.29
ne_ndot_catalog_3900.40,ne_ndot_3900.40,3900.40,CONCRETE SAW BLADES,EACH,EACH,07,,current,ne_ndot_english_standard_item_list_2010,57,stditeme06252010.pdf#page=57;item=3900.40
ne_ndot_catalog_3905.00,ne_ndot_3905.00,3905.00,PORTLAND CEMENT,TON,TON,07,,current,ne_ndot_english_standard_item_list_2010,57,stditeme06252010.pdf#page=57;item=3905.00
ne_ndot_catalog_3970.00,ne_ndot_3970.00,3970.00,RELOCATION,LUMP SUM,LS,07,,current,ne_ndot_english_standard_item_list_2010,57,stditeme06252010.pdf#page=57;item=3970.00
ne_ndot_catalog_3970.05,ne_ndot_3970.05,3970.05,REPAIR,LUMP SUM,LS,07,,current,ne_ndot_english_standard_item_list_2010,57,stditeme06252010.pdf#page=57;item=3970.05
ne_ndot_catalog_3970.07,ne_ndot_3970.07,3970.07,REPAIR,SQ YD,SY,07,,current,ne_ndot_english_standard_item_list_2010,57,stditeme06252010.pdf#page=57;item=3970.07
ne_ndot_catalog_3970.10,ne_ndot_3970.10,3970.10,MATERIALS,LUMP SUM,LS,07,,current,ne_ndot_english_standard_item_list_2010,57,stditeme06252010.pdf#page=57;item=3970.10
ne_ndot_catalog_3980.00,ne_ndot_3980.00,3980.00,SHOULDER REPAIR,LUMP SUM,LS,07,,current,ne_ndot_english_standard_item_list_2010,57,stditeme06252010.pdf#page=57;item=3980.00
ne_ndot_catalog_3985.00,ne_ndot_3985.00,3985.00,MUD JACKING,EACH,EACH,07,,current,ne_ndot_english_standard_item_list_2010,57,stditeme06252010.pdf#page=57;item=3985.00
ne_ndot_catalog_3985.10,ne_ndot_3985.10,3985.10,BOX OUT FOR GUARD RAIL POSTS,EACH,EACH,07,,current,ne_ndot_english_standard_item_list_2010,57,stditeme06252010.pdf#page=57;item=3985.10
ne_ndot_catalog_3990.00,ne_ndot_3990.00,3990.00,FREIGHT CLAIM ADJUSTMENT,LUMP SUM,LS,07,,current,ne_ndot_english_standard_item_list_2010,58,stditeme06252010.pdf#page=58;item=3990.00
ne_ndot_catalog_3991.00,ne_ndot_3991.00,3991.00,ADDITIONAL DEPTH OF SAW CUT,LIN FT,LF,07,,current,ne_ndot_english_standard_item_list_2010,58,stditeme06252010.pdf#page=58;item=3991.00
ne_ndot_catalog_3995.00,ne_ndot_3995.00,3995.00,CONSTRUCT,LUMP SUM,LS,07,,current,ne_ndot_english_standard_item_list_2010,58,stditeme06252010.pdf#page=58;item=3995.00
ne_ndot_catalog_3999.00,ne_ndot_3999.00,3999.00,RECONSTRUCT,LUMP SUM,LS,07,,current,ne_ndot_english_standard_item_list_2010,58,stditeme06252010.pdf#page=58;item=3999.00
ne_ndot_catalog_3999.10,ne_ndot_3999.10,3999.10,RESTORATION,LUMP SUM,LS,07,,current,ne_ndot_english_standard_item_list_2010,58,stditeme06252010.pdf#page=58;item=3999.10
ne_ndot_catalog_3999.81,ne_ndot_3999.81,3999.81,BACKFILL,LUMP SUM,LS,07,,current,ne_ndot_english_standard_item_list_2010,58,stditeme06252010.pdf#page=58;item=3999.81
ne_ndot_catalog_4001.00,ne_ndot_4001.00,4001.00,CAST IRON COVER,POUND,LB,07,916.00,current,ne_ndot_english_standard_item_list_2010,58,stditeme06252010.pdf#page=58;item=4001.00
ne_ndot_catalog_4002.00,ne_ndot_4002.00,4002.00,CAST IRON COVER AND FRAME,POUND,LB,07,916.00,current,ne_ndot_english_standard_item_list_2010,58,stditeme06252010.pdf#page=58;item=4002.00
ne_ndot_catalog_4003.00,ne_ndot_4003.00,4003.00,"CAST IRON COVER, FRAME, AND FLANGE",POUND,LB,07,916.00,current,ne_ndot_english_standard_item_list_2010,58,stditeme06252010.pdf#page=58;item=4003.00
ne_ndot_catalog_4004.00,ne_ndot_4004.00,4004.00,CAST IRON GRATE,POUND,LB,07,916.00,current,ne_ndot_english_standard_item_list_2010,58,stditeme06252010.pdf#page=58;item=4004.00
ne_ndot_catalog_4004.10,ne_ndot_4004.10,4004.10,CAST IRON COVER AND GRATE,POUND,LB,07,916.00,current,ne_ndot_english_standard_item_list_2010,58,stditeme06252010.pdf#page=58;item=4004.10
ne_ndot_catalog_4004.50,ne_ndot_4004.50,4004.50,CAST IRON GRATE AND FRAME,POUND,LB,07,916.00,current,ne_ndot_english_standard_item_list_2010,58,stditeme06252010.pdf#page=58;item=4004.50
ne_ndot_catalog_4004.60,ne_ndot_4004.60,4004.60,"CAST IRON COVER, GRATE, AND FRAME",POUND,LB,07,916.00,current,ne_ndot_english_standard_item_list_2010,58,stditeme06252010.pdf#page=58;item=4004.60
ne_ndot_catalog_4004.75,ne_ndot_4004.75,4004.75,CAST IRON CURB INLET GRATE AND FRAME,POUND,LB,07,916.00,current,ne_ndot_english_standard_item_list_2010,58,stditeme06252010.pdf#page=58;item=4004.75
ne_ndot_catalog_4005.00,ne_ndot_4005.00,4005.00,CAST IRON RING AND COVER,POUND,LB,07,916.00,current,ne_ndot_english_standard_item_list_2010,58,stditeme06252010.pdf#page=58;item=4005.00
ne_ndot_catalog_4005.01,ne_ndot_4005.01,4005.01,CAST IRON RING AND COVER,POUND,LB,07,916.00,current,ne_ndot_english_standard_item_list_2010,58,stditeme06252010.pdf#page=58;item=4005.01
ne_ndot_catalog_4005.03,ne_ndot_4005.03,4005.03,VENTED RING AND COVER,EACH,EACH,07,,current,ne_ndot_english_standard_item_list_2010,58,stditeme06252010.pdf#page=58;item=4005.03
ne_ndot_catalog_4007.20,ne_ndot_4007.20,4007.20,INSTALL CAST IRON RING AND COVER,EACH,EACH,07,,current,ne_ndot_english_standard_item_list_2010,58,stditeme06252010.pdf#page=58;item=4007.20
ne_ndot_catalog_4011.00,ne_ndot_4011.00,4011.00,REMOVE AND REINSTALL GRATE AND FRAME,EACH,EACH,07,,current,ne_ndot_english_standard_item_list_2010,58,stditeme06252010.pdf#page=58;item=4011.00
ne_ndot_catalog_4011.10,ne_ndot_4011.10,4011.10,REMOVE AND REINSTALL BAR GRATE,EACH,EACH,07,,current,ne_ndot_english_standard_item_list_2010,59,stditeme06252010.pdf#page=59;item=4011.10
ne_ndot_catalog_4011.45,ne_ndot_4011.45,4011.45,SLOTTED VANE INLET,EACH,EACH,07,,current,ne_ndot_english_standard_item_list_2010,59,stditeme06252010.pdf#page=59;item=4011.45
ne_ndot_catalog_4011.46,ne_ndot_4011.46,4011.46,SLOTTED VANE INLET,EACH,EACH,07,,current,ne_ndot_english_standard_item_list_2010,59,stditeme06252010.pdf#page=59;item=4011.46
ne_ndot_catalog_4011.60,ne_ndot_4011.60,4011.60,AREA INLET,EACH,EACH,07,,current,ne_ndot_english_standard_item_list_2010,59,stditeme06252010.pdf#page=59;item=4011.60
ne_ndot_catalog_4011.61,ne_ndot_4011.61,4011.61,AREA INLET,EACH,EACH,07,,current,ne_ndot_english_standard_item_list_2010,59,stditeme06252010.pdf#page=59;item=4011.61
ne_ndot_catalog_4011.62,ne_ndot_4011.62,4011.62,AREA INLET,EACH,EACH,07,,current,ne_ndot_english_standard_item_list_2010,59,stditeme06252010.pdf#page=59;item=4011.62
ne_ndot_catalog_4011.64,ne_ndot_4011.64,4011.64,AREA INLET,EACH,EACH,07,,current,ne_ndot_english_standard_item_list_2010,59,stditeme06252010.pdf#page=59;item=4011.64
ne_ndot_catalog_4011.66,ne_ndot_4011.66,4011.66,AREA INLET,EACH,EACH,07,,current,ne_ndot_english_standard_item_list_2010,59,stditeme06252010.pdf#page=59;item=4011.66
ne_ndot_catalog_4011.68,ne_ndot_4011.68,4011.68,AREA INLET,EACH,EACH,07,,current,ne_ndot_english_standard_item_list_2010,59,stditeme06252010.pdf#page=59;item=4011.68
ne_ndot_catalog_4011.76,ne_ndot_4011.76,4011.76,INLET,EACH,EACH,07,,current,ne_ndot_english_standard_item_list_2010,59,stditeme06252010.pdf#page=59;item=4011.76
ne_ndot_catalog_4011.77,ne_ndot_4011.77,4011.77,INLET,EACH,EACH,07,,current,ne_ndot_english_standard_item_list_2010,59,stditeme06252010.pdf#page=59;item=4011.77
ne_ndot_catalog_4011.78,ne_ndot_4011.78,4011.78,INLET,EACH,EACH,07,,current,ne_ndot_english_standard_item_list_2010,59,stditeme06252010.pdf#page=59;item=4011.78
ne_ndot_catalog_4011.79,ne_ndot_4011.79,4011.79,INLET,EACH,EACH,07,,current,ne_ndot_english_standard_item_list_2010,59,stditeme06252010.pdf#page=59;item=4011.79
ne_ndot_catalog_4011.80,ne_ndot_4011.80,4011.80,INLET,EACH,EACH,07,,current,ne_ndot_english_standard_item_list_2010,59,stditeme06252010.pdf#page=59;item=4011.80
ne_ndot_catalog_4011.81,ne_ndot_4011.81,4011.81,INLET,EACH,EACH,07,,current,ne_ndot_english_standard_item_list_2010,59,stditeme06252010.pdf#page=59;item=4011.81
ne_ndot_catalog_4011.82,ne_ndot_4011.82,4011.82,INLET,EACH,EACH,07,,current,ne_ndot_english_standard_item_list_2010,59,stditeme06252010.pdf#page=59;item=4011.82
ne_ndot_catalog_4011.83,ne_ndot_4011.83,4011.83,INLET,EACH,EACH,07,,current,ne_ndot_english_standard_item_list_2010,59,stditeme06252010.pdf#page=59;item=4011.83
ne_ndot_catalog_4011.84,ne_ndot_4011.84,4011.84,INLET,EACH,EACH,07,,current,ne_ndot_english_standard_item_list_2010,59,stditeme06252010.pdf#page=59;item=4011.84
ne_ndot_catalog_4011.85,ne_ndot_4011.85,4011.85,INLET,EACH,EACH,07,,current,ne_ndot_english_standard_item_list_2010,59,stditeme06252010.pdf#page=59;item=4011.85
ne_ndot_catalog_4011.86,ne_ndot_4011.86,4011.86,INLET,EACH,EACH,07,,current,ne_ndot_english_standard_item_list_2010,60,stditeme06252010.pdf#page=60;item=4011.86
ne_ndot_catalog_4011.87,ne_ndot_4011.87,4011.87,INLET,EACH,EACH,07,,current,ne_ndot_english_standard_item_list_2010,60,stditeme06252010.pdf#page=60;item=4011.87
ne_ndot_catalog_4011.88,ne_ndot_4011.88,4011.88,INLET,EACH,EACH,07,,current,ne_ndot_english_standard_item_list_2010,60,stditeme06252010.pdf#page=60;item=4011.88
ne_ndot_catalog_4011.89,ne_ndot_4011.89,4011.89,INLET,EACH,EACH,07,,current,ne_ndot_english_standard_item_list_2010,60,stditeme06252010.pdf#page=60;item=4011.89
ne_ndot_catalog_4011.90,ne_ndot_4011.90,4011.90,INLET,EACH,EACH,07,,current,ne_ndot_english_standard_item_list_2010,60,stditeme06252010.pdf#page=60;item=4011.90
ne_ndot_catalog_4011.91,ne_ndot_4011.91,4011.91,INLET,EACH,EACH,07,,current,ne_ndot_english_standard_item_list_2010,60,stditeme06252010.pdf#page=60;item=4011.91
ne_ndot_catalog_4011.92,ne_ndot_4011.92,4011.92,INLET,EACH,EACH,07,,current,ne_ndot_english_standard_item_list_2010,60,stditeme06252010.pdf#page=60;item=4011.92
ne_ndot_catalog_4011.93,ne_ndot_4011.93,4011.93,INLET,EACH,EACH,07,,current,ne_ndot_english_standard_item_list_2010,60,stditeme06252010.pdf#page=60;item=4011.93
ne_ndot_catalog_4011.94,ne_ndot_4011.94,4011.94,INLET,EACH,EACH,07,,current,ne_ndot_english_standard_item_list_2010,60,stditeme06252010.pdf#page=60;item=4011.94
ne_ndot_catalog_4011.95,ne_ndot_4011.95,4011.95,INLET,EACH,EACH,07,,current,ne_ndot_english_standard_item_list_2010,60,stditeme06252010.pdf#page=60;item=4011.95
ne_ndot_catalog_4011.96,ne_ndot_4011.96,4011.96,INLET,EACH,EACH,07,,current,ne_ndot_english_standard_item_list_2010,60,stditeme06252010.pdf#page=60;item=4011.96
ne_ndot_catalog_4011.97,ne_ndot_4011.97,4011.97,INLET,EACH,EACH,07,,current,ne_ndot_english_standard_item_list_2010,60,stditeme06252010.pdf#page=60;item=4011.97
ne_ndot_catalog_4011.98,ne_ndot_4011.98,4011.98,INLET,EACH,EACH,07,,current,ne_ndot_english_standard_item_list_2010,60,stditeme06252010.pdf#page=60;item=4011.98
ne_ndot_catalog_4011.99,ne_ndot_4011.99,4011.99,INLET,EACH,EACH,07,,current,ne_ndot_english_standard_item_list_2010,60,stditeme06252010.pdf#page=60;item=4011.99
ne_ndot_catalog_4012.00,ne_ndot_4012.00,4012.00,INLET,EACH,EACH,07,,current,ne_ndot_english_standard_item_list_2010,60,stditeme06252010.pdf#page=60;item=4012.00
ne_ndot_catalog_4012.01,ne_ndot_4012.01,4012.01,INLET,EACH,EACH,07,,current,ne_ndot_english_standard_item_list_2010,60,stditeme06252010.pdf#page=60;item=4012.01
ne_ndot_catalog_4012.02,ne_ndot_4012.02,4012.02,INLET,EACH,EACH,07,,current,ne_ndot_english_standard_item_list_2010,60,stditeme06252010.pdf#page=60;item=4012.02
ne_ndot_catalog_4012.03,ne_ndot_4012.03,4012.03,INLET,EACH,EACH,07,,current,ne_ndot_english_standard_item_list_2010,60,stditeme06252010.pdf#page=60;item=4012.03
ne_ndot_catalog_4012.04,ne_ndot_4012.04,4012.04,INLET,EACH,EACH,07,,current,ne_ndot_english_standard_item_list_2010,60,stditeme06252010.pdf#page=60;item=4012.04
ne_ndot_catalog_4012.05,ne_ndot_4012.05,4012.05,"INLET - 60"" STRAIGHT",EACH,EACH,07,,current,ne_ndot_english_standard_item_list_2010,61,stditeme06252010.pdf#page=61;item=4012.05
ne_ndot_catalog_4012.06,ne_ndot_4012.06,4012.06,"INLET - 60"" CANTED",EACH,EACH,07,,current,ne_ndot_english_standard_item_list_2010,61,stditeme06252010.pdf#page=61;item=4012.06
ne_ndot_catalog_4012.07,ne_ndot_4012.07,4012.07,"INLET-72"" STRAIGHT",EACH,EACH,07,,current,ne_ndot_english_standard_item_list_2010,61,stditeme06252010.pdf#page=61;item=4012.07
ne_ndot_catalog_4012.08,ne_ndot_4012.08,4012.08,"INLET-72"" CANTED",EACH,EACH,07,,current,ne_ndot_english_standard_item_list_2010,61,stditeme06252010.pdf#page=61;item=4012.08
ne_ndot_catalog_4012.09,ne_ndot_4012.09,4012.09,"INLET - 36"" STRAIGHT",EACH,EACH,07,,current,ne_ndot_english_standard_item_list_2010,61,stditeme06252010.pdf#page=61;item=4012.09
ne_ndot_catalog_4012.11,ne_ndot_4012.11,4012.11,"INLET-72"" RADIUS",EACH,EACH,07,,current,ne_ndot_english_standard_item_list_2010,61,stditeme06252010.pdf#page=61;item=4012.11
ne_ndot_catalog_4012.12,ne_ndot_4012.12,4012.12,CURB INLET,EACH,EACH,07,,current,ne_ndot_english_standard_item_list_2010,61,stditeme06252010.pdf#page=61;item=4012.12
ne_ndot_catalog_4012.13,ne_ndot_4012.13,4012.13,CURB INLET,EACH,EACH,07,,current,ne_ndot_english_standard_item_list_2010,61,stditeme06252010.pdf#page=61;item=4012.13
ne_ndot_catalog_4012.14,ne_ndot_4012.14,4012.14,CURB INLET,EACH,EACH,07,,current,ne_ndot_english_standard_item_list_2010,61,stditeme06252010.pdf#page=61;item=4012.14
ne_ndot_catalog_4012.15,ne_ndot_4012.15,4012.15,MEDIAN INLET,EACH,EACH,07,,current,ne_ndot_english_standard_item_list_2010,61,stditeme06252010.pdf#page=61;item=4012.15
ne_ndot_catalog_4012.16,ne_ndot_4012.16,4012.16,MODIFY INLET,EACH,EACH,07,,current,ne_ndot_english_standard_item_list_2010,61,stditeme06252010.pdf#page=61;item=4012.16
ne_ndot_catalog_4012.17,ne_ndot_4012.17,4012.17,MODIFY MEDIAN INLET,EACH,EACH,07,,current,ne_ndot_english_standard_item_list_2010,61,stditeme06252010.pdf#page=61;item=4012.17
ne_ndot_catalog_4012.18,ne_ndot_4012.18,4012.18,MODIFY CURB INLET,EACH,EACH,07,,current,ne_ndot_english_standard_item_list_2010,61,stditeme06252010.pdf#page=61;item=4012.18
ne_ndot_catalog_4012.19,ne_ndot_4012.19,4012.19,RECONSTRUCT INLET,EACH,EACH,07,,current,ne_ndot_english_standard_item_list_2010,61,stditeme06252010.pdf#page=61;item=4012.19
ne_ndot_catalog_4012.20,ne_ndot_4012.20,4012.20,DROP INLET,EACH,EACH,07,,current,ne_ndot_english_standard_item_list_2010,61,stditeme06252010.pdf#page=61;item=4012.20
ne_ndot_catalog_4012.21,ne_ndot_4012.21,4012.21,RECONSTRUCT INLET,EACH,EACH,07,,current,ne_ndot_english_standard_item_list_2010,61,stditeme06252010.pdf#page=61;item=4012.21
ne_ndot_catalog_4012.22,ne_ndot_4012.22,4012.22,RECONSTRUCT INLET,EACH,EACH,07,,current,ne_ndot_english_standard_item_list_2010,61,stditeme06252010.pdf#page=61;item=4012.22
ne_ndot_catalog_4012.23,ne_ndot_4012.23,4012.23,RECONSTRUCT INLET,EACH,EACH,07,,current,ne_ndot_english_standard_item_list_2010,61,stditeme06252010.pdf#page=61;item=4012.23
ne_ndot_catalog_4012.24,ne_ndot_4012.24,4012.24,RECONSTRUCT INLET,EACH,EACH,07,,current,ne_ndot_english_standard_item_list_2010,61,stditeme06252010.pdf#page=61;item=4012.24
ne_ndot_catalog_4012.25,ne_ndot_4012.25,4012.25,RECONSTRUCT INLET,EACH,EACH,07,,current,ne_ndot_english_standard_item_list_2010,62,stditeme06252010.pdf#page=62;item=4012.25
ne_ndot_catalog_4012.26,ne_ndot_4012.26,4012.26,RECONSTRUCT INLET,EACH,EACH,07,,current,ne_ndot_english_standard_item_list_2010,62,stditeme06252010.pdf#page=62;item=4012.26
ne_ndot_catalog_4012.27,ne_ndot_4012.27,4012.27,RECONSTRUCT INLET,EACH,EACH,07,,current,ne_ndot_english_standard_item_list_2010,62,stditeme06252010.pdf#page=62;item=4012.27
ne_ndot_catalog_4012.28,ne_ndot_4012.28,4012.28,RECONSTRUCT INLET,EACH,EACH,07,,current,ne_ndot_english_standard_item_list_2010,62,stditeme06252010.pdf#page=62;item=4012.28
ne_ndot_catalog_4012.29,ne_ndot_4012.29,4012.29,RECONSTRUCT CURB INLET,EACH,EACH,07,,current,ne_ndot_english_standard_item_list_2010,62,stditeme06252010.pdf#page=62;item=4012.29
ne_ndot_catalog_4012.31,ne_ndot_4012.31,4012.31,MODIFY JUNCTION BOX,EACH,EACH,07,,current,ne_ndot_english_standard_item_list_2010,62,stditeme06252010.pdf#page=62;item=4012.31
ne_ndot_catalog_4012.35,ne_ndot_4012.35,4012.35,RECONSTRUCT INLET,EACH,EACH,07,,current,ne_ndot_english_standard_item_list_2010,62,stditeme06252010.pdf#page=62;item=4012.35
ne_ndot_catalog_4012.36,ne_ndot_4012.36,4012.36,RECONSTRUCT INLET,EACH,EACH,07,,current,ne_ndot_english_standard_item_list_2010,62,stditeme06252010.pdf#page=62;item=4012.36
ne_ndot_catalog_4012.37,ne_ndot_4012.37,4012.37,MODIFY INLET,EACH,EACH,07,,current,ne_ndot_english_standard_item_list_2010,62,stditeme06252010.pdf#page=62;item=4012.37
ne_ndot_catalog_4012.38,ne_ndot_4012.38,4012.38,MODIFY INLET,EACH,EACH,07,,current,ne_ndot_english_standard_item_list_2010,62,stditeme06252010.pdf#page=62;item=4012.38
ne_ndot_catalog_4012.39,ne_ndot_4012.39,4012.39,MODIFY INLET,EACH,EACH,07,,current,ne_ndot_english_standard_item_list_2010,62,stditeme06252010.pdf#page=62;item=4012.39
ne_ndot_catalog_4012.50,ne_ndot_4012.50,4012.50,JUNCTION BOX,EACH,EACH,07,,current,ne_ndot_english_standard_item_list_2010,62,stditeme06252010.pdf#page=62;item=4012.50
ne_ndot_catalog_4012.51,ne_ndot_4012.51,4012.51,JUNCTION BOX,EACH,EACH,07,,current,ne_ndot_english_standard_item_list_2010,62,stditeme06252010.pdf#page=62;item=4012.51
ne_ndot_catalog_4012.52,ne_ndot_4012.52,4012.52,JUNCTION BOX,EACH,EACH,07,,current,ne_ndot_english_standard_item_list_2010,62,stditeme06252010.pdf#page=62;item=4012.52
ne_ndot_catalog_4012.80,ne_ndot_4012.80,4012.80,RECONSTRUCT CURB INLET,EACH,EACH,07,,current,ne_ndot_english_standard_item_list_2010,62,stditeme06252010.pdf#page=62;item=4012.80
ne_ndot_catalog_4012.81,ne_ndot_4012.81,4012.81,RECONSTRUCT CURB INLET,EACH,EACH,07,,current,ne_ndot_english_standard_item_list_2010,62,stditeme06252010.pdf#page=62;item=4012.81
ne_ndot_catalog_4012.82,ne_ndot_4012.82,4012.82,RECONSTRUCT CURB INLET,EACH,EACH,07,,current,ne_ndot_english_standard_item_list_2010,62,stditeme06252010.pdf#page=62;item=4012.82
ne_ndot_catalog_4012.83,ne_ndot_4012.83,4012.83,RECONSTRUCT CURB INLET,EACH,EACH,07,,current,ne_ndot_english_standard_item_list_2010,62,stditeme06252010.pdf#page=62;item=4012.83
ne_ndot_catalog_4012.84,ne_ndot_4012.84,4012.84,RECONSTRUCT CURB INLET,EACH,EACH,07,,current,ne_ndot_english_standard_item_list_2010,62,stditeme06252010.pdf#page=62;item=4012.84
ne_ndot_catalog_4012.85,ne_ndot_4012.85,4012.85,RECONSTRUCT CURB INLET,EACH,EACH,07,,current,ne_ndot_english_standard_item_list_2010,63,stditeme06252010.pdf#page=63;item=4012.85
ne_ndot_catalog_4012.86,ne_ndot_4012.86,4012.86,RECONSTRUCT CURB INLET,EACH,EACH,07,,current,ne_ndot_english_standard_item_list_2010,63,stditeme06252010.pdf#page=63;item=4012.86
ne_ndot_catalog_4012.87,ne_ndot_4012.87,4012.87,RECONSTRUCT CURB INLET,EACH,EACH,07,,current,ne_ndot_english_standard_item_list_2010,63,stditeme06252010.pdf#page=63;item=4012.87
ne_ndot_catalog_4012.88,ne_ndot_4012.88,4012.88,RECONSTRUCT CURB INLET,EACH,EACH,07,,current,ne_ndot_english_standard_item_list_2010,63,stditeme06252010.pdf#page=63;item=4012.88
ne_ndot_catalog_4012.89,ne_ndot_4012.89,4012.89,RECONSTRUCT CURB INLET,EACH,EACH,07,,current,ne_ndot_english_standard_item_list_2010,63,stditeme06252010.pdf#page=63;item=4012.89
ne_ndot_catalog_4013.00,ne_ndot_4013.00,4013.00,TRASH GRATE,EACH,EACH,07,,current,ne_ndot_english_standard_item_list_2010,63,stditeme06252010.pdf#page=63;item=4013.00
ne_ndot_catalog_4013.01,ne_ndot_4013.01,4013.01,TREE GRATE,EACH,EACH,07,,current,ne_ndot_english_standard_item_list_2010,63,stditeme06252010.pdf#page=63;item=4013.01
ne_ndot_catalog_4014.00,ne_ndot_4014.00,4014.00,ADJUSTING JUNCTION BOXES TO GRADE,EACH,EACH,07,,current,ne_ndot_english_standard_item_list_2010,63,stditeme06252010.pdf#page=63;item=4014.00
ne_ndot_catalog_4014.50,ne_ndot_4014.50,4014.50,ADJUSTING PIEZOMETER TO GRADE,EACH,EACH,07,,current,ne_ndot_english_standard_item_list_2010,63,stditeme06252010.pdf#page=63;item=4014.50
ne_ndot_catalog_4014.66,ne_ndot_4014.66,4014.66,ADJUST GRATE INLET TO GRADE,EACH,EACH,07,,current,ne_ndot_english_standard_item_list_2010,63,stditeme06252010.pdf#page=63;item=4014.66
ne_ndot_catalog_4014.68,ne_ndot_4014.68,4014.68,ADJUST CURB INLET TO GRADE,EACH,EACH,07,,current,ne_ndot_english_standard_item_list_2010,63,stditeme06252010.pdf#page=63;item=4014.68
ne_ndot_catalog_4014.70,ne_ndot_4014.70,4014.70,ADJUSTING INLET TO GRADE,EACH,EACH,07,,current,ne_ndot_english_standard_item_list_2010,63,stditeme06252010.pdf#page=63;item=4014.70
ne_ndot_catalog_4015.00,ne_ndot_4015.00,4015.00,ADJUST MANHOLE TO GRADE,EACH,EACH,07,917.00,current,ne_ndot_english_standard_item_list_2010,63,stditeme06252010.pdf#page=63;item=4015.00
ne_ndot_catalog_4015.01,ne_ndot_4015.01,4015.01,ADJUST MANHOLE TO GRADE,EACH,EACH,07,917.00,current,ne_ndot_english_standard_item_list_2010,63,stditeme06252010.pdf#page=63;item=4015.01
ne_ndot_catalog_4015.02,ne_ndot_4015.02,4015.02,ADJUST MANHOLE TO GRADE,EACH,EACH,07,917.00,current,ne_ndot_english_standard_item_list_2010,63,stditeme06252010.pdf#page=63;item=4015.02
ne_ndot_catalog_4015.03,ne_ndot_4015.03,4015.03,ADJUST MANHOLE TO GRADE,EACH,EACH,07,917.00,current,ne_ndot_english_standard_item_list_2010,63,stditeme06252010.pdf#page=63;item=4015.03
ne_ndot_catalog_4015.04,ne_ndot_4015.04,4015.04,ADJUST MANHOLE TO GRADE,EACH,EACH,07,917.00,current,ne_ndot_english_standard_item_list_2010,63,stditeme06252010.pdf#page=63;item=4015.04
ne_ndot_catalog_4015.05,ne_ndot_4015.05,4015.05,ADJUST MANHOLE TO GRADE,EACH,EACH,07,917.00,current,ne_ndot_english_standard_item_list_2010,63,stditeme06252010.pdf#page=63;item=4015.05
ne_ndot_catalog_4015.06,ne_ndot_4015.06,4015.06,ADJUST MANHOLE TO GRADE,EACH,EACH,07,917.00,current,ne_ndot_english_standard_item_list_2010,63,stditeme06252010.pdf#page=63;item=4015.06
ne_ndot_catalog_4015.07,ne_ndot_4015.07,4015.07,ADJUST MANHOLE TO GRADE,EACH,EACH,07,917.00,current,ne_ndot_english_standard_item_list_2010,64,stditeme06252010.pdf#page=64;item=4015.07
ne_ndot_catalog_4015.08,ne_ndot_4015.08,4015.08,ADJUST MANHOLE TO GRADE,EACH,EACH,07,917.00,current,ne_ndot_english_standard_item_list_2010,64,stditeme06252010.pdf#page=64;item=4015.08
ne_ndot_catalog_4015.09,ne_ndot_4015.09,4015.09,ADJUST MANHOLE TO GRADE,EACH,EACH,07,917.00,current,ne_ndot_english_standard_item_list_2010,64,stditeme06252010.pdf#page=64;item=4015.09
ne_ndot_catalog_4015.10,ne_ndot_4015.10,4015.10,ADJUST MANHOLE TO GRADE,EACH,EACH,07,917.00,current,ne_ndot_english_standard_item_list_2010,64,stditeme06252010.pdf#page=64;item=4015.10
ne_ndot_catalog_4015.11,ne_ndot_4015.11,4015.11,ADJUST MANHOLE TO GRADE,EACH,EACH,07,917.00,current,ne_ndot_english_standard_item_list_2010,64,stditeme06252010.pdf#page=64;item=4015.11
ne_ndot_catalog_4015.12,ne_ndot_4015.12,4015.12,ADJUST MANHOLE TO GRADE,EACH,EACH,07,917.00,current,ne_ndot_english_standard_item_list_2010,64,stditeme06252010.pdf#page=64;item=4015.12
ne_ndot_catalog_4015.13,ne_ndot_4015.13,4015.13,ADJUST MANHOLE TO GRADE,EACH,EACH,07,917.00,current,ne_ndot_english_standard_item_list_2010,64,stditeme06252010.pdf#page=64;item=4015.13
ne_ndot_catalog_4015.14,ne_ndot_4015.14,4015.14,ADJUST MANHOLE TO GRADE,EACH,EACH,07,917.00,current,ne_ndot_english_standard_item_list_2010,64,stditeme06252010.pdf#page=64;item=4015.14
ne_ndot_catalog_4015.40,ne_ndot_4015.40,4015.40,RECONSTRUCT MANHOLE,LIN FT,LF,07,,current,ne_ndot_english_standard_item_list_2010,64,stditeme06252010.pdf#page=64;item=4015.40
ne_ndot_catalog_4015.50,ne_ndot_4015.50,4015.50,RECONSTRUCT MANHOLE,EACH,EACH,07,917.00,current,ne_ndot_english_standard_item_list_2010,64,stditeme06252010.pdf#page=64;item=4015.50
ne_ndot_catalog_4015.51,ne_ndot_4015.51,4015.51,RECONSTRUCT MANHOLE,EACH,EACH,07,917.00,current,ne_ndot_english_standard_item_list_2010,64,stditeme06252010.pdf#page=64;item=4015.51
ne_ndot_catalog_4015.60,ne_ndot_4015.60,4015.60,MANHOLE CLEANOUT,LUMP SUM,LS,07,,current,ne_ndot_english_standard_item_list_2010,64,stditeme06252010.pdf#page=64;item=4015.60
ne_ndot_catalog_4015.66,ne_ndot_4015.66,4015.66,INSTALL MANHOLE,EACH,EACH,07,,current,ne_ndot_english_standard_item_list_2010,64,stditeme06252010.pdf#page=64;item=4015.66
ne_ndot_catalog_4015.75,ne_ndot_4015.75,4015.75,MANHOLE,VERT FT,VFT,07,,current,ne_ndot_english_standard_item_list_2010,64,stditeme06252010.pdf#page=64;item=4015.75
ne_ndot_catalog_4015.76,ne_ndot_4015.76,4015.76,MANHOLE,VERT FT,VFT,07,,current,ne_ndot_english_standard_item_list_2010,64,stditeme06252010.pdf#page=64;item=4015.76
ne_ndot_catalog_4015.77,ne_ndot_4015.77,4015.77,MANHOLE,VERT FT,VFT,07,,current,ne_ndot_english_standard_item_list_2010,64,stditeme06252010.pdf#page=64;item=4015.77
ne_ndot_catalog_4016.00,ne_ndot_4016.00,4016.00,MANHOLE,EACH,EACH,07,916.00,current,ne_ndot_english_standard_item_list_2010,64,stditeme06252010.pdf#page=64;item=4016.00
ne_ndot_catalog_4016.01,ne_ndot_4016.01,4016.01,MANHOLE,EACH,EACH,07,916.00,current,ne_ndot_english_standard_item_list_2010,64,stditeme06252010.pdf#page=64;item=4016.01
ne_ndot_catalog_4016.02,ne_ndot_4016.02,4016.02,MANHOLE,EACH,EACH,07,916.00,current,ne_ndot_english_standard_item_list_2010,64,stditeme06252010.pdf#page=64;item=4016.02
ne_ndot_catalog_4016.03,ne_ndot_4016.03,4016.03,MANHOLE,EACH,EACH,07,916.00,current,ne_ndot_english_standard_item_list_2010,65,stditeme06252010.pdf#page=65;item=4016.03
ne_ndot_catalog_4016.04,ne_ndot_4016.04,4016.04,MANHOLE,EACH,EACH,07,916.00,current,ne_ndot_english_standard_item_list_2010,65,stditeme06252010.pdf#page=65;item=4016.04
ne_ndot_catalog_4016.05,ne_ndot_4016.05,4016.05,MANHOLE,EACH,EACH,07,916.00,current,ne_ndot_english_standard_item_list_2010,65,stditeme06252010.pdf#page=65;item=4016.05
ne_ndot_catalog_4016.06,ne_ndot_4016.06,4016.06,MANHOLE,EACH,EACH,07,916.00,current,ne_ndot_english_standard_item_list_2010,65,stditeme06252010.pdf#page=65;item=4016.06
ne_ndot_catalog_4016.07,ne_ndot_4016.07,4016.07,MANHOLE,EACH,EACH,07,916.00,current,ne_ndot_english_standard_item_list_2010,65,stditeme06252010.pdf#page=65;item=4016.07
ne_ndot_catalog_4016.08,ne_ndot_4016.08,4016.08,MANHOLE,EACH,EACH,07,916.00,current,ne_ndot_english_standard_item_list_2010,65,stditeme06252010.pdf#page=65;item=4016.08
ne_ndot_catalog_4016.09,ne_ndot_4016.09,4016.09,MANHOLE,EACH,EACH,07,916.00,current,ne_ndot_english_standard_item_list_2010,65,stditeme06252010.pdf#page=65;item=4016.09
ne_ndot_catalog_4016.10,ne_ndot_4016.10,4016.10,MANHOLE,EACH,EACH,07,916.00,current,ne_ndot_english_standard_item_list_2010,65,stditeme06252010.pdf#page=65;item=4016.10
ne_ndot_catalog_4016.11,ne_ndot_4016.11,4016.11,MANHOLE,EACH,EACH,07,916.00,current,ne_ndot_english_standard_item_list_2010,65,stditeme06252010.pdf#page=65;item=4016.11
ne_ndot_catalog_4016.12,ne_ndot_4016.12,4016.12,MANHOLE,EACH,EACH,07,916.00,current,ne_ndot_english_standard_item_list_2010,65,stditeme06252010.pdf#page=65;item=4016.12
ne_ndot_catalog_4016.13,ne_ndot_4016.13,4016.13,MANHOLE,EACH,EACH,07,916.00,current,ne_ndot_english_standard_item_list_2010,65,stditeme06252010.pdf#page=65;item=4016.13
ne_ndot_catalog_4016.14,ne_ndot_4016.14,4016.14,MANHOLE,EACH,EACH,07,916.00,current,ne_ndot_english_standard_item_list_2010,65,stditeme06252010.pdf#page=65;item=4016.14
ne_ndot_catalog_4016.15,ne_ndot_4016.15,4016.15,MANHOLE,EACH,EACH,07,916.00,current,ne_ndot_english_standard_item_list_2010,65,stditeme06252010.pdf#page=65;item=4016.15
ne_ndot_catalog_4016.16,ne_ndot_4016.16,4016.16,MANHOLE,EACH,EACH,07,916.00,current,ne_ndot_english_standard_item_list_2010,65,stditeme06252010.pdf#page=65;item=4016.16
ne_ndot_catalog_4016.17,ne_ndot_4016.17,4016.17,MANHOLE,EACH,EACH,07,916.00,current,ne_ndot_english_standard_item_list_2010,65,stditeme06252010.pdf#page=65;item=4016.17
ne_ndot_catalog_4016.18,ne_ndot_4016.18,4016.18,MANHOLE,EACH,EACH,07,916.00,current,ne_ndot_english_standard_item_list_2010,65,stditeme06252010.pdf#page=65;item=4016.18
ne_ndot_catalog_4016.19,ne_ndot_4016.19,4016.19,MANHOLE,EACH,EACH,07,916.00,current,ne_ndot_english_standard_item_list_2010,65,stditeme06252010.pdf#page=65;item=4016.19
ne_ndot_catalog_4016.20,ne_ndot_4016.20,4016.20,MANHOLE,EACH,EACH,07,916.00,current,ne_ndot_english_standard_item_list_2010,65,stditeme06252010.pdf#page=65;item=4016.20
ne_ndot_catalog_4016.21,ne_ndot_4016.21,4016.21,MANHOLE,EACH,EACH,07,916.00,current,ne_ndot_english_standard_item_list_2010,65,stditeme06252010.pdf#page=65;item=4016.21
ne_ndot_catalog_4016.22,ne_ndot_4016.22,4016.22,MANHOLE,EACH,EACH,07,916.00,current,ne_ndot_english_standard_item_list_2010,66,stditeme06252010.pdf#page=66;item=4016.22
ne_ndot_catalog_4016.23,ne_ndot_4016.23,4016.23,MANHOLE,EACH,EACH,07,916.00,current,ne_ndot_english_standard_item_list_2010,66,stditeme06252010.pdf#page=66;item=4016.23
ne_ndot_catalog_4016.24,ne_ndot_4016.24,4016.24,MANHOLE,EACH,EACH,07,916.00,current,ne_ndot_english_standard_item_list_2010,66,stditeme06252010.pdf#page=66;item=4016.24
ne_ndot_catalog_4016.25,ne_ndot_4016.25,4016.25,MANHOLE,EACH,EACH,07,916.00,current,ne_ndot_english_standard_item_list_2010,66,stditeme06252010.pdf#page=66;item=4016.25
ne_ndot_catalog_4016.26,ne_ndot_4016.26,4016.26,MANHOLE,EACH,EACH,07,916.00,current,ne_ndot_english_standard_item_list_2010,66,stditeme06252010.pdf#page=66;item=4016.26
ne_ndot_catalog_4016.27,ne_ndot_4016.27,4016.27,MANHOLE,EACH,EACH,07,916.00,current,ne_ndot_english_standard_item_list_2010,66,stditeme06252010.pdf#page=66;item=4016.27
ne_ndot_catalog_4016.28,ne_ndot_4016.28,4016.28,MANHOLE,EACH,EACH,07,916.00,current,ne_ndot_english_standard_item_list_2010,66,stditeme06252010.pdf#page=66;item=4016.28
ne_ndot_catalog_4016.29,ne_ndot_4016.29,4016.29,MANHOLE,EACH,EACH,07,916.00,current,ne_ndot_english_standard_item_list_2010,66,stditeme06252010.pdf#page=66;item=4016.29
ne_ndot_catalog_4016.30,ne_ndot_4016.30,4016.30,MANHOLE,EACH,EACH,07,916.00,current,ne_ndot_english_standard_item_list_2010,66,stditeme06252010.pdf#page=66;item=4016.30
ne_ndot_catalog_4016.31,ne_ndot_4016.31,4016.31,MANHOLE,EACH,EACH,07,916.00,current,ne_ndot_english_standard_item_list_2010,66,stditeme06252010.pdf#page=66;item=4016.31
ne_ndot_catalog_4016.32,ne_ndot_4016.32,4016.32,MANHOLE,EACH,EACH,07,916.00,current,ne_ndot_english_standard_item_list_2010,66,stditeme06252010.pdf#page=66;item=4016.32
ne_ndot_catalog_4016.33,ne_ndot_4016.33,4016.33,MANHOLE,EACH,EACH,07,916.00,current,ne_ndot_english_standard_item_list_2010,66,stditeme06252010.pdf#page=66;item=4016.33
ne_ndot_catalog_4016.34,ne_ndot_4016.34,4016.34,MANHOLE,EACH,EACH,07,916.00,current,ne_ndot_english_standard_item_list_2010,66,stditeme06252010.pdf#page=66;item=4016.34
ne_ndot_catalog_4016.35,ne_ndot_4016.35,4016.35,MANHOLE,EACH,EACH,07,916.00,current,ne_ndot_english_standard_item_list_2010,66,stditeme06252010.pdf#page=66;item=4016.35
ne_ndot_catalog_4016.36,ne_ndot_4016.36,4016.36,MANHOLE,EACH,EACH,07,916.00,current,ne_ndot_english_standard_item_list_2010,66,stditeme06252010.pdf#page=66;item=4016.36
ne_ndot_catalog_4016.37,ne_ndot_4016.37,4016.37,MANHOLE,EACH,EACH,07,916.00,current,ne_ndot_english_standard_item_list_2010,66,stditeme06252010.pdf#page=66;item=4016.37
ne_ndot_catalog_4016.38,ne_ndot_4016.38,4016.38,MANHOLE,EACH,EACH,07,916.00,current,ne_ndot_english_standard_item_list_2010,66,stditeme06252010.pdf#page=66;item=4016.38
ne_ndot_catalog_4016.39,ne_ndot_4016.39,4016.39,MANHOLE,EACH,EACH,07,916.00,current,ne_ndot_english_standard_item_list_2010,66,stditeme06252010.pdf#page=66;item=4016.39
ne_ndot_catalog_4016.43,ne_ndot_4016.43,4016.43,IRRIGATION STRUCTURE,EACH,EACH,07,,current,ne_ndot_english_standard_item_list_2010,66,stditeme06252010.pdf#page=66;item=4016.43
ne_ndot_catalog_4016.44,ne_ndot_4016.44,4016.44,IRRIGATION STRUCTURE,EACH,EACH,07,,current,ne_ndot_english_standard_item_list_2010,67,stditeme06252010.pdf#page=67;item=4016.44
ne_ndot_catalog_4016.45,ne_ndot_4016.45,4016.45,IRRIGATION STRUCTURE,EACH,EACH,07,,current,ne_ndot_english_standard_item_list_2010,67,stditeme06252010.pdf#page=67;item=4016.45
ne_ndot_catalog_4016.46,ne_ndot_4016.46,4016.46,IRRIGATION STRUCTURE,EACH,EACH,07,,current,ne_ndot_english_standard_item_list_2010,67,stditeme06252010.pdf#page=67;item=4016.46
ne_ndot_catalog_4016.47,ne_ndot_4016.47,4016.47,IRRIGATION STRUCTURE,EACH,EACH,07,,current,ne_ndot_english_standard_item_list_2010,67,stditeme06252010.pdf#page=67;item=4016.47
ne_ndot_catalog_4016.48,ne_ndot_4016.48,4016.48,IRRIGATION STRUCTURE,EACH,EACH,07,,current,ne_ndot_english_standard_item_list_2010,67,stditeme06252010.pdf#page=67;item=4016.48
ne_ndot_catalog_4016.49,ne_ndot_4016.49,4016.49,IRRIGATION STRUCTURE,EACH,EACH,07,,current,ne_ndot_english_standard_item_list_2010,67,stditeme06252010.pdf#page=67;item=4016.49
ne_ndot_catalog_4016.50,ne_ndot_4016.50,4016.50,IRRIGATION STRUCTURE,EACH,EACH,07,,current,ne_ndot_english_standard_item_list_2010,67,stditeme06252010.pdf#page=67;item=4016.50
ne_ndot_catalog_4016.51,ne_ndot_4016.51,4016.51,IRRIGATION STRUCTURE,EACH,EACH,07,,current,ne_ndot_english_standard_item_list_2010,67,stditeme06252010.pdf#page=67;item=4016.51
ne_ndot_catalog_4016.52,ne_ndot_4016.52,4016.52,IRRIGATION STRUCTURE,EACH,EACH,07,,current,ne_ndot_english_standard_item_list_2010,67,stditeme06252010.pdf#page=67;item=4016.52
ne_ndot_catalog_4016.53,ne_ndot_4016.53,4016.53,IRRIGATION STRUCTURE,EACH,EACH,07,,current,ne_ndot_english_standard_item_list_2010,67,stditeme06252010.pdf#page=67;item=4016.53
ne_ndot_catalog_4016.54,ne_ndot_4016.54,4016.54,IRRIGATION STRUCTURE,EACH,EACH,07,,current,ne_ndot_english_standard_item_list_2010,67,stditeme06252010.pdf#page=67;item=4016.54
ne_ndot_catalog_4016.55,ne_ndot_4016.55,4016.55,IRRIGATION STRUCTURE,EACH,EACH,07,,current,ne_ndot_english_standard_item_list_2010,67,stditeme06252010.pdf#page=67;item=4016.55
ne_ndot_catalog_4016.56,ne_ndot_4016.56,4016.56,IRRIGATION STRUCTURE,EACH,EACH,07,,current,ne_ndot_english_standard_item_list_2010,67,stditeme06252010.pdf#page=67;item=4016.56
ne_ndot_catalog_4016.57,ne_ndot_4016.57,4016.57,IRRIGATION STRUCTURE,EACH,EACH,07,,current,ne_ndot_english_standard_item_list_2010,67,stditeme06252010.pdf#page=67;item=4016.57
ne_ndot_catalog_4016.58,ne_ndot_4016.58,4016.58,IRRIGATION STRUCTURE,EACH,EACH,07,,current,ne_ndot_english_standard_item_list_2010,67,stditeme06252010.pdf#page=67;item=4016.58
ne_ndot_catalog_4016.59,ne_ndot_4016.59,4016.59,IRRIGATION STRUCTURE,EACH,EACH,07,,current,ne_ndot_english_standard_item_list_2010,67,stditeme06252010.pdf#page=67;item=4016.59
ne_ndot_catalog_4016.60,ne_ndot_4016.60,4016.60,IRRIGATION STRUCTURE,EACH,EACH,07,,current,ne_ndot_english_standard_item_list_2010,67,stditeme06252010.pdf#page=67;item=4016.60
ne_ndot_catalog_4017.00,ne_ndot_4017.00,4017.00,TAPPING EXISTING MANHOLE,EACH,EACH,07,723.00,current,ne_ndot_english_standard_item_list_2010,67,stditeme06252010.pdf#page=67;item=4017.00
ne_ndot_catalog_4018.00,ne_ndot_4018.00,4018.00,TAPPING EXISTING STRUCTURE,EACH,EACH,07,723.00,current,ne_ndot_english_standard_item_list_2010,67,stditeme06252010.pdf#page=67;item=4018.00
ne_ndot_catalog_4018.50,ne_ndot_4018.50,4018.50,TAPPING EXISTING PIPE,EACH,EACH,07,723.00,current,ne_ndot_english_standard_item_list_2010,68,stditeme06252010.pdf#page=68;item=4018.50
ne_ndot_catalog_4019.00,ne_ndot_4019.00,4019.00,CONCRETE DISCHARGE STRUCTURE,EACH,EACH,07,908.00,current,ne_ndot_english_standard_item_list_2010,68,stditeme06252010.pdf#page=68;item=4019.00
ne_ndot_catalog_4019.01,ne_ndot_4019.01,4019.01,CONCRETE DISCHARGE STRUCTURE,EACH,EACH,07,908.00,current,ne_ndot_english_standard_item_list_2010,68,stditeme06252010.pdf#page=68;item=4019.01
ne_ndot_catalog_4019.02,ne_ndot_4019.02,4019.02,CONCRETE DISCHARGE STRUCTURE,EACH,EACH,07,908.00,current,ne_ndot_english_standard_item_list_2010,68,stditeme06252010.pdf#page=68;item=4019.02
ne_ndot_catalog_4019.03,ne_ndot_4019.03,4019.03,CONCRETE DISCHARGE STRUCTURE,EACH,EACH,07,908.00,current,ne_ndot_english_standard_item_list_2010,68,stditeme06252010.pdf#page=68;item=4019.03
ne_ndot_catalog_4019.04,ne_ndot_4019.04,4019.04,CONCRETE DISCHARGE STRUCTURE,EACH,EACH,07,908.00,current,ne_ndot_english_standard_item_list_2010,68,stditeme06252010.pdf#page=68;item=4019.04
ne_ndot_catalog_4019.05,ne_ndot_4019.05,4019.05,CONCRETE DISCHARGE STRUCTURE,EACH,EACH,07,908.00,current,ne_ndot_english_standard_item_list_2010,68,stditeme06252010.pdf#page=68;item=4019.05
ne_ndot_catalog_4019.06,ne_ndot_4019.06,4019.06,CONCRETE DISCHARGE STRUCTURE,EACH,EACH,07,908.00,current,ne_ndot_english_standard_item_list_2010,68,stditeme06252010.pdf#page=68;item=4019.06
ne_ndot_catalog_4019.07,ne_ndot_4019.07,4019.07,CONCRETE DISCHARGE STRUCTURE,EACH,EACH,07,908.00,current,ne_ndot_english_standard_item_list_2010,68,stditeme06252010.pdf#page=68;item=4019.07
ne_ndot_catalog_4019.08,ne_ndot_4019.08,4019.08,CONCRETE DISCHARGE STRUCTURE,EACH,EACH,07,908.00,current,ne_ndot_english_standard_item_list_2010,68,stditeme06252010.pdf#page=68;item=4019.08
ne_ndot_catalog_4019.09,ne_ndot_4019.09,4019.09,CONCRETE DISCHARGE STRUCTURE,EACH,EACH,07,908.00,current,ne_ndot_english_standard_item_list_2010,68,stditeme06252010.pdf#page=68;item=4019.09
ne_ndot_catalog_4019.10,ne_ndot_4019.10,4019.10,CONCRETE DISCHARGE STRUCTURE,EACH,EACH,07,908.00,current,ne_ndot_english_standard_item_list_2010,68,stditeme06252010.pdf#page=68;item=4019.10
ne_ndot_catalog_4019.11,ne_ndot_4019.11,4019.11,CONCRETE DISCHARGE STRUCTURE,EACH,EACH,07,908.00,current,ne_ndot_english_standard_item_list_2010,68,stditeme06252010.pdf#page=68;item=4019.11
ne_ndot_catalog_4019.12,ne_ndot_4019.12,4019.12,CONCRETE DISCHARGE STRUCTURE,EACH,EACH,07,908.00,current,ne_ndot_english_standard_item_list_2010,68,stditeme06252010.pdf#page=68;item=4019.12
ne_ndot_catalog_4019.13,ne_ndot_4019.13,4019.13,CONCRETE DISCHARGE STRUCTURE,EACH,EACH,07,908.00,current,ne_ndot_english_standard_item_list_2010,68,stditeme06252010.pdf#page=68;item=4019.13
ne_ndot_catalog_4019.14,ne_ndot_4019.14,4019.14,CONCRETE DISCHARGE STRUCTURE,EACH,EACH,07,908.00,current,ne_ndot_english_standard_item_list_2010,68,stditeme06252010.pdf#page=68;item=4019.14
ne_ndot_catalog_4019.15,ne_ndot_4019.15,4019.15,CONCRETE DISCHARGE STRUCTURE,EACH,EACH,07,908.00,current,ne_ndot_english_standard_item_list_2010,68,stditeme06252010.pdf#page=68;item=4019.15
ne_ndot_catalog_4019.16,ne_ndot_4019.16,4019.16,CONCRETE DISCHARGE STRUCTURE,EACH,EACH,07,908.00,current,ne_ndot_english_standard_item_list_2010,68,stditeme06252010.pdf#page=68;item=4019.16
ne_ndot_catalog_4019.17,ne_ndot_4019.17,4019.17,CONCRETE DISCHARGE STRUCTURE,EACH,EACH,07,908.00,current,ne_ndot_english_standard_item_list_2010,68,stditeme06252010.pdf#page=68;item=4019.17
ne_ndot_catalog_4019.99,ne_ndot_4019.99,4019.99,CONCRETE DITCH LINING - 2',LIN FT,LF,07,,current,ne_ndot_english_standard_item_list_2010,69,stditeme06252010.pdf#page=69;item=4019.99
ne_ndot_catalog_4020.06,ne_ndot_4020.06,4020.06,CONCRETE DITCH LINING - 3',LIN FT,LF,07,,current,ne_ndot_english_standard_item_list_2010,69,stditeme06252010.pdf#page=69;item=4020.06
ne_ndot_catalog_4020.08,ne_ndot_4020.08,4020.08,CONCRETE DITCH LINING - 4',LIN FT,LF,07,,current,ne_ndot_english_standard_item_list_2010,69,stditeme06252010.pdf#page=69;item=4020.08
ne_ndot_catalog_4020.12,ne_ndot_4020.12,4020.12,CONCRETE DITCH LINING - 6',LIN FT,LF,07,,current,ne_ndot_english_standard_item_list_2010,69,stditeme06252010.pdf#page=69;item=4020.12
ne_ndot_catalog_4020.13,ne_ndot_4020.13,4020.13,CONCRETE DITCH LINING -7',LIN FT,LF,07,,current,ne_ndot_english_standard_item_list_2010,69,stditeme06252010.pdf#page=69;item=4020.13
ne_ndot_catalog_4020.14,ne_ndot_4020.14,4020.14,CONCRETE DITCH LINING - 8',LIN FT,LF,07,,current,ne_ndot_english_standard_item_list_2010,69,stditeme06252010.pdf#page=69;item=4020.14
ne_ndot_catalog_4020.15,ne_ndot_4020.15,4020.15,CONCRETE DITCH LINING - 9',LIN FT,LF,07,,current,ne_ndot_english_standard_item_list_2010,69,stditeme06252010.pdf#page=69;item=4020.15
ne_ndot_catalog_4020.16,ne_ndot_4020.16,4020.16,CONCRETE DITCH LINING - 10',LIN FT,LF,07,,current,ne_ndot_english_standard_item_list_2010,69,stditeme06252010.pdf#page=69;item=4020.16
ne_ndot_catalog_4020.18,ne_ndot_4020.18,4020.18,CONCRETE DITCH LINING - 14.5',LIN FT,LF,07,,current,ne_ndot_english_standard_item_list_2010,69,stditeme06252010.pdf#page=69;item=4020.18
ne_ndot_catalog_4020.19,ne_ndot_4020.19,4020.19,CONCRETE DITCH LINING - 15.5',LIN FT,LF,07,,current,ne_ndot_english_standard_item_list_2010,69,stditeme06252010.pdf#page=69;item=4020.19
ne_ndot_catalog_4020.22,ne_ndot_4020.22,4020.22,CONCRETE DITCH LINING - 8.5',LIN FT,LF,07,,current,ne_ndot_english_standard_item_list_2010,69,stditeme06252010.pdf#page=69;item=4020.22
ne_ndot_catalog_4020.23,ne_ndot_4020.23,4020.23,CONCRETE DITCH LINING 17',LIN FT,LF,07,,current,ne_ndot_english_standard_item_list_2010,69,stditeme06252010.pdf#page=69;item=4020.23
ne_ndot_catalog_4020.25,ne_ndot_4020.25,4020.25,CONCRETE DITCH LINING,SQ YD,SY,07,908.00,current,ne_ndot_english_standard_item_list_2010,69,stditeme06252010.pdf#page=69;item=4020.25
ne_ndot_catalog_4020.26,ne_ndot_4020.26,4020.26,"6"" REINFORCED CONCRETE LOW FLOW LINER",SQ YD,SY,07,908.00,current,ne_ndot_english_standard_item_list_2010,69,stditeme06252010.pdf#page=69;item=4020.26
ne_ndot_catalog_4020.30,ne_ndot_4020.30,4020.30,CONCRETE DITCH LINING,LIN FT,LF,07,,current,ne_ndot_english_standard_item_list_2010,69,stditeme06252010.pdf#page=69;item=4020.30
ne_ndot_catalog_4020.55,ne_ndot_4020.55,4020.55,CLASS 47B-3000 CONCRETE FOR DITCH LINER,CU YD,CY,07,,current,ne_ndot_english_standard_item_list_2010,69,stditeme06252010.pdf#page=69;item=4020.55
ne_ndot_catalog_4020.56,ne_ndot_4020.56,4020.56,CLASS 47B-3000 CONCRETE FOR DITCH LINER,CU YD,CY,07,,current,ne_ndot_english_standard_item_list_2010,69,stditeme06252010.pdf#page=69;item=4020.56
ne_ndot_catalog_4020.60,ne_ndot_4020.60,4020.60,REINFORCING STEEL FOR DITCH LINER,POUND,LB,07,,current,ne_ndot_english_standard_item_list_2010,69,stditeme06252010.pdf#page=69;item=4020.60
ne_ndot_catalog_4020.61,ne_ndot_4020.61,4020.61,EPOXY COATED REINFORCING STEEL FOR DITCH LINER,POUND,LB,07,,current,ne_ndot_english_standard_item_list_2010,69,stditeme06252010.pdf#page=69;item=4020.61
ne_ndot_catalog_4020.75,ne_ndot_4020.75,4020.75,DROP STRUCTURE,EACH,EACH,07,,current,ne_ndot_english_standard_item_list_2010,70,stditeme06252010.pdf#page=70;item=4020.75
ne_ndot_catalog_4020.88,ne_ndot_4020.88,4020.88,SIDEWALK TRENCH DRAIN,LIN FT,LF,07,,current,ne_ndot_english_standard_item_list_2010,70,stditeme06252010.pdf#page=70;item=4020.88
ne_ndot_catalog_4020.90,ne_ndot_4020.90,4020.90,COVERED SIDEWALK TRENCH DRAIN,LIN FT,LF,07,,current,ne_ndot_english_standard_item_list_2010,70,stditeme06252010.pdf#page=70;item=4020.90
ne_ndot_catalog_4020.95,ne_ndot_4020.95,4020.95,"SIDEWALK UNDERDRAIN, TYPE I",LIN FT,LF,07,,current,ne_ndot_english_standard_item_list_2010,70,stditeme06252010.pdf#page=70;item=4020.95
ne_ndot_catalog_4020.96,ne_ndot_4020.96,4020.96,"SIDEWALK UNDERDRAIN, TYPE II",LIN FT,LF,07,,current,ne_ndot_english_standard_item_list_2010,70,stditeme06252010.pdf#page=70;item=4020.96
ne_ndot_catalog_4024.50,ne_ndot_4024.50,4024.50,CONCRETE SPLASH BASIN,EACH,EACH,07,,current,ne_ndot_english_standard_item_list_2010,70,stditeme06252010.pdf#page=70;item=4024.50
ne_ndot_catalog_4024.55,ne_ndot_4024.55,4024.55,FLUME SPILLWAY,LIN FT,LF,07,,current,ne_ndot_english_standard_item_list_2010,70,stditeme06252010.pdf#page=70;item=4024.55
ne_ndot_catalog_4024.59,ne_ndot_4024.59,4024.59,CONCRETE FLUME,EACH,EACH,07,908.00,current,ne_ndot_english_standard_item_list_2010,70,stditeme06252010.pdf#page=70;item=4024.59
ne_ndot_catalog_4024.60,ne_ndot_4024.60,4024.60,CONCRETE FLUME,EACH,EACH,07,908.00,current,ne_ndot_english_standard_item_list_2010,70,stditeme06252010.pdf#page=70;item=4024.60
ne_ndot_catalog_4024.61,ne_ndot_4024.61,4024.61,CONCRETE FLUME,EACH,EACH,07,908.00,current,ne_ndot_english_standard_item_list_2010,70,stditeme06252010.pdf#page=70;item=4024.61
ne_ndot_catalog_4024.64,ne_ndot_4024.64,4024.64,CONCRETE FLUME,EACH,EACH,07,908.00,current,ne_ndot_english_standard_item_list_2010,70,stditeme06252010.pdf#page=70;item=4024.64
ne_ndot_catalog_4024.65,ne_ndot_4024.65,4024.65,CONCRETE FLUME,EACH,EACH,07,908.00,current,ne_ndot_english_standard_item_list_2010,70,stditeme06252010.pdf#page=70;item=4024.65
ne_ndot_catalog_4024.66,ne_ndot_4024.66,4024.66,CONCRETE FLUME STRUCTURE,LUMP SUM,LS,07,,current,ne_ndot_english_standard_item_list_2010,70,stditeme06252010.pdf#page=70;item=4024.66
ne_ndot_catalog_4024.70,ne_ndot_4024.70,4024.70,"CONCRETE FLUME, TYPE I",EACH,EACH,07,908.00,current,ne_ndot_english_standard_item_list_2010,70,stditeme06252010.pdf#page=70;item=4024.70
ne_ndot_catalog_4024.71,ne_ndot_4024.71,4024.71,"CONCRETE FLUME, TYPE II",EACH,EACH,07,908.00,current,ne_ndot_english_standard_item_list_2010,70,stditeme06252010.pdf#page=70;item=4024.71
ne_ndot_catalog_4024.72,ne_ndot_4024.72,4024.72,"CONCRETE FLUME, TYPE III",EACH,EACH,07,908.00,current,ne_ndot_english_standard_item_list_2010,70,stditeme06252010.pdf#page=70;item=4024.72
ne_ndot_catalog_4024.73,ne_ndot_4024.73,4024.73,"CONCRETE FLUME, TYPE IV",EACH,EACH,07,908.00,current,ne_ndot_english_standard_item_list_2010,70,stditeme06252010.pdf#page=70;item=4024.73
ne_ndot_catalog_4024.74,ne_ndot_4024.74,4024.74,"CONCRETE FLUME, TYPE V",EACH,EACH,07,908.00,current,ne_ndot_english_standard_item_list_2010,70,stditeme06252010.pdf#page=70;item=4024.74
ne_ndot_catalog_4024.75,ne_ndot_4024.75,4024.75,"CONCRETE FLUME, TYPE VI",EACH,EACH,07,908.00,current,ne_ndot_english_standard_item_list_2010,70,stditeme06252010.pdf#page=70;item=4024.75
ne_ndot_catalog_4024.76,ne_ndot_4024.76,4024.76,"CONCRETE FLUME, TYPE VII",EACH,EACH,07,908.00,current,ne_ndot_english_standard_item_list_2010,71,stditeme06252010.pdf#page=71;item=4024.76
ne_ndot_catalog_4024.77,ne_ndot_4024.77,4024.77,"CONCRETE FLUME, TYPE VIII",EACH,EACH,07,908.00,current,ne_ndot_english_standard_item_list_2010,71,stditeme06252010.pdf#page=71;item=4024.77
ne_ndot_catalog_4024.78,ne_ndot_4024.78,4024.78,"CONCRETE FLUME, TYPE IX",EACH,EACH,07,908.00,current,ne_ndot_english_standard_item_list_2010,71,stditeme06252010.pdf#page=71;item=4024.78
ne_ndot_catalog_4029.10,ne_ndot_4029.10,4029.10,GRATE INLET,EACH,EACH,07,,current,ne_ndot_english_standard_item_list_2010,71,stditeme06252010.pdf#page=71;item=4029.10
ne_ndot_catalog_4029.11,ne_ndot_4029.11,4029.11,GRATE INLET,EACH,EACH,07,,current,ne_ndot_english_standard_item_list_2010,71,stditeme06252010.pdf#page=71;item=4029.11
ne_ndot_catalog_4029.12,ne_ndot_4029.12,4029.12,GRATE INLET,EACH,EACH,07,,current,ne_ndot_english_standard_item_list_2010,71,stditeme06252010.pdf#page=71;item=4029.12
ne_ndot_catalog_4029.13,ne_ndot_4029.13,4029.13,GRATE INLET,EACH,EACH,07,,current,ne_ndot_english_standard_item_list_2010,71,stditeme06252010.pdf#page=71;item=4029.13
ne_ndot_catalog_4029.60,ne_ndot_4029.60,4029.60,RISER INLET,EACH,EACH,07,,current,ne_ndot_english_standard_item_list_2010,71,stditeme06252010.pdf#page=71;item=4029.60
ne_ndot_catalog_4029.95,ne_ndot_4029.95,4029.95,REMOVE AND RELAY CORRUGATED METAL PIPE,LIN FT,LF,07,,current,ne_ndot_english_standard_item_list_2010,71,stditeme06252010.pdf#page=71;item=4029.95
ne_ndot_catalog_4029.97,ne_ndot_4029.97,4029.97,REMOVE AND RELAY REINFORCED CONCRETE PIPE,LIN FT,LF,07,,current,ne_ndot_english_standard_item_list_2010,71,stditeme06252010.pdf#page=71;item=4029.97
ne_ndot_catalog_4029.98,ne_ndot_4029.98,4029.98,REMOVE AND RELAY REINFORCED CONCRETE PIPE,LUMP SUM,LS,07,,current,ne_ndot_english_standard_item_list_2010,71,stditeme06252010.pdf#page=71;item=4029.98
ne_ndot_catalog_4030.00,ne_ndot_4030.00,4030.00,RELAYING CORRUGATED METAL PIPE,LIN FT,LF,07,719.00,current,ne_ndot_english_standard_item_list_2010,71,stditeme06252010.pdf#page=71;item=4030.00
ne_ndot_catalog_4030.01,ne_ndot_4030.01,4030.01,RELAYING HIGH DENSITY POLYETHYLENE PIPE,LIN FT,LF,07,,current,ne_ndot_english_standard_item_list_2010,71,stditeme06252010.pdf#page=71;item=4030.01
ne_ndot_catalog_4030.07,ne_ndot_4030.07,4030.07,REMOVE AND RELAY,LIN FT,LF,07,,current,ne_ndot_english_standard_item_list_2010,71,stditeme06252010.pdf#page=71;item=4030.07
ne_ndot_catalog_4030.08,ne_ndot_4030.08,4030.08,REMOVE AND RELAY,EACH,EACH,07,,current,ne_ndot_english_standard_item_list_2010,71,stditeme06252010.pdf#page=71;item=4030.08
ne_ndot_catalog_4032.00,ne_ndot_4032.00,4032.00,RELAYING REINFORCED CONCRETE PIPE,LIN FT,LF,07,720.00,current,ne_ndot_english_standard_item_list_2010,71,stditeme06252010.pdf#page=71;item=4032.00
ne_ndot_catalog_4033.00,ne_ndot_4033.00,4033.00,REMOVE AND REINSTALL AUTOMATIC FLOOD CONTROL GATE,EACH,EACH,07,,current,ne_ndot_english_standard_item_list_2010,71,stditeme06252010.pdf#page=71;item=4033.00
ne_ndot_catalog_4035.00,ne_ndot_4035.00,4035.00,REMOVE FLARED-END SECTION,EACH,EACH,07,724.00,current,ne_ndot_english_standard_item_list_2010,71,stditeme06252010.pdf#page=71;item=4035.00
ne_ndot_catalog_4035.25,ne_ndot_4035.25,4035.25,REMOVE AND SALVAGE FLARED-END SECTION,EACH,EACH,07,724.00,current,ne_ndot_english_standard_item_list_2010,71,stditeme06252010.pdf#page=71;item=4035.25
ne_ndot_catalog_4035.90,ne_ndot_4035.90,4035.90,REMOVE AND REINSTALL FLARED-END SECTION,EACH,EACH,07,,current,ne_ndot_english_standard_item_list_2010,72,stditeme06252010.pdf#page=72;item=4035.90
ne_ndot_catalog_4036.00,ne_ndot_4036.00,4036.00,REMOVE AND REINSTALL METAL FLARED END SECTIONS,EACH,EACH,07,,current,ne_ndot_english_standard_item_list_2010,72,stditeme06252010.pdf#page=72;item=4036.00
ne_ndot_catalog_4037.00,ne_ndot_4037.00,4037.00,REMOVE AND REINSTALL CONCRETE FLARED END SECTIONS,EACH,EACH,07,,current,ne_ndot_english_standard_item_list_2010,72,stditeme06252010.pdf#page=72;item=4037.00
ne_ndot_catalog_4039.10,ne_ndot_4039.10,4039.10,REMOVE AND RELAY REINFORCED CONCRETE SEWER PIPE,LIN FT,LF,07,,current,ne_ndot_english_standard_item_list_2010,72,stditeme06252010.pdf#page=72;item=4039.10
ne_ndot_catalog_4039.20,ne_ndot_4039.20,4039.20,REMOVE AND RELAY CULVERT PIPE,LIN FT,LF,07,,current,ne_ndot_english_standard_item_list_2010,72,stditeme06252010.pdf#page=72;item=4039.20
ne_ndot_catalog_4039.50,ne_ndot_4039.50,4039.50,REMOVING AND REINSTALLING MITERED ENDS,EACH,EACH,07,,current,ne_ndot_english_standard_item_list_2010,72,stditeme06252010.pdf#page=72;item=4039.50
ne_ndot_catalog_4039.90,ne_ndot_4039.90,4039.90,LAY AND REMOVE CULVERT PIPE,LIN FT,LF,07,,current,ne_ndot_english_standard_item_list_2010,72,stditeme06252010.pdf#page=72;item=4039.90
ne_ndot_catalog_4039.95,ne_ndot_4039.95,4039.95,REMOVE PARAPET,EACH,EACH,07,,current,ne_ndot_english_standard_item_list_2010,72,stditeme06252010.pdf#page=72;item=4039.95
ne_ndot_catalog_4040.00,ne_ndot_4040.00,4040.00,REMOVE HEADWALLS FROM CULVERTS,EACH,EACH,07,203.00,current,ne_ndot_english_standard_item_list_2010,72,stditeme06252010.pdf#page=72;item=4040.00
ne_ndot_catalog_4040.01,ne_ndot_4040.01,4040.01,REMOVE HEADWALLS FROM CULVERTS,EACH,EACH,07,203.00,current,ne_ndot_english_standard_item_list_2010,72,stditeme06252010.pdf#page=72;item=4040.01
ne_ndot_catalog_4040.10,ne_ndot_4040.10,4040.10,REMOVE INLET TOP,EACH,EACH,07,,current,ne_ndot_english_standard_item_list_2010,72,stditeme06252010.pdf#page=72;item=4040.10
ne_ndot_catalog_4040.12,ne_ndot_4040.12,4040.12,RESET INLET TOP,EACH,EACH,07,,current,ne_ndot_english_standard_item_list_2010,72,stditeme06252010.pdf#page=72;item=4040.12
ne_ndot_catalog_4041.00,ne_ndot_4041.00,4041.00,CULVERT CLEANOUT,EACH,EACH,07,,current,ne_ndot_english_standard_item_list_2010,72,stditeme06252010.pdf#page=72;item=4041.00
ne_ndot_catalog_4041.01,ne_ndot_4041.01,4041.01,CULVERT CLEANOUT,EACH,EACH,07,,current,ne_ndot_english_standard_item_list_2010,72,stditeme06252010.pdf#page=72;item=4041.01
ne_ndot_catalog_4041.02,ne_ndot_4041.02,4041.02,CULVERT CLEANOUT,EACH,EACH,07,,current,ne_ndot_english_standard_item_list_2010,72,stditeme06252010.pdf#page=72;item=4041.02
ne_ndot_catalog_4041.03,ne_ndot_4041.03,4041.03,CULVERT CLEANOUT,EACH,EACH,07,,current,ne_ndot_english_standard_item_list_2010,72,stditeme06252010.pdf#page=72;item=4041.03
ne_ndot_catalog_4041.04,ne_ndot_4041.04,4041.04,CULVERT CLEANOUT,EACH,EACH,07,,current,ne_ndot_english_standard_item_list_2010,72,stditeme06252010.pdf#page=72;item=4041.04
ne_ndot_catalog_4041.05,ne_ndot_4041.05,4041.05,CULVERT CLEANOUT,EACH,EACH,07,,current,ne_ndot_english_standard_item_list_2010,72,stditeme06252010.pdf#page=72;item=4041.05
ne_ndot_catalog_4041.06,ne_ndot_4041.06,4041.06,CULVERT CLEANOUT,EACH,EACH,07,,current,ne_ndot_english_standard_item_list_2010,72,stditeme06252010.pdf#page=72;item=4041.06
ne_ndot_catalog_4041.07,ne_ndot_4041.07,4041.07,CULVERT CLEANOUT,EACH,EACH,07,,current,ne_ndot_english_standard_item_list_2010,73,stditeme06252010.pdf#page=73;item=4041.07
ne_ndot_catalog_4041.08,ne_ndot_4041.08,4041.08,CULVERT CLEANOUT,EACH,EACH,07,,current,ne_ndot_english_standard_item_list_2010,73,stditeme06252010.pdf#page=73;item=4041.08
ne_ndot_catalog_4041.09,ne_ndot_4041.09,4041.09,CULVERT CLEANOUT,EACH,EACH,07,,current,ne_ndot_english_standard_item_list_2010,73,stditeme06252010.pdf#page=73;item=4041.09
ne_ndot_catalog_4041.10,ne_ndot_4041.10,4041.10,CULVERT CLEANOUT,EACH,EACH,07,,current,ne_ndot_english_standard_item_list_2010,73,stditeme06252010.pdf#page=73;item=4041.10
ne_ndot_catalog_4041.11,ne_ndot_4041.11,4041.11,CULVERT CLEANOUT,EACH,EACH,07,,current,ne_ndot_english_standard_item_list_2010,73,stditeme06252010.pdf#page=73;item=4041.11
ne_ndot_catalog_4041.12,ne_ndot_4041.12,4041.12,CULVERT CLEANOUT,EACH,EACH,07,,current,ne_ndot_english_standard_item_list_2010,73,stditeme06252010.pdf#page=73;item=4041.12
ne_ndot_catalog_4041.13,ne_ndot_4041.13,4041.13,CULVERT CLEANOUT,EACH,EACH,07,,current,ne_ndot_english_standard_item_list_2010,73,stditeme06252010.pdf#page=73;item=4041.13
ne_ndot_catalog_4042.00,ne_ndot_4042.00,4042.00,TAPPING EXISTING CULVERT,EACH,EACH,07,723.00,current,ne_ndot_english_standard_item_list_2010,73,stditeme06252010.pdf#page=73;item=4042.00
ne_ndot_catalog_4042.50,ne_ndot_4042.50,4042.50,TAPPING EXISTING SANITARY SEWER LINE,EACH,EACH,07,723.00,current,ne_ndot_english_standard_item_list_2010,73,stditeme06252010.pdf#page=73;item=4042.50
ne_ndot_catalog_4042.51,ne_ndot_4042.51,4042.51,TAPPING EXISTING SANITARY SEWER MANHOLE,EACH,EACH,07,,current,ne_ndot_english_standard_item_list_2010,73,stditeme06252010.pdf#page=73;item=4042.51
ne_ndot_catalog_4042.53,ne_ndot_4042.53,4042.53,SANITARY SEWER SERVICE,EACH,EACH,07,,current,ne_ndot_english_standard_item_list_2010,73,stditeme06252010.pdf#page=73;item=4042.53
ne_ndot_catalog_4042.55,ne_ndot_4042.55,4042.55,CONNECT SANITARY SERVICE,EACH,EACH,07,,current,ne_ndot_english_standard_item_list_2010,73,stditeme06252010.pdf#page=73;item=4042.55
ne_ndot_catalog_4042.60,ne_ndot_4042.60,4042.60,RECONNECT SANITARY SERVICE,EACH,EACH,07,,current,ne_ndot_english_standard_item_list_2010,73,stditeme06252010.pdf#page=73;item=4042.60
ne_ndot_catalog_4042.62,ne_ndot_4042.62,4042.62,RECONSTRUCT SEWER SERVICE,LUMP SUM,LS,07,,current,ne_ndot_english_standard_item_list_2010,73,stditeme06252010.pdf#page=73;item=4042.62
ne_ndot_catalog_4042.65,ne_ndot_4042.65,4042.65,RECONSTRUCT WATER SERVICE,EACH,EACH,07,,current,ne_ndot_english_standard_item_list_2010,73,stditeme06252010.pdf#page=73;item=4042.65
ne_ndot_catalog_4043.00,ne_ndot_4043.00,4043.00,REMOVE CULVERT PIPE,LIN FT,LF,07,203.00,current,ne_ndot_english_standard_item_list_2010,73,stditeme06252010.pdf#page=73;item=4043.00
ne_ndot_catalog_4043.50,ne_ndot_4043.50,4043.50,REMOVE SEWER PIPE,LIN FT,LF,07,203.00,current,ne_ndot_english_standard_item_list_2010,73,stditeme06252010.pdf#page=73;item=4043.50
ne_ndot_catalog_4043.51,ne_ndot_4043.51,4043.51,REMOVE SANITARY SEWER PIPE,LIN FT,LF,07,,current,ne_ndot_english_standard_item_list_2010,73,stditeme06252010.pdf#page=73;item=4043.51
ne_ndot_catalog_4043.60,ne_ndot_4043.60,4043.60,RELAYING SEWER PIPE,LIN FT,LF,07,,current,ne_ndot_english_standard_item_list_2010,73,stditeme06252010.pdf#page=73;item=4043.60
ne_ndot_catalog_4043.70,ne_ndot_4043.70,4043.70,SALVAGE SEWER PIPE,LIN FT,LF,07,203.00,current,ne_ndot_english_standard_item_list_2010,74,stditeme06252010.pdf#page=74;item=4043.70
ne_ndot_catalog_4044.00,ne_ndot_4044.00,4044.00,PREPARATION OF STRUCTURE,EACH,EACH,07,203.00,current,ne_ndot_english_standard_item_list_2010,74,stditeme06252010.pdf#page=74;item=4044.00
ne_ndot_catalog_4044.01,ne_ndot_4044.01,4044.01,PREPARATION OF STRUCTURE,EACH,EACH,07,203.00,current,ne_ndot_english_standard_item_list_2010,74,stditeme06252010.pdf#page=74;item=4044.01
ne_ndot_catalog_4044.02,ne_ndot_4044.02,4044.02,PREPARATION OF STRUCTURE,EACH,EACH,07,203.00,current,ne_ndot_english_standard_item_list_2010,74,stditeme06252010.pdf#page=74;item=4044.02
ne_ndot_catalog_4044.03,ne_ndot_4044.03,4044.03,PREPARATION OF STRUCTURE,EACH,EACH,07,203.00,current,ne_ndot_english_standard_item_list_2010,74,stditeme06252010.pdf#page=74;item=4044.03
ne_ndot_catalog_4044.04,ne_ndot_4044.04,4044.04,PREPARATION OF STRUCTURE,EACH,EACH,07,203.00,current,ne_ndot_english_standard_item_list_2010,74,stditeme06252010.pdf#page=74;item=4044.04
ne_ndot_catalog_4044.05,ne_ndot_4044.05,4044.05,PREPARATION OF STRUCTURE,EACH,EACH,07,203.00,current,ne_ndot_english_standard_item_list_2010,74,stditeme06252010.pdf#page=74;item=4044.05
ne_ndot_catalog_4044.06,ne_ndot_4044.06,4044.06,PREPARATION OF STRUCTURE,EACH,EACH,07,203.00,current,ne_ndot_english_standard_item_list_2010,74,stditeme06252010.pdf#page=74;item=4044.06
ne_ndot_catalog_4044.07,ne_ndot_4044.07,4044.07,PREPARATION OF STRUCTURE,EACH,EACH,07,203.00,current,ne_ndot_english_standard_item_list_2010,74,stditeme06252010.pdf#page=74;item=4044.07
ne_ndot_catalog_4044.08,ne_ndot_4044.08,4044.08,PREPARATION OF STRUCTURE,EACH,EACH,07,203.00,current,ne_ndot_english_standard_item_list_2010,74,stditeme06252010.pdf#page=74;item=4044.08
ne_ndot_catalog_4044.09,ne_ndot_4044.09,4044.09,PREPARATION OF STRUCTURE,EACH,EACH,07,203.00,current,ne_ndot_english_standard_item_list_2010,74,stditeme06252010.pdf#page=74;item=4044.09
ne_ndot_catalog_4044.10,ne_ndot_4044.10,4044.10,PREPARATION OF STRUCTURE,EACH,EACH,07,203.00,current,ne_ndot_english_standard_item_list_2010,74,stditeme06252010.pdf#page=74;item=4044.10
ne_ndot_catalog_4044.11,ne_ndot_4044.11,4044.11,PREPARATION OF STRUCTURE,EACH,EACH,07,203.00,current,ne_ndot_english_standard_item_list_2010,74,stditeme06252010.pdf#page=74;item=4044.11
ne_ndot_catalog_4044.12,ne_ndot_4044.12,4044.12,PREPARATION OF STRUCTURE,EACH,EACH,07,203.00,current,ne_ndot_english_standard_item_list_2010,74,stditeme06252010.pdf#page=74;item=4044.12
ne_ndot_catalog_4044.13,ne_ndot_4044.13,4044.13,PREPARATION OF STRUCTURE,EACH,EACH,07,203.00,current,ne_ndot_english_standard_item_list_2010,74,stditeme06252010.pdf#page=74;item=4044.13
ne_ndot_catalog_4044.14,ne_ndot_4044.14,4044.14,PREPARATION OF STRUCTURE,EACH,EACH,07,203.00,current,ne_ndot_english_standard_item_list_2010,74,stditeme06252010.pdf#page=74;item=4044.14
ne_ndot_catalog_4044.15,ne_ndot_4044.15,4044.15,PREPARATION OF STRUCTURE,EACH,EACH,07,203.00,current,ne_ndot_english_standard_item_list_2010,74,stditeme06252010.pdf#page=74;item=4044.15
ne_ndot_catalog_4044.16,ne_ndot_4044.16,4044.16,PREPARATION OF STRUCTURE,EACH,EACH,07,203.00,current,ne_ndot_english_standard_item_list_2010,74,stditeme06252010.pdf#page=74;item=4044.16
ne_ndot_catalog_4044.17,ne_ndot_4044.17,4044.17,PREPARATION OF STRUCTURE,EACH,EACH,07,203.00,current,ne_ndot_english_standard_item_list_2010,74,stditeme06252010.pdf#page=74;item=4044.17
ne_ndot_catalog_4044.18,ne_ndot_4044.18,4044.18,PREPARATION OF STRUCTURE,EACH,EACH,07,203.00,current,ne_ndot_english_standard_item_list_2010,75,stditeme06252010.pdf#page=75;item=4044.18
ne_ndot_catalog_4044.19,ne_ndot_4044.19,4044.19,PREPARATION OF STRUCTURE,EACH,EACH,07,203.00,current,ne_ndot_english_standard_item_list_2010,75,stditeme06252010.pdf#page=75;item=4044.19
ne_ndot_catalog_4044.20,ne_ndot_4044.20,4044.20,PREPARATION OF STRUCTURE,EACH,EACH,07,203.00,current,ne_ndot_english_standard_item_list_2010,75,stditeme06252010.pdf#page=75;item=4044.20
ne_ndot_catalog_4044.21,ne_ndot_4044.21,4044.21,PREPARATION OF STRUCTURE,EACH,EACH,07,203.00,current,ne_ndot_english_standard_item_list_2010,75,stditeme06252010.pdf#page=75;item=4044.21
ne_ndot_catalog_4044.22,ne_ndot_4044.22,4044.22,PREPARATION OF STRUCTURE,EACH,EACH,07,203.00,current,ne_ndot_english_standard_item_list_2010,75,stditeme06252010.pdf#page=75;item=4044.22
ne_ndot_catalog_4044.23,ne_ndot_4044.23,4044.23,PREPARATION OF STRUCTURE,EACH,EACH,07,203.00,current,ne_ndot_english_standard_item_list_2010,75,stditeme06252010.pdf#page=75;item=4044.23
ne_ndot_catalog_4044.24,ne_ndot_4044.24,4044.24,PREPARATION OF STRUCTURE,EACH,EACH,07,203.00,current,ne_ndot_english_standard_item_list_2010,75,stditeme06252010.pdf#page=75;item=4044.24
ne_ndot_catalog_4044.95,ne_ndot_4044.95,4044.95,REMOVE BOX CULVERT,LIN FT,LF,07,203.00,current,ne_ndot_english_standard_item_list_2010,75,stditeme06252010.pdf#page=75;item=4044.95
ne_ndot_catalog_4045.00,ne_ndot_4045.00,4045.00,REMOVE STRUCTURE,EACH,EACH,07,203.00,current,ne_ndot_english_standard_item_list_2010,75,stditeme06252010.pdf#page=75;item=4045.00
ne_ndot_catalog_4045.01,ne_ndot_4045.01,4045.01,REMOVE STRUCTURE,EACH,EACH,07,203.00,current,ne_ndot_english_standard_item_list_2010,75,stditeme06252010.pdf#page=75;item=4045.01
ne_ndot_catalog_4045.02,ne_ndot_4045.02,4045.02,REMOVE STRUCTURE,EACH,EACH,07,203.00,current,ne_ndot_english_standard_item_list_2010,75,stditeme06252010.pdf#page=75;item=4045.02
ne_ndot_catalog_4045.03,ne_ndot_4045.03,4045.03,REMOVE STRUCTURE,EACH,EACH,07,203.00,current,ne_ndot_english_standard_item_list_2010,75,stditeme06252010.pdf#page=75;item=4045.03
ne_ndot_catalog_4045.04,ne_ndot_4045.04,4045.04,REMOVE STRUCTURE,EACH,EACH,07,203.00,current,ne_ndot_english_standard_item_list_2010,75,stditeme06252010.pdf#page=75;item=4045.04
ne_ndot_catalog_4045.05,ne_ndot_4045.05,4045.05,REMOVE STRUCTURE,EACH,EACH,07,203.00,current,ne_ndot_english_standard_item_list_2010,75,stditeme06252010.pdf#page=75;item=4045.05
ne_ndot_catalog_4045.06,ne_ndot_4045.06,4045.06,REMOVE STRUCTURE,EACH,EACH,07,203.00,current,ne_ndot_english_standard_item_list_2010,75,stditeme06252010.pdf#page=75;item=4045.06
ne_ndot_catalog_4045.07,ne_ndot_4045.07,4045.07,REMOVE STRUCTURE,EACH,EACH,07,203.00,current,ne_ndot_english_standard_item_list_2010,75,stditeme06252010.pdf#page=75;item=4045.07
ne_ndot_catalog_4045.08,ne_ndot_4045.08,4045.08,REMOVE STRUCTURE,EACH,EACH,07,203.00,current,ne_ndot_english_standard_item_list_2010,75,stditeme06252010.pdf#page=75;item=4045.08
ne_ndot_catalog_4045.09,ne_ndot_4045.09,4045.09,REMOVE STRUCTURE,EACH,EACH,07,203.00,current,ne_ndot_english_standard_item_list_2010,75,stditeme06252010.pdf#page=75;item=4045.09
ne_ndot_catalog_4045.10,ne_ndot_4045.10,4045.10,REMOVE STRUCTURE,EACH,EACH,07,203.00,current,ne_ndot_english_standard_item_list_2010,75,stditeme06252010.pdf#page=75;item=4045.10
ne_ndot_catalog_4045.11,ne_ndot_4045.11,4045.11,REMOVE STRUCTURE,EACH,EACH,07,203.00,current,ne_ndot_english_standard_item_list_2010,76,stditeme06252010.pdf#page=76;item=4045.11
ne_ndot_catalog_4045.12,ne_ndot_4045.12,4045.12,REMOVE STRUCTURE,EACH,EACH,07,203.00,current,ne_ndot_english_standard_item_list_2010,76,stditeme06252010.pdf#page=76;item=4045.12
ne_ndot_catalog_4045.13,ne_ndot_4045.13,4045.13,REMOVE STRUCTURE,EACH,EACH,07,203.00,current,ne_ndot_english_standard_item_list_2010,76,stditeme06252010.pdf#page=76;item=4045.13
ne_ndot_catalog_4045.14,ne_ndot_4045.14,4045.14,REMOVE STRUCTURE,EACH,EACH,07,203.00,current,ne_ndot_english_standard_item_list_2010,76,stditeme06252010.pdf#page=76;item=4045.14
ne_ndot_catalog_4045.15,ne_ndot_4045.15,4045.15,REMOVE STRUCTURE,EACH,EACH,07,203.00,current,ne_ndot_english_standard_item_list_2010,76,stditeme06252010.pdf#page=76;item=4045.15
ne_ndot_catalog_4045.16,ne_ndot_4045.16,4045.16,REMOVE STRUCTURE,EACH,EACH,07,203.00,current,ne_ndot_english_standard_item_list_2010,76,stditeme06252010.pdf#page=76;item=4045.16
ne_ndot_catalog_4045.17,ne_ndot_4045.17,4045.17,REMOVE STRUCTURE,EACH,EACH,07,203.00,current,ne_ndot_english_standard_item_list_2010,76,stditeme06252010.pdf#page=76;item=4045.17
ne_ndot_catalog_4045.18,ne_ndot_4045.18,4045.18,REMOVE STRUCTURE,EACH,EACH,07,203.00,current,ne_ndot_english_standard_item_list_2010,76,stditeme06252010.pdf#page=76;item=4045.18
ne_ndot_catalog_4045.19,ne_ndot_4045.19,4045.19,REMOVE STRUCTURE,EACH,EACH,07,203.00,current,ne_ndot_english_standard_item_list_2010,76,stditeme06252010.pdf#page=76;item=4045.19
ne_ndot_catalog_4045.20,ne_ndot_4045.20,4045.20,REMOVE STRUCTURE,EACH,EACH,07,203.00,current,ne_ndot_english_standard_item_list_2010,76,stditeme06252010.pdf#page=76;item=4045.20
ne_ndot_catalog_4045.21,ne_ndot_4045.21,4045.21,REMOVE STRUCTURE,EACH,EACH,07,203.00,current,ne_ndot_english_standard_item_list_2010,76,stditeme06252010.pdf#page=76;item=4045.21
ne_ndot_catalog_4048.00,ne_ndot_4048.00,4048.00,MODIFICATION OF STRUCTURE,EACH,EACH,07,,current,ne_ndot_english_standard_item_list_2010,76,stditeme06252010.pdf#page=76;item=4048.00
ne_ndot_catalog_4048.25,ne_ndot_4048.25,4048.25,REMODEL,EACH,EACH,07,,current,ne_ndot_english_standard_item_list_2010,76,stditeme06252010.pdf#page=76;item=4048.25
ne_ndot_catalog_4048.50,ne_ndot_4048.50,4048.50,RECONSTRUCT,EACH,EACH,07,,current,ne_ndot_english_standard_item_list_2010,76,stditeme06252010.pdf#page=76;item=4048.50
ne_ndot_catalog_4048.51,ne_ndot_4048.51,4048.51,RECONSTRUCT,EACH,EACH,07,,current,ne_ndot_english_standard_item_list_2010,76,stditeme06252010.pdf#page=76;item=4048.51
ne_ndot_catalog_4048.52,ne_ndot_4048.52,4048.52,RECONSTRUCT,EACH,EACH,07,,current,ne_ndot_english_standard_item_list_2010,76,stditeme06252010.pdf#page=76;item=4048.52
ne_ndot_catalog_4048.80,ne_ndot_4048.80,4048.80,REMOVE AND RESET PRECAST CONCRETE STEPS AND LANDING,EACH,EACH,07,,current,ne_ndot_english_standard_item_list_2010,76,stditeme06252010.pdf#page=76;item=4048.80
ne_ndot_catalog_4048.90,ne_ndot_4048.90,4048.90,PRECAST CONCRETE STEPS AND LANDING,EACH,EACH,07,,current,ne_ndot_english_standard_item_list_2010,76,stditeme06252010.pdf#page=76;item=4048.90
ne_ndot_catalog_4048.95,ne_ndot_4048.95,4048.95,PRECAST CONCRETE POST,EACH,EACH,07,,current,ne_ndot_english_standard_item_list_2010,76,stditeme06252010.pdf#page=76;item=4048.95
ne_ndot_catalog_4048.96,ne_ndot_4048.96,4048.96,PRECAST CONCRETE POST,EACH,EACH,07,,current,ne_ndot_english_standard_item_list_2010,77,stditeme06252010.pdf#page=77;item=4048.96
ne_ndot_catalog_4049.00,ne_ndot_4049.00,4049.00,PRECAST REINFORCED CONCRETE BOX CULVERT,LIN FT,LF,07,,current,ne_ndot_english_standard_item_list_2010,77,stditeme06252010.pdf#page=77;item=4049.00
ne_ndot_catalog_4049.01,ne_ndot_4049.01,4049.01,PRECAST REINFORCED CONCRETE BOX CULVERT,LIN FT,LF,07,,current,ne_ndot_english_standard_item_list_2010,77,stditeme06252010.pdf#page=77;item=4049.01
ne_ndot_catalog_4049.02,ne_ndot_4049.02,4049.02,PRECAST REINFORCED CONCRETE BOX CULVERT,LIN FT,LF,07,,current,ne_ndot_english_standard_item_list_2010,77,stditeme06252010.pdf#page=77;item=4049.02
ne_ndot_catalog_4049.03,ne_ndot_4049.03,4049.03,PRECAST REINFORCED CONCRETE BOX CULVERT,LIN FT,LF,07,,current,ne_ndot_english_standard_item_list_2010,77,stditeme06252010.pdf#page=77;item=4049.03
ne_ndot_catalog_4049.04,ne_ndot_4049.04,4049.04,PRECAST REINFORCED CONCRETE BOX CULVERT,LIN FT,LF,07,,current,ne_ndot_english_standard_item_list_2010,77,stditeme06252010.pdf#page=77;item=4049.04
ne_ndot_catalog_4049.05,ne_ndot_4049.05,4049.05,PRECAST REINFORCED CONCRETE BOX CULVERT,LIN FT,LF,07,,current,ne_ndot_english_standard_item_list_2010,77,stditeme06252010.pdf#page=77;item=4049.05
ne_ndot_catalog_4049.06,ne_ndot_4049.06,4049.06,PRECAST REINFORCED CONCRETE BOX CULVERT,LIN FT,LF,07,,current,ne_ndot_english_standard_item_list_2010,77,stditeme06252010.pdf#page=77;item=4049.06
ne_ndot_catalog_4049.10,ne_ndot_4049.10,4049.10,PRECAST REINFORCED CONCRETE END SECTION,EACH,EACH,07,,current,ne_ndot_english_standard_item_list_2010,77,stditeme06252010.pdf#page=77;item=4049.10
ne_ndot_catalog_4049.11,ne_ndot_4049.11,4049.11,PRECAST REINFORCED CONCRETE END SECTION,EACH,EACH,07,,current,ne_ndot_english_standard_item_list_2010,77,stditeme06252010.pdf#page=77;item=4049.11
ne_ndot_catalog_4049.25,ne_ndot_4049.25,4049.25,JACKING PRECAST REINFORCED CONCRETE BOX CULVERT,LIN FT,LF,07,,current,ne_ndot_english_standard_item_list_2010,77,stditeme06252010.pdf#page=77;item=4049.25
ne_ndot_catalog_4049.40,ne_ndot_4049.40,4049.40,PRECAST CONCRETE ARCH CULVERT,LIN FT,LF,07,,current,ne_ndot_english_standard_item_list_2010,77,stditeme06252010.pdf#page=77;item=4049.40
ne_ndot_catalog_4049.41,ne_ndot_4049.41,4049.41,PRECAST CONCRETE ARCH CULVERT,LIN FT,LF,07,,current,ne_ndot_english_standard_item_list_2010,77,stditeme06252010.pdf#page=77;item=4049.41
ne_ndot_catalog_4049.50,ne_ndot_4049.50,4049.50,TRANSITION STRUCTURE,EACH,EACH,07,,current,ne_ndot_english_standard_item_list_2010,77,stditeme06252010.pdf#page=77;item=4049.50
ne_ndot_catalog_4049.51,ne_ndot_4049.51,4049.51,TRANSITION STRUCTURE,EACH,EACH,07,,current,ne_ndot_english_standard_item_list_2010,77,stditeme06252010.pdf#page=77;item=4049.51
ne_ndot_catalog_4049.52,ne_ndot_4049.52,4049.52,TRANSITION STRUCTURE,EACH,EACH,07,,current,ne_ndot_english_standard_item_list_2010,77,stditeme06252010.pdf#page=77;item=4049.52
ne_ndot_catalog_4049.75,ne_ndot_4049.75,4049.75,OUTLET STRUCTURE,EACH,EACH,07,,current,ne_ndot_english_standard_item_list_2010,77,stditeme06252010.pdf#page=77;item=4049.75
ne_ndot_catalog_4049.76,ne_ndot_4049.76,4049.76,OUTLET STRUCTURE,EACH,EACH,07,,current,ne_ndot_english_standard_item_list_2010,77,stditeme06252010.pdf#page=77;item=4049.76
ne_ndot_catalog_4049.77,ne_ndot_4049.77,4049.77,OUTLET STRUCTURE,EACH,EACH,07,,current,ne_ndot_english_standard_item_list_2010,77,stditeme06252010.pdf#page=77;item=4049.77
ne_ndot_catalog_4049.90,ne_ndot_4049.90,4049.90,OVERFLOW STRUCTURE,EACH,EACH,07,,current,ne_ndot_english_standard_item_list_2010,78,stditeme06252010.pdf#page=78;item=4049.90
ne_ndot_catalog_4049.91,ne_ndot_4049.91,4049.91,OVERFLOW STRUCTURE,EACH,EACH,07,,current,ne_ndot_english_standard_item_list_2010,78,stditeme06252010.pdf#page=78;item=4049.91
ne_ndot_catalog_4050.00,ne_ndot_4050.00,4050.00,TEMPORARY,SQ FT,SF,07,,current,ne_ndot_english_standard_item_list_2010,78,stditeme06252010.pdf#page=78;item=4050.00
ne_ndot_catalog_4050.01,ne_ndot_4050.01,4050.01,"EXCAVATION FOR PIPE, PIPE-ARCH CULVERTS, AND HEADWALLS",CU YD,CY,07,702.00,current,ne_ndot_english_standard_item_list_2010,78,stditeme06252010.pdf#page=78;item=4050.01
ne_ndot_catalog_4050.02,ne_ndot_4050.02,4050.02,ADDITIONAL EXCAVATION FOR BACKFILL AND EMBANKMENT FOR PIPE,CU YD,CY,07,702.00,current,ne_ndot_english_standard_item_list_2010,78,stditeme06252010.pdf#page=78;item=4050.02
ne_ndot_catalog_4051.01,ne_ndot_4051.01,4051.01,EXCAVATION FOR BOX CULVERTS,CU YD,CY,07,702.00,current,ne_ndot_english_standard_item_list_2010,78,stditeme06252010.pdf#page=78;item=4051.01
ne_ndot_catalog_4051.02,ne_ndot_4051.02,4051.02,ADDITIONAL EXCAVATION FOR BACKFILL AND EMBANKMENT FOR BOX CULVERT,CU YD,CY,07,,current,ne_ndot_english_standard_item_list_2010,78,stditeme06252010.pdf#page=78;item=4051.02
ne_ndot_catalog_4051.10,ne_ndot_4051.10,4051.10,GRANULAR BACKFILL FOR BOX CULVERT,CU YD,CY,07,,current,ne_ndot_english_standard_item_list_2010,78,stditeme06252010.pdf#page=78;item=4051.10
ne_ndot_catalog_4051.12,ne_ndot_4051.12,4051.12,GRANULAR MATERIAL FOR FOUNDATION OF BOX CULVERT,CU YD,CY,07,,current,ne_ndot_english_standard_item_list_2010,78,stditeme06252010.pdf#page=78;item=4051.12
ne_ndot_catalog_4051.13,ne_ndot_4051.13,4051.13,GRANULAR MATERIAL FOR FOUNDATION OF PIPE CULVERT AND HEADWALL,CU YD,CY,07,,current,ne_ndot_english_standard_item_list_2010,78,stditeme06252010.pdf#page=78;item=4051.13
ne_ndot_catalog_4051.20,ne_ndot_4051.20,4051.20,GRANULAR MATERIAL,CU YD,CY,07,,current,ne_ndot_english_standard_item_list_2010,78,stditeme06252010.pdf#page=78;item=4051.20
ne_ndot_catalog_4054.60,ne_ndot_4054.60,4054.60,TEMPORARY SHORING,LIN FT,LF,07,,current,ne_ndot_english_standard_item_list_2010,78,stditeme06252010.pdf#page=78;item=4054.60
ne_ndot_catalog_4054.61,ne_ndot_4054.61,4054.61,TEMPORARY SHORING,LIN FT,LF,07,,current,ne_ndot_english_standard_item_list_2010,78,stditeme06252010.pdf#page=78;item=4054.61
ne_ndot_catalog_4054.65,ne_ndot_4054.65,4054.65,TEMPORARY SHORING,LUMP SUM,LS,07,,current,ne_ndot_english_standard_item_list_2010,78,stditeme06252010.pdf#page=78;item=4054.65
ne_ndot_catalog_4054.66,ne_ndot_4054.66,4054.66,TEMPORARY SHORING,LUMP SUM,LS,07,,current,ne_ndot_english_standard_item_list_2010,78,stditeme06252010.pdf#page=78;item=4054.66
ne_ndot_catalog_4054.67,ne_ndot_4054.67,4054.67,TEMPORARY SHORING,LUMP SUM,LS,07,,current,ne_ndot_english_standard_item_list_2010,78,stditeme06252010.pdf#page=78;item=4054.67
ne_ndot_catalog_4054.68,ne_ndot_4054.68,4054.68,TEMPORARY SHORING,LUMP SUM,LS,07,,current,ne_ndot_english_standard_item_list_2010,78,stditeme06252010.pdf#page=78;item=4054.68
ne_ndot_catalog_4054.69,ne_ndot_4054.69,4054.69,TEMPORARY SHORING,LUMP SUM,LS,07,,current,ne_ndot_english_standard_item_list_2010,78,stditeme06252010.pdf#page=78;item=4054.69
ne_ndot_catalog_4054.70,ne_ndot_4054.70,4054.70,TEMPORARY SHORING,LUMP SUM,LS,07,,current,ne_ndot_english_standard_item_list_2010,79,stditeme06252010.pdf#page=79;item=4054.70
ne_ndot_catalog_4054.71,ne_ndot_4054.71,4054.71,TEMPORARY SHORING,LUMP SUM,LS,07,,current,ne_ndot_english_standard_item_list_2010,79,stditeme06252010.pdf#page=79;item=4054.71
ne_ndot_catalog_4054.72,ne_ndot_4054.72,4054.72,TEMPORARY SHORING,LUMP SUM,LS,07,,current,ne_ndot_english_standard_item_list_2010,79,stditeme06252010.pdf#page=79;item=4054.72
ne_ndot_catalog_4054.73,ne_ndot_4054.73,4054.73,TEMPORARY SHORING,LUMP SUM,LS,07,,current,ne_ndot_english_standard_item_list_2010,79,stditeme06252010.pdf#page=79;item=4054.73
ne_ndot_catalog_4054.74,ne_ndot_4054.74,4054.74,TEMPORARY SHORING,LUMP SUM,LS,07,,current,ne_ndot_english_standard_item_list_2010,79,stditeme06252010.pdf#page=79;item=4054.74
ne_ndot_catalog_4054.75,ne_ndot_4054.75,4054.75,TEMPORARY SHORING,LUMP SUM,LS,07,,current,ne_ndot_english_standard_item_list_2010,79,stditeme06252010.pdf#page=79;item=4054.75
ne_ndot_catalog_4061.01,ne_ndot_4061.01,4061.01,EXCAVATION OF UNSUITABLE MATERIAL,CU YD,CY,07,,current,ne_ndot_english_standard_item_list_2010,79,stditeme06252010.pdf#page=79;item=4061.01
ne_ndot_catalog_4090.00,ne_ndot_4090.00,4090.00,CONCRETE PLUG,EACH,EACH,07,,current,ne_ndot_english_standard_item_list_2010,79,stditeme06252010.pdf#page=79;item=4090.00
ne_ndot_catalog_4090.02,ne_ndot_4090.02,4090.02,CAST IRON PLUG,EACH,EACH,07,,current,ne_ndot_english_standard_item_list_2010,79,stditeme06252010.pdf#page=79;item=4090.02
ne_ndot_catalog_4090.03,ne_ndot_4090.03,4090.03,HAND TIGHT RUBBER PLUG,EACH,EACH,07,,current,ne_ndot_english_standard_item_list_2010,79,stditeme06252010.pdf#page=79;item=4090.03
ne_ndot_catalog_4090.04,ne_ndot_4090.04,4090.04,HAND TIGHT RUBBER PLUG,EACH,EACH,07,,current,ne_ndot_english_standard_item_list_2010,79,stditeme06252010.pdf#page=79;item=4090.04
ne_ndot_catalog_4090.05,ne_ndot_4090.05,4090.05,TEMPORARY PLUG,EACH,EACH,07,,current,ne_ndot_english_standard_item_list_2010,79,stditeme06252010.pdf#page=79;item=4090.05
ne_ndot_catalog_4090.09,ne_ndot_4090.09,4090.09,PLUG VALVE,EACH,EACH,07,,current,ne_ndot_english_standard_item_list_2010,79,stditeme06252010.pdf#page=79;item=4090.09
ne_ndot_catalog_4090.10,ne_ndot_4090.10,4090.10,PLUG VALVE,EACH,EACH,07,,current,ne_ndot_english_standard_item_list_2010,79,stditeme06252010.pdf#page=79;item=4090.10
ne_ndot_catalog_4090.15,ne_ndot_4090.15,4090.15,PLUG SEWER PIPE,EACH,EACH,07,,current,ne_ndot_english_standard_item_list_2010,79,stditeme06252010.pdf#page=79;item=4090.15
ne_ndot_catalog_4092.90,ne_ndot_4092.90,4092.90,STONE RETAINING WALL,SQ FT,SF,07,,current,ne_ndot_english_standard_item_list_2010,79,stditeme06252010.pdf#page=79;item=4092.90
ne_ndot_catalog_4093.10,ne_ndot_4093.10,4093.10,RESET STONE RETAINING WALL,SQ FT,SF,07,,current,ne_ndot_english_standard_item_list_2010,79,stditeme06252010.pdf#page=79;item=4093.10
ne_ndot_catalog_4093.15,ne_ndot_4093.15,4093.15,REMOVE AND RESET STONE RETAINING WALL,LIN FT,LF,07,,current,ne_ndot_english_standard_item_list_2010,79,stditeme06252010.pdf#page=79;item=4093.15
ne_ndot_catalog_4093.17,ne_ndot_4093.17,4093.17,REMOVE AND RESET TIMBER RETAINING WALL,LIN FT,LF,07,,current,ne_ndot_english_standard_item_list_2010,79,stditeme06252010.pdf#page=79;item=4093.17
ne_ndot_catalog_4093.21,ne_ndot_4093.21,4093.21,RAILROAD TIE RETAINING WALL,SQ FT,SF,07,,current,ne_ndot_english_standard_item_list_2010,80,stditeme06252010.pdf#page=80;item=4093.21
ne_ndot_catalog_4093.23,ne_ndot_4093.23,4093.23,TREATED TIMBER RETAINING WALL,SQ FT,SF,07,,current,ne_ndot_english_standard_item_list_2010,80,stditeme06252010.pdf#page=80;item=4093.23
ne_ndot_catalog_4093.27,ne_ndot_4093.27,4093.27,RETAINING WALL,LUMP SUM,LS,07,,current,ne_ndot_english_standard_item_list_2010,80,stditeme06252010.pdf#page=80;item=4093.27
ne_ndot_catalog_4093.29,ne_ndot_4093.29,4093.29,RETAINING WALL REPAIR,SQ FT,SF,07,,current,ne_ndot_english_standard_item_list_2010,80,stditeme06252010.pdf#page=80;item=4093.29
ne_ndot_catalog_4093.70,ne_ndot_4093.70,4093.70,WIREMESH MSE WALL,SQ FT,SF,07,,current,ne_ndot_english_standard_item_list_2010,80,stditeme06252010.pdf#page=80;item=4093.70
ne_ndot_catalog_4093.80,ne_ndot_4093.80,4093.80,WALL MATERIALS,SQ FT,SF,07,715.00,current,ne_ndot_english_standard_item_list_2010,80,stditeme06252010.pdf#page=80;item=4093.80
ne_ndot_catalog_4093.85,ne_ndot_4093.85,4093.85,GRAVITY BLOCK WALL,SQ FT,SF,07,,current,ne_ndot_english_standard_item_list_2010,80,stditeme06252010.pdf#page=80;item=4093.85
ne_ndot_catalog_4093.90,ne_ndot_4093.90,4093.90,STONE VENEER WALL WITH CAPSTONE,EACH,EACH,07,,current,ne_ndot_english_standard_item_list_2010,80,stditeme06252010.pdf#page=80;item=4093.90
ne_ndot_catalog_4093.92,ne_ndot_4093.92,4093.92,STONE VENEER WALL WITH CAPSTONE,EACH,EACH,07,,current,ne_ndot_english_standard_item_list_2010,80,stditeme06252010.pdf#page=80;item=4093.92
ne_ndot_catalog_4094.01,ne_ndot_4094.01,4094.01,CMU WALL,SQ FT,SF,07,,current,ne_ndot_english_standard_item_list_2010,80,stditeme06252010.pdf#page=80;item=4094.01
ne_ndot_catalog_4094.03,ne_ndot_4094.03,4094.03,MODULAR BLOCK WALL,SQ FT,SF,07,,current,ne_ndot_english_standard_item_list_2010,80,stditeme06252010.pdf#page=80;item=4094.03
ne_ndot_catalog_4094.50,ne_ndot_4094.50,4094.50,TEMPORARY WALL,SQ YD,SY,07,,current,ne_ndot_english_standard_item_list_2010,80,stditeme06252010.pdf#page=80;item=4094.50
ne_ndot_catalog_4094.51,ne_ndot_4094.51,4094.51,TEMPORARY WALL,EACH,EACH,07,,current,ne_ndot_english_standard_item_list_2010,80,stditeme06252010.pdf#page=80;item=4094.51
ne_ndot_catalog_4094.52,ne_ndot_4094.52,4094.52,TEMPORARY WALL,EACH,EACH,07,,current,ne_ndot_english_standard_item_list_2010,80,stditeme06252010.pdf#page=80;item=4094.52
ne_ndot_catalog_4094.75,ne_ndot_4094.75,4094.75,CONCRETE PROTECTION BARRIER,LIN FT,LF,07,,current,ne_ndot_english_standard_item_list_2010,80,stditeme06252010.pdf#page=80;item=4094.75
ne_ndot_catalog_4094.80,ne_ndot_4094.80,4094.80,AESTHETIC TREATMENT,SQ YD,SY,07,,current,ne_ndot_english_standard_item_list_2010,80,stditeme06252010.pdf#page=80;item=4094.80
ne_ndot_catalog_4095.00,ne_ndot_4095.00,4095.00,CONCRETE FACE PANELS,SQ FT,SF,07,714.00,current,ne_ndot_english_standard_item_list_2010,80,stditeme06252010.pdf#page=80;item=4095.00
ne_ndot_catalog_4095.05,ne_ndot_4095.05,4095.05,MSE WALL,LIN FT,LF,07,,current,ne_ndot_english_standard_item_list_2010,80,stditeme06252010.pdf#page=80;item=4095.05
ne_ndot_catalog_4095.09,ne_ndot_4095.09,4095.09,CAST-IN-PLACE WALL FACING,SQ FT,SF,07,,current,ne_ndot_english_standard_item_list_2010,80,stditeme06252010.pdf#page=80;item=4095.09
ne_ndot_catalog_4095.10,ne_ndot_4095.10,4095.10,CONCRETE LEVELING PADS,LIN FT,LF,07,714.00,current,ne_ndot_english_standard_item_list_2010,81,stditeme06252010.pdf#page=81;item=4095.10
ne_ndot_catalog_4095.12,ne_ndot_4095.12,4095.12,LEVELING PAD,LIN FT,LF,07,,current,ne_ndot_english_standard_item_list_2010,81,stditeme06252010.pdf#page=81;item=4095.12
ne_ndot_catalog_4095.15,ne_ndot_4095.15,4095.15,COMPACTED EARTH LEVELING PAD,LIN FT,LF,07,715.00,current,ne_ndot_english_standard_item_list_2010,81,stditeme06252010.pdf#page=81;item=4095.15
ne_ndot_catalog_4095.20,ne_ndot_4095.20,4095.20,COPING,LIN FT,LF,07,714.00,current,ne_ndot_english_standard_item_list_2010,81,stditeme06252010.pdf#page=81;item=4095.20
ne_ndot_catalog_4095.30,ne_ndot_4095.30,4095.30,EXCAVATION FOR MSE WALL,CU YD,CY,07,,current,ne_ndot_english_standard_item_list_2010,81,stditeme06252010.pdf#page=81;item=4095.30
ne_ndot_catalog_4095.45,ne_ndot_4095.45,4095.45,CONCRETE V-DITCH,LIN FT,LF,07,,current,ne_ndot_english_standard_item_list_2010,81,stditeme06252010.pdf#page=81;item=4095.45
ne_ndot_catalog_4095.46,ne_ndot_4095.46,4095.46,MOWING LEDGE,LIN FT,LF,07,,current,ne_ndot_english_standard_item_list_2010,81,stditeme06252010.pdf#page=81;item=4095.46
ne_ndot_catalog_4095.50,ne_ndot_4095.50,4095.50,SHORING FOR MECHANICALLY STABILIZED EARTH STRUCTURES,LUMP SUM,LS,07,714.00,current,ne_ndot_english_standard_item_list_2010,81,stditeme06252010.pdf#page=81;item=4095.50
ne_ndot_catalog_4095.51,ne_ndot_4095.51,4095.51,SHORING FOR MECHANICALLY STABILIZED EARTH STRUCTURES,LUMP SUM,LS,07,714.00,current,ne_ndot_english_standard_item_list_2010,81,stditeme06252010.pdf#page=81;item=4095.51
ne_ndot_catalog_4095.60,ne_ndot_4095.60,4095.60,PRECAST CONCRETE FASCIA PANEL,SQ FT,SF,07,,current,ne_ndot_english_standard_item_list_2010,81,stditeme06252010.pdf#page=81;item=4095.60
ne_ndot_catalog_4095.65,ne_ndot_4095.65,4095.65,WIRE MESH,SQ FT,SF,07,,current,ne_ndot_english_standard_item_list_2010,81,stditeme06252010.pdf#page=81;item=4095.65
ne_ndot_catalog_4095.68,ne_ndot_4095.68,4095.68,VERIFICATION TEST NAIL,EACH,EACH,07,,current,ne_ndot_english_standard_item_list_2010,81,stditeme06252010.pdf#page=81;item=4095.68
ne_ndot_catalog_4095.70,ne_ndot_4095.70,4095.70,CONSTRUCTION FACING TYPE A,SQ FT,SF,07,,current,ne_ndot_english_standard_item_list_2010,81,stditeme06252010.pdf#page=81;item=4095.70
ne_ndot_catalog_4095.71,ne_ndot_4095.71,4095.71,CONSTRUCTION FACING TYPE A,SQ FT,SF,07,,current,ne_ndot_english_standard_item_list_2010,81,stditeme06252010.pdf#page=81;item=4095.71
ne_ndot_catalog_4095.72,ne_ndot_4095.72,4095.72,CONSTRUCTION FACING TYPE A,SQ FT,SF,07,,current,ne_ndot_english_standard_item_list_2010,81,stditeme06252010.pdf#page=81;item=4095.72
ne_ndot_catalog_4095.73,ne_ndot_4095.73,4095.73,CONSTRUCTION FACING TYPE A,SQ FT,SF,07,,current,ne_ndot_english_standard_item_list_2010,81,stditeme06252010.pdf#page=81;item=4095.73
ne_ndot_catalog_4095.74,ne_ndot_4095.74,4095.74,CONSTRUCTION FACING TYPE A,SQ FT,SF,07,,current,ne_ndot_english_standard_item_list_2010,81,stditeme06252010.pdf#page=81;item=4095.74
ne_ndot_catalog_4095.75,ne_ndot_4095.75,4095.75,CONSTRUCTION FACING TYPE A,SQ FT,SF,07,,current,ne_ndot_english_standard_item_list_2010,81,stditeme06252010.pdf#page=81;item=4095.75
ne_ndot_catalog_4095.76,ne_ndot_4095.76,4095.76,CONSTRUCTION FACING TYPE A,SQ FT,SF,07,,current,ne_ndot_english_standard_item_list_2010,81,stditeme06252010.pdf#page=81;item=4095.76
ne_ndot_catalog_4095.80,ne_ndot_4095.80,4095.80,CONSTRUCTION FACING TYPE B,SQ FT,SF,07,,current,ne_ndot_english_standard_item_list_2010,82,stditeme06252010.pdf#page=82;item=4095.80
ne_ndot_catalog_4095.81,ne_ndot_4095.81,4095.81,CONSTRUCTION FACING TYPE B,SQ FT,SF,07,,current,ne_ndot_english_standard_item_list_2010,82,stditeme06252010.pdf#page=82;item=4095.81
ne_ndot_catalog_4095.85,ne_ndot_4095.85,4095.85,FINISHED FACING TYPE A,SQ FT,SF,07,,current,ne_ndot_english_standard_item_list_2010,82,stditeme06252010.pdf#page=82;item=4095.85
ne_ndot_catalog_4095.86,ne_ndot_4095.86,4095.86,FINISHED FACING TYPE A,SQ FT,SF,07,,current,ne_ndot_english_standard_item_list_2010,82,stditeme06252010.pdf#page=82;item=4095.86
ne_ndot_catalog_4095.87,ne_ndot_4095.87,4095.87,FINISHED FACING TYPE A,SQ FT,SF,07,,current,ne_ndot_english_standard_item_list_2010,82,stditeme06252010.pdf#page=82;item=4095.87
ne_ndot_catalog_4095.88,ne_ndot_4095.88,4095.88,FINISHED FACING TYPE A,SQ FT,SF,07,,current,ne_ndot_english_standard_item_list_2010,82,stditeme06252010.pdf#page=82;item=4095.88
ne_ndot_catalog_4095.89,ne_ndot_4095.89,4095.89,FINISHED FACING TYPE A,SQ FT,SF,07,,current,ne_ndot_english_standard_item_list_2010,82,stditeme06252010.pdf#page=82;item=4095.89
ne_ndot_catalog_4095.90,ne_ndot_4095.90,4095.90,FINISHED FACING TYPE A,SQ FT,SF,07,,current,ne_ndot_english_standard_item_list_2010,82,stditeme06252010.pdf#page=82;item=4095.90
ne_ndot_catalog_4095.91,ne_ndot_4095.91,4095.91,FINISHED FACING TYPE A,SQ FT,SF,07,,current,ne_ndot_english_standard_item_list_2010,82,stditeme06252010.pdf#page=82;item=4095.91
ne_ndot_catalog_4095.95,ne_ndot_4095.95,4095.95,FINISHED FACING TYPE B,SQ FT,SF,07,,current,ne_ndot_english_standard_item_list_2010,82,stditeme06252010.pdf#page=82;item=4095.95
ne_ndot_catalog_4095.96,ne_ndot_4095.96,4095.96,FINISHED FACING TYPE B,SQ FT,SF,07,,current,ne_ndot_english_standard_item_list_2010,82,stditeme06252010.pdf#page=82;item=4095.96
ne_ndot_catalog_4096.00,ne_ndot_4096.00,4096.00,SOLDIER PILE,LIN FT,LF,07,,current,ne_ndot_english_standard_item_list_2010,82,stditeme06252010.pdf#page=82;item=4096.00
ne_ndot_catalog_4096.05,ne_ndot_4096.05,4096.05,TIEBACKS,EACH,EACH,07,,current,ne_ndot_english_standard_item_list_2010,82,stditeme06252010.pdf#page=82;item=4096.05
ne_ndot_catalog_4096.10,ne_ndot_4096.10,4096.10,DRAINAGE MATTING,SQ YD,SY,07,,current,ne_ndot_english_standard_item_list_2010,82,stditeme06252010.pdf#page=82;item=4096.10
ne_ndot_catalog_4099.95,ne_ndot_4099.95,4099.95,SEAL COURSE CONCRETE,CU YD,CY,07,702.00,current,ne_ndot_english_standard_item_list_2010,82,stditeme06252010.pdf#page=82;item=4099.95
ne_ndot_catalog_4099.98,ne_ndot_4099.98,4099.98,SEAL COURSE CONCRETE,CU YD,CY,07,702.00,current,ne_ndot_english_standard_item_list_2010,82,stditeme06252010.pdf#page=82;item=4099.98
ne_ndot_catalog_4100.06,ne_ndot_4100.06,4100.06,CLASS 47B-3000 CONCRETE FOR HEADWALL,CU YD,CY,07,704.00,current,ne_ndot_english_standard_item_list_2010,82,stditeme06252010.pdf#page=82;item=4100.06
ne_ndot_catalog_4101.04,ne_ndot_4101.04,4101.04,CLASS 47B-4000 CONCRETE FOR BOX CULVERT,CU YD,CY,07,704.00,current,ne_ndot_english_standard_item_list_2010,82,stditeme06252010.pdf#page=82;item=4101.04
ne_ndot_catalog_4101.06,ne_ndot_4101.06,4101.06,CLASS 47B-3000 CONCRETE FOR BOX CULVERT,CU YD,CY,07,704.00,current,ne_ndot_english_standard_item_list_2010,82,stditeme06252010.pdf#page=82;item=4101.06
ne_ndot_catalog_4101.09,ne_ndot_4101.09,4101.09,CLASS 47B-HE-3000 CONCRETE FOR BOX CULVERT,CU YD,CY,07,704.00,current,ne_ndot_english_standard_item_list_2010,83,stditeme06252010.pdf#page=83;item=4101.09
ne_ndot_catalog_4101.50,ne_ndot_4101.50,4101.50,CLASS 47B-3000 CONCRETE FOR ENERGY DISSIPATOR,CU YD,CY,07,,current,ne_ndot_english_standard_item_list_2010,83,stditeme06252010.pdf#page=83;item=4101.50
ne_ndot_catalog_4102.03,ne_ndot_4102.03,4102.03,CLASS 47B-3000 CONCRETE FOR RETAINING WALL,CU YD,CY,07,704.00,current,ne_ndot_english_standard_item_list_2010,83,stditeme06252010.pdf#page=83;item=4102.03
ne_ndot_catalog_4102.04,ne_ndot_4102.04,4102.04,CLASS 47BD-4000 CONCRETE FOR RETAINING WALL,CU YD,CY,07,704.00,current,ne_ndot_english_standard_item_list_2010,83,stditeme06252010.pdf#page=83;item=4102.04
ne_ndot_catalog_4102.08,ne_ndot_4102.08,4102.08,CLASS 47BD-3500 CONCRETE FOR RETAINING WALL,CU YD,CY,07,704.00,current,ne_ndot_english_standard_item_list_2010,83,stditeme06252010.pdf#page=83;item=4102.08
ne_ndot_catalog_4102.09,ne_ndot_4102.09,4102.09,CLASS 47B-3500 CONCRETE FOR RETAINING WALL,CU YD,CY,07,704.00,current,ne_ndot_english_standard_item_list_2010,83,stditeme06252010.pdf#page=83;item=4102.09
ne_ndot_catalog_4102.11,ne_ndot_4102.11,4102.11,CLASS 47B-3000 CONCRETE FOR RETAINING WALL,CU YD,CY,07,704.00,current,ne_ndot_english_standard_item_list_2010,83,stditeme06252010.pdf#page=83;item=4102.11
ne_ndot_catalog_4102.18,ne_ndot_4102.18,4102.18,CLASS 47B-3500 CONCRETE FOR RETAINING WALL,SQ YD,SY,07,,current,ne_ndot_english_standard_item_list_2010,83,stditeme06252010.pdf#page=83;item=4102.18
ne_ndot_catalog_4102.20,ne_ndot_4102.20,4102.20,CLASS 47B-3000 CONCRETE FOR CURB WALL,CU YD,CY,07,704.00,current,ne_ndot_english_standard_item_list_2010,83,stditeme06252010.pdf#page=83;item=4102.20
ne_ndot_catalog_4103.06,ne_ndot_4103.06,4103.06,CLASS 47B-3000 CONCRETE FOR STEP,CU YD,CY,07,704.00,current,ne_ndot_english_standard_item_list_2010,83,stditeme06252010.pdf#page=83;item=4103.06
ne_ndot_catalog_4103.20,ne_ndot_4103.20,4103.20,CONCRETE STEPS,EACH,EACH,07,,current,ne_ndot_english_standard_item_list_2010,83,stditeme06252010.pdf#page=83;item=4103.20
ne_ndot_catalog_4104.06,ne_ndot_4104.06,4104.06,CONCRETE FOR CATCH BASIN,CU YD,CY,07,916.00,current,ne_ndot_english_standard_item_list_2010,83,stditeme06252010.pdf#page=83;item=4104.06
ne_ndot_catalog_4105.06,ne_ndot_4105.06,4105.06,CONCRETE FOR INLET,CU YD,CY,07,916.00,current,ne_ndot_english_standard_item_list_2010,83,stditeme06252010.pdf#page=83;item=4105.06
ne_ndot_catalog_4105.59,ne_ndot_4105.59,4105.59,CLASS 47B-3000 CONCRETE FOR INLET AND JUNCTION BOX,CU YD,CY,07,916.00,current,ne_ndot_english_standard_item_list_2010,83,stditeme06252010.pdf#page=83;item=4105.59
ne_ndot_catalog_4107.07,ne_ndot_4107.07,4107.07,CLASS 47B-3000 CONCRETE FOR CONCRETE COLLARS,CU YD,CY,07,720.00,current,ne_ndot_english_standard_item_list_2010,83,stditeme06252010.pdf#page=83;item=4107.07
ne_ndot_catalog_4107.50,ne_ndot_4107.50,4107.50,CLASS 47B-3000 CONCRETE FOR SPLASH BASIN,CU YD,CY,07,704.00,current,ne_ndot_english_standard_item_list_2010,83,stditeme06252010.pdf#page=83;item=4107.50
ne_ndot_catalog_4109.05,ne_ndot_4109.05,4109.05,CLASS 47B-3000 CONCRETE FOR RETAINING WALL AND ST,CU YD,CY,07,704.00,current,ne_ndot_english_standard_item_list_2010,83,stditeme06252010.pdf#page=83;item=4109.05
ne_ndot_catalog_4109.20,ne_ndot_4109.20,4109.20,CLASS 47B-3000 CONCRETE FOR RETAINING WALL AND STEP,CU YD,CY,07,704.00,current,ne_ndot_english_standard_item_list_2010,83,stditeme06252010.pdf#page=83;item=4109.20
ne_ndot_catalog_4109.22,ne_ndot_4109.22,4109.22,CLASS 47BD-3500 CONCRETE FOR RETAINING WALL AND STEP,CU YD,CY,07,704.00,current,ne_ndot_english_standard_item_list_2010,83,stditeme06252010.pdf#page=83;item=4109.22
ne_ndot_catalog_4115.05,ne_ndot_4115.05,4115.05,CLASS 47B-3000 CONCRETE FOR SLAB,CU YD,CY,07,,current,ne_ndot_english_standard_item_list_2010,84,stditeme06252010.pdf#page=84;item=4115.05
ne_ndot_catalog_4115.24,ne_ndot_4115.24,4115.24,CLASS 47B-3000 CONCRETE,SQ YD,SY,07,,current,ne_ndot_english_standard_item_list_2010,84,stditeme06252010.pdf#page=84;item=4115.24
ne_ndot_catalog_4115.25,ne_ndot_4115.25,4115.25,CLASS 47B-3000 CONCRETE,CU YD,CY,07,,current,ne_ndot_english_standard_item_list_2010,84,stditeme06252010.pdf#page=84;item=4115.25
ne_ndot_catalog_4115.26,ne_ndot_4115.26,4115.26,CLASS 47BD-4000 CONCRETE,CU YD,CY,07,,current,ne_ndot_english_standard_item_list_2010,84,stditeme06252010.pdf#page=84;item=4115.26
ne_ndot_catalog_4115.27,ne_ndot_4115.27,4115.27,CONCRETE CLASS 47B-3500,CU YD,CY,07,,current,ne_ndot_english_standard_item_list_2010,84,stditeme06252010.pdf#page=84;item=4115.27
ne_ndot_catalog_4115.30,ne_ndot_4115.30,4115.30,CLASS 47B-3000 CONCRETE,CU YD,CY,07,,current,ne_ndot_english_standard_item_list_2010,84,stditeme06252010.pdf#page=84;item=4115.30
ne_ndot_catalog_4115.50,ne_ndot_4115.50,4115.50,FINE AGGREGATE FOR 47B CONCRETE (STOCKPILED),CU YD,CY,07,,current,ne_ndot_english_standard_item_list_2010,84,stditeme06252010.pdf#page=84;item=4115.50
ne_ndot_catalog_4115.51,ne_ndot_4115.51,4115.51,COARSE AGGREGATE FOR 47B CONCRETE (STOCKPILED),CU YD,CY,07,,current,ne_ndot_english_standard_item_list_2010,84,stditeme06252010.pdf#page=84;item=4115.51
ne_ndot_catalog_4118.00,ne_ndot_4118.00,4118.00,CONCRETE BACKING BLOCK,EACH,EACH,07,,current,ne_ndot_english_standard_item_list_2010,84,stditeme06252010.pdf#page=84;item=4118.00
ne_ndot_catalog_4120.06,ne_ndot_4120.06,4120.06,CLASS 47B-3000 FOR CONCRETE BOX CULVERT PLUG,CU YD,CY,07,704.00,current,ne_ndot_english_standard_item_list_2010,84,stditeme06252010.pdf#page=84;item=4120.06
ne_ndot_catalog_4130.06,ne_ndot_4130.06,4130.06,CLASS 47B-3000 CONCRETE FOR PIPE CULVERT PLUG,CU YD,CY,07,704.00,current,ne_ndot_english_standard_item_list_2010,84,stditeme06252010.pdf#page=84;item=4130.06
ne_ndot_catalog_4135.01,ne_ndot_4135.01,4135.01,REINFORCING STEEL FOR PIPE CULVERT PLUG,POUND,LB,07,707.00,current,ne_ndot_english_standard_item_list_2010,84,stditeme06252010.pdf#page=84;item=4135.01
ne_ndot_catalog_4136.01,ne_ndot_4136.01,4136.01,REINFORCING STEEL FOR BOX CULVERT PLUG,POUND,LB,07,707.00,current,ne_ndot_english_standard_item_list_2010,84,stditeme06252010.pdf#page=84;item=4136.01
ne_ndot_catalog_4150.00,ne_ndot_4150.00,4150.00,REINFORCING STEEL FOR HEADWALL,POUND,LB,07,707.00,current,ne_ndot_english_standard_item_list_2010,84,stditeme06252010.pdf#page=84;item=4150.00
ne_ndot_catalog_4150.02,ne_ndot_4150.02,4150.02,EPOXY COATED REINFORCING STEEL FOR HEADWALL,POUND,LB,07,,current,ne_ndot_english_standard_item_list_2010,84,stditeme06252010.pdf#page=84;item=4150.02
ne_ndot_catalog_4151.00,ne_ndot_4151.00,4151.00,REINFORCING STEEL FOR BOX CULVERT,POUND,LB,07,707.00,current,ne_ndot_english_standard_item_list_2010,84,stditeme06252010.pdf#page=84;item=4151.00
ne_ndot_catalog_4151.10,ne_ndot_4151.10,4151.10,EPOXY COATED REINFORCING STEEL FOR BOX CULVERT,POUND,LB,07,,current,ne_ndot_english_standard_item_list_2010,84,stditeme06252010.pdf#page=84;item=4151.10
ne_ndot_catalog_4151.50,ne_ndot_4151.50,4151.50,REINFORCING STEEL FOR ENERGY DISSIPATOR,POUND,LB,07,,current,ne_ndot_english_standard_item_list_2010,84,stditeme06252010.pdf#page=84;item=4151.50
ne_ndot_catalog_4152.00,ne_ndot_4152.00,4152.00,REINFORCING STEEL FOR RETAINING WALL,POUND,LB,07,707.00,current,ne_ndot_english_standard_item_list_2010,84,stditeme06252010.pdf#page=84;item=4152.00
ne_ndot_catalog_4152.20,ne_ndot_4152.20,4152.20,EPOXY COATED REINFORCING STEEL FOR RETAINING WALL,POUND,LB,07,,current,ne_ndot_english_standard_item_list_2010,85,stditeme06252010.pdf#page=85;item=4152.20
ne_ndot_catalog_4152.25,ne_ndot_4152.25,4152.25,REINFORCING STEEL FOR CURB WALL,POUND,LB,07,707.00,current,ne_ndot_english_standard_item_list_2010,85,stditeme06252010.pdf#page=85;item=4152.25
ne_ndot_catalog_4153.00,ne_ndot_4153.00,4153.00,REINFORCING STEEL FOR STEP,POUND,LB,07,707.00,current,ne_ndot_english_standard_item_list_2010,85,stditeme06252010.pdf#page=85;item=4153.00
ne_ndot_catalog_4154.00,ne_ndot_4154.00,4154.00,REINFORCING STEEL FOR CATCH BASIN,POUND,LB,07,916.00,current,ne_ndot_english_standard_item_list_2010,85,stditeme06252010.pdf#page=85;item=4154.00
ne_ndot_catalog_4154.50,ne_ndot_4154.50,4154.50,REINFORCING STEEL FOR SPLASH BASIN,POUND,LB,07,707.00,current,ne_ndot_english_standard_item_list_2010,85,stditeme06252010.pdf#page=85;item=4154.50
ne_ndot_catalog_4154.51,ne_ndot_4154.51,4154.51,EPOXY COATED REINFORCING STEEL FOR SPLASH BASIN,POUND,LB,07,,current,ne_ndot_english_standard_item_list_2010,85,stditeme06252010.pdf#page=85;item=4154.51
ne_ndot_catalog_4155.00,ne_ndot_4155.00,4155.00,REINFORCING STEEL FOR INLET,POUND,LB,07,916.00,current,ne_ndot_english_standard_item_list_2010,85,stditeme06252010.pdf#page=85;item=4155.00
ne_ndot_catalog_4155.50,ne_ndot_4155.50,4155.50,REINFORCING STEEL FOR INLET AND JUNCTION BOX,POUND,LB,07,916.00,current,ne_ndot_english_standard_item_list_2010,85,stditeme06252010.pdf#page=85;item=4155.50
ne_ndot_catalog_4155.55,ne_ndot_4155.55,4155.55,EPOXY COATED REINFORCING STEEL FOR INLET AND JUNCTION BOX,POUND,LB,07,,current,ne_ndot_english_standard_item_list_2010,85,stditeme06252010.pdf#page=85;item=4155.55
ne_ndot_catalog_4156.00,ne_ndot_4156.00,4156.00,REINFORCING STEEL FOR JUNCTION BOX,POUND,LB,07,916.00,current,ne_ndot_english_standard_item_list_2010,85,stditeme06252010.pdf#page=85;item=4156.00
ne_ndot_catalog_4157.00,ne_ndot_4157.00,4157.00,REINFORCING STEEL FOR COLLARS,POUND,LB,07,720.00,current,ne_ndot_english_standard_item_list_2010,85,stditeme06252010.pdf#page=85;item=4157.00
ne_ndot_catalog_4157.02,ne_ndot_4157.02,4157.02,EPOXY COATED REINFORCING STEEL FOR COLLARS,POUND,LB,07,,current,ne_ndot_english_standard_item_list_2010,85,stditeme06252010.pdf#page=85;item=4157.02
ne_ndot_catalog_4159.00,ne_ndot_4159.00,4159.00,REINFORCING STEEL FOR RETAINING WALL AND STEP,POUND,LB,07,707.00,current,ne_ndot_english_standard_item_list_2010,85,stditeme06252010.pdf#page=85;item=4159.00
ne_ndot_catalog_4159.50,ne_ndot_4159.50,4159.50,SOIL REINFORCEMENT,POUND,LB,07,,current,ne_ndot_english_standard_item_list_2010,85,stditeme06252010.pdf#page=85;item=4159.50
ne_ndot_catalog_4159.55,ne_ndot_4159.55,4159.55,EPOXY COATED REINFORCING STEEL,POUND,LB,07,,current,ne_ndot_english_standard_item_list_2010,85,stditeme06252010.pdf#page=85;item=4159.55
ne_ndot_catalog_4163.00,ne_ndot_4163.00,4163.00,REINFORCING STEEL FOR SLAB,POUND,LB,07,,current,ne_ndot_english_standard_item_list_2010,85,stditeme06252010.pdf#page=85;item=4163.00
ne_ndot_catalog_4163.25,ne_ndot_4163.25,4163.25,REINFORCING STEEL,POUND,LB,07,,current,ne_ndot_english_standard_item_list_2010,85,stditeme06252010.pdf#page=85;item=4163.25
ne_ndot_catalog_4165.00,ne_ndot_4165.00,4165.00,HANDRAIL FOR STEP,LIN FT,LF,07,,current,ne_ndot_english_standard_item_list_2010,85,stditeme06252010.pdf#page=85;item=4165.00
ne_ndot_catalog_4165.11,ne_ndot_4165.11,4165.11,RAILING,LIN FT,LF,07,,current,ne_ndot_english_standard_item_list_2010,85,stditeme06252010.pdf#page=85;item=4165.11
ne_ndot_catalog_4165.12,ne_ndot_4165.12,4165.12,RAILING,LIN FT,LF,07,,current,ne_ndot_english_standard_item_list_2010,86,stditeme06252010.pdf#page=86;item=4165.12
ne_ndot_catalog_4180.00,ne_ndot_4180.00,4180.00,CONCRETE COLLAR,EACH,EACH,07,,current,ne_ndot_english_standard_item_list_2010,86,stditeme06252010.pdf#page=86;item=4180.00
ne_ndot_catalog_4180.01,ne_ndot_4180.01,4180.01,CONCRETE COLLAR,EACH,EACH,07,,current,ne_ndot_english_standard_item_list_2010,86,stditeme06252010.pdf#page=86;item=4180.01
ne_ndot_catalog_4180.36,ne_ndot_4180.36,4180.36,"36"" ANTI-SEEP COLLAR",EACH,EACH,07,,current,ne_ndot_english_standard_item_list_2010,86,stditeme06252010.pdf#page=86;item=4180.36
ne_ndot_catalog_4200.00,ne_ndot_4200.00,4200.00,WETLAND STOP GATE,EACH,EACH,07,,current,ne_ndot_english_standard_item_list_2010,86,stditeme06252010.pdf#page=86;item=4200.00
ne_ndot_catalog_4200.06,ne_ndot_4200.06,4200.06,"6"" AUTOMATIC FLOOD CONTROL GATE",EACH,EACH,07,719.00,current,ne_ndot_english_standard_item_list_2010,86,stditeme06252010.pdf#page=86;item=4200.06
ne_ndot_catalog_4200.08,ne_ndot_4200.08,4200.08,"8"" AUTOMATIC FLOOD CONTROL GATE",EACH,EACH,07,719.00,current,ne_ndot_english_standard_item_list_2010,86,stditeme06252010.pdf#page=86;item=4200.08
ne_ndot_catalog_4200.10,ne_ndot_4200.10,4200.10,"10"" AUTOMATIC FLOOD CONTROL GATE",EACH,EACH,07,719.00,current,ne_ndot_english_standard_item_list_2010,86,stditeme06252010.pdf#page=86;item=4200.10
ne_ndot_catalog_4200.12,ne_ndot_4200.12,4200.12,"12"" AUTOMATIC FLOOD CONTROL GATE",EACH,EACH,07,719.00,current,ne_ndot_english_standard_item_list_2010,86,stditeme06252010.pdf#page=86;item=4200.12
ne_ndot_catalog_4200.15,ne_ndot_4200.15,4200.15,"15"" AUTOMATIC FLOOD CONTROL GATE",EACH,EACH,07,719.00,current,ne_ndot_english_standard_item_list_2010,86,stditeme06252010.pdf#page=86;item=4200.15
ne_ndot_catalog_4200.18,ne_ndot_4200.18,4200.18,"18"" AUTOMATIC FLOOD CONTROL GATE",EACH,EACH,07,719.00,current,ne_ndot_english_standard_item_list_2010,86,stditeme06252010.pdf#page=86;item=4200.18
ne_ndot_catalog_4200.24,ne_ndot_4200.24,4200.24,"24"" AUTOMATIC FLOOD CONTROL GATE",EACH,EACH,07,719.00,current,ne_ndot_english_standard_item_list_2010,86,stditeme06252010.pdf#page=86;item=4200.24
ne_ndot_catalog_4200.30,ne_ndot_4200.30,4200.30,"30"" AUTOMATIC FLOOD CONTROL GATE",EACH,EACH,07,719.00,current,ne_ndot_english_standard_item_list_2010,86,stditeme06252010.pdf#page=86;item=4200.30
ne_ndot_catalog_4200.36,ne_ndot_4200.36,4200.36,"36"" AUTOMATIC FLOOD CONTROL GATE",EACH,EACH,07,719.00,current,ne_ndot_english_standard_item_list_2010,86,stditeme06252010.pdf#page=86;item=4200.36
ne_ndot_catalog_4200.42,ne_ndot_4200.42,4200.42,"42"" AUTOMATIC FLOOD CONTROL GATE",EACH,EACH,07,719.00,current,ne_ndot_english_standard_item_list_2010,86,stditeme06252010.pdf#page=86;item=4200.42
ne_ndot_catalog_4200.48,ne_ndot_4200.48,4200.48,"48"" AUTOMATIC FLOOD CONTROL GATE",EACH,EACH,07,719.00,current,ne_ndot_english_standard_item_list_2010,86,stditeme06252010.pdf#page=86;item=4200.48
ne_ndot_catalog_4200.54,ne_ndot_4200.54,4200.54,"54"" AUTOMATIC FLOOD CONTROL GATE",EACH,EACH,07,719.00,current,ne_ndot_english_standard_item_list_2010,86,stditeme06252010.pdf#page=86;item=4200.54
ne_ndot_catalog_4200.60,ne_ndot_4200.60,4200.60,"60"" AUTOMATIC FLOOD CONTROL GATE",EACH,EACH,07,719.00,current,ne_ndot_english_standard_item_list_2010,86,stditeme06252010.pdf#page=86;item=4200.60
ne_ndot_catalog_4200.72,ne_ndot_4200.72,4200.72,"72"" AUTOMATIC FLOOD CONTROL GATE",EACH,EACH,07,719.00,current,ne_ndot_english_standard_item_list_2010,86,stditeme06252010.pdf#page=86;item=4200.72
ne_ndot_catalog_4200.78,ne_ndot_4200.78,4200.78,"78"" AUTOMATIC FLOOD CONTROL GATE",EACH,EACH,07,719.00,current,ne_ndot_english_standard_item_list_2010,87,stditeme06252010.pdf#page=87;item=4200.78
ne_ndot_catalog_4202.72,ne_ndot_4202.72,4202.72,"72"" X 72"" AUTOMATIC FLOOD CONTROL GATE",EACH,EACH,07,719.00,current,ne_ndot_english_standard_item_list_2010,87,stditeme06252010.pdf#page=87;item=4202.72
ne_ndot_catalog_4203.30,ne_ndot_4203.30,4203.30,"30"" SLUICE GATE",EACH,EACH,07,,current,ne_ndot_english_standard_item_list_2010,87,stditeme06252010.pdf#page=87;item=4203.30
ne_ndot_catalog_4205.00,ne_ndot_4205.00,4205.00,BAR GRATE FOR CONCRETE BOX CULVERT,EACH,EACH,07,,current,ne_ndot_english_standard_item_list_2010,87,stditeme06252010.pdf#page=87;item=4205.00
ne_ndot_catalog_4205.02,ne_ndot_4205.02,4205.02,BAR GRATE FOR CONCRETE BOX CULVERT,POUND,LB,07,,current,ne_ndot_english_standard_item_list_2010,87,stditeme06252010.pdf#page=87;item=4205.02
ne_ndot_catalog_4210.12,ne_ndot_4210.12,4210.12,"BAR GRATE FOR 12"" FLARED-END SECTION",EACH,EACH,07,725.00,current,ne_ndot_english_standard_item_list_2010,87,stditeme06252010.pdf#page=87;item=4210.12
ne_ndot_catalog_4210.15,ne_ndot_4210.15,4210.15,"BAR GRATE FOR 15"" FLARED-END SECTION",EACH,EACH,07,725.00,current,ne_ndot_english_standard_item_list_2010,87,stditeme06252010.pdf#page=87;item=4210.15
ne_ndot_catalog_4210.18,ne_ndot_4210.18,4210.18,"BAR GRATE FOR 18"" FLARED-END SECTION",EACH,EACH,07,725.00,current,ne_ndot_english_standard_item_list_2010,87,stditeme06252010.pdf#page=87;item=4210.18
ne_ndot_catalog_4210.21,ne_ndot_4210.21,4210.21,"BAR GRATE FOR 21"" FLARED-END SECTION",EACH,EACH,07,725.00,current,ne_ndot_english_standard_item_list_2010,87,stditeme06252010.pdf#page=87;item=4210.21
ne_ndot_catalog_4210.24,ne_ndot_4210.24,4210.24,"BAR GRATE FOR 24"" FLARED-END SECTION",EACH,EACH,07,725.00,current,ne_ndot_english_standard_item_list_2010,87,stditeme06252010.pdf#page=87;item=4210.24
ne_ndot_catalog_4210.30,ne_ndot_4210.30,4210.30,"BAR GRATE FOR 30"" FLARED-END SECTION",EACH,EACH,07,725.00,current,ne_ndot_english_standard_item_list_2010,87,stditeme06252010.pdf#page=87;item=4210.30
ne_ndot_catalog_4210.36,ne_ndot_4210.36,4210.36,"BAR GRATE FOR 36"" FLARED-END SECTION",EACH,EACH,07,725.00,current,ne_ndot_english_standard_item_list_2010,87,stditeme06252010.pdf#page=87;item=4210.36
ne_ndot_catalog_4210.42,ne_ndot_4210.42,4210.42,"BAR GRATE FOR 42"" FLARED-END SECTION",EACH,EACH,07,725.00,current,ne_ndot_english_standard_item_list_2010,87,stditeme06252010.pdf#page=87;item=4210.42
ne_ndot_catalog_4210.48,ne_ndot_4210.48,4210.48,"BAR GRATE FOR 48"" FLARED-END SECTION",EACH,EACH,07,725.00,current,ne_ndot_english_standard_item_list_2010,87,stditeme06252010.pdf#page=87;item=4210.48
ne_ndot_catalog_4210.54,ne_ndot_4210.54,4210.54,"BAR GRATE FOR 54"" FLARED-END SECTION",EACH,EACH,07,725.00,current,ne_ndot_english_standard_item_list_2010,87,stditeme06252010.pdf#page=87;item=4210.54
ne_ndot_catalog_4210.60,ne_ndot_4210.60,4210.60,"BAR GRATE FOR 60"" FLARED-END SECTION",EACH,EACH,07,725.00,current,ne_ndot_english_standard_item_list_2010,87,stditeme06252010.pdf#page=87;item=4210.60
ne_ndot_catalog_4210.72,ne_ndot_4210.72,4210.72,"BAR GRATE FOR 72"" FLARED-END SECTION",EACH,EACH,07,725.00,current,ne_ndot_english_standard_item_list_2010,87,stditeme06252010.pdf#page=87;item=4210.72
ne_ndot_catalog_4220.12,ne_ndot_4220.12,4220.12,"BAR GRATE FOR 12"" METAL FLARED-END SECTION",EACH,EACH,07,725.00,current,ne_ndot_english_standard_item_list_2010,87,stditeme06252010.pdf#page=87;item=4220.12
ne_ndot_catalog_4220.15,ne_ndot_4220.15,4220.15,"BAR GRATE FOR 15"" METAL FLARED-END SECTION",EACH,EACH,07,725.00,current,ne_ndot_english_standard_item_list_2010,87,stditeme06252010.pdf#page=87;item=4220.15
ne_ndot_catalog_4220.18,ne_ndot_4220.18,4220.18,"BAR GRATE FOR 18"" METAL FLARED-END SECTION",EACH,EACH,07,725.00,current,ne_ndot_english_standard_item_list_2010,88,stditeme06252010.pdf#page=88;item=4220.18
ne_ndot_catalog_4220.24,ne_ndot_4220.24,4220.24,"BAR GRATE FOR 24"" METAL FLARED-END SECTION",EACH,EACH,07,725.00,current,ne_ndot_english_standard_item_list_2010,88,stditeme06252010.pdf#page=88;item=4220.24
ne_ndot_catalog_4220.30,ne_ndot_4220.30,4220.30,"BAR GRATE FOR 30"" METAL FLARED-END SECTION",EACH,EACH,07,725.00,current,ne_ndot_english_standard_item_list_2010,88,stditeme06252010.pdf#page=88;item=4220.30
ne_ndot_catalog_4220.36,ne_ndot_4220.36,4220.36,"BAR GRATE FOR 36"" METAL FLARED-END SECTION",EACH,EACH,07,725.00,current,ne_ndot_english_standard_item_list_2010,88,stditeme06252010.pdf#page=88;item=4220.36
ne_ndot_catalog_4220.42,ne_ndot_4220.42,4220.42,"BAR GRATE FOR 42"" METAL FLARED-END SECTION",EACH,EACH,07,725.00,current,ne_ndot_english_standard_item_list_2010,88,stditeme06252010.pdf#page=88;item=4220.42
ne_ndot_catalog_4220.48,ne_ndot_4220.48,4220.48,"BAR GRATE FOR 48"" METAL FLARED-END SECTION",EACH,EACH,07,725.00,current,ne_ndot_english_standard_item_list_2010,88,stditeme06252010.pdf#page=88;item=4220.48
ne_ndot_catalog_4220.54,ne_ndot_4220.54,4220.54,"BAR GRATE FOR 54"" METAL FLARED-END SECTION",EACH,EACH,07,725.00,current,ne_ndot_english_standard_item_list_2010,88,stditeme06252010.pdf#page=88;item=4220.54
ne_ndot_catalog_4230.12,ne_ndot_4230.12,4230.12,"BAR GRATE FOR 12"" CONCRETE FLARED-END SECTION",EACH,EACH,07,725.00,current,ne_ndot_english_standard_item_list_2010,88,stditeme06252010.pdf#page=88;item=4230.12
ne_ndot_catalog_4230.15,ne_ndot_4230.15,4230.15,"BAR GRATE FOR 15"" CONCRETE FLARED-END SECTION",EACH,EACH,07,725.00,current,ne_ndot_english_standard_item_list_2010,88,stditeme06252010.pdf#page=88;item=4230.15
ne_ndot_catalog_4230.18,ne_ndot_4230.18,4230.18,"BAR GRATE FOR 18"" CONCRETE FLARED-END SECTION",EACH,EACH,07,725.00,current,ne_ndot_english_standard_item_list_2010,88,stditeme06252010.pdf#page=88;item=4230.18
ne_ndot_catalog_4230.21,ne_ndot_4230.21,4230.21,"BAR GRATE FOR 21"" CONCRETE FLARED-END SECTION",EACH,EACH,07,725.00,current,ne_ndot_english_standard_item_list_2010,88,stditeme06252010.pdf#page=88;item=4230.21
ne_ndot_catalog_4230.24,ne_ndot_4230.24,4230.24,"BAR GRATE FOR 24"" CONCRETE FLARED-END SECTION",EACH,EACH,07,725.00,current,ne_ndot_english_standard_item_list_2010,88,stditeme06252010.pdf#page=88;item=4230.24
ne_ndot_catalog_4230.30,ne_ndot_4230.30,4230.30,"BAR GRATE FOR 30"" CONCRETE FLARED-END SECTION",EACH,EACH,07,725.00,current,ne_ndot_english_standard_item_list_2010,88,stditeme06252010.pdf#page=88;item=4230.30
ne_ndot_catalog_4230.36,ne_ndot_4230.36,4230.36,"BAR GRATE FOR 36"" CONCRETE FLARED-END SECTION",EACH,EACH,07,725.00,current,ne_ndot_english_standard_item_list_2010,88,stditeme06252010.pdf#page=88;item=4230.36
ne_ndot_catalog_4230.42,ne_ndot_4230.42,4230.42,"BAR GRATE FOR 42"" CONCRETE FLARED-END SECTION",EACH,EACH,07,725.00,current,ne_ndot_english_standard_item_list_2010,88,stditeme06252010.pdf#page=88;item=4230.42
ne_ndot_catalog_4230.48,ne_ndot_4230.48,4230.48,"BAR GRATE FOR 48"" CONCRETE FLARED-END SECTION",EACH,EACH,07,725.00,current,ne_ndot_english_standard_item_list_2010,88,stditeme06252010.pdf#page=88;item=4230.48
ne_ndot_catalog_4230.54,ne_ndot_4230.54,4230.54,"BAR GRATE FOR 54"" CONCRETE FLARED-END SECTION",EACH,EACH,07,725.00,current,ne_ndot_english_standard_item_list_2010,88,stditeme06252010.pdf#page=88;item=4230.54
ne_ndot_catalog_4230.60,ne_ndot_4230.60,4230.60,"BAR GRATE FOR 60"" CONCRETE FLARED-END SECTION",EACH,EACH,07,725.00,current,ne_ndot_english_standard_item_list_2010,88,stditeme06252010.pdf#page=88;item=4230.60
ne_ndot_catalog_4230.66,ne_ndot_4230.66,4230.66,"BAR GRATE FOR 66"" CONCRETE FLARED-END SECTION",EACH,EACH,07,725.00,current,ne_ndot_english_standard_item_list_2010,88,stditeme06252010.pdf#page=88;item=4230.66
ne_ndot_catalog_4230.72,ne_ndot_4230.72,4230.72,"BAR GRATE FOR 72"" CONCRETE FLARED-END SECTION",EACH,EACH,07,725.00,current,ne_ndot_english_standard_item_list_2010,89,stditeme06252010.pdf#page=89;item=4230.72
ne_ndot_catalog_4250.18,ne_ndot_4250.18,4250.18,"BAR GRATE FOR 18"" ROUND EQUIVALENT CONCRETE FLARED-END SECTION",EACH,EACH,07,725.00,current,ne_ndot_english_standard_item_list_2010,89,stditeme06252010.pdf#page=89;item=4250.18
ne_ndot_catalog_4250.24,ne_ndot_4250.24,4250.24,"BAR GRATE FOR 24"" ROUND EQUIVALENT CONCRETE FLARED-END SECTION",EACH,EACH,07,725.00,current,ne_ndot_english_standard_item_list_2010,89,stditeme06252010.pdf#page=89;item=4250.24
ne_ndot_catalog_4250.30,ne_ndot_4250.30,4250.30,"BAR GRATE FOR 30"" ROUND EQUIVALENT CONCRETE FLARED-END SECTION",EACH,EACH,07,725.00,current,ne_ndot_english_standard_item_list_2010,89,stditeme06252010.pdf#page=89;item=4250.30
ne_ndot_catalog_4250.36,ne_ndot_4250.36,4250.36,"BAR GRATE FOR 36"" ROUND EQUIVALENT CONCRETE FLARED-END SECTION",EACH,EACH,07,725.00,current,ne_ndot_english_standard_item_list_2010,89,stditeme06252010.pdf#page=89;item=4250.36
ne_ndot_catalog_4250.42,ne_ndot_4250.42,4250.42,"BAR GRATE FOR 42"" ROUND EQUIVALENT CONCRETE FLARED-END SECTION",EACH,EACH,07,725.00,current,ne_ndot_english_standard_item_list_2010,89,stditeme06252010.pdf#page=89;item=4250.42
ne_ndot_catalog_4250.48,ne_ndot_4250.48,4250.48,"BAR GRATE FOR 48"" ROUND EQUIVALENT CONCRETE FLARED-END SECTION",EACH,EACH,07,725.00,current,ne_ndot_english_standard_item_list_2010,89,stditeme06252010.pdf#page=89;item=4250.48
ne_ndot_catalog_4250.54,ne_ndot_4250.54,4250.54,"BAR GRATE FOR 54"" ROUND EQUIVALENT CONCRETE FLARED-END SECTION",EACH,EACH,07,725.00,current,ne_ndot_english_standard_item_list_2010,89,stditeme06252010.pdf#page=89;item=4250.54
ne_ndot_catalog_4260.30,ne_ndot_4260.30,4260.30,"BAR GRATE FOR 30"" ROUND EQUIVALENT FLARED-END SECTION",EACH,EACH,07,725.00,current,ne_ndot_english_standard_item_list_2010,89,stditeme06252010.pdf#page=89;item=4260.30
ne_ndot_catalog_4260.42,ne_ndot_4260.42,4260.42,"BAR GRATE FOR 42"" ROUND EQUIVALENT FLARED-END SECTION",EACH,EACH,07,725.00,current,ne_ndot_english_standard_item_list_2010,89,stditeme06252010.pdf#page=89;item=4260.42
ne_ndot_catalog_4260.48,ne_ndot_4260.48,4260.48,"BAR GRATE FOR 48"" ROUND EQUIVALENT FLARED-END SECTION",EACH,EACH,07,725.00,current,ne_ndot_english_standard_item_list_2010,89,stditeme06252010.pdf#page=89;item=4260.48
ne_ndot_catalog_4260.60,ne_ndot_4260.60,4260.60,"BAR GRATE FOR 60"" ROUND EQUIVALENT FLARED-END SECTION",EACH,EACH,07,725.00,current,ne_ndot_english_standard_item_list_2010,89,stditeme06252010.pdf#page=89;item=4260.60
ne_ndot_catalog_4260.72,ne_ndot_4260.72,4260.72,"BAR GRATE FOR 72"" ROUND EQUIVALENT FLARED-END SECTION",EACH,EACH,07,725.00,current,ne_ndot_english_standard_item_list_2010,89,stditeme06252010.pdf#page=89;item=4260.72
ne_ndot_catalog_4270.15,ne_ndot_4270.15,4270.15,"BAR GRATE FOR 15"" ROUND EQUIVALENT METAL FLARED-END SECTION",EACH,EACH,07,725.00,current,ne_ndot_english_standard_item_list_2010,89,stditeme06252010.pdf#page=89;item=4270.15
ne_ndot_catalog_4270.24,ne_ndot_4270.24,4270.24,"BAR GRATE FOR 24"" ROUND EQUIVALENT METAL FLARED-END SECTION",EACH,EACH,07,725.00,current,ne_ndot_english_standard_item_list_2010,89,stditeme06252010.pdf#page=89;item=4270.24
ne_ndot_catalog_4270.36,ne_ndot_4270.36,4270.36,"BAR GRATE FOR 36"" ROUND EQUIVALENT METAL FLARED-END SECTION",EACH,EACH,07,725.00,current,ne_ndot_english_standard_item_list_2010,89,stditeme06252010.pdf#page=89;item=4270.36
ne_ndot_catalog_4270.48,ne_ndot_4270.48,4270.48,"BAR GRATE FOR 48"" ROUND EQUIVALENT METAL FLARED-END SECTION",EACH,EACH,07,725.00,current,ne_ndot_english_standard_item_list_2010,89,stditeme06252010.pdf#page=89;item=4270.48
ne_ndot_catalog_4300.06,ne_ndot_4300.06,4300.06,"6"" CULVERT PIPE",LIN FT,LF,07,718.00,current,ne_ndot_english_standard_item_list_2010,89,stditeme06252010.pdf#page=89;item=4300.06
ne_ndot_catalog_4300.08,ne_ndot_4300.08,4300.08,"8"" CULVERT PIPE",LIN FT,LF,07,718.00,current,ne_ndot_english_standard_item_list_2010,89,stditeme06252010.pdf#page=89;item=4300.08
ne_ndot_catalog_4300.12,ne_ndot_4300.12,4300.12,"12"" CULVERT PIPE",LIN FT,LF,07,718.00,current,ne_ndot_english_standard_item_list_2010,90,stditeme06252010.pdf#page=90;item=4300.12
ne_ndot_catalog_4300.15,ne_ndot_4300.15,4300.15,"15"" CULVERT PIPE",LIN FT,LF,07,718.00,current,ne_ndot_english_standard_item_list_2010,90,stditeme06252010.pdf#page=90;item=4300.15
ne_ndot_catalog_4300.18,ne_ndot_4300.18,4300.18,"18"" CULVERT PIPE",LIN FT,LF,07,718.00,current,ne_ndot_english_standard_item_list_2010,90,stditeme06252010.pdf#page=90;item=4300.18
ne_ndot_catalog_4300.21,ne_ndot_4300.21,4300.21,"21"" CULVERT PIPE",LIN FT,LF,07,718.00,current,ne_ndot_english_standard_item_list_2010,90,stditeme06252010.pdf#page=90;item=4300.21
ne_ndot_catalog_4300.24,ne_ndot_4300.24,4300.24,"24"" CULVERT PIPE",LIN FT,LF,07,718.00,current,ne_ndot_english_standard_item_list_2010,90,stditeme06252010.pdf#page=90;item=4300.24
ne_ndot_catalog_4300.30,ne_ndot_4300.30,4300.30,"30"" CULVERT PIPE",LIN FT,LF,07,718.00,current,ne_ndot_english_standard_item_list_2010,90,stditeme06252010.pdf#page=90;item=4300.30
ne_ndot_catalog_4300.36,ne_ndot_4300.36,4300.36,"36"" CULVERT PIPE",LIN FT,LF,07,718.00,current,ne_ndot_english_standard_item_list_2010,90,stditeme06252010.pdf#page=90;item=4300.36
ne_ndot_catalog_4300.42,ne_ndot_4300.42,4300.42,"42"" CULVERT PIPE",LIN FT,LF,07,718.00,current,ne_ndot_english_standard_item_list_2010,90,stditeme06252010.pdf#page=90;item=4300.42
ne_ndot_catalog_4300.48,ne_ndot_4300.48,4300.48,"48"" CULVERT PIPE",LIN FT,LF,07,718.00,current,ne_ndot_english_standard_item_list_2010,90,stditeme06252010.pdf#page=90;item=4300.48
ne_ndot_catalog_4300.54,ne_ndot_4300.54,4300.54,"54"" CULVERT PIPE",LIN FT,LF,07,718.00,current,ne_ndot_english_standard_item_list_2010,90,stditeme06252010.pdf#page=90;item=4300.54
ne_ndot_catalog_4300.60,ne_ndot_4300.60,4300.60,"60"" CULVERT PIPE",LIN FT,LF,07,718.00,current,ne_ndot_english_standard_item_list_2010,90,stditeme06252010.pdf#page=90;item=4300.60
ne_ndot_catalog_4300.66,ne_ndot_4300.66,4300.66,"66"" CULVERT PIPE",LIN FT,LF,07,718.00,current,ne_ndot_english_standard_item_list_2010,90,stditeme06252010.pdf#page=90;item=4300.66
ne_ndot_catalog_4300.72,ne_ndot_4300.72,4300.72,"72"" CULVERT PIPE",LIN FT,LF,07,718.00,current,ne_ndot_english_standard_item_list_2010,90,stditeme06252010.pdf#page=90;item=4300.72
ne_ndot_catalog_4300.78,ne_ndot_4300.78,4300.78,"78"" CULVERT PIPE",LIN FT,LF,07,718.00,current,ne_ndot_english_standard_item_list_2010,90,stditeme06252010.pdf#page=90;item=4300.78
ne_ndot_catalog_4300.84,ne_ndot_4300.84,4300.84,"84"" CULVERT PIPE",LIN FT,LF,07,718.00,current,ne_ndot_english_standard_item_list_2010,90,stditeme06252010.pdf#page=90;item=4300.84
ne_ndot_catalog_4300.96,ne_ndot_4300.96,4300.96,"96"" CULVERT PIPE",LIN FT,LF,07,718.00,current,ne_ndot_english_standard_item_list_2010,90,stditeme06252010.pdf#page=90;item=4300.96
ne_ndot_catalog_4301.08,ne_ndot_4301.08,4301.08,"108"" CULVERT PIPE",LIN FT,LF,07,718.00,current,ne_ndot_english_standard_item_list_2010,90,stditeme06252010.pdf#page=90;item=4301.08
ne_ndot_catalog_4301.20,ne_ndot_4301.20,4301.20,"120"" CULVERT PIPE",LIN FT,LF,07,718.00,current,ne_ndot_english_standard_item_list_2010,90,stditeme06252010.pdf#page=90;item=4301.20
ne_ndot_catalog_4305.12,ne_ndot_4305.12,4305.12,"12"" ROUND EQUIVALENT CULVERT PIPE",LIN FT,LF,07,718.00,current,ne_ndot_english_standard_item_list_2010,90,stditeme06252010.pdf#page=90;item=4305.12
ne_ndot_catalog_4305.15,ne_ndot_4305.15,4305.15,"15"" ROUND EQUIVALENT CULVERT PIPE",LIN FT,LF,07,719.00,current,ne_ndot_english_standard_item_list_2010,91,stditeme06252010.pdf#page=91;item=4305.15
ne_ndot_catalog_4305.18,ne_ndot_4305.18,4305.18,"18"" ROUND EQUIVALENT CULVERT PIPE",LIN FT,LF,07,718.00,current,ne_ndot_english_standard_item_list_2010,91,stditeme06252010.pdf#page=91;item=4305.18
ne_ndot_catalog_4305.24,ne_ndot_4305.24,4305.24,"24"" ROUND EQUIVALENT CULVERT PIPE",LIN FT,LF,07,718.00,current,ne_ndot_english_standard_item_list_2010,91,stditeme06252010.pdf#page=91;item=4305.24
ne_ndot_catalog_4305.30,ne_ndot_4305.30,4305.30,"30"" ROUND EQUIVALENT CULVERT PIPE",LIN FT,LF,07,718.00,current,ne_ndot_english_standard_item_list_2010,91,stditeme06252010.pdf#page=91;item=4305.30
ne_ndot_catalog_4305.36,ne_ndot_4305.36,4305.36,"36"" ROUND EQUIVALENT CULVERT PIPE",LIN FT,LF,07,718.00,current,ne_ndot_english_standard_item_list_2010,91,stditeme06252010.pdf#page=91;item=4305.36
ne_ndot_catalog_4305.42,ne_ndot_4305.42,4305.42,"42"" ROUND EQUIVALENT CULVERT PIPE",LIN FT,LF,07,718.00,current,ne_ndot_english_standard_item_list_2010,91,stditeme06252010.pdf#page=91;item=4305.42
ne_ndot_catalog_4305.48,ne_ndot_4305.48,4305.48,"48"" ROUND EQUIVALENT CULVERT PIPE",LIN FT,LF,07,718.00,current,ne_ndot_english_standard_item_list_2010,91,stditeme06252010.pdf#page=91;item=4305.48
ne_ndot_catalog_4305.54,ne_ndot_4305.54,4305.54,"54"" ROUND EQUIVALENT CULVERT PIPE",LIN FT,LF,07,718.00,current,ne_ndot_english_standard_item_list_2010,91,stditeme06252010.pdf#page=91;item=4305.54
ne_ndot_catalog_4305.60,ne_ndot_4305.60,4305.60,"60"" ROUND EQUIVALENT CULVERT PIPE",LIN FT,LF,07,718.00,current,ne_ndot_english_standard_item_list_2010,91,stditeme06252010.pdf#page=91;item=4305.60
ne_ndot_catalog_4305.66,ne_ndot_4305.66,4305.66,"66"" ROUND EQUIVALENT CULVERT PIPE",LIN FT,LF,07,718.00,current,ne_ndot_english_standard_item_list_2010,91,stditeme06252010.pdf#page=91;item=4305.66
ne_ndot_catalog_4305.72,ne_ndot_4305.72,4305.72,"72"" ROUND EQUIVALENT CULVERT PIPE",LIN FT,LF,07,718.00,current,ne_ndot_english_standard_item_list_2010,91,stditeme06252010.pdf#page=91;item=4305.72
ne_ndot_catalog_4305.78,ne_ndot_4305.78,4305.78,"78"" ROUND EQUIVALENT CULVERT PIPE",LIN FT,LF,07,718.00,current,ne_ndot_english_standard_item_list_2010,91,stditeme06252010.pdf#page=91;item=4305.78
ne_ndot_catalog_4305.84,ne_ndot_4305.84,4305.84,"84"" ROUND EQUIVALENT CULVERT PIPE",LIN FT,LF,07,718.00,current,ne_ndot_english_standard_item_list_2010,91,stditeme06252010.pdf#page=91;item=4305.84
ne_ndot_catalog_4310.12,ne_ndot_4310.12,4310.12,"12"" FLARED-END SECTION",EACH,EACH,07,724.00,current,ne_ndot_english_standard_item_list_2010,91,stditeme06252010.pdf#page=91;item=4310.12
ne_ndot_catalog_4310.15,ne_ndot_4310.15,4310.15,"15"" FLARED-END SECTION",EACH,EACH,07,724.00,current,ne_ndot_english_standard_item_list_2010,91,stditeme06252010.pdf#page=91;item=4310.15
ne_ndot_catalog_4310.18,ne_ndot_4310.18,4310.18,"18"" FLARED-END SECTION",EACH,EACH,07,724.00,current,ne_ndot_english_standard_item_list_2010,91,stditeme06252010.pdf#page=91;item=4310.18
ne_ndot_catalog_4310.21,ne_ndot_4310.21,4310.21,"21"" FLARED-END SECTION",EACH,EACH,07,724.00,current,ne_ndot_english_standard_item_list_2010,91,stditeme06252010.pdf#page=91;item=4310.21
ne_ndot_catalog_4310.24,ne_ndot_4310.24,4310.24,"24"" FLARED-END SECTION",EACH,EACH,07,724.00,current,ne_ndot_english_standard_item_list_2010,91,stditeme06252010.pdf#page=91;item=4310.24
ne_ndot_catalog_4310.30,ne_ndot_4310.30,4310.30,"30"" FLARED-END SECTION",EACH,EACH,07,724.00,current,ne_ndot_english_standard_item_list_2010,91,stditeme06252010.pdf#page=91;item=4310.30
ne_ndot_catalog_4310.36,ne_ndot_4310.36,4310.36,"36"" FLARED-END SECTION",EACH,EACH,07,724.00,current,ne_ndot_english_standard_item_list_2010,92,stditeme06252010.pdf#page=92;item=4310.36
ne_ndot_catalog_4310.42,ne_ndot_4310.42,4310.42,"42"" FLARED-END SECTION",EACH,EACH,07,724.00,current,ne_ndot_english_standard_item_list_2010,92,stditeme06252010.pdf#page=92;item=4310.42
ne_ndot_catalog_4310.48,ne_ndot_4310.48,4310.48,"48"" FLARED-END SECTION",EACH,EACH,07,724.00,current,ne_ndot_english_standard_item_list_2010,92,stditeme06252010.pdf#page=92;item=4310.48
ne_ndot_catalog_4310.54,ne_ndot_4310.54,4310.54,"54"" FLARED-END SECTION",EACH,EACH,07,724.00,current,ne_ndot_english_standard_item_list_2010,92,stditeme06252010.pdf#page=92;item=4310.54
ne_ndot_catalog_4310.60,ne_ndot_4310.60,4310.60,"60"" FLARED-END SECTION",EACH,EACH,07,724.00,current,ne_ndot_english_standard_item_list_2010,92,stditeme06252010.pdf#page=92;item=4310.60
ne_ndot_catalog_4310.66,ne_ndot_4310.66,4310.66,"66"" FLARED-END SECTION",EACH,EACH,07,724.00,current,ne_ndot_english_standard_item_list_2010,92,stditeme06252010.pdf#page=92;item=4310.66
ne_ndot_catalog_4310.72,ne_ndot_4310.72,4310.72,"72"" FLARED-END SECTION",EACH,EACH,07,724.00,current,ne_ndot_english_standard_item_list_2010,92,stditeme06252010.pdf#page=92;item=4310.72
ne_ndot_catalog_4310.78,ne_ndot_4310.78,4310.78,"78"" FLARED-END SECTION",EACH,EACH,07,724.00,current,ne_ndot_english_standard_item_list_2010,92,stditeme06252010.pdf#page=92;item=4310.78
ne_ndot_catalog_4310.84,ne_ndot_4310.84,4310.84,"84"" FLARED-END SECTION",EACH,EACH,07,724.00,current,ne_ndot_english_standard_item_list_2010,92,stditeme06252010.pdf#page=92;item=4310.84
ne_ndot_catalog_4310.96,ne_ndot_4310.96,4310.96,"96"" FLARED-END SECTION",EACH,EACH,07,724.00,current,ne_ndot_english_standard_item_list_2010,92,stditeme06252010.pdf#page=92;item=4310.96
ne_ndot_catalog_4315.48,ne_ndot_4315.48,4315.48,"METAL HEADWALL FOR 48"" CULVERT PIPE",EACH,EACH,07,,current,ne_ndot_english_standard_item_list_2010,92,stditeme06252010.pdf#page=92;item=4315.48
ne_ndot_catalog_4320.15,ne_ndot_4320.15,4320.15,"15"" ROUND EQUIVALENT FLARED-END SECTION",EACH,EACH,07,724.00,current,ne_ndot_english_standard_item_list_2010,92,stditeme06252010.pdf#page=92;item=4320.15
ne_ndot_catalog_4320.18,ne_ndot_4320.18,4320.18,"18"" ROUND EQUIVALENT FLARED-END SECTION",EACH,EACH,07,724.00,current,ne_ndot_english_standard_item_list_2010,92,stditeme06252010.pdf#page=92;item=4320.18
ne_ndot_catalog_4320.21,ne_ndot_4320.21,4320.21,"21"" ROUND EQUIVALENT FLARED-END SECTION",EACH,EACH,07,724.00,current,ne_ndot_english_standard_item_list_2010,92,stditeme06252010.pdf#page=92;item=4320.21
ne_ndot_catalog_4320.24,ne_ndot_4320.24,4320.24,"24"" ROUND EQUIVALENT FLARED-END SECTION",EACH,EACH,07,724.00,current,ne_ndot_english_standard_item_list_2010,92,stditeme06252010.pdf#page=92;item=4320.24
ne_ndot_catalog_4320.30,ne_ndot_4320.30,4320.30,"30"" ROUND EQUIVALENT FLARED-END SECTION",EACH,EACH,07,724.00,current,ne_ndot_english_standard_item_list_2010,92,stditeme06252010.pdf#page=92;item=4320.30
ne_ndot_catalog_4320.36,ne_ndot_4320.36,4320.36,"36"" ROUND EQUIVALENT FLARED-END SECTION",EACH,EACH,07,724.00,current,ne_ndot_english_standard_item_list_2010,92,stditeme06252010.pdf#page=92;item=4320.36
ne_ndot_catalog_4320.42,ne_ndot_4320.42,4320.42,"42"" ROUND EQUIVALENT FLARED-END SECTION",EACH,EACH,07,724.00,current,ne_ndot_english_standard_item_list_2010,92,stditeme06252010.pdf#page=92;item=4320.42
ne_ndot_catalog_4320.48,ne_ndot_4320.48,4320.48,"48"" ROUND EQUIVALENT FLARED-END SECTION",EACH,EACH,07,724.00,current,ne_ndot_english_standard_item_list_2010,92,stditeme06252010.pdf#page=92;item=4320.48
ne_ndot_catalog_4320.54,ne_ndot_4320.54,4320.54,"54"" ROUND EQUIVALENT FLARED-END SECTION",EACH,EACH,07,724.00,current,ne_ndot_english_standard_item_list_2010,93,stditeme06252010.pdf#page=93;item=4320.54
ne_ndot_catalog_4320.60,ne_ndot_4320.60,4320.60,"60"" ROUND EQUIVALENT FLARED-END SECTION",EACH,EACH,07,724.00,current,ne_ndot_english_standard_item_list_2010,93,stditeme06252010.pdf#page=93;item=4320.60
ne_ndot_catalog_4320.66,ne_ndot_4320.66,4320.66,"66"" ROUND EQUIVALENT FLARED-END SECTION",EACH,EACH,07,724.00,current,ne_ndot_english_standard_item_list_2010,93,stditeme06252010.pdf#page=93;item=4320.66
ne_ndot_catalog_4320.72,ne_ndot_4320.72,4320.72,"72"" ROUND EQUIVALENT FLARED-END SECTION",EACH,EACH,07,724.00,current,ne_ndot_english_standard_item_list_2010,93,stditeme06252010.pdf#page=93;item=4320.72
ne_ndot_catalog_4325.15,ne_ndot_4325.15,4325.15,"15"" SAFETY SLOPED END SECTION",EACH,EACH,07,,current,ne_ndot_english_standard_item_list_2010,93,stditeme06252010.pdf#page=93;item=4325.15
ne_ndot_catalog_4325.18,ne_ndot_4325.18,4325.18,"18"" SAFETY SLOPED END SECTION",EACH,EACH,07,,current,ne_ndot_english_standard_item_list_2010,93,stditeme06252010.pdf#page=93;item=4325.18
ne_ndot_catalog_4325.24,ne_ndot_4325.24,4325.24,"24"" SAFETY SLOPED END SECTION",EACH,EACH,07,,current,ne_ndot_english_standard_item_list_2010,93,stditeme06252010.pdf#page=93;item=4325.24
ne_ndot_catalog_4325.30,ne_ndot_4325.30,4325.30,"30"" SAFETY SLOPED END SECTION",EACH,EACH,07,,current,ne_ndot_english_standard_item_list_2010,93,stditeme06252010.pdf#page=93;item=4325.30
ne_ndot_catalog_4325.36,ne_ndot_4325.36,4325.36,"36"" SAFETY SLOPED END SECTION",EACH,EACH,07,,current,ne_ndot_english_standard_item_list_2010,93,stditeme06252010.pdf#page=93;item=4325.36
ne_ndot_catalog_4325.48,ne_ndot_4325.48,4325.48,"48"" SAFETY SLOPED END SECTION",EACH,EACH,07,,current,ne_ndot_english_standard_item_list_2010,93,stditeme06252010.pdf#page=93;item=4325.48
ne_ndot_catalog_4330.30,ne_ndot_4330.30,4330.30,"30"" ROUND EQUIVALENT SAFETY SLOPED END SECTION",EACH,EACH,07,,current,ne_ndot_english_standard_item_list_2010,93,stditeme06252010.pdf#page=93;item=4330.30
ne_ndot_catalog_4330.36,ne_ndot_4330.36,4330.36,"36"" ROUND EQUIVALENT SAFETY SLOPED END SECTION",EACH,EACH,07,,current,ne_ndot_english_standard_item_list_2010,93,stditeme06252010.pdf#page=93;item=4330.36
ne_ndot_catalog_4330.42,ne_ndot_4330.42,4330.42,"42"" ROUND EQUIVALENT SAFETY SLOPED END SECTION",EACH,EACH,07,,current,ne_ndot_english_standard_item_list_2010,93,stditeme06252010.pdf#page=93;item=4330.42
ne_ndot_catalog_4330.48,ne_ndot_4330.48,4330.48,"48"" ROUND EQUIVALENT SAFETY SLOPED END SECTION",EACH,EACH,07,,current,ne_ndot_english_standard_item_list_2010,93,stditeme06252010.pdf#page=93;item=4330.48
ne_ndot_catalog_4350.06,ne_ndot_4350.06,4350.06,"6"" CORRUGATED METAL PIPE",LIN FT,LF,07,719.00,current,ne_ndot_english_standard_item_list_2010,93,stditeme06252010.pdf#page=93;item=4350.06
ne_ndot_catalog_4350.08,ne_ndot_4350.08,4350.08,"8"" CORRUGATED METAL PIPE",LIN FT,LF,07,719.00,current,ne_ndot_english_standard_item_list_2010,93,stditeme06252010.pdf#page=93;item=4350.08
ne_ndot_catalog_4350.10,ne_ndot_4350.10,4350.10,"10"" CORRUGATED METAL PIPE",LIN FT,LF,07,719.00,current,ne_ndot_english_standard_item_list_2010,93,stditeme06252010.pdf#page=93;item=4350.10
ne_ndot_catalog_4350.12,ne_ndot_4350.12,4350.12,"12"" CORRUGATED METAL PIPE",LIN FT,LF,07,719.00,current,ne_ndot_english_standard_item_list_2010,93,stditeme06252010.pdf#page=93;item=4350.12
ne_ndot_catalog_4350.15,ne_ndot_4350.15,4350.15,"15"" CORRUGATED METAL PIPE",LIN FT,LF,07,719.00,current,ne_ndot_english_standard_item_list_2010,93,stditeme06252010.pdf#page=93;item=4350.15
ne_ndot_catalog_4350.18,ne_ndot_4350.18,4350.18,"18"" CORRUGATED METAL PIPE",LIN FT,LF,07,719.00,current,ne_ndot_english_standard_item_list_2010,94,stditeme06252010.pdf#page=94;item=4350.18
ne_ndot_catalog_4350.21,ne_ndot_4350.21,4350.21,"21"" CORRUGATED METAL PIPE",LIN FT,LF,07,719.00,current,ne_ndot_english_standard_item_list_2010,94,stditeme06252010.pdf#page=94;item=4350.21
ne_ndot_catalog_4350.24,ne_ndot_4350.24,4350.24,"24"" CORRUGATED METAL PIPE",LIN FT,LF,07,719.00,current,ne_ndot_english_standard_item_list_2010,94,stditeme06252010.pdf#page=94;item=4350.24
ne_ndot_catalog_4350.26,ne_ndot_4350.26,4350.26,"24"" CORRUGATED METAL PIPE",LIN FT,LF,07,719.00,current,ne_ndot_english_standard_item_list_2010,94,stditeme06252010.pdf#page=94;item=4350.26
ne_ndot_catalog_4350.30,ne_ndot_4350.30,4350.30,"30"" CORRUGATED METAL PIPE",LIN FT,LF,07,719.00,current,ne_ndot_english_standard_item_list_2010,94,stditeme06252010.pdf#page=94;item=4350.30
ne_ndot_catalog_4350.32,ne_ndot_4350.32,4350.32,"30"" CORRUGATED METAL PIPE",LIN FT,LF,07,719.00,current,ne_ndot_english_standard_item_list_2010,94,stditeme06252010.pdf#page=94;item=4350.32
ne_ndot_catalog_4350.36,ne_ndot_4350.36,4350.36,"36"" CORRUGATED METAL PIPE",LIN FT,LF,07,719.00,current,ne_ndot_english_standard_item_list_2010,94,stditeme06252010.pdf#page=94;item=4350.36
ne_ndot_catalog_4350.42,ne_ndot_4350.42,4350.42,"42"" CORRUGATED METAL PIPE",LIN FT,LF,07,719.00,current,ne_ndot_english_standard_item_list_2010,94,stditeme06252010.pdf#page=94;item=4350.42
ne_ndot_catalog_4350.48,ne_ndot_4350.48,4350.48,"48"" CORRUGATED METAL PIPE",LIN FT,LF,07,719.00,current,ne_ndot_english_standard_item_list_2010,94,stditeme06252010.pdf#page=94;item=4350.48
ne_ndot_catalog_4350.54,ne_ndot_4350.54,4350.54,"54"" CORRUGATED METAL PIPE",LIN FT,LF,07,719.00,current,ne_ndot_english_standard_item_list_2010,94,stditeme06252010.pdf#page=94;item=4350.54
ne_ndot_catalog_4350.60,ne_ndot_4350.60,4350.60,"60"" CORRUGATED METAL PIPE",LIN FT,LF,07,719.00,current,ne_ndot_english_standard_item_list_2010,94,stditeme06252010.pdf#page=94;item=4350.60
ne_ndot_catalog_4350.66,ne_ndot_4350.66,4350.66,"66"" CORRUGATED METAL PIPE",LIN FT,LF,07,719.00,current,ne_ndot_english_standard_item_list_2010,94,stditeme06252010.pdf#page=94;item=4350.66
ne_ndot_catalog_4350.72,ne_ndot_4350.72,4350.72,"72"" CORRUGATED METAL PIPE",LIN FT,LF,07,719.00,current,ne_ndot_english_standard_item_list_2010,94,stditeme06252010.pdf#page=94;item=4350.72
ne_ndot_catalog_4350.78,ne_ndot_4350.78,4350.78,"78"" CORRUGATED METAL PIPE",LIN FT,LF,07,719.00,current,ne_ndot_english_standard_item_list_2010,94,stditeme06252010.pdf#page=94;item=4350.78
ne_ndot_catalog_4350.84,ne_ndot_4350.84,4350.84,"84"" CORRUGATED METAL PIPE",LIN FT,LF,07,719.00,current,ne_ndot_english_standard_item_list_2010,94,stditeme06252010.pdf#page=94;item=4350.84
ne_ndot_catalog_4350.90,ne_ndot_4350.90,4350.90,"90"" CORRUGATED METAL PIPE",LIN FT,LF,07,719.00,current,ne_ndot_english_standard_item_list_2010,94,stditeme06252010.pdf#page=94;item=4350.90
ne_ndot_catalog_4350.96,ne_ndot_4350.96,4350.96,"96"" CORRUGATED METAL PIPE",LIN FT,LF,07,719.00,current,ne_ndot_english_standard_item_list_2010,94,stditeme06252010.pdf#page=94;item=4350.96
ne_ndot_catalog_4351.08,ne_ndot_4351.08,4351.08,"108"" CORRUGATED METAL PIPE",LIN FT,LF,07,719.00,current,ne_ndot_english_standard_item_list_2010,94,stditeme06252010.pdf#page=94;item=4351.08
ne_ndot_catalog_4351.20,ne_ndot_4351.20,4351.20,"120"" CORRUGATED METAL PIPE",LIN FT,LF,07,719.00,current,ne_ndot_english_standard_item_list_2010,94,stditeme06252010.pdf#page=94;item=4351.20
ne_ndot_catalog_4351.25,ne_ndot_4351.25,4351.25,"144"" CORRUGATED METAL PIPE",LIN FT,LF,07,719.00,current,ne_ndot_english_standard_item_list_2010,95,stditeme06252010.pdf#page=95;item=4351.25
ne_ndot_catalog_4355.96,ne_ndot_4355.96,4355.96,"96"" STRUCTURAL PLATE PIPE",LIN FT,LF,07,,current,ne_ndot_english_standard_item_list_2010,95,stditeme06252010.pdf#page=95;item=4355.96
ne_ndot_catalog_4359.54,ne_ndot_4359.54,4359.54,"54"" TRIPLE METAL FLARED-END SECTION",EACH,EACH,07,724.00,current,ne_ndot_english_standard_item_list_2010,95,stditeme06252010.pdf#page=95;item=4359.54
ne_ndot_catalog_4360.12,ne_ndot_4360.12,4360.12,"12"" METAL FLARED-END SECTION",EACH,EACH,07,724.00,current,ne_ndot_english_standard_item_list_2010,95,stditeme06252010.pdf#page=95;item=4360.12
ne_ndot_catalog_4360.15,ne_ndot_4360.15,4360.15,"15"" METAL FLARED-END SECTION",EACH,EACH,07,724.00,current,ne_ndot_english_standard_item_list_2010,95,stditeme06252010.pdf#page=95;item=4360.15
ne_ndot_catalog_4360.18,ne_ndot_4360.18,4360.18,"18"" METAL FLARED-END SECTION",EACH,EACH,07,724.00,current,ne_ndot_english_standard_item_list_2010,95,stditeme06252010.pdf#page=95;item=4360.18
ne_ndot_catalog_4360.24,ne_ndot_4360.24,4360.24,"24"" METAL FLARED-END SECTION",EACH,EACH,07,724.00,current,ne_ndot_english_standard_item_list_2010,95,stditeme06252010.pdf#page=95;item=4360.24
ne_ndot_catalog_4360.30,ne_ndot_4360.30,4360.30,"30"" METAL FLARED-END SECTION",EACH,EACH,07,724.00,current,ne_ndot_english_standard_item_list_2010,95,stditeme06252010.pdf#page=95;item=4360.30
ne_ndot_catalog_4360.36,ne_ndot_4360.36,4360.36,"36"" METAL FLARED-END SECTION",EACH,EACH,07,724.00,current,ne_ndot_english_standard_item_list_2010,95,stditeme06252010.pdf#page=95;item=4360.36
ne_ndot_catalog_4360.42,ne_ndot_4360.42,4360.42,"42"" METAL FLARED-END SECTION",EACH,EACH,07,724.00,current,ne_ndot_english_standard_item_list_2010,95,stditeme06252010.pdf#page=95;item=4360.42
ne_ndot_catalog_4360.48,ne_ndot_4360.48,4360.48,"48"" METAL FLARED-END SECTION",EACH,EACH,07,724.00,current,ne_ndot_english_standard_item_list_2010,95,stditeme06252010.pdf#page=95;item=4360.48
ne_ndot_catalog_4360.54,ne_ndot_4360.54,4360.54,"54"" METAL FLARED-END SECTION",EACH,EACH,07,724.00,current,ne_ndot_english_standard_item_list_2010,95,stditeme06252010.pdf#page=95;item=4360.54
ne_ndot_catalog_4360.60,ne_ndot_4360.60,4360.60,"60"" METAL FLARED-END SECTION",EACH,EACH,07,724.00,current,ne_ndot_english_standard_item_list_2010,95,stditeme06252010.pdf#page=95;item=4360.60
ne_ndot_catalog_4360.66,ne_ndot_4360.66,4360.66,"66"" METAL FLARED-END SECTION",EACH,EACH,07,724.00,current,ne_ndot_english_standard_item_list_2010,95,stditeme06252010.pdf#page=95;item=4360.66
ne_ndot_catalog_4360.72,ne_ndot_4360.72,4360.72,"72"" METAL FLARED-END SECTION",EACH,EACH,07,724.00,current,ne_ndot_english_standard_item_list_2010,95,stditeme06252010.pdf#page=95;item=4360.72
ne_ndot_catalog_4360.78,ne_ndot_4360.78,4360.78,"78"" METAL FLARED-END SECTION",EACH,EACH,07,724.00,current,ne_ndot_english_standard_item_list_2010,95,stditeme06252010.pdf#page=95;item=4360.78
ne_ndot_catalog_4360.84,ne_ndot_4360.84,4360.84,"84"" METAL FLARED-END SECTION",EACH,EACH,07,724.00,current,ne_ndot_english_standard_item_list_2010,95,stditeme06252010.pdf#page=95;item=4360.84
ne_ndot_catalog_4361.08,ne_ndot_4361.08,4361.08,"108"" METAL FLARED-END SECTION",EACH,EACH,07,724.00,current,ne_ndot_english_standard_item_list_2010,95,stditeme06252010.pdf#page=95;item=4361.08
ne_ndot_catalog_4362.18,ne_ndot_4362.18,4362.18,"INSTALL 18"" METAL FLARED-END SECTION",EACH,EACH,07,724.00,current,ne_ndot_english_standard_item_list_2010,95,stditeme06252010.pdf#page=95;item=4362.18
ne_ndot_catalog_4362.24,ne_ndot_4362.24,4362.24,"INSTALL 24"" METAL FLARED-END SECTION",EACH,EACH,07,724.00,current,ne_ndot_english_standard_item_list_2010,96,stditeme06252010.pdf#page=96;item=4362.24
ne_ndot_catalog_4362.30,ne_ndot_4362.30,4362.30,"INSTALL 30"" METAL FLARED-END SECTION",EACH,EACH,07,724.00,current,ne_ndot_english_standard_item_list_2010,96,stditeme06252010.pdf#page=96;item=4362.30
ne_ndot_catalog_4362.36,ne_ndot_4362.36,4362.36,"INSTALL 36"" METAL FLARED-END SECTION",EACH,EACH,07,724.00,current,ne_ndot_english_standard_item_list_2010,96,stditeme06252010.pdf#page=96;item=4362.36
ne_ndot_catalog_4362.42,ne_ndot_4362.42,4362.42,"INSTALL 42"" METAL FLARED-END SECTION",EACH,EACH,07,724.00,current,ne_ndot_english_standard_item_list_2010,96,stditeme06252010.pdf#page=96;item=4362.42
ne_ndot_catalog_4362.48,ne_ndot_4362.48,4362.48,"INSTALL 48"" METAL FLARED-END SECTION",EACH,EACH,07,724.00,current,ne_ndot_english_standard_item_list_2010,96,stditeme06252010.pdf#page=96;item=4362.48
ne_ndot_catalog_4362.54,ne_ndot_4362.54,4362.54,"INSTALL 54"" METAL FLARED-END SECTION",EACH,EACH,07,724.00,current,ne_ndot_english_standard_item_list_2010,96,stditeme06252010.pdf#page=96;item=4362.54
ne_ndot_catalog_4362.60,ne_ndot_4362.60,4362.60,"INSTALL 60"" METAL FLARED-END SECTION",EACH,EACH,07,724.00,current,ne_ndot_english_standard_item_list_2010,96,stditeme06252010.pdf#page=96;item=4362.60
ne_ndot_catalog_4362.72,ne_ndot_4362.72,4362.72,"INSTALL 72"" METAL FLARED-END SECTION",EACH,EACH,07,724.00,current,ne_ndot_english_standard_item_list_2010,96,stditeme06252010.pdf#page=96;item=4362.72
ne_ndot_catalog_4365.00,ne_ndot_4365.00,4365.00,PIPE LINER,LIN FT,LF,07,,current,ne_ndot_english_standard_item_list_2010,96,stditeme06252010.pdf#page=96;item=4365.00
ne_ndot_catalog_4380.15,ne_ndot_4380.15,4380.15,"15"" ROUND EQUIVALENT CORRUGATED METAL PIPE",LIN FT,LF,07,719.00,current,ne_ndot_english_standard_item_list_2010,96,stditeme06252010.pdf#page=96;item=4380.15
ne_ndot_catalog_4380.18,ne_ndot_4380.18,4380.18,"18"" ROUND EQUIVALENT CORRUGATED METAL PIPE",LIN FT,LF,07,719.00,current,ne_ndot_english_standard_item_list_2010,96,stditeme06252010.pdf#page=96;item=4380.18
ne_ndot_catalog_4380.24,ne_ndot_4380.24,4380.24,"24"" ROUND EQUIVALENT CORRUGATED METAL PIPE",LIN FT,LF,07,719.00,current,ne_ndot_english_standard_item_list_2010,96,stditeme06252010.pdf#page=96;item=4380.24
ne_ndot_catalog_4380.30,ne_ndot_4380.30,4380.30,"30"" ROUND EQUIVALENT CORRUGATED METAL PIPE",LIN FT,LF,07,719.00,current,ne_ndot_english_standard_item_list_2010,96,stditeme06252010.pdf#page=96;item=4380.30
ne_ndot_catalog_4380.36,ne_ndot_4380.36,4380.36,"36"" ROUND EQUIVALENT CORRUGATED METAL PIPE",LIN FT,LF,07,719.00,current,ne_ndot_english_standard_item_list_2010,96,stditeme06252010.pdf#page=96;item=4380.36
ne_ndot_catalog_4380.42,ne_ndot_4380.42,4380.42,"42"" ROUND EQUIVALENT CORRUGATED METAL PIPE",LIN FT,LF,07,719.00,current,ne_ndot_english_standard_item_list_2010,96,stditeme06252010.pdf#page=96;item=4380.42
ne_ndot_catalog_4380.48,ne_ndot_4380.48,4380.48,"48"" ROUND EQUIVALENT CORRUGATED METAL PIPE",LIN FT,LF,07,719.00,current,ne_ndot_english_standard_item_list_2010,96,stditeme06252010.pdf#page=96;item=4380.48
ne_ndot_catalog_4380.54,ne_ndot_4380.54,4380.54,"54"" ROUND EQUIVALENT CORRUGATED METAL PIPE",LIN FT,LF,07,719.00,current,ne_ndot_english_standard_item_list_2010,96,stditeme06252010.pdf#page=96;item=4380.54
ne_ndot_catalog_4380.60,ne_ndot_4380.60,4380.60,"60"" ROUND EQUIVALENT CORRUGATED METAL PIPE",LIN FT,LF,07,719.00,current,ne_ndot_english_standard_item_list_2010,96,stditeme06252010.pdf#page=96;item=4380.60
ne_ndot_catalog_4380.72,ne_ndot_4380.72,4380.72,"72"" ROUND EQUIVALENT CORRUGATED METAL PIPE",LIN FT,LF,07,719.00,current,ne_ndot_english_standard_item_list_2010,96,stditeme06252010.pdf#page=96;item=4380.72
ne_ndot_catalog_4384.15,ne_ndot_4384.15,4384.15,"15"" CORRUGATED METAL SEWER PIPE",LIN FT,LF,07,722.00,current,ne_ndot_english_standard_item_list_2010,97,stditeme06252010.pdf#page=97;item=4384.15
ne_ndot_catalog_4384.18,ne_ndot_4384.18,4384.18,"18"" CORRUGATED METAL SEWER PIPE",LIN FT,LF,07,722.00,current,ne_ndot_english_standard_item_list_2010,97,stditeme06252010.pdf#page=97;item=4384.18
ne_ndot_catalog_4384.24,ne_ndot_4384.24,4384.24,"24"" CORRUGATED METAL SEWER PIPE",LIN FT,LF,07,722.00,current,ne_ndot_english_standard_item_list_2010,97,stditeme06252010.pdf#page=97;item=4384.24
ne_ndot_catalog_4384.30,ne_ndot_4384.30,4384.30,"30"" CORRUGATED METAL SEWER PIPE",LIN FT,LF,07,,current,ne_ndot_english_standard_item_list_2010,97,stditeme06252010.pdf#page=97;item=4384.30
ne_ndot_catalog_4384.54,ne_ndot_4384.54,4384.54,"54"" CORRUGATED METAL SEWER PIPE",LIN FT,LF,07,722.00,current,ne_ndot_english_standard_item_list_2010,97,stditeme06252010.pdf#page=97;item=4384.54
ne_ndot_catalog_4384.66,ne_ndot_4384.66,4384.66,"66"" CORRUGATED METAL SEWER PIPE",LIN FT,LF,07,722.00,current,ne_ndot_english_standard_item_list_2010,97,stditeme06252010.pdf#page=97;item=4384.66
ne_ndot_catalog_4385.15,ne_ndot_4385.15,4385.15,"15"" ROUND EQUIVALENT CORRUGATED METAL SEWER PIPE",LIN FT,LF,07,,current,ne_ndot_english_standard_item_list_2010,97,stditeme06252010.pdf#page=97;item=4385.15
ne_ndot_catalog_4385.30,ne_ndot_4385.30,4385.30,"30"" ROUND EQUIVALENT CORRUGATED METAL SEWER PIPE",LIN FT,LF,07,,current,ne_ndot_english_standard_item_list_2010,97,stditeme06252010.pdf#page=97;item=4385.30
ne_ndot_catalog_4390.15,ne_ndot_4390.15,4390.15,"15"" ROUND EQUIVALENT METAL PIPE FLARED-END SECTION",EACH,EACH,07,724.00,current,ne_ndot_english_standard_item_list_2010,97,stditeme06252010.pdf#page=97;item=4390.15
ne_ndot_catalog_4390.18,ne_ndot_4390.18,4390.18,"18"" ROUND EQUIVALENT METAL PIPE FLARED-END SECTION",EACH,EACH,07,724.00,current,ne_ndot_english_standard_item_list_2010,97,stditeme06252010.pdf#page=97;item=4390.18
ne_ndot_catalog_4390.21,ne_ndot_4390.21,4390.21,"21"" ROUND EQUIVALENT METAL PIPE FLARED-END SECTION",EACH,EACH,07,724.00,current,ne_ndot_english_standard_item_list_2010,97,stditeme06252010.pdf#page=97;item=4390.21
ne_ndot_catalog_4390.24,ne_ndot_4390.24,4390.24,"24"" ROUND EQUIVALENT METAL PIPE FLARED-END SECTION",EACH,EACH,07,724.00,current,ne_ndot_english_standard_item_list_2010,97,stditeme06252010.pdf#page=97;item=4390.24
ne_ndot_catalog_4390.30,ne_ndot_4390.30,4390.30,"30"" ROUND EQUIVALENT METAL PIPE FLARED-END SECTION",EACH,EACH,07,724.00,current,ne_ndot_english_standard_item_list_2010,97,stditeme06252010.pdf#page=97;item=4390.30
ne_ndot_catalog_4390.36,ne_ndot_4390.36,4390.36,"36"" ROUND EQUIVALENT METAL PIPE FLARED-END SECTION",EACH,EACH,07,724.00,current,ne_ndot_english_standard_item_list_2010,97,stditeme06252010.pdf#page=97;item=4390.36
ne_ndot_catalog_4390.42,ne_ndot_4390.42,4390.42,"42"" ROUND EQUIVALENT METAL PIPE FLARED-END SECTION",EACH,EACH,07,724.00,current,ne_ndot_english_standard_item_list_2010,97,stditeme06252010.pdf#page=97;item=4390.42
ne_ndot_catalog_4390.48,ne_ndot_4390.48,4390.48,"48"" ROUND EQUIVALENT METAL PIPE FLARED-END SECTION",EACH,EACH,07,724.00,current,ne_ndot_english_standard_item_list_2010,97,stditeme06252010.pdf#page=97;item=4390.48
ne_ndot_catalog_4390.54,ne_ndot_4390.54,4390.54,"54"" ROUND EQUIVALENT METAL PIPE FLARED-END SECTION",EACH,EACH,07,724.00,current,ne_ndot_english_standard_item_list_2010,97,stditeme06252010.pdf#page=97;item=4390.54
ne_ndot_catalog_4390.60,ne_ndot_4390.60,4390.60,"60"" ROUND EQUIVALENT METAL PIPE FLARED-END SECTION",EACH,EACH,07,724.00,current,ne_ndot_english_standard_item_list_2010,97,stditeme06252010.pdf#page=97;item=4390.60
ne_ndot_catalog_4390.72,ne_ndot_4390.72,4390.72,"72"" ROUND EQUIVALENT METAL PIPE FLARED-END SECTION",EACH,EACH,07,724.00,current,ne_ndot_english_standard_item_list_2010,97,stditeme06252010.pdf#page=97;item=4390.72
ne_ndot_catalog_4392.30,ne_ndot_4392.30,4392.30,"INSTALL 30"" ROUND EQUIVALENT METAL FLARED-END SECTION",EACH,EACH,07,724.00,current,ne_ndot_english_standard_item_list_2010,98,stditeme06252010.pdf#page=98;item=4392.30
ne_ndot_catalog_4392.36,ne_ndot_4392.36,4392.36,"INSTALL 36"" ROUND EQUIVALENT METAL FLARED-END SECTION",EACH,EACH,07,724.00,current,ne_ndot_english_standard_item_list_2010,98,stditeme06252010.pdf#page=98;item=4392.36
ne_ndot_catalog_4392.42,ne_ndot_4392.42,4392.42,"INSTALL 42"" ROUND EQUIVALENT METAL FLARED-END SECTION",EACH,EACH,07,724.00,current,ne_ndot_english_standard_item_list_2010,98,stditeme06252010.pdf#page=98;item=4392.42
ne_ndot_catalog_4392.48,ne_ndot_4392.48,4392.48,"INSTALL 48"" ROUND EQUIVALENT METAL FLARED-END SECTION",EACH,EACH,07,724.00,current,ne_ndot_english_standard_item_list_2010,98,stditeme06252010.pdf#page=98;item=4392.48
ne_ndot_catalog_4392.54,ne_ndot_4392.54,4392.54,"INSTALL 54"" ROUND EQUIVALENT METAL FLARED-END SECTION",EACH,EACH,07,,current,ne_ndot_english_standard_item_list_2010,98,stditeme06252010.pdf#page=98;item=4392.54
ne_ndot_catalog_4440.22,ne_ndot_4440.22,4440.22,"24""-36"" T SECTION",EACH,EACH,07,,current,ne_ndot_english_standard_item_list_2010,98,stditeme06252010.pdf#page=98;item=4440.22
ne_ndot_catalog_4447.98,ne_ndot_4447.98,4447.98,SIPHON HEADWALL,EACH,EACH,07,,current,ne_ndot_english_standard_item_list_2010,98,stditeme06252010.pdf#page=98;item=4447.98
ne_ndot_catalog_4447.99,ne_ndot_4447.99,4447.99,SIPHON HEADWALL,EACH,EACH,07,,current,ne_ndot_english_standard_item_list_2010,98,stditeme06252010.pdf#page=98;item=4447.99
ne_ndot_catalog_4448.00,ne_ndot_4448.00,4448.00,SIPHON HEADWALL,EACH,EACH,07,,current,ne_ndot_english_standard_item_list_2010,98,stditeme06252010.pdf#page=98;item=4448.00
ne_ndot_catalog_4448.01,ne_ndot_4448.01,4448.01,SIPHON HEADWALL,EACH,EACH,07,,current,ne_ndot_english_standard_item_list_2010,98,stditeme06252010.pdf#page=98;item=4448.01
ne_ndot_catalog_4448.10,ne_ndot_4448.10,4448.10,SIPHON INLET STRUCTURE,EACH,EACH,07,,current,ne_ndot_english_standard_item_list_2010,98,stditeme06252010.pdf#page=98;item=4448.10
ne_ndot_catalog_4450.08,ne_ndot_4450.08,4450.08,"8"" REINFORCED CONCRETE PIPE",LIN FT,LF,07,720.00,current,ne_ndot_english_standard_item_list_2010,98,stditeme06252010.pdf#page=98;item=4450.08
ne_ndot_catalog_4450.10,ne_ndot_4450.10,4450.10,"10"" REINFORCED CONCRETE PIPE",LIN FT,LF,07,722.00,current,ne_ndot_english_standard_item_list_2010,98,stditeme06252010.pdf#page=98;item=4450.10
ne_ndot_catalog_4450.12,ne_ndot_4450.12,4450.12,"12"" REINFORCED CONCRETE PIPE",LIN FT,LF,07,720.00,current,ne_ndot_english_standard_item_list_2010,98,stditeme06252010.pdf#page=98;item=4450.12
ne_ndot_catalog_4450.15,ne_ndot_4450.15,4450.15,"15"" REINFORCED CONCRETE PIPE",LIN FT,LF,07,720.00,current,ne_ndot_english_standard_item_list_2010,98,stditeme06252010.pdf#page=98;item=4450.15
ne_ndot_catalog_4450.18,ne_ndot_4450.18,4450.18,"18"" REINFORCED CONCRETE PIPE",LIN FT,LF,07,720.00,current,ne_ndot_english_standard_item_list_2010,98,stditeme06252010.pdf#page=98;item=4450.18
ne_ndot_catalog_4450.21,ne_ndot_4450.21,4450.21,"21"" REINFORCED CONCRETE PIPE",LIN FT,LF,07,720.00,current,ne_ndot_english_standard_item_list_2010,98,stditeme06252010.pdf#page=98;item=4450.21
ne_ndot_catalog_4450.24,ne_ndot_4450.24,4450.24,"24"" REINFORCED CONCRETE PIPE",LIN FT,LF,07,720.00,current,ne_ndot_english_standard_item_list_2010,98,stditeme06252010.pdf#page=98;item=4450.24
ne_ndot_catalog_4450.30,ne_ndot_4450.30,4450.30,"30"" REINFORCED CONCRETE PIPE",LIN FT,LF,07,720.00,current,ne_ndot_english_standard_item_list_2010,98,stditeme06252010.pdf#page=98;item=4450.30
ne_ndot_catalog_4450.36,ne_ndot_4450.36,4450.36,"36"" REINFORCED CONCRETE PIPE",LIN FT,LF,07,720.00,current,ne_ndot_english_standard_item_list_2010,99,stditeme06252010.pdf#page=99;item=4450.36
ne_ndot_catalog_4450.42,ne_ndot_4450.42,4450.42,"42"" REINFORCED CONCRETE PIPE",LIN FT,LF,07,720.00,current,ne_ndot_english_standard_item_list_2010,99,stditeme06252010.pdf#page=99;item=4450.42
ne_ndot_catalog_4450.48,ne_ndot_4450.48,4450.48,"48"" REINFORCED CONCRETE PIPE",LIN FT,LF,07,720.00,current,ne_ndot_english_standard_item_list_2010,99,stditeme06252010.pdf#page=99;item=4450.48
ne_ndot_catalog_4450.54,ne_ndot_4450.54,4450.54,"54"" REINFORCED CONCRETE PIPE",LIN FT,LF,07,720.00,current,ne_ndot_english_standard_item_list_2010,99,stditeme06252010.pdf#page=99;item=4450.54
ne_ndot_catalog_4450.60,ne_ndot_4450.60,4450.60,"60"" REINFORCED CONCRETE PIPE",LIN FT,LF,07,720.00,current,ne_ndot_english_standard_item_list_2010,99,stditeme06252010.pdf#page=99;item=4450.60
ne_ndot_catalog_4450.66,ne_ndot_4450.66,4450.66,"66"" REINFORCED CONCRETE PIPE",LIN FT,LF,07,720.00,current,ne_ndot_english_standard_item_list_2010,99,stditeme06252010.pdf#page=99;item=4450.66
ne_ndot_catalog_4450.72,ne_ndot_4450.72,4450.72,"72"" REINFORCED CONCRETE PIPE",LIN FT,LF,07,720.00,current,ne_ndot_english_standard_item_list_2010,99,stditeme06252010.pdf#page=99;item=4450.72
ne_ndot_catalog_4450.78,ne_ndot_4450.78,4450.78,"78"" REINFORCED CONCRETE PIPE",LIN FT,LF,07,720.00,current,ne_ndot_english_standard_item_list_2010,99,stditeme06252010.pdf#page=99;item=4450.78
ne_ndot_catalog_4450.84,ne_ndot_4450.84,4450.84,"84"" REINFORCED CONCRETE PIPE",LIN FT,LF,07,720.00,current,ne_ndot_english_standard_item_list_2010,99,stditeme06252010.pdf#page=99;item=4450.84
ne_ndot_catalog_4450.90,ne_ndot_4450.90,4450.90,"90"" REINFORCED CONCRETE PIPE",LIN FT,LF,07,720.00,current,ne_ndot_english_standard_item_list_2010,99,stditeme06252010.pdf#page=99;item=4450.90
ne_ndot_catalog_4450.96,ne_ndot_4450.96,4450.96,"96"" REINFORCED CONCRETE PIPE",LIN FT,LF,07,720.00,current,ne_ndot_english_standard_item_list_2010,99,stditeme06252010.pdf#page=99;item=4450.96
ne_ndot_catalog_4451.08,ne_ndot_4451.08,4451.08,"108"" REINFORCED CONCRETE PIPE",LIN FT,LF,07,720.00,current,ne_ndot_english_standard_item_list_2010,99,stditeme06252010.pdf#page=99;item=4451.08
ne_ndot_catalog_4451.12,ne_ndot_4451.12,4451.12,"12"" REINFORCED CONCRETE PIPE CLASS IV",LIN FT,LF,07,,current,ne_ndot_english_standard_item_list_2010,99,stditeme06252010.pdf#page=99;item=4451.12
ne_ndot_catalog_4451.15,ne_ndot_4451.15,4451.15,"15"" REINFORCED CONCRETE PIPE CLASS IV",LIN FT,LF,07,,current,ne_ndot_english_standard_item_list_2010,99,stditeme06252010.pdf#page=99;item=4451.15
ne_ndot_catalog_4451.18,ne_ndot_4451.18,4451.18,"18"" REINFORCED CONCRETE PIPE CLASS IV",LIN FT,LF,07,720.00,current,ne_ndot_english_standard_item_list_2010,99,stditeme06252010.pdf#page=99;item=4451.18
ne_ndot_catalog_4451.24,ne_ndot_4451.24,4451.24,"24"" REINFORCED CONCRETE PIPE CLASS IV",LIN FT,LF,07,,current,ne_ndot_english_standard_item_list_2010,99,stditeme06252010.pdf#page=99;item=4451.24
ne_ndot_catalog_4451.30,ne_ndot_4451.30,4451.30,"30"" REINFORCED CONCRETE PIPE CLASS IV",LIN FT,LF,07,,current,ne_ndot_english_standard_item_list_2010,99,stditeme06252010.pdf#page=99;item=4451.30
ne_ndot_catalog_4451.36,ne_ndot_4451.36,4451.36,"36"" REINFORCED CONCRETE PIPE CLASS IV",LIN FT,LF,07,,current,ne_ndot_english_standard_item_list_2010,99,stditeme06252010.pdf#page=99;item=4451.36
ne_ndot_catalog_4451.42,ne_ndot_4451.42,4451.42,"42"" REINFORCED CONCRETE PIPE CLASS IV",LIN FT,LF,07,,current,ne_ndot_english_standard_item_list_2010,99,stditeme06252010.pdf#page=99;item=4451.42
ne_ndot_catalog_4451.48,ne_ndot_4451.48,4451.48,"48"" REINFORCED CONCRETE PIPE CLASS IV",LIN FT,LF,07,,current,ne_ndot_english_standard_item_list_2010,100,stditeme06252010.pdf#page=100;item=4451.48
ne_ndot_catalog_4451.54,ne_ndot_4451.54,4451.54,"54"" REINFORCED CONCRETE PIPE CLASS IV",LIN FT,LF,07,,current,ne_ndot_english_standard_item_list_2010,100,stditeme06252010.pdf#page=100;item=4451.54
ne_ndot_catalog_4451.60,ne_ndot_4451.60,4451.60,"60"" REINFORCED CONCRETE PIPE CLASS IV",LIN FT,LF,07,,current,ne_ndot_english_standard_item_list_2010,100,stditeme06252010.pdf#page=100;item=4451.60
ne_ndot_catalog_4451.66,ne_ndot_4451.66,4451.66,"66"" REINFORCED CONCRETE PIPE CLASS IV",LIN FT,LF,07,,current,ne_ndot_english_standard_item_list_2010,100,stditeme06252010.pdf#page=100;item=4451.66
ne_ndot_catalog_4451.72,ne_ndot_4451.72,4451.72,"72"" REINFORCED CONCRETE PIPE CLASS IV",LIN FT,LF,07,,current,ne_ndot_english_standard_item_list_2010,100,stditeme06252010.pdf#page=100;item=4451.72
ne_ndot_catalog_4451.84,ne_ndot_4451.84,4451.84,"84"" REINFORCED CONCRETE PIPE CLASS IV",LIN FT,LF,07,,current,ne_ndot_english_standard_item_list_2010,100,stditeme06252010.pdf#page=100;item=4451.84
ne_ndot_catalog_4452.12,ne_ndot_4452.12,4452.12,"12"" REINFORCED CONCRETE PIPE CLASS V",LIN FT,LF,07,,current,ne_ndot_english_standard_item_list_2010,100,stditeme06252010.pdf#page=100;item=4452.12
ne_ndot_catalog_4452.15,ne_ndot_4452.15,4452.15,"15"" REINFORCED CONCRETE PIPE CLASS V",LIN FT,LF,07,,current,ne_ndot_english_standard_item_list_2010,100,stditeme06252010.pdf#page=100;item=4452.15
ne_ndot_catalog_4452.18,ne_ndot_4452.18,4452.18,"18"" REINFORCED CONCRETE PIPE CLASS V",LIN FT,LF,07,,current,ne_ndot_english_standard_item_list_2010,100,stditeme06252010.pdf#page=100;item=4452.18
ne_ndot_catalog_4452.24,ne_ndot_4452.24,4452.24,"24"" REINFORCED CONCRETE PIPE CLASS V",LIN FT,LF,07,,current,ne_ndot_english_standard_item_list_2010,100,stditeme06252010.pdf#page=100;item=4452.24
ne_ndot_catalog_4452.30,ne_ndot_4452.30,4452.30,"30"" REINFORCED CONCRETE PIPE CLASS V",LIN FT,LF,07,,current,ne_ndot_english_standard_item_list_2010,100,stditeme06252010.pdf#page=100;item=4452.30
ne_ndot_catalog_4452.36,ne_ndot_4452.36,4452.36,"36"" REINFORCED CONCRETE PIPE CLASS V",LIN FT,LF,07,,current,ne_ndot_english_standard_item_list_2010,100,stditeme06252010.pdf#page=100;item=4452.36
ne_ndot_catalog_4452.42,ne_ndot_4452.42,4452.42,"42"" REINFORCED CONCRETE PIPE CLASS V",LIN FT,LF,07,,current,ne_ndot_english_standard_item_list_2010,100,stditeme06252010.pdf#page=100;item=4452.42
ne_ndot_catalog_4452.48,ne_ndot_4452.48,4452.48,"48"" REINFORCED CONCRETE PIPE CLASS V",LIN FT,LF,07,,current,ne_ndot_english_standard_item_list_2010,100,stditeme06252010.pdf#page=100;item=4452.48
ne_ndot_catalog_4452.54,ne_ndot_4452.54,4452.54,"54"" REINFORCED CONCRETE PIPE CLASS V",LIN FT,LF,07,,current,ne_ndot_english_standard_item_list_2010,100,stditeme06252010.pdf#page=100;item=4452.54
ne_ndot_catalog_4452.60,ne_ndot_4452.60,4452.60,"60"" REINFORCED CONCRETE PIPE CLASS V",LIN FT,LF,07,,current,ne_ndot_english_standard_item_list_2010,100,stditeme06252010.pdf#page=100;item=4452.60
ne_ndot_catalog_4452.66,ne_ndot_4452.66,4452.66,"66"" REINFORCED CONCRETE PIPE CLASS V",LIN FT,LF,07,,current,ne_ndot_english_standard_item_list_2010,100,stditeme06252010.pdf#page=100;item=4452.66
ne_ndot_catalog_4452.72,ne_ndot_4452.72,4452.72,"72"" REINFORCED CONCRETE PIPE CLASS V",LIN FT,LF,07,,current,ne_ndot_english_standard_item_list_2010,100,stditeme06252010.pdf#page=100;item=4452.72
ne_ndot_catalog_4452.84,ne_ndot_4452.84,4452.84,"84"" REINFORCED CONCRETE PIPE CLASS V",LIN FT,LF,07,,current,ne_ndot_english_standard_item_list_2010,100,stditeme06252010.pdf#page=100;item=4452.84
ne_ndot_catalog_4460.12,ne_ndot_4460.12,4460.12,"12"" CONCRETE FLARED-END SECTION",EACH,EACH,07,724.00,current,ne_ndot_english_standard_item_list_2010,101,stditeme06252010.pdf#page=101;item=4460.12
ne_ndot_catalog_4460.15,ne_ndot_4460.15,4460.15,"15"" CONCRETE FLARED-END SECTION",EACH,EACH,07,724.00,current,ne_ndot_english_standard_item_list_2010,101,stditeme06252010.pdf#page=101;item=4460.15
ne_ndot_catalog_4460.18,ne_ndot_4460.18,4460.18,"18"" CONCRETE FLARED-END SECTION",EACH,EACH,07,724.00,current,ne_ndot_english_standard_item_list_2010,101,stditeme06252010.pdf#page=101;item=4460.18
ne_ndot_catalog_4460.21,ne_ndot_4460.21,4460.21,"21"" CONCRETE FLARED-END SECTION",EACH,EACH,07,724.00,current,ne_ndot_english_standard_item_list_2010,101,stditeme06252010.pdf#page=101;item=4460.21
ne_ndot_catalog_4460.24,ne_ndot_4460.24,4460.24,"24"" CONCRETE FLARED-END SECTION",EACH,EACH,07,724.00,current,ne_ndot_english_standard_item_list_2010,101,stditeme06252010.pdf#page=101;item=4460.24
ne_ndot_catalog_4460.27,ne_ndot_4460.27,4460.27,"27"" CONCRETE FLARED-END SECTION",EACH,EACH,07,724.00,current,ne_ndot_english_standard_item_list_2010,101,stditeme06252010.pdf#page=101;item=4460.27
ne_ndot_catalog_4460.30,ne_ndot_4460.30,4460.30,"30"" CONCRETE FLARED-END SECTION",EACH,EACH,07,724.00,current,ne_ndot_english_standard_item_list_2010,101,stditeme06252010.pdf#page=101;item=4460.30
ne_ndot_catalog_4460.36,ne_ndot_4460.36,4460.36,"36"" CONCRETE FLARED-END SECTION",EACH,EACH,07,724.00,current,ne_ndot_english_standard_item_list_2010,101,stditeme06252010.pdf#page=101;item=4460.36
ne_ndot_catalog_4460.42,ne_ndot_4460.42,4460.42,"42"" CONCRETE FLARED-END SECTION",EACH,EACH,07,724.00,current,ne_ndot_english_standard_item_list_2010,101,stditeme06252010.pdf#page=101;item=4460.42
ne_ndot_catalog_4460.48,ne_ndot_4460.48,4460.48,"48"" CONCRETE FLARED-END SECTION",EACH,EACH,07,724.00,current,ne_ndot_english_standard_item_list_2010,101,stditeme06252010.pdf#page=101;item=4460.48
ne_ndot_catalog_4460.54,ne_ndot_4460.54,4460.54,"54"" CONCRETE FLARED-END SECTION",EACH,EACH,07,724.00,current,ne_ndot_english_standard_item_list_2010,101,stditeme06252010.pdf#page=101;item=4460.54
ne_ndot_catalog_4460.60,ne_ndot_4460.60,4460.60,"60"" CONCRETE FLARED-END SECTION",EACH,EACH,07,724.00,current,ne_ndot_english_standard_item_list_2010,101,stditeme06252010.pdf#page=101;item=4460.60
ne_ndot_catalog_4460.66,ne_ndot_4460.66,4460.66,"66"" CONCRETE FLARED-END SECTION",EACH,EACH,07,724.00,current,ne_ndot_english_standard_item_list_2010,101,stditeme06252010.pdf#page=101;item=4460.66
ne_ndot_catalog_4460.72,ne_ndot_4460.72,4460.72,"72"" CONCRETE FLARED-END SECTION",EACH,EACH,07,724.00,current,ne_ndot_english_standard_item_list_2010,101,stditeme06252010.pdf#page=101;item=4460.72
ne_ndot_catalog_4460.84,ne_ndot_4460.84,4460.84,"84"" CONCRETE FLARED-END SECTION",EACH,EACH,07,724.00,current,ne_ndot_english_standard_item_list_2010,101,stditeme06252010.pdf#page=101;item=4460.84
ne_ndot_catalog_4460.96,ne_ndot_4460.96,4460.96,"96"" CONCRETE FLARED-END SECTION",EACH,EACH,07,724.00,current,ne_ndot_english_standard_item_list_2010,101,stditeme06252010.pdf#page=101;item=4460.96
ne_ndot_catalog_4461.12,ne_ndot_4461.12,4461.12,"INSTALL 12"" CONCRETE FLARED-END SECTION",EACH,EACH,07,724.00,current,ne_ndot_english_standard_item_list_2010,101,stditeme06252010.pdf#page=101;item=4461.12
ne_ndot_catalog_4461.15,ne_ndot_4461.15,4461.15,"INSTALL 15"" CONCRETE FLARED-END SECTION",EACH,EACH,07,724.00,current,ne_ndot_english_standard_item_list_2010,101,stditeme06252010.pdf#page=101;item=4461.15
ne_ndot_catalog_4461.18,ne_ndot_4461.18,4461.18,"INSTALL 18"" CONCRETE FLARED-END SECTION",EACH,EACH,07,724.00,current,ne_ndot_english_standard_item_list_2010,101,stditeme06252010.pdf#page=101;item=4461.18
ne_ndot_catalog_4461.24,ne_ndot_4461.24,4461.24,"INSTALL 24"" CONCRETE FLARED-END SECTION",EACH,EACH,07,724.00,current,ne_ndot_english_standard_item_list_2010,102,stditeme06252010.pdf#page=102;item=4461.24
ne_ndot_catalog_4461.30,ne_ndot_4461.30,4461.30,"INSTALL 30"" CONCRETE FLARED-END SECTION",EACH,EACH,07,724.00,current,ne_ndot_english_standard_item_list_2010,102,stditeme06252010.pdf#page=102;item=4461.30
ne_ndot_catalog_4461.36,ne_ndot_4461.36,4461.36,"INSTALL 36"" CONCRETE FLARED-END SECTION",EACH,EACH,07,724.00,current,ne_ndot_english_standard_item_list_2010,102,stditeme06252010.pdf#page=102;item=4461.36
ne_ndot_catalog_4461.42,ne_ndot_4461.42,4461.42,"INSTALL 42"" CONCRETE FLARED-END SECTION",EACH,EACH,07,724.00,current,ne_ndot_english_standard_item_list_2010,102,stditeme06252010.pdf#page=102;item=4461.42
ne_ndot_catalog_4461.48,ne_ndot_4461.48,4461.48,"INSTALL 48"" CONCRETE FLARED-END SECTION",EACH,EACH,07,724.00,current,ne_ndot_english_standard_item_list_2010,102,stditeme06252010.pdf#page=102;item=4461.48
ne_ndot_catalog_4461.54,ne_ndot_4461.54,4461.54,"INSTALL 54"" CONCRETE FLARED-END SECTION",EACH,EACH,07,724.00,current,ne_ndot_english_standard_item_list_2010,102,stditeme06252010.pdf#page=102;item=4461.54
ne_ndot_catalog_4461.60,ne_ndot_4461.60,4461.60,"INSTALL 60"" CONCRETE FLARED-END SECTION",EACH,EACH,07,724.00,current,ne_ndot_english_standard_item_list_2010,102,stditeme06252010.pdf#page=102;item=4461.60
ne_ndot_catalog_4461.72,ne_ndot_4461.72,4461.72,"INSTALL 72"" CONCRETE FLARED-END SECTION",EACH,EACH,07,724.00,current,ne_ndot_english_standard_item_list_2010,102,stditeme06252010.pdf#page=102;item=4461.72
ne_ndot_catalog_4465.30,ne_ndot_4465.30,4465.30,"INSTALL 30"" ROUND EQUIVALENT CONCRETE FLARED-END SECTION",EACH,EACH,07,724.00,current,ne_ndot_english_standard_item_list_2010,102,stditeme06252010.pdf#page=102;item=4465.30
ne_ndot_catalog_4465.36,ne_ndot_4465.36,4465.36,"INSTALL 36"" ROUND EQUIVALENT CONCRETE FLARED-END SECTION",EACH,EACH,07,724.00,current,ne_ndot_english_standard_item_list_2010,102,stditeme06252010.pdf#page=102;item=4465.36
ne_ndot_catalog_4465.42,ne_ndot_4465.42,4465.42,"INSTALL 42"" ROUND EQUIVALENT CONCRETE FLARED-END SECTION",EACH,EACH,07,724.00,current,ne_ndot_english_standard_item_list_2010,102,stditeme06252010.pdf#page=102;item=4465.42
ne_ndot_catalog_4465.48,ne_ndot_4465.48,4465.48,"INSTALL 48"" ROUND EQUIVALENT CONCRETE FLARED-END SECTION",EACH,EACH,07,724.00,current,ne_ndot_english_standard_item_list_2010,102,stditeme06252010.pdf#page=102;item=4465.48
ne_ndot_catalog_4465.54,ne_ndot_4465.54,4465.54,"INSTALL 54"" ROUND EQUIVALENT CONCRETE FLARED-END SECTION",EACH,EACH,07,724.00,current,ne_ndot_english_standard_item_list_2010,102,stditeme06252010.pdf#page=102;item=4465.54
ne_ndot_catalog_4500.15,ne_ndot_4500.15,4500.15,"15"" ROUND EQUIVALENT REINFORCED CONCRETE PIPE",LIN FT,LF,07,720.00,current,ne_ndot_english_standard_item_list_2010,102,stditeme06252010.pdf#page=102;item=4500.15
ne_ndot_catalog_4500.18,ne_ndot_4500.18,4500.18,"18"" ROUND EQUIVALENT REINFORCED CONCRETE PIPE",LIN FT,LF,07,720.00,current,ne_ndot_english_standard_item_list_2010,102,stditeme06252010.pdf#page=102;item=4500.18
ne_ndot_catalog_4500.24,ne_ndot_4500.24,4500.24,"24"" ROUND EQUIVALENT REINFORCED CONCRETE PIPE",LIN FT,LF,07,720.00,current,ne_ndot_english_standard_item_list_2010,102,stditeme06252010.pdf#page=102;item=4500.24
ne_ndot_catalog_4500.30,ne_ndot_4500.30,4500.30,"30"" ROUND EQUIVALENT REINFORCED CONCRETE PIPE",LIN FT,LF,07,720.00,current,ne_ndot_english_standard_item_list_2010,102,stditeme06252010.pdf#page=102;item=4500.30
ne_ndot_catalog_4500.36,ne_ndot_4500.36,4500.36,"36"" ROUND EQUIVALENT REINFORCED CONCRETE PIPE",LIN FT,LF,07,720.00,current,ne_ndot_english_standard_item_list_2010,102,stditeme06252010.pdf#page=102;item=4500.36
ne_ndot_catalog_4500.42,ne_ndot_4500.42,4500.42,"42"" ROUND EQUIVALENT REINFORCED CONCRETE PIPE",LIN FT,LF,07,720.00,current,ne_ndot_english_standard_item_list_2010,102,stditeme06252010.pdf#page=102;item=4500.42
ne_ndot_catalog_4500.48,ne_ndot_4500.48,4500.48,"48"" ROUND EQUIVALENT REINFORCED CONCRETE PIPE",LIN FT,LF,07,720.00,current,ne_ndot_english_standard_item_list_2010,103,stditeme06252010.pdf#page=103;item=4500.48
ne_ndot_catalog_4500.54,ne_ndot_4500.54,4500.54,"54"" ROUND EQUIVALENT REINFORCED CONCRETE PIPE",LIN FT,LF,07,720.00,current,ne_ndot_english_standard_item_list_2010,103,stditeme06252010.pdf#page=103;item=4500.54
ne_ndot_catalog_4500.60,ne_ndot_4500.60,4500.60,"60"" ROUND EQUIVALENT REINFORCED CONCRETE PIPE",LIN FT,LF,07,720.00,current,ne_ndot_english_standard_item_list_2010,103,stditeme06252010.pdf#page=103;item=4500.60
ne_ndot_catalog_4500.72,ne_ndot_4500.72,4500.72,"72"" ROUND EQUIVALENT REINFORCED CONCRETE PIPE",LIN FT,LF,07,720.00,current,ne_ndot_english_standard_item_list_2010,103,stditeme06252010.pdf#page=103;item=4500.72
ne_ndot_catalog_4501.30,ne_ndot_4501.30,4501.30,"30"" ROUND EQUIVALENT REINFORCED CONCRETE PIPE CLASS IV",LIN FT,LF,07,,current,ne_ndot_english_standard_item_list_2010,103,stditeme06252010.pdf#page=103;item=4501.30
ne_ndot_catalog_4501.36,ne_ndot_4501.36,4501.36,"36"" ROUND EQUIVALENT REINFORCED CONCRETE PIPE CLASS IV",LIN FT,LF,07,,current,ne_ndot_english_standard_item_list_2010,103,stditeme06252010.pdf#page=103;item=4501.36
ne_ndot_catalog_4502.18,ne_ndot_4502.18,4502.18,"18"" ROUND EQUIVALENT REINFORCED CONCRETE PIPE CLASS V",LIN FT,LF,07,,current,ne_ndot_english_standard_item_list_2010,103,stditeme06252010.pdf#page=103;item=4502.18
ne_ndot_catalog_4502.24,ne_ndot_4502.24,4502.24,"24"" ROUND EQUIVALENT REINFORCED CONCRETE PIPE CLASS V",LIN FT,LF,07,,current,ne_ndot_english_standard_item_list_2010,103,stditeme06252010.pdf#page=103;item=4502.24
ne_ndot_catalog_4502.54,ne_ndot_4502.54,4502.54,"54"" ROUND EQUIVALENT REINFORCED CONCRETE PIPE CLASS V",LIN FT,LF,07,,current,ne_ndot_english_standard_item_list_2010,103,stditeme06252010.pdf#page=103;item=4502.54
ne_ndot_catalog_4503.84,ne_ndot_4503.84,4503.84,"84"" ROUND EQUIVALENT REINFORCED CONCRETE PIPE CLASS V",LIN FT,LF,07,,current,ne_ndot_english_standard_item_list_2010,103,stditeme06252010.pdf#page=103;item=4503.84
ne_ndot_catalog_4510.15,ne_ndot_4510.15,4510.15,"15"" ROUND EQUIVALENT CONCRETE FLARED-END SECTION",EACH,EACH,07,724.00,current,ne_ndot_english_standard_item_list_2010,103,stditeme06252010.pdf#page=103;item=4510.15
ne_ndot_catalog_4510.18,ne_ndot_4510.18,4510.18,"18"" ROUND EQUIVALENT CONCRETE FLARED-END SECTION",EACH,EACH,07,724.00,current,ne_ndot_english_standard_item_list_2010,103,stditeme06252010.pdf#page=103;item=4510.18
ne_ndot_catalog_4510.24,ne_ndot_4510.24,4510.24,"24"" ROUND EQUIVALENT CONCRETE FLARED-END SECTION",EACH,EACH,07,724.00,current,ne_ndot_english_standard_item_list_2010,103,stditeme06252010.pdf#page=103;item=4510.24
ne_ndot_catalog_4510.30,ne_ndot_4510.30,4510.30,"30"" ROUND EQUIVALENT CONCRETE FLARED-END SECTION",EACH,EACH,07,724.00,current,ne_ndot_english_standard_item_list_2010,103,stditeme06252010.pdf#page=103;item=4510.30
ne_ndot_catalog_4510.36,ne_ndot_4510.36,4510.36,"36"" ROUND EQUIVALENT CONCRETE FLARED-END SECTION",EACH,EACH,07,724.00,current,ne_ndot_english_standard_item_list_2010,103,stditeme06252010.pdf#page=103;item=4510.36
ne_ndot_catalog_4510.42,ne_ndot_4510.42,4510.42,"42"" ROUND EQUIVALENT CONCRETE FLARED-END SECTION",EACH,EACH,07,724.00,current,ne_ndot_english_standard_item_list_2010,103,stditeme06252010.pdf#page=103;item=4510.42
ne_ndot_catalog_4510.48,ne_ndot_4510.48,4510.48,"48"" ROUND EQUIVALENT CONCRETE FLARED-END SECTION",EACH,EACH,07,724.00,current,ne_ndot_english_standard_item_list_2010,103,stditeme06252010.pdf#page=103;item=4510.48
ne_ndot_catalog_4510.54,ne_ndot_4510.54,4510.54,"54"" ROUND EQUIVALENT CONCRETE FLARED-END SECTION",EACH,EACH,07,724.00,current,ne_ndot_english_standard_item_list_2010,103,stditeme06252010.pdf#page=103;item=4510.54
ne_ndot_catalog_4510.60,ne_ndot_4510.60,4510.60,"60"" ROUND EQUIVALENT CONCRETE FLARED-END SECTION",EACH,EACH,07,724.00,current,ne_ndot_english_standard_item_list_2010,103,stditeme06252010.pdf#page=103;item=4510.60
ne_ndot_catalog_4510.66,ne_ndot_4510.66,4510.66,"66"" ROUND EQUIVALENT CONCRETE FLARED-END SECTION",EACH,EACH,07,724.00,current,ne_ndot_english_standard_item_list_2010,104,stditeme06252010.pdf#page=104;item=4510.66
ne_ndot_catalog_4510.72,ne_ndot_4510.72,4510.72,"72"" ROUND EQUIVALENT CONCRETE FLARED-END SECTION",EACH,EACH,07,724.00,current,ne_ndot_english_standard_item_list_2010,104,stditeme06252010.pdf#page=104;item=4510.72
ne_ndot_catalog_4600.08,ne_ndot_4600.08,4600.08,"8"" REINFORCED CONCRETE SEWER PIPE",LIN FT,LF,07,722.00,current,ne_ndot_english_standard_item_list_2010,104,stditeme06252010.pdf#page=104;item=4600.08
ne_ndot_catalog_4600.10,ne_ndot_4600.10,4600.10,"10"" REINFORCED CONCRETE SEWER PIPE",LIN FT,LF,07,722.00,current,ne_ndot_english_standard_item_list_2010,104,stditeme06252010.pdf#page=104;item=4600.10
ne_ndot_catalog_4600.12,ne_ndot_4600.12,4600.12,"12"" REINFORCED CONCRETE SEWER PIPE",LIN FT,LF,07,722.00,current,ne_ndot_english_standard_item_list_2010,104,stditeme06252010.pdf#page=104;item=4600.12
ne_ndot_catalog_4600.15,ne_ndot_4600.15,4600.15,"15"" REINFORCED CONCRETE SEWER PIPE",LIN FT,LF,07,722.00,current,ne_ndot_english_standard_item_list_2010,104,stditeme06252010.pdf#page=104;item=4600.15
ne_ndot_catalog_4600.18,ne_ndot_4600.18,4600.18,"18"" REINFORCED CONCRETE SEWER PIPE",LIN FT,LF,07,722.00,current,ne_ndot_english_standard_item_list_2010,104,stditeme06252010.pdf#page=104;item=4600.18
ne_ndot_catalog_4600.21,ne_ndot_4600.21,4600.21,"21"" REINFORCED CONCRETE SEWER PIPE",LIN FT,LF,07,722.00,current,ne_ndot_english_standard_item_list_2010,104,stditeme06252010.pdf#page=104;item=4600.21
ne_ndot_catalog_4600.24,ne_ndot_4600.24,4600.24,"24"" REINFORCED CONCRETE SEWER PIPE",LIN FT,LF,07,722.00,current,ne_ndot_english_standard_item_list_2010,104,stditeme06252010.pdf#page=104;item=4600.24
ne_ndot_catalog_4600.27,ne_ndot_4600.27,4600.27,"27"" REINFORCED CONCRETE SEWER PIPE",LIN FT,LF,07,722.00,current,ne_ndot_english_standard_item_list_2010,104,stditeme06252010.pdf#page=104;item=4600.27
ne_ndot_catalog_4600.30,ne_ndot_4600.30,4600.30,"30"" REINFORCED CONCRETE SEWER PIPE",LIN FT,LF,07,722.00,current,ne_ndot_english_standard_item_list_2010,104,stditeme06252010.pdf#page=104;item=4600.30
ne_ndot_catalog_4600.33,ne_ndot_4600.33,4600.33,"33"" REINFORCED CONCRETE SEWER PIPE",LIN FT,LF,07,722.00,current,ne_ndot_english_standard_item_list_2010,104,stditeme06252010.pdf#page=104;item=4600.33
ne_ndot_catalog_4600.36,ne_ndot_4600.36,4600.36,"36"" REINFORCED CONCRETE SEWER PIPE",LIN FT,LF,07,722.00,current,ne_ndot_english_standard_item_list_2010,104,stditeme06252010.pdf#page=104;item=4600.36
ne_ndot_catalog_4600.42,ne_ndot_4600.42,4600.42,"42"" REINFORCED CONCRETE SEWER PIPE",LIN FT,LF,07,722.00,current,ne_ndot_english_standard_item_list_2010,104,stditeme06252010.pdf#page=104;item=4600.42
ne_ndot_catalog_4600.48,ne_ndot_4600.48,4600.48,"48"" REINFORCED CONCRETE SEWER PIPE",LIN FT,LF,07,722.00,current,ne_ndot_english_standard_item_list_2010,104,stditeme06252010.pdf#page=104;item=4600.48
ne_ndot_catalog_4600.54,ne_ndot_4600.54,4600.54,"54"" REINFORCED CONCRETE SEWER PIPE",LIN FT,LF,07,722.00,current,ne_ndot_english_standard_item_list_2010,104,stditeme06252010.pdf#page=104;item=4600.54
ne_ndot_catalog_4600.60,ne_ndot_4600.60,4600.60,"60"" REINFORCED CONCRETE SEWER PIPE",LIN FT,LF,07,722.00,current,ne_ndot_english_standard_item_list_2010,104,stditeme06252010.pdf#page=104;item=4600.60
ne_ndot_catalog_4600.66,ne_ndot_4600.66,4600.66,"66"" REINFORCED CONCRETE SEWER PIPE",LIN FT,LF,07,722.00,current,ne_ndot_english_standard_item_list_2010,104,stditeme06252010.pdf#page=104;item=4600.66
ne_ndot_catalog_4600.72,ne_ndot_4600.72,4600.72,"72"" REINFORCED CONCRETE SEWER PIPE",LIN FT,LF,07,722.00,current,ne_ndot_english_standard_item_list_2010,104,stditeme06252010.pdf#page=104;item=4600.72
ne_ndot_catalog_4600.78,ne_ndot_4600.78,4600.78,"78"" REINFORCED CONCRETE SEWER PIPE",LIN FT,LF,07,722.00,current,ne_ndot_english_standard_item_list_2010,105,stditeme06252010.pdf#page=105;item=4600.78
ne_ndot_catalog_4600.84,ne_ndot_4600.84,4600.84,"84"" REINFORCED CONCRETE SEWER PIPE",LIN FT,LF,07,722.00,current,ne_ndot_english_standard_item_list_2010,105,stditeme06252010.pdf#page=105;item=4600.84
ne_ndot_catalog_4600.90,ne_ndot_4600.90,4600.90,"90"" REINFORCED CONCRETE SEWER PIPE",LIN FT,LF,07,722.00,current,ne_ndot_english_standard_item_list_2010,105,stditeme06252010.pdf#page=105;item=4600.90
ne_ndot_catalog_4600.96,ne_ndot_4600.96,4600.96,"96"" REINFORCED CONCRETE SEWER PIPE",LIN FT,LF,07,722.00,current,ne_ndot_english_standard_item_list_2010,105,stditeme06252010.pdf#page=105;item=4600.96
ne_ndot_catalog_4601.02,ne_ndot_4601.02,4601.02,"102"" REINFORCED CONCRETE SEWER PIPE",LIN FT,LF,07,722.00,current,ne_ndot_english_standard_item_list_2010,105,stditeme06252010.pdf#page=105;item=4601.02
ne_ndot_catalog_4601.08,ne_ndot_4601.08,4601.08,"108"" REINFORCED CONCRETE SEWER PIPE",LIN FT,LF,07,722.00,current,ne_ndot_english_standard_item_list_2010,105,stditeme06252010.pdf#page=105;item=4601.08
ne_ndot_catalog_4601.09,ne_ndot_4601.09,4601.09,"114"" REINFORCED CONCRETE SEWER PIPE",LIN FT,LF,07,722.00,current,ne_ndot_english_standard_item_list_2010,105,stditeme06252010.pdf#page=105;item=4601.09
ne_ndot_catalog_4601.10,ne_ndot_4601.10,4601.10,"120"" REINFORCED CONCRETE SEWER PIPE",LIN FT,LF,07,722.00,current,ne_ndot_english_standard_item_list_2010,105,stditeme06252010.pdf#page=105;item=4601.10
ne_ndot_catalog_4601.15,ne_ndot_4601.15,4601.15,"15"" REINFORCED CONCRETE SEWER PIPE CLASS IV",LIN FT,LF,07,,current,ne_ndot_english_standard_item_list_2010,105,stditeme06252010.pdf#page=105;item=4601.15
ne_ndot_catalog_4601.18,ne_ndot_4601.18,4601.18,"18"" REINFORCED CONCRETE SEWER PIPE CLASS IV",LIN FT,LF,07,,current,ne_ndot_english_standard_item_list_2010,105,stditeme06252010.pdf#page=105;item=4601.18
ne_ndot_catalog_4601.21,ne_ndot_4601.21,4601.21,"21"" REINFORCED CONCRETE SEWER PIPE CLASS IV",LIN FT,LF,07,,current,ne_ndot_english_standard_item_list_2010,105,stditeme06252010.pdf#page=105;item=4601.21
ne_ndot_catalog_4601.24,ne_ndot_4601.24,4601.24,"24"" REINFORCED CONCRETE SEWER PIPE CLASS IV",LIN FT,LF,07,,current,ne_ndot_english_standard_item_list_2010,105,stditeme06252010.pdf#page=105;item=4601.24
ne_ndot_catalog_4601.27,ne_ndot_4601.27,4601.27,"27"" REINFORCED CONCRETE SEWER PIPE CLASS IV",LIN FT,LF,07,,current,ne_ndot_english_standard_item_list_2010,105,stditeme06252010.pdf#page=105;item=4601.27
ne_ndot_catalog_4601.30,ne_ndot_4601.30,4601.30,"30"" REINFORCED CONCRETE SEWER PIPE CLASS IV",LIN FT,LF,07,,current,ne_ndot_english_standard_item_list_2010,105,stditeme06252010.pdf#page=105;item=4601.30
ne_ndot_catalog_4601.36,ne_ndot_4601.36,4601.36,"36"" REINFORCED CONCRETE SEWER PIPE CLASS IV",LIN FT,LF,07,,current,ne_ndot_english_standard_item_list_2010,105,stditeme06252010.pdf#page=105;item=4601.36
ne_ndot_catalog_4601.42,ne_ndot_4601.42,4601.42,"42"" REINFORCED CONCRETE SEWER PIPE CLASS IV",LIN FT,LF,07,,current,ne_ndot_english_standard_item_list_2010,105,stditeme06252010.pdf#page=105;item=4601.42
ne_ndot_catalog_4601.48,ne_ndot_4601.48,4601.48,"48"" REINFORCED CONCRETE SEWER PIPE CLASS IV",LIN FT,LF,07,,current,ne_ndot_english_standard_item_list_2010,105,stditeme06252010.pdf#page=105;item=4601.48
ne_ndot_catalog_4601.54,ne_ndot_4601.54,4601.54,"54"" REINFORCED CONCRETE SEWER PIPE CLASS IV",LIN FT,LF,07,,current,ne_ndot_english_standard_item_list_2010,105,stditeme06252010.pdf#page=105;item=4601.54
ne_ndot_catalog_4601.60,ne_ndot_4601.60,4601.60,"60"" REINFORCED CONCRETE SEWER PIPE CLASS IV",LIN FT,LF,07,,current,ne_ndot_english_standard_item_list_2010,105,stditeme06252010.pdf#page=105;item=4601.60
ne_ndot_catalog_4601.72,ne_ndot_4601.72,4601.72,"72"" REINFORCED CONCRETE SEWER PIPE CLASS IV",LIN FT,LF,07,,current,ne_ndot_english_standard_item_list_2010,106,stditeme06252010.pdf#page=106;item=4601.72
ne_ndot_catalog_4601.84,ne_ndot_4601.84,4601.84,"84"" REINFORCED CONCRETE SEWER PIPE CLASS IV",LIN FT,LF,07,,current,ne_ndot_english_standard_item_list_2010,106,stditeme06252010.pdf#page=106;item=4601.84
ne_ndot_catalog_4601.96,ne_ndot_4601.96,4601.96,"96"" REINFORCED CONCRETE SEWER PIPE CLASS IV",LIN FT,LF,07,,current,ne_ndot_english_standard_item_list_2010,106,stditeme06252010.pdf#page=106;item=4601.96
ne_ndot_catalog_4602.02,ne_ndot_4602.02,4602.02,"102"" REINFORCED CONCRETE SEWER PIPE CLASS IV",LIN FT,LF,07,,current,ne_ndot_english_standard_item_list_2010,106,stditeme06252010.pdf#page=106;item=4602.02
ne_ndot_catalog_4602.12,ne_ndot_4602.12,4602.12,"12"" REINFORCED CONCRETE SEWER PIPE CLASS V",LIN FT,LF,07,,current,ne_ndot_english_standard_item_list_2010,106,stditeme06252010.pdf#page=106;item=4602.12
ne_ndot_catalog_4602.15,ne_ndot_4602.15,4602.15,"15"" REINFORCED CONCRETE SEWER PIPE CLASS V",LIN FT,LF,07,,current,ne_ndot_english_standard_item_list_2010,106,stditeme06252010.pdf#page=106;item=4602.15
ne_ndot_catalog_4602.18,ne_ndot_4602.18,4602.18,"18"" REINFORCED CONCRETE SEWER PIPE CLASS V",LIN FT,LF,07,,current,ne_ndot_english_standard_item_list_2010,106,stditeme06252010.pdf#page=106;item=4602.18
ne_ndot_catalog_4602.21,ne_ndot_4602.21,4602.21,"21"" REINFORCED CONCRETE SEWER PIPE CLASS V",LIN FT,LF,07,,current,ne_ndot_english_standard_item_list_2010,106,stditeme06252010.pdf#page=106;item=4602.21
ne_ndot_catalog_4602.24,ne_ndot_4602.24,4602.24,"24"" REINFORCED CONCRETE SEWER PIPE CLASS V",LIN FT,LF,07,,current,ne_ndot_english_standard_item_list_2010,106,stditeme06252010.pdf#page=106;item=4602.24
ne_ndot_catalog_4602.30,ne_ndot_4602.30,4602.30,"30"" REINFORCED CONCRETE SEWER PIPE CLASS V",LIN FT,LF,07,,current,ne_ndot_english_standard_item_list_2010,106,stditeme06252010.pdf#page=106;item=4602.30
ne_ndot_catalog_4602.36,ne_ndot_4602.36,4602.36,"36"" REINFORCED CONCRETE SEWER PIPE CLASS V",LIN FT,LF,07,,current,ne_ndot_english_standard_item_list_2010,106,stditeme06252010.pdf#page=106;item=4602.36
ne_ndot_catalog_4602.42,ne_ndot_4602.42,4602.42,"42"" REINFORCED CONCRETE SEWER PIPE CLASS V",LIN FT,LF,07,,current,ne_ndot_english_standard_item_list_2010,106,stditeme06252010.pdf#page=106;item=4602.42
ne_ndot_catalog_4602.48,ne_ndot_4602.48,4602.48,"48"" REINFORCED CONCRETE SEWER PIPE CLASS V",LIN FT,LF,07,,current,ne_ndot_english_standard_item_list_2010,106,stditeme06252010.pdf#page=106;item=4602.48
ne_ndot_catalog_4602.54,ne_ndot_4602.54,4602.54,"54"" REINFORCED CONCRETE SEWER PIPE CLASS V",LIN FT,LF,07,,current,ne_ndot_english_standard_item_list_2010,106,stditeme06252010.pdf#page=106;item=4602.54
ne_ndot_catalog_4602.60,ne_ndot_4602.60,4602.60,"60"" REINFORCED CONCRETE SEWER PIPE CLASS V",LIN FT,LF,07,,current,ne_ndot_english_standard_item_list_2010,106,stditeme06252010.pdf#page=106;item=4602.60
ne_ndot_catalog_4602.72,ne_ndot_4602.72,4602.72,"72"" REINFORCED CONCRETE SEWER PIPE CLASS V",LIN FT,LF,07,,current,ne_ndot_english_standard_item_list_2010,106,stditeme06252010.pdf#page=106;item=4602.72
ne_ndot_catalog_4602.84,ne_ndot_4602.84,4602.84,"84"" REINFORCED CONCRETE SEWER PIPE CLASS V",LIN FT,LF,07,,current,ne_ndot_english_standard_item_list_2010,106,stditeme06252010.pdf#page=106;item=4602.84
ne_ndot_catalog_4603.02,ne_ndot_4603.02,4603.02,"102"" REINFORCED CONCRETE SEWER PIPE CLASS V",LIN FT,LF,07,,current,ne_ndot_english_standard_item_list_2010,106,stditeme06252010.pdf#page=106;item=4603.02
ne_ndot_catalog_4605.15,ne_ndot_4605.15,4605.15,"15"" ROUND EQUIVALENT REINFORCED CONCRETE SEWER PIPE",LIN FT,LF,07,722.00,current,ne_ndot_english_standard_item_list_2010,106,stditeme06252010.pdf#page=106;item=4605.15
ne_ndot_catalog_4605.18,ne_ndot_4605.18,4605.18,"18"" ROUND EQUIVALENT REINFORCED CONCRETE SEWER PIPE",LIN FT,LF,07,722.00,current,ne_ndot_english_standard_item_list_2010,107,stditeme06252010.pdf#page=107;item=4605.18
ne_ndot_catalog_4605.21,ne_ndot_4605.21,4605.21,"21"" ROUND EQUIVALENT REINFORCED CONCRETE SEWER PIPE",LIN FT,LF,07,722.00,current,ne_ndot_english_standard_item_list_2010,107,stditeme06252010.pdf#page=107;item=4605.21
ne_ndot_catalog_4605.24,ne_ndot_4605.24,4605.24,"24"" ROUND EQUIVALENT REINFORCED CONCRETE SEWER PIPE",LIN FT,LF,07,722.00,current,ne_ndot_english_standard_item_list_2010,107,stditeme06252010.pdf#page=107;item=4605.24
ne_ndot_catalog_4605.27,ne_ndot_4605.27,4605.27,"27"" ROUND EQUIVALENT REINFORCED CONCRETE SEWER PIPE",LIN FT,LF,07,722.00,current,ne_ndot_english_standard_item_list_2010,107,stditeme06252010.pdf#page=107;item=4605.27
ne_ndot_catalog_4605.30,ne_ndot_4605.30,4605.30,"30"" ROUND EQUIVALENT REINFORCED CONCRETE SEWER PIPE",LIN FT,LF,07,722.00,current,ne_ndot_english_standard_item_list_2010,107,stditeme06252010.pdf#page=107;item=4605.30
ne_ndot_catalog_4605.36,ne_ndot_4605.36,4605.36,"36"" ROUND EQUIVALENT REINFORCED CONCRETE SEWER PIPE",LIN FT,LF,07,722.00,current,ne_ndot_english_standard_item_list_2010,107,stditeme06252010.pdf#page=107;item=4605.36
ne_ndot_catalog_4605.39,ne_ndot_4605.39,4605.39,"39"" ROUND EQUIVALENT REINFORCED CONCRETE SEWER PIPE",LIN FT,LF,07,,current,ne_ndot_english_standard_item_list_2010,107,stditeme06252010.pdf#page=107;item=4605.39
ne_ndot_catalog_4605.42,ne_ndot_4605.42,4605.42,"42"" ROUND EQUIVALENT REINFORCED CONCRETE SEWER PIPE",LIN FT,LF,07,722.00,current,ne_ndot_english_standard_item_list_2010,107,stditeme06252010.pdf#page=107;item=4605.42
ne_ndot_catalog_4605.48,ne_ndot_4605.48,4605.48,"48"" ROUND EQUIVALENT REINFORCED CONCRETE SEWER PIPE",LIN FT,LF,07,722.00,current,ne_ndot_english_standard_item_list_2010,107,stditeme06252010.pdf#page=107;item=4605.48
ne_ndot_catalog_4605.54,ne_ndot_4605.54,4605.54,"48"" ROUND EQUIVALENT REINFORCED CONCRETE SEWER PIPE",LIN FT,LF,07,722.00,current,ne_ndot_english_standard_item_list_2010,107,stditeme06252010.pdf#page=107;item=4605.54
ne_ndot_catalog_4605.60,ne_ndot_4605.60,4605.60,"60"" ROUND EQUIVALENT REINFORCED CONCRETE SEWER PIPE",LIN FT,LF,07,722.00,current,ne_ndot_english_standard_item_list_2010,107,stditeme06252010.pdf#page=107;item=4605.60
ne_ndot_catalog_4605.66,ne_ndot_4605.66,4605.66,"66"" ROUND EQUIVALENT REINFORCED CONCRETE SEWER PIPE",LIN FT,LF,07,722.00,current,ne_ndot_english_standard_item_list_2010,107,stditeme06252010.pdf#page=107;item=4605.66
ne_ndot_catalog_4605.72,ne_ndot_4605.72,4605.72,"72"" ROUND EQUIVALENT REINFORCED CONCRETE SEWER PIPE",LIN FT,LF,07,722.00,current,ne_ndot_english_standard_item_list_2010,107,stditeme06252010.pdf#page=107;item=4605.72
ne_ndot_catalog_4605.78,ne_ndot_4605.78,4605.78,"78"" ROUND EQUIVALENT REINFORCED CONCRETE SEWER PIPE",LIN FT,LF,07,722.00,current,ne_ndot_english_standard_item_list_2010,107,stditeme06252010.pdf#page=107;item=4605.78
ne_ndot_catalog_4605.84,ne_ndot_4605.84,4605.84,"84"" ROUND EQUIVALENT REINFORCED CONCRETE SEWER PIPE",LIN FT,LF,07,722.00,current,ne_ndot_english_standard_item_list_2010,107,stditeme06252010.pdf#page=107;item=4605.84
ne_ndot_catalog_4605.90,ne_ndot_4605.90,4605.90,"90"" ROUND EQUIVALENT REINFORCED CONCRETE SEWER PIPE",LIN FT,LF,07,722.00,current,ne_ndot_english_standard_item_list_2010,107,stditeme06252010.pdf#page=107;item=4605.90
ne_ndot_catalog_4605.99,ne_ndot_4605.99,4605.99,"INSTALL 54"" ROUND EQUIVALENT REINFORCED CONCRETE SEWER PIPE",LIN FT,LF,07,,current,ne_ndot_english_standard_item_list_2010,107,stditeme06252010.pdf#page=107;item=4605.99
ne_ndot_catalog_4610.18,ne_ndot_4610.18,4610.18,"18"" ROUND EQUIVALENT REINFORCED CONCRETE SEWER PIPE CLASS IV",LIN FT,LF,07,,current,ne_ndot_english_standard_item_list_2010,107,stditeme06252010.pdf#page=107;item=4610.18
ne_ndot_catalog_4610.30,ne_ndot_4610.30,4610.30,"30"" ROUND EQUIVALENT REINFORCED CONCRETE SEWER PIPE CLASS IV",LIN FT,LF,07,,current,ne_ndot_english_standard_item_list_2010,107,stditeme06252010.pdf#page=107;item=4610.30
ne_ndot_catalog_4610.42,ne_ndot_4610.42,4610.42,"42"" ROUND EQUIVALENT REINFORCED CONCRETE SEWER PIPE CLASS IV",LIN FT,LF,07,,current,ne_ndot_english_standard_item_list_2010,108,stditeme06252010.pdf#page=108;item=4610.42
ne_ndot_catalog_4610.54,ne_ndot_4610.54,4610.54,"54"" ROUND EQUIVALENT REINFORCED CONCRETE SEWER PIPE CLASS IV",LIN FT,LF,07,,current,ne_ndot_english_standard_item_list_2010,108,stditeme06252010.pdf#page=108;item=4610.54
ne_ndot_catalog_4615.48,ne_ndot_4615.48,4615.48,"48"" ROUND EQUIVALENT REINFORCED CONCRETE SEWER PIPE CLASS V",LIN FT,LF,07,,current,ne_ndot_english_standard_item_list_2010,108,stditeme06252010.pdf#page=108;item=4615.48
ne_ndot_catalog_4615.54,ne_ndot_4615.54,4615.54,"54"" ROUND EQUIVALENT REINFORCED CONCRETE SEWER PIPE CLASS V",LIN FT,LF,07,,current,ne_ndot_english_standard_item_list_2010,108,stditeme06252010.pdf#page=108;item=4615.54
ne_ndot_catalog_4615.60,ne_ndot_4615.60,4615.60,"60"" ROUND EQUIVALENT REINFORCED CONCRETE SEWER PIPE CLASS V",LIN FT,LF,07,,current,ne_ndot_english_standard_item_list_2010,108,stditeme06252010.pdf#page=108;item=4615.60
ne_ndot_catalog_4655.12,ne_ndot_4655.12,4655.12,"12"" SEWER PIPE",LIN FT,LF,07,722.00,current,ne_ndot_english_standard_item_list_2010,108,stditeme06252010.pdf#page=108;item=4655.12
ne_ndot_catalog_4660.18,ne_ndot_4660.18,4660.18,"18"" REINFORCED CONCRETE SLOTTED PIPE",LIN FT,LF,07,720.00,current,ne_ndot_english_standard_item_list_2010,108,stditeme06252010.pdf#page=108;item=4660.18
ne_ndot_catalog_4660.24,ne_ndot_4660.24,4660.24,"24"" REINFORCED CONCRETE SLOTTED PIPE",LIN FT,LF,07,720.00,current,ne_ndot_english_standard_item_list_2010,108,stditeme06252010.pdf#page=108;item=4660.24
ne_ndot_catalog_4670.00,ne_ndot_4670.00,4670.00,CULVERT SANDFILL,LIN FT,LF,07,,current,ne_ndot_english_standard_item_list_2010,108,stditeme06252010.pdf#page=108;item=4670.00
ne_ndot_catalog_4670.05,ne_ndot_4670.05,4670.05,CULVERT SANDFILL,CU YD,CY,07,726.00,current,ne_ndot_english_standard_item_list_2010,108,stditeme06252010.pdf#page=108;item=4670.05
ne_ndot_catalog_4674.75,ne_ndot_4674.75,4674.75,"4"" P.V.C. SEWER PIPE",LIN FT,LF,07,722.00,current,ne_ndot_english_standard_item_list_2010,108,stditeme06252010.pdf#page=108;item=4674.75
ne_ndot_catalog_4674.78,ne_ndot_4674.78,4674.78,"8"" P.V.C. SEWER PIPE",LIN FT,LF,07,722.00,current,ne_ndot_english_standard_item_list_2010,108,stditeme06252010.pdf#page=108;item=4674.78
ne_ndot_catalog_4674.82,ne_ndot_4674.82,4674.82,"12"" P.V.C. SEWER PIPE",LIN FT,LF,07,722.00,current,ne_ndot_english_standard_item_list_2010,108,stditeme06252010.pdf#page=108;item=4674.82
ne_ndot_catalog_4680.12,ne_ndot_4680.12,4680.12,"12"" CORRUGATED METAL SLOTTED PIPE",LIN FT,LF,07,719.00,current,ne_ndot_english_standard_item_list_2010,108,stditeme06252010.pdf#page=108;item=4680.12
ne_ndot_catalog_4680.15,ne_ndot_4680.15,4680.15,"15"" CORRUGATED METAL SLOTTED PIPE",LIN FT,LF,07,719.00,current,ne_ndot_english_standard_item_list_2010,108,stditeme06252010.pdf#page=108;item=4680.15
ne_ndot_catalog_4680.18,ne_ndot_4680.18,4680.18,"18"" CORRUGATED METAL SLOTTED PIPE",LIN FT,LF,07,719.00,current,ne_ndot_english_standard_item_list_2010,108,stditeme06252010.pdf#page=108;item=4680.18
ne_ndot_catalog_4680.24,ne_ndot_4680.24,4680.24,"24"" CORRUGATED METAL SLOTTED PIPE",LIN FT,LF,07,719.00,current,ne_ndot_english_standard_item_list_2010,108,stditeme06252010.pdf#page=108;item=4680.24
ne_ndot_catalog_4680.36,ne_ndot_4680.36,4680.36,"36"" CORRUGATED METAL SLOTTED PIPE",LIN FT,LF,07,719.00,current,ne_ndot_english_standard_item_list_2010,108,stditeme06252010.pdf#page=108;item=4680.36
ne_ndot_catalog_4700.12,ne_ndot_4700.12,4700.12,"12"" CLAY SEWER PIPE",LIN FT,LF,07,,current,ne_ndot_english_standard_item_list_2010,108,stditeme06252010.pdf#page=108;item=4700.12
ne_ndot_catalog_4730.04,ne_ndot_4730.04,4730.04,"4"" SEWER PIPE",LIN FT,LF,07,722.00,current,ne_ndot_english_standard_item_list_2010,109,stditeme06252010.pdf#page=109;item=4730.04
ne_ndot_catalog_4730.06,ne_ndot_4730.06,4730.06,"6"" SEWER PIPE",LIN FT,LF,07,722.00,current,ne_ndot_english_standard_item_list_2010,109,stditeme06252010.pdf#page=109;item=4730.06
ne_ndot_catalog_4730.08,ne_ndot_4730.08,4730.08,"8"" SEWER PIPE",LIN FT,LF,07,722.00,current,ne_ndot_english_standard_item_list_2010,109,stditeme06252010.pdf#page=109;item=4730.08
ne_ndot_catalog_4730.12,ne_ndot_4730.12,4730.12,"12"" SEWER PIPE",LIN FT,LF,07,722.00,current,ne_ndot_english_standard_item_list_2010,109,stditeme06252010.pdf#page=109;item=4730.12
ne_ndot_catalog_4730.15,ne_ndot_4730.15,4730.15,"15"" SEWER PIPE",LIN FT,LF,07,722.00,current,ne_ndot_english_standard_item_list_2010,109,stditeme06252010.pdf#page=109;item=4730.15
ne_ndot_catalog_4730.18,ne_ndot_4730.18,4730.18,"18"" SEWER PIPE",LIN FT,LF,07,722.00,current,ne_ndot_english_standard_item_list_2010,109,stditeme06252010.pdf#page=109;item=4730.18
ne_ndot_catalog_4730.24,ne_ndot_4730.24,4730.24,"24"" SEWER PIPE",LIN FT,LF,07,722.00,current,ne_ndot_english_standard_item_list_2010,109,stditeme06252010.pdf#page=109;item=4730.24
ne_ndot_catalog_4730.30,ne_ndot_4730.30,4730.30,"30"" SEWER PIPE",LIN FT,LF,07,722.00,current,ne_ndot_english_standard_item_list_2010,109,stditeme06252010.pdf#page=109;item=4730.30
ne_ndot_catalog_4730.48,ne_ndot_4730.48,4730.48,"48"" SEWER PIPE",LIN FT,LF,07,722.00,current,ne_ndot_english_standard_item_list_2010,109,stditeme06252010.pdf#page=109;item=4730.48
ne_ndot_catalog_4731.04,ne_ndot_4731.04,4731.04,"4"" SANITARY SEWER PIPE",LIN FT,LF,07,,current,ne_ndot_english_standard_item_list_2010,109,stditeme06252010.pdf#page=109;item=4731.04
ne_ndot_catalog_4731.06,ne_ndot_4731.06,4731.06,"6"" SANITARY SEWER PIPE",LIN FT,LF,07,722.00,current,ne_ndot_english_standard_item_list_2010,109,stditeme06252010.pdf#page=109;item=4731.06
ne_ndot_catalog_4731.08,ne_ndot_4731.08,4731.08,"8"" SANITARY SEWER PIPE",LIN FT,LF,07,722.00,current,ne_ndot_english_standard_item_list_2010,109,stditeme06252010.pdf#page=109;item=4731.08
ne_ndot_catalog_4731.10,ne_ndot_4731.10,4731.10,"10"" SANITARY SEWER PIPE",LIN FT,LF,07,722.00,current,ne_ndot_english_standard_item_list_2010,109,stditeme06252010.pdf#page=109;item=4731.10
ne_ndot_catalog_4731.12,ne_ndot_4731.12,4731.12,"12"" SANITARY SEWER PIPE",LIN FT,LF,07,722.00,current,ne_ndot_english_standard_item_list_2010,109,stditeme06252010.pdf#page=109;item=4731.12
ne_ndot_catalog_4731.13,ne_ndot_4731.13,4731.13,"15"" SANITARY SEWER PIPE",LIN FT,LF,07,722.00,current,ne_ndot_english_standard_item_list_2010,109,stditeme06252010.pdf#page=109;item=4731.13
ne_ndot_catalog_4731.14,ne_ndot_4731.14,4731.14,PILOT TUBE MICRO TUNNELING,LIN FT,LF,07,722.00,current,ne_ndot_english_standard_item_list_2010,109,stditeme06252010.pdf#page=109;item=4731.14
ne_ndot_catalog_4731.15,ne_ndot_4731.15,4731.15,"15"" STORM SEWER PIPE",LIN FT,LF,07,722.00,current,ne_ndot_english_standard_item_list_2010,109,stditeme06252010.pdf#page=109;item=4731.15
ne_ndot_catalog_4731.18,ne_ndot_4731.18,4731.18,"18"" STORM SEWER PIPE",LIN FT,LF,07,,current,ne_ndot_english_standard_item_list_2010,109,stditeme06252010.pdf#page=109;item=4731.18
ne_ndot_catalog_4731.36,ne_ndot_4731.36,4731.36,"36"" STORM SEWER PIPE",LIN FT,LF,07,722.00,current,ne_ndot_english_standard_item_list_2010,109,stditeme06252010.pdf#page=109;item=4731.36
ne_ndot_catalog_4732.04,ne_ndot_4732.04,4732.04,"4"" P.V.C. SANITARY SEWER PIPE",LIN FT,LF,07,,current,ne_ndot_english_standard_item_list_2010,110,stditeme06252010.pdf#page=110;item=4732.04
ne_ndot_catalog_4732.06,ne_ndot_4732.06,4732.06,"6"" P.V.C. SANITARY SEWER PIPE",LIN FT,LF,07,,current,ne_ndot_english_standard_item_list_2010,110,stditeme06252010.pdf#page=110;item=4732.06
ne_ndot_catalog_4732.08,ne_ndot_4732.08,4732.08,"8"" P.V.C. SANITARY SEWER PIPE",LIN FT,LF,07,,current,ne_ndot_english_standard_item_list_2010,110,stditeme06252010.pdf#page=110;item=4732.08
ne_ndot_catalog_4732.15,ne_ndot_4732.15,4732.15,"15"" P.V.C. SANITARY SEWER PIPE",LIN FT,LF,07,,current,ne_ndot_english_standard_item_list_2010,110,stditeme06252010.pdf#page=110;item=4732.15
ne_ndot_catalog_4732.27,ne_ndot_4732.27,4732.27,"27"" P.V.C. SANITARY SEWER PIPE",LIN FT,LF,07,,current,ne_ndot_english_standard_item_list_2010,110,stditeme06252010.pdf#page=110;item=4732.27
ne_ndot_catalog_4740.00,ne_ndot_4740.00,4740.00,"2"" P.V.C. FORCE MAIN",LIN FT,LF,07,,current,ne_ndot_english_standard_item_list_2010,110,stditeme06252010.pdf#page=110;item=4740.00
ne_ndot_catalog_4760.02,ne_ndot_4760.02,4760.02,"2"" CAST IRON PIPE",LIN FT,LF,07,,current,ne_ndot_english_standard_item_list_2010,110,stditeme06252010.pdf#page=110;item=4760.02
ne_ndot_catalog_4760.03,ne_ndot_4760.03,4760.03,"3"" CAST IRON PIPE",LIN FT,LF,07,,current,ne_ndot_english_standard_item_list_2010,110,stditeme06252010.pdf#page=110;item=4760.03
ne_ndot_catalog_4760.04,ne_ndot_4760.04,4760.04,"4"" CAST IRON PIPE",LIN FT,LF,07,,current,ne_ndot_english_standard_item_list_2010,110,stditeme06252010.pdf#page=110;item=4760.04
ne_ndot_catalog_4760.05,ne_ndot_4760.05,4760.05,"5"" CAST IRON PIPE",LIN FT,LF,07,,current,ne_ndot_english_standard_item_list_2010,110,stditeme06252010.pdf#page=110;item=4760.05
ne_ndot_catalog_4760.06,ne_ndot_4760.06,4760.06,"6"" CAST IRON PIPE",LIN FT,LF,07,,current,ne_ndot_english_standard_item_list_2010,110,stditeme06252010.pdf#page=110;item=4760.06
ne_ndot_catalog_4760.08,ne_ndot_4760.08,4760.08,"8"" CAST IRON PIPE",LIN FT,LF,07,,current,ne_ndot_english_standard_item_list_2010,110,stditeme06252010.pdf#page=110;item=4760.08
ne_ndot_catalog_4760.10,ne_ndot_4760.10,4760.10,"10"" CAST IRON PIPE",LIN FT,LF,07,,current,ne_ndot_english_standard_item_list_2010,110,stditeme06252010.pdf#page=110;item=4760.10
ne_ndot_catalog_4760.12,ne_ndot_4760.12,4760.12,"12"" CAST IRON PIPE",LIN FT,LF,07,,current,ne_ndot_english_standard_item_list_2010,110,stditeme06252010.pdf#page=110;item=4760.12
ne_ndot_catalog_4760.16,ne_ndot_4760.16,4760.16,"16"" CAST IRON PIPE",LIN FT,LF,07,,current,ne_ndot_english_standard_item_list_2010,110,stditeme06252010.pdf#page=110;item=4760.16
ne_ndot_catalog_4760.50,ne_ndot_4760.50,4760.50,CAST IRON PIPE OFFSET,EACH,EACH,07,,current,ne_ndot_english_standard_item_list_2010,110,stditeme06252010.pdf#page=110;item=4760.50
ne_ndot_catalog_4762.04,ne_ndot_4762.04,4762.04,"4"" DUCTILE IRON SEWER PIPE",LIN FT,LF,07,722.00,current,ne_ndot_english_standard_item_list_2010,110,stditeme06252010.pdf#page=110;item=4762.04
ne_ndot_catalog_4762.06,ne_ndot_4762.06,4762.06,"6"" DUCTILE IRON SEWER PIPE",LIN FT,LF,07,722.00,current,ne_ndot_english_standard_item_list_2010,110,stditeme06252010.pdf#page=110;item=4762.06
ne_ndot_catalog_4762.08,ne_ndot_4762.08,4762.08,"8"" DUCTILE IRON SEWER PIPE",LIN FT,LF,07,722.00,current,ne_ndot_english_standard_item_list_2010,110,stditeme06252010.pdf#page=110;item=4762.08
ne_ndot_catalog_4762.10,ne_ndot_4762.10,4762.10,"10"" DUCTILE IRON SEWER PIPE",LIN FT,LF,07,722.00,current,ne_ndot_english_standard_item_list_2010,111,stditeme06252010.pdf#page=111;item=4762.10
ne_ndot_catalog_4762.12,ne_ndot_4762.12,4762.12,"12"" DUCTILE IRON SEWER PIPE",LIN FT,LF,07,722.00,current,ne_ndot_english_standard_item_list_2010,111,stditeme06252010.pdf#page=111;item=4762.12
ne_ndot_catalog_4762.14,ne_ndot_4762.14,4762.14,"14"" DUCTILE IRON SEWER PIPE",LIN FT,LF,07,722.00,current,ne_ndot_english_standard_item_list_2010,111,stditeme06252010.pdf#page=111;item=4762.14
ne_ndot_catalog_4762.15,ne_ndot_4762.15,4762.15,"15"" DUCTILE IRON SEWER PIPE",LIN FT,LF,07,722.00,current,ne_ndot_english_standard_item_list_2010,111,stditeme06252010.pdf#page=111;item=4762.15
ne_ndot_catalog_4762.16,ne_ndot_4762.16,4762.16,"16"" DUCTILE IRON SEWER PIPE",LIN FT,LF,07,722.00,current,ne_ndot_english_standard_item_list_2010,111,stditeme06252010.pdf#page=111;item=4762.16
ne_ndot_catalog_4762.18,ne_ndot_4762.18,4762.18,"18"" DUCTILE IRON SEWER PIPE",LIN FT,LF,07,722.00,current,ne_ndot_english_standard_item_list_2010,111,stditeme06252010.pdf#page=111;item=4762.18
ne_ndot_catalog_4762.24,ne_ndot_4762.24,4762.24,"24"" DUCTILE IRON SEWER PIPE",LIN FT,LF,07,722.00,current,ne_ndot_english_standard_item_list_2010,111,stditeme06252010.pdf#page=111;item=4762.24
ne_ndot_catalog_4762.30,ne_ndot_4762.30,4762.30,"30"" DUCTILE IRON SEWER PIPE",LIN FT,LF,07,722.00,current,ne_ndot_english_standard_item_list_2010,111,stditeme06252010.pdf#page=111;item=4762.30
ne_ndot_catalog_4762.54,ne_ndot_4762.54,4762.54,"54"" DUCTILE IRON SEWER PIPE",LIN FT,LF,07,722.00,current,ne_ndot_english_standard_item_list_2010,111,stditeme06252010.pdf#page=111;item=4762.54
ne_ndot_catalog_4762.68,ne_ndot_4762.68,4762.68,"JACKING 8"" DUCTILE IRON SEWER PIPE",LIN FT,LF,07,731.00,current,ne_ndot_english_standard_item_list_2010,111,stditeme06252010.pdf#page=111;item=4762.68
ne_ndot_catalog_4762.76,ne_ndot_4762.76,4762.76,"JACKING 16"" DUCTILE IRON SEWER PIPE",LIN FT,LF,07,731.00,current,ne_ndot_english_standard_item_list_2010,111,stditeme06252010.pdf#page=111;item=4762.76
ne_ndot_catalog_4763.00,ne_ndot_4763.00,4763.00,BYPASS PUMPING,LUMP SUM,LS,07,,current,ne_ndot_english_standard_item_list_2010,111,stditeme06252010.pdf#page=111;item=4763.00
ne_ndot_catalog_4763.10,ne_ndot_4763.10,4763.10,SEWER CLEANOUT,EACH,EACH,07,,current,ne_ndot_english_standard_item_list_2010,111,stditeme06252010.pdf#page=111;item=4763.10
ne_ndot_catalog_4763.25,ne_ndot_4763.25,4763.25,UNDERDRAIN OUTLET STRUCTURE,EACH,EACH,07,,current,ne_ndot_english_standard_item_list_2010,111,stditeme06252010.pdf#page=111;item=4763.25
ne_ndot_catalog_4763.26,ne_ndot_4763.26,4763.26,UNDERDRAIN HEADWALL,EACH,EACH,07,914.00,current,ne_ndot_english_standard_item_list_2010,111,stditeme06252010.pdf#page=111;item=4763.26
ne_ndot_catalog_4763.38,ne_ndot_4763.38,4763.38,"4"" RODENT GUARD",EACH,EACH,07,,current,ne_ndot_english_standard_item_list_2010,111,stditeme06252010.pdf#page=111;item=4763.38
ne_ndot_catalog_4763.40,ne_ndot_4763.40,4763.40,"8"" RODENT GUARD",EACH,EACH,07,,current,ne_ndot_english_standard_item_list_2010,111,stditeme06252010.pdf#page=111;item=4763.40
ne_ndot_catalog_4763.46,ne_ndot_4763.46,4763.46,"6"" P.V.C. CHECK VALVE",EACH,EACH,07,,current,ne_ndot_english_standard_item_list_2010,111,stditeme06252010.pdf#page=111;item=4763.46
ne_ndot_catalog_4763.75,ne_ndot_4763.75,4763.75,WICK DRAIN,LIN FT,LF,07,,current,ne_ndot_english_standard_item_list_2010,111,stditeme06252010.pdf#page=111;item=4763.75
ne_ndot_catalog_4763.90,ne_ndot_4763.90,4763.90,PREFABRICATED EDGE DRAIN,LIN FT,LF,07,,current,ne_ndot_english_standard_item_list_2010,112,stditeme06252010.pdf#page=112;item=4763.90
ne_ndot_catalog_4764.03,ne_ndot_4764.03,4764.03,"3"" NONPERFORATED P.V.C. PIPE UNDERDRAIN",LIN FT,LF,07,914.00,current,ne_ndot_english_standard_item_list_2010,112,stditeme06252010.pdf#page=112;item=4764.03
ne_ndot_catalog_4764.04,ne_ndot_4764.04,4764.04,"4"" NONPERFORATED P.V.C. PIPE UNDERDRAIN",LIN FT,LF,07,914.00,current,ne_ndot_english_standard_item_list_2010,112,stditeme06252010.pdf#page=112;item=4764.04
ne_ndot_catalog_4764.06,ne_ndot_4764.06,4764.06,"6"" NONPERFORATED P.V.C. PIPE UNDERDRAIN",LIN FT,LF,07,914.00,current,ne_ndot_english_standard_item_list_2010,112,stditeme06252010.pdf#page=112;item=4764.06
ne_ndot_catalog_4764.12,ne_ndot_4764.12,4764.12,"12"" NONPERFORATED P.V.C. PIPE UNDERDRAIN",LIN FT,LF,07,,current,ne_ndot_english_standard_item_list_2010,112,stditeme06252010.pdf#page=112;item=4764.12
ne_ndot_catalog_4764.16,ne_ndot_4764.16,4764.16,"6"" PERFORATED DRAIN PIPE",LIN FT,LF,07,,current,ne_ndot_english_standard_item_list_2010,112,stditeme06252010.pdf#page=112;item=4764.16
ne_ndot_catalog_4764.20,ne_ndot_4764.20,4764.20,PERFORATED DRAIN TILE,LIN FT,LF,07,,current,ne_ndot_english_standard_item_list_2010,112,stditeme06252010.pdf#page=112;item=4764.20
ne_ndot_catalog_4764.25,ne_ndot_4764.25,4764.25,DRAIN TILE,LUMP SUM,LS,07,,current,ne_ndot_english_standard_item_list_2010,112,stditeme06252010.pdf#page=112;item=4764.25
ne_ndot_catalog_4764.27,ne_ndot_4764.27,4764.27,"6"" PERFORATED P.V.C. TIER DRAIN",LIN FT,LF,07,,current,ne_ndot_english_standard_item_list_2010,112,stditeme06252010.pdf#page=112;item=4764.27
ne_ndot_catalog_4764.28,ne_ndot_4764.28,4764.28,"6"" P.V.C. VERTICAL DRAIN",LIN FT,LF,07,,current,ne_ndot_english_standard_item_list_2010,112,stditeme06252010.pdf#page=112;item=4764.28
ne_ndot_catalog_4764.32,ne_ndot_4764.32,4764.32,"3"" PERFORATED PIPE UNDERDRAIN",LIN FT,LF,07,914.00,current,ne_ndot_english_standard_item_list_2010,112,stditeme06252010.pdf#page=112;item=4764.32
ne_ndot_catalog_4764.33,ne_ndot_4764.33,4764.33,"3"" NONPERFORATED PIPE UNDERDRAIN",LIN FT,LF,07,914.00,current,ne_ndot_english_standard_item_list_2010,112,stditeme06252010.pdf#page=112;item=4764.33
ne_ndot_catalog_4764.34,ne_ndot_4764.34,4764.34,"4"" NONPERFORATED PIPE UNDERDRAIN",LIN FT,LF,07,914.00,current,ne_ndot_english_standard_item_list_2010,112,stditeme06252010.pdf#page=112;item=4764.34
ne_ndot_catalog_4764.35,ne_ndot_4764.35,4764.35,"4"" PERFORATED PIPE UNDERDRAIN",LIN FT,LF,07,914.00,current,ne_ndot_english_standard_item_list_2010,112,stditeme06252010.pdf#page=112;item=4764.35
ne_ndot_catalog_4764.36,ne_ndot_4764.36,4764.36,"6"" NONPERFORATED PIPE UNDERDRAIN",LIN FT,LF,07,914.00,current,ne_ndot_english_standard_item_list_2010,112,stditeme06252010.pdf#page=112;item=4764.36
ne_ndot_catalog_4764.37,ne_ndot_4764.37,4764.37,"6"" PERFORATED PIPE UNDERDRAIN",LIN FT,LF,07,914.00,current,ne_ndot_english_standard_item_list_2010,112,stditeme06252010.pdf#page=112;item=4764.37
ne_ndot_catalog_4764.38,ne_ndot_4764.38,4764.38,"8"" NONPERFORATED PIPE UNDERDRAIN",LIN FT,LF,07,914.00,current,ne_ndot_english_standard_item_list_2010,112,stditeme06252010.pdf#page=112;item=4764.38
ne_ndot_catalog_4764.39,ne_ndot_4764.39,4764.39,"8"" PERFORATED PIPE UNDERDRAIN",LIN FT,LF,07,914.00,current,ne_ndot_english_standard_item_list_2010,112,stditeme06252010.pdf#page=112;item=4764.39
ne_ndot_catalog_4764.54,ne_ndot_4764.54,4764.54,"4"" PERFORATED P.V.C. PIPE UNDERDRAIN",LIN FT,LF,07,914.00,current,ne_ndot_english_standard_item_list_2010,112,stditeme06252010.pdf#page=112;item=4764.54
ne_ndot_catalog_4764.56,ne_ndot_4764.56,4764.56,"6"" PERFORATED P.V.C. PIPE UNDERDRAIN",LIN FT,LF,07,914.00,current,ne_ndot_english_standard_item_list_2010,113,stditeme06252010.pdf#page=113;item=4764.56
ne_ndot_catalog_4764.58,ne_ndot_4764.58,4764.58,"8"" PERFORATED P.V.C. PIPE UNDERDRAIN",LIN FT,LF,07,914.00,current,ne_ndot_english_standard_item_list_2010,113,stditeme06252010.pdf#page=113;item=4764.58
ne_ndot_catalog_4764.74,ne_ndot_4764.74,4764.74,"4"" P.V.C. SEWER PIPE",LIN FT,LF,07,722.00,current,ne_ndot_english_standard_item_list_2010,113,stditeme06252010.pdf#page=113;item=4764.74
ne_ndot_catalog_4764.76,ne_ndot_4764.76,4764.76,"6"" P.V.C. SEWER PIPE",LIN FT,LF,07,722.00,current,ne_ndot_english_standard_item_list_2010,113,stditeme06252010.pdf#page=113;item=4764.76
ne_ndot_catalog_4764.78,ne_ndot_4764.78,4764.78,"8"" P.V.C. SEWER PIPE",LIN FT,LF,07,722.00,current,ne_ndot_english_standard_item_list_2010,113,stditeme06252010.pdf#page=113;item=4764.78
ne_ndot_catalog_4764.80,ne_ndot_4764.80,4764.80,"10"" P.V.C. SEWER PIPE",LIN FT,LF,07,722.00,current,ne_ndot_english_standard_item_list_2010,113,stditeme06252010.pdf#page=113;item=4764.80
ne_ndot_catalog_4764.82,ne_ndot_4764.82,4764.82,"12"" P.V.C. SEWER PIPE",LIN FT,LF,07,722.00,current,ne_ndot_english_standard_item_list_2010,113,stditeme06252010.pdf#page=113;item=4764.82
ne_ndot_catalog_4764.85,ne_ndot_4764.85,4764.85,"15"" P.V.C. SEWER PIPE",LIN FT,LF,07,722.00,current,ne_ndot_english_standard_item_list_2010,113,stditeme06252010.pdf#page=113;item=4764.85
ne_ndot_catalog_4764.87,ne_ndot_4764.87,4764.87,"18"" P.V.C. SEWER PIPE",LIN FT,LF,07,722.00,current,ne_ndot_english_standard_item_list_2010,113,stditeme06252010.pdf#page=113;item=4764.87
ne_ndot_catalog_4764.94,ne_ndot_4764.94,4764.94,"24"" P.V.C. SEWER PIPE",LIN FT,LF,07,722.00,current,ne_ndot_english_standard_item_list_2010,113,stditeme06252010.pdf#page=113;item=4764.94
ne_ndot_catalog_4765.02,ne_ndot_4765.02,4765.02,"4"" NON-PERFORATED CORRUGATED POLYETHYLENE PIPE UNDERDRAIN",LIN FT,LF,07,914.00,current,ne_ndot_english_standard_item_list_2010,113,stditeme06252010.pdf#page=113;item=4765.02
ne_ndot_catalog_4765.03,ne_ndot_4765.03,4765.03,"4"" PERFORATED CORRUGATED POLYETHYLENE PIPE UNDERDRAIN",LIN FT,LF,07,914.00,current,ne_ndot_english_standard_item_list_2010,113,stditeme06252010.pdf#page=113;item=4765.03
ne_ndot_catalog_4765.04,ne_ndot_4765.04,4765.04,"4"" NONPERFORATED CORRUGATED POLYETHYLENE PIPE UNDERDRAIN",LIN FT,LF,07,914.00,current,ne_ndot_english_standard_item_list_2010,113,stditeme06252010.pdf#page=113;item=4765.04
ne_ndot_catalog_4765.05,ne_ndot_4765.05,4765.05,"4"" NONPERFORATED CORRUGATED POLYETHYLENE PIPE UNDERDRAIN",LIN FT,LF,07,914.00,current,ne_ndot_english_standard_item_list_2010,113,stditeme06252010.pdf#page=113;item=4765.05
ne_ndot_catalog_4765.06,ne_ndot_4765.06,4765.06,"6"" NONPERFORATED CORRUGATED POLYETHYLENE PIPE UNDERDRAIN",LIN FT,LF,07,914.00,current,ne_ndot_english_standard_item_list_2010,113,stditeme06252010.pdf#page=113;item=4765.06
ne_ndot_catalog_4765.07,ne_ndot_4765.07,4765.07,"6"" PERFORATED CORRUGATED POLYETHYLENE PIPE UNDERDRAIN",LIN FT,LF,07,914.00,current,ne_ndot_english_standard_item_list_2010,113,stditeme06252010.pdf#page=113;item=4765.07
ne_ndot_catalog_4765.13,ne_ndot_4765.13,4765.13,"3"" PERFORATED CORRUGATED POLYETHYLENE PIPE UNDERDRAIN",LIN FT,LF,07,914.00,current,ne_ndot_english_standard_item_list_2010,113,stditeme06252010.pdf#page=113;item=4765.13
ne_ndot_catalog_4766.04,ne_ndot_4766.04,4766.04,"4"" DUCTILE IRON PIPE",LIN FT,LF,07,,current,ne_ndot_english_standard_item_list_2010,113,stditeme06252010.pdf#page=113;item=4766.04
ne_ndot_catalog_4766.06,ne_ndot_4766.06,4766.06,"6"" DUCTILE IRON PIPE",LIN FT,LF,07,,current,ne_ndot_english_standard_item_list_2010,113,stditeme06252010.pdf#page=113;item=4766.06
ne_ndot_catalog_4766.08,ne_ndot_4766.08,4766.08,"8"" DUCTILE IRON PIPE",LIN FT,LF,07,,current,ne_ndot_english_standard_item_list_2010,114,stditeme06252010.pdf#page=114;item=4766.08
ne_ndot_catalog_4766.12,ne_ndot_4766.12,4766.12,"12"" DUCTILE IRON PIPE",LIN FT,LF,07,,current,ne_ndot_english_standard_item_list_2010,114,stditeme06252010.pdf#page=114;item=4766.12
ne_ndot_catalog_4766.24,ne_ndot_4766.24,4766.24,"24"" DUCTILE IRON PIPE",LIN FT,LF,07,,current,ne_ndot_english_standard_item_list_2010,114,stditeme06252010.pdf#page=114;item=4766.24
ne_ndot_catalog_4766.75,ne_ndot_4766.75,4766.75,"16"" RESTRAINED JOINT DUCTILE IRON PIPE",LIN FT,LF,07,,current,ne_ndot_english_standard_item_list_2010,114,stditeme06252010.pdf#page=114;item=4766.75
ne_ndot_catalog_4767.22,ne_ndot_4767.22,4767.22,"22"" POLYETHYLENE PIPE",LIN FT,LF,07,,current,ne_ndot_english_standard_item_list_2010,114,stditeme06252010.pdf#page=114;item=4767.22
ne_ndot_catalog_4767.32,ne_ndot_4767.32,4767.32,"INSTALL 22"" POLYETHYLENE PIPE",LIN FT,LF,07,,current,ne_ndot_english_standard_item_list_2010,114,stditeme06252010.pdf#page=114;item=4767.32
ne_ndot_catalog_4770.00,ne_ndot_4770.00,4770.00,PRECAST REINFORCED CONCRETE TRANSITION SECTION,EACH,EACH,07,,current,ne_ndot_english_standard_item_list_2010,114,stditeme06252010.pdf#page=114;item=4770.00
ne_ndot_catalog_4770.42,ne_ndot_4770.42,4770.42,"42"" TO 54"" REINFORCED CONCRETE TRANSITION SECTION",EACH,EACH,07,,current,ne_ndot_english_standard_item_list_2010,114,stditeme06252010.pdf#page=114;item=4770.42
ne_ndot_catalog_4770.54,ne_ndot_4770.54,4770.54,"54"" TO 60"" REINFORCED CONCRETE TRANSITION SECTION",EACH,EACH,07,,current,ne_ndot_english_standard_item_list_2010,114,stditeme06252010.pdf#page=114;item=4770.54
ne_ndot_catalog_4770.60,ne_ndot_4770.60,4770.60,"60"" TO 72"" REINFORCED CONCRETE TRANSITION SECTION",EACH,EACH,07,,current,ne_ndot_english_standard_item_list_2010,114,stditeme06252010.pdf#page=114;item=4770.60
ne_ndot_catalog_4770.72,ne_ndot_4770.72,4770.72,"72"" TO 78"" REINFORCED CONCRETE TRANSITION SECTION",EACH,EACH,07,,current,ne_ndot_english_standard_item_list_2010,114,stditeme06252010.pdf#page=114;item=4770.72
ne_ndot_catalog_4770.78,ne_ndot_4770.78,4770.78,"78"" TO 84"" REINFORCED CONCRETE TRANSITION SECTION",EACH,EACH,07,,current,ne_ndot_english_standard_item_list_2010,114,stditeme06252010.pdf#page=114;item=4770.78
ne_ndot_catalog_4770.84,ne_ndot_4770.84,4770.84,"84"" TO 90"" REINFORCED CONCRETE TRANSITION SECTION",EACH,EACH,07,,current,ne_ndot_english_standard_item_list_2010,114,stditeme06252010.pdf#page=114;item=4770.84
ne_ndot_catalog_4770.86,ne_ndot_4770.86,4770.86,"84"" TO 120"" REINFORCED CONCRETE TRANSITION SECTION",EACH,EACH,07,,current,ne_ndot_english_standard_item_list_2010,114,stditeme06252010.pdf#page=114;item=4770.86
ne_ndot_catalog_4780.54,ne_ndot_4780.54,4780.54,"54"" REINFORCED CONCRETE TEE MANHOLE SECTION",EACH,EACH,07,,current,ne_ndot_english_standard_item_list_2010,114,stditeme06252010.pdf#page=114;item=4780.54
ne_ndot_catalog_4780.60,ne_ndot_4780.60,4780.60,"60"" REINFORCED CONCRETE TEE MANHOLE SECTION",EACH,EACH,07,,current,ne_ndot_english_standard_item_list_2010,114,stditeme06252010.pdf#page=114;item=4780.60
ne_ndot_catalog_4780.72,ne_ndot_4780.72,4780.72,"72"" REINFORCED CONCRETE TEE MANHOLE SECTION",EACH,EACH,07,,current,ne_ndot_english_standard_item_list_2010,114,stditeme06252010.pdf#page=114;item=4780.72
ne_ndot_catalog_4780.78,ne_ndot_4780.78,4780.78,"78"" REINFORCED CONCRETE TEE MANHOLE SECTION",EACH,EACH,07,,current,ne_ndot_english_standard_item_list_2010,114,stditeme06252010.pdf#page=114;item=4780.78
ne_ndot_catalog_4780.84,ne_ndot_4780.84,4780.84,"84"" REINFORCED CONCRETE TEE MANHOLE SECTION",EACH,EACH,07,,current,ne_ndot_english_standard_item_list_2010,114,stditeme06252010.pdf#page=114;item=4780.84
ne_ndot_catalog_4780.90,ne_ndot_4780.90,4780.90,"90"" REINFORCED CONCRETE TEE MANHOLE SECTION",EACH,EACH,07,,current,ne_ndot_english_standard_item_list_2010,115,stditeme06252010.pdf#page=115;item=4780.90
ne_ndot_catalog_4790.00,ne_ndot_4790.00,4790.00,SANITARY SEWER CROSSING,EACH,EACH,07,,current,ne_ndot_english_standard_item_list_2010,115,stditeme06252010.pdf#page=115;item=4790.00
ne_ndot_catalog_4790.02,ne_ndot_4790.02,4790.02,EXTERNAL FRAME SEALS,EACH,EACH,07,,current,ne_ndot_english_standard_item_list_2010,115,stditeme06252010.pdf#page=115;item=4790.02
ne_ndot_catalog_4790.10,ne_ndot_4790.10,4790.10,SANITARY MANHOLE,EACH,EACH,07,,current,ne_ndot_english_standard_item_list_2010,115,stditeme06252010.pdf#page=115;item=4790.10
ne_ndot_catalog_4790.11,ne_ndot_4790.11,4790.11,SANITARY MANHOLE,EACH,EACH,07,,current,ne_ndot_english_standard_item_list_2010,115,stditeme06252010.pdf#page=115;item=4790.11
ne_ndot_catalog_4790.12,ne_ndot_4790.12,4790.12,SANITARY MANHOLE,EACH,EACH,07,,current,ne_ndot_english_standard_item_list_2010,115,stditeme06252010.pdf#page=115;item=4790.12
ne_ndot_catalog_4795.00,ne_ndot_4795.00,4795.00,P.V.C. WYE,EACH,EACH,07,,current,ne_ndot_english_standard_item_list_2010,115,stditeme06252010.pdf#page=115;item=4795.00
ne_ndot_catalog_4795.02,ne_ndot_4795.02,4795.02,REINFORCED CONCRETE WYE,EACH,EACH,07,,current,ne_ndot_english_standard_item_list_2010,115,stditeme06252010.pdf#page=115;item=4795.02
ne_ndot_catalog_4795.98,ne_ndot_4795.98,4795.98,"12"" PLUG",EACH,EACH,07,,current,ne_ndot_english_standard_item_list_2010,115,stditeme06252010.pdf#page=115;item=4795.98
ne_ndot_catalog_4795.99,ne_ndot_4795.99,4795.99,"4"" PLUG",EACH,EACH,07,,current,ne_ndot_english_standard_item_list_2010,115,stditeme06252010.pdf#page=115;item=4795.99
ne_ndot_catalog_4796.00,ne_ndot_4796.00,4796.00,"6"" PLUG",EACH,EACH,07,,current,ne_ndot_english_standard_item_list_2010,115,stditeme06252010.pdf#page=115;item=4796.00
ne_ndot_catalog_4796.01,ne_ndot_4796.01,4796.01,"8"" PLUG",EACH,EACH,07,,current,ne_ndot_english_standard_item_list_2010,115,stditeme06252010.pdf#page=115;item=4796.01
ne_ndot_catalog_4796.02,ne_ndot_4796.02,4796.02,"10"" PLUG",EACH,EACH,07,,current,ne_ndot_english_standard_item_list_2010,115,stditeme06252010.pdf#page=115;item=4796.02
ne_ndot_catalog_4796.03,ne_ndot_4796.03,4796.03,"3"" P.V.C. PLUG",EACH,EACH,07,,current,ne_ndot_english_standard_item_list_2010,115,stditeme06252010.pdf#page=115;item=4796.03
ne_ndot_catalog_4796.04,ne_ndot_4796.04,4796.04,"4"" P.V.C. PLUG",EACH,EACH,07,,current,ne_ndot_english_standard_item_list_2010,115,stditeme06252010.pdf#page=115;item=4796.04
ne_ndot_catalog_4796.06,ne_ndot_4796.06,4796.06,"6"" P.V.C. PLUG",EACH,EACH,07,,current,ne_ndot_english_standard_item_list_2010,115,stditeme06252010.pdf#page=115;item=4796.06
ne_ndot_catalog_4796.10,ne_ndot_4796.10,4796.10,"2"" P.V.C. PLUG",EACH,EACH,07,,current,ne_ndot_english_standard_item_list_2010,115,stditeme06252010.pdf#page=115;item=4796.10
ne_ndot_catalog_4796.11,ne_ndot_4796.11,4796.11,"2 1/2"" P.V.C. PLUG",EACH,EACH,07,,current,ne_ndot_english_standard_item_list_2010,115,stditeme06252010.pdf#page=115;item=4796.11
ne_ndot_catalog_4796.25,ne_ndot_4796.25,4796.25,PLUG,EACH,EACH,07,,current,ne_ndot_english_standard_item_list_2010,115,stditeme06252010.pdf#page=115;item=4796.25
ne_ndot_catalog_4796.40,ne_ndot_4796.40,4796.40,"15"" BEND",EACH,EACH,07,,current,ne_ndot_english_standard_item_list_2010,116,stditeme06252010.pdf#page=116;item=4796.40
ne_ndot_catalog_4796.41,ne_ndot_4796.41,4796.41,"18"" BEND",EACH,EACH,07,,current,ne_ndot_english_standard_item_list_2010,116,stditeme06252010.pdf#page=116;item=4796.41
ne_ndot_catalog_4800.02,ne_ndot_4800.02,4800.02,"2"" STEEL PIPE",LIN FT,LF,07,,current,ne_ndot_english_standard_item_list_2010,116,stditeme06252010.pdf#page=116;item=4800.02
ne_ndot_catalog_4800.03,ne_ndot_4800.03,4800.03,"3"" STEEL PIPE",LIN FT,LF,07,,current,ne_ndot_english_standard_item_list_2010,116,stditeme06252010.pdf#page=116;item=4800.03
ne_ndot_catalog_4800.06,ne_ndot_4800.06,4800.06,"6"" STEEL PIPE",LIN FT,LF,07,,current,ne_ndot_english_standard_item_list_2010,116,stditeme06252010.pdf#page=116;item=4800.06
ne_ndot_catalog_4800.08,ne_ndot_4800.08,4800.08,"8"" STEEL PIPE",LIN FT,LF,07,,current,ne_ndot_english_standard_item_list_2010,116,stditeme06252010.pdf#page=116;item=4800.08
ne_ndot_catalog_4800.24,ne_ndot_4800.24,4800.24,"24"" STEEL PIPE",LIN FT,LF,07,,current,ne_ndot_english_standard_item_list_2010,116,stditeme06252010.pdf#page=116;item=4800.24
ne_ndot_catalog_4800.30,ne_ndot_4800.30,4800.30,"30"" STEEL PIPE",LIN FT,LF,07,,current,ne_ndot_english_standard_item_list_2010,116,stditeme06252010.pdf#page=116;item=4800.30
ne_ndot_catalog_4800.36,ne_ndot_4800.36,4800.36,"36"" STEEL PIPE",LIN FT,LF,07,,current,ne_ndot_english_standard_item_list_2010,116,stditeme06252010.pdf#page=116;item=4800.36
ne_ndot_catalog_4800.96,ne_ndot_4800.96,4800.96,"96"" STEEL PIPE",LIN FT,LF,07,,current,ne_ndot_english_standard_item_list_2010,116,stditeme06252010.pdf#page=116;item=4800.96
ne_ndot_catalog_4802.01,ne_ndot_4802.01,4802.01,LEVEE GATE,EACH,EACH,07,,current,ne_ndot_english_standard_item_list_2010,116,stditeme06252010.pdf#page=116;item=4802.01
ne_ndot_catalog_4803.02,ne_ndot_4803.02,4803.02,"2"" P.V.C. PIPE",LIN FT,LF,07,,current,ne_ndot_english_standard_item_list_2010,116,stditeme06252010.pdf#page=116;item=4803.02
ne_ndot_catalog_4803.04,ne_ndot_4803.04,4803.04,"4"" P.V.C. PIPE",LIN FT,LF,07,,current,ne_ndot_english_standard_item_list_2010,116,stditeme06252010.pdf#page=116;item=4803.04
ne_ndot_catalog_4803.06,ne_ndot_4803.06,4803.06,"6"" P.V.C. PIPE",LIN FT,LF,07,,current,ne_ndot_english_standard_item_list_2010,116,stditeme06252010.pdf#page=116;item=4803.06
ne_ndot_catalog_4803.08,ne_ndot_4803.08,4803.08,"8"" P.V.C. PIPE",LIN FT,LF,07,,current,ne_ndot_english_standard_item_list_2010,116,stditeme06252010.pdf#page=116;item=4803.08
ne_ndot_catalog_4803.10,ne_ndot_4803.10,4803.10,"10"" P.V.C. PIPE",LIN FT,LF,07,,current,ne_ndot_english_standard_item_list_2010,116,stditeme06252010.pdf#page=116;item=4803.10
ne_ndot_catalog_4803.12,ne_ndot_4803.12,4803.12,"12"" P.V.C. PIPE",LIN FT,LF,07,,current,ne_ndot_english_standard_item_list_2010,116,stditeme06252010.pdf#page=116;item=4803.12
ne_ndot_catalog_4803.15,ne_ndot_4803.15,4803.15,"15"" P.V.C. PIPE",LIN FT,LF,07,,current,ne_ndot_english_standard_item_list_2010,116,stditeme06252010.pdf#page=116;item=4803.15
ne_ndot_catalog_4803.18,ne_ndot_4803.18,4803.18,"18"" P.V.C. PIPE",LIN FT,LF,07,,current,ne_ndot_english_standard_item_list_2010,116,stditeme06252010.pdf#page=116;item=4803.18
ne_ndot_catalog_4804.02,ne_ndot_4804.02,4804.02,"2"" P.V.C. CASING",LIN FT,LF,07,,current,ne_ndot_english_standard_item_list_2010,117,stditeme06252010.pdf#page=117;item=4804.02
ne_ndot_catalog_4804.04,ne_ndot_4804.04,4804.04,"4"" CASING",LIN FT,LF,07,,current,ne_ndot_english_standard_item_list_2010,117,stditeme06252010.pdf#page=117;item=4804.04
ne_ndot_catalog_4804.05,ne_ndot_4804.05,4804.05,"4"" CASING (JACKED)",LIN FT,LF,07,,current,ne_ndot_english_standard_item_list_2010,117,stditeme06252010.pdf#page=117;item=4804.05
ne_ndot_catalog_4804.08,ne_ndot_4804.08,4804.08,"8"" P.V.C. CASING",LIN FT,LF,07,,current,ne_ndot_english_standard_item_list_2010,117,stditeme06252010.pdf#page=117;item=4804.08
ne_ndot_catalog_4804.12,ne_ndot_4804.12,4804.12,"12"" P.V.C. CASING",LIN FT,LF,07,,current,ne_ndot_english_standard_item_list_2010,117,stditeme06252010.pdf#page=117;item=4804.12
ne_ndot_catalog_4805.04,ne_ndot_4805.04,4805.04,"4"" STEEL CASING",LIN FT,LF,07,,current,ne_ndot_english_standard_item_list_2010,117,stditeme06252010.pdf#page=117;item=4805.04
ne_ndot_catalog_4805.08,ne_ndot_4805.08,4805.08,"8"" STEEL CASING",LIN FT,LF,07,,current,ne_ndot_english_standard_item_list_2010,117,stditeme06252010.pdf#page=117;item=4805.08
ne_ndot_catalog_4805.10,ne_ndot_4805.10,4805.10,"10"" STEEL CASING",LIN FT,LF,07,,current,ne_ndot_english_standard_item_list_2010,117,stditeme06252010.pdf#page=117;item=4805.10
ne_ndot_catalog_4805.12,ne_ndot_4805.12,4805.12,"12"" STEEL CASING",LIN FT,LF,07,,current,ne_ndot_english_standard_item_list_2010,117,stditeme06252010.pdf#page=117;item=4805.12
ne_ndot_catalog_4805.14,ne_ndot_4805.14,4805.14,"14"" STEEL CASING",LIN FT,LF,07,,current,ne_ndot_english_standard_item_list_2010,117,stditeme06252010.pdf#page=117;item=4805.14
ne_ndot_catalog_4805.16,ne_ndot_4805.16,4805.16,"16"" STEEL CASING",LIN FT,LF,07,,current,ne_ndot_english_standard_item_list_2010,117,stditeme06252010.pdf#page=117;item=4805.16
ne_ndot_catalog_4805.18,ne_ndot_4805.18,4805.18,"18"" STEEL CASING",LIN FT,LF,07,,current,ne_ndot_english_standard_item_list_2010,117,stditeme06252010.pdf#page=117;item=4805.18
ne_ndot_catalog_4805.20,ne_ndot_4805.20,4805.20,"20"" STEEL CASING",LIN FT,LF,07,,current,ne_ndot_english_standard_item_list_2010,117,stditeme06252010.pdf#page=117;item=4805.20
ne_ndot_catalog_4805.22,ne_ndot_4805.22,4805.22,"22"" STEEL CASING",LIN FT,LF,07,,current,ne_ndot_english_standard_item_list_2010,117,stditeme06252010.pdf#page=117;item=4805.22
ne_ndot_catalog_4805.24,ne_ndot_4805.24,4805.24,"24"" STEEL CASING",LIN FT,LF,07,,current,ne_ndot_english_standard_item_list_2010,117,stditeme06252010.pdf#page=117;item=4805.24
ne_ndot_catalog_4805.26,ne_ndot_4805.26,4805.26,"26"" STEEL CASING",LIN FT,LF,07,,current,ne_ndot_english_standard_item_list_2010,117,stditeme06252010.pdf#page=117;item=4805.26
ne_ndot_catalog_4805.28,ne_ndot_4805.28,4805.28,"28"" STEEL CASING",LIN FT,LF,07,,current,ne_ndot_english_standard_item_list_2010,117,stditeme06252010.pdf#page=117;item=4805.28
ne_ndot_catalog_4805.30,ne_ndot_4805.30,4805.30,"30"" STEEL CASING",LIN FT,LF,07,,current,ne_ndot_english_standard_item_list_2010,117,stditeme06252010.pdf#page=117;item=4805.30
ne_ndot_catalog_4805.36,ne_ndot_4805.36,4805.36,"36"" STEEL CASING",LIN FT,LF,07,,current,ne_ndot_english_standard_item_list_2010,117,stditeme06252010.pdf#page=117;item=4805.36
ne_ndot_catalog_4805.38,ne_ndot_4805.38,4805.38,"38"" STEEL CASING",LIN FT,LF,07,,current,ne_ndot_english_standard_item_list_2010,118,stditeme06252010.pdf#page=118;item=4805.38
ne_ndot_catalog_4805.42,ne_ndot_4805.42,4805.42,"42"" STEEL CASING",LIN FT,LF,07,,current,ne_ndot_english_standard_item_list_2010,118,stditeme06252010.pdf#page=118;item=4805.42
ne_ndot_catalog_4805.46,ne_ndot_4805.46,4805.46,"46"" STEEL CASING",LIN FT,LF,07,,current,ne_ndot_english_standard_item_list_2010,118,stditeme06252010.pdf#page=118;item=4805.46
ne_ndot_catalog_4805.48,ne_ndot_4805.48,4805.48,"48"" STEEL CASING",LIN FT,LF,07,,current,ne_ndot_english_standard_item_list_2010,118,stditeme06252010.pdf#page=118;item=4805.48
ne_ndot_catalog_4805.60,ne_ndot_4805.60,4805.60,"60"" STEEL CASING",LIN FT,LF,07,,current,ne_ndot_english_standard_item_list_2010,118,stditeme06252010.pdf#page=118;item=4805.60
ne_ndot_catalog_4806.20,ne_ndot_4806.20,4806.20,REMOVE AND RESET TRANSITION,EACH,EACH,07,,current,ne_ndot_english_standard_item_list_2010,118,stditeme06252010.pdf#page=118;item=4806.20
ne_ndot_catalog_4806.21,ne_ndot_4806.21,4806.21,REMOVE AND RESET CONCRETE DITCH CHECK,EACH,EACH,07,,current,ne_ndot_english_standard_item_list_2010,118,stditeme06252010.pdf#page=118;item=4806.21
ne_ndot_catalog_4806.22,ne_ndot_4806.22,4806.22,REMOVE AND RESET CONTROL GATE,EACH,EACH,07,,current,ne_ndot_english_standard_item_list_2010,118,stditeme06252010.pdf#page=118;item=4806.22
ne_ndot_catalog_4807.00,ne_ndot_4807.00,4807.00,LATERAL TURNOUT,EACH,EACH,07,,current,ne_ndot_english_standard_item_list_2010,118,stditeme06252010.pdf#page=118;item=4807.00
ne_ndot_catalog_4808.12,ne_ndot_4808.12,4808.12,"BORING 12"" STEEL CASING",LIN FT,LF,07,,current,ne_ndot_english_standard_item_list_2010,118,stditeme06252010.pdf#page=118;item=4808.12
ne_ndot_catalog_4808.14,ne_ndot_4808.14,4808.14,"BORING 14"" STEEL CASING",LIN FT,LF,07,,current,ne_ndot_english_standard_item_list_2010,118,stditeme06252010.pdf#page=118;item=4808.14
ne_ndot_catalog_4808.16,ne_ndot_4808.16,4808.16,"BORING 16"" STEEL CASING",LIN FT,LF,07,,current,ne_ndot_english_standard_item_list_2010,118,stditeme06252010.pdf#page=118;item=4808.16
ne_ndot_catalog_4808.17,ne_ndot_4808.17,4808.17,"BORING 18"" STEEL CASING",LIN FT,LF,07,,current,ne_ndot_english_standard_item_list_2010,118,stditeme06252010.pdf#page=118;item=4808.17
ne_ndot_catalog_4808.18,ne_ndot_4808.18,4808.18,"INSTALL 18"" STEEL CASING",LIN FT,LF,07,,current,ne_ndot_english_standard_item_list_2010,118,stditeme06252010.pdf#page=118;item=4808.18
ne_ndot_catalog_4808.20,ne_ndot_4808.20,4808.20,"INSTALL 20"" STELL CASING",LIN FT,LF,07,,current,ne_ndot_english_standard_item_list_2010,118,stditeme06252010.pdf#page=118;item=4808.20
ne_ndot_catalog_4810.12,ne_ndot_4810.12,4810.12,"JACKING 12"" STEEL CASING PIPE",LIN FT,LF,07,731.00,current,ne_ndot_english_standard_item_list_2010,118,stditeme06252010.pdf#page=118;item=4810.12
ne_ndot_catalog_4810.14,ne_ndot_4810.14,4810.14,"JACKING 14"" STEEL CASING PIPE",LIN FT,LF,07,731.00,current,ne_ndot_english_standard_item_list_2010,118,stditeme06252010.pdf#page=118;item=4810.14
ne_ndot_catalog_4810.16,ne_ndot_4810.16,4810.16,"JACKING 16"" STEEL CASING PIPE",LIN FT,LF,07,731.00,current,ne_ndot_english_standard_item_list_2010,118,stditeme06252010.pdf#page=118;item=4810.16
ne_ndot_catalog_4810.18,ne_ndot_4810.18,4810.18,"JACKING 18"" STEEL CASING PIPE",LIN FT,LF,07,731.00,current,ne_ndot_english_standard_item_list_2010,118,stditeme06252010.pdf#page=118;item=4810.18
ne_ndot_catalog_4810.22,ne_ndot_4810.22,4810.22,"JACKING 22"" STEEL CASING PIPE",LIN FT,LF,07,731.00,current,ne_ndot_english_standard_item_list_2010,119,stditeme06252010.pdf#page=119;item=4810.22
ne_ndot_catalog_4810.24,ne_ndot_4810.24,4810.24,"JACKING 24"" STEEL CASING PIPE",LIN FT,LF,07,731.00,current,ne_ndot_english_standard_item_list_2010,119,stditeme06252010.pdf#page=119;item=4810.24
ne_ndot_catalog_4810.28,ne_ndot_4810.28,4810.28,"JACKING 28"" STEEL CASING PIPE",LIN FT,LF,07,731.00,current,ne_ndot_english_standard_item_list_2010,119,stditeme06252010.pdf#page=119;item=4810.28
ne_ndot_catalog_4810.30,ne_ndot_4810.30,4810.30,"JACKING 30"" STEEL CASING PIPE",LIN FT,LF,07,731.00,current,ne_ndot_english_standard_item_list_2010,119,stditeme06252010.pdf#page=119;item=4810.30
ne_ndot_catalog_4810.34,ne_ndot_4810.34,4810.34,"JACKING 34"" STEEL CASING PIPE",LIN FT,LF,07,731.00,current,ne_ndot_english_standard_item_list_2010,119,stditeme06252010.pdf#page=119;item=4810.34
ne_ndot_catalog_4810.36,ne_ndot_4810.36,4810.36,"JACKING 36"" STEEL CASING PIPE",LIN FT,LF,07,731.00,current,ne_ndot_english_standard_item_list_2010,119,stditeme06252010.pdf#page=119;item=4810.36
ne_ndot_catalog_4810.42,ne_ndot_4810.42,4810.42,"JACKING 42"" STEEL CASING PIPE",LIN FT,LF,07,731.00,current,ne_ndot_english_standard_item_list_2010,119,stditeme06252010.pdf#page=119;item=4810.42
ne_ndot_catalog_4810.46,ne_ndot_4810.46,4810.46,"JACKING 46"" STEEL CASING PIPE",LIN FT,LF,07,,current,ne_ndot_english_standard_item_list_2010,119,stditeme06252010.pdf#page=119;item=4810.46
ne_ndot_catalog_4810.48,ne_ndot_4810.48,4810.48,"JACKING 48"" STEEL CASING PIPE",LIN FT,LF,07,731.00,current,ne_ndot_english_standard_item_list_2010,119,stditeme06252010.pdf#page=119;item=4810.48
ne_ndot_catalog_4810.60,ne_ndot_4810.60,4810.60,"JACKING 48"" STEEL CASING",LIN FT,LF,07,,current,ne_ndot_english_standard_item_list_2010,119,stditeme06252010.pdf#page=119;item=4810.60
ne_ndot_catalog_4810.62,ne_ndot_4810.62,4810.62,"JACKING 60"" STEEL CASING PIPE",LIN FT,LF,07,731.00,current,ne_ndot_english_standard_item_list_2010,119,stditeme06252010.pdf#page=119;item=4810.62
ne_ndot_catalog_4815.30,ne_ndot_4815.30,4815.30,"JACKING 30"" STEEL PIPE",LIN FT,LF,07,,current,ne_ndot_english_standard_item_list_2010,119,stditeme06252010.pdf#page=119;item=4815.30
ne_ndot_catalog_4815.96,ne_ndot_4815.96,4815.96,"JACKING 96"" STEEL PIPE",LIN FT,LF,07,,current,ne_ndot_english_standard_item_list_2010,119,stditeme06252010.pdf#page=119;item=4815.96
ne_ndot_catalog_4820.08,ne_ndot_4820.08,4820.08,"JACKING 8"" REINFORCED CONCRETE SEWER PIPE",LIN FT,LF,07,731.00,current,ne_ndot_english_standard_item_list_2010,119,stditeme06252010.pdf#page=119;item=4820.08
ne_ndot_catalog_4820.15,ne_ndot_4820.15,4820.15,"JACKING 15"" REINFORCED CONCRETE SEWER PIPE",LIN FT,LF,07,731.00,current,ne_ndot_english_standard_item_list_2010,119,stditeme06252010.pdf#page=119;item=4820.15
ne_ndot_catalog_4820.18,ne_ndot_4820.18,4820.18,"JACKING 18"" REINFORCED CONCRETE SEWER PIPE",LIN FT,LF,07,731.00,current,ne_ndot_english_standard_item_list_2010,119,stditeme06252010.pdf#page=119;item=4820.18
ne_ndot_catalog_4820.21,ne_ndot_4820.21,4820.21,"JACKING 21"" REINFORCED CONCRETE SEWER PIPE",LIN FT,LF,07,731.00,current,ne_ndot_english_standard_item_list_2010,119,stditeme06252010.pdf#page=119;item=4820.21
ne_ndot_catalog_4820.24,ne_ndot_4820.24,4820.24,"JACKING 24"" REINFORCED CONCRETE SEWER PIPE",LIN FT,LF,07,731.00,current,ne_ndot_english_standard_item_list_2010,119,stditeme06252010.pdf#page=119;item=4820.24
ne_ndot_catalog_4820.36,ne_ndot_4820.36,4820.36,"JACKING 36"" REINFORCED CONCRETE SEWER PIPE",LIN FT,LF,07,731.00,current,ne_ndot_english_standard_item_list_2010,119,stditeme06252010.pdf#page=119;item=4820.36
ne_ndot_catalog_4820.48,ne_ndot_4820.48,4820.48,"JACKING 48"" REINFORCED CONCRETE SEWER PIPE",LIN FT,LF,07,731.00,current,ne_ndot_english_standard_item_list_2010,120,stditeme06252010.pdf#page=120;item=4820.48
ne_ndot_catalog_4820.54,ne_ndot_4820.54,4820.54,"JACKING 54"" REINFORCED CONCRETE SEWER PIPE",LIN FT,LF,07,731.00,current,ne_ndot_english_standard_item_list_2010,120,stditeme06252010.pdf#page=120;item=4820.54
ne_ndot_catalog_4820.60,ne_ndot_4820.60,4820.60,"JACKING 60"" REINFORCED CONCRETE SEWER PIPE",LIN FT,LF,07,731.00,current,ne_ndot_english_standard_item_list_2010,120,stditeme06252010.pdf#page=120;item=4820.60
ne_ndot_catalog_4822.15,ne_ndot_4822.15,4822.15,"JACKING 15"" REINFORCED CONCRETE SEWER PIPE, CLASS IV",LIN FT,LF,07,,current,ne_ndot_english_standard_item_list_2010,120,stditeme06252010.pdf#page=120;item=4822.15
ne_ndot_catalog_4822.18,ne_ndot_4822.18,4822.18,"JACKING 18"" REINFORCED CONCRETE SEWER PIPE, CLASS IV",LIN FT,LF,07,,current,ne_ndot_english_standard_item_list_2010,120,stditeme06252010.pdf#page=120;item=4822.18
ne_ndot_catalog_4822.24,ne_ndot_4822.24,4822.24,"JACKING 24"" REINFORCED CONCRETE SEWER PIPE, CLASS IV",LIN FT,LF,07,,current,ne_ndot_english_standard_item_list_2010,120,stditeme06252010.pdf#page=120;item=4822.24
ne_ndot_catalog_4822.30,ne_ndot_4822.30,4822.30,"JACKING 30"" REINFORCED CONCRETE SEWER PIPE, CLASS IV",LIN FT,LF,07,,current,ne_ndot_english_standard_item_list_2010,120,stditeme06252010.pdf#page=120;item=4822.30
ne_ndot_catalog_4822.36,ne_ndot_4822.36,4822.36,"JACKING 36"" REINFORCED CONCRETE SEWER PIPE, CLASS IV",LIN FT,LF,07,,current,ne_ndot_english_standard_item_list_2010,120,stditeme06252010.pdf#page=120;item=4822.36
ne_ndot_catalog_4822.42,ne_ndot_4822.42,4822.42,"JACKING 42"" REINFORCED CONCRETE SEWER PIPE, CLASS IV",LIN FT,LF,07,729.00,current,ne_ndot_english_standard_item_list_2010,120,stditeme06252010.pdf#page=120;item=4822.42
ne_ndot_catalog_4822.48,ne_ndot_4822.48,4822.48,"JACKING 48"" REINFORCED CONCRETE SEWER PIPE, CLASS IV",LIN FT,LF,07,,current,ne_ndot_english_standard_item_list_2010,120,stditeme06252010.pdf#page=120;item=4822.48
ne_ndot_catalog_4822.54,ne_ndot_4822.54,4822.54,"JACKING 54"" REINFORCED CONCRETE SEWER PIPE, CLASS IV",LIN FT,LF,07,729.00,current,ne_ndot_english_standard_item_list_2010,120,stditeme06252010.pdf#page=120;item=4822.54
ne_ndot_catalog_4822.72,ne_ndot_4822.72,4822.72,"JACKING 72"" REINFORCED CONCRETE SEWER PIPE, CLASS IV",LIN FT,LF,07,729.00,current,ne_ndot_english_standard_item_list_2010,120,stditeme06252010.pdf#page=120;item=4822.72
ne_ndot_catalog_4823.15,ne_ndot_4823.15,4823.15,"JACKING 15"" REINFORCED CONCRETE SEWER PIPE, CLASS V",LIN FT,LF,07,,current,ne_ndot_english_standard_item_list_2010,120,stditeme06252010.pdf#page=120;item=4823.15
ne_ndot_catalog_4823.18,ne_ndot_4823.18,4823.18,"JACKING 18"" REINFORCED CONCRETE SEWER PIPE, CLASS V",LIN FT,LF,07,,current,ne_ndot_english_standard_item_list_2010,120,stditeme06252010.pdf#page=120;item=4823.18
ne_ndot_catalog_4823.24,ne_ndot_4823.24,4823.24,"JACKING 24"" REINFORCED CONCRETE SEWER PIPE, CLASS V",LIN FT,LF,07,,current,ne_ndot_english_standard_item_list_2010,120,stditeme06252010.pdf#page=120;item=4823.24
ne_ndot_catalog_4823.30,ne_ndot_4823.30,4823.30,"JACKING 30"" REINFORCED CONCRETE SEWER PIPE, CLASS V",LIN FT,LF,07,,current,ne_ndot_english_standard_item_list_2010,120,stditeme06252010.pdf#page=120;item=4823.30
ne_ndot_catalog_4823.36,ne_ndot_4823.36,4823.36,"JACKING 36"" REINFORCED CONCRETE SEWER PIPE, CLASS V",LIN FT,LF,07,,current,ne_ndot_english_standard_item_list_2010,120,stditeme06252010.pdf#page=120;item=4823.36
ne_ndot_catalog_4823.42,ne_ndot_4823.42,4823.42,"JACKING 42"" REINFORCED CONCRETE SEWER PIPE, CLASS V",LIN FT,LF,07,,current,ne_ndot_english_standard_item_list_2010,120,stditeme06252010.pdf#page=120;item=4823.42
ne_ndot_catalog_4823.48,ne_ndot_4823.48,4823.48,"JACKING 48"" REINFORCED CONCRETE SEWER PIPE, CLASS V",LIN FT,LF,07,,current,ne_ndot_english_standard_item_list_2010,120,stditeme06252010.pdf#page=120;item=4823.48
ne_ndot_catalog_4823.54,ne_ndot_4823.54,4823.54,"JACKING 54"" REINFORCED CONCRETE SEWER PIPE, CLASS V",LIN FT,LF,07,,current,ne_ndot_english_standard_item_list_2010,121,stditeme06252010.pdf#page=121;item=4823.54
ne_ndot_catalog_4823.84,ne_ndot_4823.84,4823.84,"JACKING 84"" REINFORCED CONCRETE SEWER PIPE, CLASS V",LIN FT,LF,07,,current,ne_ndot_english_standard_item_list_2010,121,stditeme06252010.pdf#page=121;item=4823.84
ne_ndot_catalog_4824.02,ne_ndot_4824.02,4824.02,"JACKING 102"" REINFORCED CONCRETE SEWER PIPE, CLASS V",LIN FT,LF,07,,current,ne_ndot_english_standard_item_list_2010,121,stditeme06252010.pdf#page=121;item=4824.02
ne_ndot_catalog_4825.30,ne_ndot_4825.30,4825.30,"JACKING 30"" ROUUND EQUIVALENT REINFORCED CONCRETE SEWER PIPE",LIN FT,LF,07,731.00,current,ne_ndot_english_standard_item_list_2010,121,stditeme06252010.pdf#page=121;item=4825.30
ne_ndot_catalog_4825.42,ne_ndot_4825.42,4825.42,"JACKING 42"" ROUND EQUIVALENT REINFORCED CONCRETE SEWER PIPE",LIN FT,LF,07,731.00,current,ne_ndot_english_standard_item_list_2010,121,stditeme06252010.pdf#page=121;item=4825.42
ne_ndot_catalog_4825.54,ne_ndot_4825.54,4825.54,"JACKING 54"" ROUND EQUIVALENT REINFORCED CONCRETE SEWER PIPE",LIN FT,LF,07,731.00,current,ne_ndot_english_standard_item_list_2010,121,stditeme06252010.pdf#page=121;item=4825.54
ne_ndot_catalog_4826.54,ne_ndot_4826.54,4826.54,"JACKING 54"" ROUND EQUIVALENT REINFORCED CONCRETE PIPE",LIN FT,LF,07,731.00,current,ne_ndot_english_standard_item_list_2010,121,stditeme06252010.pdf#page=121;item=4826.54
ne_ndot_catalog_4829.24,ne_ndot_4829.24,4829.24,"JACKING 24"" REINFORCED CONCRETE PIPE",LIN FT,LF,07,731.00,current,ne_ndot_english_standard_item_list_2010,121,stditeme06252010.pdf#page=121;item=4829.24
ne_ndot_catalog_4829.30,ne_ndot_4829.30,4829.30,"JACKING 30"" REINFORCED CONCRETE PIPE",LIN FT,LF,07,731.00,current,ne_ndot_english_standard_item_list_2010,121,stditeme06252010.pdf#page=121;item=4829.30
ne_ndot_catalog_4829.36,ne_ndot_4829.36,4829.36,"JACKING 36"" REINFORCED CONCRETE PIPE",LIN FT,LF,07,731.00,current,ne_ndot_english_standard_item_list_2010,121,stditeme06252010.pdf#page=121;item=4829.36
ne_ndot_catalog_4829.42,ne_ndot_4829.42,4829.42,"JACKING 42"" REINFORCED CONCRETE PIPE",LIN FT,LF,07,731.00,current,ne_ndot_english_standard_item_list_2010,121,stditeme06252010.pdf#page=121;item=4829.42
ne_ndot_catalog_4829.48,ne_ndot_4829.48,4829.48,"JACKING 48"" REINFORCED CONCRETE PIPE",LIN FT,LF,07,731.00,current,ne_ndot_english_standard_item_list_2010,121,stditeme06252010.pdf#page=121;item=4829.48
ne_ndot_catalog_4829.54,ne_ndot_4829.54,4829.54,"JACKING 54"" REINFORCED CONCRETE PIPE",LIN FT,LF,07,731.00,current,ne_ndot_english_standard_item_list_2010,121,stditeme06252010.pdf#page=121;item=4829.54
ne_ndot_catalog_4830.15,ne_ndot_4830.15,4830.15,"JACKING 15"" REINFORCED CONCRETE PIPE CLASS IV",LIN FT,LF,07,,current,ne_ndot_english_standard_item_list_2010,121,stditeme06252010.pdf#page=121;item=4830.15
ne_ndot_catalog_4830.18,ne_ndot_4830.18,4830.18,"JACKING 18"" REINFORCED CONCRETE PIPE CLASS IV",LIN FT,LF,07,731.00,current,ne_ndot_english_standard_item_list_2010,121,stditeme06252010.pdf#page=121;item=4830.18
ne_ndot_catalog_4830.24,ne_ndot_4830.24,4830.24,"JACKING 24"" REINFORCED CONCRETE PIPE CLASS IV",LIN FT,LF,07,,current,ne_ndot_english_standard_item_list_2010,121,stditeme06252010.pdf#page=121;item=4830.24
ne_ndot_catalog_4830.30,ne_ndot_4830.30,4830.30,"JACKING 30"" REINFORCED CONCRETE PIPE CLASS IV",LIN FT,LF,07,,current,ne_ndot_english_standard_item_list_2010,121,stditeme06252010.pdf#page=121;item=4830.30
ne_ndot_catalog_4830.36,ne_ndot_4830.36,4830.36,"JACKING 36"" REINFORCED CONCRETE PIPE CLASS IV",LIN FT,LF,07,,current,ne_ndot_english_standard_item_list_2010,121,stditeme06252010.pdf#page=121;item=4830.36
ne_ndot_catalog_4830.42,ne_ndot_4830.42,4830.42,"JACKING 42"" REINFORCED CONCRETE PIPE CLASS IV",LIN FT,LF,07,,current,ne_ndot_english_standard_item_list_2010,121,stditeme06252010.pdf#page=121;item=4830.42
ne_ndot_catalog_4830.48,ne_ndot_4830.48,4830.48,"JACKING 48"" REINFORCED CONCRETE PIPE, CLASS IV",LIN FT,LF,07,,current,ne_ndot_english_standard_item_list_2010,122,stditeme06252010.pdf#page=122;item=4830.48
ne_ndot_catalog_4830.54,ne_ndot_4830.54,4830.54,"JACKING 54"" REINFORCED CONCRETE PIPE CLASS IV",LIN FT,LF,07,,current,ne_ndot_english_standard_item_list_2010,122,stditeme06252010.pdf#page=122;item=4830.54
ne_ndot_catalog_4830.60,ne_ndot_4830.60,4830.60,"JACKING 60"" REINFORCED CONCRETE PIPE, CLASS IV",LIN FT,LF,07,,current,ne_ndot_english_standard_item_list_2010,122,stditeme06252010.pdf#page=122;item=4830.60
ne_ndot_catalog_4830.66,ne_ndot_4830.66,4830.66,"JACKING 66"" REINFORCED CONCRETE PIPE, CLASS IV",LIN FT,LF,07,,current,ne_ndot_english_standard_item_list_2010,122,stditeme06252010.pdf#page=122;item=4830.66
ne_ndot_catalog_4830.72,ne_ndot_4830.72,4830.72,"JACKING 72"" REINFORCED CONCRETE PIPE, CLASS IV",LIN FT,LF,07,,current,ne_ndot_english_standard_item_list_2010,122,stditeme06252010.pdf#page=122;item=4830.72
ne_ndot_catalog_4830.84,ne_ndot_4830.84,4830.84,"JACKING 84"" REINFORCED CONCRETE PIPE CLASS IV",LIN FT,LF,07,,current,ne_ndot_english_standard_item_list_2010,122,stditeme06252010.pdf#page=122;item=4830.84
ne_ndot_catalog_4831.15,ne_ndot_4831.15,4831.15,"JACKING 15"" REINFORCED CONCRETE PIPE CLASS V",LIN FT,LF,07,,current,ne_ndot_english_standard_item_list_2010,122,stditeme06252010.pdf#page=122;item=4831.15
ne_ndot_catalog_4831.18,ne_ndot_4831.18,4831.18,"JACKING 18"" REINFORCED CONCRETE PIPE CLASS V",LIN FT,LF,07,,current,ne_ndot_english_standard_item_list_2010,122,stditeme06252010.pdf#page=122;item=4831.18
ne_ndot_catalog_4831.24,ne_ndot_4831.24,4831.24,"JACKING 24"" REINFORCED CONCRETE PIPE CLASS V",LIN FT,LF,07,,current,ne_ndot_english_standard_item_list_2010,122,stditeme06252010.pdf#page=122;item=4831.24
ne_ndot_catalog_4831.30,ne_ndot_4831.30,4831.30,"JACKING 30"" REINFORCED CONCRETE PIPE CLASS V",LIN FT,LF,07,,current,ne_ndot_english_standard_item_list_2010,122,stditeme06252010.pdf#page=122;item=4831.30
ne_ndot_catalog_4831.36,ne_ndot_4831.36,4831.36,"JACKING 36"" REINFORCED CONCRETE PIPE CLASS V",LIN FT,LF,07,,current,ne_ndot_english_standard_item_list_2010,122,stditeme06252010.pdf#page=122;item=4831.36
ne_ndot_catalog_4831.42,ne_ndot_4831.42,4831.42,"JACKING 42"" REINFORCED CONCRETE PIPE CLASS V",LIN FT,LF,07,,current,ne_ndot_english_standard_item_list_2010,122,stditeme06252010.pdf#page=122;item=4831.42
ne_ndot_catalog_4831.48,ne_ndot_4831.48,4831.48,"JACKING 48"" REINFORCED CONCRETE PIPE CLASS V",LIN FT,LF,07,,current,ne_ndot_english_standard_item_list_2010,122,stditeme06252010.pdf#page=122;item=4831.48
ne_ndot_catalog_4831.54,ne_ndot_4831.54,4831.54,"JACKING 54"" REINFORCED CONCRETE PIPE CLASS V",LIN FT,LF,07,,current,ne_ndot_english_standard_item_list_2010,122,stditeme06252010.pdf#page=122;item=4831.54
ne_ndot_catalog_4831.72,ne_ndot_4831.72,4831.72,"JACKING 72"" REINFORCED CONCRETE PIPE CLASS V",LIN FT,LF,07,,current,ne_ndot_english_standard_item_list_2010,122,stditeme06252010.pdf#page=122;item=4831.72
ne_ndot_catalog_4840.12,ne_ndot_4840.12,4840.12,"JACKING 12"" CORRUGATED METAL PIPE",LIN FT,LF,07,731.00,current,ne_ndot_english_standard_item_list_2010,122,stditeme06252010.pdf#page=122;item=4840.12
ne_ndot_catalog_4840.30,ne_ndot_4840.30,4840.30,"JACKING 30"" CORRUGATED METAL PIPE",LIN FT,LF,07,731.00,current,ne_ndot_english_standard_item_list_2010,122,stditeme06252010.pdf#page=122;item=4840.30
ne_ndot_catalog_4850.15,ne_ndot_4850.15,4850.15,"JACKING 15"" CULVERT PIPE, TYPE",LIN FT,LF,07,,current,ne_ndot_english_standard_item_list_2010,122,stditeme06252010.pdf#page=122;item=4850.15
ne_ndot_catalog_4850.18,ne_ndot_4850.18,4850.18,"JACKING 18"" CULVERT PIPE, TYPE",LIN FT,LF,07,,current,ne_ndot_english_standard_item_list_2010,122,stditeme06252010.pdf#page=122;item=4850.18
ne_ndot_catalog_4850.24,ne_ndot_4850.24,4850.24,"JACKING 24"" CULVERT PIPE, TYPE",LIN FT,LF,07,731.00,current,ne_ndot_english_standard_item_list_2010,123,stditeme06252010.pdf#page=123;item=4850.24
ne_ndot_catalog_4850.30,ne_ndot_4850.30,4850.30,"JACKING 30"" CULVERT PIPE, TYPE",LIN FT,LF,07,731.00,current,ne_ndot_english_standard_item_list_2010,123,stditeme06252010.pdf#page=123;item=4850.30
ne_ndot_catalog_4850.36,ne_ndot_4850.36,4850.36,"JACKING 36"" CULVERT PIPE, TYPE",LIN FT,LF,07,731.00,current,ne_ndot_english_standard_item_list_2010,123,stditeme06252010.pdf#page=123;item=4850.36
ne_ndot_catalog_4850.42,ne_ndot_4850.42,4850.42,"JACKING 42"" CULVERT PIPE, TYPE",LIN FT,LF,07,731.00,current,ne_ndot_english_standard_item_list_2010,123,stditeme06252010.pdf#page=123;item=4850.42
ne_ndot_catalog_4850.48,ne_ndot_4850.48,4850.48,"JACKING 48"" CULVERT PIPE, TYPE",LIN FT,LF,07,,current,ne_ndot_english_standard_item_list_2010,123,stditeme06252010.pdf#page=123;item=4850.48
ne_ndot_catalog_4850.54,ne_ndot_4850.54,4850.54,"JACKING 54"" CULVERT PIPE, TYPE",LIN FT,LF,07,731.00,current,ne_ndot_english_standard_item_list_2010,123,stditeme06252010.pdf#page=123;item=4850.54
ne_ndot_catalog_4850.55,ne_ndot_4850.55,4850.55,"JACKING 54"" CULVERT PIPE, TYPE",LIN FT,LF,07,,current,ne_ndot_english_standard_item_list_2010,123,stditeme06252010.pdf#page=123;item=4850.55
ne_ndot_catalog_4850.60,ne_ndot_4850.60,4850.60,"JACKING 60"" CULVERT PIPE, TYPE",LIN FT,LF,07,,current,ne_ndot_english_standard_item_list_2010,123,stditeme06252010.pdf#page=123;item=4850.60
ne_ndot_catalog_4850.66,ne_ndot_4850.66,4850.66,"JACKING 66"" CULVERT PIPE, TYPE",LIN FT,LF,07,731.00,current,ne_ndot_english_standard_item_list_2010,123,stditeme06252010.pdf#page=123;item=4850.66
ne_ndot_catalog_4850.72,ne_ndot_4850.72,4850.72,"JACKING 72"" CULVERT PIPE, TYPE",LIN FT,LF,07,731.00,current,ne_ndot_english_standard_item_list_2010,123,stditeme06252010.pdf#page=123;item=4850.72
ne_ndot_catalog_4850.84,ne_ndot_4850.84,4850.84,"JACKING 84"" CULVERT PIPE, TYPE",LIN FT,LF,07,731.00,current,ne_ndot_english_standard_item_list_2010,123,stditeme06252010.pdf#page=123;item=4850.84
ne_ndot_catalog_4851.08,ne_ndot_4851.08,4851.08,"JACKING 108"" CULVERT PIPE, TYPE",LIN FT,LF,07,731.00,current,ne_ndot_english_standard_item_list_2010,123,stditeme06252010.pdf#page=123;item=4851.08
ne_ndot_catalog_4852.15,ne_ndot_4852.15,4852.15,"JACKING 15"" STORM SEWER PIPE, TYPE",LIN FT,LF,07,,current,ne_ndot_english_standard_item_list_2010,123,stditeme06252010.pdf#page=123;item=4852.15
ne_ndot_catalog_4852.18,ne_ndot_4852.18,4852.18,"JACKING 18"" STORM SEWER PIPE, TYPE",LIN FT,LF,07,,current,ne_ndot_english_standard_item_list_2010,123,stditeme06252010.pdf#page=123;item=4852.18
ne_ndot_catalog_4852.24,ne_ndot_4852.24,4852.24,"JACKING 24"" STORM SEWER PIPE, TYPE",LIN FT,LF,07,,current,ne_ndot_english_standard_item_list_2010,123,stditeme06252010.pdf#page=123;item=4852.24
ne_ndot_catalog_4852.30,ne_ndot_4852.30,4852.30,"JACKING 30"" STORM SEWER PIPE, TYPE",LIN FT,LF,07,,current,ne_ndot_english_standard_item_list_2010,123,stditeme06252010.pdf#page=123;item=4852.30
ne_ndot_catalog_4852.36,ne_ndot_4852.36,4852.36,"JACKING 36"" STORM SEWER PIPE, TYPE",LIN FT,LF,07,,current,ne_ndot_english_standard_item_list_2010,123,stditeme06252010.pdf#page=123;item=4852.36
ne_ndot_catalog_4852.42,ne_ndot_4852.42,4852.42,"JACKING 42"" STORM SEWER PIPE, TYPE",LIN FT,LF,07,,current,ne_ndot_english_standard_item_list_2010,123,stditeme06252010.pdf#page=123;item=4852.42
ne_ndot_catalog_4852.48,ne_ndot_4852.48,4852.48,"JACKING 48"" STORM SEWER PIPE, TYPE",LIN FT,LF,07,,current,ne_ndot_english_standard_item_list_2010,123,stditeme06252010.pdf#page=123;item=4852.48
ne_ndot_catalog_4852.54,ne_ndot_4852.54,4852.54,"JACKING 54"" STORM SEWER PIPE, TYPE",LIN FT,LF,07,,current,ne_ndot_english_standard_item_list_2010,124,stditeme06252010.pdf#page=124;item=4852.54
ne_ndot_catalog_4852.60,ne_ndot_4852.60,4852.60,"JACKING 60"" STORM SEWER PIPE, TYPE",LIN FT,LF,07,,current,ne_ndot_english_standard_item_list_2010,124,stditeme06252010.pdf#page=124;item=4852.60
ne_ndot_catalog_4852.66,ne_ndot_4852.66,4852.66,"JACKING 66"" STORM SEWER PIPE, TYPE",LIN FT,LF,07,,current,ne_ndot_english_standard_item_list_2010,124,stditeme06252010.pdf#page=124;item=4852.66
ne_ndot_catalog_4852.72,ne_ndot_4852.72,4852.72,"JACKING 72"" STORM SEWER PIPE, TYPE",LIN FT,LF,07,,current,ne_ndot_english_standard_item_list_2010,124,stditeme06252010.pdf#page=124;item=4852.72
ne_ndot_catalog_4860.24,ne_ndot_4860.24,4860.24,"JACKING 24"" CULVERT PIPE, TYPE 2",LIN FT,LF,07,,current,ne_ndot_english_standard_item_list_2010,124,stditeme06252010.pdf#page=124;item=4860.24
ne_ndot_catalog_4860.36,ne_ndot_4860.36,4860.36,"JACKING 36"" CULVERT PIPE, TYPE 2",LIN FT,LF,07,,current,ne_ndot_english_standard_item_list_2010,124,stditeme06252010.pdf#page=124;item=4860.36
ne_ndot_catalog_4860.42,ne_ndot_4860.42,4860.42,"JACKING 42"" CULVERT PIPE, TYPE 2",LIN FT,LF,07,,current,ne_ndot_english_standard_item_list_2010,124,stditeme06252010.pdf#page=124;item=4860.42
ne_ndot_catalog_4860.48,ne_ndot_4860.48,4860.48,"JACKING 48"" CULVERT PIPE, TYPE 2",LIN FT,LF,07,,current,ne_ndot_english_standard_item_list_2010,124,stditeme06252010.pdf#page=124;item=4860.48
ne_ndot_catalog_4870.15,ne_ndot_4870.15,4870.15,"JACKING 15"" STORM SEWER PIPE, TYPE 1 CLASS IV",LIN FT,LF,07,,current,ne_ndot_english_standard_item_list_2010,124,stditeme06252010.pdf#page=124;item=4870.15
ne_ndot_catalog_4875.18,ne_ndot_4875.18,4875.18,"JACKING 18"" STORM SEWER PIPE, TYPE 1 CLASS IV",LIN FT,LF,07,,current,ne_ndot_english_standard_item_list_2010,124,stditeme06252010.pdf#page=124;item=4875.18
ne_ndot_catalog_4875.24,ne_ndot_4875.24,4875.24,"JACKING 24"" STORM SEWER PIPE, TYPE 1 CLASS IV",LIN FT,LF,07,,current,ne_ndot_english_standard_item_list_2010,124,stditeme06252010.pdf#page=124;item=4875.24
ne_ndot_catalog_4875.30,ne_ndot_4875.30,4875.30,"JACKING 30"" STORM SEWER PIPE, TYPE 1 CLASS IV",LIN FT,LF,07,,current,ne_ndot_english_standard_item_list_2010,124,stditeme06252010.pdf#page=124;item=4875.30
ne_ndot_catalog_4875.36,ne_ndot_4875.36,4875.36,"JACKING 36"" STORM SEWER PIPE, TYPE 1, CLASS IV",LIN FT,LF,07,,current,ne_ndot_english_standard_item_list_2010,124,stditeme06252010.pdf#page=124;item=4875.36
ne_ndot_catalog_4875.42,ne_ndot_4875.42,4875.42,"JACKING 42"" STORM SEWER PIPE, TYPE 1 CLASS IV",LIN FT,LF,07,,current,ne_ndot_english_standard_item_list_2010,124,stditeme06252010.pdf#page=124;item=4875.42
ne_ndot_catalog_4875.48,ne_ndot_4875.48,4875.48,"JACKING 48"" STORM SEWER PIPE, TYPE 1 CLASS IV",LIN FT,LF,07,,current,ne_ndot_english_standard_item_list_2010,124,stditeme06252010.pdf#page=124;item=4875.48
ne_ndot_catalog_4875.54,ne_ndot_4875.54,4875.54,"JACKING 54"" STORM SEWER PIPE, TYPE 1 CLASS IV",LIN FT,LF,07,,current,ne_ndot_english_standard_item_list_2010,124,stditeme06252010.pdf#page=124;item=4875.54
ne_ndot_catalog_4880.12,ne_ndot_4880.12,4880.12,"JACKING 12"" CULVERT PIPE, TYPE 2 CLASS IV",LIN FT,LF,07,,current,ne_ndot_english_standard_item_list_2010,124,stditeme06252010.pdf#page=124;item=4880.12
ne_ndot_catalog_4880.24,ne_ndot_4880.24,4880.24,"JACKING 24"" CULVERT PIPE, TYPE 2 CLASS IV",LIN FT,LF,07,,current,ne_ndot_english_standard_item_list_2010,124,stditeme06252010.pdf#page=124;item=4880.24
ne_ndot_catalog_4880.30,ne_ndot_4880.30,4880.30,"JACKING 30"" CULVERT PIPE, TYPE 2 CLASS IV",LIN FT,LF,07,,current,ne_ndot_english_standard_item_list_2010,124,stditeme06252010.pdf#page=124;item=4880.30
ne_ndot_catalog_4880.36,ne_ndot_4880.36,4880.36,"JACKING 36"" CULVERT PIPE, TYPE 2 CLASS IV",LIN FT,LF,07,,current,ne_ndot_english_standard_item_list_2010,125,stditeme06252010.pdf#page=125;item=4880.36
ne_ndot_catalog_4880.42,ne_ndot_4880.42,4880.42,"JACKING 42"" CULVERT PIPE, TYPE 2 CLASS IV",LIN FT,LF,07,,current,ne_ndot_english_standard_item_list_2010,125,stditeme06252010.pdf#page=125;item=4880.42
ne_ndot_catalog_4880.48,ne_ndot_4880.48,4880.48,"JACKING 48"" CULVERT PIPE, TYPE 2 CLASS IV",LIN FT,LF,07,,current,ne_ndot_english_standard_item_list_2010,125,stditeme06252010.pdf#page=125;item=4880.48
ne_ndot_catalog_4880.54,ne_ndot_4880.54,4880.54,"JACKING 54"" CULVERT PIPE, TYPE 2 CLASS IV",LIN FT,LF,07,,current,ne_ndot_english_standard_item_list_2010,125,stditeme06252010.pdf#page=125;item=4880.54
ne_ndot_catalog_4880.60,ne_ndot_4880.60,4880.60,"JACKING 60"" CULVERT PIPE, TYPE 2 CLASS IV",LIN FT,LF,07,,current,ne_ndot_english_standard_item_list_2010,125,stditeme06252010.pdf#page=125;item=4880.60
ne_ndot_catalog_4880.66,ne_ndot_4880.66,4880.66,"JACKING 66"" CULVERT PIPE, TYPE 2 CLASS IV",LIN FT,LF,07,,current,ne_ndot_english_standard_item_list_2010,125,stditeme06252010.pdf#page=125;item=4880.66
ne_ndot_catalog_4880.72,ne_ndot_4880.72,4880.72,"JACKING 72"" CULVERT PIPE, TYPE 2 CLASS IV",LIN FT,LF,07,,current,ne_ndot_english_standard_item_list_2010,125,stditeme06252010.pdf#page=125;item=4880.72
ne_ndot_catalog_4880.84,ne_ndot_4880.84,4880.84,"JACKING 84"" CULVERT PIPE, TYPE 2 CLASS IV",LIN FT,LF,07,,current,ne_ndot_english_standard_item_list_2010,125,stditeme06252010.pdf#page=125;item=4880.84
ne_ndot_catalog_4885.42,ne_ndot_4885.42,4885.42,"JACKING 42"" CULVERT PIPE, TYPE 2 CLASS V",LIN FT,LF,07,,current,ne_ndot_english_standard_item_list_2010,125,stditeme06252010.pdf#page=125;item=4885.42
ne_ndot_catalog_4885.48,ne_ndot_4885.48,4885.48,"JACKING 48"" CULVERT PIPE, TYPE 2 CLASS V",LIN FT,LF,07,,current,ne_ndot_english_standard_item_list_2010,125,stditeme06252010.pdf#page=125;item=4885.48
ne_ndot_catalog_4885.78,ne_ndot_4885.78,4885.78,"JACKING 78"" CULVERT PIPE, TYPE 2 CLASS V",LIN FT,LF,07,,current,ne_ndot_english_standard_item_list_2010,125,stditeme06252010.pdf#page=125;item=4885.78
ne_ndot_catalog_4890.24,ne_ndot_4890.24,4890.24,"JACKING 24"" ROUND EQUIVALENT CULVERT PIPE, TYPE 2, CLASS IV",LIN FT,LF,07,,current,ne_ndot_english_standard_item_list_2010,125,stditeme06252010.pdf#page=125;item=4890.24
ne_ndot_catalog_4890.30,ne_ndot_4890.30,4890.30,"JACKING 30"" ROUND EQUIVALENT CULVERT PIPE, TYPE 2 CLASS IV",LIN FT,LF,07,,current,ne_ndot_english_standard_item_list_2010,125,stditeme06252010.pdf#page=125;item=4890.30
ne_ndot_catalog_4890.36,ne_ndot_4890.36,4890.36,"JACKING 36"" ROUND EQUIVALENT CULVERT PIPE, TYPE 2 CLASS IV",LIN FT,LF,07,,current,ne_ndot_english_standard_item_list_2010,125,stditeme06252010.pdf#page=125;item=4890.36
ne_ndot_catalog_4890.42,ne_ndot_4890.42,4890.42,"JACKING 42"" ROUND EQUIVALENT CULVERT PIPE, TYPE 2, CLASS IV",LIN FT,LF,07,,current,ne_ndot_english_standard_item_list_2010,125,stditeme06252010.pdf#page=125;item=4890.42
ne_ndot_catalog_4900.05,ne_ndot_4900.05,4900.05,CURED IN PLACE PIPE,LIN FT,LF,07,,current,ne_ndot_english_standard_item_list_2010,125,stditeme06252010.pdf#page=125;item=4900.05
ne_ndot_catalog_4900.10,ne_ndot_4900.10,4900.10,GASKET,EACH,EACH,07,,current,ne_ndot_english_standard_item_list_2010,125,stditeme06252010.pdf#page=125;item=4900.10
ne_ndot_catalog_4900.11,ne_ndot_4900.11,4900.11,CONCRETE CULVERT REPAIR,SQ YD,SY,07,,current,ne_ndot_english_standard_item_list_2010,125,stditeme06252010.pdf#page=125;item=4900.11
ne_ndot_catalog_4900.12,ne_ndot_4900.12,4900.12,SHOTCRETE REPAIR,SQ YD,SY,07,,current,ne_ndot_english_standard_item_list_2010,125,stditeme06252010.pdf#page=125;item=4900.12
ne_ndot_catalog_4900.13,ne_ndot_4900.13,4900.13,SHOTCRETE,SQ YD,SY,07,,current,ne_ndot_english_standard_item_list_2010,126,stditeme06252010.pdf#page=126;item=4900.13
ne_ndot_catalog_4900.15,ne_ndot_4900.15,4900.15,STEEL DIAPHRAGM,EACH,EACH,07,,current,ne_ndot_english_standard_item_list_2010,126,stditeme06252010.pdf#page=126;item=4900.15
ne_ndot_catalog_4900.20,ne_ndot_4900.20,4900.20,STILLING BASIN,EACH,EACH,07,,current,ne_ndot_english_standard_item_list_2010,126,stditeme06252010.pdf#page=126;item=4900.20
ne_ndot_catalog_4900.21,ne_ndot_4900.21,4900.21,CATCH BASIN,EACH,EACH,07,,current,ne_ndot_english_standard_item_list_2010,126,stditeme06252010.pdf#page=126;item=4900.21
ne_ndot_catalog_4900.24,ne_ndot_4900.24,4900.24,AREA INLET SEDIMENT FILTER,EACH,EACH,07,,current,ne_ndot_english_standard_item_list_2010,126,stditeme06252010.pdf#page=126;item=4900.24
ne_ndot_catalog_4900.25,ne_ndot_4900.25,4900.25,CURB INLET SEDIMENT FILTER,EACH,EACH,07,,current,ne_ndot_english_standard_item_list_2010,126,stditeme06252010.pdf#page=126;item=4900.25
ne_ndot_catalog_4900.26,ne_ndot_4900.26,4900.26,CONCRETE HEADWALL,EACH,EACH,07,,current,ne_ndot_english_standard_item_list_2010,126,stditeme06252010.pdf#page=126;item=4900.26
ne_ndot_catalog_4900.27,ne_ndot_4900.27,4900.27,CURB INLET SEDIMENT FILTER,LIN FT,LF,07,,current,ne_ndot_english_standard_item_list_2010,126,stditeme06252010.pdf#page=126;item=4900.27
ne_ndot_catalog_4900.31,ne_ndot_4900.31,4900.31,ELBOW,EACH,EACH,07,,current,ne_ndot_english_standard_item_list_2010,126,stditeme06252010.pdf#page=126;item=4900.31
ne_ndot_catalog_4900.33,ne_ndot_4900.33,4900.33,REDUCTION,LUMP SUM,LS,07,,current,ne_ndot_english_standard_item_list_2010,126,stditeme06252010.pdf#page=126;item=4900.33
ne_ndot_catalog_4900.50,ne_ndot_4900.50,4900.50,RETROFITTING,EACH,EACH,07,,current,ne_ndot_english_standard_item_list_2010,126,stditeme06252010.pdf#page=126;item=4900.50
ne_ndot_catalog_4900.54,ne_ndot_4900.54,4900.54,CONNECT,EACH,EACH,07,,current,ne_ndot_english_standard_item_list_2010,126,stditeme06252010.pdf#page=126;item=4900.54
ne_ndot_catalog_4900.55,ne_ndot_4900.55,4900.55,INSTALL,EACH,EACH,07,,current,ne_ndot_english_standard_item_list_2010,126,stditeme06252010.pdf#page=126;item=4900.55
ne_ndot_catalog_4900.56,ne_ndot_4900.56,4900.56,ADJUST,EACH,EACH,07,,current,ne_ndot_english_standard_item_list_2010,126,stditeme06252010.pdf#page=126;item=4900.56
ne_ndot_catalog_4900.57,ne_ndot_4900.57,4900.57,CONNECT,LIN FT,LF,07,,current,ne_ndot_english_standard_item_list_2010,126,stditeme06252010.pdf#page=126;item=4900.57
ne_ndot_catalog_4900.58,ne_ndot_4900.58,4900.58,RECONNECT,EACH,EACH,07,,current,ne_ndot_english_standard_item_list_2010,126,stditeme06252010.pdf#page=126;item=4900.58
ne_ndot_catalog_4900.59,ne_ndot_4900.59,4900.59,REINSTATE,EACH,EACH,07,,current,ne_ndot_english_standard_item_list_2010,126,stditeme06252010.pdf#page=126;item=4900.59
ne_ndot_catalog_4900.60,ne_ndot_4900.60,4900.60,CONNECT,LUMP SUM,LS,07,,current,ne_ndot_english_standard_item_list_2010,126,stditeme06252010.pdf#page=126;item=4900.60
ne_ndot_catalog_4900.65,ne_ndot_4900.65,4900.65,GATEWELL STRUCTURE,LUMP SUM,LS,07,,current,ne_ndot_english_standard_item_list_2010,126,stditeme06252010.pdf#page=126;item=4900.65
ne_ndot_catalog_4900.66,ne_ndot_4900.66,4900.66,CONCRETE CRADLE,LIN FT,LF,07,,current,ne_ndot_english_standard_item_list_2010,127,stditeme06252010.pdf#page=127;item=4900.66
ne_ndot_catalog_4900.75,ne_ndot_4900.75,4900.75,CONCRETE DRAINAGE SPREADER,EACH,EACH,07,,current,ne_ndot_english_standard_item_list_2010,127,stditeme06252010.pdf#page=127;item=4900.75
ne_ndot_catalog_4901.02,ne_ndot_4901.02,4901.02,PUMPING SEPTIC TANK,EACH,EACH,07,,current,ne_ndot_english_standard_item_list_2010,127,stditeme06252010.pdf#page=127;item=4901.02
ne_ndot_catalog_4910.00,ne_ndot_4910.00,4910.00,TELEVISION INSPECTION,LIN FT,LF,07,,current,ne_ndot_english_standard_item_list_2010,127,stditeme06252010.pdf#page=127;item=4910.00
ne_ndot_catalog_4910.25,ne_ndot_4910.25,4910.25,DEWATERING,LIN FT,LF,07,,current,ne_ndot_english_standard_item_list_2010,127,stditeme06252010.pdf#page=127;item=4910.25
ne_ndot_catalog_4910.30,ne_ndot_4910.30,4910.30,TRENCH STABILIZATION,TON,TON,07,,current,ne_ndot_english_standard_item_list_2010,127,stditeme06252010.pdf#page=127;item=4910.30
ne_ndot_catalog_4910.50,ne_ndot_4910.50,4910.50,LOW PRESSURE TESTING,LUMP SUM,LS,07,,current,ne_ndot_english_standard_item_list_2010,127,stditeme06252010.pdf#page=127;item=4910.50
ne_ndot_catalog_4920.00,ne_ndot_4920.00,4920.00,INLINE WATER CONTROL STRUCTURE,EACH,EACH,07,,current,ne_ndot_english_standard_item_list_2010,127,stditeme06252010.pdf#page=127;item=4920.00
ne_ndot_catalog_4920.02,ne_ndot_4920.02,4920.02,INLET WATER CONTROL STRUCTURE,EACH,EACH,07,,current,ne_ndot_english_standard_item_list_2010,127,stditeme06252010.pdf#page=127;item=4920.02
ne_ndot_catalog_4920.10,ne_ndot_4920.10,4920.10,REMOVE AND SALVAGE INLET CONTROL STRUCTURE,EACH,EACH,07,,current,ne_ndot_english_standard_item_list_2010,127,stditeme06252010.pdf#page=127;item=4920.10
ne_ndot_catalog_4925.00,ne_ndot_4925.00,4925.00,NOISE BARRIER,SQ FT,SF,07,,current,ne_ndot_english_standard_item_list_2010,127,stditeme06252010.pdf#page=127;item=4925.00
ne_ndot_catalog_4925.01,ne_ndot_4925.01,4925.01,NOISE BARRIER,SQ FT,SF,07,,current,ne_ndot_english_standard_item_list_2010,127,stditeme06252010.pdf#page=127;item=4925.01
ne_ndot_catalog_4940.05,ne_ndot_4940.05,4940.05,DEDUCTION,LIN FT,LF,07,,current,ne_ndot_english_standard_item_list_2010,127,stditeme06252010.pdf#page=127;item=4940.05
ne_ndot_catalog_4940.10,ne_ndot_4940.10,4940.10,LOCATE,EACH,EACH,07,,current,ne_ndot_english_standard_item_list_2010,127,stditeme06252010.pdf#page=127;item=4940.10
ne_ndot_catalog_4955.00,ne_ndot_4955.00,4955.00,STORM WATER DRAIN,EACH,EACH,07,,current,ne_ndot_english_standard_item_list_2010,127,stditeme06252010.pdf#page=127;item=4955.00
ne_ndot_catalog_4972.04,ne_ndot_4972.04,4972.04,RESTOCK,EACH,EACH,07,,current,ne_ndot_english_standard_item_list_2010,127,stditeme06252010.pdf#page=127;item=4972.04
ne_ndot_catalog_4974.00,ne_ndot_4974.00,4974.00,GROUT FOR PATCHING,SACK,SACK,07,,current,ne_ndot_english_standard_item_list_2010,127,stditeme06252010.pdf#page=127;item=4974.00
ne_ndot_catalog_4975.00,ne_ndot_4975.00,4975.00,LEFTOVER CONCRETE MIX,CU YD,CY,07,,current,ne_ndot_english_standard_item_list_2010,127,stditeme06252010.pdf#page=127;item=4975.00
ne_ndot_catalog_4976.05,ne_ndot_4976.05,4976.05,ADDITIONAL WORK,LUMP SUM,LS,07,,current,ne_ndot_english_standard_item_list_2010,127,stditeme06252010.pdf#page=127;item=4976.05
ne_ndot_catalog_4976.08,ne_ndot_4976.08,4976.08,ADDITIONAL COST,LIN FT,LF,07,,current,ne_ndot_english_standard_item_list_2010,128,stditeme06252010.pdf#page=128;item=4976.08
ne_ndot_catalog_4976.10,ne_ndot_4976.10,4976.10,MODIFICATION,LUMP SUM,LS,07,,current,ne_ndot_english_standard_item_list_2010,128,stditeme06252010.pdf#page=128;item=4976.10
ne_ndot_catalog_4976.20,ne_ndot_4976.20,4976.20,SANITARY SEWER MODIFICATION,EACH,EACH,07,,current,ne_ndot_english_standard_item_list_2010,128,stditeme06252010.pdf#page=128;item=4976.20
ne_ndot_catalog_4977.00,ne_ndot_4977.00,4977.00,DELIVERED NOT USED,EACH,EACH,07,,current,ne_ndot_english_standard_item_list_2010,128,stditeme06252010.pdf#page=128;item=4977.00
ne_ndot_catalog_4977.02,ne_ndot_4977.02,4977.02,DELIVERY,LUMP SUM,LS,07,,current,ne_ndot_english_standard_item_list_2010,128,stditeme06252010.pdf#page=128;item=4977.02
ne_ndot_catalog_4977.03,ne_ndot_4977.03,4977.03,SPECIAL DELIVERY,EACH,EACH,07,,current,ne_ndot_english_standard_item_list_2010,128,stditeme06252010.pdf#page=128;item=4977.03
ne_ndot_catalog_4977.04,ne_ndot_4977.04,4977.04,RESTOCK,EACH,EACH,07,,current,ne_ndot_english_standard_item_list_2010,128,stditeme06252010.pdf#page=128;item=4977.04
ne_ndot_catalog_4977.10,ne_ndot_4977.10,4977.10,COMPRESSIVE STRENGTH BREAK,EACH,EACH,07,,current,ne_ndot_english_standard_item_list_2010,128,stditeme06252010.pdf#page=128;item=4977.10
ne_ndot_catalog_4990.00,ne_ndot_4990.00,4990.00,FORCE ACCOUNT CULVERT WORK,LUMP SUM,LS,07,,current,ne_ndot_english_standard_item_list_2010,128,stditeme06252010.pdf#page=128;item=4990.00
ne_ndot_catalog_4990.01,ne_ndot_4990.01,4990.01,FORCE ACCOUNT IRRIGATION STRUCTURE WORK,LUMP SUM,LS,07,,current,ne_ndot_english_standard_item_list_2010,128,stditeme06252010.pdf#page=128;item=4990.01
ne_ndot_catalog_4990.10,ne_ndot_4990.10,4990.10,HAUL,LUMP SUM,LS,07,,current,ne_ndot_english_standard_item_list_2010,128,stditeme06252010.pdf#page=128;item=4990.10
ne_ndot_catalog_4998.00,ne_ndot_4998.00,4998.00,REMOVE LIFT STATION,EACH,EACH,07,,current,ne_ndot_english_standard_item_list_2010,128,stditeme06252010.pdf#page=128;item=4998.00
ne_ndot_catalog_4998.10,ne_ndot_4998.10,4998.10,LIFT STATION,EACH,EACH,07,,current,ne_ndot_english_standard_item_list_2010,128,stditeme06252010.pdf#page=128;item=4998.10
ne_ndot_catalog_4999.02,ne_ndot_4999.02,4999.02,CONTROL JOINT,EACH,EACH,07,,current,ne_ndot_english_standard_item_list_2010,128,stditeme06252010.pdf#page=128;item=4999.02
ne_ndot_catalog_4999.30,ne_ndot_4999.30,4999.30,REPLACE CONCRETE INLET STRUCTURE,EACH,EACH,07,,current,ne_ndot_english_standard_item_list_2010,128,stditeme06252010.pdf#page=128;item=4999.30
ne_ndot_catalog_5006.00,ne_ndot_5006.00,5006.00,PUMPING STATION,EACH,EACH,07,,current,ne_ndot_english_standard_item_list_2010,128,stditeme06252010.pdf#page=128;item=5006.00
ne_ndot_catalog_5100.00,ne_ndot_5100.00,5100.00,REMOVAL OF EXISTING STRUCTURES,EACH,EACH,07,,current,ne_ndot_english_standard_item_list_2010,128,stditeme06252010.pdf#page=128;item=5100.00
ne_ndot_catalog_5500.00,ne_ndot_5500.00,5500.00,SCALE BUILDING,EACH,EACH,07,,current,ne_ndot_english_standard_item_list_2010,128,stditeme06252010.pdf#page=128;item=5500.00
ne_ndot_catalog_5500.01,ne_ndot_5500.01,5500.01,SCALE BUILDING,EACH,EACH,07,,current,ne_ndot_english_standard_item_list_2010,128,stditeme06252010.pdf#page=128;item=5500.01
ne_ndot_catalog_5500.05,ne_ndot_5500.05,5500.05,LINK BUILDING,EACH,EACH,07,,current,ne_ndot_english_standard_item_list_2010,129,stditeme06252010.pdf#page=129;item=5500.05
ne_ndot_catalog_5500.06,ne_ndot_5500.06,5500.06,LINK BUILDING,EACH,EACH,07,,current,ne_ndot_english_standard_item_list_2010,129,stditeme06252010.pdf#page=129;item=5500.06
ne_ndot_catalog_5500.10,ne_ndot_5500.10,5500.10,INSPECTION BUILDING,EACH,EACH,07,,current,ne_ndot_english_standard_item_list_2010,129,stditeme06252010.pdf#page=129;item=5500.10
ne_ndot_catalog_5500.11,ne_ndot_5500.11,5500.11,INSPECTION BUILDING,EACH,EACH,07,,current,ne_ndot_english_standard_item_list_2010,129,stditeme06252010.pdf#page=129;item=5500.11
ne_ndot_catalog_5500.50,ne_ndot_5500.50,5500.50,ELEVATOR BUILDING,LUMP SUM,LS,07,,current,ne_ndot_english_standard_item_list_2010,129,stditeme06252010.pdf#page=129;item=5500.50
ne_ndot_catalog_5800.00,ne_ndot_5800.00,5800.00,CONTOUR GRADING,EACH,EACH,07,,current,ne_ndot_english_standard_item_list_2010,129,stditeme06252010.pdf#page=129;item=5800.00
ne_ndot_catalog_5805.00,ne_ndot_5805.00,5805.00,FINISH GRADING,EACH,EACH,07,,current,ne_ndot_english_standard_item_list_2010,129,stditeme06252010.pdf#page=129;item=5805.00
ne_ndot_catalog_5805.01,ne_ndot_5805.01,5805.01,FINISH GRADING,EACH,EACH,07,,current,ne_ndot_english_standard_item_list_2010,129,stditeme06252010.pdf#page=129;item=5805.01
ne_ndot_catalog_5811.00,ne_ndot_5811.00,5811.00,VIEWING DECK,LUMP SUM,LS,07,,current,ne_ndot_english_standard_item_list_2010,129,stditeme06252010.pdf#page=129;item=5811.00
ne_ndot_catalog_5811.01,ne_ndot_5811.01,5811.01,VIEWING DECK,LUMP SUM,LS,07,,current,ne_ndot_english_standard_item_list_2010,129,stditeme06252010.pdf#page=129;item=5811.01
ne_ndot_catalog_5811.02,ne_ndot_5811.02,5811.02,VIEWING DECK,LUMP SUM,LS,07,,current,ne_ndot_english_standard_item_list_2010,129,stditeme06252010.pdf#page=129;item=5811.02
ne_ndot_catalog_5811.03,ne_ndot_5811.03,5811.03,CONCRETE VIEWING PLATFORM,EACH,EACH,07,,current,ne_ndot_english_standard_item_list_2010,129,stditeme06252010.pdf#page=129;item=5811.03
ne_ndot_catalog_5811.04,ne_ndot_5811.04,5811.04,WOOD DECK,LUMP SUM,LS,07,,current,ne_ndot_english_standard_item_list_2010,129,stditeme06252010.pdf#page=129;item=5811.04
ne_ndot_catalog_5812.00,ne_ndot_5812.00,5812.00,EXHIBIT BASE,EACH,EACH,07,,current,ne_ndot_english_standard_item_list_2010,129,stditeme06252010.pdf#page=129;item=5812.00
ne_ndot_catalog_5812.01,ne_ndot_5812.01,5812.01,PILLAR BASE,EACH,EACH,07,,current,ne_ndot_english_standard_item_list_2010,129,stditeme06252010.pdf#page=129;item=5812.01
ne_ndot_catalog_5815.00,ne_ndot_5815.00,5815.00,GENERAL RESTROOM BUILDING CONSTRUCTION,EACH,EACH,07,,current,ne_ndot_english_standard_item_list_2010,129,stditeme06252010.pdf#page=129;item=5815.00
ne_ndot_catalog_5816.00,ne_ndot_5816.00,5816.00,RESTROOM BUILDING MODIFICATION,EACH,EACH,07,,current,ne_ndot_english_standard_item_list_2010,129,stditeme06252010.pdf#page=129;item=5816.00
ne_ndot_catalog_5816.01,ne_ndot_5816.01,5816.01,RESTROOM BUILDING MODIFICATION,EACH,EACH,07,,current,ne_ndot_english_standard_item_list_2010,129,stditeme06252010.pdf#page=129;item=5816.01
ne_ndot_catalog_5816.02,ne_ndot_5816.02,5816.02,RESTROOM BUILDING MODIFICATION,EACH,EACH,07,,current,ne_ndot_english_standard_item_list_2010,129,stditeme06252010.pdf#page=129;item=5816.02
ne_ndot_catalog_5816.03,ne_ndot_5816.03,5816.03,RESTROOM BUILDING MODIFICATION,EACH,EACH,07,,current,ne_ndot_english_standard_item_list_2010,130,stditeme06252010.pdf#page=130;item=5816.03
ne_ndot_catalog_5816.04,ne_ndot_5816.04,5816.04,RESTROOM BUILDING MODIFICATION,EACH,EACH,07,,current,ne_ndot_english_standard_item_list_2010,130,stditeme06252010.pdf#page=130;item=5816.04
ne_ndot_catalog_5816.05,ne_ndot_5816.05,5816.05,RESTROOM BUILDING MODIFICATION,EACH,EACH,07,,current,ne_ndot_english_standard_item_list_2010,130,stditeme06252010.pdf#page=130;item=5816.05
ne_ndot_catalog_5817.00,ne_ndot_5817.00,5817.00,HISTORICAL MARKER WALL,EACH,EACH,07,,current,ne_ndot_english_standard_item_list_2010,130,stditeme06252010.pdf#page=130;item=5817.00
ne_ndot_catalog_5818.00,ne_ndot_5818.00,5818.00,PLAY AREA,EACH,EACH,07,,current,ne_ndot_english_standard_item_list_2010,130,stditeme06252010.pdf#page=130;item=5818.00
ne_ndot_catalog_5819.00,ne_ndot_5819.00,5819.00,BUILDING HEATER,EACH,EACH,07,,current,ne_ndot_english_standard_item_list_2010,130,stditeme06252010.pdf#page=130;item=5819.00
ne_ndot_catalog_5820.00,ne_ndot_5820.00,5820.00,GENERAL CONSTRUCTION FOR SCALE BUILDING,LUMP SUM,LS,07,,current,ne_ndot_english_standard_item_list_2010,130,stditeme06252010.pdf#page=130;item=5820.00
ne_ndot_catalog_5820.01,ne_ndot_5820.01,5820.01,GENERAL CONSTRUCTION,LUMP SUM,LS,07,,current,ne_ndot_english_standard_item_list_2010,130,stditeme06252010.pdf#page=130;item=5820.01
ne_ndot_catalog_5820.10,ne_ndot_5820.10,5820.10,MECHANICAL WORK FOR SCALE BUILDING,LUMP SUM,LS,07,,current,ne_ndot_english_standard_item_list_2010,130,stditeme06252010.pdf#page=130;item=5820.10
ne_ndot_catalog_5820.20,ne_ndot_5820.20,5820.20,ELECTRICAL WORK FOR SCALE BUILDING,LUMP SUM,LS,07,,current,ne_ndot_english_standard_item_list_2010,130,stditeme06252010.pdf#page=130;item=5820.20
ne_ndot_catalog_5820.30,ne_ndot_5820.30,5820.30,"TRUCK SCALE, WEIGH BRIDGE, PIT AND APPROACHES",LUMP SUM,LS,07,,current,ne_ndot_english_standard_item_list_2010,130,stditeme06252010.pdf#page=130;item=5820.30
ne_ndot_catalog_5820.35,ne_ndot_5820.35,5820.35,GENERAL SCALE BUILDING CONSTRUCTION,EACH,EACH,07,,current,ne_ndot_english_standard_item_list_2010,130,stditeme06252010.pdf#page=130;item=5820.35
ne_ndot_catalog_5820.40,ne_ndot_5820.40,5820.40,MECHANICAL WORK FOR SCALE BUILDING,EACH,EACH,07,,current,ne_ndot_english_standard_item_list_2010,130,stditeme06252010.pdf#page=130;item=5820.40
ne_ndot_catalog_5820.45,ne_ndot_5820.45,5820.45,ELECTRICAL WORK FOR SCALE BUILDING,EACH,EACH,07,,current,ne_ndot_english_standard_item_list_2010,130,stditeme06252010.pdf#page=130;item=5820.45
ne_ndot_catalog_5820.50,ne_ndot_5820.50,5820.50,WEIGH BRIDGE CONSTRUCTION AND INSTRUMENTS,EACH,EACH,07,,current,ne_ndot_english_standard_item_list_2010,130,stditeme06252010.pdf#page=130;item=5820.50
ne_ndot_catalog_5820.52,ne_ndot_5820.52,5820.52,SPLIT SCALE DECK AND INSTRUMENTS,EACH,EACH,07,,current,ne_ndot_english_standard_item_list_2010,130,stditeme06252010.pdf#page=130;item=5820.52
ne_ndot_catalog_5820.55,ne_ndot_5820.55,5820.55,STATIC TRUCK SCALE,EACH,EACH,07,,current,ne_ndot_english_standard_item_list_2010,130,stditeme06252010.pdf#page=130;item=5820.55
ne_ndot_catalog_5820.60,ne_ndot_5820.60,5820.60,TRACKING SYSTEM,EACH,EACH,07,,current,ne_ndot_english_standard_item_list_2010,130,stditeme06252010.pdf#page=130;item=5820.60
ne_ndot_catalog_5821.00,ne_ndot_5821.00,5821.00,WEIGH-IN-MOTION BUILDING,LUMP SUM,LS,07,,current,ne_ndot_english_standard_item_list_2010,130,stditeme06252010.pdf#page=130;item=5821.00
ne_ndot_catalog_5821.10,ne_ndot_5821.10,5821.10,WEIGH-IN-MOTION SYSTEM,EACH,EACH,07,,current,ne_ndot_english_standard_item_list_2010,131,stditeme06252010.pdf#page=131;item=5821.10
ne_ndot_catalog_5821.11,ne_ndot_5821.11,5821.11,WEIGH-IN-MOTION SYSTEM,EACH,EACH,07,,current,ne_ndot_english_standard_item_list_2010,131,stditeme06252010.pdf#page=131;item=5821.11
ne_ndot_catalog_5822.00,ne_ndot_5822.00,5822.00,DEWATERING EASTBOUND SCALE PIT,LUMP SUM,LS,07,,current,ne_ndot_english_standard_item_list_2010,131,stditeme06252010.pdf#page=131;item=5822.00
ne_ndot_catalog_5822.02,ne_ndot_5822.02,5822.02,DEWATERING EASTBOUND INSPECTION PIT,LUMP SUM,LS,07,,current,ne_ndot_english_standard_item_list_2010,131,stditeme06252010.pdf#page=131;item=5822.02
ne_ndot_catalog_5822.03,ne_ndot_5822.03,5822.03,DEWATERING WESTBOUND INSPECTION PIT,LUMP SUM,LS,07,,current,ne_ndot_english_standard_item_list_2010,131,stditeme06252010.pdf#page=131;item=5822.03
ne_ndot_catalog_5825.00,ne_ndot_5825.00,5825.00,MECHANICAL WORK FOR RESTROOM BUILDING,EACH,EACH,07,,current,ne_ndot_english_standard_item_list_2010,131,stditeme06252010.pdf#page=131;item=5825.00
ne_ndot_catalog_5830.00,ne_ndot_5830.00,5830.00,ELECTRICAL WORK FOR RESTROOM BUILDING,EACH,EACH,07,,current,ne_ndot_english_standard_item_list_2010,131,stditeme06252010.pdf#page=131;item=5830.00
ne_ndot_catalog_5850.00,ne_ndot_5850.00,5850.00,TRASH ENCLOSURE,EACH,EACH,07,,current,ne_ndot_english_standard_item_list_2010,131,stditeme06252010.pdf#page=131;item=5850.00
ne_ndot_catalog_5860.00,ne_ndot_5860.00,5860.00,REMOVE AND REINSTALL BUS STOP ENCLOSURE,EACH,EACH,07,,current,ne_ndot_english_standard_item_list_2010,131,stditeme06252010.pdf#page=131;item=5860.00
ne_ndot_catalog_5860.02,ne_ndot_5860.02,5860.02,BUS SHELTERS,LUMP SUM,LS,07,,current,ne_ndot_english_standard_item_list_2010,131,stditeme06252010.pdf#page=131;item=5860.02
ne_ndot_catalog_5860.10,ne_ndot_5860.10,5860.10,SITE FURNISHINGS,LUMP SUM,LS,07,,current,ne_ndot_english_standard_item_list_2010,131,stditeme06252010.pdf#page=131;item=5860.10
ne_ndot_catalog_5875.00,ne_ndot_5875.00,5875.00,SOLAR ENERGY SYSTEM,EACH,EACH,07,,current,ne_ndot_english_standard_item_list_2010,131,stditeme06252010.pdf#page=131;item=5875.00
ne_ndot_catalog_5875.10,ne_ndot_5875.10,5875.10,SPRINKLER SYSTEM,EACH,EACH,07,,current,ne_ndot_english_standard_item_list_2010,131,stditeme06252010.pdf#page=131;item=5875.10
ne_ndot_catalog_5875.15,ne_ndot_5875.15,5875.15,SPRINKLER SYSTEM,LUMP SUM,LS,07,,current,ne_ndot_english_standard_item_list_2010,131,stditeme06252010.pdf#page=131;item=5875.15
ne_ndot_catalog_5875.50,ne_ndot_5875.50,5875.50,MONITORING SYSTEM,EACH,EACH,07,,current,ne_ndot_english_standard_item_list_2010,131,stditeme06252010.pdf#page=131;item=5875.50
ne_ndot_catalog_5875.60,ne_ndot_5875.60,5875.60,AREA LIGHTING,EACH,EACH,07,,current,ne_ndot_english_standard_item_list_2010,131,stditeme06252010.pdf#page=131;item=5875.60
ne_ndot_catalog_5875.75,ne_ndot_5875.75,5875.75,TREATMENT SYSTEM,EACH,EACH,07,,current,ne_ndot_english_standard_item_list_2010,131,stditeme06252010.pdf#page=131;item=5875.75
ne_ndot_catalog_5875.76,ne_ndot_5875.76,5875.76,VALVE PIT/CONTROL BUILDING,EACH,EACH,07,,current,ne_ndot_english_standard_item_list_2010,131,stditeme06252010.pdf#page=131;item=5875.76
ne_ndot_catalog_5875.77,ne_ndot_5875.77,5875.77,ELECTRICAL WORK FOR TREATMENT SYSTEM,EACH,EACH,07,,current,ne_ndot_english_standard_item_list_2010,131,stditeme06252010.pdf#page=131;item=5875.77
ne_ndot_catalog_5875.78,ne_ndot_5875.78,5875.78,ABANDONMENT OF TREATMENT PLANT,EACH,EACH,07,,current,ne_ndot_english_standard_item_list_2010,132,stditeme06252010.pdf#page=132;item=5875.78
ne_ndot_catalog_5875.79,ne_ndot_5875.79,5875.79,ABSORPTION FIELD,EACH,EACH,07,,current,ne_ndot_english_standard_item_list_2010,132,stditeme06252010.pdf#page=132;item=5875.79
ne_ndot_catalog_5875.80,ne_ndot_5875.80,5875.80,RECIRCULATING SAND FILTER,EACH,EACH,07,,current,ne_ndot_english_standard_item_list_2010,132,stditeme06252010.pdf#page=132;item=5875.80
ne_ndot_catalog_5875.85,ne_ndot_5875.85,5875.85,ADDITIONAL SAND FILL,EACH,EACH,07,,current,ne_ndot_english_standard_item_list_2010,132,stditeme06252010.pdf#page=132;item=5875.85
ne_ndot_catalog_5876.00,ne_ndot_5876.00,5876.00,REPLACE,LUMP SUM,LS,07,,current,ne_ndot_english_standard_item_list_2010,132,stditeme06252010.pdf#page=132;item=5876.00
ne_ndot_catalog_5876.02,ne_ndot_5876.02,5876.02,DELETE,LUMP SUM,LS,07,,current,ne_ndot_english_standard_item_list_2010,132,stditeme06252010.pdf#page=132;item=5876.02
ne_ndot_catalog_5879.00,ne_ndot_5879.00,5879.00,DOOR,EACH,EACH,07,,current,ne_ndot_english_standard_item_list_2010,132,stditeme06252010.pdf#page=132;item=5879.00
ne_ndot_catalog_5880.00,ne_ndot_5880.00,5880.00,OVERHEAD DOOR,EACH,EACH,07,,current,ne_ndot_english_standard_item_list_2010,132,stditeme06252010.pdf#page=132;item=5880.00
ne_ndot_catalog_5881.00,ne_ndot_5881.00,5881.00,WALL MODIFICATION,EACH,EACH,07,,current,ne_ndot_english_standard_item_list_2010,132,stditeme06252010.pdf#page=132;item=5881.00
ne_ndot_catalog_5881.01,ne_ndot_5881.01,5881.01,WALL MODIFICATION,EACH,EACH,07,,current,ne_ndot_english_standard_item_list_2010,132,stditeme06252010.pdf#page=132;item=5881.01
ne_ndot_catalog_5881.02,ne_ndot_5881.02,5881.02,WALL MODIFICATION,EACH,EACH,07,,current,ne_ndot_english_standard_item_list_2010,132,stditeme06252010.pdf#page=132;item=5881.02
ne_ndot_catalog_5881.10,ne_ndot_5881.10,5881.10,MONUMENT WALL,LUMP SUM,LS,07,,current,ne_ndot_english_standard_item_list_2010,132,stditeme06252010.pdf#page=132;item=5881.10
ne_ndot_catalog_5885.00,ne_ndot_5885.00,5885.00,DOCK MODIFICATION,EACH,EACH,07,,current,ne_ndot_english_standard_item_list_2010,132,stditeme06252010.pdf#page=132;item=5885.00
ne_ndot_catalog_5895.00,ne_ndot_5895.00,5895.00,SITE RESTORATION,LUMP SUM,LS,07,,current,ne_ndot_english_standard_item_list_2010,132,stditeme06252010.pdf#page=132;item=5895.00
ne_ndot_catalog_5895.25,ne_ndot_5895.25,5895.25,SITE WORK,EACH,EACH,07,,current,ne_ndot_english_standard_item_list_2010,132,stditeme06252010.pdf#page=132;item=5895.25
ne_ndot_catalog_5896.00,ne_ndot_5896.00,5896.00,SCULPTURE RESTORATION,EACH,EACH,07,,current,ne_ndot_english_standard_item_list_2010,132,stditeme06252010.pdf#page=132;item=5896.00
ne_ndot_catalog_5896.05,ne_ndot_5896.05,5896.05,MISCELLANEOUS CONCRETE REPLACEMENT,SQ YD,SY,07,,current,ne_ndot_english_standard_item_list_2010,132,stditeme06252010.pdf#page=132;item=5896.05
ne_ndot_catalog_5899.01,ne_ndot_5899.01,5899.01,GENERAL CONDITIONS,EACH,EACH,07,,current,ne_ndot_english_standard_item_list_2010,132,stditeme06252010.pdf#page=132;item=5899.01
ne_ndot_catalog_5899.02,ne_ndot_5899.02,5899.02,EXISTING CONDITIONS,EACH,EACH,07,,current,ne_ndot_english_standard_item_list_2010,132,stditeme06252010.pdf#page=132;item=5899.02
ne_ndot_catalog_5899.03,ne_ndot_5899.03,5899.03,CONCRETE,EACH,EACH,07,,current,ne_ndot_english_standard_item_list_2010,133,stditeme06252010.pdf#page=133;item=5899.03
ne_ndot_catalog_5899.04,ne_ndot_5899.04,5899.04,MASONRY,EACH,EACH,07,,current,ne_ndot_english_standard_item_list_2010,133,stditeme06252010.pdf#page=133;item=5899.04
ne_ndot_catalog_5899.05,ne_ndot_5899.05,5899.05,METALS,EACH,EACH,07,,current,ne_ndot_english_standard_item_list_2010,133,stditeme06252010.pdf#page=133;item=5899.05
ne_ndot_catalog_5899.06,ne_ndot_5899.06,5899.06,"WOOD, PLASTICS AND COMPOSITIES",EACH,EACH,07,,current,ne_ndot_english_standard_item_list_2010,133,stditeme06252010.pdf#page=133;item=5899.06
ne_ndot_catalog_5899.07,ne_ndot_5899.07,5899.07,THERMAL AND MOISTURE PROTECTION,EACH,EACH,07,,current,ne_ndot_english_standard_item_list_2010,133,stditeme06252010.pdf#page=133;item=5899.07
ne_ndot_catalog_5899.08,ne_ndot_5899.08,5899.08,OPENINGS,EACH,EACH,07,,current,ne_ndot_english_standard_item_list_2010,133,stditeme06252010.pdf#page=133;item=5899.08
ne_ndot_catalog_5899.09,ne_ndot_5899.09,5899.09,FINISHES,EACH,EACH,07,,current,ne_ndot_english_standard_item_list_2010,133,stditeme06252010.pdf#page=133;item=5899.09
ne_ndot_catalog_5899.10,ne_ndot_5899.10,5899.10,SPECIALTIES,EACH,EACH,07,,current,ne_ndot_english_standard_item_list_2010,133,stditeme06252010.pdf#page=133;item=5899.10
ne_ndot_catalog_5899.11,ne_ndot_5899.11,5899.11,EQUIPMENT,EACH,EACH,07,,current,ne_ndot_english_standard_item_list_2010,133,stditeme06252010.pdf#page=133;item=5899.11
ne_ndot_catalog_5899.12,ne_ndot_5899.12,5899.12,FURNISHINGS,EACH,EACH,07,,current,ne_ndot_english_standard_item_list_2010,133,stditeme06252010.pdf#page=133;item=5899.12
ne_ndot_catalog_5899.13,ne_ndot_5899.13,5899.13,SPECIAL CONSTRUCTION,EACH,EACH,07,,current,ne_ndot_english_standard_item_list_2010,133,stditeme06252010.pdf#page=133;item=5899.13
ne_ndot_catalog_5899.14,ne_ndot_5899.14,5899.14,CONVEYING EQUIPMENT,EACH,EACH,07,,current,ne_ndot_english_standard_item_list_2010,133,stditeme06252010.pdf#page=133;item=5899.14
ne_ndot_catalog_5899.21,ne_ndot_5899.21,5899.21,FIRE SUPRESSION,EACH,EACH,07,,current,ne_ndot_english_standard_item_list_2010,133,stditeme06252010.pdf#page=133;item=5899.21
ne_ndot_catalog_5899.22,ne_ndot_5899.22,5899.22,"PLUMBING, HEATING, VENTILATING AND AIR CONDITIONING",EACH,EACH,07,,current,ne_ndot_english_standard_item_list_2010,133,stditeme06252010.pdf#page=133;item=5899.22
ne_ndot_catalog_5899.24,ne_ndot_5899.24,5899.24,WATER HEATER EXPANSION TANK,LUMP SUM,LS,07,,current,ne_ndot_english_standard_item_list_2010,133,stditeme06252010.pdf#page=133;item=5899.24
ne_ndot_catalog_5899.25,ne_ndot_5899.25,5899.25,INTEGRATED AUTOMATION,EACH,EACH,07,,current,ne_ndot_english_standard_item_list_2010,133,stditeme06252010.pdf#page=133;item=5899.25
ne_ndot_catalog_5899.26,ne_ndot_5899.26,5899.26,ELECTRICAL,EACH,EACH,07,,current,ne_ndot_english_standard_item_list_2010,133,stditeme06252010.pdf#page=133;item=5899.26
ne_ndot_catalog_5899.27,ne_ndot_5899.27,5899.27,COMMUNICATIONS,EACH,EACH,07,,current,ne_ndot_english_standard_item_list_2010,133,stditeme06252010.pdf#page=133;item=5899.27
ne_ndot_catalog_5899.28,ne_ndot_5899.28,5899.28,ELECTRONIC SAFETY AND SECURITY,EACH,EACH,07,,current,ne_ndot_english_standard_item_list_2010,133,stditeme06252010.pdf#page=133;item=5899.28
ne_ndot_catalog_5899.31,ne_ndot_5899.31,5899.31,EARTHWORK,EACH,EACH,07,,current,ne_ndot_english_standard_item_list_2010,134,stditeme06252010.pdf#page=134;item=5899.31
ne_ndot_catalog_5899.32,ne_ndot_5899.32,5899.32,EXTERIOR IMPROVEMENTS,EACH,EACH,07,,current,ne_ndot_english_standard_item_list_2010,134,stditeme06252010.pdf#page=134;item=5899.32
ne_ndot_catalog_5899.33,ne_ndot_5899.33,5899.33,UTILITIES,EACH,EACH,07,,current,ne_ndot_english_standard_item_list_2010,134,stditeme06252010.pdf#page=134;item=5899.33
ne_ndot_catalog_5899.35,ne_ndot_5899.35,5899.35,EXIT SIGN,EACH,EACH,07,,current,ne_ndot_english_standard_item_list_2010,134,stditeme06252010.pdf#page=134;item=5899.35
ne_ndot_catalog_5999.10,ne_ndot_5999.10,5999.10,ABUTMENT A EXCAVATION,LUMP SUM,LS,07,702.00,current,ne_ndot_english_standard_item_list_2010,134,stditeme06252010.pdf#page=134;item=5999.10
ne_ndot_catalog_5999.11,ne_ndot_5999.11,5999.11,ABUTMENT B EXCAVATION,LUMP SUM,LS,07,702.00,current,ne_ndot_english_standard_item_list_2010,134,stditeme06252010.pdf#page=134;item=5999.11
ne_ndot_catalog_5999.12,ne_ndot_5999.12,5999.12,ABUTMENT NO. 2C EXCAVATION,LUMP SUM,LS,07,702.00,current,ne_ndot_english_standard_item_list_2010,134,stditeme06252010.pdf#page=134;item=5999.12
ne_ndot_catalog_5999.60,ne_ndot_5999.60,5999.60,PIER A EXCAVATION,LUMP SUM,LS,07,702.00,current,ne_ndot_english_standard_item_list_2010,134,stditeme06252010.pdf#page=134;item=5999.60
ne_ndot_catalog_5999.61,ne_ndot_5999.61,5999.61,PIER B EXCAVATION,LUMP SUM,LS,07,702.00,current,ne_ndot_english_standard_item_list_2010,134,stditeme06252010.pdf#page=134;item=5999.61
ne_ndot_catalog_5999.62,ne_ndot_5999.62,5999.62,PIER C EXCAVATION,LUMP SUM,LS,07,702.00,current,ne_ndot_english_standard_item_list_2010,134,stditeme06252010.pdf#page=134;item=5999.62
ne_ndot_catalog_5999.63,ne_ndot_5999.63,5999.63,PIER D EXCAVATION,LUMP SUM,LS,07,702.00,current,ne_ndot_english_standard_item_list_2010,134,stditeme06252010.pdf#page=134;item=5999.63
ne_ndot_catalog_5999.64,ne_ndot_5999.64,5999.64,PIER E EXCAVATION,LUMP SUM,LS,07,702.00,current,ne_ndot_english_standard_item_list_2010,134,stditeme06252010.pdf#page=134;item=5999.64
ne_ndot_catalog_5999.65,ne_ndot_5999.65,5999.65,PIER F EXCAVATION,LUMP SUM,LS,07,702.00,current,ne_ndot_english_standard_item_list_2010,134,stditeme06252010.pdf#page=134;item=5999.65
ne_ndot_catalog_5999.66,ne_ndot_5999.66,5999.66,PIER G EXCAVATION,LUMP SUM,LS,07,702.00,current,ne_ndot_english_standard_item_list_2010,134,stditeme06252010.pdf#page=134;item=5999.66
ne_ndot_catalog_5999.67,ne_ndot_5999.67,5999.67,PIER H EXCAVATION,LUMP SUM,LS,07,702.00,current,ne_ndot_english_standard_item_list_2010,134,stditeme06252010.pdf#page=134;item=5999.67
ne_ndot_catalog_5999.68,ne_ndot_5999.68,5999.68,PIER I EXCAVATION,LUMP SUM,LS,07,702.00,current,ne_ndot_english_standard_item_list_2010,134,stditeme06252010.pdf#page=134;item=5999.68
ne_ndot_catalog_5999.72,ne_ndot_5999.72,5999.72,SPECIAL CONSTRUCTION,LUMP SUM,LS,07,,current,ne_ndot_english_standard_item_list_2010,134,stditeme06252010.pdf#page=134;item=5999.72
ne_ndot_catalog_5999.73,ne_ndot_5999.73,5999.73,CONVEYING EQUIPMENT,LUMP SUM,LS,07,,current,ne_ndot_english_standard_item_list_2010,134,stditeme06252010.pdf#page=134;item=5999.73
ne_ndot_catalog_5999.74,ne_ndot_5999.74,5999.74,FURNISHINGS,LUMP SUM,LS,07,,current,ne_ndot_english_standard_item_list_2010,134,stditeme06252010.pdf#page=134;item=5999.74
ne_ndot_catalog_5999.75,ne_ndot_5999.75,5999.75,GENERAL CONTRACT WORK,EACH,EACH,07,,current,ne_ndot_english_standard_item_list_2010,135,stditeme06252010.pdf#page=135;item=5999.75
ne_ndot_catalog_5999.76,ne_ndot_5999.76,5999.76,METALS,LUMP SUM,LS,07,,current,ne_ndot_english_standard_item_list_2010,135,stditeme06252010.pdf#page=135;item=5999.76
ne_ndot_catalog_5999.77,ne_ndot_5999.77,5999.77,FLOORING,LUMP SUM,LS,07,,current,ne_ndot_english_standard_item_list_2010,135,stditeme06252010.pdf#page=135;item=5999.77
ne_ndot_catalog_5999.78,ne_ndot_5999.78,5999.78,CEILINGS,LUMP SUM,LS,07,,current,ne_ndot_english_standard_item_list_2010,135,stditeme06252010.pdf#page=135;item=5999.78
ne_ndot_catalog_5999.80,ne_ndot_5999.80,5999.80,PERMITS AND BONDS,LUMP SUM,LS,07,,current,ne_ndot_english_standard_item_list_2010,135,stditeme06252010.pdf#page=135;item=5999.80
ne_ndot_catalog_5999.81,ne_ndot_5999.81,5999.81,GENERAL CONDITIONS,LUMP SUM,LS,07,,current,ne_ndot_english_standard_item_list_2010,135,stditeme06252010.pdf#page=135;item=5999.81
ne_ndot_catalog_5999.82,ne_ndot_5999.82,5999.82,SITE WORK,LUMP SUM,LS,07,,current,ne_ndot_english_standard_item_list_2010,135,stditeme06252010.pdf#page=135;item=5999.82
ne_ndot_catalog_5999.83,ne_ndot_5999.83,5999.83,CONCRETE,LUMP SUM,LS,07,,current,ne_ndot_english_standard_item_list_2010,135,stditeme06252010.pdf#page=135;item=5999.83
ne_ndot_catalog_5999.84,ne_ndot_5999.84,5999.84,MASONRY,LUMP SUM,LS,07,,current,ne_ndot_english_standard_item_list_2010,135,stditeme06252010.pdf#page=135;item=5999.84
ne_ndot_catalog_5999.85,ne_ndot_5999.85,5999.85,STEEL,LUMP SUM,LS,07,,current,ne_ndot_english_standard_item_list_2010,135,stditeme06252010.pdf#page=135;item=5999.85
ne_ndot_catalog_5999.86,ne_ndot_5999.86,5999.86,WOODS & PLASTICS,LUMP SUM,LS,07,,current,ne_ndot_english_standard_item_list_2010,135,stditeme06252010.pdf#page=135;item=5999.86
ne_ndot_catalog_5999.87,ne_ndot_5999.87,5999.87,THERMAL & MOISTURE,LUMP SUM,LS,07,,current,ne_ndot_english_standard_item_list_2010,135,stditeme06252010.pdf#page=135;item=5999.87
ne_ndot_catalog_5999.88,ne_ndot_5999.88,5999.88,DOORS & WINDOWS,LUMP SUM,LS,07,,current,ne_ndot_english_standard_item_list_2010,135,stditeme06252010.pdf#page=135;item=5999.88
ne_ndot_catalog_5999.89,ne_ndot_5999.89,5999.89,FINISHES,LUMP SUM,LS,07,,current,ne_ndot_english_standard_item_list_2010,135,stditeme06252010.pdf#page=135;item=5999.89
ne_ndot_catalog_5999.90,ne_ndot_5999.90,5999.90,SPECIALTIES,LUMP SUM,LS,07,,current,ne_ndot_english_standard_item_list_2010,135,stditeme06252010.pdf#page=135;item=5999.90
ne_ndot_catalog_5999.91,ne_ndot_5999.91,5999.91,MECHANICAL,LUMP SUM,LS,07,,current,ne_ndot_english_standard_item_list_2010,135,stditeme06252010.pdf#page=135;item=5999.91
ne_ndot_catalog_5999.92,ne_ndot_5999.92,5999.92,ELECTRICAL,LUMP SUM,LS,07,,current,ne_ndot_english_standard_item_list_2010,135,stditeme06252010.pdf#page=135;item=5999.92
ne_ndot_catalog_5999.93,ne_ndot_5999.93,5999.93,FRAMING,LUMP SUM,LS,07,,current,ne_ndot_english_standard_item_list_2010,135,stditeme06252010.pdf#page=135;item=5999.93
ne_ndot_catalog_5999.94,ne_ndot_5999.94,5999.94,ROOFING,LUMP SUM,LS,07,,current,ne_ndot_english_standard_item_list_2010,135,stditeme06252010.pdf#page=135;item=5999.94
ne_ndot_catalog_5999.95,ne_ndot_5999.95,5999.95,SIDING,LUMP SUM,LS,07,,current,ne_ndot_english_standard_item_list_2010,136,stditeme06252010.pdf#page=136;item=5999.95
ne_ndot_catalog_5999.96,ne_ndot_5999.96,5999.96,WINDOWS,LUMP SUM,LS,07,,current,ne_ndot_english_standard_item_list_2010,136,stditeme06252010.pdf#page=136;item=5999.96
ne_ndot_catalog_5999.97,ne_ndot_5999.97,5999.97,DOORS,LUMP SUM,LS,07,,current,ne_ndot_english_standard_item_list_2010,136,stditeme06252010.pdf#page=136;item=5999.97
ne_ndot_catalog_5999.98,ne_ndot_5999.98,5999.98,DRYWALL,LUMP SUM,LS,07,,current,ne_ndot_english_standard_item_list_2010,136,stditeme06252010.pdf#page=136;item=5999.98
ne_ndot_catalog_5999.99,ne_ndot_5999.99,5999.99,CASEMENT WORK,LUMP SUM,LS,07,,current,ne_ndot_english_standard_item_list_2010,136,stditeme06252010.pdf#page=136;item=5999.99
ne_ndot_catalog_6000.09,ne_ndot_6000.09,6000.09,ADDITIONAL EXCAVATION FOR BACKFILL OR EMBANKMENT FOR BRIDGES,CU YD,CY,07,,current,ne_ndot_english_standard_item_list_2010,136,stditeme06252010.pdf#page=136;item=6000.09
ne_ndot_catalog_6000.10,ne_ndot_6000.10,6000.10,ABUTMENT NO.1 EXCAVATION,LUMP SUM,LS,07,702.00,current,ne_ndot_english_standard_item_list_2010,136,stditeme06252010.pdf#page=136;item=6000.10
ne_ndot_catalog_6000.11,ne_ndot_6000.11,6000.11,ABUTMENT NO.2 EXCAVATION,LUMP SUM,LS,07,702.00,current,ne_ndot_english_standard_item_list_2010,136,stditeme06252010.pdf#page=136;item=6000.11
ne_ndot_catalog_6000.13,ne_ndot_6000.13,6000.13,ABUTMENT NO. 2 EXCAVATION,LUMP SUM,LS,07,702.00,current,ne_ndot_english_standard_item_list_2010,136,stditeme06252010.pdf#page=136;item=6000.13
ne_ndot_catalog_6000.18,ne_ndot_6000.18,6000.18,ABUTMENT,LUMP SUM,LS,07,,current,ne_ndot_english_standard_item_list_2010,136,stditeme06252010.pdf#page=136;item=6000.18
ne_ndot_catalog_6000.19,ne_ndot_6000.19,6000.19,ABUTMENT,LUMP SUM,LS,07,,current,ne_ndot_english_standard_item_list_2010,136,stditeme06252010.pdf#page=136;item=6000.19
ne_ndot_catalog_6000.20,ne_ndot_6000.20,6000.20,PIER NO.1 EXCAVATION,LUMP SUM,LS,07,702.00,current,ne_ndot_english_standard_item_list_2010,136,stditeme06252010.pdf#page=136;item=6000.20
ne_ndot_catalog_6000.21,ne_ndot_6000.21,6000.21,PIER NO.2 EXCAVATION,LUMP SUM,LS,07,702.00,current,ne_ndot_english_standard_item_list_2010,136,stditeme06252010.pdf#page=136;item=6000.21
ne_ndot_catalog_6000.22,ne_ndot_6000.22,6000.22,PIER NO.3 EXCAVATION,LUMP SUM,LS,07,702.00,current,ne_ndot_english_standard_item_list_2010,136,stditeme06252010.pdf#page=136;item=6000.22
ne_ndot_catalog_6000.23,ne_ndot_6000.23,6000.23,PIER NO.4 EXCAVATION,LUMP SUM,LS,07,702.00,current,ne_ndot_english_standard_item_list_2010,136,stditeme06252010.pdf#page=136;item=6000.23
ne_ndot_catalog_6000.24,ne_ndot_6000.24,6000.24,PIER NO.5 EXCAVATION,LUMP SUM,LS,07,702.00,current,ne_ndot_english_standard_item_list_2010,136,stditeme06252010.pdf#page=136;item=6000.24
ne_ndot_catalog_6000.25,ne_ndot_6000.25,6000.25,PIER NO.6 EXCAVATION,LUMP SUM,LS,07,702.00,current,ne_ndot_english_standard_item_list_2010,136,stditeme06252010.pdf#page=136;item=6000.25
ne_ndot_catalog_6000.26,ne_ndot_6000.26,6000.26,PIER NO.7 EXCAVATION,LUMP SUM,LS,07,702.00,current,ne_ndot_english_standard_item_list_2010,136,stditeme06252010.pdf#page=136;item=6000.26
ne_ndot_catalog_6000.27,ne_ndot_6000.27,6000.27,PIER NO.8 EXCAVATION,LUMP SUM,LS,07,702.00,current,ne_ndot_english_standard_item_list_2010,136,stditeme06252010.pdf#page=136;item=6000.27
ne_ndot_catalog_6000.28,ne_ndot_6000.28,6000.28,PIER NO.9 EXCAVATION,LUMP SUM,LS,07,702.00,current,ne_ndot_english_standard_item_list_2010,137,stditeme06252010.pdf#page=137;item=6000.28
ne_ndot_catalog_6000.29,ne_ndot_6000.29,6000.29,PIER NO.10 EXCAVATION,LUMP SUM,LS,07,702.00,current,ne_ndot_english_standard_item_list_2010,137,stditeme06252010.pdf#page=137;item=6000.29
ne_ndot_catalog_6000.30,ne_ndot_6000.30,6000.30,PIER NO.11 EXCAVATION,LUMP SUM,LS,07,702.00,current,ne_ndot_english_standard_item_list_2010,137,stditeme06252010.pdf#page=137;item=6000.30
ne_ndot_catalog_6000.31,ne_ndot_6000.31,6000.31,PIER NO.12 EXCAVATION,LUMP SUM,LS,07,702.00,current,ne_ndot_english_standard_item_list_2010,137,stditeme06252010.pdf#page=137;item=6000.31
ne_ndot_catalog_6000.32,ne_ndot_6000.32,6000.32,PIER NO.13 EXCAVATION,LUMP SUM,LS,07,702.00,current,ne_ndot_english_standard_item_list_2010,137,stditeme06252010.pdf#page=137;item=6000.32
ne_ndot_catalog_6000.33,ne_ndot_6000.33,6000.33,PIER NO.14 EXCAVATION,LUMP SUM,LS,07,702.00,current,ne_ndot_english_standard_item_list_2010,137,stditeme06252010.pdf#page=137;item=6000.33
ne_ndot_catalog_6000.34,ne_ndot_6000.34,6000.34,PIER NO.15 EXCAVATION,LUMP SUM,LS,07,702.00,current,ne_ndot_english_standard_item_list_2010,137,stditeme06252010.pdf#page=137;item=6000.34
ne_ndot_catalog_6000.35,ne_ndot_6000.35,6000.35,PIER NO.16 EXCAVATION,LUMP SUM,LS,07,702.00,current,ne_ndot_english_standard_item_list_2010,137,stditeme06252010.pdf#page=137;item=6000.35
ne_ndot_catalog_6000.36,ne_ndot_6000.36,6000.36,PIER NO.17 EXCAVATION,LUMP SUM,LS,07,702.00,current,ne_ndot_english_standard_item_list_2010,137,stditeme06252010.pdf#page=137;item=6000.36
ne_ndot_catalog_6000.37,ne_ndot_6000.37,6000.37,PIER NO.18 EXCAVATION,LUMP SUM,LS,07,702.00,current,ne_ndot_english_standard_item_list_2010,137,stditeme06252010.pdf#page=137;item=6000.37
ne_ndot_catalog_6000.38,ne_ndot_6000.38,6000.38,PIER NO.19 EXCAVATION,LUMP SUM,LS,07,702.00,current,ne_ndot_english_standard_item_list_2010,137,stditeme06252010.pdf#page=137;item=6000.38
ne_ndot_catalog_6000.39,ne_ndot_6000.39,6000.39,PIER NO.20 EXCAVATION,LUMP SUM,LS,07,702.00,current,ne_ndot_english_standard_item_list_2010,137,stditeme06252010.pdf#page=137;item=6000.39
ne_ndot_catalog_6000.40,ne_ndot_6000.40,6000.40,PIER NO.21 EXCAVATION,LUMP SUM,LS,07,702.00,current,ne_ndot_english_standard_item_list_2010,137,stditeme06252010.pdf#page=137;item=6000.40
ne_ndot_catalog_6000.41,ne_ndot_6000.41,6000.41,PIER NO.22 EXCAVATION,LUMP SUM,LS,07,702.00,current,ne_ndot_english_standard_item_list_2010,137,stditeme06252010.pdf#page=137;item=6000.41
ne_ndot_catalog_6000.42,ne_ndot_6000.42,6000.42,PIER NO.23 EXCAVATION,LUMP SUM,LS,07,702.00,current,ne_ndot_english_standard_item_list_2010,137,stditeme06252010.pdf#page=137;item=6000.42
ne_ndot_catalog_6000.43,ne_ndot_6000.43,6000.43,PIER NO.24 EXCAVATION,LUMP SUM,LS,07,702.00,current,ne_ndot_english_standard_item_list_2010,137,stditeme06252010.pdf#page=137;item=6000.43
ne_ndot_catalog_6000.44,ne_ndot_6000.44,6000.44,PIER NO.25 EXCAVATION,LUMP SUM,LS,07,702.00,current,ne_ndot_english_standard_item_list_2010,137,stditeme06252010.pdf#page=137;item=6000.44
ne_ndot_catalog_6000.45,ne_ndot_6000.45,6000.45,PIER NO.26 EXCAVATION,LUMP SUM,LS,07,702.00,current,ne_ndot_english_standard_item_list_2010,137,stditeme06252010.pdf#page=137;item=6000.45
ne_ndot_catalog_6000.46,ne_ndot_6000.46,6000.46,PIER NO.27 EXCAVATION,LUMP SUM,LS,07,702.00,current,ne_ndot_english_standard_item_list_2010,137,stditeme06252010.pdf#page=137;item=6000.46
ne_ndot_catalog_6000.47,ne_ndot_6000.47,6000.47,PIER NO.28 EXCAVATION,LUMP SUM,LS,07,702.00,current,ne_ndot_english_standard_item_list_2010,138,stditeme06252010.pdf#page=138;item=6000.47
ne_ndot_catalog_6000.48,ne_ndot_6000.48,6000.48,PIER NO.29 EXCAVATION,LUMP SUM,LS,07,702.00,current,ne_ndot_english_standard_item_list_2010,138,stditeme06252010.pdf#page=138;item=6000.48
ne_ndot_catalog_6000.49,ne_ndot_6000.49,6000.49,PIER NO.30 EXCAVATION,LUMP SUM,LS,07,702.00,current,ne_ndot_english_standard_item_list_2010,138,stditeme06252010.pdf#page=138;item=6000.49
ne_ndot_catalog_6000.50,ne_ndot_6000.50,6000.50,PIER NO.31 EXCAVATION,LUMP SUM,LS,07,702.00,current,ne_ndot_english_standard_item_list_2010,138,stditeme06252010.pdf#page=138;item=6000.50
ne_ndot_catalog_6000.51,ne_ndot_6000.51,6000.51,PIER NO.32 EXCAVATION,LUMP SUM,LS,07,702.00,current,ne_ndot_english_standard_item_list_2010,138,stditeme06252010.pdf#page=138;item=6000.51
ne_ndot_catalog_6000.52,ne_ndot_6000.52,6000.52,PIER NO.33 EXCAVATION,LUMP SUM,LS,07,702.00,current,ne_ndot_english_standard_item_list_2010,138,stditeme06252010.pdf#page=138;item=6000.52
ne_ndot_catalog_6000.53,ne_ndot_6000.53,6000.53,PIER NO. 34 EXCAVATION,LUMP SUM,LS,07,702.00,current,ne_ndot_english_standard_item_list_2010,138,stditeme06252010.pdf#page=138;item=6000.53
ne_ndot_catalog_6000.54,ne_ndot_6000.54,6000.54,PIER NO. 35 EXCAVATION,LUMP SUM,LS,07,702.00,current,ne_ndot_english_standard_item_list_2010,138,stditeme06252010.pdf#page=138;item=6000.54
ne_ndot_catalog_6000.55,ne_ndot_6000.55,6000.55,PIER NO. 36 EXCAVATION,LUMP SUM,LS,07,702.00,current,ne_ndot_english_standard_item_list_2010,138,stditeme06252010.pdf#page=138;item=6000.55
ne_ndot_catalog_6000.56,ne_ndot_6000.56,6000.56,PIER NO. 37 EXCAVATION,LUMP SUM,LS,07,702.00,current,ne_ndot_english_standard_item_list_2010,138,stditeme06252010.pdf#page=138;item=6000.56
ne_ndot_catalog_6000.57,ne_ndot_6000.57,6000.57,PIER NO. 37 EXCAVATION,LUMP SUM,LS,07,702.00,current,ne_ndot_english_standard_item_list_2010,138,stditeme06252010.pdf#page=138;item=6000.57
ne_ndot_catalog_6000.58,ne_ndot_6000.58,6000.58,PIER NO. 38 EXCAVATION,LUMP SUM,LS,07,702.00,current,ne_ndot_english_standard_item_list_2010,138,stditeme06252010.pdf#page=138;item=6000.58
ne_ndot_catalog_6000.59,ne_ndot_6000.59,6000.59,PIER NO. 38 EXCAVATION,LUMP SUM,LS,07,702.00,current,ne_ndot_english_standard_item_list_2010,138,stditeme06252010.pdf#page=138;item=6000.59
ne_ndot_catalog_6000.60,ne_ndot_6000.60,6000.60,PIER NO.1 EXCAVATION,LUMP SUM,LS,07,702.00,current,ne_ndot_english_standard_item_list_2010,138,stditeme06252010.pdf#page=138;item=6000.60
ne_ndot_catalog_6000.61,ne_ndot_6000.61,6000.61,PIER NO.2 EXCAVATION,LUMP SUM,LS,07,702.00,current,ne_ndot_english_standard_item_list_2010,138,stditeme06252010.pdf#page=138;item=6000.61
ne_ndot_catalog_6000.62,ne_ndot_6000.62,6000.62,PIER NO.3 EXCAVATION,LUMP SUM,LS,07,702.00,current,ne_ndot_english_standard_item_list_2010,138,stditeme06252010.pdf#page=138;item=6000.62
ne_ndot_catalog_6000.63,ne_ndot_6000.63,6000.63,PIER NO.4 EXCAVATION,LUMP SUM,LS,07,702.00,current,ne_ndot_english_standard_item_list_2010,138,stditeme06252010.pdf#page=138;item=6000.63
ne_ndot_catalog_6000.64,ne_ndot_6000.64,6000.64,PIER NO.5 EXCAVATION,LUMP SUM,LS,07,702.00,current,ne_ndot_english_standard_item_list_2010,138,stditeme06252010.pdf#page=138;item=6000.64
ne_ndot_catalog_6000.65,ne_ndot_6000.65,6000.65,PIER NO.6 EXCAVATION,LUMP SUM,LS,07,702.00,current,ne_ndot_english_standard_item_list_2010,138,stditeme06252010.pdf#page=138;item=6000.65
ne_ndot_catalog_6000.66,ne_ndot_6000.66,6000.66,PIER NO.7 EXCAVATION,LUMP SUM,LS,07,702.00,current,ne_ndot_english_standard_item_list_2010,139,stditeme06252010.pdf#page=139;item=6000.66
ne_ndot_catalog_6000.67,ne_ndot_6000.67,6000.67,PIER NO.8 EXCAVATION,LUMP SUM,LS,07,702.00,current,ne_ndot_english_standard_item_list_2010,139,stditeme06252010.pdf#page=139;item=6000.67
ne_ndot_catalog_6000.68,ne_ndot_6000.68,6000.68,PIER NO.9 EXCAVATION,LUMP SUM,LS,07,702.00,current,ne_ndot_english_standard_item_list_2010,139,stditeme06252010.pdf#page=139;item=6000.68
ne_ndot_catalog_6000.69,ne_ndot_6000.69,6000.69,PIER NO.10 EXCAVATION,LUMP SUM,LS,07,702.00,current,ne_ndot_english_standard_item_list_2010,139,stditeme06252010.pdf#page=139;item=6000.69
ne_ndot_catalog_6000.70,ne_ndot_6000.70,6000.70,PIER NO.11 EXCAVATION,LUMP SUM,LS,07,702.00,current,ne_ndot_english_standard_item_list_2010,139,stditeme06252010.pdf#page=139;item=6000.70
ne_ndot_catalog_6000.71,ne_ndot_6000.71,6000.71,PIER NO.12 EXCAVATION,LUMP SUM,LS,07,702.00,current,ne_ndot_english_standard_item_list_2010,139,stditeme06252010.pdf#page=139;item=6000.71
ne_ndot_catalog_6000.72,ne_ndot_6000.72,6000.72,PIER NO.13 EXCAVATION,LUMP SUM,LS,07,702.00,current,ne_ndot_english_standard_item_list_2010,139,stditeme06252010.pdf#page=139;item=6000.72
ne_ndot_catalog_6000.73,ne_ndot_6000.73,6000.73,PIER NO.14 EXCAVATION,LUMP SUM,LS,07,702.00,current,ne_ndot_english_standard_item_list_2010,139,stditeme06252010.pdf#page=139;item=6000.73
ne_ndot_catalog_6000.74,ne_ndot_6000.74,6000.74,PIER NO.15 EXCAVATION,LUMP SUM,LS,07,702.00,current,ne_ndot_english_standard_item_list_2010,139,stditeme06252010.pdf#page=139;item=6000.74
ne_ndot_catalog_6000.75,ne_ndot_6000.75,6000.75,PIER NO.16 EXCAVATION,LUMP SUM,LS,07,702.00,current,ne_ndot_english_standard_item_list_2010,139,stditeme06252010.pdf#page=139;item=6000.75
ne_ndot_catalog_6000.76,ne_ndot_6000.76,6000.76,PIER NO.17 EXCAVATION,LUMP SUM,LS,07,702.00,current,ne_ndot_english_standard_item_list_2010,139,stditeme06252010.pdf#page=139;item=6000.76
ne_ndot_catalog_6001.00,ne_ndot_6001.00,6001.00,BENT NO.1 EXCAVATION,LUMP SUM,LS,07,702.00,current,ne_ndot_english_standard_item_list_2010,139,stditeme06252010.pdf#page=139;item=6001.00
ne_ndot_catalog_6001.01,ne_ndot_6001.01,6001.01,BENT NO.2 EXCAVATION,LUMP SUM,LS,07,702.00,current,ne_ndot_english_standard_item_list_2010,139,stditeme06252010.pdf#page=139;item=6001.01
ne_ndot_catalog_6001.02,ne_ndot_6001.02,6001.02,BENT NO.3 EXCAVATION,LUMP SUM,LS,07,702.00,current,ne_ndot_english_standard_item_list_2010,139,stditeme06252010.pdf#page=139;item=6001.02
ne_ndot_catalog_6001.03,ne_ndot_6001.03,6001.03,BENT NO.4 EXCAVATION,LUMP SUM,LS,07,,current,ne_ndot_english_standard_item_list_2010,139,stditeme06252010.pdf#page=139;item=6001.03
ne_ndot_catalog_6001.04,ne_ndot_6001.04,6001.04,BENT NO.5 EXCAVATION,LUMP SUM,LS,07,702.00,current,ne_ndot_english_standard_item_list_2010,139,stditeme06252010.pdf#page=139;item=6001.04
ne_ndot_catalog_6001.50,ne_ndot_6001.50,6001.50,BENT NO.1 EXCAVATION,LUMP SUM,LS,07,702.00,current,ne_ndot_english_standard_item_list_2010,139,stditeme06252010.pdf#page=139;item=6001.50
ne_ndot_catalog_6001.51,ne_ndot_6001.51,6001.51,BENT NO.2 EXCAVATION,LUMP SUM,LS,07,702.00,current,ne_ndot_english_standard_item_list_2010,139,stditeme06252010.pdf#page=139;item=6001.51
ne_ndot_catalog_6001.52,ne_ndot_6001.52,6001.52,BENT NO.3 EXCAVATION,LUMP SUM,LS,07,702.00,current,ne_ndot_english_standard_item_list_2010,139,stditeme06252010.pdf#page=139;item=6001.52
ne_ndot_catalog_6001.53,ne_ndot_6001.53,6001.53,BENT NO.4 EXCAVATION,LUMP SUM,LS,07,702.00,current,ne_ndot_english_standard_item_list_2010,140,stditeme06252010.pdf#page=140;item=6001.53
ne_ndot_catalog_6001.54,ne_ndot_6001.54,6001.54,BENT NO.5 EXCAVATION,LUMP SUM,LS,07,702.00,current,ne_ndot_english_standard_item_list_2010,140,stditeme06252010.pdf#page=140;item=6001.54
ne_ndot_catalog_6001.55,ne_ndot_6001.55,6001.55,BENT NO.6 EXCAVATION,LUMP SUM,LS,07,702.00,current,ne_ndot_english_standard_item_list_2010,140,stditeme06252010.pdf#page=140;item=6001.55
ne_ndot_catalog_6001.56,ne_ndot_6001.56,6001.56,BENT NO.7 EXCAVATION,LUMP SUM,LS,07,702.00,current,ne_ndot_english_standard_item_list_2010,140,stditeme06252010.pdf#page=140;item=6001.56
ne_ndot_catalog_6001.57,ne_ndot_6001.57,6001.57,BENT NO.8 EXCAVATION,LUMP SUM,LS,07,702.00,current,ne_ndot_english_standard_item_list_2010,140,stditeme06252010.pdf#page=140;item=6001.57
ne_ndot_catalog_6001.58,ne_ndot_6001.58,6001.58,BENT NO.9 EXCAVATION,LUMP SUM,LS,07,702.00,current,ne_ndot_english_standard_item_list_2010,140,stditeme06252010.pdf#page=140;item=6001.58
ne_ndot_catalog_6001.59,ne_ndot_6001.59,6001.59,BENT NO.10 EXCAVATION,LUMP SUM,LS,07,702.00,current,ne_ndot_english_standard_item_list_2010,140,stditeme06252010.pdf#page=140;item=6001.59
ne_ndot_catalog_6001.86,ne_ndot_6001.86,6001.86,PIER,LUMP SUM,LS,07,,current,ne_ndot_english_standard_item_list_2010,140,stditeme06252010.pdf#page=140;item=6001.86
ne_ndot_catalog_6001.87,ne_ndot_6001.87,6001.87,PIER,LUMP SUM,LS,07,,current,ne_ndot_english_standard_item_list_2010,140,stditeme06252010.pdf#page=140;item=6001.87
ne_ndot_catalog_6001.88,ne_ndot_6001.88,6001.88,PIER,LUMP SUM,LS,07,,current,ne_ndot_english_standard_item_list_2010,140,stditeme06252010.pdf#page=140;item=6001.88
ne_ndot_catalog_6001.89,ne_ndot_6001.89,6001.89,PIER,LUMP SUM,LS,07,,current,ne_ndot_english_standard_item_list_2010,140,stditeme06252010.pdf#page=140;item=6001.89
ne_ndot_catalog_6001.90,ne_ndot_6001.90,6001.90,PIER NO. 39 EXCAVATION,LUMP SUM,LS,07,702.00,current,ne_ndot_english_standard_item_list_2010,140,stditeme06252010.pdf#page=140;item=6001.90
ne_ndot_catalog_6001.91,ne_ndot_6001.91,6001.91,PIER NO. 39 EXCAVATION,LUMP SUM,LS,07,702.00,current,ne_ndot_english_standard_item_list_2010,140,stditeme06252010.pdf#page=140;item=6001.91
ne_ndot_catalog_6001.92,ne_ndot_6001.92,6001.92,PIER NO. 40 EXCAVATION,LUMP SUM,LS,07,702.00,current,ne_ndot_english_standard_item_list_2010,140,stditeme06252010.pdf#page=140;item=6001.92
ne_ndot_catalog_6001.93,ne_ndot_6001.93,6001.93,PIER NO. 40 EXCAVATION,LUMP SUM,LS,07,702.00,current,ne_ndot_english_standard_item_list_2010,140,stditeme06252010.pdf#page=140;item=6001.93
ne_ndot_catalog_6001.95,ne_ndot_6001.95,6001.95,PIER NO. 1A EXCAVATION,LUMP SUM,LS,07,702.00,current,ne_ndot_english_standard_item_list_2010,140,stditeme06252010.pdf#page=140;item=6001.95
ne_ndot_catalog_6001.96,ne_ndot_6001.96,6001.96,PIER NO. 2A EXCAVATION,LUMP SUM,LS,07,702.00,current,ne_ndot_english_standard_item_list_2010,140,stditeme06252010.pdf#page=140;item=6001.96
ne_ndot_catalog_6001.97,ne_ndot_6001.97,6001.97,PIER NO. 3B EXCAVATION,LUMP SUM,LS,07,702.00,current,ne_ndot_english_standard_item_list_2010,140,stditeme06252010.pdf#page=140;item=6001.97
ne_ndot_catalog_6001.98,ne_ndot_6001.98,6001.98,PIER NO. 5A EXCAVATION,LUMP SUM,LS,07,702.00,current,ne_ndot_english_standard_item_list_2010,140,stditeme06252010.pdf#page=140;item=6001.98
ne_ndot_catalog_6002.00,ne_ndot_6002.00,6002.00,COLUMN FOOTING NO.1 EXCAVATION,LUMP SUM,LS,07,,current,ne_ndot_english_standard_item_list_2010,141,stditeme06252010.pdf#page=141;item=6002.00
ne_ndot_catalog_6002.01,ne_ndot_6002.01,6002.01,COLUMN FOOTING NO.2 EXCAVATION,LUMP SUM,LS,07,,current,ne_ndot_english_standard_item_list_2010,141,stditeme06252010.pdf#page=141;item=6002.01
ne_ndot_catalog_6002.02,ne_ndot_6002.02,6002.02,COLUMN FOOTING NO.3 EXCAVATION,LUMP SUM,LS,07,,current,ne_ndot_english_standard_item_list_2010,141,stditeme06252010.pdf#page=141;item=6002.02
ne_ndot_catalog_6002.03,ne_ndot_6002.03,6002.03,COLUMN FOOTING NO.4 EXCAVATION,LUMP SUM,LS,07,,current,ne_ndot_english_standard_item_list_2010,141,stditeme06252010.pdf#page=141;item=6002.03
ne_ndot_catalog_6002.04,ne_ndot_6002.04,6002.04,COLUMN FOOTING NO.5 EXCAVATION,LUMP SUM,LS,07,,current,ne_ndot_english_standard_item_list_2010,141,stditeme06252010.pdf#page=141;item=6002.04
ne_ndot_catalog_6002.05,ne_ndot_6002.05,6002.05,COLUMN FOOTING NO.6 EXCAVATION,LUMP SUM,LS,07,,current,ne_ndot_english_standard_item_list_2010,141,stditeme06252010.pdf#page=141;item=6002.05
ne_ndot_catalog_6002.06,ne_ndot_6002.06,6002.06,COLUMN FOOTING NO.7 EXCAVATION,LUMP SUM,LS,07,,current,ne_ndot_english_standard_item_list_2010,141,stditeme06252010.pdf#page=141;item=6002.06
ne_ndot_catalog_6002.07,ne_ndot_6002.07,6002.07,COLUMN FOOTING NO.8 EXCAVATION,LUMP SUM,LS,07,,current,ne_ndot_english_standard_item_list_2010,141,stditeme06252010.pdf#page=141;item=6002.07
ne_ndot_catalog_6003.00,ne_ndot_6003.00,6003.00,GRANULAR MATERIAL FOR BRIDGE FOUNDATIONS,CU YD,CY,07,,current,ne_ndot_english_standard_item_list_2010,141,stditeme06252010.pdf#page=141;item=6003.00
ne_ndot_catalog_6004.00,ne_ndot_6004.00,6004.00,SAND FILL,CU YD,CY,07,,current,ne_ndot_english_standard_item_list_2010,141,stditeme06252010.pdf#page=141;item=6004.00
ne_ndot_catalog_6004.01,ne_ndot_6004.01,6004.01,SAND FILL,LUMP SUM,LS,07,,current,ne_ndot_english_standard_item_list_2010,141,stditeme06252010.pdf#page=141;item=6004.01
ne_ndot_catalog_6004.02,ne_ndot_6004.02,6004.02,SAND FILL,TON,TON,07,,current,ne_ndot_english_standard_item_list_2010,141,stditeme06252010.pdf#page=141;item=6004.02
ne_ndot_catalog_6004.50,ne_ndot_6004.50,6004.50,EXPANSION JOINT,LIN FT,LF,07,,current,ne_ndot_english_standard_item_list_2010,141,stditeme06252010.pdf#page=141;item=6004.50
ne_ndot_catalog_6004.51,ne_ndot_6004.51,6004.51,EXPANSION JOINT,LIN FT,LF,07,,current,ne_ndot_english_standard_item_list_2010,141,stditeme06252010.pdf#page=141;item=6004.51
ne_ndot_catalog_6004.52,ne_ndot_6004.52,6004.52,EXPANSION JOINT,LIN FT,LF,07,,current,ne_ndot_english_standard_item_list_2010,141,stditeme06252010.pdf#page=141;item=6004.52
ne_ndot_catalog_6004.55,ne_ndot_6004.55,6004.55,FINGER EXPANSION JOINT,LIN FT,LF,07,,current,ne_ndot_english_standard_item_list_2010,141,stditeme06252010.pdf#page=141;item=6004.55
ne_ndot_catalog_6004.59,ne_ndot_6004.59,6004.59,EXPANSION JOINT SEAL,LIN FT,LF,07,,current,ne_ndot_english_standard_item_list_2010,141,stditeme06252010.pdf#page=141;item=6004.59
ne_ndot_catalog_6004.60,ne_ndot_6004.60,6004.60,EXPANSION JOINT REPAIR,LIN FT,LF,07,,current,ne_ndot_english_standard_item_list_2010,141,stditeme06252010.pdf#page=141;item=6004.60
ne_ndot_catalog_6004.80,ne_ndot_6004.80,6004.80,RESET DECK JOINT SEALS,LIN FT,LF,07,,current,ne_ndot_english_standard_item_list_2010,141,stditeme06252010.pdf#page=141;item=6004.80
ne_ndot_catalog_6004.90,ne_ndot_6004.90,6004.90,REPLACING DECK JOINT SEALS,LIN FT,LF,07,,current,ne_ndot_english_standard_item_list_2010,142,stditeme06252010.pdf#page=142;item=6004.90
ne_ndot_catalog_6005.00,ne_ndot_6005.00,6005.00,DECK JOINT SEALS,LIN FT,LF,07,,current,ne_ndot_english_standard_item_list_2010,142,stditeme06252010.pdf#page=142;item=6005.00
ne_ndot_catalog_6005.10,ne_ndot_6005.10,6005.10,"DECK JOINT SEAL, TYPE I",LIN FT,LF,07,729.00,current,ne_ndot_english_standard_item_list_2010,142,stditeme06252010.pdf#page=142;item=6005.10
ne_ndot_catalog_6005.11,ne_ndot_6005.11,6005.11,"DECK JOINT SEAL, TYPE II",LIN FT,LF,07,729.00,current,ne_ndot_english_standard_item_list_2010,142,stditeme06252010.pdf#page=142;item=6005.11
ne_ndot_catalog_6005.12,ne_ndot_6005.12,6005.12,"DECK JOINT SEAL, TYPE III",LIN FT,LF,07,729.00,current,ne_ndot_english_standard_item_list_2010,142,stditeme06252010.pdf#page=142;item=6005.12
ne_ndot_catalog_6005.13,ne_ndot_6005.13,6005.13,"DECK JOINT SEAL, TYPE IV",LIN FT,LF,07,729.00,current,ne_ndot_english_standard_item_list_2010,142,stditeme06252010.pdf#page=142;item=6005.13
ne_ndot_catalog_6005.14,ne_ndot_6005.14,6005.14,"DECK JOINT SEAL, TYPE IV",LIN FT,LF,07,729.00,current,ne_ndot_english_standard_item_list_2010,142,stditeme06252010.pdf#page=142;item=6005.14
ne_ndot_catalog_6005.15,ne_ndot_6005.15,6005.15,"DECK JOINT SEAL, TYPE IV",LIN FT,LF,07,729.00,current,ne_ndot_english_standard_item_list_2010,142,stditeme06252010.pdf#page=142;item=6005.15
ne_ndot_catalog_6005.20,ne_ndot_6005.20,6005.20,"DECK JOINT SEAL, TYPE A",LIN FT,LF,07,729.00,current,ne_ndot_english_standard_item_list_2010,142,stditeme06252010.pdf#page=142;item=6005.20
ne_ndot_catalog_6005.25,ne_ndot_6005.25,6005.25,ELASTOMERIC COMPRESSION SEAL,LIN FT,LF,07,,current,ne_ndot_english_standard_item_list_2010,142,stditeme06252010.pdf#page=142;item=6005.25
ne_ndot_catalog_6005.27,ne_ndot_6005.27,6005.27,COMPRESSION JOINT SEAL,LIN FT,LF,07,,current,ne_ndot_english_standard_item_list_2010,142,stditeme06252010.pdf#page=142;item=6005.27
ne_ndot_catalog_6005.28,ne_ndot_6005.28,6005.28,"PREFORMED SILICONE JOINT, TYPE B",LIN FT,LF,07,,current,ne_ndot_english_standard_item_list_2010,142,stditeme06252010.pdf#page=142;item=6005.28
ne_ndot_catalog_6005.30,ne_ndot_6005.30,6005.30,"DECK JOINT SEAL, TYPE 650",LIN FT,LF,07,729.00,current,ne_ndot_english_standard_item_list_2010,142,stditeme06252010.pdf#page=142;item=6005.30
ne_ndot_catalog_6005.31,ne_ndot_6005.31,6005.31,"PREFORMED SILICONE JOINT, TYPE A",LIN FT,LF,07,,current,ne_ndot_english_standard_item_list_2010,142,stditeme06252010.pdf#page=142;item=6005.31
ne_ndot_catalog_6005.32,ne_ndot_6005.32,6005.32,"PREFORMED EXPANSION JOINT, TYPE A",LIN FT,LF,07,,current,ne_ndot_english_standard_item_list_2010,142,stditeme06252010.pdf#page=142;item=6005.32
ne_ndot_catalog_6005.33,ne_ndot_6005.33,6005.33,"PREFORMED EXPANSION JOINT, TYPE B",LIN FT,LF,07,,current,ne_ndot_english_standard_item_list_2010,142,stditeme06252010.pdf#page=142;item=6005.33
ne_ndot_catalog_6005.34,ne_ndot_6005.34,6005.34,SILICONE JOINT SEALER,LIN FT,LF,07,,current,ne_ndot_english_standard_item_list_2010,142,stditeme06252010.pdf#page=142;item=6005.34
ne_ndot_catalog_6005.35,ne_ndot_6005.35,6005.35,PRECOMPRESSED POLYURETHANE FOAM JOINT,LIN FT,LF,07,734.00,current,ne_ndot_english_standard_item_list_2010,142,stditeme06252010.pdf#page=142;item=6005.35
ne_ndot_catalog_6005.36,ne_ndot_6005.36,6005.36,"PRECOMPRESSED POLYURETHANE FOAM JOINT, TYPE A",LIN FT,LF,07,,current,ne_ndot_english_standard_item_list_2010,142,stditeme06252010.pdf#page=142;item=6005.36
ne_ndot_catalog_6005.37,ne_ndot_6005.37,6005.37,"PRECOMPRESSED POLYURETHANE FOAM JOINT, TYPE B",LIN FT,LF,07,,current,ne_ndot_english_standard_item_list_2010,143,stditeme06252010.pdf#page=143;item=6005.37
ne_ndot_catalog_6005.38,ne_ndot_6005.38,6005.38,STEEL TAPERED FILL PLATE,EACH,EACH,07,,current,ne_ndot_english_standard_item_list_2010,143,stditeme06252010.pdf#page=143;item=6005.38
ne_ndot_catalog_6005.39,ne_ndot_6005.39,6005.39,SHIM PLATE,EACH,EACH,07,,current,ne_ndot_english_standard_item_list_2010,143,stditeme06252010.pdf#page=143;item=6005.39
ne_ndot_catalog_6005.60,ne_ndot_6005.60,6005.60,ELASTOMERIC BEARING,EACH,EACH,07,,current,ne_ndot_english_standard_item_list_2010,143,stditeme06252010.pdf#page=143;item=6005.60
ne_ndot_catalog_6005.78,ne_ndot_6005.78,6005.78,"EXPANSION BEARING, TFE TYPE",EACH,EACH,07,712.00,current,ne_ndot_english_standard_item_list_2010,143,stditeme06252010.pdf#page=143;item=6005.78
ne_ndot_catalog_6005.79,ne_ndot_6005.79,6005.79,"EXPANSION BEARINGS, TFE TYPE (MODIFIED)",EACH,EACH,07,,current,ne_ndot_english_standard_item_list_2010,143,stditeme06252010.pdf#page=143;item=6005.79
ne_ndot_catalog_6005.80,ne_ndot_6005.80,6005.80,"FIXED BEARING DEVICE, TYPE I",EACH,EACH,07,713.00,current,ne_ndot_english_standard_item_list_2010,143,stditeme06252010.pdf#page=143;item=6005.80
ne_ndot_catalog_6005.83,ne_ndot_6005.83,6005.83,FIXED BEARING,EACH,EACH,07,712.00,current,ne_ndot_english_standard_item_list_2010,143,stditeme06252010.pdf#page=143;item=6005.83
ne_ndot_catalog_6005.84,ne_ndot_6005.84,6005.84,FIXED BEARINGS (MODIFIED),EACH,EACH,07,,current,ne_ndot_english_standard_item_list_2010,143,stditeme06252010.pdf#page=143;item=6005.84
ne_ndot_catalog_6005.85,ne_ndot_6005.85,6005.85,"GUIDED BEARING DEVICE, TYPE II",EACH,EACH,07,713.00,current,ne_ndot_english_standard_item_list_2010,143,stditeme06252010.pdf#page=143;item=6005.85
ne_ndot_catalog_6005.88,ne_ndot_6005.88,6005.88,GUIDED DISC BEARING DEVICE,EACH,EACH,07,,current,ne_ndot_english_standard_item_list_2010,143,stditeme06252010.pdf#page=143;item=6005.88
ne_ndot_catalog_6005.90,ne_ndot_6005.90,6005.90,"NON-GUIDED BEARING DEVICE, TYPE III",EACH,EACH,07,713.00,current,ne_ndot_english_standard_item_list_2010,143,stditeme06252010.pdf#page=143;item=6005.90
ne_ndot_catalog_6005.95,ne_ndot_6005.95,6005.95,RESETTING BEARING DEVICE,EACH,EACH,07,,current,ne_ndot_english_standard_item_list_2010,143,stditeme06252010.pdf#page=143;item=6005.95
ne_ndot_catalog_6005.99,ne_ndot_6005.99,6005.99,"FABRICATING EXPANSION BEARING, TFE TYPE",EACH,EACH,07,,current,ne_ndot_english_standard_item_list_2010,143,stditeme06252010.pdf#page=143;item=6005.99
ne_ndot_catalog_6006.50,ne_ndot_6006.50,6006.50,DIAMOND GRINDING,SQ YD,SY,07,,current,ne_ndot_english_standard_item_list_2010,143,stditeme06252010.pdf#page=143;item=6006.50
ne_ndot_catalog_6006.51,ne_ndot_6006.51,6006.51,DIAMOND GRINDING,LUMP SUM,LS,07,,current,ne_ndot_english_standard_item_list_2010,143,stditeme06252010.pdf#page=143;item=6006.51
ne_ndot_catalog_6006.55,ne_ndot_6006.55,6006.55,DIAMOND GRINDING AND TEXTURING CONCRETE BRIDGE DECK,SQ YD,SY,07,,current,ne_ndot_english_standard_item_list_2010,143,stditeme06252010.pdf#page=143;item=6006.55
ne_ndot_catalog_6006.56,ne_ndot_6006.56,6006.56,BRIDGE DECK GROOVING,SQ YD,SY,07,,current,ne_ndot_english_standard_item_list_2010,143,stditeme06252010.pdf#page=143;item=6006.56
ne_ndot_catalog_6007.01,ne_ndot_6007.01,6007.01,CLASS I REPAIR,SQ YD,SY,07,710.00,current,ne_ndot_english_standard_item_list_2010,143,stditeme06252010.pdf#page=143;item=6007.01
ne_ndot_catalog_6007.02,ne_ndot_6007.02,6007.02,CLASS II REPAIR,SQ YD,SY,07,710.00,current,ne_ndot_english_standard_item_list_2010,144,stditeme06252010.pdf#page=144;item=6007.02
ne_ndot_catalog_6007.03,ne_ndot_6007.03,6007.03,CLASS III REPAIR,SQ YD,SY,07,710.00,current,ne_ndot_english_standard_item_list_2010,144,stditeme06252010.pdf#page=144;item=6007.03
ne_ndot_catalog_6007.10,ne_ndot_6007.10,6007.10,CONCRETE DECK PATCHING,SQ YD,SY,07,,current,ne_ndot_english_standard_item_list_2010,144,stditeme06252010.pdf#page=144;item=6007.10
ne_ndot_catalog_6007.12,ne_ndot_6007.12,6007.12,CONCRETE BRIDGE DECK REPAIR,SQ YD,SY,07,,current,ne_ndot_english_standard_item_list_2010,144,stditeme06252010.pdf#page=144;item=6007.12
ne_ndot_catalog_6008.00,ne_ndot_6008.00,6008.00,RAILROAD APPROACH SPANS,EACH,EACH,07,,current,ne_ndot_english_standard_item_list_2010,144,stditeme06252010.pdf#page=144;item=6008.00
ne_ndot_catalog_6008.40,ne_ndot_6008.40,6008.40,"PLACING, FINISHING, AND CURING CONCRETE OVERLAY-SF",SQ YD,SY,07,710.00,current,ne_ndot_english_standard_item_list_2010,144,stditeme06252010.pdf#page=144;item=6008.40
ne_ndot_catalog_6008.45,ne_ndot_6008.45,6008.45,"PLACING, FINISHING, AND CURING CONDUCTIVE CONCRETE",SQ YD,SY,07,,current,ne_ndot_english_standard_item_list_2010,144,stditeme06252010.pdf#page=144;item=6008.45
ne_ndot_catalog_6008.50,ne_ndot_6008.50,6008.50,"PLACING, FINISHING, AND CURING HD CONCRETE OVERLAY",SQ YD,SY,07,711.00,current,ne_ndot_english_standard_item_list_2010,144,stditeme06252010.pdf#page=144;item=6008.50
ne_ndot_catalog_6008.55,ne_ndot_6008.55,6008.55,"PLACING, FINISHING, AND CURING TYPE K CONCRETE OVERLAY",SQ YD,SY,07,,current,ne_ndot_english_standard_item_list_2010,144,stditeme06252010.pdf#page=144;item=6008.55
ne_ndot_catalog_6009.00,ne_ndot_6009.00,6009.00,PRECAST CONCRETE TOWERS,LIN FT,LF,07,,current,ne_ndot_english_standard_item_list_2010,144,stditeme06252010.pdf#page=144;item=6009.00
ne_ndot_catalog_6009.94,ne_ndot_6009.94,6009.94,CLASS 47B-HE-4000 CONCRETE FOR BRIDGE,CU YD,CY,07,,current,ne_ndot_english_standard_item_list_2010,144,stditeme06252010.pdf#page=144;item=6009.94
ne_ndot_catalog_6010.03,ne_ndot_6010.03,6010.03,LIGHTWEIGHT CONCRETE,CU YD,CY,07,,current,ne_ndot_english_standard_item_list_2010,144,stditeme06252010.pdf#page=144;item=6010.03
ne_ndot_catalog_6010.13,ne_ndot_6010.13,6010.13,CLASS PR-4000 CONCRETE FOR BRIDGE,CU YD,CY,07,,current,ne_ndot_english_standard_item_list_2010,144,stditeme06252010.pdf#page=144;item=6010.13
ne_ndot_catalog_6010.15,ne_ndot_6010.15,6010.15,CLASS PR1-3500 CONCRETE FOR BRIDGE,CU YD,CY,07,,current,ne_ndot_english_standard_item_list_2010,144,stditeme06252010.pdf#page=144;item=6010.15
ne_ndot_catalog_6010.17,ne_ndot_6010.17,6010.17,CLASS 47BD-4000 CONCRETE FOR BRIDGE,SQ YD,SY,07,704.00,current,ne_ndot_english_standard_item_list_2010,144,stditeme06252010.pdf#page=144;item=6010.17
ne_ndot_catalog_6010.18,ne_ndot_6010.18,6010.18,CLASS 47B-3500 CONCRETE FOR BRIDGE,SQ YD,SY,07,704.00,current,ne_ndot_english_standard_item_list_2010,144,stditeme06252010.pdf#page=144;item=6010.18
ne_ndot_catalog_6010.20,ne_ndot_6010.20,6010.20,CLASS 47B-3500 CONCRETE FOR BRIDGE,CU YD,CY,07,704.00,current,ne_ndot_english_standard_item_list_2010,144,stditeme06252010.pdf#page=144;item=6010.20
ne_ndot_catalog_6010.22,ne_ndot_6010.22,6010.22,CLASS 47B-3000 CONCRETE FOR BRIDGE,CU YD,CY,07,704.00,current,ne_ndot_english_standard_item_list_2010,144,stditeme06252010.pdf#page=144;item=6010.22
ne_ndot_catalog_6010.26,ne_ndot_6010.26,6010.26,CLASS 47BD-4000 CONCRETE FOR BRIDGE,CU YD,CY,07,704.00,current,ne_ndot_english_standard_item_list_2010,144,stditeme06252010.pdf#page=144;item=6010.26
ne_ndot_catalog_6010.27,ne_ndot_6010.27,6010.27,CLASS 47BD-3500 CONCRETE FOR BRIDGE,CU YD,CY,07,704.00,current,ne_ndot_english_standard_item_list_2010,145,stditeme06252010.pdf#page=145;item=6010.27
ne_ndot_catalog_6010.28,ne_ndot_6010.28,6010.28,CLASS 47BD-5000 CONCRETE FOR BRIDGE,CU YD,CY,07,704.00,current,ne_ndot_english_standard_item_list_2010,145,stditeme06252010.pdf#page=145;item=6010.28
ne_ndot_catalog_6010.29,ne_ndot_6010.29,6010.29,CLASS 47BD-3500 CONCRETE FOR BRIDGE,SQ YD,SY,07,704.00,current,ne_ndot_english_standard_item_list_2010,145,stditeme06252010.pdf#page=145;item=6010.29
ne_ndot_catalog_6010.30,ne_ndot_6010.30,6010.30,CLASS 47B-4000 CONCRETE FOR BRIDGE TYPE IP,CU YD,CY,07,,current,ne_ndot_english_standard_item_list_2010,145,stditeme06252010.pdf#page=145;item=6010.30
ne_ndot_catalog_6010.31,ne_ndot_6010.31,6010.31,CLASS 47B-P-6000 CONCRETE FOR BRIDGE,CU YD,CY,07,704.00,current,ne_ndot_english_standard_item_list_2010,145,stditeme06252010.pdf#page=145;item=6010.31
ne_ndot_catalog_6010.33,ne_ndot_6010.33,6010.33,CLASS 47BD-6000 CONCRETE FOR BRIDGE,CU YD,CY,07,704.00,current,ne_ndot_english_standard_item_list_2010,145,stditeme06252010.pdf#page=145;item=6010.33
ne_ndot_catalog_6010.34,ne_ndot_6010.34,6010.34,CLASS 47BD-8000 CONCRETE FOR BRIDGE,CU YD,CY,07,704.00,current,ne_ndot_english_standard_item_list_2010,145,stditeme06252010.pdf#page=145;item=6010.34
ne_ndot_catalog_6010.35,ne_ndot_6010.35,6010.35,CONDUCTIVE CONCRETE,CU YD,CY,07,,current,ne_ndot_english_standard_item_list_2010,145,stditeme06252010.pdf#page=145;item=6010.35
ne_ndot_catalog_6010.36,ne_ndot_6010.36,6010.36,SELF CONSOLIDATING CONCRETE,CU YD,CY,07,,current,ne_ndot_english_standard_item_list_2010,145,stditeme06252010.pdf#page=145;item=6010.36
ne_ndot_catalog_6010.37,ne_ndot_6010.37,6010.37,SELF CONSOLIDATING CONCRETE - TYPE K CEMENT,CU YD,CY,07,,current,ne_ndot_english_standard_item_list_2010,145,stditeme06252010.pdf#page=145;item=6010.37
ne_ndot_catalog_6010.38,ne_ndot_6010.38,6010.38,CLASS 47BD-5500 CONCRETE FOR BRIDGE,CU YD,CY,07,704.00,current,ne_ndot_english_standard_item_list_2010,145,stditeme06252010.pdf#page=145;item=6010.38
ne_ndot_catalog_6010.40,ne_ndot_6010.40,6010.40,CLASS 47BD-4000 CONCRETE FOR BARRIER,CU YD,CY,07,704.00,current,ne_ndot_english_standard_item_list_2010,145,stditeme06252010.pdf#page=145;item=6010.40
ne_ndot_catalog_6010.42,ne_ndot_6010.42,6010.42,CLASS 47BD-4000 CONCRETE FOR BARRIER TYPE F,CU YD,CY,07,,current,ne_ndot_english_standard_item_list_2010,145,stditeme06252010.pdf#page=145;item=6010.42
ne_ndot_catalog_6010.45,ne_ndot_6010.45,6010.45,CLASS 47BD-3000 CONCRETE FOR RAMPS,SQ FT,SF,07,,current,ne_ndot_english_standard_item_list_2010,145,stditeme06252010.pdf#page=145;item=6010.45
ne_ndot_catalog_6010.46,ne_ndot_6010.46,6010.46,CLASS 47BD-3500 CONCRETE FOR RAMPS,SQ FT,SF,07,,current,ne_ndot_english_standard_item_list_2010,145,stditeme06252010.pdf#page=145;item=6010.46
ne_ndot_catalog_6010.47,ne_ndot_6010.47,6010.47,CLASS 47B-3500 CONCRETE FOR RAMPS,SQ FT,SF,07,,current,ne_ndot_english_standard_item_list_2010,145,stditeme06252010.pdf#page=145;item=6010.47
ne_ndot_catalog_6010.48,ne_ndot_6010.48,6010.48,CLASS 47BD-4000 CONCRETE FOR RAMPS,SQ FT,SF,07,,current,ne_ndot_english_standard_item_list_2010,145,stditeme06252010.pdf#page=145;item=6010.48
ne_ndot_catalog_6010.75,ne_ndot_6010.75,6010.75,CLASS 47BD-4000 CONCRETE FOR PIER PROTECTION,CU YD,CY,07,704.00,current,ne_ndot_english_standard_item_list_2010,145,stditeme06252010.pdf#page=145;item=6010.75
ne_ndot_catalog_6010.78,ne_ndot_6010.78,6010.78,CLASS 47BD-4000 CONCRETE FOR CONCRETE RAIL,CU YD,CY,07,704.00,current,ne_ndot_english_standard_item_list_2010,145,stditeme06252010.pdf#page=145;item=6010.78
ne_ndot_catalog_6010.80,ne_ndot_6010.80,6010.80,CLASS 47BD-4000 CONCRETE FOR BRIDGE,CU YD,CY,07,704.00,current,ne_ndot_english_standard_item_list_2010,146,stditeme06252010.pdf#page=146;item=6010.80
ne_ndot_catalog_6010.81,ne_ndot_6010.81,6010.81,CLASS 47BD-4000 CONCRETE FOR BRIDGE,CU YD,CY,07,704.00,current,ne_ndot_english_standard_item_list_2010,146,stditeme06252010.pdf#page=146;item=6010.81
ne_ndot_catalog_6010.82,ne_ndot_6010.82,6010.82,CLASS 47BD-4000 CONCRETE FOR BRIDGE,CU YD,CY,07,704.00,current,ne_ndot_english_standard_item_list_2010,146,stditeme06252010.pdf#page=146;item=6010.82
ne_ndot_catalog_6010.94,ne_ndot_6010.94,6010.94,"4"" CONCRETE CLASS 47BD-4000 IMPRINTED MEDIAN SURFACING",SQ YD,SY,07,,current,ne_ndot_english_standard_item_list_2010,146,stditeme06252010.pdf#page=146;item=6010.94
ne_ndot_catalog_6011.11,ne_ndot_6011.11,6011.11,PRECAST/PRESTRESSED CONCRETE SUPERSTRUCTURE AT STATION,LUMP SUM,LS,07,705.00,current,ne_ndot_english_standard_item_list_2010,146,stditeme06252010.pdf#page=146;item=6011.11
ne_ndot_catalog_6011.12,ne_ndot_6011.12,6011.12,PRECAST-PRESTRESSED/POST-TENSIONED CONCRETE SUPERSTRUCTURE AT STATION,LUMP SUM,LS,07,,current,ne_ndot_english_standard_item_list_2010,146,stditeme06252010.pdf#page=146;item=6011.12
ne_ndot_catalog_6011.25,ne_ndot_6011.25,6011.25,NU-DECK PANELS,LUMP SUM,LS,07,,current,ne_ndot_english_standard_item_list_2010,146,stditeme06252010.pdf#page=146;item=6011.25
ne_ndot_catalog_6011.27,ne_ndot_6011.27,6011.27,PRECAST DECK PANELS,LUMP SUM,LS,07,,current,ne_ndot_english_standard_item_list_2010,146,stditeme06252010.pdf#page=146;item=6011.27
ne_ndot_catalog_6011.28,ne_ndot_6011.28,6011.28,PRECAST DECK PANELS,LUMP SUM,LS,07,,current,ne_ndot_english_standard_item_list_2010,146,stditeme06252010.pdf#page=146;item=6011.28
ne_ndot_catalog_6011.30,ne_ndot_6011.30,6011.30,CAST GIRDER UNIT,CU YD,CY,07,,current,ne_ndot_english_standard_item_list_2010,146,stditeme06252010.pdf#page=146;item=6011.30
ne_ndot_catalog_6012.02,ne_ndot_6012.02,6012.02,PRESTRESSED CONCRETE CLASS 47B-P-6500 OR 47B-PHE-6500,CU YD,CY,07,,current,ne_ndot_english_standard_item_list_2010,146,stditeme06252010.pdf#page=146;item=6012.02
ne_ndot_catalog_6013.00,ne_ndot_6013.00,6013.00,SPLICE PRESTRESSED CONCRETE GIRDER,EACH,EACH,07,,current,ne_ndot_english_standard_item_list_2010,146,stditeme06252010.pdf#page=146;item=6013.00
ne_ndot_catalog_6013.25,ne_ndot_6013.25,6013.25,"1/2"" DIAMETER POST-TENSIONING STRAND",LIN FT,LF,07,,current,ne_ndot_english_standard_item_list_2010,146,stditeme06252010.pdf#page=146;item=6013.25
ne_ndot_catalog_6013.50,ne_ndot_6013.50,6013.50,FKT COUPLING SYSTEM,EACH,EACH,07,,current,ne_ndot_english_standard_item_list_2010,146,stditeme06252010.pdf#page=146;item=6013.50
ne_ndot_catalog_6013.70,ne_ndot_6013.70,6013.70,CABLE STAYS,POUND,LB,07,,current,ne_ndot_english_standard_item_list_2010,146,stditeme06252010.pdf#page=146;item=6013.70
ne_ndot_catalog_6013.72,ne_ndot_6013.72,6013.72,POST-TENSIONING BARS,POUND,LB,07,,current,ne_ndot_english_standard_item_list_2010,146,stditeme06252010.pdf#page=146;item=6013.72
ne_ndot_catalog_6013.75,ne_ndot_6013.75,6013.75,POST-TENSIONING,POUND,LB,07,,current,ne_ndot_english_standard_item_list_2010,146,stditeme06252010.pdf#page=146;item=6013.75
ne_ndot_catalog_6013.76,ne_ndot_6013.76,6013.76,POST-TENSIONING,LIN FT,LF,07,,current,ne_ndot_english_standard_item_list_2010,146,stditeme06252010.pdf#page=146;item=6013.76
ne_ndot_catalog_6016.00,ne_ndot_6016.00,6016.00,CONCRETE FOR OVERLAYS-HD,CU YD,CY,07,711.00,current,ne_ndot_english_standard_item_list_2010,146,stditeme06252010.pdf#page=146;item=6016.00
ne_ndot_catalog_6016.02,ne_ndot_6016.02,6016.02,CONCRETE FOR OVERLAYS-SF,CU YD,CY,07,710.00,current,ne_ndot_english_standard_item_list_2010,147,stditeme06252010.pdf#page=147;item=6016.02
ne_ndot_catalog_6016.04,ne_ndot_6016.04,6016.04,CONCRETE FOR OVERLAYS-TYPE K,CU YD,CY,07,,current,ne_ndot_english_standard_item_list_2010,147,stditeme06252010.pdf#page=147;item=6016.04
ne_ndot_catalog_6016.09,ne_ndot_6016.09,6016.09,CONCRETE FOR BRIDGES SF,CU YD,CY,07,,current,ne_ndot_english_standard_item_list_2010,147,stditeme06252010.pdf#page=147;item=6016.09
ne_ndot_catalog_6016.10,ne_ndot_6016.10,6016.10,CLASS 47BD-SF MODIFIED CONCRETE,CU YD,CY,07,,current,ne_ndot_english_standard_item_list_2010,147,stditeme06252010.pdf#page=147;item=6016.10
ne_ndot_catalog_6016.50,ne_ndot_6016.50,6016.50,SIDEWALK OVERLAY,SQ YD,SY,07,,current,ne_ndot_english_standard_item_list_2010,147,stditeme06252010.pdf#page=147;item=6016.50
ne_ndot_catalog_6017.00,ne_ndot_6017.00,6017.00,TRIAL PLACEMENT,LUMP SUM,LS,07,710.00,current,ne_ndot_english_standard_item_list_2010,147,stditeme06252010.pdf#page=147;item=6017.00
ne_ndot_catalog_6017.10,ne_ndot_6017.10,6017.10,CORR-STOPS CORROSION MITIGATION ANODE INSTALLATION,LUMP SUM,LS,07,,current,ne_ndot_english_standard_item_list_2010,147,stditeme06252010.pdf#page=147;item=6017.10
ne_ndot_catalog_6019.00,ne_ndot_6019.00,6019.00,BIRD SPIKES,LIN FT,LF,07,,current,ne_ndot_english_standard_item_list_2010,147,stditeme06252010.pdf#page=147;item=6019.00
ne_ndot_catalog_6020.00,ne_ndot_6020.00,6020.00,REINFORCING STEEL FOR BRIDGE,POUND,LB,07,707.00,current,ne_ndot_english_standard_item_list_2010,147,stditeme06252010.pdf#page=147;item=6020.00
ne_ndot_catalog_6020.03,ne_ndot_6020.03,6020.03,EPOXY COATED REINFORCING STEEL FOR CONCRETE RAIL,POUND,LB,07,,current,ne_ndot_english_standard_item_list_2010,147,stditeme06252010.pdf#page=147;item=6020.03
ne_ndot_catalog_6020.04,ne_ndot_6020.04,6020.04,REINFORCING STEEL FOR CONCRETE RAIL,POUND,LB,07,707.00,current,ne_ndot_english_standard_item_list_2010,147,stditeme06252010.pdf#page=147;item=6020.04
ne_ndot_catalog_6020.11,ne_ndot_6020.11,6020.11,MODIFICATION OF REINFORCING STEEL,EACH,EACH,07,,current,ne_ndot_english_standard_item_list_2010,147,stditeme06252010.pdf#page=147;item=6020.11
ne_ndot_catalog_6020.15,ne_ndot_6020.15,6020.15,REINFORCING STEEL FOR BARRIER,POUND,LB,07,707.00,current,ne_ndot_english_standard_item_list_2010,147,stditeme06252010.pdf#page=147;item=6020.15
ne_ndot_catalog_6020.20,ne_ndot_6020.20,6020.20,DRILL AND PLACE REBAR,EACH,EACH,07,,current,ne_ndot_english_standard_item_list_2010,147,stditeme06252010.pdf#page=147;item=6020.20
ne_ndot_catalog_6020.25,ne_ndot_6020.25,6020.25,DRILL AND DOWEL BARS,EACH,EACH,07,,current,ne_ndot_english_standard_item_list_2010,147,stditeme06252010.pdf#page=147;item=6020.25
ne_ndot_catalog_6025.00,ne_ndot_6025.00,6025.00,INSPECT BRIDGE DECK UNDERSURFACE,SQ FT,SF,07,,current,ne_ndot_english_standard_item_list_2010,147,stditeme06252010.pdf#page=147;item=6025.00
ne_ndot_catalog_6025.20,ne_ndot_6025.20,6025.20,REPAIR BRIDGE DECK UNDERSURFACE,SQ FT,SF,07,,current,ne_ndot_english_standard_item_list_2010,147,stditeme06252010.pdf#page=147;item=6025.20
ne_ndot_catalog_6030.00,ne_ndot_6030.00,6030.00,PREPARATION OF BRIDGE AT STATION,EACH,EACH,07,704.00,current,ne_ndot_english_standard_item_list_2010,147,stditeme06252010.pdf#page=147;item=6030.00
ne_ndot_catalog_6030.01,ne_ndot_6030.01,6030.01,PREPARATION OF BRIDGE AT STATION,EACH,EACH,07,704.00,current,ne_ndot_english_standard_item_list_2010,147,stditeme06252010.pdf#page=147;item=6030.01
ne_ndot_catalog_6030.02,ne_ndot_6030.02,6030.02,PREPARATION OF BRIDGE AT STATION,EACH,EACH,07,704.00,current,ne_ndot_english_standard_item_list_2010,148,stditeme06252010.pdf#page=148;item=6030.02
ne_ndot_catalog_6030.03,ne_ndot_6030.03,6030.03,PREPARATION OF BRIDGE AT STATION,EACH,EACH,07,704.00,current,ne_ndot_english_standard_item_list_2010,148,stditeme06252010.pdf#page=148;item=6030.03
ne_ndot_catalog_6030.04,ne_ndot_6030.04,6030.04,PREPARATION OF BRIDGE AT STATION,EACH,EACH,07,704.00,current,ne_ndot_english_standard_item_list_2010,148,stditeme06252010.pdf#page=148;item=6030.04
ne_ndot_catalog_6030.05,ne_ndot_6030.05,6030.05,PREPARATION OF BRIDGE,EACH,EACH,07,,current,ne_ndot_english_standard_item_list_2010,148,stditeme06252010.pdf#page=148;item=6030.05
ne_ndot_catalog_6030.06,ne_ndot_6030.06,6030.06,PREPARATION OF BRIDGE,EACH,EACH,07,,current,ne_ndot_english_standard_item_list_2010,148,stditeme06252010.pdf#page=148;item=6030.06
ne_ndot_catalog_6030.07,ne_ndot_6030.07,6030.07,PREPARATION OF BRIDGE,EACH,EACH,07,,current,ne_ndot_english_standard_item_list_2010,148,stditeme06252010.pdf#page=148;item=6030.07
ne_ndot_catalog_6040.00,ne_ndot_6040.00,6040.00,REMOVE STRUCTURE,EACH,EACH,07,203.00,current,ne_ndot_english_standard_item_list_2010,148,stditeme06252010.pdf#page=148;item=6040.00
ne_ndot_catalog_6040.01,ne_ndot_6040.01,6040.01,REMOVE STRUCTURE,EACH,EACH,07,203.00,current,ne_ndot_english_standard_item_list_2010,148,stditeme06252010.pdf#page=148;item=6040.01
ne_ndot_catalog_6040.02,ne_ndot_6040.02,6040.02,REMOVE STRUCTURE,EACH,EACH,07,203.00,current,ne_ndot_english_standard_item_list_2010,148,stditeme06252010.pdf#page=148;item=6040.02
ne_ndot_catalog_6040.03,ne_ndot_6040.03,6040.03,REMOVE STRUCTURE,EACH,EACH,07,203.00,current,ne_ndot_english_standard_item_list_2010,148,stditeme06252010.pdf#page=148;item=6040.03
ne_ndot_catalog_6040.04,ne_ndot_6040.04,6040.04,REMOVE STRUCTURE,EACH,EACH,07,203.00,current,ne_ndot_english_standard_item_list_2010,148,stditeme06252010.pdf#page=148;item=6040.04
ne_ndot_catalog_6040.05,ne_ndot_6040.05,6040.05,REMOVE STRUCTURE,EACH,EACH,07,203.00,current,ne_ndot_english_standard_item_list_2010,148,stditeme06252010.pdf#page=148;item=6040.05
ne_ndot_catalog_6040.50,ne_ndot_6040.50,6040.50,REMOVE CAISSON,EACH,EACH,07,203.00,current,ne_ndot_english_standard_item_list_2010,148,stditeme06252010.pdf#page=148;item=6040.50
ne_ndot_catalog_6040.60,ne_ndot_6040.60,6040.60,REMOVE CONCRETE ABUTMENT,EACH,EACH,07,203.00,current,ne_ndot_english_standard_item_list_2010,148,stditeme06252010.pdf#page=148;item=6040.60
ne_ndot_catalog_6041.00,ne_ndot_6041.00,6041.00,REMOVE DETOUR BRIDGE,EACH,EACH,07,,current,ne_ndot_english_standard_item_list_2010,148,stditeme06252010.pdf#page=148;item=6041.00
ne_ndot_catalog_6042.00,ne_ndot_6042.00,6042.00,REMOVE BANK PROTECTION JETTIES,EACH,EACH,07,,current,ne_ndot_english_standard_item_list_2010,148,stditeme06252010.pdf#page=148;item=6042.00
ne_ndot_catalog_6045.00,ne_ndot_6045.00,6045.00,ERECT GIRDER,EACH,EACH,07,,current,ne_ndot_english_standard_item_list_2010,148,stditeme06252010.pdf#page=148;item=6045.00
ne_ndot_catalog_6045.10,ne_ndot_6045.10,6045.10,GIRDER INSTALLATION,LUMP SUM,LS,07,,current,ne_ndot_english_standard_item_list_2010,148,stditeme06252010.pdf#page=148;item=6045.10
ne_ndot_catalog_6051.00,ne_ndot_6051.00,6051.00,STEEL GRID FLOOR,SQ FT,SF,07,,current,ne_ndot_english_standard_item_list_2010,148,stditeme06252010.pdf#page=148;item=6051.00
ne_ndot_catalog_6052.00,ne_ndot_6052.00,6052.00,ERECTING DETOUR BRIDGE,EACH,EACH,07,,current,ne_ndot_english_standard_item_list_2010,149,stditeme06252010.pdf#page=149;item=6052.00
ne_ndot_catalog_6052.52,ne_ndot_6052.52,6052.52,ACCESS BRIDGE,LUMP SUM,LS,07,,current,ne_ndot_english_standard_item_list_2010,149,stditeme06252010.pdf#page=149;item=6052.52
ne_ndot_catalog_6052.55,ne_ndot_6052.55,6052.55,ACCESS CROSSING,LUMP SUM,LS,07,,current,ne_ndot_english_standard_item_list_2010,149,stditeme06252010.pdf#page=149;item=6052.55
ne_ndot_catalog_6053.00,ne_ndot_6053.00,6053.00,STEEL BRIDGE PLANK,SQ FT,SF,07,,current,ne_ndot_english_standard_item_list_2010,149,stditeme06252010.pdf#page=149;item=6053.00
ne_ndot_catalog_6060.00,ne_ndot_6060.00,6060.00,UNTREATED BRIDGE TIMBER,CU YD,CY,07,,current,ne_ndot_english_standard_item_list_2010,149,stditeme06252010.pdf#page=149;item=6060.00
ne_ndot_catalog_6061.00,ne_ndot_6061.00,6061.00,TREATED BRIDGE TIMBER,CU YD,CY,07,,current,ne_ndot_english_standard_item_list_2010,149,stditeme06252010.pdf#page=149;item=6061.00
ne_ndot_catalog_6062.00,ne_ndot_6062.00,6062.00,TREATED TIMBER RETAINING WALL,SQ FT,SF,07,,current,ne_ndot_english_standard_item_list_2010,149,stditeme06252010.pdf#page=149;item=6062.00
ne_ndot_catalog_6070.00,ne_ndot_6070.00,6070.00,PRECAST CONCRETE PIER WALLS,LUMP SUM,LS,07,,current,ne_ndot_english_standard_item_list_2010,149,stditeme06252010.pdf#page=149;item=6070.00
ne_ndot_catalog_6070.50,ne_ndot_6070.50,6070.50,PEDESTRIAN BRIDGE,LUMP SUM,LS,07,,current,ne_ndot_english_standard_item_list_2010,149,stditeme06252010.pdf#page=149;item=6070.50
ne_ndot_catalog_6070.51,ne_ndot_6070.51,6070.51,PEDESTRIAN BRIDGE,LUMP SUM,LS,07,,current,ne_ndot_english_standard_item_list_2010,149,stditeme06252010.pdf#page=149;item=6070.51
ne_ndot_catalog_6070.55,ne_ndot_6070.55,6070.55,PEDESTRIAN BRIDGE REDECKING,LUMP SUM,LS,07,,current,ne_ndot_english_standard_item_list_2010,149,stditeme06252010.pdf#page=149;item=6070.55
ne_ndot_catalog_6070.70,ne_ndot_6070.70,6070.70,WOOD PEDESTRIAN BRIDGE,LUMP SUM,LS,07,,current,ne_ndot_english_standard_item_list_2010,149,stditeme06252010.pdf#page=149;item=6070.70
ne_ndot_catalog_6070.71,ne_ndot_6070.71,6070.71,WOOD PEDESTRIAN BRIDGE,LUMP SUM,LS,07,,current,ne_ndot_english_standard_item_list_2010,149,stditeme06252010.pdf#page=149;item=6070.71
ne_ndot_catalog_6070.80,ne_ndot_6070.80,6070.80,PRECAST/PRESTRESSED CONCRETE RAMP STRUCTURE,LUMP SUM,LS,07,,current,ne_ndot_english_standard_item_list_2010,149,stditeme06252010.pdf#page=149;item=6070.80
ne_ndot_catalog_6070.90,ne_ndot_6070.90,6070.90,PREFABRICATED STEEL RAMP STRUCTURE,LUMP SUM,LS,07,,current,ne_ndot_english_standard_item_list_2010,149,stditeme06252010.pdf#page=149;item=6070.90
ne_ndot_catalog_6070.94,ne_ndot_6070.94,6070.94,STRUCTURAL STEEL FRAME FOR RAMPS,LUMP SUM,LS,07,,current,ne_ndot_english_standard_item_list_2010,149,stditeme06252010.pdf#page=149;item=6070.94
ne_ndot_catalog_6071.10,ne_ndot_6071.10,6071.10,STEEL SUPERSTRUCTURE AT STATION,LUMP SUM,LS,07,708.00,current,ne_ndot_english_standard_item_list_2010,149,stditeme06252010.pdf#page=149;item=6071.10
ne_ndot_catalog_6071.11,ne_ndot_6071.11,6071.11,STEEL SUPERSTRUCTURE AT STATION,LUMP SUM,LS,07,708.00,current,ne_ndot_english_standard_item_list_2010,149,stditeme06252010.pdf#page=149;item=6071.11
ne_ndot_catalog_6071.12,ne_ndot_6071.12,6071.12,STEEL SUPERSTRUCTURE AT STATION,LUMP SUM,LS,07,708.00,current,ne_ndot_english_standard_item_list_2010,149,stditeme06252010.pdf#page=149;item=6071.12
ne_ndot_catalog_6071.13,ne_ndot_6071.13,6071.13,STEEL SUPERSTRUCTURE AT STATION,LUMP SUM,LS,07,708.00,current,ne_ndot_english_standard_item_list_2010,150,stditeme06252010.pdf#page=150;item=6071.13
ne_ndot_catalog_6071.20,ne_ndot_6071.20,6071.20,FABRICATING STEEL SUPERSTRUCTURE,LUMP SUM,LS,07,,current,ne_ndot_english_standard_item_list_2010,150,stditeme06252010.pdf#page=150;item=6071.20
ne_ndot_catalog_6071.25,ne_ndot_6071.25,6071.25,TIMBER SUPERSTRUCTURE,LUMP SUM,LS,07,,current,ne_ndot_english_standard_item_list_2010,150,stditeme06252010.pdf#page=150;item=6071.25
ne_ndot_catalog_6080.00,ne_ndot_6080.00,6080.00,STRUCTURAL STEEL FOR SUBSTRUCTURE,POUND,LB,07,708.00,current,ne_ndot_english_standard_item_list_2010,150,stditeme06252010.pdf#page=150;item=6080.00
ne_ndot_catalog_6081.00,ne_ndot_6081.00,6081.00,STRUCTURAL STEEL FOR SUPERSTRUCTURE,POUND,LB,07,708.00,current,ne_ndot_english_standard_item_list_2010,150,stditeme06252010.pdf#page=150;item=6081.00
ne_ndot_catalog_6082.00,ne_ndot_6082.00,6082.00,STRUCTURAL STEEL FOR HANDRAIL,POUND,LB,07,716.00,current,ne_ndot_english_standard_item_list_2010,150,stditeme06252010.pdf#page=150;item=6082.00
ne_ndot_catalog_6082.01,ne_ndot_6082.01,6082.01,STRUCTURAL STEEL FOR BRIDGE RAIL,POUND,LB,07,716.00,current,ne_ndot_english_standard_item_list_2010,150,stditeme06252010.pdf#page=150;item=6082.01
ne_ndot_catalog_6086.00,ne_ndot_6086.00,6086.00,STRUCTURAL STEEL,POUND,LB,07,916.00,current,ne_ndot_english_standard_item_list_2010,150,stditeme06252010.pdf#page=150;item=6086.00
ne_ndot_catalog_6090.00,ne_ndot_6090.00,6090.00,STRUCTURAL STEEL FOR PAVEMENT APPROACHES,POUND,LB,07,,current,ne_ndot_english_standard_item_list_2010,150,stditeme06252010.pdf#page=150;item=6090.00
ne_ndot_catalog_6094.90,ne_ndot_6094.90,6094.90,EXPANDED POLYSTYRENE GEOFOAM,CU YD,CY,07,,current,ne_ndot_english_standard_item_list_2010,150,stditeme06252010.pdf#page=150;item=6094.90
ne_ndot_catalog_6095.00,ne_ndot_6095.00,6095.00,STEEL DIAPHRAGM,EACH,EACH,07,708.00,current,ne_ndot_english_standard_item_list_2010,150,stditeme06252010.pdf#page=150;item=6095.00
ne_ndot_catalog_6095.02,ne_ndot_6095.02,6095.02,STEEL EXPANSION DIAPHRAGM,EACH,EACH,07,,current,ne_ndot_english_standard_item_list_2010,150,stditeme06252010.pdf#page=150;item=6095.02
ne_ndot_catalog_6100.00,ne_ndot_6100.00,6100.00,FLOOR DRAINS,EACH,EACH,07,706.00,current,ne_ndot_english_standard_item_list_2010,150,stditeme06252010.pdf#page=150;item=6100.00
ne_ndot_catalog_6100.02,ne_ndot_6100.02,6100.02,FLOOR DRAINS,EACH,EACH,07,,current,ne_ndot_english_standard_item_list_2010,150,stditeme06252010.pdf#page=150;item=6100.02
ne_ndot_catalog_6100.10,ne_ndot_6100.10,6100.10,"6"" DRAIN PIPE",LIN FT,LF,07,,current,ne_ndot_english_standard_item_list_2010,150,stditeme06252010.pdf#page=150;item=6100.10
ne_ndot_catalog_6102.10,ne_ndot_6102.10,6102.10,GRANULAR FILL 47B FINE AGGREGATE,CU YD,CY,07,,current,ne_ndot_english_standard_item_list_2010,150,stditeme06252010.pdf#page=150;item=6102.10
ne_ndot_catalog_6102.11,ne_ndot_6102.11,6102.11,GRANULAR FILL 47B FINE AGGREGATE,TON,TON,07,,current,ne_ndot_english_standard_item_list_2010,150,stditeme06252010.pdf#page=150;item=6102.11
ne_ndot_catalog_6103.00,ne_ndot_6103.00,6103.00,GEOGRID,SQ YD,SY,07,,current,ne_ndot_english_standard_item_list_2010,150,stditeme06252010.pdf#page=150;item=6103.00
ne_ndot_catalog_6103.05,ne_ndot_6103.05,6103.05,GEOGRID,LIN FT,LF,07,,current,ne_ndot_english_standard_item_list_2010,150,stditeme06252010.pdf#page=150;item=6103.05
ne_ndot_catalog_6104.00,ne_ndot_6104.00,6104.00,BROKEN CONCRETE RIPRAP,TON,TON,07,906.00,current,ne_ndot_english_standard_item_list_2010,151,stditeme06252010.pdf#page=151;item=6104.00
ne_ndot_catalog_6105.01,ne_ndot_6105.01,6105.01,"ROCK RIPRAP, TYPE A",TON,TON,07,905.00,current,ne_ndot_english_standard_item_list_2010,151,stditeme06252010.pdf#page=151;item=6105.01
ne_ndot_catalog_6105.02,ne_ndot_6105.02,6105.02,"ROCK RIPRAP, TYPE B",TON,TON,07,905.00,current,ne_ndot_english_standard_item_list_2010,151,stditeme06252010.pdf#page=151;item=6105.02
ne_ndot_catalog_6105.03,ne_ndot_6105.03,6105.03,"ROCK RIPRAP, TYPE C",TON,TON,07,905.00,current,ne_ndot_english_standard_item_list_2010,151,stditeme06252010.pdf#page=151;item=6105.03
ne_ndot_catalog_6105.10,ne_ndot_6105.10,6105.10,ROCK RIPRAP,TON,TON,07,,current,ne_ndot_english_standard_item_list_2010,151,stditeme06252010.pdf#page=151;item=6105.10
ne_ndot_catalog_6105.24,ne_ndot_6105.24,6105.24,"24"" CONCRETE ARMOR UNITS",EACH,EACH,07,,current,ne_ndot_english_standard_item_list_2010,151,stditeme06252010.pdf#page=151;item=6105.24
ne_ndot_catalog_6105.30,ne_ndot_6105.30,6105.30,SALVAGING AND PLACING TOPSOIL ON RIPRAP,SQ YD,SY,07,,current,ne_ndot_english_standard_item_list_2010,151,stditeme06252010.pdf#page=151;item=6105.30
ne_ndot_catalog_6106.00,ne_ndot_6106.00,6106.00,PLACING RIPRAP,TON,TON,07,,current,ne_ndot_english_standard_item_list_2010,151,stditeme06252010.pdf#page=151;item=6106.00
ne_ndot_catalog_6106.20,ne_ndot_6106.20,6106.20,REMOVE AND REPLACE RIPRAP,TON,TON,07,,current,ne_ndot_english_standard_item_list_2010,151,stditeme06252010.pdf#page=151;item=6106.20
ne_ndot_catalog_6106.25,ne_ndot_6106.25,6106.25,REMOVE RIPRAP,TON,TON,07,,current,ne_ndot_english_standard_item_list_2010,151,stditeme06252010.pdf#page=151;item=6106.25
ne_ndot_catalog_6106.26,ne_ndot_6106.26,6106.26,REMOVE AND SALVAGE RIPRAP,CU YD,CY,07,,current,ne_ndot_english_standard_item_list_2010,151,stditeme06252010.pdf#page=151;item=6106.26
ne_ndot_catalog_6106.27,ne_ndot_6106.27,6106.27,REMOVE REVETMENT MATTRESS,TON,TON,07,,current,ne_ndot_english_standard_item_list_2010,151,stditeme06252010.pdf#page=151;item=6106.27
ne_ndot_catalog_6106.31,ne_ndot_6106.31,6106.31,ADDITIONAL HAUL,LUMP SUM,LS,07,,current,ne_ndot_english_standard_item_list_2010,151,stditeme06252010.pdf#page=151;item=6106.31
ne_ndot_catalog_6106.32,ne_ndot_6106.32,6106.32,ADDITIONAL HAUL,TON,TON,07,,current,ne_ndot_english_standard_item_list_2010,151,stditeme06252010.pdf#page=151;item=6106.32
ne_ndot_catalog_6107.00,ne_ndot_6107.00,6107.00,CONCRETE SLOPE PROTECTION,SQ YD,SY,07,908.00,current,ne_ndot_english_standard_item_list_2010,151,stditeme06252010.pdf#page=151;item=6107.00
ne_ndot_catalog_6107.10,ne_ndot_6107.10,6107.10,CONCRETE SLOPE PROTECTION REPAIR,SQ YD,SY,07,,current,ne_ndot_english_standard_item_list_2010,151,stditeme06252010.pdf#page=151;item=6107.10
ne_ndot_catalog_6107.11,ne_ndot_6107.11,6107.11,CONCRETE SLOPE PROTECTION REPAIR,POUND,LB,07,,current,ne_ndot_english_standard_item_list_2010,151,stditeme06252010.pdf#page=151;item=6107.11
ne_ndot_catalog_6131.22,ne_ndot_6131.22,6131.22,SURFACE COATING,SQ YD,SY,07,,current,ne_ndot_english_standard_item_list_2010,151,stditeme06252010.pdf#page=151;item=6131.22
ne_ndot_catalog_6131.27,ne_ndot_6131.27,6131.27,LITHIUM TREATMENT,SQ FT,SF,07,,current,ne_ndot_english_standard_item_list_2010,151,stditeme06252010.pdf#page=151;item=6131.27
ne_ndot_catalog_6131.30,ne_ndot_6131.30,6131.30,"DECORATIVE SAW CUTTING, STAIN AND SEALER",SQ FT,SF,07,,current,ne_ndot_english_standard_item_list_2010,152,stditeme06252010.pdf#page=152;item=6131.30
ne_ndot_catalog_6131.32,ne_ndot_6131.32,6131.32,BRIDGE DECK STAIN & SEALER,SQ FT,SF,07,,current,ne_ndot_english_standard_item_list_2010,152,stditeme06252010.pdf#page=152;item=6131.32
ne_ndot_catalog_6131.45,ne_ndot_6131.45,6131.45,EPOXY COATED WELDED WIRE FABRIC,POUND,LB,07,,current,ne_ndot_english_standard_item_list_2010,152,stditeme06252010.pdf#page=152;item=6131.45
ne_ndot_catalog_6131.50,ne_ndot_6131.50,6131.50,EPOXY COATED REINFORCING STEEL,POUND,LB,07,707.00,current,ne_ndot_english_standard_item_list_2010,152,stditeme06252010.pdf#page=152;item=6131.50
ne_ndot_catalog_6131.52,ne_ndot_6131.52,6131.52,GALVANIZED REINFORCING STEEL,POUND,LB,07,,current,ne_ndot_english_standard_item_list_2010,152,stditeme06252010.pdf#page=152;item=6131.52
ne_ndot_catalog_6131.53,ne_ndot_6131.53,6131.53,EPOXY COATED HEADED REINFORCING STEEL,POUND,LB,07,707.00,current,ne_ndot_english_standard_item_list_2010,152,stditeme06252010.pdf#page=152;item=6131.53
ne_ndot_catalog_6131.61,ne_ndot_6131.61,6131.61,EPOXY COATED REINFORCING STEEL FOR BARRIER,POUND,LB,07,707.00,current,ne_ndot_english_standard_item_list_2010,152,stditeme06252010.pdf#page=152;item=6131.61
ne_ndot_catalog_6131.65,ne_ndot_6131.65,6131.65,CUT AND EPOXY REINFORCING STEEL,LUMP SUM,LS,07,,current,ne_ndot_english_standard_item_list_2010,152,stditeme06252010.pdf#page=152;item=6131.65
ne_ndot_catalog_6131.75,ne_ndot_6131.75,6131.75,EPOXY COATED REINFORCING STEEL FOR PIER PROTECTION,POUND,LB,07,,current,ne_ndot_english_standard_item_list_2010,152,stditeme06252010.pdf#page=152;item=6131.75
ne_ndot_catalog_6132.90,ne_ndot_6132.90,6132.90,WATERPROOFING,SQ YD,SY,07,,current,ne_ndot_english_standard_item_list_2010,152,stditeme06252010.pdf#page=152;item=6132.90
ne_ndot_catalog_6133.00,ne_ndot_6133.00,6133.00,MEMBRANE WATERPROOFING,SQ YD,SY,07,,current,ne_ndot_english_standard_item_list_2010,152,stditeme06252010.pdf#page=152;item=6133.00
ne_ndot_catalog_6133.08,ne_ndot_6133.08,6133.08,COLD LIQUID - APPLIED MEMBRANE WATERPROOFING,SQ FT,SF,07,,current,ne_ndot_english_standard_item_list_2010,152,stditeme06252010.pdf#page=152;item=6133.08
ne_ndot_catalog_6133.09,ne_ndot_6133.09,6133.09,BUTYL OR EPDM MEMBRANE WATERPROOFING,SQ FT,SF,07,,current,ne_ndot_english_standard_item_list_2010,152,stditeme06252010.pdf#page=152;item=6133.09
ne_ndot_catalog_6133.10,ne_ndot_6133.10,6133.10,BRIDGE DECK WATERPROOFING,SQ YD,SY,07,,current,ne_ndot_english_standard_item_list_2010,152,stditeme06252010.pdf#page=152;item=6133.10
ne_ndot_catalog_6133.12,ne_ndot_6133.12,6133.12,DECK WATERPROOFING,SQ YD,SY,07,,current,ne_ndot_english_standard_item_list_2010,152,stditeme06252010.pdf#page=152;item=6133.12
ne_ndot_catalog_6133.13,ne_ndot_6133.13,6133.13,ANTI-GRAFFITI COATING,LUMP SUM,LS,07,,current,ne_ndot_english_standard_item_list_2010,152,stditeme06252010.pdf#page=152;item=6133.13
ne_ndot_catalog_6133.14,ne_ndot_6133.14,6133.14,ANTI-GRAFFITI COATING,LUMP SUM,LS,07,,current,ne_ndot_english_standard_item_list_2010,152,stditeme06252010.pdf#page=152;item=6133.14
ne_ndot_catalog_6133.15,ne_ndot_6133.15,6133.15,ANTI-GRAFFITI COATING,SQ YD,SY,07,,current,ne_ndot_english_standard_item_list_2010,152,stditeme06252010.pdf#page=152;item=6133.15
ne_ndot_catalog_6133.16,ne_ndot_6133.16,6133.16,E.I.F. CLADDING,SQ YD,SY,07,,current,ne_ndot_english_standard_item_list_2010,152,stditeme06252010.pdf#page=152;item=6133.16
ne_ndot_catalog_6133.50,ne_ndot_6133.50,6133.50,WATERPROOFING PROTECTIVE COURSE,SQ YD,SY,07,,current,ne_ndot_english_standard_item_list_2010,153,stditeme06252010.pdf#page=153;item=6133.50
ne_ndot_catalog_6137.00,ne_ndot_6137.00,6137.00,CONCRETE SURFACE PREPARATION,EACH,EACH,07,,current,ne_ndot_english_standard_item_list_2010,153,stditeme06252010.pdf#page=153;item=6137.00
ne_ndot_catalog_6139.25,ne_ndot_6139.25,6139.25,SUBSTRUCTURE WATERPROOFING,SQ YD,SY,07,,current,ne_ndot_english_standard_item_list_2010,153,stditeme06252010.pdf#page=153;item=6139.25
ne_ndot_catalog_6139.50,ne_ndot_6139.50,6139.50,SUBSURFACE DRAINAGE MATTING,SQ YD,SY,07,727.00,current,ne_ndot_english_standard_item_list_2010,153,stditeme06252010.pdf#page=153;item=6139.50
ne_ndot_catalog_6140.00,ne_ndot_6140.00,6140.00,DAMPPROOFING,SQ YD,SY,07,920.00,current,ne_ndot_english_standard_item_list_2010,153,stditeme06252010.pdf#page=153;item=6140.00
ne_ndot_catalog_6175.00,ne_ndot_6175.00,6175.00,PILE TIPS,EACH,EACH,07,,current,ne_ndot_english_standard_item_list_2010,153,stditeme06252010.pdf#page=153;item=6175.00
ne_ndot_catalog_6180.00,ne_ndot_6180.00,6180.00,PILE JACKET,EACH,EACH,07,,current,ne_ndot_english_standard_item_list_2010,153,stditeme06252010.pdf#page=153;item=6180.00
ne_ndot_catalog_6190.00,ne_ndot_6190.00,6190.00,BEARING PILING,LIN FT,LF,07,,current,ne_ndot_english_standard_item_list_2010,153,stditeme06252010.pdf#page=153;item=6190.00
ne_ndot_catalog_6200.00,ne_ndot_6200.00,6200.00,CONCRETE PILING,LIN FT,LF,07,703.00,current,ne_ndot_english_standard_item_list_2010,153,stditeme06252010.pdf#page=153;item=6200.00
ne_ndot_catalog_6200.45,ne_ndot_6200.45,6200.45,"SPLICES, CONCRETE PILING",EACH,EACH,07,,current,ne_ndot_english_standard_item_list_2010,153,stditeme06252010.pdf#page=153;item=6200.45
ne_ndot_catalog_6200.50,ne_ndot_6200.50,6200.50,PAY CUT-OFF FOR CONCRETE PILING,LIN FT,LF,07,,current,ne_ndot_english_standard_item_list_2010,153,stditeme06252010.pdf#page=153;item=6200.50
ne_ndot_catalog_6202.10,ne_ndot_6202.10,6202.10,"12"" CAST-IN-PLACE CONCRETE PILING",LIN FT,LF,07,,current,ne_ndot_english_standard_item_list_2010,153,stditeme06252010.pdf#page=153;item=6202.10
ne_ndot_catalog_6202.14,ne_ndot_6202.14,6202.14,"14"" CAST-IN-PLACE AUGERED CONCRETE PILING",LIN FT,LF,07,,current,ne_ndot_english_standard_item_list_2010,153,stditeme06252010.pdf#page=153;item=6202.14
ne_ndot_catalog_6202.16,ne_ndot_6202.16,6202.16,"16"" CAST-IN-PLACE AUGERED CONCRETE PILING",LIN FT,LF,07,,current,ne_ndot_english_standard_item_list_2010,153,stditeme06252010.pdf#page=153;item=6202.16
ne_ndot_catalog_6202.17,ne_ndot_6202.17,6202.17,"16"" CAST-IN-PLACE CONCRETE PILING",LIN FT,LF,07,,current,ne_ndot_english_standard_item_list_2010,153,stditeme06252010.pdf#page=153;item=6202.17
ne_ndot_catalog_6202.50,ne_ndot_6202.50,6202.50,"12"" CAST-IN-PLACE PILE CASING",LIN FT,LF,07,,current,ne_ndot_english_standard_item_list_2010,153,stditeme06252010.pdf#page=153;item=6202.50
ne_ndot_catalog_6205.12,ne_ndot_6205.12,6205.12,"12"" PRESTRESSED CONCRETE PILING",LIN FT,LF,07,,current,ne_ndot_english_standard_item_list_2010,153,stditeme06252010.pdf#page=153;item=6205.12
ne_ndot_catalog_6205.40,ne_ndot_6205.40,6205.40,"PRESTRESSED CONCRETE PILES, TYPE I",LIN FT,LF,07,,current,ne_ndot_english_standard_item_list_2010,153,stditeme06252010.pdf#page=153;item=6205.40
ne_ndot_catalog_6205.42,ne_ndot_6205.42,6205.42,"PRESTRESSED CONCRETE PILES, TYPE II",LIN FT,LF,07,,current,ne_ndot_english_standard_item_list_2010,153,stditeme06252010.pdf#page=153;item=6205.42
ne_ndot_catalog_6205.50,ne_ndot_6205.50,6205.50,"PRESTRESSED CONCRETE PILES, TYPE IV",LIN FT,LF,07,,current,ne_ndot_english_standard_item_list_2010,154,stditeme06252010.pdf#page=154;item=6205.50
ne_ndot_catalog_6210.10,ne_ndot_6210.10,6210.10,HP 10 INCH X 42 LB STEEL PILING,LIN FT,LF,07,703.00,current,ne_ndot_english_standard_item_list_2010,154,stditeme06252010.pdf#page=154;item=6210.10
ne_ndot_catalog_6210.11,ne_ndot_6210.11,6210.11,HP 8 INCH X 36 LB STEEL PILING,LIN FT,LF,07,703.00,current,ne_ndot_english_standard_item_list_2010,154,stditeme06252010.pdf#page=154;item=6210.11
ne_ndot_catalog_6210.12,ne_ndot_6210.12,6210.12,HP 10 INCH X 42 LB STEEL PILING,LIN FT,LF,07,703.00,current,ne_ndot_english_standard_item_list_2010,154,stditeme06252010.pdf#page=154;item=6210.12
ne_ndot_catalog_6210.13,ne_ndot_6210.13,6210.13,HP 10 INCH X 57 LB STEEL PILING,LIN FT,LF,07,703.00,current,ne_ndot_english_standard_item_list_2010,154,stditeme06252010.pdf#page=154;item=6210.13
ne_ndot_catalog_6210.14,ne_ndot_6210.14,6210.14,HP 12 INCH X 53 LB STEEL PILING,LIN FT,LF,07,703.00,current,ne_ndot_english_standard_item_list_2010,154,stditeme06252010.pdf#page=154;item=6210.14
ne_ndot_catalog_6210.16,ne_ndot_6210.16,6210.16,HP 12 INCH X 63 LB STEEL PILING,LIN FT,LF,07,703.00,current,ne_ndot_english_standard_item_list_2010,154,stditeme06252010.pdf#page=154;item=6210.16
ne_ndot_catalog_6210.18,ne_ndot_6210.18,6210.18,HP 12 INCH X 74 LB STEEL PILING,LIN FT,LF,07,703.00,current,ne_ndot_english_standard_item_list_2010,154,stditeme06252010.pdf#page=154;item=6210.18
ne_ndot_catalog_6210.19,ne_ndot_6210.19,6210.19,HP 12 INCH X 84 LB STEEL PILING,LIN FT,LF,07,703.00,current,ne_ndot_english_standard_item_list_2010,154,stditeme06252010.pdf#page=154;item=6210.19
ne_ndot_catalog_6210.20,ne_ndot_6210.20,6210.20,HP 14 INCH X 73 LB STEEL PILING,LIN FT,LF,07,703.00,current,ne_ndot_english_standard_item_list_2010,154,stditeme06252010.pdf#page=154;item=6210.20
ne_ndot_catalog_6210.21,ne_ndot_6210.21,6210.21,HP 14 INCH X 89 LB STEEL PILING,LIN FT,LF,07,703.00,current,ne_ndot_english_standard_item_list_2010,154,stditeme06252010.pdf#page=154;item=6210.21
ne_ndot_catalog_6210.24,ne_ndot_6210.24,6210.24,HP 14 INCH X 117 LB STEEL PILING,LIN FT,LF,07,703.00,current,ne_ndot_english_standard_item_list_2010,154,stditeme06252010.pdf#page=154;item=6210.24
ne_ndot_catalog_6210.32,ne_ndot_6210.32,6210.32,PAY CUT-OFF 10 INCH X 42 LB STEEL PILING,LIN FT,LF,07,,current,ne_ndot_english_standard_item_list_2010,154,stditeme06252010.pdf#page=154;item=6210.32
ne_ndot_catalog_6210.34,ne_ndot_6210.34,6210.34,PAY CUT-OFF FOR 12 INCH X 53 LB STEEL PILING,LIN FT,LF,07,,current,ne_ndot_english_standard_item_list_2010,154,stditeme06252010.pdf#page=154;item=6210.34
ne_ndot_catalog_6210.42,ne_ndot_6210.42,6210.42,"HP 10""X42#, PILE SPLICES",EACH,EACH,07,,current,ne_ndot_english_standard_item_list_2010,154,stditeme06252010.pdf#page=154;item=6210.42
ne_ndot_catalog_6210.44,ne_ndot_6210.44,6210.44,"HP 12""X53#, PILE SPLICE",EACH,EACH,07,,current,ne_ndot_english_standard_item_list_2010,154,stditeme06252010.pdf#page=154;item=6210.44
ne_ndot_catalog_6210.50,ne_ndot_6210.50,6210.50,PIPE PILING,LIN FT,LF,07,703.00,current,ne_ndot_english_standard_item_list_2010,154,stditeme06252010.pdf#page=154;item=6210.50
ne_ndot_catalog_6210.55,ne_ndot_6210.55,6210.55,STEEL PILING,LIN FT,LF,07,,current,ne_ndot_english_standard_item_list_2010,154,stditeme06252010.pdf#page=154;item=6210.55
ne_ndot_catalog_6210.57,ne_ndot_6210.57,6210.57,SOIL-SETUP FACTOR,EACH,EACH,07,,current,ne_ndot_english_standard_item_list_2010,154,stditeme06252010.pdf#page=154;item=6210.57
ne_ndot_catalog_6210.58,ne_ndot_6210.58,6210.58,SOIL-SETUP FACTOR,EACH,EACH,07,,current,ne_ndot_english_standard_item_list_2010,155,stditeme06252010.pdf#page=155;item=6210.58
ne_ndot_catalog_6210.59,ne_ndot_6210.59,6210.59,PAY CUT-OFF,LIN FT,LF,07,,current,ne_ndot_english_standard_item_list_2010,155,stditeme06252010.pdf#page=155;item=6210.59
ne_ndot_catalog_6210.60,ne_ndot_6210.60,6210.60,PAY CUT-OFF FOR PIPE PILE,LIN FT,LF,07,,current,ne_ndot_english_standard_item_list_2010,155,stditeme06252010.pdf#page=155;item=6210.60
ne_ndot_catalog_6210.61,ne_ndot_6210.61,6210.61,PILE SPLICE,EACH,EACH,07,,current,ne_ndot_english_standard_item_list_2010,155,stditeme06252010.pdf#page=155;item=6210.61
ne_ndot_catalog_6211.75,ne_ndot_6211.75,6211.75,OVERDRIVING OF BEARING PILE,LIN FT,LF,07,,current,ne_ndot_english_standard_item_list_2010,155,stditeme06252010.pdf#page=155;item=6211.75
ne_ndot_catalog_6212.00,ne_ndot_6212.00,6212.00,BITUMEN COATING,LIN FT,LF,07,,current,ne_ndot_english_standard_item_list_2010,155,stditeme06252010.pdf#page=155;item=6212.00
ne_ndot_catalog_6220.00,ne_ndot_6220.00,6220.00,TREATED TIMBER PILING,LIN FT,LF,07,,current,ne_ndot_english_standard_item_list_2010,155,stditeme06252010.pdf#page=155;item=6220.00
ne_ndot_catalog_6225.00,ne_ndot_6225.00,6225.00,STEEL RETARD,LIN FT,LF,07,,current,ne_ndot_english_standard_item_list_2010,155,stditeme06252010.pdf#page=155;item=6225.00
ne_ndot_catalog_6250.18,ne_ndot_6250.18,6250.18,"18"" PREDRILLED HOLE CASING",LIN FT,LF,07,,current,ne_ndot_english_standard_item_list_2010,155,stditeme06252010.pdf#page=155;item=6250.18
ne_ndot_catalog_6251.00,ne_ndot_6251.00,6251.00,TEST PILE,EACH,EACH,07,703.00,current,ne_ndot_english_standard_item_list_2010,155,stditeme06252010.pdf#page=155;item=6251.00
ne_ndot_catalog_6251.01,ne_ndot_6251.01,6251.01,TEST PILE,EACH,EACH,07,703.00,current,ne_ndot_english_standard_item_list_2010,155,stditeme06252010.pdf#page=155;item=6251.01
ne_ndot_catalog_6251.02,ne_ndot_6251.02,6251.02,TEST PILE,EACH,EACH,07,703.00,current,ne_ndot_english_standard_item_list_2010,155,stditeme06252010.pdf#page=155;item=6251.02
ne_ndot_catalog_6251.03,ne_ndot_6251.03,6251.03,TEST PILE,EACH,EACH,07,703.00,current,ne_ndot_english_standard_item_list_2010,155,stditeme06252010.pdf#page=155;item=6251.03
ne_ndot_catalog_6251.06,ne_ndot_6251.06,6251.06,BEARING LOAD TEST,EACH,EACH,07,,current,ne_ndot_english_standard_item_list_2010,155,stditeme06252010.pdf#page=155;item=6251.06
ne_ndot_catalog_6251.10,ne_ndot_6251.10,6251.10,STATIC PILE LOAD TEST,EACH,EACH,07,703.00,current,ne_ndot_english_standard_item_list_2010,155,stditeme06252010.pdf#page=155;item=6251.10
ne_ndot_catalog_6251.15,ne_ndot_6251.15,6251.15,"14"" CAST-IN-PLACE AUGERED CONCRETE PILING STATIC PILE LOAD TEST",EACH,EACH,07,,current,ne_ndot_english_standard_item_list_2010,155,stditeme06252010.pdf#page=155;item=6251.15
ne_ndot_catalog_6251.16,ne_ndot_6251.16,6251.16,"16"" CAST-IN-PLACE AUGERED CONCRETE PILING STATIC PILE LOAD TEST",EACH,EACH,07,,current,ne_ndot_english_standard_item_list_2010,155,stditeme06252010.pdf#page=155;item=6251.16
ne_ndot_catalog_6251.17,ne_ndot_6251.17,6251.17,TEST DRILLED SHAFT,EACH,EACH,07,,current,ne_ndot_english_standard_item_list_2010,155,stditeme06252010.pdf#page=155;item=6251.17
ne_ndot_catalog_6251.18,ne_ndot_6251.18,6251.18,TEST DRILLED SHAFT,EACH,EACH,07,,current,ne_ndot_english_standard_item_list_2010,155,stditeme06252010.pdf#page=155;item=6251.18
ne_ndot_catalog_6251.19,ne_ndot_6251.19,6251.19,LOAD CELL FOR DRILLED SHAFT,EACH,EACH,07,,current,ne_ndot_english_standard_item_list_2010,156,stditeme06252010.pdf#page=156;item=6251.19
ne_ndot_catalog_6251.30,ne_ndot_6251.30,6251.30,ANCHOR PILE,EACH,EACH,07,,current,ne_ndot_english_standard_item_list_2010,156,stditeme06252010.pdf#page=156;item=6251.30
ne_ndot_catalog_6251.39,ne_ndot_6251.39,6251.39,ROCK SOCKET,LIN FT,LF,07,,current,ne_ndot_english_standard_item_list_2010,156,stditeme06252010.pdf#page=156;item=6251.39
ne_ndot_catalog_6251.40,ne_ndot_6251.40,6251.40,ROCK SOCKET,LIN FT,LF,07,,current,ne_ndot_english_standard_item_list_2010,156,stditeme06252010.pdf#page=156;item=6251.40
ne_ndot_catalog_6251.41,ne_ndot_6251.41,6251.41,ROCK SOCKET,LIN FT,LF,07,,current,ne_ndot_english_standard_item_list_2010,156,stditeme06252010.pdf#page=156;item=6251.41
ne_ndot_catalog_6251.42,ne_ndot_6251.42,6251.42,ROCK SOCKET,LIN FT,LF,07,,current,ne_ndot_english_standard_item_list_2010,156,stditeme06252010.pdf#page=156;item=6251.42
ne_ndot_catalog_6251.43,ne_ndot_6251.43,6251.43,ROCK SOCKET,LIN FT,LF,07,,current,ne_ndot_english_standard_item_list_2010,156,stditeme06252010.pdf#page=156;item=6251.43
ne_ndot_catalog_6251.44,ne_ndot_6251.44,6251.44,SOCKET,LIN FT,LF,07,,current,ne_ndot_english_standard_item_list_2010,156,stditeme06252010.pdf#page=156;item=6251.44
ne_ndot_catalog_6251.45,ne_ndot_6251.45,6251.45,SOCKET,LIN FT,LF,07,,current,ne_ndot_english_standard_item_list_2010,156,stditeme06252010.pdf#page=156;item=6251.45
ne_ndot_catalog_6251.47,ne_ndot_6251.47,6251.47,DRILLED SHAFT,LIN FT,LF,07,,current,ne_ndot_english_standard_item_list_2010,156,stditeme06252010.pdf#page=156;item=6251.47
ne_ndot_catalog_6251.48,ne_ndot_6251.48,6251.48,DRILLED SHAFT,LIN FT,LF,07,,current,ne_ndot_english_standard_item_list_2010,156,stditeme06252010.pdf#page=156;item=6251.48
ne_ndot_catalog_6251.49,ne_ndot_6251.49,6251.49,DRILLED SHAFT,LIN FT,LF,07,,current,ne_ndot_english_standard_item_list_2010,156,stditeme06252010.pdf#page=156;item=6251.49
ne_ndot_catalog_6251.50,ne_ndot_6251.50,6251.50,DRILLED SHAFT,LIN FT,LF,07,,current,ne_ndot_english_standard_item_list_2010,156,stditeme06252010.pdf#page=156;item=6251.50
ne_ndot_catalog_6251.51,ne_ndot_6251.51,6251.51,DRILLED SHAFT,LIN FT,LF,07,,current,ne_ndot_english_standard_item_list_2010,156,stditeme06252010.pdf#page=156;item=6251.51
ne_ndot_catalog_6251.52,ne_ndot_6251.52,6251.52,DRILLED SHAFT,EACH,EACH,07,,current,ne_ndot_english_standard_item_list_2010,156,stditeme06252010.pdf#page=156;item=6251.52
ne_ndot_catalog_6251.60,ne_ndot_6251.60,6251.60,PREDRILLING,EACH,EACH,07,,current,ne_ndot_english_standard_item_list_2010,156,stditeme06252010.pdf#page=156;item=6251.60
ne_ndot_catalog_6252.00,ne_ndot_6252.00,6252.00,FOUNDATION INSPECTION HOLES,LIN FT,LF,07,,current,ne_ndot_english_standard_item_list_2010,156,stditeme06252010.pdf#page=156;item=6252.00
ne_ndot_catalog_6255.00,ne_ndot_6255.00,6255.00,DRILLED CAISSON,LIN FT,LF,07,,current,ne_ndot_english_standard_item_list_2010,156,stditeme06252010.pdf#page=156;item=6255.00
ne_ndot_catalog_6300.00,ne_ndot_6300.00,6300.00,CONCRETE SHEET PILING,SQ FT,SF,07,703.00,current,ne_ndot_english_standard_item_list_2010,156,stditeme06252010.pdf#page=156;item=6300.00
ne_ndot_catalog_6300.01,ne_ndot_6300.01,6300.01,CONCRETE SHEET PILING,SQ FT,SF,07,703.00,current,ne_ndot_english_standard_item_list_2010,157,stditeme06252010.pdf#page=157;item=6300.01
ne_ndot_catalog_6300.15,ne_ndot_6300.15,6300.15,PAY CUT-OFF FOR CONCRETE SHEET PILING,SQ FT,SF,07,,current,ne_ndot_english_standard_item_list_2010,157,stditeme06252010.pdf#page=157;item=6300.15
ne_ndot_catalog_6310.00,ne_ndot_6310.00,6310.00,STEEL SHEET PILING,SQ FT,SF,07,703.00,current,ne_ndot_english_standard_item_list_2010,157,stditeme06252010.pdf#page=157;item=6310.00
ne_ndot_catalog_6310.01,ne_ndot_6310.01,6310.01,STEEL SHEET PILING,SQ FT,SF,07,703.00,current,ne_ndot_english_standard_item_list_2010,157,stditeme06252010.pdf#page=157;item=6310.01
ne_ndot_catalog_6310.08,ne_ndot_6310.08,6310.08,STEEL SHEET PILING,TON,TON,07,,current,ne_ndot_english_standard_item_list_2010,157,stditeme06252010.pdf#page=157;item=6310.08
ne_ndot_catalog_6310.11,ne_ndot_6310.11,6310.11,STEEL SHEET PILING,LUMP SUM,LS,07,,current,ne_ndot_english_standard_item_list_2010,157,stditeme06252010.pdf#page=157;item=6310.11
ne_ndot_catalog_6310.12,ne_ndot_6310.12,6310.12,STEEL SHEET PILING,MONTH,MONTH,07,,current,ne_ndot_english_standard_item_list_2010,157,stditeme06252010.pdf#page=157;item=6310.12
ne_ndot_catalog_6310.15,ne_ndot_6310.15,6310.15,PAY CUT-OFF FOR STEEL SHEET PILING,SQ FT,SF,07,,current,ne_ndot_english_standard_item_list_2010,157,stditeme06252010.pdf#page=157;item=6310.15
ne_ndot_catalog_6310.20,ne_ndot_6310.20,6310.20,DRIVING STEEL H PILING,LIN FT,LF,07,,current,ne_ndot_english_standard_item_list_2010,157,stditeme06252010.pdf#page=157;item=6310.20
ne_ndot_catalog_6310.21,ne_ndot_6310.21,6310.21,DRIVING STEEL SHEET PILING,SQ FT,SF,07,,current,ne_ndot_english_standard_item_list_2010,157,stditeme06252010.pdf#page=157;item=6310.21
ne_ndot_catalog_6310.30,ne_ndot_6310.30,6310.30,TEMPORARY SHEET PILING,LIN FT,LF,07,,current,ne_ndot_english_standard_item_list_2010,157,stditeme06252010.pdf#page=157;item=6310.30
ne_ndot_catalog_6321.04,ne_ndot_6321.04,6321.04,TREATED TIMBER SHEET PILING,SQ FT,SF,07,,current,ne_ndot_english_standard_item_list_2010,157,stditeme06252010.pdf#page=157;item=6321.04
ne_ndot_catalog_6322.00,ne_ndot_6322.00,6322.00,VINYL SHEET PILING,SQ FT,SF,07,,current,ne_ndot_english_standard_item_list_2010,157,stditeme06252010.pdf#page=157;item=6322.00
ne_ndot_catalog_6390.00,ne_ndot_6390.00,6390.00,BRIDGE RAIL,LIN FT,LF,07,,current,ne_ndot_english_standard_item_list_2010,157,stditeme06252010.pdf#page=157;item=6390.00
ne_ndot_catalog_6390.10,ne_ndot_6390.10,6390.10,REMOVING AND RESETTING BRIDGE RAIL,LIN FT,LF,07,,current,ne_ndot_english_standard_item_list_2010,157,stditeme06252010.pdf#page=157;item=6390.10
ne_ndot_catalog_6390.12,ne_ndot_6390.12,6390.12,REMOVE BRIDGE RAIL,LIN FT,LF,07,,current,ne_ndot_english_standard_item_list_2010,157,stditeme06252010.pdf#page=157;item=6390.12
ne_ndot_catalog_6390.13,ne_ndot_6390.13,6390.13,REMOVE BRIDGE CURB,LIN FT,LF,07,,current,ne_ndot_english_standard_item_list_2010,157,stditeme06252010.pdf#page=157;item=6390.13
ne_ndot_catalog_6390.15,ne_ndot_6390.15,6390.15,REMOVAL OF CONCRETE BUTTRESSES,EACH,EACH,07,,current,ne_ndot_english_standard_item_list_2010,157,stditeme06252010.pdf#page=157;item=6390.15
ne_ndot_catalog_6390.50,ne_ndot_6390.50,6390.50,CONCRETE RAIL,LIN FT,LF,07,,current,ne_ndot_english_standard_item_list_2010,157,stditeme06252010.pdf#page=157;item=6390.50
ne_ndot_catalog_6390.55,ne_ndot_6390.55,6390.55,METAL RAILING,LIN FT,LF,07,,current,ne_ndot_english_standard_item_list_2010,158,stditeme06252010.pdf#page=158;item=6390.55
ne_ndot_catalog_6390.56,ne_ndot_6390.56,6390.56,METAL RAILING,LIN FT,LF,07,,current,ne_ndot_english_standard_item_list_2010,158,stditeme06252010.pdf#page=158;item=6390.56
ne_ndot_catalog_6401.00,ne_ndot_6401.00,6401.00,PEDESTRIAN BARRIER RAIL,LIN FT,LF,07,716.00,current,ne_ndot_english_standard_item_list_2010,158,stditeme06252010.pdf#page=158;item=6401.00
ne_ndot_catalog_6401.50,ne_ndot_6401.50,6401.50,PEDESTRIAN BARRIER FENCE,LIN FT,LF,07,,current,ne_ndot_english_standard_item_list_2010,158,stditeme06252010.pdf#page=158;item=6401.50
ne_ndot_catalog_6404.00,ne_ndot_6404.00,6404.00,PEDESTRIAN RAILING (CHAIN LINK TYPE),LIN FT,LF,07,716.00,current,ne_ndot_english_standard_item_list_2010,158,stditeme06252010.pdf#page=158;item=6404.00
ne_ndot_catalog_6404.02,ne_ndot_6404.02,6404.02,PEDESTRIAN RAILING (CHAIN LINK TYPE),LIN FT,LF,07,716.00,current,ne_ndot_english_standard_item_list_2010,158,stditeme06252010.pdf#page=158;item=6404.02
ne_ndot_catalog_6404.06,ne_ndot_6404.06,6404.06,PEDESTRIAN RAILING (CHAIN LINK TYPE-VINYL COATED),LIN FT,LF,07,,current,ne_ndot_english_standard_item_list_2010,158,stditeme06252010.pdf#page=158;item=6404.06
ne_ndot_catalog_6404.10,ne_ndot_6404.10,6404.10,SUPERSTRUCTURE FENCE ENCLOSURE,LIN FT,LF,07,,current,ne_ndot_english_standard_item_list_2010,158,stditeme06252010.pdf#page=158;item=6404.10
ne_ndot_catalog_6404.15,ne_ndot_6404.15,6404.15,5' PEDESTRIAN RAILING (CHAIN LINK TYPE),LIN FT,LF,07,,current,ne_ndot_english_standard_item_list_2010,158,stditeme06252010.pdf#page=158;item=6404.15
ne_ndot_catalog_6404.16,ne_ndot_6404.16,6404.16,6' PEDESTRIAN RAILING (CHAIN LINK TYPE),LIN FT,LF,07,,current,ne_ndot_english_standard_item_list_2010,158,stditeme06252010.pdf#page=158;item=6404.16
ne_ndot_catalog_6404.17,ne_ndot_6404.17,6404.17,7' PEDESTRIAN RAILING (CHAIN LINK TYPE),LIN FT,LF,07,,current,ne_ndot_english_standard_item_list_2010,158,stditeme06252010.pdf#page=158;item=6404.17
ne_ndot_catalog_6404.25,ne_ndot_6404.25,6404.25,5' PEDESTRIAN RAILING (CHAIN LINK TYPE-VINYL COATED),LIN FT,LF,07,,current,ne_ndot_english_standard_item_list_2010,158,stditeme06252010.pdf#page=158;item=6404.25
ne_ndot_catalog_6404.26,ne_ndot_6404.26,6404.26,6' PEDESTRIAN RAILING (CHAIN LINK TYPE-VINYL COATED),LIN FT,LF,07,,current,ne_ndot_english_standard_item_list_2010,158,stditeme06252010.pdf#page=158;item=6404.26
ne_ndot_catalog_6404.30,ne_ndot_6404.30,6404.30,10' PEDESTRIAN RAILING (CHAIN LINK TYPE-VINYL COATED),LIN FT,LF,07,,current,ne_ndot_english_standard_item_list_2010,158,stditeme06252010.pdf#page=158;item=6404.30
ne_ndot_catalog_6404.45,ne_ndot_6404.45,6404.45,PEDESTRIAN CONCRETE RAILING,LIN FT,LF,07,,current,ne_ndot_english_standard_item_list_2010,158,stditeme06252010.pdf#page=158;item=6404.45
ne_ndot_catalog_6404.46,ne_ndot_6404.46,6404.46,PEDESTRIAN STEEL RAILING,LIN FT,LF,07,,current,ne_ndot_english_standard_item_list_2010,158,stditeme06252010.pdf#page=158;item=6404.46
ne_ndot_catalog_6404.50,ne_ndot_6404.50,6404.50,PEDESTRIAN RAILING,LIN FT,LF,07,,current,ne_ndot_english_standard_item_list_2010,158,stditeme06252010.pdf#page=158;item=6404.50
ne_ndot_catalog_6404.52,ne_ndot_6404.52,6404.52,PEDESTRIAN RAILING,LIN FT,LF,07,,current,ne_ndot_english_standard_item_list_2010,158,stditeme06252010.pdf#page=158;item=6404.52
ne_ndot_catalog_6404.54,ne_ndot_6404.54,6404.54,PEDESTRIAN RAILING,LIN FT,LF,07,,current,ne_ndot_english_standard_item_list_2010,158,stditeme06252010.pdf#page=158;item=6404.54
ne_ndot_catalog_6406.00,ne_ndot_6406.00,6406.00,PEDESTRIAN HANDRAIL,LIN FT,LF,07,716.00,current,ne_ndot_english_standard_item_list_2010,159,stditeme06252010.pdf#page=159;item=6406.00
ne_ndot_catalog_6406.05,ne_ndot_6406.05,6406.05,METAL HANDRAIL,LIN FT,LF,07,,current,ne_ndot_english_standard_item_list_2010,159,stditeme06252010.pdf#page=159;item=6406.05
ne_ndot_catalog_6406.06,ne_ndot_6406.06,6406.06,METAL HANDRAIL,LIN FT,LF,07,,current,ne_ndot_english_standard_item_list_2010,159,stditeme06252010.pdf#page=159;item=6406.06
ne_ndot_catalog_6406.20,ne_ndot_6406.20,6406.20,HANDRAIL REPAIR,LUMP SUM,LS,07,,current,ne_ndot_english_standard_item_list_2010,159,stditeme06252010.pdf#page=159;item=6406.20
ne_ndot_catalog_6406.25,ne_ndot_6406.25,6406.25,REMOVING AND RESETTING HAND RAIL,LIN FT,LF,07,,current,ne_ndot_english_standard_item_list_2010,159,stditeme06252010.pdf#page=159;item=6406.25
ne_ndot_catalog_6406.30,ne_ndot_6406.30,6406.30,BIKEWAY HANDRAIL,LIN FT,LF,07,,current,ne_ndot_english_standard_item_list_2010,159,stditeme06252010.pdf#page=159;item=6406.30
ne_ndot_catalog_6415.00,ne_ndot_6415.00,6415.00,DRAINAGE SYSTEM AT STATION,EACH,EACH,07,706.00,current,ne_ndot_english_standard_item_list_2010,159,stditeme06252010.pdf#page=159;item=6415.00
ne_ndot_catalog_6415.01,ne_ndot_6415.01,6415.01,DRAINAGE SYSTEM AT STATION,EACH,EACH,07,706.00,current,ne_ndot_english_standard_item_list_2010,159,stditeme06252010.pdf#page=159;item=6415.01
ne_ndot_catalog_6415.02,ne_ndot_6415.02,6415.02,DRAINAGE SYSTEM,EACH,EACH,07,706.00,current,ne_ndot_english_standard_item_list_2010,159,stditeme06252010.pdf#page=159;item=6415.02
ne_ndot_catalog_6415.03,ne_ndot_6415.03,6415.03,DRAINAGE SYSTEM,EACH,EACH,07,706.00,current,ne_ndot_english_standard_item_list_2010,159,stditeme06252010.pdf#page=159;item=6415.03
ne_ndot_catalog_6430.00,ne_ndot_6430.00,6430.00,PAINTING STRUCTURE AT,LUMP SUM,LS,07,709.00,current,ne_ndot_english_standard_item_list_2010,159,stditeme06252010.pdf#page=159;item=6430.00
ne_ndot_catalog_6430.01,ne_ndot_6430.01,6430.01,PAINTING STRUCTURE AT,LUMP SUM,LS,07,709.00,current,ne_ndot_english_standard_item_list_2010,159,stditeme06252010.pdf#page=159;item=6430.01
ne_ndot_catalog_6430.02,ne_ndot_6430.02,6430.02,PAINTING STRUCTURE AT,LUMP SUM,LS,07,709.00,current,ne_ndot_english_standard_item_list_2010,159,stditeme06252010.pdf#page=159;item=6430.02
ne_ndot_catalog_6430.03,ne_ndot_6430.03,6430.03,PAINTING STRUCTURE AT,LUMP SUM,LS,07,709.00,current,ne_ndot_english_standard_item_list_2010,159,stditeme06252010.pdf#page=159;item=6430.03
ne_ndot_catalog_6430.20,ne_ndot_6430.20,6430.20,PAINTING STRUCTURE (OVER COAT) AT,SQ FT,SF,07,,current,ne_ndot_english_standard_item_list_2010,159,stditeme06252010.pdf#page=159;item=6430.20
ne_ndot_catalog_6430.21,ne_ndot_6430.21,6430.21,PAINTING STRUCTURE (OVER COAT) AT,SQ FT,SF,07,,current,ne_ndot_english_standard_item_list_2010,159,stditeme06252010.pdf#page=159;item=6430.21
ne_ndot_catalog_6430.22,ne_ndot_6430.22,6430.22,PAINTING STRUCTURE (OVER COAT) AT,SQ FT,SF,07,,current,ne_ndot_english_standard_item_list_2010,159,stditeme06252010.pdf#page=159;item=6430.22
ne_ndot_catalog_6430.23,ne_ndot_6430.23,6430.23,PAINTING STRUCTURE (OVER COAT) AT,SQ FT,SF,07,,current,ne_ndot_english_standard_item_list_2010,159,stditeme06252010.pdf#page=159;item=6430.23
ne_ndot_catalog_6430.24,ne_ndot_6430.24,6430.24,PAINTING STRUCTURE (OVER COAT) AT,SQ FT,SF,07,,current,ne_ndot_english_standard_item_list_2010,159,stditeme06252010.pdf#page=159;item=6430.24
ne_ndot_catalog_6430.25,ne_ndot_6430.25,6430.25,PAINTING STRUCTURE (OVER COAT) AT,SQ FT,SF,07,,current,ne_ndot_english_standard_item_list_2010,160,stditeme06252010.pdf#page=160;item=6430.25
ne_ndot_catalog_6430.26,ne_ndot_6430.26,6430.26,PAINTING STRUCTURE (OVER COAT) AT,SQ FT,SF,07,,current,ne_ndot_english_standard_item_list_2010,160,stditeme06252010.pdf#page=160;item=6430.26
ne_ndot_catalog_6430.27,ne_ndot_6430.27,6430.27,PAINTING STRUCTURE (OVER COAT) AT,SQ FT,SF,07,,current,ne_ndot_english_standard_item_list_2010,160,stditeme06252010.pdf#page=160;item=6430.27
ne_ndot_catalog_6430.28,ne_ndot_6430.28,6430.28,PAINTING STRUCTURE (OVER COAT) AT,SQ FT,SF,07,,current,ne_ndot_english_standard_item_list_2010,160,stditeme06252010.pdf#page=160;item=6430.28
ne_ndot_catalog_6430.30,ne_ndot_6430.30,6430.30,PAINTING STRUCTURE (FULL REMOVAL) AT,SQ FT,SF,07,,current,ne_ndot_english_standard_item_list_2010,160,stditeme06252010.pdf#page=160;item=6430.30
ne_ndot_catalog_6430.31,ne_ndot_6430.31,6430.31,PAINTING STRUCTURE (FULL REMOVAL) AT,SQ FT,SF,07,,current,ne_ndot_english_standard_item_list_2010,160,stditeme06252010.pdf#page=160;item=6430.31
ne_ndot_catalog_6430.40,ne_ndot_6430.40,6430.40,PAINTING STRUCTURE (ZONE COAT) AT,SQ FT,SF,07,,current,ne_ndot_english_standard_item_list_2010,160,stditeme06252010.pdf#page=160;item=6430.40
ne_ndot_catalog_6430.41,ne_ndot_6430.41,6430.41,PAINTING STRUCTURE (ZONE COAT) AT,SQ FT,SF,07,,current,ne_ndot_english_standard_item_list_2010,160,stditeme06252010.pdf#page=160;item=6430.41
ne_ndot_catalog_6430.42,ne_ndot_6430.42,6430.42,PAINTING STRUCTURE (ZONE COAT) AT,SQ FT,SF,07,,current,ne_ndot_english_standard_item_list_2010,160,stditeme06252010.pdf#page=160;item=6430.42
ne_ndot_catalog_6430.43,ne_ndot_6430.43,6430.43,PAINTING STRUCTURE (ZONE COAT) AT,SQ FT,SF,07,,current,ne_ndot_english_standard_item_list_2010,160,stditeme06252010.pdf#page=160;item=6430.43
ne_ndot_catalog_6430.44,ne_ndot_6430.44,6430.44,PAINTING STRUCTURE (ZONE COAT) AT,SQ FT,SF,07,,current,ne_ndot_english_standard_item_list_2010,160,stditeme06252010.pdf#page=160;item=6430.44
ne_ndot_catalog_6430.45,ne_ndot_6430.45,6430.45,PAINTING STRUCTURE (ZONE COAT) AT,SQ FT,SF,07,,current,ne_ndot_english_standard_item_list_2010,160,stditeme06252010.pdf#page=160;item=6430.45
ne_ndot_catalog_6430.46,ne_ndot_6430.46,6430.46,PAINTING STRUCTURE (ZONE COAT) AT,SQ FT,SF,07,,current,ne_ndot_english_standard_item_list_2010,160,stditeme06252010.pdf#page=160;item=6430.46
ne_ndot_catalog_6430.47,ne_ndot_6430.47,6430.47,PAINTING STRUCTURE (ZONE COAT) AT,SQ FT,SF,07,,current,ne_ndot_english_standard_item_list_2010,160,stditeme06252010.pdf#page=160;item=6430.47
ne_ndot_catalog_6430.48,ne_ndot_6430.48,6430.48,PAINTING STRUCTURE (ZONE COAT) AT,SQ FT,SF,07,,current,ne_ndot_english_standard_item_list_2010,160,stditeme06252010.pdf#page=160;item=6430.48
ne_ndot_catalog_6430.49,ne_ndot_6430.49,6430.49,PAINTING STRUCTURE (ZONE COAT) AT,LUMP SUM,LS,07,,current,ne_ndot_english_standard_item_list_2010,160,stditeme06252010.pdf#page=160;item=6430.49
ne_ndot_catalog_6431.00,ne_ndot_6431.00,6431.00,PAINTING STRUCTURAL STEEL,SQ FT,SF,07,,current,ne_ndot_english_standard_item_list_2010,160,stditeme06252010.pdf#page=160;item=6431.00
ne_ndot_catalog_6433.00,ne_ndot_6433.00,6433.00,PAINTING PILES AND MISCELLANEOUS STEEL,LUMP SUM,LS,07,709.00,current,ne_ndot_english_standard_item_list_2010,160,stditeme06252010.pdf#page=160;item=6433.00
ne_ndot_catalog_6434.90,ne_ndot_6434.90,6434.90,ENVIRONMENTAL PROTECTION,LUMP SUM,LS,07,,current,ne_ndot_english_standard_item_list_2010,160,stditeme06252010.pdf#page=160;item=6434.90
ne_ndot_catalog_6434.93,ne_ndot_6434.93,6434.93,ENVIRONMENTAL PROTECTION,SQ FT,SF,07,,current,ne_ndot_english_standard_item_list_2010,161,stditeme06252010.pdf#page=161;item=6434.93
ne_ndot_catalog_6434.95,ne_ndot_6434.95,6434.95,CASTING CONCRETE BLOCKS,EACH,EACH,07,,current,ne_ndot_english_standard_item_list_2010,161,stditeme06252010.pdf#page=161;item=6434.95
ne_ndot_catalog_6434.96,ne_ndot_6434.96,6434.96,TCLP TESTS,EACH,EACH,07,,current,ne_ndot_english_standard_item_list_2010,161,stditeme06252010.pdf#page=161;item=6434.96
ne_ndot_catalog_6451.00,ne_ndot_6451.00,6451.00,PAINTING RAIL AT,EACH,EACH,07,,current,ne_ndot_english_standard_item_list_2010,161,stditeme06252010.pdf#page=161;item=6451.00
ne_ndot_catalog_6451.01,ne_ndot_6451.01,6451.01,PAINTING RAIL AT,EACH,EACH,07,,current,ne_ndot_english_standard_item_list_2010,161,stditeme06252010.pdf#page=161;item=6451.01
ne_ndot_catalog_6451.02,ne_ndot_6451.02,6451.02,PAINTING RAIL AT,EACH,EACH,07,,current,ne_ndot_english_standard_item_list_2010,161,stditeme06252010.pdf#page=161;item=6451.02
ne_ndot_catalog_6451.05,ne_ndot_6451.05,6451.05,PAINTING BARRIER RAIL AND FASCIA PANEL,SQ FT,SF,07,,current,ne_ndot_english_standard_item_list_2010,161,stditeme06252010.pdf#page=161;item=6451.05
ne_ndot_catalog_6452.00,ne_ndot_6452.00,6452.00,WASTE MATERIAL CONTAINMENT,EACH,EACH,07,,current,ne_ndot_english_standard_item_list_2010,161,stditeme06252010.pdf#page=161;item=6452.00
ne_ndot_catalog_6500.00,ne_ndot_6500.00,6500.00,LINSEED OIL PROTECTIVE COATING,SQ YD,SY,07,,current,ne_ndot_english_standard_item_list_2010,161,stditeme06252010.pdf#page=161;item=6500.00
ne_ndot_catalog_6501.00,ne_ndot_6501.00,6501.00,PENETRATING PROTECTIVE CONCRETE SEALANT,LUMP SUM,LS,07,,current,ne_ndot_english_standard_item_list_2010,161,stditeme06252010.pdf#page=161;item=6501.00
ne_ndot_catalog_6510.00,ne_ndot_6510.00,6510.00,RAISING EXISTING STRUCTURE,EACH,EACH,07,,current,ne_ndot_english_standard_item_list_2010,161,stditeme06252010.pdf#page=161;item=6510.00
ne_ndot_catalog_6510.50,ne_ndot_6510.50,6510.50,TEMPORARY BRIDGE SHORING,EACH,EACH,07,,current,ne_ndot_english_standard_item_list_2010,161,stditeme06252010.pdf#page=161;item=6510.50
ne_ndot_catalog_6510.51,ne_ndot_6510.51,6510.51,TEMPORARY BRIDGE SHORING,LUMP SUM,LS,07,,current,ne_ndot_english_standard_item_list_2010,161,stditeme06252010.pdf#page=161;item=6510.51
ne_ndot_catalog_6510.55,ne_ndot_6510.55,6510.55,TEMPORARY BRIDGE SHORING,LUMP SUM,LS,07,,current,ne_ndot_english_standard_item_list_2010,161,stditeme06252010.pdf#page=161;item=6510.55
ne_ndot_catalog_6510.60,ne_ndot_6510.60,6510.60,BRIDGE SHORING,LUMP SUM,LS,07,,current,ne_ndot_english_standard_item_list_2010,161,stditeme06252010.pdf#page=161;item=6510.60
ne_ndot_catalog_6510.65,ne_ndot_6510.65,6510.65,BRIDGE SHORING,LUMP SUM,LS,07,,current,ne_ndot_english_standard_item_list_2010,161,stditeme06252010.pdf#page=161;item=6510.65
ne_ndot_catalog_6600.01,ne_ndot_6600.01,6600.01,"1"" CONDUIT IN BRIDGE",LIN FT,LF,07,405.00,current,ne_ndot_english_standard_item_list_2010,161,stditeme06252010.pdf#page=161;item=6600.01
ne_ndot_catalog_6600.02,ne_ndot_6600.02,6600.02,"2"" CONDUIT IN BRIDGE",LIN FT,LF,07,405.00,current,ne_ndot_english_standard_item_list_2010,161,stditeme06252010.pdf#page=161;item=6600.02
ne_ndot_catalog_6600.03,ne_ndot_6600.03,6600.03,"3"" CONDUIT IN BRIDGE",LIN FT,LF,07,405.00,current,ne_ndot_english_standard_item_list_2010,161,stditeme06252010.pdf#page=161;item=6600.03
ne_ndot_catalog_6600.04,ne_ndot_6600.04,6600.04,"4"" CONDUIT IN BRIDGE",LIN FT,LF,07,405.00,current,ne_ndot_english_standard_item_list_2010,162,stditeme06252010.pdf#page=162;item=6600.04
ne_ndot_catalog_6600.05,ne_ndot_6600.05,6600.05,"5"" CONDUIT IN BRIDGE",LIN FT,LF,07,405.00,current,ne_ndot_english_standard_item_list_2010,162,stditeme06252010.pdf#page=162;item=6600.05
ne_ndot_catalog_6600.06,ne_ndot_6600.06,6600.06,"6"" CONDUIT IN BRIDGE",LIN FT,LF,07,405.00,current,ne_ndot_english_standard_item_list_2010,162,stditeme06252010.pdf#page=162;item=6600.06
ne_ndot_catalog_6601.03,ne_ndot_6601.03,6601.03,"3/4"" CONDUIT IN BRIDGE",LIN FT,LF,07,405.00,current,ne_ndot_english_standard_item_list_2010,162,stditeme06252010.pdf#page=162;item=6601.03
ne_ndot_catalog_6601.04,ne_ndot_6601.04,6601.04,"3/4"" CONDUIT IN BRIDGE",LIN FT,LF,07,405.00,current,ne_ndot_english_standard_item_list_2010,162,stditeme06252010.pdf#page=162;item=6601.04
ne_ndot_catalog_6601.14,ne_ndot_6601.14,6601.14,"1 1/4"" CONDUIT IN BRIDGE",LIN FT,LF,07,405.00,current,ne_ndot_english_standard_item_list_2010,162,stditeme06252010.pdf#page=162;item=6601.14
ne_ndot_catalog_6601.15,ne_ndot_6601.15,6601.15,"1 1/2"" CONDUIT IN BRIDGE",LIN FT,LF,07,405.00,current,ne_ndot_english_standard_item_list_2010,162,stditeme06252010.pdf#page=162;item=6601.15
ne_ndot_catalog_6601.20,ne_ndot_6601.20,6601.20,EXPANSION FITTING,EACH,EACH,07,,current,ne_ndot_english_standard_item_list_2010,162,stditeme06252010.pdf#page=162;item=6601.20
ne_ndot_catalog_6602.00,ne_ndot_6602.00,6602.00,CATHODIC PROTECTION,EACH,EACH,07,,current,ne_ndot_english_standard_item_list_2010,162,stditeme06252010.pdf#page=162;item=6602.00
ne_ndot_catalog_6602.10,ne_ndot_6602.10,6602.10,DEICING SYSTEM,LUMP SUM,LS,07,,current,ne_ndot_english_standard_item_list_2010,162,stditeme06252010.pdf#page=162;item=6602.10
ne_ndot_catalog_6602.11,ne_ndot_6602.11,6602.11,INSTALL ANTI-ICING SYSTEM,EACH,EACH,07,,current,ne_ndot_english_standard_item_list_2010,162,stditeme06252010.pdf#page=162;item=6602.11
ne_ndot_catalog_6602.12,ne_ndot_6602.12,6602.12,ANTI-ICING SYSTEM,EACH,EACH,07,,current,ne_ndot_english_standard_item_list_2010,162,stditeme06252010.pdf#page=162;item=6602.12
ne_ndot_catalog_6602.13,ne_ndot_6602.13,6602.13,INSTALL ANTI-ICING SYSTEM,EACH,EACH,07,,current,ne_ndot_english_standard_item_list_2010,162,stditeme06252010.pdf#page=162;item=6602.13
ne_ndot_catalog_6602.14,ne_ndot_6602.14,6602.14,ANTI-ICING SYSTEM,EACH,EACH,07,,current,ne_ndot_english_standard_item_list_2010,162,stditeme06252010.pdf#page=162;item=6602.14
ne_ndot_catalog_6602.16,ne_ndot_6602.16,6602.16,ANTI-ICING SENSOR SYSTEM,EACH,EACH,07,,current,ne_ndot_english_standard_item_list_2010,162,stditeme06252010.pdf#page=162;item=6602.16
ne_ndot_catalog_6602.24,ne_ndot_6602.24,6602.24,ELECTROCHEMICAL CHLORIDE EXTRACTION,SQ FT,SF,07,,current,ne_ndot_english_standard_item_list_2010,162,stditeme06252010.pdf#page=162;item=6602.24
ne_ndot_catalog_6602.25,ne_ndot_6602.25,6602.25,ELECTROCHEMICAL CHLORIDE EXTRACTION,EACH,EACH,07,,current,ne_ndot_english_standard_item_list_2010,162,stditeme06252010.pdf#page=162;item=6602.25
ne_ndot_catalog_6602.30,ne_ndot_6602.30,6602.30,CONCRETE COATING,SQ FT,SF,07,,current,ne_ndot_english_standard_item_list_2010,162,stditeme06252010.pdf#page=162;item=6602.30
ne_ndot_catalog_6602.31,ne_ndot_6602.31,6602.31,CONCRETE COATING,LUMP SUM,LS,07,,current,ne_ndot_english_standard_item_list_2010,162,stditeme06252010.pdf#page=162;item=6602.31
ne_ndot_catalog_6602.32,ne_ndot_6602.32,6602.32,CONCRETE COATING,LUMP SUM,LS,07,,current,ne_ndot_english_standard_item_list_2010,163,stditeme06252010.pdf#page=163;item=6602.32
ne_ndot_catalog_6602.33,ne_ndot_6602.33,6602.33,CONCRETE COATING,LUMP SUM,LS,07,,current,ne_ndot_english_standard_item_list_2010,163,stditeme06252010.pdf#page=163;item=6602.33
ne_ndot_catalog_6602.34,ne_ndot_6602.34,6602.34,CONCRETE COATING,LUMP SUM,LS,07,,current,ne_ndot_english_standard_item_list_2010,163,stditeme06252010.pdf#page=163;item=6602.34
ne_ndot_catalog_6602.35,ne_ndot_6602.35,6602.35,SPECIAL SURFACE COATING,LUMP SUM,LS,07,,current,ne_ndot_english_standard_item_list_2010,163,stditeme06252010.pdf#page=163;item=6602.35
ne_ndot_catalog_6602.36,ne_ndot_6602.36,6602.36,CONCRETE COATING,LUMP SUM,LS,07,,current,ne_ndot_english_standard_item_list_2010,163,stditeme06252010.pdf#page=163;item=6602.36
ne_ndot_catalog_6602.37,ne_ndot_6602.37,6602.37,CONCRETE COATING,LUMP SUM,LS,07,,current,ne_ndot_english_standard_item_list_2010,163,stditeme06252010.pdf#page=163;item=6602.37
ne_ndot_catalog_6602.38,ne_ndot_6602.38,6602.38,CONCRETE COATING,LUMP SUM,LS,07,,current,ne_ndot_english_standard_item_list_2010,163,stditeme06252010.pdf#page=163;item=6602.38
ne_ndot_catalog_6602.39,ne_ndot_6602.39,6602.39,CONCRETE COATING,LUMP SUM,LS,07,,current,ne_ndot_english_standard_item_list_2010,163,stditeme06252010.pdf#page=163;item=6602.39
ne_ndot_catalog_6602.40,ne_ndot_6602.40,6602.40,CONCRETE COATING,LUMP SUM,LS,07,,current,ne_ndot_english_standard_item_list_2010,163,stditeme06252010.pdf#page=163;item=6602.40
ne_ndot_catalog_6603.00,ne_ndot_6603.00,6603.00,DEWATERING,LUMP SUM,LS,07,,current,ne_ndot_english_standard_item_list_2010,163,stditeme06252010.pdf#page=163;item=6603.00
ne_ndot_catalog_6609.90,ne_ndot_6609.90,6609.90,REMODEL ROADWAY FIXED DEVICE,EACH,EACH,07,,current,ne_ndot_english_standard_item_list_2010,163,stditeme06252010.pdf#page=163;item=6609.90
ne_ndot_catalog_6610.00,ne_ndot_6610.00,6610.00,RESET ROADWAY DEVICES,EACH,EACH,07,,current,ne_ndot_english_standard_item_list_2010,163,stditeme06252010.pdf#page=163;item=6610.00
ne_ndot_catalog_6610.16,ne_ndot_6610.16,6610.16,REMODEL ROADWAY JOINTS,EACH,EACH,07,,current,ne_ndot_english_standard_item_list_2010,163,stditeme06252010.pdf#page=163;item=6610.16
ne_ndot_catalog_6610.20,ne_ndot_6610.20,6610.20,REMODEL AND RESET EXPANSION JOINT,EACH,EACH,07,,current,ne_ndot_english_standard_item_list_2010,163,stditeme06252010.pdf#page=163;item=6610.20
ne_ndot_catalog_6610.25,ne_ndot_6610.25,6610.25,REMODEL ROADWAY EXPANSION DEVICE,EACH,EACH,07,,current,ne_ndot_english_standard_item_list_2010,163,stditeme06252010.pdf#page=163;item=6610.25
ne_ndot_catalog_6610.27,ne_ndot_6610.27,6610.27,REMODEL SEPARATORS,EACH,EACH,07,,current,ne_ndot_english_standard_item_list_2010,163,stditeme06252010.pdf#page=163;item=6610.27
ne_ndot_catalog_6610.30,ne_ndot_6610.30,6610.30,RESET EXPANSION ROLLERS,EACH,EACH,07,,current,ne_ndot_english_standard_item_list_2010,163,stditeme06252010.pdf#page=163;item=6610.30
ne_ndot_catalog_6610.35,ne_ndot_6610.35,6610.35,REMODEL ROADWAY FIXED DEVICE,EACH,EACH,07,,current,ne_ndot_english_standard_item_list_2010,163,stditeme06252010.pdf#page=163;item=6610.35
ne_ndot_catalog_6610.40,ne_ndot_6610.40,6610.40,REPLACE ROLLER NEST,EACH,EACH,07,,current,ne_ndot_english_standard_item_list_2010,163,stditeme06252010.pdf#page=163;item=6610.40
ne_ndot_catalog_6610.45,ne_ndot_6610.45,6610.45,STRIP SEALS,LIN FT,LF,07,730.00,current,ne_ndot_english_standard_item_list_2010,164,stditeme06252010.pdf#page=164;item=6610.45
ne_ndot_catalog_6610.48,ne_ndot_6610.48,6610.48,ROADWAY JOINTS,LIN FT,LF,07,,current,ne_ndot_english_standard_item_list_2010,164,stditeme06252010.pdf#page=164;item=6610.48
ne_ndot_catalog_6610.60,ne_ndot_6610.60,6610.60,METAL BOND BREAKER,EACH,EACH,07,,current,ne_ndot_english_standard_item_list_2010,164,stditeme06252010.pdf#page=164;item=6610.60
ne_ndot_catalog_6612.00,ne_ndot_6612.00,6612.00,TEMPORARY PIER SUPPORT,EACH,EACH,07,,current,ne_ndot_english_standard_item_list_2010,164,stditeme06252010.pdf#page=164;item=6612.00
ne_ndot_catalog_6613.00,ne_ndot_6613.00,6613.00,BACKWALL RECONSTRUCTION,EACH,EACH,07,,current,ne_ndot_english_standard_item_list_2010,164,stditeme06252010.pdf#page=164;item=6613.00
ne_ndot_catalog_6613.50,ne_ndot_6613.50,6613.50,SOIL ANCHORS,EACH,EACH,07,,current,ne_ndot_english_standard_item_list_2010,164,stditeme06252010.pdf#page=164;item=6613.50
ne_ndot_catalog_6614.00,ne_ndot_6614.00,6614.00,TEMPORARY SUPPORT AND ANCHORAGE,EACH,EACH,07,,current,ne_ndot_english_standard_item_list_2010,164,stditeme06252010.pdf#page=164;item=6614.00
ne_ndot_catalog_6614.05,ne_ndot_6614.05,6614.05,TEMPORARY WALKWAY,LIN FT,LF,07,,current,ne_ndot_english_standard_item_list_2010,164,stditeme06252010.pdf#page=164;item=6614.05
ne_ndot_catalog_6614.07,ne_ndot_6614.07,6614.07,TEMPORARY BRIDGE RAIL,LIN FT,LF,07,,current,ne_ndot_english_standard_item_list_2010,164,stditeme06252010.pdf#page=164;item=6614.07
ne_ndot_catalog_6614.09,ne_ndot_6614.09,6614.09,TEMPORARY SUPPORT,LUMP SUM,LS,07,,current,ne_ndot_english_standard_item_list_2010,164,stditeme06252010.pdf#page=164;item=6614.09
ne_ndot_catalog_6614.10,ne_ndot_6614.10,6614.10,TEMPORARY SUPPORTS,EACH,EACH,07,,current,ne_ndot_english_standard_item_list_2010,164,stditeme06252010.pdf#page=164;item=6614.10
ne_ndot_catalog_6614.25,ne_ndot_6614.25,6614.25,REPAIR SUPERSTRUCTURE,EACH,EACH,07,,current,ne_ndot_english_standard_item_list_2010,164,stditeme06252010.pdf#page=164;item=6614.25
ne_ndot_catalog_6614.26,ne_ndot_6614.26,6614.26,REPAIR SUPERSTRUCTURE,EACH,EACH,07,,current,ne_ndot_english_standard_item_list_2010,164,stditeme06252010.pdf#page=164;item=6614.26
ne_ndot_catalog_6615.00,ne_ndot_6615.00,6615.00,SUBSTRUCTURE REPAIR,CU YD,CY,07,,current,ne_ndot_english_standard_item_list_2010,164,stditeme06252010.pdf#page=164;item=6615.00
ne_ndot_catalog_6615.20,ne_ndot_6615.20,6615.20,SUBSTRUCTURE REPAIR,EACH,EACH,07,,current,ne_ndot_english_standard_item_list_2010,164,stditeme06252010.pdf#page=164;item=6615.20
ne_ndot_catalog_6615.30,ne_ndot_6615.30,6615.30,BRIDGE REPAIR,EACH,EACH,07,,current,ne_ndot_english_standard_item_list_2010,164,stditeme06252010.pdf#page=164;item=6615.30
ne_ndot_catalog_6615.40,ne_ndot_6615.40,6615.40,TIMBER PILE REPAIR,EACH,EACH,07,,current,ne_ndot_english_standard_item_list_2010,164,stditeme06252010.pdf#page=164;item=6615.40
ne_ndot_catalog_6615.45,ne_ndot_6615.45,6615.45,STRENGTHEN TRUSS MEMBERS,EACH,EACH,07,,current,ne_ndot_english_standard_item_list_2010,164,stditeme06252010.pdf#page=164;item=6615.45
ne_ndot_catalog_6615.50,ne_ndot_6615.50,6615.50,STRAIGHTEN TRUSS MEMBERS,EACH,EACH,07,,current,ne_ndot_english_standard_item_list_2010,164,stditeme06252010.pdf#page=164;item=6615.50
ne_ndot_catalog_6616.60,ne_ndot_6616.60,6616.60,PIN REPLACEMENT,EACH,EACH,07,,current,ne_ndot_english_standard_item_list_2010,165,stditeme06252010.pdf#page=165;item=6616.60
ne_ndot_catalog_6616.65,ne_ndot_6616.65,6616.65,BEARING DEVICE REPLACEMENT,EACH,EACH,07,,current,ne_ndot_english_standard_item_list_2010,165,stditeme06252010.pdf#page=165;item=6616.65
ne_ndot_catalog_6616.80,ne_ndot_6616.80,6616.80,HANGER REPLACEMENT,EACH,EACH,07,,current,ne_ndot_english_standard_item_list_2010,165,stditeme06252010.pdf#page=165;item=6616.80
ne_ndot_catalog_6617.00,ne_ndot_6617.00,6617.00,ABUTMENT REPAIR,EACH,EACH,07,,current,ne_ndot_english_standard_item_list_2010,165,stditeme06252010.pdf#page=165;item=6617.00
ne_ndot_catalog_6617.02,ne_ndot_6617.02,6617.02,ABUTMENT REPAIR,SQ FT,SF,07,,current,ne_ndot_english_standard_item_list_2010,165,stditeme06252010.pdf#page=165;item=6617.02
ne_ndot_catalog_6617.25,ne_ndot_6617.25,6617.25,CONCRETE REPAIR,SQ FT,SF,07,,current,ne_ndot_english_standard_item_list_2010,165,stditeme06252010.pdf#page=165;item=6617.25
ne_ndot_catalog_6617.26,ne_ndot_6617.26,6617.26,CONCRETE REPAIR,SQ YD,SY,07,,current,ne_ndot_english_standard_item_list_2010,165,stditeme06252010.pdf#page=165;item=6617.26
ne_ndot_catalog_6617.50,ne_ndot_6617.50,6617.50,PIER REPAIR,EACH,EACH,07,,current,ne_ndot_english_standard_item_list_2010,165,stditeme06252010.pdf#page=165;item=6617.50
ne_ndot_catalog_6617.60,ne_ndot_6617.60,6617.60,BENT REPAIR,EACH,EACH,07,,current,ne_ndot_english_standard_item_list_2010,165,stditeme06252010.pdf#page=165;item=6617.60
ne_ndot_catalog_6617.70,ne_ndot_6617.70,6617.70,REPAIR WINGWALL,EACH,EACH,07,,current,ne_ndot_english_standard_item_list_2010,165,stditeme06252010.pdf#page=165;item=6617.70
ne_ndot_catalog_6618.00,ne_ndot_6618.00,6618.00,GIRDER SEAT REPAIR,EACH,EACH,07,,current,ne_ndot_english_standard_item_list_2010,165,stditeme06252010.pdf#page=165;item=6618.00
ne_ndot_catalog_6618.05,ne_ndot_6618.05,6618.05,REPAIR,SQ FT,SF,07,,current,ne_ndot_english_standard_item_list_2010,165,stditeme06252010.pdf#page=165;item=6618.05
ne_ndot_catalog_6618.06,ne_ndot_6618.06,6618.06,REPAIR,EACH,EACH,07,,current,ne_ndot_english_standard_item_list_2010,165,stditeme06252010.pdf#page=165;item=6618.06
ne_ndot_catalog_6618.07,ne_ndot_6618.07,6618.07,REPAIR,EACH,EACH,07,,current,ne_ndot_english_standard_item_list_2010,165,stditeme06252010.pdf#page=165;item=6618.07
ne_ndot_catalog_6618.08,ne_ndot_6618.08,6618.08,REPAIR,EACH,EACH,07,,current,ne_ndot_english_standard_item_list_2010,165,stditeme06252010.pdf#page=165;item=6618.08
ne_ndot_catalog_6618.09,ne_ndot_6618.09,6618.09,REPAIR,EACH,EACH,07,,current,ne_ndot_english_standard_item_list_2010,165,stditeme06252010.pdf#page=165;item=6618.09
ne_ndot_catalog_6618.10,ne_ndot_6618.10,6618.10,REPAIR,EACH,EACH,07,,current,ne_ndot_english_standard_item_list_2010,165,stditeme06252010.pdf#page=165;item=6618.10
ne_ndot_catalog_6618.11,ne_ndot_6618.11,6618.11,REPAIR,EACH,EACH,07,,current,ne_ndot_english_standard_item_list_2010,165,stditeme06252010.pdf#page=165;item=6618.11
ne_ndot_catalog_6618.12,ne_ndot_6618.12,6618.12,REPAIR,EACH,EACH,07,,current,ne_ndot_english_standard_item_list_2010,165,stditeme06252010.pdf#page=165;item=6618.12
ne_ndot_catalog_6618.13,ne_ndot_6618.13,6618.13,REPAIR,EACH,EACH,07,,current,ne_ndot_english_standard_item_list_2010,166,stditeme06252010.pdf#page=166;item=6618.13
ne_ndot_catalog_6618.20,ne_ndot_6618.20,6618.20,GIRDER REPAIR,EACH,EACH,07,,current,ne_ndot_english_standard_item_list_2010,166,stditeme06252010.pdf#page=166;item=6618.20
ne_ndot_catalog_6618.21,ne_ndot_6618.21,6618.21,GIRDER REPAIR,EACH,EACH,07,,current,ne_ndot_english_standard_item_list_2010,166,stditeme06252010.pdf#page=166;item=6618.21
ne_ndot_catalog_6618.25,ne_ndot_6618.25,6618.25,GIRDER REPAIR,LUMP SUM,LS,07,,current,ne_ndot_english_standard_item_list_2010,166,stditeme06252010.pdf#page=166;item=6618.25
ne_ndot_catalog_6618.30,ne_ndot_6618.30,6618.30,FLOOR BEAM REPAIR,EACH,EACH,07,,current,ne_ndot_english_standard_item_list_2010,166,stditeme06252010.pdf#page=166;item=6618.30
ne_ndot_catalog_6618.35,ne_ndot_6618.35,6618.35,STRINGER REPAIR,EACH,EACH,07,,current,ne_ndot_english_standard_item_list_2010,166,stditeme06252010.pdf#page=166;item=6618.35
ne_ndot_catalog_6619.00,ne_ndot_6619.00,6619.00,DECK REPAIR,SQ FT,SF,07,,current,ne_ndot_english_standard_item_list_2010,166,stditeme06252010.pdf#page=166;item=6619.00
ne_ndot_catalog_6619.20,ne_ndot_6619.20,6619.20,REPAIR DECK JOINT SEALS,LIN FT,LF,07,,current,ne_ndot_english_standard_item_list_2010,166,stditeme06252010.pdf#page=166;item=6619.20
ne_ndot_catalog_6619.30,ne_ndot_6619.30,6619.30,DECK JOINT REPAIR,EACH,EACH,07,,current,ne_ndot_english_standard_item_list_2010,166,stditeme06252010.pdf#page=166;item=6619.30
ne_ndot_catalog_6619.40,ne_ndot_6619.40,6619.40,METAL DECKING,SQ FT,SF,07,,current,ne_ndot_english_standard_item_list_2010,166,stditeme06252010.pdf#page=166;item=6619.40
ne_ndot_catalog_6619.50,ne_ndot_6619.50,6619.50,REPAIR FLOOR DRAIN,EACH,EACH,07,,current,ne_ndot_english_standard_item_list_2010,166,stditeme06252010.pdf#page=166;item=6619.50
ne_ndot_catalog_6620.00,ne_ndot_6620.00,6620.00,CONCRETE END DAM,SQ FT,SF,07,,current,ne_ndot_english_standard_item_list_2010,166,stditeme06252010.pdf#page=166;item=6620.00
ne_ndot_catalog_6630.00,ne_ndot_6630.00,6630.00,PREPARATION OF ABUTMENT PILE,LUMP SUM,LS,07,,current,ne_ndot_english_standard_item_list_2010,166,stditeme06252010.pdf#page=166;item=6630.00
ne_ndot_catalog_6650.50,ne_ndot_6650.50,6650.50,CURB REPAIR,SQ FT,SF,07,,current,ne_ndot_english_standard_item_list_2010,166,stditeme06252010.pdf#page=166;item=6650.50
ne_ndot_catalog_6650.55,ne_ndot_6650.55,6650.55,REPAIR BRIDGE CURB,LIN FT,LF,07,,current,ne_ndot_english_standard_item_list_2010,166,stditeme06252010.pdf#page=166;item=6650.55
ne_ndot_catalog_6650.60,ne_ndot_6650.60,6650.60,CURB REPAIR,EACH,EACH,07,,current,ne_ndot_english_standard_item_list_2010,166,stditeme06252010.pdf#page=166;item=6650.60
ne_ndot_catalog_6650.90,ne_ndot_6650.90,6650.90,HAUNCH REPAIR,LIN FT,LF,07,,current,ne_ndot_english_standard_item_list_2010,166,stditeme06252010.pdf#page=166;item=6650.90
ne_ndot_catalog_6651.00,ne_ndot_6651.00,6651.00,REMODEL BRIDGE CURB,LIN FT,LF,07,,current,ne_ndot_english_standard_item_list_2010,166,stditeme06252010.pdf#page=166;item=6651.00
ne_ndot_catalog_6651.02,ne_ndot_6651.02,6651.02,REMODEL BRIDGE CURB,LIN FT,LF,07,,current,ne_ndot_english_standard_item_list_2010,166,stditeme06252010.pdf#page=166;item=6651.02
ne_ndot_catalog_6651.50,ne_ndot_6651.50,6651.50,CURB REMODELING,EACH,EACH,07,,current,ne_ndot_english_standard_item_list_2010,167,stditeme06252010.pdf#page=167;item=6651.50
ne_ndot_catalog_6652.00,ne_ndot_6652.00,6652.00,SHOTCRETE FOR CURBS,SQ FT,SF,07,,current,ne_ndot_english_standard_item_list_2010,167,stditeme06252010.pdf#page=167;item=6652.00
ne_ndot_catalog_6660.00,ne_ndot_6660.00,6660.00,PIER PROTECTION WALL,EACH,EACH,07,,current,ne_ndot_english_standard_item_list_2010,167,stditeme06252010.pdf#page=167;item=6660.00
ne_ndot_catalog_6670.00,ne_ndot_6670.00,6670.00,SEALING DECK CRACKS,LIN FT,LF,07,,current,ne_ndot_english_standard_item_list_2010,167,stditeme06252010.pdf#page=167;item=6670.00
ne_ndot_catalog_6670.10,ne_ndot_6670.10,6670.10,CRACK ARRESTING HOLE,EACH,EACH,07,,current,ne_ndot_english_standard_item_list_2010,167,stditeme06252010.pdf#page=167;item=6670.10
ne_ndot_catalog_6670.25,ne_ndot_6670.25,6670.25,SEALING JOINT,EACH,EACH,07,,current,ne_ndot_english_standard_item_list_2010,167,stditeme06252010.pdf#page=167;item=6670.25
ne_ndot_catalog_6671.00,ne_ndot_6671.00,6671.00,SEALING CONCRETE SURFACES,SQ YD,SY,07,,current,ne_ndot_english_standard_item_list_2010,167,stditeme06252010.pdf#page=167;item=6671.00
ne_ndot_catalog_6680.51,ne_ndot_6680.51,6680.51,REVISED FLOOR SHIM WORK,LUMP SUM,LS,07,,current,ne_ndot_english_standard_item_list_2010,167,stditeme06252010.pdf#page=167;item=6680.51
ne_ndot_catalog_6680.60,ne_ndot_6680.60,6680.60,COLUMN MODIFICATION,EACH,EACH,07,,current,ne_ndot_english_standard_item_list_2010,167,stditeme06252010.pdf#page=167;item=6680.60
ne_ndot_catalog_6681.02,ne_ndot_6681.02,6681.02,WELDING,EACH,EACH,07,,current,ne_ndot_english_standard_item_list_2010,167,stditeme06252010.pdf#page=167;item=6681.02
ne_ndot_catalog_6700.00,ne_ndot_6700.00,6700.00,NAVIGATION LIGHTING SYSTEM,EACH,EACH,07,,current,ne_ndot_english_standard_item_list_2010,167,stditeme06252010.pdf#page=167;item=6700.00
ne_ndot_catalog_6700.01,ne_ndot_6700.01,6700.01,TEMPORARY NAVIGATION LIGHTING SYSTEM,EACH,EACH,07,,current,ne_ndot_english_standard_item_list_2010,167,stditeme06252010.pdf#page=167;item=6700.01
ne_ndot_catalog_6700.02,ne_ndot_6700.02,6700.02,WALKWAY LIGHTING SYSTEM,LUMP SUM,LS,07,,current,ne_ndot_english_standard_item_list_2010,167,stditeme06252010.pdf#page=167;item=6700.02
ne_ndot_catalog_6700.04,ne_ndot_6700.04,6700.04,CABLE STAY LIGHTING SYSTEM,LUMP SUM,LS,07,,current,ne_ndot_english_standard_item_list_2010,167,stditeme06252010.pdf#page=167;item=6700.04
ne_ndot_catalog_6700.06,ne_ndot_6700.06,6700.06,PYLON LIGHTING SYSTEM,LUMP SUM,LS,07,,current,ne_ndot_english_standard_item_list_2010,167,stditeme06252010.pdf#page=167;item=6700.06
ne_ndot_catalog_6700.08,ne_ndot_6700.08,6700.08,COLORED PYLON LIGHTING SYSTEM,LUMP SUM,LS,07,,current,ne_ndot_english_standard_item_list_2010,167,stditeme06252010.pdf#page=167;item=6700.08
ne_ndot_catalog_6700.10,ne_ndot_6700.10,6700.10,BRIDGE LIGHTING SYSTEM,EACH,EACH,07,,current,ne_ndot_english_standard_item_list_2010,167,stditeme06252010.pdf#page=167;item=6700.10
ne_ndot_catalog_6700.15,ne_ndot_6700.15,6700.15,LIGHTING SYSTEM,EACH,EACH,07,,current,ne_ndot_english_standard_item_list_2010,167,stditeme06252010.pdf#page=167;item=6700.15
ne_ndot_catalog_6700.19,ne_ndot_6700.19,6700.19,INSTALL TYPE SF LIGHT FIXTURES,EACH,EACH,07,,current,ne_ndot_english_standard_item_list_2010,167,stditeme06252010.pdf#page=167;item=6700.19
ne_ndot_catalog_6700.20,ne_ndot_6700.20,6700.20,TYPE A LIGHT FIXTURES,EACH,EACH,07,,current,ne_ndot_english_standard_item_list_2010,168,stditeme06252010.pdf#page=168;item=6700.20
ne_ndot_catalog_6700.21,ne_ndot_6700.21,6700.21,TYPE AC LIGHT FIXTURES,EACH,EACH,07,,current,ne_ndot_english_standard_item_list_2010,168,stditeme06252010.pdf#page=168;item=6700.21
ne_ndot_catalog_6700.22,ne_ndot_6700.22,6700.22,TYPE AW LIGHT FIXTURES,EACH,EACH,07,,current,ne_ndot_english_standard_item_list_2010,168,stditeme06252010.pdf#page=168;item=6700.22
ne_ndot_catalog_6700.25,ne_ndot_6700.25,6700.25,TYPE B LIGHT FIXTURES,EACH,EACH,07,,current,ne_ndot_english_standard_item_list_2010,168,stditeme06252010.pdf#page=168;item=6700.25
ne_ndot_catalog_6700.30,ne_ndot_6700.30,6700.30,TYPE B LIGHT POLES,EACH,EACH,07,,current,ne_ndot_english_standard_item_list_2010,168,stditeme06252010.pdf#page=168;item=6700.30
ne_ndot_catalog_6700.40,ne_ndot_6700.40,6700.40,EVENT POWER OUTLET SYSTEM,LUMP SUM,LS,07,,current,ne_ndot_english_standard_item_list_2010,168,stditeme06252010.pdf#page=168;item=6700.40
ne_ndot_catalog_6700.42,ne_ndot_6700.42,6700.42,ELECTRICAL DISTRIBUTION SYSTEM,LUMP SUM,LS,07,,current,ne_ndot_english_standard_item_list_2010,168,stditeme06252010.pdf#page=168;item=6700.42
ne_ndot_catalog_6700.44,ne_ndot_6700.44,6700.44,LIGHTING PROTECTION SYSTEM,LUMP SUM,LS,07,,current,ne_ndot_english_standard_item_list_2010,168,stditeme06252010.pdf#page=168;item=6700.44
ne_ndot_catalog_6700.46,ne_ndot_6700.46,6700.46,MISCELLANEOUS ELECTRICAL AND COMMUNICATION SYSTEMS,LUMP SUM,LS,07,,current,ne_ndot_english_standard_item_list_2010,168,stditeme06252010.pdf#page=168;item=6700.46
ne_ndot_catalog_6700.48,ne_ndot_6700.48,6700.48,PYLON 3 PLAZA,LUMP SUM,LS,07,,current,ne_ndot_english_standard_item_list_2010,168,stditeme06252010.pdf#page=168;item=6700.48
ne_ndot_catalog_6700.50,ne_ndot_6700.50,6700.50,LIGHTNING PROTECTION SYSTEM,EACH,EACH,07,,current,ne_ndot_english_standard_item_list_2010,168,stditeme06252010.pdf#page=168;item=6700.50
ne_ndot_catalog_6701.00,ne_ndot_6701.00,6701.00,CLEARANCE GAUGE,LUMP SUM,LS,07,,current,ne_ndot_english_standard_item_list_2010,168,stditeme06252010.pdf#page=168;item=6701.00
ne_ndot_catalog_6701.02,ne_ndot_6701.02,6701.02,STREAM FLOW GAUGE,LUMP SUM,LS,07,,current,ne_ndot_english_standard_item_list_2010,168,stditeme06252010.pdf#page=168;item=6701.02
ne_ndot_catalog_6801.10,ne_ndot_6801.10,6801.10,SCALE AND CLEAN ABUTMENT WALLS,SQ FT,SF,07,,current,ne_ndot_english_standard_item_list_2010,168,stditeme06252010.pdf#page=168;item=6801.10
ne_ndot_catalog_6801.20,ne_ndot_6801.20,6801.20,SPALL GROUT PATCH,SQ FT,SF,07,,current,ne_ndot_english_standard_item_list_2010,168,stditeme06252010.pdf#page=168;item=6801.20
ne_ndot_catalog_6801.21,ne_ndot_6801.21,6801.21,GROUT FOR NU-DECK PANELS,CU YD,CY,07,,current,ne_ndot_english_standard_item_list_2010,168,stditeme06252010.pdf#page=168;item=6801.21
ne_ndot_catalog_6801.22,ne_ndot_6801.22,6801.22,GROUT FOR PRECAST DECK PANELS,CU YD,CY,07,,current,ne_ndot_english_standard_item_list_2010,168,stditeme06252010.pdf#page=168;item=6801.22
ne_ndot_catalog_6801.25,ne_ndot_6801.25,6801.25,EPOXY GROUT,GALLON,GAL,07,,current,ne_ndot_english_standard_item_list_2010,168,stditeme06252010.pdf#page=168;item=6801.25
ne_ndot_catalog_6801.27,ne_ndot_6801.27,6801.27,INJECT EPOXY GROUT,DAY,DAY,07,,current,ne_ndot_english_standard_item_list_2010,168,stditeme06252010.pdf#page=168;item=6801.27
ne_ndot_catalog_6801.28,ne_ndot_6801.28,6801.28,CRACK EPOXY INJECTION,LIN FT,LF,07,,current,ne_ndot_english_standard_item_list_2010,169,stditeme06252010.pdf#page=169;item=6801.28
ne_ndot_catalog_6802.00,ne_ndot_6802.00,6802.00,INSTALL REINFORCING STEEL FOR ABUTMENT WALLS,EACH,EACH,07,,current,ne_ndot_english_standard_item_list_2010,169,stditeme06252010.pdf#page=169;item=6802.00
ne_ndot_catalog_6810.00,ne_ndot_6810.00,6810.00,CEMENT BAG RIPRAP,EACH,EACH,07,,current,ne_ndot_english_standard_item_list_2010,169,stditeme06252010.pdf#page=169;item=6810.00
ne_ndot_catalog_6810.10,ne_ndot_6810.10,6810.10,REINFORCING STEEL FOR CEMENT BAG RIPRAP,POUND,LB,07,,current,ne_ndot_english_standard_item_list_2010,169,stditeme06252010.pdf#page=169;item=6810.10
ne_ndot_catalog_6820.00,ne_ndot_6820.00,6820.00,REPLACE RIVET,EACH,EACH,07,,current,ne_ndot_english_standard_item_list_2010,169,stditeme06252010.pdf#page=169;item=6820.00
ne_ndot_catalog_6820.02,ne_ndot_6820.02,6820.02,REPLACE BOLT,EACH,EACH,07,,current,ne_ndot_english_standard_item_list_2010,169,stditeme06252010.pdf#page=169;item=6820.02
ne_ndot_catalog_6930.10,ne_ndot_6930.10,6930.10,CONCRETE CAP,SQ YD,SY,07,,current,ne_ndot_english_standard_item_list_2010,169,stditeme06252010.pdf#page=169;item=6930.10
ne_ndot_catalog_6951.06,ne_ndot_6951.06,6951.06,REMOVE REINFORCING STEEL,LUMP SUM,LS,07,,current,ne_ndot_english_standard_item_list_2010,169,stditeme06252010.pdf#page=169;item=6951.06
ne_ndot_catalog_6951.10,ne_ndot_6951.10,6951.10,CONNECTOR,EACH,EACH,07,,current,ne_ndot_english_standard_item_list_2010,169,stditeme06252010.pdf#page=169;item=6951.10
ne_ndot_catalog_6951.12,ne_ndot_6951.12,6951.12,SHEAR CONNECTORS,EACH,EACH,07,,current,ne_ndot_english_standard_item_list_2010,169,stditeme06252010.pdf#page=169;item=6951.12
ne_ndot_catalog_6951.15,ne_ndot_6951.15,6951.15,BRIDGE DECK CURING,EACH,EACH,07,,current,ne_ndot_english_standard_item_list_2010,169,stditeme06252010.pdf#page=169;item=6951.15
ne_ndot_catalog_6952.01,ne_ndot_6952.01,6952.01,EROSION PROTECTION DROPWALL,EACH,EACH,07,,current,ne_ndot_english_standard_item_list_2010,169,stditeme06252010.pdf#page=169;item=6952.01
ne_ndot_catalog_6952.02,ne_ndot_6952.02,6952.02,SHOO-FLY,EACH,EACH,07,,current,ne_ndot_english_standard_item_list_2010,169,stditeme06252010.pdf#page=169;item=6952.02
ne_ndot_catalog_6952.11,ne_ndot_6952.11,6952.11,COST OF EXTRA PILING,LIN FT,LF,07,,current,ne_ndot_english_standard_item_list_2010,169,stditeme06252010.pdf#page=169;item=6952.11
ne_ndot_catalog_6953.00,ne_ndot_6953.00,6953.00,"1"" JOINT FILLER, SPONGE RUBBER TYPE",SQ YD,SY,07,,current,ne_ndot_english_standard_item_list_2010,169,stditeme06252010.pdf#page=169;item=6953.00
ne_ndot_catalog_6960.01,ne_ndot_6960.01,6960.01,ADDITIONAL,LUMP SUM,LS,07,,current,ne_ndot_english_standard_item_list_2010,169,stditeme06252010.pdf#page=169;item=6960.01
ne_ndot_catalog_6960.02,ne_ndot_6960.02,6960.02,ADDITIONAL WORK,LUMP SUM,LS,07,,current,ne_ndot_english_standard_item_list_2010,169,stditeme06252010.pdf#page=169;item=6960.02
ne_ndot_catalog_6960.03,ne_ndot_6960.03,6960.03,ADDITIONAL SOIL-SETUP FACTOR,EACH,EACH,07,,current,ne_ndot_english_standard_item_list_2010,169,stditeme06252010.pdf#page=169;item=6960.03
ne_ndot_catalog_6960.04,ne_ndot_6960.04,6960.04,CREDIT,LUMP SUM,LS,07,,current,ne_ndot_english_standard_item_list_2010,169,stditeme06252010.pdf#page=169;item=6960.04
ne_ndot_catalog_6960.06,ne_ndot_6960.06,6960.06,ADDITIONAL WORK,LIN FT,LF,07,,current,ne_ndot_english_standard_item_list_2010,170,stditeme06252010.pdf#page=170;item=6960.06
ne_ndot_catalog_6960.11,ne_ndot_6960.11,6960.11,BRIDGE APPROACH REPAIR,SQ YD,SY,07,,current,ne_ndot_english_standard_item_list_2010,170,stditeme06252010.pdf#page=170;item=6960.11
ne_ndot_catalog_6960.15,ne_ndot_6960.15,6960.15,BRIDGE APPROACH REPAIR,CU YD,CY,07,,current,ne_ndot_english_standard_item_list_2010,170,stditeme06252010.pdf#page=170;item=6960.15
ne_ndot_catalog_6960.20,ne_ndot_6960.20,6960.20,SUPPORT CAP FOR GRADE BEAM,EACH,EACH,07,,current,ne_ndot_english_standard_item_list_2010,170,stditeme06252010.pdf#page=170;item=6960.20
ne_ndot_catalog_6960.51,ne_ndot_6960.51,6960.51,COMPENSATION FOR ADDITIONAL COST,LUMP SUM,LS,07,,current,ne_ndot_english_standard_item_list_2010,170,stditeme06252010.pdf#page=170;item=6960.51
ne_ndot_catalog_6960.60,ne_ndot_6960.60,6960.60,MATERIAL COST DIFFERENTIAL,LUMP SUM,LS,07,,current,ne_ndot_english_standard_item_list_2010,170,stditeme06252010.pdf#page=170;item=6960.60
ne_ndot_catalog_6961.00,ne_ndot_6961.00,6961.00,QUICK BOLT,EACH,EACH,07,,current,ne_ndot_english_standard_item_list_2010,170,stditeme06252010.pdf#page=170;item=6961.00
ne_ndot_catalog_6961.01,ne_ndot_6961.01,6961.01,QUICK BOLT,EACH,EACH,07,,current,ne_ndot_english_standard_item_list_2010,170,stditeme06252010.pdf#page=170;item=6961.01
ne_ndot_catalog_6961.15,ne_ndot_6961.15,6961.15,ANCHOR BOLT,EACH,EACH,07,,current,ne_ndot_english_standard_item_list_2010,170,stditeme06252010.pdf#page=170;item=6961.15
ne_ndot_catalog_6961.17,ne_ndot_6961.17,6961.17,EPOXY COATED REBAR SPLICES,EACH,EACH,07,,current,ne_ndot_english_standard_item_list_2010,170,stditeme06252010.pdf#page=170;item=6961.17
ne_ndot_catalog_6961.18,ne_ndot_6961.18,6961.18,REBAR SPLICE,EACH,EACH,07,,current,ne_ndot_english_standard_item_list_2010,170,stditeme06252010.pdf#page=170;item=6961.18
ne_ndot_catalog_6961.20,ne_ndot_6961.20,6961.20,COFFERDAM,EACH,EACH,07,,current,ne_ndot_english_standard_item_list_2010,170,stditeme06252010.pdf#page=170;item=6961.20
ne_ndot_catalog_6961.25,ne_ndot_6961.25,6961.25,STORED MATERIAL,LIN FT,LF,07,,current,ne_ndot_english_standard_item_list_2010,170,stditeme06252010.pdf#page=170;item=6961.25
ne_ndot_catalog_6961.26,ne_ndot_6961.26,6961.26,STORED MATERIAL,SQ FT,SF,07,,current,ne_ndot_english_standard_item_list_2010,170,stditeme06252010.pdf#page=170;item=6961.26
ne_ndot_catalog_6970.00,ne_ndot_6970.00,6970.00,FREIGHT,LUMP SUM,LS,07,,current,ne_ndot_english_standard_item_list_2010,170,stditeme06252010.pdf#page=170;item=6970.00
ne_ndot_catalog_6970.01,ne_ndot_6970.01,6970.01,FREIGHT,EACH,EACH,07,,current,ne_ndot_english_standard_item_list_2010,170,stditeme06252010.pdf#page=170;item=6970.01
ne_ndot_catalog_6980.00,ne_ndot_6980.00,6980.00,STATE FURNISHED,LUMP SUM,LS,07,,current,ne_ndot_english_standard_item_list_2010,170,stditeme06252010.pdf#page=170;item=6980.00
ne_ndot_catalog_6990.00,ne_ndot_6990.00,6990.00,SALVAGE,POUND,LB,07,,current,ne_ndot_english_standard_item_list_2010,170,stditeme06252010.pdf#page=170;item=6990.00
ne_ndot_catalog_6990.01,ne_ndot_6990.01,6990.01,MODIFY,LUMP SUM,LS,07,,current,ne_ndot_english_standard_item_list_2010,170,stditeme06252010.pdf#page=170;item=6990.01
ne_ndot_catalog_6990.02,ne_ndot_6990.02,6990.02,SHIPPING COST,LUMP SUM,LS,07,,current,ne_ndot_english_standard_item_list_2010,171,stditeme06252010.pdf#page=171;item=6990.02
ne_ndot_catalog_6990.03,ne_ndot_6990.03,6990.03,TEMPORARY,EACH,EACH,07,,current,ne_ndot_english_standard_item_list_2010,171,stditeme06252010.pdf#page=171;item=6990.03
ne_ndot_catalog_6990.05,ne_ndot_6990.05,6990.05,REVISE,LUMP SUM,LS,07,,current,ne_ndot_english_standard_item_list_2010,171,stditeme06252010.pdf#page=171;item=6990.05
ne_ndot_catalog_6990.07,ne_ndot_6990.07,6990.07,REINSTALL,LUMP SUM,LS,07,,current,ne_ndot_english_standard_item_list_2010,171,stditeme06252010.pdf#page=171;item=6990.07
ne_ndot_catalog_6990.11,ne_ndot_6990.11,6990.11,LOWER,EACH,EACH,07,,current,ne_ndot_english_standard_item_list_2010,171,stditeme06252010.pdf#page=171;item=6990.11
ne_ndot_catalog_6990.15,ne_ndot_6990.15,6990.15,UPPER FOOTING AND CORE WALL,EACH,EACH,07,,current,ne_ndot_english_standard_item_list_2010,171,stditeme06252010.pdf#page=171;item=6990.15
ne_ndot_catalog_6999.00,ne_ndot_6999.00,6999.00,STOCKPILED MATERIAL,LUMP SUM,LS,07,,current,ne_ndot_english_standard_item_list_2010,171,stditeme06252010.pdf#page=171;item=6999.00
ne_ndot_catalog_6999.02,ne_ndot_6999.02,6999.02,STOCKPILED MATERIAL,EACH,EACH,07,,current,ne_ndot_english_standard_item_list_2010,171,stditeme06252010.pdf#page=171;item=6999.02
ne_ndot_catalog_7001.00,ne_ndot_7001.00,7001.00,SPECIAL GUARDRAIL POST,EACH,EACH,07,,current,ne_ndot_english_standard_item_list_2010,171,stditeme06252010.pdf#page=171;item=7001.00
ne_ndot_catalog_7001.50,ne_ndot_7001.50,7001.50,CULVERT MOUNTED GUARDRAIL POST,EACH,EACH,07,,current,ne_ndot_english_standard_item_list_2010,171,stditeme06252010.pdf#page=171;item=7001.50
ne_ndot_catalog_7002.00,ne_ndot_7002.00,7002.00,REMOVE AND RESET GUARD POST,EACH,EACH,07,,current,ne_ndot_english_standard_item_list_2010,171,stditeme06252010.pdf#page=171;item=7002.00
ne_ndot_catalog_7002.05,ne_ndot_7002.05,7002.05,REMOVE AND RESET GUARD POST WITH STEEL CABLE,LIN FT,LF,07,,current,ne_ndot_english_standard_item_list_2010,171,stditeme06252010.pdf#page=171;item=7002.05
ne_ndot_catalog_7005.00,ne_ndot_7005.00,7005.00,ATTACH,LUMP SUM,LS,07,,current,ne_ndot_english_standard_item_list_2010,171,stditeme06252010.pdf#page=171;item=7005.00
ne_ndot_catalog_7011.20,ne_ndot_7011.20,7011.20,W-BEAM GUARDRAIL,LIN FT,LF,07,902.00,current,ne_ndot_english_standard_item_list_2010,171,stditeme06252010.pdf#page=171;item=7011.20
ne_ndot_catalog_7011.30,ne_ndot_7011.30,7011.30,THRIE-BEAM GUARDRAIL,LIN FT,LF,07,902.00,current,ne_ndot_english_standard_item_list_2010,171,stditeme06252010.pdf#page=171;item=7011.30
ne_ndot_catalog_7012.00,ne_ndot_7012.00,7012.00,CONCRETE GUARDRAIL,LIN FT,LF,07,,current,ne_ndot_english_standard_item_list_2010,171,stditeme06252010.pdf#page=171;item=7012.00
ne_ndot_catalog_7015.00,ne_ndot_7015.00,7015.00,CABLE GUARDRAIL,LIN FT,LF,07,902.00,current,ne_ndot_english_standard_item_list_2010,171,stditeme06252010.pdf#page=171;item=7015.00
ne_ndot_catalog_7015.25,ne_ndot_7015.25,7015.25,HIGH TENSION CABLE GUARDRAIL,LIN FT,LF,07,,current,ne_ndot_english_standard_item_list_2010,171,stditeme06252010.pdf#page=171;item=7015.25
ne_ndot_catalog_7016.00,ne_ndot_7016.00,7016.00,REMOVE AND RESET GUARDRAIL,LIN FT,LF,07,,current,ne_ndot_english_standard_item_list_2010,171,stditeme06252010.pdf#page=171;item=7016.00
ne_ndot_catalog_7016.02,ne_ndot_7016.02,7016.02,INSTALL AND REMOVE,LIN FT,LF,07,,current,ne_ndot_english_standard_item_list_2010,172,stditeme06252010.pdf#page=172;item=7016.02
ne_ndot_catalog_7017.00,ne_ndot_7017.00,7017.00,REMOVE GUARDRAIL,LIN FT,LF,07,903.00,current,ne_ndot_english_standard_item_list_2010,172,stditeme06252010.pdf#page=172;item=7017.00
ne_ndot_catalog_7017.50,ne_ndot_7017.50,7017.50,REMOVE & SALVAGE GUARDRAIL,LIN FT,LF,07,903.03,current,ne_ndot_english_standard_item_list_2010,172,stditeme06252010.pdf#page=172;item=7017.50
ne_ndot_catalog_7018.01,ne_ndot_7018.01,7018.01,RESET GUARDRAIL,LIN FT,LF,07,903.00,current,ne_ndot_english_standard_item_list_2010,172,stditeme06252010.pdf#page=172;item=7018.01
ne_ndot_catalog_7018.10,ne_ndot_7018.10,7018.10,RESET GUARD POST,EACH,EACH,07,,current,ne_ndot_english_standard_item_list_2010,172,stditeme06252010.pdf#page=172;item=7018.10
ne_ndot_catalog_7018.50,ne_ndot_7018.50,7018.50,TEMPORARY GUARDRAIL,LUMP SUM,LS,07,,current,ne_ndot_english_standard_item_list_2010,172,stditeme06252010.pdf#page=172;item=7018.50
ne_ndot_catalog_7019.01,ne_ndot_7019.01,7019.01,GUARDRAIL ADJUSTMENT,LIN FT,LF,07,,current,ne_ndot_english_standard_item_list_2010,172,stditeme06252010.pdf#page=172;item=7019.01
ne_ndot_catalog_7019.02,ne_ndot_7019.02,7019.02,GUARDRAIL ADJUSTMENT,LUMP SUM,LS,07,,current,ne_ndot_english_standard_item_list_2010,172,stditeme06252010.pdf#page=172;item=7019.02
ne_ndot_catalog_7019.10,ne_ndot_7019.10,7019.10,REMODEL RAIL,LIN FT,LF,07,,current,ne_ndot_english_standard_item_list_2010,172,stditeme06252010.pdf#page=172;item=7019.10
ne_ndot_catalog_7019.40,ne_ndot_7019.40,7019.40,VEHICLE ARRESTING BARRIER,EACH,EACH,07,,current,ne_ndot_english_standard_item_list_2010,172,stditeme06252010.pdf#page=172;item=7019.40
ne_ndot_catalog_7019.50,ne_ndot_7019.50,7019.50,IMPACT ATTENUATOR,EACH,EACH,07,,current,ne_ndot_english_standard_item_list_2010,172,stditeme06252010.pdf#page=172;item=7019.50
ne_ndot_catalog_7019.51,ne_ndot_7019.51,7019.51,IMPACT ATTENUATOR,EACH,EACH,07,,current,ne_ndot_english_standard_item_list_2010,172,stditeme06252010.pdf#page=172;item=7019.51
ne_ndot_catalog_7019.60,ne_ndot_7019.60,7019.60,INSTALL IMPACT ATTENUATOR,EACH,EACH,07,422.00,current,ne_ndot_english_standard_item_list_2010,172,stditeme06252010.pdf#page=172;item=7019.60
ne_ndot_catalog_7019.64,ne_ndot_7019.64,7019.64,TEMPORARY IMPACT ATTENUATOR,EACH,EACH,07,,current,ne_ndot_english_standard_item_list_2010,172,stditeme06252010.pdf#page=172;item=7019.64
ne_ndot_catalog_7019.65,ne_ndot_7019.65,7019.65,RELOCATE IMPACT ATTENUATOR,EACH,EACH,07,,current,ne_ndot_english_standard_item_list_2010,172,stditeme06252010.pdf#page=172;item=7019.65
ne_ndot_catalog_7019.70,ne_ndot_7019.70,7019.70,REMOVE IMPACT ATTENUATOR,EACH,EACH,07,203.00,current,ne_ndot_english_standard_item_list_2010,172,stditeme06252010.pdf#page=172;item=7019.70
ne_ndot_catalog_7019.75,ne_ndot_7019.75,7019.75,"IMPACT ATTENUATOR, REACT 350",EACH,EACH,07,,current,ne_ndot_english_standard_item_list_2010,172,stditeme06252010.pdf#page=172;item=7019.75
ne_ndot_catalog_7019.80,ne_ndot_7019.80,7019.80,PERMANENT INERTIAL BARRIER SYSTEM,EACH,EACH,07,,current,ne_ndot_english_standard_item_list_2010,172,stditeme06252010.pdf#page=172;item=7019.80
ne_ndot_catalog_7020.00,ne_ndot_7020.00,7020.00,BRIDGE APPROACH SECTIONS,EACH,EACH,07,902.00,current,ne_ndot_english_standard_item_list_2010,172,stditeme06252010.pdf#page=172;item=7020.00
ne_ndot_catalog_7020.30,ne_ndot_7020.30,7020.30,BRIDGE APPROACH SECTION (MODIFIED),EACH,EACH,07,,current,ne_ndot_english_standard_item_list_2010,173,stditeme06252010.pdf#page=173;item=7020.30
ne_ndot_catalog_7020.60,ne_ndot_7020.60,7020.60,SPECIAL BRIDGE APPROACH SECTION,EACH,EACH,07,902.00,current,ne_ndot_english_standard_item_list_2010,173,stditeme06252010.pdf#page=173;item=7020.60
ne_ndot_catalog_7020.95,ne_ndot_7020.95,7020.95,CRASH-CUSHION ATTENUATING TERMINAL,EACH,EACH,07,,current,ne_ndot_english_standard_item_list_2010,173,stditeme06252010.pdf#page=173;item=7020.95
ne_ndot_catalog_7021.44,ne_ndot_7021.44,7021.44,BREAKAWAY CABLE TERMINAL,EACH,EACH,07,,current,ne_ndot_english_standard_item_list_2010,173,stditeme06252010.pdf#page=173;item=7021.44
ne_ndot_catalog_7021.45,ne_ndot_7021.45,7021.45,BREAKAWAY CABLE TERMINAL,EACH,EACH,07,,current,ne_ndot_english_standard_item_list_2010,173,stditeme06252010.pdf#page=173;item=7021.45
ne_ndot_catalog_7021.47,ne_ndot_7021.47,7021.47,MELT,EACH,EACH,07,,current,ne_ndot_english_standard_item_list_2010,173,stditeme06252010.pdf#page=173;item=7021.47
ne_ndot_catalog_7021.48,ne_ndot_7021.48,7021.48,"MELT, TYPE I",EACH,EACH,07,,current,ne_ndot_english_standard_item_list_2010,173,stditeme06252010.pdf#page=173;item=7021.48
ne_ndot_catalog_7021.58,ne_ndot_7021.58,7021.58,"GUARDRAIL END TREATMENT, SRT-75",EACH,EACH,07,902.00,current,ne_ndot_english_standard_item_list_2010,173,stditeme06252010.pdf#page=173;item=7021.58
ne_ndot_catalog_7021.70,ne_ndot_7021.70,7021.70,"GUARDRAIL END TREATMENT, SRT-350",EACH,EACH,07,902.00,current,ne_ndot_english_standard_item_list_2010,173,stditeme06252010.pdf#page=173;item=7021.70
ne_ndot_catalog_7021.80,ne_ndot_7021.80,7021.80,"GUARDRAIL END TREATMENT, ET-2000",EACH,EACH,07,902.00,current,ne_ndot_english_standard_item_list_2010,173,stditeme06252010.pdf#page=173;item=7021.80
ne_ndot_catalog_7022.00,ne_ndot_7022.00,7022.00,END ANCHORAGE ASSEMBLY,EACH,EACH,07,,current,ne_ndot_english_standard_item_list_2010,173,stditeme06252010.pdf#page=173;item=7022.00
ne_ndot_catalog_7022.01,ne_ndot_7022.01,7022.01,END ANCHORAGE ASSEMBLY,EACH,EACH,07,,current,ne_ndot_english_standard_item_list_2010,173,stditeme06252010.pdf#page=173;item=7022.01
ne_ndot_catalog_7022.07,ne_ndot_7022.07,7022.07,THRIE-BEAM END ANCHORAGE ASSEMBLY,EACH,EACH,07,,current,ne_ndot_english_standard_item_list_2010,173,stditeme06252010.pdf#page=173;item=7022.07
ne_ndot_catalog_7022.25,ne_ndot_7022.25,7022.25,HIGH TENSION END ANCHORAGE ASSEMBLY,EACH,EACH,07,,current,ne_ndot_english_standard_item_list_2010,173,stditeme06252010.pdf#page=173;item=7022.25
ne_ndot_catalog_7022.50,ne_ndot_7022.50,7022.50,BULLNOSE-12.5',EACH,EACH,07,,current,ne_ndot_english_standard_item_list_2010,173,stditeme06252010.pdf#page=173;item=7022.50
ne_ndot_catalog_7022.51,ne_ndot_7022.51,7022.51,BULLNOSE-25',EACH,EACH,07,,current,ne_ndot_english_standard_item_list_2010,173,stditeme06252010.pdf#page=173;item=7022.51
ne_ndot_catalog_7022.52,ne_ndot_7022.52,7022.52,BULLNOSE-18.75',EACH,EACH,07,,current,ne_ndot_english_standard_item_list_2010,173,stditeme06252010.pdf#page=173;item=7022.52
ne_ndot_catalog_7023.00,ne_ndot_7023.00,7023.00,TERMINAL ANCHORAGE SECTIONS,EACH,EACH,07,902.00,current,ne_ndot_english_standard_item_list_2010,173,stditeme06252010.pdf#page=173;item=7023.00
ne_ndot_catalog_7023.50,ne_ndot_7023.50,7023.50,SPECIAL ANCHORAGE SECTION,EACH,EACH,07,,current,ne_ndot_english_standard_item_list_2010,173,stditeme06252010.pdf#page=173;item=7023.50
ne_ndot_catalog_7024.00,ne_ndot_7024.00,7024.00,INTERMEDIATE ANCHORAGE SECTIONS,EACH,EACH,07,902.00,current,ne_ndot_english_standard_item_list_2010,174,stditeme06252010.pdf#page=174;item=7024.00
ne_ndot_catalog_7024.25,ne_ndot_7024.25,7024.25,"GUARDRAIL END TREATMENT, TYPE I",EACH,EACH,07,,current,ne_ndot_english_standard_item_list_2010,174,stditeme06252010.pdf#page=174;item=7024.25
ne_ndot_catalog_7024.27,ne_ndot_7024.27,7024.27,"GUARDRAIL END TREATMENT, TYPE II",EACH,EACH,07,,current,ne_ndot_english_standard_item_list_2010,174,stditeme06252010.pdf#page=174;item=7024.27
ne_ndot_catalog_7024.50,ne_ndot_7024.50,7024.50,GUARDRAIL END TREATMENT,EACH,EACH,07,902.00,current,ne_ndot_english_standard_item_list_2010,174,stditeme06252010.pdf#page=174;item=7024.50
ne_ndot_catalog_7025.15,ne_ndot_7025.15,7025.15,REMODEL RAIL,EACH,EACH,07,,current,ne_ndot_english_standard_item_list_2010,174,stditeme06252010.pdf#page=174;item=7025.15
ne_ndot_catalog_7025.48,ne_ndot_7025.48,7025.48,GUARDRAIL POSTS,EACH,EACH,07,902.00,current,ne_ndot_english_standard_item_list_2010,174,stditeme06252010.pdf#page=174;item=7025.48
ne_ndot_catalog_7025.50,ne_ndot_7025.50,7025.50,OFFSET BLOCK,EACH,EACH,07,,current,ne_ndot_english_standard_item_list_2010,174,stditeme06252010.pdf#page=174;item=7025.50
ne_ndot_catalog_7026.05,ne_ndot_7026.05,7026.05,W-THRIE BEAM TRANSITION SECTION,EACH,EACH,07,,current,ne_ndot_english_standard_item_list_2010,174,stditeme06252010.pdf#page=174;item=7026.05
ne_ndot_catalog_7030.04,ne_ndot_7030.04,7030.04,SPECIAL ANCHOR,EACH,EACH,07,,current,ne_ndot_english_standard_item_list_2010,174,stditeme06252010.pdf#page=174;item=7030.04
ne_ndot_catalog_7040.00,ne_ndot_7040.00,7040.00,CABLE GUARDRAIL POST,EACH,EACH,07,,current,ne_ndot_english_standard_item_list_2010,174,stditeme06252010.pdf#page=174;item=7040.00
ne_ndot_catalog_7040.10,ne_ndot_7040.10,7040.10,CABLE SPLICES,EACH,EACH,07,,current,ne_ndot_english_standard_item_list_2010,174,stditeme06252010.pdf#page=174;item=7040.10
ne_ndot_catalog_7050.00,ne_ndot_7050.00,7050.00,ADDITIONAL COMPENSATION,EACH,EACH,07,,current,ne_ndot_english_standard_item_list_2010,174,stditeme06252010.pdf#page=174;item=7050.00
ne_ndot_catalog_7050.02,ne_ndot_7050.02,7050.02,ADDITIONAL COMPENSATION,LUMP SUM,LS,07,,current,ne_ndot_english_standard_item_list_2010,174,stditeme06252010.pdf#page=174;item=7050.02
ne_ndot_catalog_7050.05,ne_ndot_7050.05,7050.05,ADDITIONAL WORK,LUMP SUM,LS,07,,current,ne_ndot_english_standard_item_list_2010,174,stditeme06252010.pdf#page=174;item=7050.05
ne_ndot_catalog_7050.06,ne_ndot_7050.06,7050.06,ADDITIONAL COST,LUMP SUM,LS,07,,current,ne_ndot_english_standard_item_list_2010,174,stditeme06252010.pdf#page=174;item=7050.06
ne_ndot_catalog_7075.10,ne_ndot_7075.10,7075.10,PERSONNEL GATE,EACH,EACH,07,,current,ne_ndot_english_standard_item_list_2010,174,stditeme06252010.pdf#page=174;item=7075.10
ne_ndot_catalog_7075.15,ne_ndot_7075.15,7075.15,VEHICLE GATE,EACH,EACH,07,,current,ne_ndot_english_standard_item_list_2010,174,stditeme06252010.pdf#page=174;item=7075.15
ne_ndot_catalog_7100.00,ne_ndot_7100.00,7100.00,RIGHT-OF-WAY FENCE,LIN FT,LF,07,910.00,current,ne_ndot_english_standard_item_list_2010,174,stditeme06252010.pdf#page=174;item=7100.00
ne_ndot_catalog_7101.00,ne_ndot_7101.00,7101.00,PRIVATE FENCE TERMINALS,EACH,EACH,07,910.00,current,ne_ndot_english_standard_item_list_2010,174,stditeme06252010.pdf#page=174;item=7101.00
ne_ndot_catalog_7102.01,ne_ndot_7102.01,7102.01,"CHANNEL CROSSING, TYPE A",EACH,EACH,07,910.00,current,ne_ndot_english_standard_item_list_2010,175,stditeme06252010.pdf#page=175;item=7102.01
ne_ndot_catalog_7102.02,ne_ndot_7102.02,7102.02,"CHANNEL CROSSING, TYPE B",EACH,EACH,07,910.00,current,ne_ndot_english_standard_item_list_2010,175,stditeme06252010.pdf#page=175;item=7102.02
ne_ndot_catalog_7103.00,ne_ndot_7103.00,7103.00,END POSTS,EACH,EACH,07,910.00,current,ne_ndot_english_standard_item_list_2010,175,stditeme06252010.pdf#page=175;item=7103.00
ne_ndot_catalog_7103.01,ne_ndot_7103.01,7103.01,END POSTS,EACH,EACH,07,910.00,current,ne_ndot_english_standard_item_list_2010,175,stditeme06252010.pdf#page=175;item=7103.01
ne_ndot_catalog_7103.02,ne_ndot_7103.02,7103.02,END POSTS FOR DEER FENCE,EACH,EACH,07,,current,ne_ndot_english_standard_item_list_2010,175,stditeme06252010.pdf#page=175;item=7103.02
ne_ndot_catalog_7104.00,ne_ndot_7104.00,7104.00,PULL POSTS,EACH,EACH,07,910.00,current,ne_ndot_english_standard_item_list_2010,175,stditeme06252010.pdf#page=175;item=7104.00
ne_ndot_catalog_7104.01,ne_ndot_7104.01,7104.01,PULL POSTS,EACH,EACH,07,910.00,current,ne_ndot_english_standard_item_list_2010,175,stditeme06252010.pdf#page=175;item=7104.01
ne_ndot_catalog_7104.02,ne_ndot_7104.02,7104.02,PULL POSTS FOR DEER FENCE,EACH,EACH,07,,current,ne_ndot_english_standard_item_list_2010,175,stditeme06252010.pdf#page=175;item=7104.02
ne_ndot_catalog_7105.00,ne_ndot_7105.00,7105.00,CORNER POSTS,EACH,EACH,07,910.00,current,ne_ndot_english_standard_item_list_2010,175,stditeme06252010.pdf#page=175;item=7105.00
ne_ndot_catalog_7105.01,ne_ndot_7105.01,7105.01,CORNER POSTS,EACH,EACH,07,910.00,current,ne_ndot_english_standard_item_list_2010,175,stditeme06252010.pdf#page=175;item=7105.01
ne_ndot_catalog_7105.02,ne_ndot_7105.02,7105.02,CORNER POSTS FOR DEER FENCE,EACH,EACH,07,,current,ne_ndot_english_standard_item_list_2010,175,stditeme06252010.pdf#page=175;item=7105.02
ne_ndot_catalog_7105.03,ne_ndot_7105.03,7105.03,MASONRY COLUMN,EACH,EACH,07,910.00,current,ne_ndot_english_standard_item_list_2010,175,stditeme06252010.pdf#page=175;item=7105.03
ne_ndot_catalog_7105.04,ne_ndot_7105.04,7105.04,MASONRY COLUMN,EACH,EACH,07,910.00,current,ne_ndot_english_standard_item_list_2010,175,stditeme06252010.pdf#page=175;item=7105.04
ne_ndot_catalog_7105.94,ne_ndot_7105.94,7105.94,4' GATE,EACH,EACH,07,,current,ne_ndot_english_standard_item_list_2010,175,stditeme06252010.pdf#page=175;item=7105.94
ne_ndot_catalog_7106.00,ne_ndot_7106.00,7106.00,12' GATE,EACH,EACH,07,,current,ne_ndot_english_standard_item_list_2010,175,stditeme06252010.pdf#page=175;item=7106.00
ne_ndot_catalog_7106.01,ne_ndot_7106.01,7106.01,14' GATE,EACH,EACH,07,,current,ne_ndot_english_standard_item_list_2010,175,stditeme06252010.pdf#page=175;item=7106.01
ne_ndot_catalog_7106.02,ne_ndot_7106.02,7106.02,30' GATE,EACH,EACH,07,,current,ne_ndot_english_standard_item_list_2010,175,stditeme06252010.pdf#page=175;item=7106.02
ne_ndot_catalog_7106.03,ne_ndot_7106.03,7106.03,20' GATE,EACH,EACH,07,,current,ne_ndot_english_standard_item_list_2010,175,stditeme06252010.pdf#page=175;item=7106.03
ne_ndot_catalog_7106.08,ne_ndot_7106.08,7106.08,25' DOUBLE GATE,EACH,EACH,07,,current,ne_ndot_english_standard_item_list_2010,175,stditeme06252010.pdf#page=175;item=7106.08
ne_ndot_catalog_7106.09,ne_ndot_7106.09,7106.09,26' DOUBLE GATE,EACH,EACH,07,,current,ne_ndot_english_standard_item_list_2010,176,stditeme06252010.pdf#page=176;item=7106.09
ne_ndot_catalog_7106.12,ne_ndot_7106.12,7106.12,12' VEHICLE GATE,EACH,EACH,07,,current,ne_ndot_english_standard_item_list_2010,176,stditeme06252010.pdf#page=176;item=7106.12
ne_ndot_catalog_7106.14,ne_ndot_7106.14,7106.14,14' VEHICLE GATE,EACH,EACH,07,,current,ne_ndot_english_standard_item_list_2010,176,stditeme06252010.pdf#page=176;item=7106.14
ne_ndot_catalog_7106.15,ne_ndot_7106.15,7106.15,15' VEHICLE GATE,EACH,EACH,07,,current,ne_ndot_english_standard_item_list_2010,176,stditeme06252010.pdf#page=176;item=7106.15
ne_ndot_catalog_7106.16,ne_ndot_7106.16,7106.16,16' VEHICLE GATE,EACH,EACH,07,,current,ne_ndot_english_standard_item_list_2010,176,stditeme06252010.pdf#page=176;item=7106.16
ne_ndot_catalog_7106.20,ne_ndot_7106.20,7106.20,20' VEHICLE GATE,EACH,EACH,07,,current,ne_ndot_english_standard_item_list_2010,176,stditeme06252010.pdf#page=176;item=7106.20
ne_ndot_catalog_7106.24,ne_ndot_7106.24,7106.24,24' VEHICLE GATE,EACH,EACH,07,,current,ne_ndot_english_standard_item_list_2010,176,stditeme06252010.pdf#page=176;item=7106.24
ne_ndot_catalog_7106.30,ne_ndot_7106.30,7106.30,30' VEHICLE GATE,EACH,EACH,07,,current,ne_ndot_english_standard_item_list_2010,176,stditeme06252010.pdf#page=176;item=7106.30
ne_ndot_catalog_7106.32,ne_ndot_7106.32,7106.32,32' VEHICLE GATE,EACH,EACH,07,,current,ne_ndot_english_standard_item_list_2010,176,stditeme06252010.pdf#page=176;item=7106.32
ne_ndot_catalog_7106.36,ne_ndot_7106.36,7106.36,36' VEHICLE GATE,EACH,EACH,07,,current,ne_ndot_english_standard_item_list_2010,176,stditeme06252010.pdf#page=176;item=7106.36
ne_ndot_catalog_7107.28,ne_ndot_7107.28,7107.28,INSTALL 28' GATE,EACH,EACH,07,,current,ne_ndot_english_standard_item_list_2010,176,stditeme06252010.pdf#page=176;item=7107.28
ne_ndot_catalog_7107.36,ne_ndot_7107.36,7107.36,INSTALL 36' GATE,EACH,EACH,07,,current,ne_ndot_english_standard_item_list_2010,176,stditeme06252010.pdf#page=176;item=7107.36
ne_ndot_catalog_7107.50,ne_ndot_7107.50,7107.50,SALVAGE,EACH,EACH,07,,current,ne_ndot_english_standard_item_list_2010,176,stditeme06252010.pdf#page=176;item=7107.50
ne_ndot_catalog_7107.51,ne_ndot_7107.51,7107.51,SALVAGE,EACH,EACH,07,,current,ne_ndot_english_standard_item_list_2010,176,stditeme06252010.pdf#page=176;item=7107.51
ne_ndot_catalog_7108.00,ne_ndot_7108.00,7108.00,DRAINAGE STRUCTURE TERMINALS,EACH,EACH,07,910.00,current,ne_ndot_english_standard_item_list_2010,176,stditeme06252010.pdf#page=176;item=7108.00
ne_ndot_catalog_7109.90,ne_ndot_7109.90,7109.90,SPECIAL POST,EACH,EACH,07,,current,ne_ndot_english_standard_item_list_2010,176,stditeme06252010.pdf#page=176;item=7109.90
ne_ndot_catalog_7109.97,ne_ndot_7109.97,7109.97,SECURITY FENCE,LUMP SUM,LS,07,,current,ne_ndot_english_standard_item_list_2010,176,stditeme06252010.pdf#page=176;item=7109.97
ne_ndot_catalog_7109.98,ne_ndot_7109.98,7109.98,SECURITY FENCE,EACH,EACH,07,,current,ne_ndot_english_standard_item_list_2010,176,stditeme06252010.pdf#page=176;item=7109.98
ne_ndot_catalog_7109.99,ne_ndot_7109.99,7109.99,INSTALL TEMPORARY FENCE,LIN FT,LF,07,,current,ne_ndot_english_standard_item_list_2010,176,stditeme06252010.pdf#page=176;item=7109.99
ne_ndot_catalog_7110.00,ne_ndot_7110.00,7110.00,TEMPORARY FENCE,LIN FT,LF,07,,current,ne_ndot_english_standard_item_list_2010,177,stditeme06252010.pdf#page=177;item=7110.00
ne_ndot_catalog_7110.02,ne_ndot_7110.02,7110.02,3 FOOT CHAIN-LINK FENCE,LIN FT,LF,07,911.00,current,ne_ndot_english_standard_item_list_2010,177,stditeme06252010.pdf#page=177;item=7110.02
ne_ndot_catalog_7110.03,ne_ndot_7110.03,7110.03,3.5 FOOT CHAIN-LINK FENCE,LIN FT,LF,07,911.00,current,ne_ndot_english_standard_item_list_2010,177,stditeme06252010.pdf#page=177;item=7110.03
ne_ndot_catalog_7110.04,ne_ndot_7110.04,7110.04,4 FOOT CHAIN-LINK FENCE,LIN FT,LF,07,911.00,current,ne_ndot_english_standard_item_list_2010,177,stditeme06252010.pdf#page=177;item=7110.04
ne_ndot_catalog_7110.05,ne_ndot_7110.05,7110.05,5 FOOT CHAIN-LINK FENCE,LIN FT,LF,07,911.00,current,ne_ndot_english_standard_item_list_2010,177,stditeme06252010.pdf#page=177;item=7110.05
ne_ndot_catalog_7110.06,ne_ndot_7110.06,7110.06,6 FOOT CHAIN-LINK FENCE,LIN FT,LF,07,911.00,current,ne_ndot_english_standard_item_list_2010,177,stditeme06252010.pdf#page=177;item=7110.06
ne_ndot_catalog_7110.07,ne_ndot_7110.07,7110.07,7 FOOT CHAIN-LINK FENCE,LIN FT,LF,07,911.00,current,ne_ndot_english_standard_item_list_2010,177,stditeme06252010.pdf#page=177;item=7110.07
ne_ndot_catalog_7110.08,ne_ndot_7110.08,7110.08,8 FOOT CHAIN-LINK FENCE,LIN FT,LF,07,911.00,current,ne_ndot_english_standard_item_list_2010,177,stditeme06252010.pdf#page=177;item=7110.08
ne_ndot_catalog_7110.09,ne_ndot_7110.09,7110.09,7 FOOT 3 INCH CHAIN-LINK FENCE,LIN FT,LF,07,911.00,current,ne_ndot_english_standard_item_list_2010,177,stditeme06252010.pdf#page=177;item=7110.09
ne_ndot_catalog_7110.10,ne_ndot_7110.10,7110.10,7 FOOT 4 INCH CHAIN-LINK FENCE,LIN FT,LF,07,911.00,current,ne_ndot_english_standard_item_list_2010,177,stditeme06252010.pdf#page=177;item=7110.10
ne_ndot_catalog_7110.20,ne_ndot_7110.20,7110.20,6 FOOT CHAIN-LINK FENCE WITH SECURITY TOP,LIN FT,LF,07,,current,ne_ndot_english_standard_item_list_2010,177,stditeme06252010.pdf#page=177;item=7110.20
ne_ndot_catalog_7110.54,ne_ndot_7110.54,7110.54,4 FOOT CHAIN-LINK FENCE VINYL COATED,LIN FT,LF,07,,current,ne_ndot_english_standard_item_list_2010,177,stditeme06252010.pdf#page=177;item=7110.54
ne_ndot_catalog_7110.55,ne_ndot_7110.55,7110.55,5 FOOT CHAIN-LINK VINYL COATED,LIN FT,LF,07,,current,ne_ndot_english_standard_item_list_2010,177,stditeme06252010.pdf#page=177;item=7110.55
ne_ndot_catalog_7110.56,ne_ndot_7110.56,7110.56,6 FOOT CHAIN-LINK FENCE VINYL COATED,LIN FT,LF,07,,current,ne_ndot_english_standard_item_list_2010,177,stditeme06252010.pdf#page=177;item=7110.56
ne_ndot_catalog_7110.58,ne_ndot_7110.58,7110.58,8 FOOT CHAIN-LINK FENCE VINYL COATED,LIN FT,LF,07,,current,ne_ndot_english_standard_item_list_2010,177,stditeme06252010.pdf#page=177;item=7110.58
ne_ndot_catalog_7110.86,ne_ndot_7110.86,7110.86,6 FOOT WELDED WIRE FABRIC FENCE,LIN FT,LF,07,,current,ne_ndot_english_standard_item_list_2010,177,stditeme06252010.pdf#page=177;item=7110.86
ne_ndot_catalog_7110.87,ne_ndot_7110.87,7110.87,6 FOOT WELDED WIRE FABRIC FENCE-VINYL COATED,LIN FT,LF,07,,current,ne_ndot_english_standard_item_list_2010,177,stditeme06252010.pdf#page=177;item=7110.87
ne_ndot_catalog_7110.88,ne_ndot_7110.88,7110.88,8 FOOT WELDED WIRE FABRIC FENCE,LIN FT,LF,07,,current,ne_ndot_english_standard_item_list_2010,177,stditeme06252010.pdf#page=177;item=7110.88
ne_ndot_catalog_7110.89,ne_ndot_7110.89,7110.89,10 FOOT WELDED WIRE FABRIC FENCE-VINYL COATED,LIN FT,LF,07,,current,ne_ndot_english_standard_item_list_2010,177,stditeme06252010.pdf#page=177;item=7110.89
ne_ndot_catalog_7111.04,ne_ndot_7111.04,7111.04,PRIVATE FENCE TERMINALS FOR 4 FOOT CHAIN-LINK FENCE,EACH,EACH,07,911.00,current,ne_ndot_english_standard_item_list_2010,178,stditeme06252010.pdf#page=178;item=7111.04
ne_ndot_catalog_7111.05,ne_ndot_7111.05,7111.05,PRIVATE FENCE TERMINALS FOR 5 FOOT CHAIN-LINK FENCE,EACH,EACH,07,911.00,current,ne_ndot_english_standard_item_list_2010,178,stditeme06252010.pdf#page=178;item=7111.05
ne_ndot_catalog_7111.06,ne_ndot_7111.06,7111.06,PRIVATE FENCE TERMINALS FOR 6 FOOT CHAIN-LINK FENCE,EACH,EACH,07,911.00,current,ne_ndot_english_standard_item_list_2010,178,stditeme06252010.pdf#page=178;item=7111.06
ne_ndot_catalog_7112.03,ne_ndot_7112.03,7112.03,TAKE DOWN PANEL FOR 3 FOOT CHAIN-LINK FENCE,EACH,EACH,07,911.00,current,ne_ndot_english_standard_item_list_2010,178,stditeme06252010.pdf#page=178;item=7112.03
ne_ndot_catalog_7112.04,ne_ndot_7112.04,7112.04,TAKE DOWN PANEL FOR 4 FOOT CHAIN-LINK FENCE,EACH,EACH,07,911.00,current,ne_ndot_english_standard_item_list_2010,178,stditeme06252010.pdf#page=178;item=7112.04
ne_ndot_catalog_7112.05,ne_ndot_7112.05,7112.05,TAKE DOWN PANEL FOR 5 FOOT CHAIN-LINK FENCE,EACH,EACH,07,911.00,current,ne_ndot_english_standard_item_list_2010,178,stditeme06252010.pdf#page=178;item=7112.05
ne_ndot_catalog_7112.06,ne_ndot_7112.06,7112.06,TAKE DOWN PANEL FOR 6 FOOT CHAIN-LINK FENCE,EACH,EACH,07,911.00,current,ne_ndot_english_standard_item_list_2010,178,stditeme06252010.pdf#page=178;item=7112.06
ne_ndot_catalog_7114.14,ne_ndot_7114.14,7114.14,"CHANNEL CROSSING, TYPE A FOR 4 FOOT CHAIN-LINK FENCE",EACH,EACH,07,911.00,current,ne_ndot_english_standard_item_list_2010,178,stditeme06252010.pdf#page=178;item=7114.14
ne_ndot_catalog_7114.15,ne_ndot_7114.15,7114.15,"CHANNEL CROSSING, TYPE A FOR 5 FOOT CHAIN-LINK FENCE",EACH,EACH,07,911.00,current,ne_ndot_english_standard_item_list_2010,178,stditeme06252010.pdf#page=178;item=7114.15
ne_ndot_catalog_7114.16,ne_ndot_7114.16,7114.16,"CHANNEL CROSSING, TYPE A FOR 6 FOOT CHAIN-LINK FENCE",EACH,EACH,07,911.00,current,ne_ndot_english_standard_item_list_2010,178,stditeme06252010.pdf#page=178;item=7114.16
ne_ndot_catalog_7114.24,ne_ndot_7114.24,7114.24,"CHANNEL CROSSING, TYPE B FOR 4 FOOT CHAIN-LINK FENCE",EACH,EACH,07,911.00,current,ne_ndot_english_standard_item_list_2010,178,stditeme06252010.pdf#page=178;item=7114.24
ne_ndot_catalog_7114.25,ne_ndot_7114.25,7114.25,"CHANNEL CROSSING, TYPE B FOR 5 FOOT CHAIN-LINK FENCE",EACH,EACH,07,911.00,current,ne_ndot_english_standard_item_list_2010,178,stditeme06252010.pdf#page=178;item=7114.25
ne_ndot_catalog_7114.26,ne_ndot_7114.26,7114.26,"CHANNEL CROSSING, TYPE B FOR 6 FOOT CHAIN-LINK FENCE",EACH,EACH,07,911.00,current,ne_ndot_english_standard_item_list_2010,178,stditeme06252010.pdf#page=178;item=7114.26
ne_ndot_catalog_7114.27,ne_ndot_7114.27,7114.27,"CHANNEL CROSSING, TYPE B FOR 7 FOOT CHAIN-LINK FENCE",EACH,EACH,07,911.00,current,ne_ndot_english_standard_item_list_2010,178,stditeme06252010.pdf#page=178;item=7114.27
ne_ndot_catalog_7115.00,ne_ndot_7115.00,7115.00,TEMPORARY END POST,EACH,EACH,07,,current,ne_ndot_english_standard_item_list_2010,178,stditeme06252010.pdf#page=178;item=7115.00
ne_ndot_catalog_7115.02,ne_ndot_7115.02,7115.02,END POST FOR 3 FOOT CHAIN-LINK FENCE,EACH,EACH,07,911.00,current,ne_ndot_english_standard_item_list_2010,178,stditeme06252010.pdf#page=178;item=7115.02
ne_ndot_catalog_7115.03,ne_ndot_7115.03,7115.03,END POST FOR 3.5 FOOT CHAIN-LINK FENCE,EACH,EACH,07,911.00,current,ne_ndot_english_standard_item_list_2010,178,stditeme06252010.pdf#page=178;item=7115.03
ne_ndot_catalog_7115.04,ne_ndot_7115.04,7115.04,END POST FOR 4 FOOT CHAIN-LINK FENCE,EACH,EACH,07,911.00,current,ne_ndot_english_standard_item_list_2010,178,stditeme06252010.pdf#page=178;item=7115.04
ne_ndot_catalog_7115.05,ne_ndot_7115.05,7115.05,END POST FOR 5 FOOT CHAIN-LINK FENCE,EACH,EACH,07,911.00,current,ne_ndot_english_standard_item_list_2010,178,stditeme06252010.pdf#page=178;item=7115.05
ne_ndot_catalog_7115.06,ne_ndot_7115.06,7115.06,END POST FOR 6 FOOT CHAIN-LINK FENCE,EACH,EACH,07,911.00,current,ne_ndot_english_standard_item_list_2010,179,stditeme06252010.pdf#page=179;item=7115.06
ne_ndot_catalog_7115.07,ne_ndot_7115.07,7115.07,END POST FOR 7 FOOT CHAIN-LINK FENCE,EACH,EACH,07,911.00,current,ne_ndot_english_standard_item_list_2010,179,stditeme06252010.pdf#page=179;item=7115.07
ne_ndot_catalog_7115.08,ne_ndot_7115.08,7115.08,END POST FOR 8 FOOT CHAIN-LINK FENCE,EACH,EACH,07,911.00,current,ne_ndot_english_standard_item_list_2010,179,stditeme06252010.pdf#page=179;item=7115.08
ne_ndot_catalog_7115.54,ne_ndot_7115.54,7115.54,END POST FOR 4 FOOT CHAIN-LINK FENCE VINYL COATED,EACH,EACH,07,,current,ne_ndot_english_standard_item_list_2010,179,stditeme06252010.pdf#page=179;item=7115.54
ne_ndot_catalog_7116.00,ne_ndot_7116.00,7116.00,TEMPORARY CORNER POST,EACH,EACH,07,,current,ne_ndot_english_standard_item_list_2010,179,stditeme06252010.pdf#page=179;item=7116.00
ne_ndot_catalog_7116.02,ne_ndot_7116.02,7116.02,CORNER POST FOR 3.0 FOOT CHAIN-LINK FENCE,EACH,EACH,07,911.00,current,ne_ndot_english_standard_item_list_2010,179,stditeme06252010.pdf#page=179;item=7116.02
ne_ndot_catalog_7116.03,ne_ndot_7116.03,7116.03,CORNER POST FOR 3.5 FOOT CHAIN-LINK FENCE,EACH,EACH,07,911.00,current,ne_ndot_english_standard_item_list_2010,179,stditeme06252010.pdf#page=179;item=7116.03
ne_ndot_catalog_7116.04,ne_ndot_7116.04,7116.04,CORNER POST FOR 4 FOOT CHAIN-LINK FENCE,EACH,EACH,07,911.00,current,ne_ndot_english_standard_item_list_2010,179,stditeme06252010.pdf#page=179;item=7116.04
ne_ndot_catalog_7116.05,ne_ndot_7116.05,7116.05,CORNER POST FOR 5 FOOT CHAIN-LINK FENCE,EACH,EACH,07,911.00,current,ne_ndot_english_standard_item_list_2010,179,stditeme06252010.pdf#page=179;item=7116.05
ne_ndot_catalog_7116.06,ne_ndot_7116.06,7116.06,CORNER POST FOR 6 FOOT CHAIN-LINK FENCE,EACH,EACH,07,911.00,current,ne_ndot_english_standard_item_list_2010,179,stditeme06252010.pdf#page=179;item=7116.06
ne_ndot_catalog_7116.07,ne_ndot_7116.07,7116.07,CORNER POST FOR 7 FOOT CHAIN-LINK FENCE,EACH,EACH,07,911.00,current,ne_ndot_english_standard_item_list_2010,179,stditeme06252010.pdf#page=179;item=7116.07
ne_ndot_catalog_7116.08,ne_ndot_7116.08,7116.08,CORNER POST FOR 8 FOOT CHAIN-LINK FENCE,EACH,EACH,07,911.00,current,ne_ndot_english_standard_item_list_2010,179,stditeme06252010.pdf#page=179;item=7116.08
ne_ndot_catalog_7116.54,ne_ndot_7116.54,7116.54,CORNER POST FOR 4 FOOT CHAIN-LINK FENCE VINYL COATED,EACH,EACH,07,,current,ne_ndot_english_standard_item_list_2010,179,stditeme06252010.pdf#page=179;item=7116.54
ne_ndot_catalog_7117.00,ne_ndot_7117.00,7117.00,TEMPORARY PULL POST,EACH,EACH,07,,current,ne_ndot_english_standard_item_list_2010,179,stditeme06252010.pdf#page=179;item=7117.00
ne_ndot_catalog_7117.02,ne_ndot_7117.02,7117.02,PULL POST FOR 3 FOOT CHAIN-LINK FENCE,EACH,EACH,07,911.00,current,ne_ndot_english_standard_item_list_2010,179,stditeme06252010.pdf#page=179;item=7117.02
ne_ndot_catalog_7117.03,ne_ndot_7117.03,7117.03,PULL POST FOR 3.5 FOOT CHAIN-LINK FENCE,EACH,EACH,07,911.00,current,ne_ndot_english_standard_item_list_2010,179,stditeme06252010.pdf#page=179;item=7117.03
ne_ndot_catalog_7117.04,ne_ndot_7117.04,7117.04,PULL POST FOR 4 FOOT CHAIN-LINK FENCE,EACH,EACH,07,911.00,current,ne_ndot_english_standard_item_list_2010,179,stditeme06252010.pdf#page=179;item=7117.04
ne_ndot_catalog_7117.05,ne_ndot_7117.05,7117.05,PULL POST FOR 5 FOOT CHAIN-LINK FENCE,EACH,EACH,07,911.00,current,ne_ndot_english_standard_item_list_2010,179,stditeme06252010.pdf#page=179;item=7117.05
ne_ndot_catalog_7117.06,ne_ndot_7117.06,7117.06,PULL POST FOR 6 FOOT CHAIN-LINK FENCE,EACH,EACH,07,911.00,current,ne_ndot_english_standard_item_list_2010,179,stditeme06252010.pdf#page=179;item=7117.06
ne_ndot_catalog_7117.07,ne_ndot_7117.07,7117.07,PULL POST FOR 7 FOOT CHAIN-LINK FENCE,EACH,EACH,07,911.00,current,ne_ndot_english_standard_item_list_2010,180,stditeme06252010.pdf#page=180;item=7117.07
ne_ndot_catalog_7117.08,ne_ndot_7117.08,7117.08,PULL POST FOR 8 FOOT CHAIN-LINK FENCE,EACH,EACH,07,911.00,current,ne_ndot_english_standard_item_list_2010,180,stditeme06252010.pdf#page=180;item=7117.08
ne_ndot_catalog_7117.54,ne_ndot_7117.54,7117.54,PULL POST FOR 4 FOOT CHAIN-LINK FENCE VINYL COATED,EACH,EACH,07,911.00,current,ne_ndot_english_standard_item_list_2010,180,stditeme06252010.pdf#page=180;item=7117.54
ne_ndot_catalog_7118.05,ne_ndot_7118.05,7118.05,DRAINAGE STRUCTURE TERMINAL FOR 5 FOOT CHAIN-LINK FENCE,EACH,EACH,07,911.00,current,ne_ndot_english_standard_item_list_2010,180,stditeme06252010.pdf#page=180;item=7118.05
ne_ndot_catalog_7119.05,ne_ndot_7119.05,7119.05,GATE POST FOR 5 FOOT CHAIN LINK FENCE,EACH,EACH,07,,current,ne_ndot_english_standard_item_list_2010,180,stditeme06252010.pdf#page=180;item=7119.05
ne_ndot_catalog_7119.06,ne_ndot_7119.06,7119.06,GATE POST FOR 6 FOOT CHAIN LINK FENCE,EACH,EACH,07,,current,ne_ndot_english_standard_item_list_2010,180,stditeme06252010.pdf#page=180;item=7119.06
ne_ndot_catalog_7120.05,ne_ndot_7120.05,7120.05,20 FOOT GATE FOR 5 FOOT CHAIN-LINK FENCE,EACH,EACH,07,911.00,current,ne_ndot_english_standard_item_list_2010,180,stditeme06252010.pdf#page=180;item=7120.05
ne_ndot_catalog_7121.03,ne_ndot_7121.03,7121.03,12' VEHICLE GATE FOR 5' CHAIN-LINK FENCE,EACH,EACH,07,911.00,current,ne_ndot_english_standard_item_list_2010,180,stditeme06252010.pdf#page=180;item=7121.03
ne_ndot_catalog_7121.05,ne_ndot_7121.05,7121.05,24 FOOT VEHICLE GATE FOR 5 FOOT CHAIN-LINK FENCE,EACH,EACH,07,911.00,current,ne_ndot_english_standard_item_list_2010,180,stditeme06252010.pdf#page=180;item=7121.05
ne_ndot_catalog_7121.10,ne_ndot_7121.10,7121.10,30 FOOT VEHICLE GATE FOR 6 FOOT CHAIN-LINK FENCE,EACH,EACH,07,911.00,current,ne_ndot_english_standard_item_list_2010,180,stditeme06252010.pdf#page=180;item=7121.10
ne_ndot_catalog_7121.20,ne_ndot_7121.20,7121.20,12' VEHICLE GATE FOR 8' CHAIN-LINK FENCE,EACH,EACH,07,911.00,current,ne_ndot_english_standard_item_list_2010,180,stditeme06252010.pdf#page=180;item=7121.20
ne_ndot_catalog_7121.30,ne_ndot_7121.30,7121.30,14' VEHICLE GATE FOR 3' CHAIN-LINK FENCE,EACH,EACH,07,911.00,current,ne_ndot_english_standard_item_list_2010,180,stditeme06252010.pdf#page=180;item=7121.30
ne_ndot_catalog_7121.63,ne_ndot_7121.63,7121.63,3 FOOT GATE FOR 6 FOOT CHAIN-LINK FENCE,EACH,EACH,07,911.00,current,ne_ndot_english_standard_item_list_2010,180,stditeme06252010.pdf#page=180;item=7121.63
ne_ndot_catalog_7121.65,ne_ndot_7121.65,7121.65,5 FOOT GATE FOR 6 FOOT CHAIN-LINK FENCE,EACH,EACH,07,911.00,current,ne_ndot_english_standard_item_list_2010,180,stditeme06252010.pdf#page=180;item=7121.65
ne_ndot_catalog_7121.70,ne_ndot_7121.70,7121.70,40 FOOT VEHICLE GATE FOR 3 FOOT CHAIN-LINK FENCE,EACH,EACH,07,911.00,current,ne_ndot_english_standard_item_list_2010,180,stditeme06252010.pdf#page=180;item=7121.70
ne_ndot_catalog_7122.00,ne_ndot_7122.00,7122.00,GATE PANEL FOR CHAIN LINK FENCE,EACH,EACH,07,,current,ne_ndot_english_standard_item_list_2010,180,stditeme06252010.pdf#page=180;item=7122.00
ne_ndot_catalog_7125.00,ne_ndot_7125.00,7125.00,DEER FENCE,LIN FT,LF,07,,current,ne_ndot_english_standard_item_list_2010,180,stditeme06252010.pdf#page=180;item=7125.00
ne_ndot_catalog_7125.10,ne_ndot_7125.10,7125.10,7' PROTECTIVE FENCE,LIN FT,LF,07,,current,ne_ndot_english_standard_item_list_2010,180,stditeme06252010.pdf#page=180;item=7125.10
ne_ndot_catalog_7130.00,ne_ndot_7130.00,7130.00,BARBED WIRE FENCE,LIN FT,LF,07,910.00,current,ne_ndot_english_standard_item_list_2010,180,stditeme06252010.pdf#page=180;item=7130.00
ne_ndot_catalog_7130.10,ne_ndot_7130.10,7130.10,FENCE,LIN FT,LF,07,,current,ne_ndot_english_standard_item_list_2010,181,stditeme06252010.pdf#page=181;item=7130.10
ne_ndot_catalog_7130.12,ne_ndot_7130.12,7130.12,FENCE,LIN FT,LF,07,,current,ne_ndot_english_standard_item_list_2010,181,stditeme06252010.pdf#page=181;item=7130.12
ne_ndot_catalog_7130.14,ne_ndot_7130.14,7130.14,FENCE,LIN FT,LF,07,,current,ne_ndot_english_standard_item_list_2010,181,stditeme06252010.pdf#page=181;item=7130.14
ne_ndot_catalog_7130.20,ne_ndot_7130.20,7130.20,DECORATIVE FENCE,LIN FT,LF,07,,current,ne_ndot_english_standard_item_list_2010,181,stditeme06252010.pdf#page=181;item=7130.20
ne_ndot_catalog_7130.21,ne_ndot_7130.21,7130.21,GOLF COURSE SAFETY NETTING,LIN FT,LF,07,,current,ne_ndot_english_standard_item_list_2010,181,stditeme06252010.pdf#page=181;item=7130.21
ne_ndot_catalog_7130.50,ne_ndot_7130.50,7130.50,SMOOTH WIRE FENCE,LIN FT,LF,07,,current,ne_ndot_english_standard_item_list_2010,181,stditeme06252010.pdf#page=181;item=7130.50
ne_ndot_catalog_7130.54,ne_ndot_7130.54,7130.54,CABLE FENCE,LIN FT,LF,07,,current,ne_ndot_english_standard_item_list_2010,181,stditeme06252010.pdf#page=181;item=7130.54
ne_ndot_catalog_7130.55,ne_ndot_7130.55,7130.55,WOVEN WIRE FENCE,LIN FT,LF,07,,current,ne_ndot_english_standard_item_list_2010,181,stditeme06252010.pdf#page=181;item=7130.55
ne_ndot_catalog_7130.85,ne_ndot_7130.85,7130.85,VINYL FENCE,LIN FT,LF,07,,current,ne_ndot_english_standard_item_list_2010,181,stditeme06252010.pdf#page=181;item=7130.85
ne_ndot_catalog_7130.90,ne_ndot_7130.90,7130.90,4 FOOT ORNAMENTAL FENCE,LIN FT,LF,07,,current,ne_ndot_english_standard_item_list_2010,181,stditeme06252010.pdf#page=181;item=7130.90
ne_ndot_catalog_7130.92,ne_ndot_7130.92,7130.92,6 FOOT ORNAMENTAL FENCE,LIN FT,LF,07,,current,ne_ndot_english_standard_item_list_2010,181,stditeme06252010.pdf#page=181;item=7130.92
ne_ndot_catalog_7130.95,ne_ndot_7130.95,7130.95,WOOD FENCE,LIN FT,LF,07,,current,ne_ndot_english_standard_item_list_2010,181,stditeme06252010.pdf#page=181;item=7130.95
ne_ndot_catalog_7130.97,ne_ndot_7130.97,7130.97,ROUND RAIL FENCE,LIN FT,LF,07,,current,ne_ndot_english_standard_item_list_2010,181,stditeme06252010.pdf#page=181;item=7130.97
ne_ndot_catalog_7131.00,ne_ndot_7131.00,7131.00,FENCE POST,EACH,EACH,07,,current,ne_ndot_english_standard_item_list_2010,181,stditeme06252010.pdf#page=181;item=7131.00
ne_ndot_catalog_7131.01,ne_ndot_7131.01,7131.01,FENCE POST,EACH,EACH,07,,current,ne_ndot_english_standard_item_list_2010,181,stditeme06252010.pdf#page=181;item=7131.01
ne_ndot_catalog_7131.50,ne_ndot_7131.50,7131.50,RESET POST,EACH,EACH,07,,current,ne_ndot_english_standard_item_list_2010,181,stditeme06252010.pdf#page=181;item=7131.50
ne_ndot_catalog_7131.90,ne_ndot_7131.90,7131.90,CHAIN LINK FENCE,LIN FT,LF,07,,current,ne_ndot_english_standard_item_list_2010,181,stditeme06252010.pdf#page=181;item=7131.90
ne_ndot_catalog_7150.00,ne_ndot_7150.00,7150.00,REMOVE AND RESET R.O.W. FENCE,LIN FT,LF,07,,current,ne_ndot_english_standard_item_list_2010,181,stditeme06252010.pdf#page=181;item=7150.00
ne_ndot_catalog_7150.50,ne_ndot_7150.50,7150.50,REMOVE AND RESET CHAIN-LINK FENCE,LIN FT,LF,07,,current,ne_ndot_english_standard_item_list_2010,181,stditeme06252010.pdf#page=181;item=7150.50
ne_ndot_catalog_7150.51,ne_ndot_7150.51,7150.51,REMOVE AND RESET CHAIN-LINK FENCE,LUMP SUM,LS,07,,current,ne_ndot_english_standard_item_list_2010,182,stditeme06252010.pdf#page=182;item=7150.51
ne_ndot_catalog_7151.00,ne_ndot_7151.00,7151.00,REMOVE AND RESET FENCE,LIN FT,LF,07,,current,ne_ndot_english_standard_item_list_2010,182,stditeme06252010.pdf#page=182;item=7151.00
ne_ndot_catalog_7151.20,ne_ndot_7151.20,7151.20,RESET FENCE,LIN FT,LF,07,,current,ne_ndot_english_standard_item_list_2010,182,stditeme06252010.pdf#page=182;item=7151.20
ne_ndot_catalog_7151.60,ne_ndot_7151.60,7151.60,REMOVE AND RESET STEEL GATE,EACH,EACH,07,,current,ne_ndot_english_standard_item_list_2010,182,stditeme06252010.pdf#page=182;item=7151.60
ne_ndot_catalog_7151.65,ne_ndot_7151.65,7151.65,REMOVE AND RESET CATTLE GUARD,EACH,EACH,07,,current,ne_ndot_english_standard_item_list_2010,182,stditeme06252010.pdf#page=182;item=7151.65
ne_ndot_catalog_7152.00,ne_ndot_7152.00,7152.00,REMOVE AND RESET PULL POST,EACH,EACH,07,,current,ne_ndot_english_standard_item_list_2010,182,stditeme06252010.pdf#page=182;item=7152.00
ne_ndot_catalog_7153.00,ne_ndot_7153.00,7153.00,REMOVE AND RESET CORNER POST,EACH,EACH,07,,current,ne_ndot_english_standard_item_list_2010,182,stditeme06252010.pdf#page=182;item=7153.00
ne_ndot_catalog_7190.00,ne_ndot_7190.00,7190.00,DEDUCTION FOR DEFICIENT FENCE MATERIALS,LUMP SUM,LS,07,,current,ne_ndot_english_standard_item_list_2010,182,stditeme06252010.pdf#page=182;item=7190.00
ne_ndot_catalog_7305.00,ne_ndot_7305.00,7305.00,REMOVE OVERHEAD STRUCTURE,EACH,EACH,07,,current,ne_ndot_english_standard_item_list_2010,182,stditeme06252010.pdf#page=182;item=7305.00
ne_ndot_catalog_7305.02,ne_ndot_7305.02,7305.02,REMOVE OVERHEAD STRUCTURE,EACH,EACH,07,,current,ne_ndot_english_standard_item_list_2010,182,stditeme06252010.pdf#page=182;item=7305.02
ne_ndot_catalog_7308.00,ne_ndot_7308.00,7308.00,"REMOVE SIGN, STRUCTURE, AND FOUNDATION",EACH,EACH,07,203.00,current,ne_ndot_english_standard_item_list_2010,182,stditeme06252010.pdf#page=182;item=7308.00
ne_ndot_catalog_7308.10,ne_ndot_7308.10,7308.10,REMOVE SIGN,EACH,EACH,07,203.00,current,ne_ndot_english_standard_item_list_2010,182,stditeme06252010.pdf#page=182;item=7308.10
ne_ndot_catalog_7309.00,ne_ndot_7309.00,7309.00,REMOVE POLE FOUNDATION,EACH,EACH,07,,current,ne_ndot_english_standard_item_list_2010,182,stditeme06252010.pdf#page=182;item=7309.00
ne_ndot_catalog_7309.01,ne_ndot_7309.01,7309.01,REMOVE POLE FOUNDATION,EACH,EACH,07,,current,ne_ndot_english_standard_item_list_2010,182,stditeme06252010.pdf#page=182;item=7309.01
ne_ndot_catalog_7309.02,ne_ndot_7309.02,7309.02,REMOVE POLE FOUNDATION,EACH,EACH,07,,current,ne_ndot_english_standard_item_list_2010,182,stditeme06252010.pdf#page=182;item=7309.02
ne_ndot_catalog_7309.03,ne_ndot_7309.03,7309.03,REMOVE POLE FOUNDATION,EACH,EACH,07,,current,ne_ndot_english_standard_item_list_2010,182,stditeme06252010.pdf#page=182;item=7309.03
ne_ndot_catalog_7309.04,ne_ndot_7309.04,7309.04,REMOVE POLE FOUNDATION,EACH,EACH,07,,current,ne_ndot_english_standard_item_list_2010,182,stditeme06252010.pdf#page=182;item=7309.04
ne_ndot_catalog_7309.10,ne_ndot_7309.10,7309.10,REMOVE AND REPLACE POLE FOUNDATION,EACH,EACH,07,,current,ne_ndot_english_standard_item_list_2010,182,stditeme06252010.pdf#page=182;item=7309.10
ne_ndot_catalog_7309.50,ne_ndot_7309.50,7309.50,REMOVE AND REINSTALL SIGN STRUCTURE,EACH,EACH,07,,current,ne_ndot_english_standard_item_list_2010,182,stditeme06252010.pdf#page=182;item=7309.50
ne_ndot_catalog_7309.90,ne_ndot_7309.90,7309.90,REMOVE AND REINSTALL,EACH,EACH,07,,current,ne_ndot_english_standard_item_list_2010,183,stditeme06252010.pdf#page=183;item=7309.90
ne_ndot_catalog_7309.91,ne_ndot_7309.91,7309.91,REMOVE AND REINSTALL,EACH,EACH,07,,current,ne_ndot_english_standard_item_list_2010,183,stditeme06252010.pdf#page=183;item=7309.91
ne_ndot_catalog_7310.00,ne_ndot_7310.00,7310.00,RELOCATE SIGN STRUCTURE,EACH,EACH,07,,current,ne_ndot_english_standard_item_list_2010,183,stditeme06252010.pdf#page=183;item=7310.00
ne_ndot_catalog_7310.01,ne_ndot_7310.01,7310.01,RELOCATE SIGN STRUCTURE,EACH,EACH,07,,current,ne_ndot_english_standard_item_list_2010,183,stditeme06252010.pdf#page=183;item=7310.01
ne_ndot_catalog_7310.02,ne_ndot_7310.02,7310.02,RELOCATE SIGN STRUCTURE,EACH,EACH,07,,current,ne_ndot_english_standard_item_list_2010,183,stditeme06252010.pdf#page=183;item=7310.02
ne_ndot_catalog_7310.05,ne_ndot_7310.05,7310.05,REMOVE SIGN STRUCTURE,EACH,EACH,07,203.00,current,ne_ndot_english_standard_item_list_2010,183,stditeme06252010.pdf#page=183;item=7310.05
ne_ndot_catalog_7310.06,ne_ndot_7310.06,7310.06,REMOVE SIGN STRUCTURE,EACH,EACH,07,,current,ne_ndot_english_standard_item_list_2010,183,stditeme06252010.pdf#page=183;item=7310.06
ne_ndot_catalog_7310.07,ne_ndot_7310.07,7310.07,REMOVE SIGN STRUCTURE,EACH,EACH,07,,current,ne_ndot_english_standard_item_list_2010,183,stditeme06252010.pdf#page=183;item=7310.07
ne_ndot_catalog_7310.08,ne_ndot_7310.08,7310.08,REMOVE SIGN STRUCTURE,EACH,EACH,07,,current,ne_ndot_english_standard_item_list_2010,183,stditeme06252010.pdf#page=183;item=7310.08
ne_ndot_catalog_7310.09,ne_ndot_7310.09,7310.09,REMOVE SIGN STRUCTURE,EACH,EACH,07,,current,ne_ndot_english_standard_item_list_2010,183,stditeme06252010.pdf#page=183;item=7310.09
ne_ndot_catalog_7311.00,ne_ndot_7311.00,7311.00,CONCRETE FOR FOUNDATION,CU YD,CY,07,418.00,current,ne_ndot_english_standard_item_list_2010,183,stditeme06252010.pdf#page=183;item=7311.00
ne_ndot_catalog_7311.10,ne_ndot_7311.10,7311.10,REINFORCING STEEL,POUND,LB,07,418.00,current,ne_ndot_english_standard_item_list_2010,183,stditeme06252010.pdf#page=183;item=7311.10
ne_ndot_catalog_7311.20,ne_ndot_7311.20,7311.20,"SIGN STRUCTURE FOUNDATION DESIGN, LOCATION",EACH,EACH,07,418.00,current,ne_ndot_english_standard_item_list_2010,183,stditeme06252010.pdf#page=183;item=7311.20
ne_ndot_catalog_7311.21,ne_ndot_7311.21,7311.21,"SIGN STRUCTURE FOUNDATION DESIGN, LOCATION",EACH,EACH,07,418.00,current,ne_ndot_english_standard_item_list_2010,183,stditeme06252010.pdf#page=183;item=7311.21
ne_ndot_catalog_7311.22,ne_ndot_7311.22,7311.22,"SIGN STRUCTURE FOUNDATION DESIGN, LOCATION",EACH,EACH,07,418.00,current,ne_ndot_english_standard_item_list_2010,183,stditeme06252010.pdf#page=183;item=7311.22
ne_ndot_catalog_7311.23,ne_ndot_7311.23,7311.23,"SIGN STRUCTURE FOUNDATION DESIGN, LOCATION",EACH,EACH,07,418.00,current,ne_ndot_english_standard_item_list_2010,183,stditeme06252010.pdf#page=183;item=7311.23
ne_ndot_catalog_7311.24,ne_ndot_7311.24,7311.24,"SIGN STRUCTURE FOUNDATION DESIGN, LOCATION",EACH,EACH,07,418.00,current,ne_ndot_english_standard_item_list_2010,183,stditeme06252010.pdf#page=183;item=7311.24
ne_ndot_catalog_7311.25,ne_ndot_7311.25,7311.25,"SIGN STRUCTURE FOUNDATION DESIGN, LOCATION",EACH,EACH,07,418.00,current,ne_ndot_english_standard_item_list_2010,183,stditeme06252010.pdf#page=183;item=7311.25
ne_ndot_catalog_7311.26,ne_ndot_7311.26,7311.26,"SIGN STRUCTURE FOUNDATION DESIGN, LOCATION",EACH,EACH,07,418.00,current,ne_ndot_english_standard_item_list_2010,183,stditeme06252010.pdf#page=183;item=7311.26
ne_ndot_catalog_7311.50,ne_ndot_7311.50,7311.50,FLAG POLE FOUNDATION,EACH,EACH,07,,current,ne_ndot_english_standard_item_list_2010,184,stditeme06252010.pdf#page=184;item=7311.50
ne_ndot_catalog_7311.51,ne_ndot_7311.51,7311.51,FLAG POLE BASE,EACH,EACH,07,,current,ne_ndot_english_standard_item_list_2010,184,stditeme06252010.pdf#page=184;item=7311.51
ne_ndot_catalog_7312.00,ne_ndot_7312.00,7312.00,"OVERHEAD SIGN SUPPORT, LOCATION",EACH,EACH,07,418.00,current,ne_ndot_english_standard_item_list_2010,184,stditeme06252010.pdf#page=184;item=7312.00
ne_ndot_catalog_7312.01,ne_ndot_7312.01,7312.01,"OVERHEAD SIGN SUPPORT, LOCATION",EACH,EACH,07,418.00,current,ne_ndot_english_standard_item_list_2010,184,stditeme06252010.pdf#page=184;item=7312.01
ne_ndot_catalog_7312.02,ne_ndot_7312.02,7312.02,"OVERHEAD SIGN SUPPORT, LOCATION",EACH,EACH,07,418.00,current,ne_ndot_english_standard_item_list_2010,184,stditeme06252010.pdf#page=184;item=7312.02
ne_ndot_catalog_7312.03,ne_ndot_7312.03,7312.03,"OVERHEAD SIGN SUPPORT, LOCATION",EACH,EACH,07,418.00,current,ne_ndot_english_standard_item_list_2010,184,stditeme06252010.pdf#page=184;item=7312.03
ne_ndot_catalog_7312.04,ne_ndot_7312.04,7312.04,"OVERHEAD SIGN SUPPORT, LOCATION",EACH,EACH,07,418.00,current,ne_ndot_english_standard_item_list_2010,184,stditeme06252010.pdf#page=184;item=7312.04
ne_ndot_catalog_7312.05,ne_ndot_7312.05,7312.05,"OVERHEAD SIGN SUPPORT, LOCATION",EACH,EACH,07,418.00,current,ne_ndot_english_standard_item_list_2010,184,stditeme06252010.pdf#page=184;item=7312.05
ne_ndot_catalog_7312.06,ne_ndot_7312.06,7312.06,"OVERHEAD SIGN SUPPORT, LOCATION",EACH,EACH,07,418.00,current,ne_ndot_english_standard_item_list_2010,184,stditeme06252010.pdf#page=184;item=7312.06
ne_ndot_catalog_7312.07,ne_ndot_7312.07,7312.07,"OVERHEAD SIGN SUPPORT, LOCATION",EACH,EACH,07,418.00,current,ne_ndot_english_standard_item_list_2010,184,stditeme06252010.pdf#page=184;item=7312.07
ne_ndot_catalog_7312.08,ne_ndot_7312.08,7312.08,"OVERHEAD SIGN SUPPORT, LOCATION",EACH,EACH,07,418.00,current,ne_ndot_english_standard_item_list_2010,184,stditeme06252010.pdf#page=184;item=7312.08
ne_ndot_catalog_7312.09,ne_ndot_7312.09,7312.09,"OVERHEAD SIGN SUPPORT, LOCATION",EACH,EACH,07,418.00,current,ne_ndot_english_standard_item_list_2010,184,stditeme06252010.pdf#page=184;item=7312.09
ne_ndot_catalog_7312.10,ne_ndot_7312.10,7312.10,"OVERHEAD SIGN SUPPORT, LOCATION",EACH,EACH,07,418.00,current,ne_ndot_english_standard_item_list_2010,184,stditeme06252010.pdf#page=184;item=7312.10
ne_ndot_catalog_7312.11,ne_ndot_7312.11,7312.11,"OVERHEAD SIGN SUPPORT, LOCATION",EACH,EACH,07,418.00,current,ne_ndot_english_standard_item_list_2010,184,stditeme06252010.pdf#page=184;item=7312.11
ne_ndot_catalog_7312.12,ne_ndot_7312.12,7312.12,"OVERHEAD SIGN SUPPORT, LOCATION",EACH,EACH,07,418.00,current,ne_ndot_english_standard_item_list_2010,184,stditeme06252010.pdf#page=184;item=7312.12
ne_ndot_catalog_7312.13,ne_ndot_7312.13,7312.13,"OVERHEAD SIGN SUPPORT, LOCATION",EACH,EACH,07,418.00,current,ne_ndot_english_standard_item_list_2010,184,stditeme06252010.pdf#page=184;item=7312.13
ne_ndot_catalog_7312.14,ne_ndot_7312.14,7312.14,"OVERHEAD SIGN SUPPORT, LOCATION",EACH,EACH,07,418.00,current,ne_ndot_english_standard_item_list_2010,184,stditeme06252010.pdf#page=184;item=7312.14
ne_ndot_catalog_7312.15,ne_ndot_7312.15,7312.15,"OVERHEAD SIGN SUPPORT, LOCATION",EACH,EACH,07,418.00,current,ne_ndot_english_standard_item_list_2010,184,stditeme06252010.pdf#page=184;item=7312.15
ne_ndot_catalog_7312.16,ne_ndot_7312.16,7312.16,"OVERHEAD SIGN SUPPORT, LOCATION",EACH,EACH,07,418.00,current,ne_ndot_english_standard_item_list_2010,184,stditeme06252010.pdf#page=184;item=7312.16
ne_ndot_catalog_7312.17,ne_ndot_7312.17,7312.17,"OVERHEAD SIGN SUPPORT, LOCATION",EACH,EACH,07,418.00,current,ne_ndot_english_standard_item_list_2010,185,stditeme06252010.pdf#page=185;item=7312.17
ne_ndot_catalog_7312.18,ne_ndot_7312.18,7312.18,"OVERHEAD SIGN SUPPORT, LOCATION",EACH,EACH,07,418.00,current,ne_ndot_english_standard_item_list_2010,185,stditeme06252010.pdf#page=185;item=7312.18
ne_ndot_catalog_7312.19,ne_ndot_7312.19,7312.19,"OVERHEAD SIGN SUPPORT, LOCATION",EACH,EACH,07,418.00,current,ne_ndot_english_standard_item_list_2010,185,stditeme06252010.pdf#page=185;item=7312.19
ne_ndot_catalog_7312.20,ne_ndot_7312.20,7312.20,"OVERHEAD SIGN SUPPORT, LOCATION",EACH,EACH,07,418.00,current,ne_ndot_english_standard_item_list_2010,185,stditeme06252010.pdf#page=185;item=7312.20
ne_ndot_catalog_7312.21,ne_ndot_7312.21,7312.21,"OVERHEAD SIGN SUPPORT, LOCATION",EACH,EACH,07,418.00,current,ne_ndot_english_standard_item_list_2010,185,stditeme06252010.pdf#page=185;item=7312.21
ne_ndot_catalog_7313.99,ne_ndot_7313.99,7313.99,INSTALL ILLUMINATED SIGN,EACH,EACH,07,,current,ne_ndot_english_standard_item_list_2010,185,stditeme06252010.pdf#page=185;item=7313.99
ne_ndot_catalog_7314.00,ne_ndot_7314.00,7314.00,ILLUMINATED SIGN,EACH,EACH,07,,current,ne_ndot_english_standard_item_list_2010,185,stditeme06252010.pdf#page=185;item=7314.00
ne_ndot_catalog_7314.10,ne_ndot_7314.10,7314.10,FIBER OPTIC BLANK OUT SIGN,EACH,EACH,07,,current,ne_ndot_english_standard_item_list_2010,185,stditeme06252010.pdf#page=185;item=7314.10
ne_ndot_catalog_7314.11,ne_ndot_7314.11,7314.11,LED BLANK OUT SIGN,EACH,EACH,07,,current,ne_ndot_english_standard_item_list_2010,185,stditeme06252010.pdf#page=185;item=7314.11
ne_ndot_catalog_7314.20,ne_ndot_7314.20,7314.20,LED SIGN,EACH,EACH,07,,current,ne_ndot_english_standard_item_list_2010,185,stditeme06252010.pdf#page=185;item=7314.20
ne_ndot_catalog_7315.90,ne_ndot_7315.90,7315.90,INSTALL OVERHEAD SIGNS,LUMP SUM,LS,07,,current,ne_ndot_english_standard_item_list_2010,185,stditeme06252010.pdf#page=185;item=7315.90
ne_ndot_catalog_7315.91,ne_ndot_7315.91,7315.91,INSTALL OVERHEAD SIGNS,LUMP SUM,LS,07,,current,ne_ndot_english_standard_item_list_2010,185,stditeme06252010.pdf#page=185;item=7315.91
ne_ndot_catalog_7315.92,ne_ndot_7315.92,7315.92,INSTALL OVERHEAD SIGNS,LUMP SUM,LS,07,,current,ne_ndot_english_standard_item_list_2010,185,stditeme06252010.pdf#page=185;item=7315.92
ne_ndot_catalog_7315.95,ne_ndot_7315.95,7315.95,OVERHEAD SIGNS,LUMP SUM,LS,07,,current,ne_ndot_english_standard_item_list_2010,185,stditeme06252010.pdf#page=185;item=7315.95
ne_ndot_catalog_7316.00,ne_ndot_7316.00,7316.00,SIGN,EACH,EACH,07,,current,ne_ndot_english_standard_item_list_2010,185,stditeme06252010.pdf#page=185;item=7316.00
ne_ndot_catalog_7316.01,ne_ndot_7316.01,7316.01,SIGN,EACH,EACH,07,,current,ne_ndot_english_standard_item_list_2010,185,stditeme06252010.pdf#page=185;item=7316.01
ne_ndot_catalog_7316.02,ne_ndot_7316.02,7316.02,SIGN,EACH,EACH,07,,current,ne_ndot_english_standard_item_list_2010,185,stditeme06252010.pdf#page=185;item=7316.02
ne_ndot_catalog_7316.03,ne_ndot_7316.03,7316.03,SIGN,EACH,EACH,07,,current,ne_ndot_english_standard_item_list_2010,185,stditeme06252010.pdf#page=185;item=7316.03
ne_ndot_catalog_7316.04,ne_ndot_7316.04,7316.04,SIGN,EACH,EACH,07,,current,ne_ndot_english_standard_item_list_2010,185,stditeme06252010.pdf#page=185;item=7316.04
ne_ndot_catalog_7316.05,ne_ndot_7316.05,7316.05,SIGN,EACH,EACH,07,,current,ne_ndot_english_standard_item_list_2010,186,stditeme06252010.pdf#page=186;item=7316.05
ne_ndot_catalog_7316.06,ne_ndot_7316.06,7316.06,SIGN,EACH,EACH,07,,current,ne_ndot_english_standard_item_list_2010,186,stditeme06252010.pdf#page=186;item=7316.06
ne_ndot_catalog_7316.07,ne_ndot_7316.07,7316.07,SIGN,EACH,EACH,07,,current,ne_ndot_english_standard_item_list_2010,186,stditeme06252010.pdf#page=186;item=7316.07
ne_ndot_catalog_7316.08,ne_ndot_7316.08,7316.08,SIGN,EACH,EACH,07,,current,ne_ndot_english_standard_item_list_2010,186,stditeme06252010.pdf#page=186;item=7316.08
ne_ndot_catalog_7316.09,ne_ndot_7316.09,7316.09,SIGN,EACH,EACH,07,,current,ne_ndot_english_standard_item_list_2010,186,stditeme06252010.pdf#page=186;item=7316.09
ne_ndot_catalog_7316.10,ne_ndot_7316.10,7316.10,SIGN,EACH,EACH,07,,current,ne_ndot_english_standard_item_list_2010,186,stditeme06252010.pdf#page=186;item=7316.10
ne_ndot_catalog_7316.11,ne_ndot_7316.11,7316.11,SIGN,EACH,EACH,07,,current,ne_ndot_english_standard_item_list_2010,186,stditeme06252010.pdf#page=186;item=7316.11
ne_ndot_catalog_7316.99,ne_ndot_7316.99,7316.99,"FLAT ALUMINUM SIGN,",SQ FT,SF,07,,current,ne_ndot_english_standard_item_list_2010,186,stditeme06252010.pdf#page=186;item=7316.99
ne_ndot_catalog_7317.00,ne_ndot_7317.00,7317.00,STORED MATERIAL,LUMP SUM,LS,07,,current,ne_ndot_english_standard_item_list_2010,186,stditeme06252010.pdf#page=186;item=7317.00
ne_ndot_catalog_7319.90,ne_ndot_7319.90,7319.90,INSTALL DYNAMIC MESSAGE SIGN,EACH,EACH,07,425.00,current,ne_ndot_english_standard_item_list_2010,186,stditeme06252010.pdf#page=186;item=7319.90
ne_ndot_catalog_7320.00,ne_ndot_7320.00,7320.00,INSTALL SIGN,EACH,EACH,07,,current,ne_ndot_english_standard_item_list_2010,186,stditeme06252010.pdf#page=186;item=7320.00
ne_ndot_catalog_7320.05,ne_ndot_7320.05,7320.05,INSTALL OVERHEAD SIGN,EACH,EACH,07,,current,ne_ndot_english_standard_item_list_2010,186,stditeme06252010.pdf#page=186;item=7320.05
ne_ndot_catalog_7320.07,ne_ndot_7320.07,7320.07,OVERHEAD SIGN,EACH,EACH,07,,current,ne_ndot_english_standard_item_list_2010,186,stditeme06252010.pdf#page=186;item=7320.07
ne_ndot_catalog_7320.10,ne_ndot_7320.10,7320.10,INSTALL OVERHEAD SIGN STRUCTURE,EACH,EACH,07,,current,ne_ndot_english_standard_item_list_2010,186,stditeme06252010.pdf#page=186;item=7320.10
ne_ndot_catalog_7320.15,ne_ndot_7320.15,7320.15,INSTALL TRAFFIC SIGN AND POST,EACH,EACH,07,,current,ne_ndot_english_standard_item_list_2010,186,stditeme06252010.pdf#page=186;item=7320.15
ne_ndot_catalog_7320.20,ne_ndot_7320.20,7320.20,INSTALL TRAFFIC SIGN AND POST,LUMP SUM,LS,07,,current,ne_ndot_english_standard_item_list_2010,186,stditeme06252010.pdf#page=186;item=7320.20
ne_ndot_catalog_7320.25,ne_ndot_7320.25,7320.25,TRAFFIC SIGN AND POST,LUMP SUM,LS,07,,current,ne_ndot_english_standard_item_list_2010,186,stditeme06252010.pdf#page=186;item=7320.25
ne_ndot_catalog_7320.27,ne_ndot_7320.27,7320.27,TRAFFIC SIGN AND POST,EACH,EACH,07,,current,ne_ndot_english_standard_item_list_2010,186,stditeme06252010.pdf#page=186;item=7320.27
ne_ndot_catalog_7320.30,ne_ndot_7320.30,7320.30,INSTALL SIGN AND POST,EACH,EACH,07,,current,ne_ndot_english_standard_item_list_2010,186,stditeme06252010.pdf#page=186;item=7320.30
ne_ndot_catalog_7320.40,ne_ndot_7320.40,7320.40,INSTALL STREET NAME SIGN,EACH,EACH,07,,current,ne_ndot_english_standard_item_list_2010,187,stditeme06252010.pdf#page=187;item=7320.40
ne_ndot_catalog_7320.41,ne_ndot_7320.41,7320.41,INSTALL STREET NAME SIGN,EACH,EACH,07,,current,ne_ndot_english_standard_item_list_2010,187,stditeme06252010.pdf#page=187;item=7320.41
ne_ndot_catalog_7320.50,ne_ndot_7320.50,7320.50,STREET NAME SIGN,EACH,EACH,07,,current,ne_ndot_english_standard_item_list_2010,187,stditeme06252010.pdf#page=187;item=7320.50
ne_ndot_catalog_7320.51,ne_ndot_7320.51,7320.51,STREET NAME SIGN,EACH,EACH,07,,current,ne_ndot_english_standard_item_list_2010,187,stditeme06252010.pdf#page=187;item=7320.51
ne_ndot_catalog_7320.60,ne_ndot_7320.60,7320.60,ROUTE MARKER ASSEMBLY,EACH,EACH,07,,current,ne_ndot_english_standard_item_list_2010,187,stditeme06252010.pdf#page=187;item=7320.60
ne_ndot_catalog_7320.90,ne_ndot_7320.90,7320.90,SIGN BRACKET,EACH,EACH,07,,current,ne_ndot_english_standard_item_list_2010,187,stditeme06252010.pdf#page=187;item=7320.90
ne_ndot_catalog_7320.95,ne_ndot_7320.95,7320.95,FIBER OPTIC SIGN,EACH,EACH,07,,current,ne_ndot_english_standard_item_list_2010,187,stditeme06252010.pdf#page=187;item=7320.95
ne_ndot_catalog_7320.99,ne_ndot_7320.99,7320.99,TEMPORARY ADVERTISING SIGN,EACH,EACH,07,,current,ne_ndot_english_standard_item_list_2010,187,stditeme06252010.pdf#page=187;item=7320.99
ne_ndot_catalog_7321.00,ne_ndot_7321.00,7321.00,TYPE A SIGN,SQ FT,SF,07,417.00,current,ne_ndot_english_standard_item_list_2010,187,stditeme06252010.pdf#page=187;item=7321.00
ne_ndot_catalog_7321.05,ne_ndot_7321.05,7321.05,INSTALL TYPE A SIGN,SQ FT,SF,07,417.00,current,ne_ndot_english_standard_item_list_2010,187,stditeme06252010.pdf#page=187;item=7321.05
ne_ndot_catalog_7322.00,ne_ndot_7322.00,7322.00,TYPE B SIGN,SQ FT,SF,07,417.00,current,ne_ndot_english_standard_item_list_2010,187,stditeme06252010.pdf#page=187;item=7322.00
ne_ndot_catalog_7322.05,ne_ndot_7322.05,7322.05,INSTALL TYPE B SIGN,SQ FT,SF,07,417.00,current,ne_ndot_english_standard_item_list_2010,187,stditeme06252010.pdf#page=187;item=7322.05
ne_ndot_catalog_7323.00,ne_ndot_7323.00,7323.00,TYPE C SIGN,SQ FT,SF,07,,current,ne_ndot_english_standard_item_list_2010,187,stditeme06252010.pdf#page=187;item=7323.00
ne_ndot_catalog_7323.05,ne_ndot_7323.05,7323.05,INSTALL TYPE C SIGN,SQ FT,SF,07,,current,ne_ndot_english_standard_item_list_2010,187,stditeme06252010.pdf#page=187;item=7323.05
ne_ndot_catalog_7327.00,ne_ndot_7327.00,7327.00,FURNISH AND INSTALL,EACH,EACH,07,,current,ne_ndot_english_standard_item_list_2010,187,stditeme06252010.pdf#page=187;item=7327.00
ne_ndot_catalog_7327.01,ne_ndot_7327.01,7327.01,FURNISH AND INSTALL,EACH,EACH,07,,current,ne_ndot_english_standard_item_list_2010,187,stditeme06252010.pdf#page=187;item=7327.01
ne_ndot_catalog_7327.02,ne_ndot_7327.02,7327.02,FURNISH AND INSTALL,EACH,EACH,07,,current,ne_ndot_english_standard_item_list_2010,187,stditeme06252010.pdf#page=187;item=7327.02
ne_ndot_catalog_7327.03,ne_ndot_7327.03,7327.03,FURNISH AND INSTALL,EACH,EACH,07,,current,ne_ndot_english_standard_item_list_2010,187,stditeme06252010.pdf#page=187;item=7327.03
ne_ndot_catalog_7327.04,ne_ndot_7327.04,7327.04,FURNISH AND INSTALL,EACH,EACH,07,,current,ne_ndot_english_standard_item_list_2010,187,stditeme06252010.pdf#page=187;item=7327.04
ne_ndot_catalog_7327.05,ne_ndot_7327.05,7327.05,FURNISH AND INSTALL,EACH,EACH,07,,current,ne_ndot_english_standard_item_list_2010,188,stditeme06252010.pdf#page=188;item=7327.05
ne_ndot_catalog_7327.06,ne_ndot_7327.06,7327.06,FURNISH AND INSTALL,EACH,EACH,07,,current,ne_ndot_english_standard_item_list_2010,188,stditeme06252010.pdf#page=188;item=7327.06
ne_ndot_catalog_7330.00,ne_ndot_7330.00,7330.00,ACCESSIBLE PARKING SIGN,EACH,EACH,07,,current,ne_ndot_english_standard_item_list_2010,188,stditeme06252010.pdf#page=188;item=7330.00
ne_ndot_catalog_7333.00,ne_ndot_7333.00,7333.00,SIGN POST,EACH,EACH,07,,current,ne_ndot_english_standard_item_list_2010,188,stditeme06252010.pdf#page=188;item=7333.00
ne_ndot_catalog_7333.01,ne_ndot_7333.01,7333.01,SIGN POST,EACH,EACH,07,,current,ne_ndot_english_standard_item_list_2010,188,stditeme06252010.pdf#page=188;item=7333.01
ne_ndot_catalog_7334.04,ne_ndot_7334.04,7334.04,"4"" X 4"" WOOD SIGN SUPPORT",LIN FT,LF,07,417.00,current,ne_ndot_english_standard_item_list_2010,188,stditeme06252010.pdf#page=188;item=7334.04
ne_ndot_catalog_7336.04,ne_ndot_7336.04,7336.04,"4"" X 6"" WOOD SIGN SUPPORT",LIN FT,LF,07,417.00,current,ne_ndot_english_standard_item_list_2010,188,stditeme06252010.pdf#page=188;item=7336.04
ne_ndot_catalog_7340.00,ne_ndot_7340.00,7340.00,STRUCTURAL STEEL FOR SIGN SUPPORTS,POUND,LB,07,417.00,current,ne_ndot_english_standard_item_list_2010,188,stditeme06252010.pdf#page=188;item=7340.00
ne_ndot_catalog_7360.12,ne_ndot_7360.12,7360.12,"12"" SIGN SUPPORT FOOTING",EACH,EACH,07,417.00,current,ne_ndot_english_standard_item_list_2010,188,stditeme06252010.pdf#page=188;item=7360.12
ne_ndot_catalog_7360.18,ne_ndot_7360.18,7360.18,"18"" SIGN SUPPORT FOOTING",EACH,EACH,07,417.00,current,ne_ndot_english_standard_item_list_2010,188,stditeme06252010.pdf#page=188;item=7360.18
ne_ndot_catalog_7360.24,ne_ndot_7360.24,7360.24,"24"" SIGN SUPPORT FOOTING",EACH,EACH,07,417.00,current,ne_ndot_english_standard_item_list_2010,188,stditeme06252010.pdf#page=188;item=7360.24
ne_ndot_catalog_7360.30,ne_ndot_7360.30,7360.30,"30"" SIGN SUPPORT FOOTING",EACH,EACH,07,417.00,current,ne_ndot_english_standard_item_list_2010,188,stditeme06252010.pdf#page=188;item=7360.30
ne_ndot_catalog_7360.36,ne_ndot_7360.36,7360.36,"36"" SIGN SUPPORT FOOTING",EACH,EACH,07,417.00,current,ne_ndot_english_standard_item_list_2010,188,stditeme06252010.pdf#page=188;item=7360.36
ne_ndot_catalog_7370.00,ne_ndot_7370.00,7370.00,FOOTING REMOVAL,EACH,EACH,07,,current,ne_ndot_english_standard_item_list_2010,188,stditeme06252010.pdf#page=188;item=7370.00
ne_ndot_catalog_7380.00,ne_ndot_7380.00,7380.00,SIGNING FOR BIKE PATH,LUMP SUM,LS,07,,current,ne_ndot_english_standard_item_list_2010,188,stditeme06252010.pdf#page=188;item=7380.00
ne_ndot_catalog_7380.01,ne_ndot_7380.01,7380.01,SIGNING FOR TRAIL,LUMP SUM,LS,07,,current,ne_ndot_english_standard_item_list_2010,188,stditeme06252010.pdf#page=188;item=7380.01
ne_ndot_catalog_7380.02,ne_ndot_7380.02,7380.02,TRAIL MILEAGE MARKER,EACH,EACH,07,,current,ne_ndot_english_standard_item_list_2010,188,stditeme06252010.pdf#page=188;item=7380.02
ne_ndot_catalog_7380.10,ne_ndot_7380.10,7380.10,BARRIER POST,EACH,EACH,07,,current,ne_ndot_english_standard_item_list_2010,188,stditeme06252010.pdf#page=188;item=7380.10
ne_ndot_catalog_7380.12,ne_ndot_7380.12,7380.12,BIKEPATH BARRIER ASSEMBLY,EACH,EACH,07,,current,ne_ndot_english_standard_item_list_2010,188,stditeme06252010.pdf#page=188;item=7380.12
ne_ndot_catalog_7380.19,ne_ndot_7380.19,7380.19,BOLLARD GATE,EACH,EACH,07,,current,ne_ndot_english_standard_item_list_2010,189,stditeme06252010.pdf#page=189;item=7380.19
ne_ndot_catalog_7380.20,ne_ndot_7380.20,7380.20,REMOVABLE BOLLARD,EACH,EACH,07,,current,ne_ndot_english_standard_item_list_2010,189,stditeme06252010.pdf#page=189;item=7380.20
ne_ndot_catalog_7380.22,ne_ndot_7380.22,7380.22,COLLAPSIBLE BOLLARD,EACH,EACH,07,,current,ne_ndot_english_standard_item_list_2010,189,stditeme06252010.pdf#page=189;item=7380.22
ne_ndot_catalog_7380.25,ne_ndot_7380.25,7380.25,BOLLARD,EACH,EACH,07,,current,ne_ndot_english_standard_item_list_2010,189,stditeme06252010.pdf#page=189;item=7380.25
ne_ndot_catalog_7390.00,ne_ndot_7390.00,7390.00,REMOVE SIGN AND POST,EACH,EACH,07,203.00,current,ne_ndot_english_standard_item_list_2010,189,stditeme06252010.pdf#page=189;item=7390.00
ne_ndot_catalog_7390.01,ne_ndot_7390.01,7390.01,REPLACE POST,EACH,EACH,07,,current,ne_ndot_english_standard_item_list_2010,189,stditeme06252010.pdf#page=189;item=7390.01
ne_ndot_catalog_7390.02,ne_ndot_7390.02,7390.02,RELOCATE SIGN,EACH,EACH,07,,current,ne_ndot_english_standard_item_list_2010,189,stditeme06252010.pdf#page=189;item=7390.02
ne_ndot_catalog_7390.10,ne_ndot_7390.10,7390.10,"REMOVE SIGN, POST, AND FOOTING",EACH,EACH,07,203.00,current,ne_ndot_english_standard_item_list_2010,189,stditeme06252010.pdf#page=189;item=7390.10
ne_ndot_catalog_7390.20,ne_ndot_7390.20,7390.20,REVISION,LUMP SUM,LS,07,,current,ne_ndot_english_standard_item_list_2010,189,stditeme06252010.pdf#page=189;item=7390.20
ne_ndot_catalog_7488.04,ne_ndot_7488.04,7488.04,"4"" WHITE WET REFLECTIVE THERMOPLASTIC PAVEMENT MARKING, GROOVED",LIN FT,LF,07,,current,ne_ndot_english_standard_item_list_2010,189,stditeme06252010.pdf#page=189;item=7488.04
ne_ndot_catalog_7488.05,ne_ndot_7488.05,7488.05,"4"" YELLOW WET REFLECTIVE THERMOPLASTIC PAVEMENT MARKING, GROOVED",LIN FT,LF,07,,current,ne_ndot_english_standard_item_list_2010,189,stditeme06252010.pdf#page=189;item=7488.05
ne_ndot_catalog_7489.04,ne_ndot_7489.04,7489.04,"4"" WHITE THERMOPLASTIC, GROOVED",LIN FT,LF,07,,current,ne_ndot_english_standard_item_list_2010,189,stditeme06252010.pdf#page=189;item=7489.04
ne_ndot_catalog_7489.05,ne_ndot_7489.05,7489.05,"4"" YELLOW THERMOPLASTIC, GROOVED",LIN FT,LF,07,,current,ne_ndot_english_standard_item_list_2010,189,stditeme06252010.pdf#page=189;item=7489.05
ne_ndot_catalog_7489.06,ne_ndot_7489.06,7489.06,"5"" WHITE THERMOPLASTIC, GROOVED",LIN FT,LF,07,,current,ne_ndot_english_standard_item_list_2010,189,stditeme06252010.pdf#page=189;item=7489.06
ne_ndot_catalog_7489.07,ne_ndot_7489.07,7489.07,"5"" YELLOW THERMOPLASTIC, GROOVED",LIN FT,LF,07,,current,ne_ndot_english_standard_item_list_2010,189,stditeme06252010.pdf#page=189;item=7489.07
ne_ndot_catalog_7489.08,ne_ndot_7489.08,7489.08,"8"" WHITE THERMOPLASTIC, GROOVED",LIN FT,LF,07,,current,ne_ndot_english_standard_item_list_2010,189,stditeme06252010.pdf#page=189;item=7489.08
ne_ndot_catalog_7489.09,ne_ndot_7489.09,7489.09,"8"" YELLOW THERMOPLASTIC, GROOVED",LIN FT,LF,07,,current,ne_ndot_english_standard_item_list_2010,189,stditeme06252010.pdf#page=189;item=7489.09
ne_ndot_catalog_7489.12,ne_ndot_7489.12,7489.12,"12"" WHITE THERMOPLASTIC, GROOVED",LIN FT,LF,07,,current,ne_ndot_english_standard_item_list_2010,189,stditeme06252010.pdf#page=189;item=7489.12
ne_ndot_catalog_7489.13,ne_ndot_7489.13,7489.13,"12"" YELLOW THERMOPLASTIC, GROOVED",LIN FT,LF,07,,current,ne_ndot_english_standard_item_list_2010,189,stditeme06252010.pdf#page=189;item=7489.13
ne_ndot_catalog_7489.15,ne_ndot_7489.15,7489.15,"16"" WHITE THERMOPLASTIC, GROOVED",LIN FT,LF,07,,current,ne_ndot_english_standard_item_list_2010,190,stditeme06252010.pdf#page=190;item=7489.15
ne_ndot_catalog_7489.24,ne_ndot_7489.24,7489.24,"24"" WHITE THERMOPLASTIC, GROOVED",LIN FT,LF,07,,current,ne_ndot_english_standard_item_list_2010,190,stditeme06252010.pdf#page=190;item=7489.24
ne_ndot_catalog_7489.25,ne_ndot_7489.25,7489.25,"ARROW, THERMOPLASTIC, GROOVED",EACH,EACH,07,,current,ne_ndot_english_standard_item_list_2010,190,stditeme06252010.pdf#page=190;item=7489.25
ne_ndot_catalog_7489.26,ne_ndot_7489.26,7489.26,"ONLY, THERMOPLASTIC, GROOVED",EACH,EACH,07,,current,ne_ndot_english_standard_item_list_2010,190,stditeme06252010.pdf#page=190;item=7489.26
ne_ndot_catalog_7490.03,ne_ndot_7490.03,7490.03,"4"" YELLOW THERMOPLASTIC",LIN FT,LF,07,423.00,current,ne_ndot_english_standard_item_list_2010,190,stditeme06252010.pdf#page=190;item=7490.03
ne_ndot_catalog_7490.04,ne_ndot_7490.04,7490.04,"4"" WHITE THERMOPLASTIC",LIN FT,LF,07,423.00,current,ne_ndot_english_standard_item_list_2010,190,stditeme06252010.pdf#page=190;item=7490.04
ne_ndot_catalog_7490.05,ne_ndot_7490.05,7490.05,"5"" WHITE THERMOPLASTIC",LIN FT,LF,07,423.00,current,ne_ndot_english_standard_item_list_2010,190,stditeme06252010.pdf#page=190;item=7490.05
ne_ndot_catalog_7490.06,ne_ndot_7490.06,7490.06,"5"" YELLOW THERMOPLASTIC",LIN FT,LF,07,423.00,current,ne_ndot_english_standard_item_list_2010,190,stditeme06252010.pdf#page=190;item=7490.06
ne_ndot_catalog_7490.08,ne_ndot_7490.08,7490.08,"8"" WHITE THERMOPLASTIC",LIN FT,LF,07,423.00,current,ne_ndot_english_standard_item_list_2010,190,stditeme06252010.pdf#page=190;item=7490.08
ne_ndot_catalog_7490.12,ne_ndot_7490.12,7490.12,"12"" WHITE THERMOPLASTIC",LIN FT,LF,07,423.00,current,ne_ndot_english_standard_item_list_2010,190,stditeme06252010.pdf#page=190;item=7490.12
ne_ndot_catalog_7490.13,ne_ndot_7490.13,7490.13,"12"" YELLOW THERMOPLASTIC",LIN FT,LF,07,423.00,current,ne_ndot_english_standard_item_list_2010,190,stditeme06252010.pdf#page=190;item=7490.13
ne_ndot_catalog_7490.24,ne_ndot_7490.24,7490.24,"24"" WHITE THERMOPLASTIC",LIN FT,LF,07,423.00,current,ne_ndot_english_standard_item_list_2010,190,stditeme06252010.pdf#page=190;item=7490.24
ne_ndot_catalog_7490.50,ne_ndot_7490.50,7490.50,"5"" WHITE WET REFLECTIVE PREFORMED PAVEMENT MARKING, TYPE 4 INLAID",LIN FT,LF,07,423.00,current,ne_ndot_english_standard_item_list_2010,190,stditeme06252010.pdf#page=190;item=7490.50
ne_ndot_catalog_7490.51,ne_ndot_7490.51,7490.51,"5"" YELLOW WET REFLECTIVE PREFORMED PAVEMENT MARKING, TYPE 4 INLAID",LIN FT,LF,07,423.00,current,ne_ndot_english_standard_item_list_2010,190,stditeme06252010.pdf#page=190;item=7490.51
ne_ndot_catalog_7490.55,ne_ndot_7490.55,7490.55,"ARROW, WET REFLECTIVE PREFORMED PAVEMENT MARKING, TYPE 4 INLAID",EACH,EACH,07,423.00,current,ne_ndot_english_standard_item_list_2010,190,stditeme06252010.pdf#page=190;item=7490.55
ne_ndot_catalog_7490.58,ne_ndot_7490.58,7490.58,"ONLY, WET REFLECTIVE PREFORMED PAVEMENT MARKING, TYPE 4 INLAID",EACH,EACH,07,423.00,current,ne_ndot_english_standard_item_list_2010,190,stditeme06252010.pdf#page=190;item=7490.58
ne_ndot_catalog_7491.00,ne_ndot_7491.00,7491.00,"THERMOPLASTIC, TYPE SPRAY",LIN FT,LF,07,423.00,current,ne_ndot_english_standard_item_list_2010,190,stditeme06252010.pdf#page=190;item=7491.00
ne_ndot_catalog_7491.04,ne_ndot_7491.04,7491.04,"4"" WHITE THERMOPLASTIC, TYPE SPRAY",LIN FT,LF,07,423.00,current,ne_ndot_english_standard_item_list_2010,190,stditeme06252010.pdf#page=190;item=7491.04
ne_ndot_catalog_7491.05,ne_ndot_7491.05,7491.05,"4"" YELLOW THERMOPLASTIC, TYPE SPRAY",LIN FT,LF,07,423.00,current,ne_ndot_english_standard_item_list_2010,190,stditeme06252010.pdf#page=190;item=7491.05
ne_ndot_catalog_7491.06,ne_ndot_7491.06,7491.06,"5"" YELLOW THERMOPLASTIC, TYPE SPRAY",LIN FT,LF,07,423.00,current,ne_ndot_english_standard_item_list_2010,191,stditeme06252010.pdf#page=191;item=7491.06
ne_ndot_catalog_7491.07,ne_ndot_7491.07,7491.07,"5"" WHITE THERMOPLASTIC, TYPE SPRAY",LIN FT,LF,07,423.00,current,ne_ndot_english_standard_item_list_2010,191,stditeme06252010.pdf#page=191;item=7491.07
ne_ndot_catalog_7491.12,ne_ndot_7491.12,7491.12,"12"" WHITE THERMOPLASTIC, TYPE SPRAY",LIN FT,LF,07,423.00,current,ne_ndot_english_standard_item_list_2010,191,stditeme06252010.pdf#page=191;item=7491.12
ne_ndot_catalog_7491.13,ne_ndot_7491.13,7491.13,"12"" YELLOW THERMOPLASTIC, TYPE SPRAY",LIN FT,LF,07,423.00,current,ne_ndot_english_standard_item_list_2010,191,stditeme06252010.pdf#page=191;item=7491.13
ne_ndot_catalog_7491.24,ne_ndot_7491.24,7491.24,"4"" WHITE THERMOPLASTIC, TYPE SPRAY GROOVED",LIN FT,LF,07,,current,ne_ndot_english_standard_item_list_2010,191,stditeme06252010.pdf#page=191;item=7491.24
ne_ndot_catalog_7491.25,ne_ndot_7491.25,7491.25,"4"" YELLOW THERMOPLASTIC, TYPE SPRAY GROOVED",LIN FT,LF,07,,current,ne_ndot_english_standard_item_list_2010,191,stditeme06252010.pdf#page=191;item=7491.25
ne_ndot_catalog_7492.04,ne_ndot_7492.04,7492.04,"4"" WHITE THERMOPLASTIC, TYPE C",LIN FT,LF,07,423.00,current,ne_ndot_english_standard_item_list_2010,191,stditeme06252010.pdf#page=191;item=7492.04
ne_ndot_catalog_7492.05,ne_ndot_7492.05,7492.05,"4"" YELLOW THERMOPLASTIC, TYPE C",LIN FT,LF,07,423.00,current,ne_ndot_english_standard_item_list_2010,191,stditeme06252010.pdf#page=191;item=7492.05
ne_ndot_catalog_7492.12,ne_ndot_7492.12,7492.12,"12"" YELLOW THERMOPLASTIC, TYPE C",LIN FT,LF,07,423.00,current,ne_ndot_english_standard_item_list_2010,191,stditeme06252010.pdf#page=191;item=7492.12
ne_ndot_catalog_7492.13,ne_ndot_7492.13,7492.13,"4"" WHITE DURABLE LIQUID PAVEMENT MARKING, GROOVED",LIN FT,LF,07,,current,ne_ndot_english_standard_item_list_2010,191,stditeme06252010.pdf#page=191;item=7492.13
ne_ndot_catalog_7492.14,ne_ndot_7492.14,7492.14,"4"" WHITE DURABLE LIQUID PAVEMENT MARKING",LIN FT,LF,07,,current,ne_ndot_english_standard_item_list_2010,191,stditeme06252010.pdf#page=191;item=7492.14
ne_ndot_catalog_7492.15,ne_ndot_7492.15,7492.15,"5"" WHITE DURABLE LIQUID PAVEMENT MARKING, GROOVED",LIN FT,LF,07,,current,ne_ndot_english_standard_item_list_2010,191,stditeme06252010.pdf#page=191;item=7492.15
ne_ndot_catalog_7492.23,ne_ndot_7492.23,7492.23,"4"" YELLOW DURABLE LIQUID PAVEMENT MARKING, GROOVED",LIN FT,LF,07,,current,ne_ndot_english_standard_item_list_2010,191,stditeme06252010.pdf#page=191;item=7492.23
ne_ndot_catalog_7492.24,ne_ndot_7492.24,7492.24,"4"" YELLOW DURABLE LIQUID PAVEMENT MARKING",LIN FT,LF,07,,current,ne_ndot_english_standard_item_list_2010,191,stditeme06252010.pdf#page=191;item=7492.24
ne_ndot_catalog_7492.25,ne_ndot_7492.25,7492.25,"5"" YELLOW DURABLE LIQUID PAVEMENT MARKING, GROOVED",LIN FT,LF,07,,current,ne_ndot_english_standard_item_list_2010,191,stditeme06252010.pdf#page=191;item=7492.25
ne_ndot_catalog_7492.32,ne_ndot_7492.32,7492.32,"12"" YELLOW DURABLE LIQUID PAVEMENT MARKING, GROOVED",LIN FT,LF,07,,current,ne_ndot_english_standard_item_list_2010,191,stditeme06252010.pdf#page=191;item=7492.32
ne_ndot_catalog_7492.42,ne_ndot_7492.42,7492.42,"12"" YELLOW DURABLE LIQUID PAVEMENT MARKING",LIN FT,LF,07,,current,ne_ndot_english_standard_item_list_2010,191,stditeme06252010.pdf#page=191;item=7492.42
ne_ndot_catalog_7493.04,ne_ndot_7493.04,7493.04,"4"" WHITE THERMOPLASTIC PAINT",LIN FT,LF,07,,current,ne_ndot_english_standard_item_list_2010,191,stditeme06252010.pdf#page=191;item=7493.04
ne_ndot_catalog_7493.05,ne_ndot_7493.05,7493.05,"4"" YELLOW THERMOPLASTIC PAINT",LIN FT,LF,07,,current,ne_ndot_english_standard_item_list_2010,191,stditeme06252010.pdf#page=191;item=7493.05
ne_ndot_catalog_7493.12,ne_ndot_7493.12,7493.12,"12"" WHITE THERMOPLASTIC PAINT",LIN FT,LF,07,,current,ne_ndot_english_standard_item_list_2010,192,stditeme06252010.pdf#page=192;item=7493.12
ne_ndot_catalog_7493.13,ne_ndot_7493.13,7493.13,"12"" YELLOW THERMOPLASTIC PAINT",LIN FT,LF,07,,current,ne_ndot_english_standard_item_list_2010,192,stditeme06252010.pdf#page=192;item=7493.13
ne_ndot_catalog_7494.04,ne_ndot_7494.04,7494.04,"4"" THERMOPLASTIC PAINT",LIN FT,LF,07,,current,ne_ndot_english_standard_item_list_2010,192,stditeme06252010.pdf#page=192;item=7494.04
ne_ndot_catalog_7495.04,ne_ndot_7495.04,7495.04,"4"" WHITE PERMANENT PAVEMENT MARKING PAINT",LIN FT,LF,07,,current,ne_ndot_english_standard_item_list_2010,192,stditeme06252010.pdf#page=192;item=7495.04
ne_ndot_catalog_7495.05,ne_ndot_7495.05,7495.05,"4"" YELLOW PERMANENT PAVEMENT MARKING PAINT",LIN FT,LF,07,,current,ne_ndot_english_standard_item_list_2010,192,stditeme06252010.pdf#page=192;item=7495.05
ne_ndot_catalog_7495.12,ne_ndot_7495.12,7495.12,"12"" WHITE PERMANENT PAVEMENT MARKING PAINT",LIN FT,LF,07,,current,ne_ndot_english_standard_item_list_2010,192,stditeme06252010.pdf#page=192;item=7495.12
ne_ndot_catalog_7495.24,ne_ndot_7495.24,7495.24,"24"" WHITE PERMANENT PAVEMENT MARKING PAINT",LIN FT,LF,07,,current,ne_ndot_english_standard_item_list_2010,192,stditeme06252010.pdf#page=192;item=7495.24
ne_ndot_catalog_7495.55,ne_ndot_7495.55,7495.55,"5"" WHITE PERMANENT PAVEMENT MARKING PAINT",LIN FT,LF,07,,current,ne_ndot_english_standard_item_list_2010,192,stditeme06252010.pdf#page=192;item=7495.55
ne_ndot_catalog_7496.05,ne_ndot_7496.05,7496.05,"5"" YELLOW PERMANENT PAVEMENT MARKING PAINT",LIN FT,LF,07,,current,ne_ndot_english_standard_item_list_2010,192,stditeme06252010.pdf#page=192;item=7496.05
ne_ndot_catalog_7500.03,ne_ndot_7500.03,7500.03,"4"" YELLOW LINE",LIN FT,LF,07,,current,ne_ndot_english_standard_item_list_2010,192,stditeme06252010.pdf#page=192;item=7500.03
ne_ndot_catalog_7500.04,ne_ndot_7500.04,7500.04,"4"" WHITE LINE",LIN FT,LF,07,,current,ne_ndot_english_standard_item_list_2010,192,stditeme06252010.pdf#page=192;item=7500.04
ne_ndot_catalog_7500.05,ne_ndot_7500.05,7500.05,"4"" LINE, TYPE 2",LIN FT,LF,07,,current,ne_ndot_english_standard_item_list_2010,192,stditeme06252010.pdf#page=192;item=7500.05
ne_ndot_catalog_7500.06,ne_ndot_7500.06,7500.06,"6"" WHITE LINE",LIN FT,LF,07,,current,ne_ndot_english_standard_item_list_2010,192,stditeme06252010.pdf#page=192;item=7500.06
ne_ndot_catalog_7500.08,ne_ndot_7500.08,7500.08,"8"" YELLOW LINE",LIN FT,LF,07,,current,ne_ndot_english_standard_item_list_2010,192,stditeme06252010.pdf#page=192;item=7500.08
ne_ndot_catalog_7500.09,ne_ndot_7500.09,7500.09,"8"" WHITE LINE",LIN FT,LF,07,,current,ne_ndot_english_standard_item_list_2010,192,stditeme06252010.pdf#page=192;item=7500.09
ne_ndot_catalog_7500.10,ne_ndot_7500.10,7500.10,CENTERLINE,MILE,MILE,07,,current,ne_ndot_english_standard_item_list_2010,192,stditeme06252010.pdf#page=192;item=7500.10
ne_ndot_catalog_7500.12,ne_ndot_7500.12,7500.12,"12"" WHITE LINE",LIN FT,LF,07,,current,ne_ndot_english_standard_item_list_2010,192,stditeme06252010.pdf#page=192;item=7500.12
ne_ndot_catalog_7500.13,ne_ndot_7500.13,7500.13,"12"" YELLOW LINE",LIN FT,LF,07,,current,ne_ndot_english_standard_item_list_2010,192,stditeme06252010.pdf#page=192;item=7500.13
ne_ndot_catalog_7500.14,ne_ndot_7500.14,7500.14,"12"" LINE, TYPE 2",LIN FT,LF,07,,current,ne_ndot_english_standard_item_list_2010,192,stditeme06252010.pdf#page=192;item=7500.14
ne_ndot_catalog_7500.16,ne_ndot_7500.16,7500.16,"16"" WHITE LINE",LIN FT,LF,07,,current,ne_ndot_english_standard_item_list_2010,193,stditeme06252010.pdf#page=193;item=7500.16
ne_ndot_catalog_7500.18,ne_ndot_7500.18,7500.18,"THRU ARROW, PREFORMED PAVEMENT MARKING, TYPE 4, GROOVED",EACH,EACH,07,,current,ne_ndot_english_standard_item_list_2010,193,stditeme06252010.pdf#page=193;item=7500.18
ne_ndot_catalog_7500.19,ne_ndot_7500.19,7500.19,"THRU ARROW, PREFORMED PAVEMENT MARKING, TYPE 4",EACH,EACH,07,423.00,current,ne_ndot_english_standard_item_list_2010,193,stditeme06252010.pdf#page=193;item=7500.19
ne_ndot_catalog_7500.20,ne_ndot_7500.20,7500.20,EDGE LINE,MILE,MILE,07,,current,ne_ndot_english_standard_item_list_2010,193,stditeme06252010.pdf#page=193;item=7500.20
ne_ndot_catalog_7500.21,ne_ndot_7500.21,7500.21,"RIGHT/THRU ARROW, PREFORMED PAVEMENT MARKING, TYPE 4",EACH,EACH,07,423.00,current,ne_ndot_english_standard_item_list_2010,193,stditeme06252010.pdf#page=193;item=7500.21
ne_ndot_catalog_7500.22,ne_ndot_7500.22,7500.22,"RIGHT ARROW, PREFORMED PAVEMENT MARKING, TYPE 3",EACH,EACH,07,423.00,current,ne_ndot_english_standard_item_list_2010,193,stditeme06252010.pdf#page=193;item=7500.22
ne_ndot_catalog_7500.23,ne_ndot_7500.23,7500.23,"LEFT ARROW, PREFORMED PAVEMENT MARKING, TYPE 3",EACH,EACH,07,423.00,current,ne_ndot_english_standard_item_list_2010,193,stditeme06252010.pdf#page=193;item=7500.23
ne_ndot_catalog_7500.24,ne_ndot_7500.24,7500.24,"24"" WHITE LINE",LIN FT,LF,07,,current,ne_ndot_english_standard_item_list_2010,193,stditeme06252010.pdf#page=193;item=7500.24
ne_ndot_catalog_7500.25,ne_ndot_7500.25,7500.25,"LEFT/THRU ARROW, PREFORMED PAVEMENT MARKING, TYPE 4",EACH,EACH,07,423.00,current,ne_ndot_english_standard_item_list_2010,193,stditeme06252010.pdf#page=193;item=7500.25
ne_ndot_catalog_7500.26,ne_ndot_7500.26,7500.26,"LEFT ARROW, PREFORMED PAVEMENT MARKING, TYPE 4",EACH,EACH,07,423.00,current,ne_ndot_english_standard_item_list_2010,193,stditeme06252010.pdf#page=193;item=7500.26
ne_ndot_catalog_7500.27,ne_ndot_7500.27,7500.27,"WRONG WAY ARROW, PREFORMED PAVEMENT MARKING, TYPE 4",EACH,EACH,07,423.00,current,ne_ndot_english_standard_item_list_2010,193,stditeme06252010.pdf#page=193;item=7500.27
ne_ndot_catalog_7500.28,ne_ndot_7500.28,7500.28,"ARROW, PREFORMED PAVEMENT MARKING, TYPE 1",EACH,EACH,07,423.00,current,ne_ndot_english_standard_item_list_2010,193,stditeme06252010.pdf#page=193;item=7500.28
ne_ndot_catalog_7500.29,ne_ndot_7500.29,7500.29,STOP LINE,LIN FT,LF,07,,current,ne_ndot_english_standard_item_list_2010,193,stditeme06252010.pdf#page=193;item=7500.29
ne_ndot_catalog_7500.30,ne_ndot_7500.30,7500.30,STOP LINE,EACH,EACH,07,,current,ne_ndot_english_standard_item_list_2010,193,stditeme06252010.pdf#page=193;item=7500.30
ne_ndot_catalog_7500.31,ne_ndot_7500.31,7500.31,"ARROW, PREFORMED PAVEMENT MARKING, TYPE 3",EACH,EACH,07,423.00,current,ne_ndot_english_standard_item_list_2010,193,stditeme06252010.pdf#page=193;item=7500.31
ne_ndot_catalog_7500.32,ne_ndot_7500.32,7500.32,"ARROW, PREFORMED PAVEMENT MARKING, TYPE 4",EACH,EACH,07,423.00,current,ne_ndot_english_standard_item_list_2010,193,stditeme06252010.pdf#page=193;item=7500.32
ne_ndot_catalog_7500.33,ne_ndot_7500.33,7500.33,ARROW,EACH,EACH,07,423.00,current,ne_ndot_english_standard_item_list_2010,193,stditeme06252010.pdf#page=193;item=7500.33
ne_ndot_catalog_7500.34,ne_ndot_7500.34,7500.34,ARROW,EACH,EACH,07,423.00,current,ne_ndot_english_standard_item_list_2010,193,stditeme06252010.pdf#page=193;item=7500.34
ne_ndot_catalog_7500.35,ne_ndot_7500.35,7500.35,ARROW,EACH,EACH,07,423.00,current,ne_ndot_english_standard_item_list_2010,193,stditeme06252010.pdf#page=193;item=7500.35
ne_ndot_catalog_7500.36,ne_ndot_7500.36,7500.36,ARROW,EACH,EACH,07,423.00,current,ne_ndot_english_standard_item_list_2010,194,stditeme06252010.pdf#page=194;item=7500.36
ne_ndot_catalog_7500.37,ne_ndot_7500.37,7500.37,ONLY,EACH,EACH,07,423.00,current,ne_ndot_english_standard_item_list_2010,194,stditeme06252010.pdf#page=194;item=7500.37
ne_ndot_catalog_7500.38,ne_ndot_7500.38,7500.38,"ONLY, PREFORMED PAVEMENT MARKING, TYPE 4",EACH,EACH,07,423.00,current,ne_ndot_english_standard_item_list_2010,194,stditeme06252010.pdf#page=194;item=7500.38
ne_ndot_catalog_7500.39,ne_ndot_7500.39,7500.39,"ONLY, PREFORMED PAVEMENT MARKING, TYPE-3",EACH,EACH,07,423.00,current,ne_ndot_english_standard_item_list_2010,194,stditeme06252010.pdf#page=194;item=7500.39
ne_ndot_catalog_7500.40,ne_ndot_7500.40,7500.40,HANDICAPPED SYMBOL,EACH,EACH,07,423.00,current,ne_ndot_english_standard_item_list_2010,194,stditeme06252010.pdf#page=194;item=7500.40
ne_ndot_catalog_7500.41,ne_ndot_7500.41,7500.41,"ONLY, PREFORMED PAVEMENT MARKING, TYPE 4, GROOVED",EACH,EACH,07,423.00,current,ne_ndot_english_standard_item_list_2010,194,stditeme06252010.pdf#page=194;item=7500.41
ne_ndot_catalog_7500.42,ne_ndot_7500.42,7500.42,"HANDICAPPED SYMBOL PREFORMED PAVEMENT MARKING, TYPE 4",EACH,EACH,07,423.00,current,ne_ndot_english_standard_item_list_2010,194,stditeme06252010.pdf#page=194;item=7500.42
ne_ndot_catalog_7500.43,ne_ndot_7500.43,7500.43,"ARROW, PREFORMED PAVEMENT MARKING, TYPE 4 GROOVED",EACH,EACH,07,423.00,current,ne_ndot_english_standard_item_list_2010,194,stditeme06252010.pdf#page=194;item=7500.43
ne_ndot_catalog_7500.44,ne_ndot_7500.44,7500.44,"LEFT ARROW, PREFORMED PAVEMENT MARKING, TYPE 4 GROOVED",EACH,EACH,07,423.00,current,ne_ndot_english_standard_item_list_2010,194,stditeme06252010.pdf#page=194;item=7500.44
ne_ndot_catalog_7500.45,ne_ndot_7500.45,7500.45,RAILROAD CROSSING SYMBOL,EACH,EACH,07,,current,ne_ndot_english_standard_item_list_2010,194,stditeme06252010.pdf#page=194;item=7500.45
ne_ndot_catalog_7500.46,ne_ndot_7500.46,7500.46,"STOP AHEAD SYMBOL, PREFORMED PAVEMENT MARKING, TYPE 4",EACH,EACH,07,423.00,current,ne_ndot_english_standard_item_list_2010,194,stditeme06252010.pdf#page=194;item=7500.46
ne_ndot_catalog_7500.47,ne_ndot_7500.47,7500.47,STOP AHEAD SYMBOL,EACH,EACH,07,423.00,current,ne_ndot_english_standard_item_list_2010,194,stditeme06252010.pdf#page=194;item=7500.47
ne_ndot_catalog_7500.48,ne_ndot_7500.48,7500.48,"YIELD PREFORMED PAVEMENT MARKING, TYPE 4",EACH,EACH,07,,current,ne_ndot_english_standard_item_list_2010,194,stditeme06252010.pdf#page=194;item=7500.48
ne_ndot_catalog_7500.49,ne_ndot_7500.49,7500.49,"YIELD, PREFORMED PAVEMENT MARKING, TYPE 4, GROOVED",EACH,EACH,07,423.00,current,ne_ndot_english_standard_item_list_2010,194,stditeme06252010.pdf#page=194;item=7500.49
ne_ndot_catalog_7500.50,ne_ndot_7500.50,7500.50,CROSSWALK,EACH,EACH,07,,current,ne_ndot_english_standard_item_list_2010,194,stditeme06252010.pdf#page=194;item=7500.50
ne_ndot_catalog_7500.51,ne_ndot_7500.51,7500.51,CROSSWALK LINE,LIN FT,LF,07,,current,ne_ndot_english_standard_item_list_2010,194,stditeme06252010.pdf#page=194;item=7500.51
ne_ndot_catalog_7500.52,ne_ndot_7500.52,7500.52,"YIELD LINE, PREFORMED PAVEMENT MARKING, TYPE 4, GROOVED",EACH,EACH,07,,current,ne_ndot_english_standard_item_list_2010,194,stditeme06252010.pdf#page=194;item=7500.52
ne_ndot_catalog_7500.53,ne_ndot_7500.53,7500.53,"HANDICAPPED SYMBOL PREFORMED PAVEMENT MARKING, TYPE 4 GROOVED",EACH,EACH,07,423.00,current,ne_ndot_english_standard_item_list_2010,194,stditeme06252010.pdf#page=194;item=7500.53
ne_ndot_catalog_7500.54,ne_ndot_7500.54,7500.54,"RUMBLE STRIPS, STOP AHEAD",LUMP SUM,LS,07,,current,ne_ndot_english_standard_item_list_2010,194,stditeme06252010.pdf#page=194;item=7500.54
ne_ndot_catalog_7500.60,ne_ndot_7500.60,7500.60,"ARROW, POLYUREA PAVEMENT MARKING, GROOVED",EACH,EACH,07,,current,ne_ndot_english_standard_item_list_2010,195,stditeme06252010.pdf#page=195;item=7500.60
ne_ndot_catalog_7500.63,ne_ndot_7500.63,7500.63,"ONLY, POLYUREA PAVEMENT MARKING, GROOVED",EACH,EACH,07,,current,ne_ndot_english_standard_item_list_2010,195,stditeme06252010.pdf#page=195;item=7500.63
ne_ndot_catalog_7500.65,ne_ndot_7500.65,7500.65,"YIELD, POLYUREA PAVEMENT MARKING, GROOVED",EACH,EACH,07,,current,ne_ndot_english_standard_item_list_2010,195,stditeme06252010.pdf#page=195;item=7500.65
ne_ndot_catalog_7500.66,ne_ndot_7500.66,7500.66,"LANE DROP ARROW RIGHT, PREFORMED PAVEMENT MARKING, TYPE 4 GROOVED",EACH,EACH,07,,current,ne_ndot_english_standard_item_list_2010,195,stditeme06252010.pdf#page=195;item=7500.66
ne_ndot_catalog_7501.00,ne_ndot_7501.00,7501.00,STRIPING LAYOUT,LUMP SUM,LS,07,,current,ne_ndot_english_standard_item_list_2010,195,stditeme06252010.pdf#page=195;item=7501.00
ne_ndot_catalog_7502.01,ne_ndot_7502.01,7502.01,"4"" WHITE PREFORMED PAVEMENT MARKING, TYPE 1",LIN FT,LF,07,423.00,current,ne_ndot_english_standard_item_list_2010,195,stditeme06252010.pdf#page=195;item=7502.01
ne_ndot_catalog_7502.02,ne_ndot_7502.02,7502.02,"4"" WHITE PREFORMED PAVEMENT MARKING, TYPE 2",LIN FT,LF,07,423.00,current,ne_ndot_english_standard_item_list_2010,195,stditeme06252010.pdf#page=195;item=7502.02
ne_ndot_catalog_7502.03,ne_ndot_7502.03,7502.03,"4"" WHITE PREFORMED PAVEMENT MARKING, TYPE 3",LIN FT,LF,07,423.00,current,ne_ndot_english_standard_item_list_2010,195,stditeme06252010.pdf#page=195;item=7502.03
ne_ndot_catalog_7502.04,ne_ndot_7502.04,7502.04,"4"" WHITE PREFORMED PAVEMENT MARKING, TYPE 4",LIN FT,LF,07,423.00,current,ne_ndot_english_standard_item_list_2010,195,stditeme06252010.pdf#page=195;item=7502.04
ne_ndot_catalog_7502.12,ne_ndot_7502.12,7502.12,"4"" WHITE PREFORMED PAVEMENT MARKING, TYPE 2, GROOVED",LIN FT,LF,07,,current,ne_ndot_english_standard_item_list_2010,195,stditeme06252010.pdf#page=195;item=7502.12
ne_ndot_catalog_7502.13,ne_ndot_7502.13,7502.13,"4"" WHITE PREFORMED PAVEMENT MARKING, TYPE 3, GROOVED",LIN FT,LF,07,,current,ne_ndot_english_standard_item_list_2010,195,stditeme06252010.pdf#page=195;item=7502.13
ne_ndot_catalog_7502.14,ne_ndot_7502.14,7502.14,"4"" WHITE PREFORMED PAVEMENT MARKING, TYPE 4, GROOVED",LIN FT,LF,07,423.00,current,ne_ndot_english_standard_item_list_2010,195,stditeme06252010.pdf#page=195;item=7502.14
ne_ndot_catalog_7503.01,ne_ndot_7503.01,7503.01,"4"" YELLOW PREFORMED PAVEMENT MARKING, TYPE 1",LIN FT,LF,07,423.00,current,ne_ndot_english_standard_item_list_2010,195,stditeme06252010.pdf#page=195;item=7503.01
ne_ndot_catalog_7503.02,ne_ndot_7503.02,7503.02,"4"" YELLOW PREFORMED PAVEMENT MARKING, TYPE 2",LIN FT,LF,07,423.00,current,ne_ndot_english_standard_item_list_2010,195,stditeme06252010.pdf#page=195;item=7503.02
ne_ndot_catalog_7503.03,ne_ndot_7503.03,7503.03,"4"" YELLOW PREFORMED PAVEMENT MARKING, TYPE 3",LIN FT,LF,07,423.00,current,ne_ndot_english_standard_item_list_2010,195,stditeme06252010.pdf#page=195;item=7503.03
ne_ndot_catalog_7503.04,ne_ndot_7503.04,7503.04,"4"" YELLOW PREFORMED PAVEMENT MARKING, TYPE 4",LIN FT,LF,07,423.00,current,ne_ndot_english_standard_item_list_2010,195,stditeme06252010.pdf#page=195;item=7503.04
ne_ndot_catalog_7503.12,ne_ndot_7503.12,7503.12,"4"" YELLOW PREFORMED PAVEMENT MARKING, TYPE 2, GROOVED",LIN FT,LF,07,,current,ne_ndot_english_standard_item_list_2010,195,stditeme06252010.pdf#page=195;item=7503.12
ne_ndot_catalog_7503.14,ne_ndot_7503.14,7503.14,"4"" YELLOW PREFORMED PAVEMENT MARKING, TYPE 4, GROOVED",LIN FT,LF,07,423.00,current,ne_ndot_english_standard_item_list_2010,195,stditeme06252010.pdf#page=195;item=7503.14
ne_ndot_catalog_7503.50,ne_ndot_7503.50,7503.50,"5"" WHITE PREFORMED PAVEMENT MARKING, TYPE 4",LIN FT,LF,07,423.00,current,ne_ndot_english_standard_item_list_2010,195,stditeme06252010.pdf#page=195;item=7503.50
ne_ndot_catalog_7503.51,ne_ndot_7503.51,7503.51,"5"" YELLOW PREFORMED PAVEMENT MARKING, TYPE 4",LIN FT,LF,07,423.00,current,ne_ndot_english_standard_item_list_2010,196,stditeme06252010.pdf#page=196;item=7503.51
ne_ndot_catalog_7504.03,ne_ndot_7504.03,7504.03,"6"" WHITE PREFORMED PAVEMENT MARKING, TYPE 3",LIN FT,LF,07,423.00,current,ne_ndot_english_standard_item_list_2010,196,stditeme06252010.pdf#page=196;item=7504.03
ne_ndot_catalog_7504.04,ne_ndot_7504.04,7504.04,"6"" WHITE PREFORMED PAVEMENT MARKING, TYPE 4",LIN FT,LF,07,423.00,current,ne_ndot_english_standard_item_list_2010,196,stditeme06252010.pdf#page=196;item=7504.04
ne_ndot_catalog_7506.01,ne_ndot_7506.01,7506.01,"8"" WHITE PREFORMED PAVEMENT MARKING, TYPE 1",LIN FT,LF,07,423.00,current,ne_ndot_english_standard_item_list_2010,196,stditeme06252010.pdf#page=196;item=7506.01
ne_ndot_catalog_7506.03,ne_ndot_7506.03,7506.03,"8"" WHITE PREFORMED PAVEMENT MARKING, TYPE 3",LIN FT,LF,07,423.00,current,ne_ndot_english_standard_item_list_2010,196,stditeme06252010.pdf#page=196;item=7506.03
ne_ndot_catalog_7506.04,ne_ndot_7506.04,7506.04,"8"" WHITE PREFORMED PAVEMENT MARKING, TYPE 4",LIN FT,LF,07,423.00,current,ne_ndot_english_standard_item_list_2010,196,stditeme06252010.pdf#page=196;item=7506.04
ne_ndot_catalog_7506.12,ne_ndot_7506.12,7506.12,"12"" WHITE PREFORMED PAVEMENT MARKING, TYPE 4",LIN FT,LF,07,423.00,current,ne_ndot_english_standard_item_list_2010,196,stditeme06252010.pdf#page=196;item=7506.12
ne_ndot_catalog_7506.14,ne_ndot_7506.14,7506.14,"8"" WHITE PREFORMED PAVEMENT MARKING, TYPE 4, GROOVED",LIN FT,LF,07,423.00,current,ne_ndot_english_standard_item_list_2010,196,stditeme06252010.pdf#page=196;item=7506.14
ne_ndot_catalog_7507.04,ne_ndot_7507.04,7507.04,"4"" YELLOW POLYUREA PAVEMENT MARKING",LIN FT,LF,07,,current,ne_ndot_english_standard_item_list_2010,196,stditeme06252010.pdf#page=196;item=7507.04
ne_ndot_catalog_7507.14,ne_ndot_7507.14,7507.14,"8"" YELLOW PREFORMED PAVEMENT MARKING, TYPE 4, GROOVED",LIN FT,LF,07,423.00,current,ne_ndot_english_standard_item_list_2010,196,stditeme06252010.pdf#page=196;item=7507.14
ne_ndot_catalog_7507.15,ne_ndot_7507.15,7507.15,"8"" YELLOW POLYUREA PAVEMENT MARKING",LIN FT,LF,07,,current,ne_ndot_english_standard_item_list_2010,196,stditeme06252010.pdf#page=196;item=7507.15
ne_ndot_catalog_7508.01,ne_ndot_7508.01,7508.01,"12"" WHITE PREFORMED PAVMENT MARKING, TYPE 1",LIN FT,LF,07,423.00,current,ne_ndot_english_standard_item_list_2010,196,stditeme06252010.pdf#page=196;item=7508.01
ne_ndot_catalog_7508.03,ne_ndot_7508.03,7508.03,"12"" WHITE PREFORMED PAVEMENT MARKING, TYPE 3",LIN FT,LF,07,423.00,current,ne_ndot_english_standard_item_list_2010,196,stditeme06252010.pdf#page=196;item=7508.03
ne_ndot_catalog_7508.04,ne_ndot_7508.04,7508.04,"12"" WHITE PREFORMED PAVEMENT MARKING, TYPE 4",LIN FT,LF,07,423.00,current,ne_ndot_english_standard_item_list_2010,196,stditeme06252010.pdf#page=196;item=7508.04
ne_ndot_catalog_7508.06,ne_ndot_7508.06,7508.06,"12"" WHITE PREFORMED PAVEMENT MARKING, TYPE 3, GROOVED",LIN FT,LF,07,,current,ne_ndot_english_standard_item_list_2010,196,stditeme06252010.pdf#page=196;item=7508.06
ne_ndot_catalog_7508.14,ne_ndot_7508.14,7508.14,"12"" WHITE PREFORMED PAVEMENT MARKING, TYPE 4, GROOVED",LIN FT,LF,07,423.00,current,ne_ndot_english_standard_item_list_2010,196,stditeme06252010.pdf#page=196;item=7508.14
ne_ndot_catalog_7509.01,ne_ndot_7509.01,7509.01,"12"" YELLOW PREFORMED PAVEMENT MARKING, TYPE 1",LIN FT,LF,07,423.00,current,ne_ndot_english_standard_item_list_2010,196,stditeme06252010.pdf#page=196;item=7509.01
ne_ndot_catalog_7509.02,ne_ndot_7509.02,7509.02,"12"" YELLOW PREFORMED PAVEMENT MARKING, TYPE 2",LIN FT,LF,07,423.00,current,ne_ndot_english_standard_item_list_2010,196,stditeme06252010.pdf#page=196;item=7509.02
ne_ndot_catalog_7509.03,ne_ndot_7509.03,7509.03,"12"" YELLOW PREFORMED PAVEMENT MARKING, TYPE 3",LIN FT,LF,07,423.00,current,ne_ndot_english_standard_item_list_2010,196,stditeme06252010.pdf#page=196;item=7509.03
ne_ndot_catalog_7509.04,ne_ndot_7509.04,7509.04,"12"" YELLOW PREFORMED PAVEMENT MARKING, TYPE 4",LIN FT,LF,07,423.00,current,ne_ndot_english_standard_item_list_2010,197,stditeme06252010.pdf#page=197;item=7509.04
ne_ndot_catalog_7509.12,ne_ndot_7509.12,7509.12,"12"" YELLOW PREFORMED PAVEMENT MARKING, TYPE 2, GROOVED",LIN FT,LF,07,,current,ne_ndot_english_standard_item_list_2010,197,stditeme06252010.pdf#page=197;item=7509.12
ne_ndot_catalog_7509.14,ne_ndot_7509.14,7509.14,"12"" YELLOW PREFORMED PAVEMENT MARKING, TYPE 4, GROOVED",LIN FT,LF,07,423.00,current,ne_ndot_english_standard_item_list_2010,197,stditeme06252010.pdf#page=197;item=7509.14
ne_ndot_catalog_7512.03,ne_ndot_7512.03,7512.03,"24"" WHITE PREFORMED PAVEMENT MARKING, TYPE 3",LIN FT,LF,07,423.00,current,ne_ndot_english_standard_item_list_2010,197,stditeme06252010.pdf#page=197;item=7512.03
ne_ndot_catalog_7512.04,ne_ndot_7512.04,7512.04,"24"" WHITE PREFORMED PAVEMENT MARKING, TYPE 4",LIN FT,LF,07,423.00,current,ne_ndot_english_standard_item_list_2010,197,stditeme06252010.pdf#page=197;item=7512.04
ne_ndot_catalog_7512.13,ne_ndot_7512.13,7512.13,"24"" WHITE PREFORMED PAVEMENT MARKING, TYPE 3, GROOVED",LIN FT,LF,07,,current,ne_ndot_english_standard_item_list_2010,197,stditeme06252010.pdf#page=197;item=7512.13
ne_ndot_catalog_7512.14,ne_ndot_7512.14,7512.14,"24"" WHITE PREFORMED PAVEMENT MARKING, TYPE 4, GROOVED",LIN FT,LF,07,423.00,current,ne_ndot_english_standard_item_list_2010,197,stditeme06252010.pdf#page=197;item=7512.14
ne_ndot_catalog_7513.14,ne_ndot_7513.14,7513.14,"24"" YELLOW PREFORMED PAVEMENT MARKING, TYPE 4 GROOVED",LIN FT,LF,07,,current,ne_ndot_english_standard_item_list_2010,197,stditeme06252010.pdf#page=197;item=7513.14
ne_ndot_catalog_7515.04,ne_ndot_7515.04,7515.04,"4"" WHITE POLYUREA PAVEMENT MARKING, GROOVED",LIN FT,LF,07,,current,ne_ndot_english_standard_item_list_2010,197,stditeme06252010.pdf#page=197;item=7515.04
ne_ndot_catalog_7515.05,ne_ndot_7515.05,7515.05,"5"" WHITE POLYUREA PAVEMENT MARKING, GROOVED",LIN FT,LF,07,,current,ne_ndot_english_standard_item_list_2010,197,stditeme06252010.pdf#page=197;item=7515.05
ne_ndot_catalog_7515.08,ne_ndot_7515.08,7515.08,"8"" WHITE POLYUREA PAVEMENT MARKING, GROOVED",LIN FT,LF,07,,current,ne_ndot_english_standard_item_list_2010,197,stditeme06252010.pdf#page=197;item=7515.08
ne_ndot_catalog_7515.09,ne_ndot_7515.09,7515.09,"8"" WHITE WET REFLECTIVE POLYUREA PAVEMENT MARKING, GROOVED",LIN FT,LF,07,,current,ne_ndot_english_standard_item_list_2010,197,stditeme06252010.pdf#page=197;item=7515.09
ne_ndot_catalog_7515.12,ne_ndot_7515.12,7515.12,"12"" WHITE POLYUREA PAVEMENT MARKING, GROOVED",LIN FT,LF,07,,current,ne_ndot_english_standard_item_list_2010,197,stditeme06252010.pdf#page=197;item=7515.12
ne_ndot_catalog_7515.24,ne_ndot_7515.24,7515.24,"24"" WHITE POLYUREA PAVEMENT MARKING, GROOVED",LIN FT,LF,07,,current,ne_ndot_english_standard_item_list_2010,197,stditeme06252010.pdf#page=197;item=7515.24
ne_ndot_catalog_7515.25,ne_ndot_7515.25,7515.25,"24"" WHITE WET REFLECTIVE POLYUREA PAVEMENT MARKING, GROOVED",LIN FT,LF,07,,current,ne_ndot_english_standard_item_list_2010,197,stditeme06252010.pdf#page=197;item=7515.25
ne_ndot_catalog_7515.34,ne_ndot_7515.34,7515.34,"4"" WHITE WET REFLECTIVE POLYUREA PAVEMENT MARKING, GROOVED",LIN FT,LF,07,,current,ne_ndot_english_standard_item_list_2010,197,stditeme06252010.pdf#page=197;item=7515.34
ne_ndot_catalog_7515.35,ne_ndot_7515.35,7515.35,"5"" WHITE WET REFLECTIVE THERMOPLASTIC PAVEMENT MARKING, GROOVED",LIN FT,LF,07,,current,ne_ndot_english_standard_item_list_2010,197,stditeme06252010.pdf#page=197;item=7515.35
ne_ndot_catalog_7515.36,ne_ndot_7515.36,7515.36,"5"" WHITE WET REFLECTIVE POLYUREA PAVEMENT MARKING, GROOVED",LIN FT,LF,07,,current,ne_ndot_english_standard_item_list_2010,197,stditeme06252010.pdf#page=197;item=7515.36
ne_ndot_catalog_7515.38,ne_ndot_7515.38,7515.38,"12"" WHITE WET REFLECTIVE POLYUREA PAVEMENT MARKING, GROOVED",LIN FT,LF,07,,current,ne_ndot_english_standard_item_list_2010,197,stditeme06252010.pdf#page=197;item=7515.38
ne_ndot_catalog_7515.42,ne_ndot_7515.42,7515.42,"12"" WHITE WET REFLECTIVE THERMOPLASTIC PAVEMENT MARKING, GROOVED",LIN FT,LF,07,,current,ne_ndot_english_standard_item_list_2010,198,stditeme06252010.pdf#page=198;item=7515.42
ne_ndot_catalog_7516.04,ne_ndot_7516.04,7516.04,"4"" YELLOW POLYUREA PAVEMENT MARKING, GROOVED",LIN FT,LF,07,,current,ne_ndot_english_standard_item_list_2010,198,stditeme06252010.pdf#page=198;item=7516.04
ne_ndot_catalog_7516.05,ne_ndot_7516.05,7516.05,"5"" YELLOW POLYUREA PAVEMENT MARKING, GROOVED",LIN FT,LF,07,,current,ne_ndot_english_standard_item_list_2010,198,stditeme06252010.pdf#page=198;item=7516.05
ne_ndot_catalog_7516.12,ne_ndot_7516.12,7516.12,"12"" YELLOW POLYUREA PAVEMENT MARKING, GROOVED",LIN FT,LF,07,,current,ne_ndot_english_standard_item_list_2010,198,stditeme06252010.pdf#page=198;item=7516.12
ne_ndot_catalog_7516.13,ne_ndot_7516.13,7516.13,"12"" YELLOW WET REFLECTIVE POLYUREA PAVEMENT MARKING, GROOVED",LIN FT,LF,07,,current,ne_ndot_english_standard_item_list_2010,198,stditeme06252010.pdf#page=198;item=7516.13
ne_ndot_catalog_7516.34,ne_ndot_7516.34,7516.34,"4"" YELLOW WET REFLECTIVE POLYUREA PAVEMENT MARKING, GROOVED",LIN FT,LF,07,,current,ne_ndot_english_standard_item_list_2010,198,stditeme06252010.pdf#page=198;item=7516.34
ne_ndot_catalog_7516.35,ne_ndot_7516.35,7516.35,"5"" YELLOW WET REFLECTIVE POLYUREA PAVEMENT MARKING, GROOVED",LIN FT,LF,07,,current,ne_ndot_english_standard_item_list_2010,198,stditeme06252010.pdf#page=198;item=7516.35
ne_ndot_catalog_7516.36,ne_ndot_7516.36,7516.36,"5"" YELLOW WET REFLECTIVE THERMOPLASTIC PAVEMENT MARKING, GROOVED",LIN FT,LF,07,,current,ne_ndot_english_standard_item_list_2010,198,stditeme06252010.pdf#page=198;item=7516.36
ne_ndot_catalog_7516.42,ne_ndot_7516.42,7516.42,"12"" YELLOW WET REFLECTIVE THERMOPLASTIC PAVEMENT MARKING, GROOVED",LIN FT,LF,07,,current,ne_ndot_english_standard_item_list_2010,198,stditeme06252010.pdf#page=198;item=7516.42
ne_ndot_catalog_7517.00,ne_ndot_7517.00,7517.00,"7"" PREFORMED WET REFLECTIVE CONTRAST PAVEMENT MARKING, TYPE 4, GROOVED",LIN FT,LF,07,,current,ne_ndot_english_standard_item_list_2010,198,stditeme06252010.pdf#page=198;item=7517.00
ne_ndot_catalog_7517.04,ne_ndot_7517.04,7517.04,"4"" WHITE WET REFLECTIVE PREFORMED PAVEMENT MARKING, TYPE 4, GROOVED",LIN FT,LF,07,,current,ne_ndot_english_standard_item_list_2010,198,stditeme06252010.pdf#page=198;item=7517.04
ne_ndot_catalog_7517.05,ne_ndot_7517.05,7517.05,"5"" WHITE WET REFLECTIVE PREFORMED PAVEMENT MARKING, TYPE 4, GROOVED",LIN FT,LF,07,,current,ne_ndot_english_standard_item_list_2010,198,stditeme06252010.pdf#page=198;item=7517.05
ne_ndot_catalog_7517.06,ne_ndot_7517.06,7517.06,"6"" WHITE WET REFLECTIVE PREFORMED PAVEMENT MARKING, TYPE 4, GROOVED",LIN FT,LF,07,,current,ne_ndot_english_standard_item_list_2010,198,stditeme06252010.pdf#page=198;item=7517.06
ne_ndot_catalog_7517.08,ne_ndot_7517.08,7517.08,"8"" WHITE WET REFLECTIVE PREFORMED PAVEMENT MARKING, TYPE 4, GROOVED",LIN FT,LF,07,,current,ne_ndot_english_standard_item_list_2010,198,stditeme06252010.pdf#page=198;item=7517.08
ne_ndot_catalog_7517.12,ne_ndot_7517.12,7517.12,"12"" WHITE WET REFLECTIVE PREFORMED PAVEMENT MARKING, TYPE 4, GROOVED",LIN FT,LF,07,,current,ne_ndot_english_standard_item_list_2010,198,stditeme06252010.pdf#page=198;item=7517.12
ne_ndot_catalog_7517.24,ne_ndot_7517.24,7517.24,"24"" WHITE WET REFLECTIVE PREFORMED PAVEMENT MARKING, TYPE 4, GROOVED",LIN FT,LF,07,,current,ne_ndot_english_standard_item_list_2010,198,stditeme06252010.pdf#page=198;item=7517.24
ne_ndot_catalog_7518.04,ne_ndot_7518.04,7518.04,"4"" YELLOW WET REFLECTIVE PREFORMED PAVEMENT MARKING, TYPE 4, GROOVED",LIN FT,LF,07,,current,ne_ndot_english_standard_item_list_2010,198,stditeme06252010.pdf#page=198;item=7518.04
ne_ndot_catalog_7518.05,ne_ndot_7518.05,7518.05,"5"" YELLOW WET REFLECTIVE PREFORMED PAVEMENT MARKING, TYPE 4, GROOVED",LIN FT,LF,07,,current,ne_ndot_english_standard_item_list_2010,198,stditeme06252010.pdf#page=198;item=7518.05
ne_ndot_catalog_7518.12,ne_ndot_7518.12,7518.12,"12"" YELLOW WET REFLECTIVE PREFORMED PAVEMENT MARKING, TYPE 4, GROOVED",LIN FT,LF,07,,current,ne_ndot_english_standard_item_list_2010,198,stditeme06252010.pdf#page=198;item=7518.12
ne_ndot_catalog_7519.00,ne_ndot_7519.00,7519.00,"ARROW, WET REFLECTIVE PREFORMED PAVEMENT MARKING, TYPE 4, GROOVED",EACH,EACH,07,,current,ne_ndot_english_standard_item_list_2010,199,stditeme06252010.pdf#page=199;item=7519.00
ne_ndot_catalog_7519.01,ne_ndot_7519.01,7519.01,"ARROW, WET REFLECTIVE PREFORMED PAVEMENT MARKING, TYPE GROOVED",EACH,EACH,07,,current,ne_ndot_english_standard_item_list_2010,199,stditeme06252010.pdf#page=199;item=7519.01
ne_ndot_catalog_7519.05,ne_ndot_7519.05,7519.05,"RAILROAD CROSSING SYMBOL, WET REFLECTIVE PREFORMED PAVEMENT MARKING, TYPE 4, GROOVED",EACH,EACH,07,,current,ne_ndot_english_standard_item_list_2010,199,stditeme06252010.pdf#page=199;item=7519.05
ne_ndot_catalog_7519.10,ne_ndot_7519.10,7519.10,"ONLY, WET REFLECTIVE PREFORMED PAVEMENT MARKING, TYPE 4, GROOVED",EACH,EACH,07,,current,ne_ndot_english_standard_item_list_2010,199,stditeme06252010.pdf#page=199;item=7519.10
ne_ndot_catalog_7530.40,ne_ndot_7530.40,7530.40,RAILROAD CROSSING SYMBOL THERMOPLASTIC,EACH,EACH,07,,current,ne_ndot_english_standard_item_list_2010,199,stditeme06252010.pdf#page=199;item=7530.40
ne_ndot_catalog_7530.45,ne_ndot_7530.45,7530.45,"RAILROAD CROSSING SYMBOL PREFORMED PAVEMENT MARKING, TYPE 1",EACH,EACH,07,423.00,current,ne_ndot_english_standard_item_list_2010,199,stditeme06252010.pdf#page=199;item=7530.45
ne_ndot_catalog_7530.48,ne_ndot_7530.48,7530.48,"RAILROAD CROSSING SYMBOL PREFORMED PAVEMENT MARKING, TYPE 4",EACH,EACH,07,423.00,current,ne_ndot_english_standard_item_list_2010,199,stditeme06252010.pdf#page=199;item=7530.48
ne_ndot_catalog_7530.49,ne_ndot_7530.49,7530.49,"RAILROAD CROSSING SYMBOL PREFORMED PAVEMENT MARKING, TYPE 4, GROOVED",EACH,EACH,07,423.00,current,ne_ndot_english_standard_item_list_2010,199,stditeme06252010.pdf#page=199;item=7530.49
ne_ndot_catalog_7540.07,ne_ndot_7540.07,7540.07,"7"" WHITE PREFORMED WET REFLECTIVE CONTRAST PAVEMENT",LIN FT,LF,07,,current,ne_ndot_english_standard_item_list_2010,199,stditeme06252010.pdf#page=199;item=7540.07
ne_ndot_catalog_7540.17,ne_ndot_7540.17,7540.17,"7"" YELLOW PREFORMED WET REFLECTIVE CONTRAST PAVEMENT MARKING, GROOVED",LIN FT,LF,07,,current,ne_ndot_english_standard_item_list_2010,199,stditeme06252010.pdf#page=199;item=7540.17
ne_ndot_catalog_7541.07,ne_ndot_7541.07,7541.07,"7"" WHITE PREFORMED WET REFLECTIVE CONTRAST PAVEMENT MARKING, TYPE 4, GROOVED",LIN FT,LF,07,,current,ne_ndot_english_standard_item_list_2010,199,stditeme06252010.pdf#page=199;item=7541.07
ne_ndot_catalog_7541.08,ne_ndot_7541.08,7541.08,"8"" WHITE PREFORMED WET REFLECTIVE CONTRAST PAVEMENT MARKING, TYPE 4, GROOVED",LIN FT,LF,07,,current,ne_ndot_english_standard_item_list_2010,199,stditeme06252010.pdf#page=199;item=7541.08
ne_ndot_catalog_7541.15,ne_ndot_7541.15,7541.15,"5"" WHITE PREFORMED WET REFLECTIVE CONTRAST PAVEMENT MARKING, TYPE 4, GROOVED",LIN FT,LF,07,,current,ne_ndot_english_standard_item_list_2010,199,stditeme06252010.pdf#page=199;item=7541.15
ne_ndot_catalog_7541.17,ne_ndot_7541.17,7541.17,"7"" YELLOW PREFORMED WET REFLECTIVE CONTRAST PAVEMENT MARKING, TYPE 4, GROOVED",LIN FT,LF,07,,current,ne_ndot_english_standard_item_list_2010,199,stditeme06252010.pdf#page=199;item=7541.17
ne_ndot_catalog_7550.03,ne_ndot_7550.03,7550.03,"4"" YELLOW EPOXY PAVEMENT MARKING",LIN FT,LF,07,423.00,current,ne_ndot_english_standard_item_list_2010,199,stditeme06252010.pdf#page=199;item=7550.03
ne_ndot_catalog_7550.04,ne_ndot_7550.04,7550.04,"4"" WHITE EPOXY PAVEMENT MARKING",LIN FT,LF,07,423.00,current,ne_ndot_english_standard_item_list_2010,199,stditeme06252010.pdf#page=199;item=7550.04
ne_ndot_catalog_7550.05,ne_ndot_7550.05,7550.05,"6"" YELLOW EPOXY PAVEMENT MARKING",LIN FT,LF,07,423.00,current,ne_ndot_english_standard_item_list_2010,199,stditeme06252010.pdf#page=199;item=7550.05
ne_ndot_catalog_7550.06,ne_ndot_7550.06,7550.06,"6"" WHITE EPOXY PAVEMENT MARKING",LIN FT,LF,07,423.00,current,ne_ndot_english_standard_item_list_2010,199,stditeme06252010.pdf#page=199;item=7550.06
ne_ndot_catalog_7550.08,ne_ndot_7550.08,7550.08,"8"" WHITE EPOXY PAVEMENT MARKING",LIN FT,LF,07,423.00,current,ne_ndot_english_standard_item_list_2010,199,stditeme06252010.pdf#page=199;item=7550.08
ne_ndot_catalog_7550.12,ne_ndot_7550.12,7550.12,"12"" WHITE EPOXY PAVEMENT MARKING",LIN FT,LF,07,423.00,current,ne_ndot_english_standard_item_list_2010,200,stditeme06252010.pdf#page=200;item=7550.12
ne_ndot_catalog_7550.13,ne_ndot_7550.13,7550.13,"12"" YELLOW EPOXY PAVEMENT MARKING",LIN FT,LF,07,423.00,current,ne_ndot_english_standard_item_list_2010,200,stditeme06252010.pdf#page=200;item=7550.13
ne_ndot_catalog_7550.14,ne_ndot_7550.14,7550.14,"24"" YELLOW EPOXY PAVEMENT MARKING",LIN FT,LF,07,423.00,current,ne_ndot_english_standard_item_list_2010,200,stditeme06252010.pdf#page=200;item=7550.14
ne_ndot_catalog_7550.15,ne_ndot_7550.15,7550.15,"24"" WHITE EPOXY PAVEMENT MARKING",LIN FT,LF,07,423.00,current,ne_ndot_english_standard_item_list_2010,200,stditeme06252010.pdf#page=200;item=7550.15
ne_ndot_catalog_7550.20,ne_ndot_7550.20,7550.20,MEDIAN CURB YELLOW EPOXY,LIN FT,LF,07,,current,ne_ndot_english_standard_item_list_2010,200,stditeme06252010.pdf#page=200;item=7550.20
ne_ndot_catalog_7550.21,ne_ndot_7550.21,7550.21,EPOXY MEDIAN NOSE,EACH,EACH,07,,current,ne_ndot_english_standard_item_list_2010,200,stditeme06252010.pdf#page=200;item=7550.21
ne_ndot_catalog_7550.33,ne_ndot_7550.33,7550.33,EPOXY ARROW,EACH,EACH,07,,current,ne_ndot_english_standard_item_list_2010,200,stditeme06252010.pdf#page=200;item=7550.33
ne_ndot_catalog_7555.00,ne_ndot_7555.00,7555.00,BIKEWAY CENTERLINE,STATION,STA,07,,current,ne_ndot_english_standard_item_list_2010,200,stditeme06252010.pdf#page=200;item=7555.00
ne_ndot_catalog_7560.00,ne_ndot_7560.00,7560.00,PAINT STRIPING STATE SUPPLIED PAINT AND BEADS,MILE,MILE,07,,current,ne_ndot_english_standard_item_list_2010,200,stditeme06252010.pdf#page=200;item=7560.00
ne_ndot_catalog_7560.01,ne_ndot_7560.01,7560.01,PAINT STRIPING,MILE,MILE,07,,current,ne_ndot_english_standard_item_list_2010,200,stditeme06252010.pdf#page=200;item=7560.01
ne_ndot_catalog_7560.02,ne_ndot_7560.02,7560.02,PAINT STRIPING STATE SUPPLIED PAINT AND BEADS,STATION,STA,07,,current,ne_ndot_english_standard_item_list_2010,200,stditeme06252010.pdf#page=200;item=7560.02
ne_ndot_catalog_7560.03,ne_ndot_7560.03,7560.03,PAINT STRIPING,STATION,STA,07,,current,ne_ndot_english_standard_item_list_2010,200,stditeme06252010.pdf#page=200;item=7560.03
ne_ndot_catalog_7560.04,ne_ndot_7560.04,7560.04,PAINT STRIPING STATE SUPPLIED PAINT AND BEADS,LIN FT,LF,07,,current,ne_ndot_english_standard_item_list_2010,200,stditeme06252010.pdf#page=200;item=7560.04
ne_ndot_catalog_7560.05,ne_ndot_7560.05,7560.05,PAINT STRIPING,STATION,STA,07,,current,ne_ndot_english_standard_item_list_2010,200,stditeme06252010.pdf#page=200;item=7560.05
ne_ndot_catalog_7560.10,ne_ndot_7560.10,7560.10,PAINT STRIPING CONTRACTOR SUPPLIED PAINT AND BEADS,MILE,MILE,07,,current,ne_ndot_english_standard_item_list_2010,200,stditeme06252010.pdf#page=200;item=7560.10
ne_ndot_catalog_7560.20,ne_ndot_7560.20,7560.20,"ACRYLIC WATERBORNE PAINT, YELLOW",GALLON,GAL,07,,current,ne_ndot_english_standard_item_list_2010,200,stditeme06252010.pdf#page=200;item=7560.20
ne_ndot_catalog_7560.30,ne_ndot_7560.30,7560.30,"ACRYLIC WATERBORNE PAINT, WHITE",GALLON,GAL,07,,current,ne_ndot_english_standard_item_list_2010,200,stditeme06252010.pdf#page=200;item=7560.30
ne_ndot_catalog_7560.40,ne_ndot_7560.40,7560.40,YELLOW TRAFFIC PAINT,GALLON,GAL,07,,current,ne_ndot_english_standard_item_list_2010,200,stditeme06252010.pdf#page=200;item=7560.40
ne_ndot_catalog_7560.41,ne_ndot_7560.41,7560.41,WHITE TRAFFIC PAINT,GALLON,GAL,07,,current,ne_ndot_english_standard_item_list_2010,200,stditeme06252010.pdf#page=200;item=7560.41
ne_ndot_catalog_7970.00,ne_ndot_7970.00,7970.00,MISCELLANEOUS ITEMS FOR LIGHTING GROUP,LUMP SUM,LS,07,,current,ne_ndot_english_standard_item_list_2010,201,stditeme06252010.pdf#page=201;item=7970.00
ne_ndot_catalog_7989.06,ne_ndot_7989.06,7989.06,"5"" WHITE THERMOPLASTIC, GROOVED",LIN FT,LF,07,,current,ne_ndot_english_standard_item_list_2010,201,stditeme06252010.pdf#page=201;item=7989.06
ne_ndot_catalog_7999.95,ne_ndot_7999.95,7999.95,GROOVING,LIN FT,LF,07,,current,ne_ndot_english_standard_item_list_2010,201,stditeme06252010.pdf#page=201;item=7999.95
ne_ndot_catalog_8003.00,ne_ndot_8003.00,8003.00,RESHAPING EXISTING BASE,STATION,STA,07,,current,ne_ndot_english_standard_item_list_2010,201,stditeme06252010.pdf#page=201;item=8003.00
ne_ndot_catalog_8003.05,ne_ndot_8003.05,8003.05,RESHAPING EXISTING BASE,SQ YD,SY,07,,current,ne_ndot_english_standard_item_list_2010,201,stditeme06252010.pdf#page=201;item=8003.05
ne_ndot_catalog_8003.06,ne_ndot_8003.06,8003.06,BASE REPAIR,SQ YD,SY,07,,current,ne_ndot_english_standard_item_list_2010,201,stditeme06252010.pdf#page=201;item=8003.06
ne_ndot_catalog_8003.07,ne_ndot_8003.07,8003.07,FULL DEPTH BASE REPAIR,SQ YD,SY,07,,current,ne_ndot_english_standard_item_list_2010,201,stditeme06252010.pdf#page=201;item=8003.07
ne_ndot_catalog_8003.20,ne_ndot_8003.20,8003.20,RESHAPING EXISTING SHOULDER BASE,STATION,STA,07,,current,ne_ndot_english_standard_item_list_2010,201,stditeme06252010.pdf#page=201;item=8003.20
ne_ndot_catalog_8003.25,ne_ndot_8003.25,8003.25,RESHAPING EXISTING RAMP SHOULDER BASE,STATION,STA,07,,current,ne_ndot_english_standard_item_list_2010,201,stditeme06252010.pdf#page=201;item=8003.25
ne_ndot_catalog_8005.00,ne_ndot_8005.00,8005.00,SOIL AGGREGATE BASE COURSE,TON,TON,07,,current,ne_ndot_english_standard_item_list_2010,201,stditeme06252010.pdf#page=201;item=8005.00
ne_ndot_catalog_8005.50,ne_ndot_8005.50,8005.50,SOIL AGGREGATE BASE COURSE (SALVAGED MATERIAL),CU YD,CY,07,,current,ne_ndot_english_standard_item_list_2010,201,stditeme06252010.pdf#page=201;item=8005.50
ne_ndot_catalog_8005.60,ne_ndot_8005.60,8005.60,SALVAGED SOIL AGGREGATE BASE COURSE,STATION,STA,07,,current,ne_ndot_english_standard_item_list_2010,201,stditeme06252010.pdf#page=201;item=8005.60
ne_ndot_catalog_8005.65,ne_ndot_8005.65,8005.65,SALVAGED SOIL AGGREGATE BASE COURSE,TON,TON,07,,current,ne_ndot_english_standard_item_list_2010,201,stditeme06252010.pdf#page=201;item=8005.65
ne_ndot_catalog_8005.70,ne_ndot_8005.70,8005.70,SALVAGED SOIL AGGREGATE BASE COURSE,SQ YD,SY,07,,current,ne_ndot_english_standard_item_list_2010,201,stditeme06252010.pdf#page=201;item=8005.70
ne_ndot_catalog_8005.75,ne_ndot_8005.75,8005.75,SALVAGING CRUSHED ROCK BASE COURSE,SQ YD,SY,07,,current,ne_ndot_english_standard_item_list_2010,201,stditeme06252010.pdf#page=201;item=8005.75
ne_ndot_catalog_8006.00,ne_ndot_8006.00,8006.00,SOIL AGGREGATE BASE COURSE,SQ YD,SY,07,,current,ne_ndot_english_standard_item_list_2010,201,stditeme06252010.pdf#page=201;item=8006.00
ne_ndot_catalog_8008.00,ne_ndot_8008.00,8008.00,ARMOR COAT AGGREGATE,CU YD,CY,07,515.00,current,ne_ndot_english_standard_item_list_2010,201,stditeme06252010.pdf#page=201;item=8008.00
ne_ndot_catalog_8008.01,ne_ndot_8008.01,8008.01,ARMOR COAT AGGREGATE,TON,TON,07,,current,ne_ndot_english_standard_item_list_2010,201,stditeme06252010.pdf#page=201;item=8008.01
ne_ndot_catalog_8008.03,ne_ndot_8008.03,8008.03,SCRUB SEAL AGGREGATE,CU YD,CY,07,,current,ne_ndot_english_standard_item_list_2010,201,stditeme06252010.pdf#page=201;item=8008.03
ne_ndot_catalog_8008.30,ne_ndot_8008.30,8008.30,CHIP SEAL AGGREGATE,CU YD,CY,07,,current,ne_ndot_english_standard_item_list_2010,202,stditeme06252010.pdf#page=202;item=8008.30
ne_ndot_catalog_8008.50,ne_ndot_8008.50,8008.50,AGGREGATE FOR MICROSURFACING,TON,TON,07,514.00,current,ne_ndot_english_standard_item_list_2010,202,stditeme06252010.pdf#page=202;item=8008.50
ne_ndot_catalog_8010.00,ne_ndot_8010.00,8010.00,CRUSHED ROCK FOR BASE COURSE,TON,TON,07,305.00,current,ne_ndot_english_standard_item_list_2010,202,stditeme06252010.pdf#page=202;item=8010.00
ne_ndot_catalog_8010.11,ne_ndot_8010.11,8010.11,"8"" CRUSHED ROCK BASE COURSE",SQ YD,SY,07,,current,ne_ndot_english_standard_item_list_2010,202,stditeme06252010.pdf#page=202;item=8010.11
ne_ndot_catalog_8011.00,ne_ndot_8011.00,8011.00,CRUSHED ROCK SCREENINGS FOR BASE COURSE,TON,TON,07,305.00,current,ne_ndot_english_standard_item_list_2010,202,stditeme06252010.pdf#page=202;item=8011.00
ne_ndot_catalog_8011.03,ne_ndot_8011.03,8011.03,"CRUSHED ROCK FOUNDATION COURSE 3""",SQ YD,SY,07,,current,ne_ndot_english_standard_item_list_2010,202,stditeme06252010.pdf#page=202;item=8011.03
ne_ndot_catalog_8011.04,ne_ndot_8011.04,8011.04,"CRUSHED ROCK FOUNDATION COURSE 4""",SQ YD,SY,07,,current,ne_ndot_english_standard_item_list_2010,202,stditeme06252010.pdf#page=202;item=8011.04
ne_ndot_catalog_8011.05,ne_ndot_8011.05,8011.05,"CRUSHED ROCK FOUNDATION COURSE 6""",SQ YD,SY,07,,current,ne_ndot_english_standard_item_list_2010,202,stditeme06252010.pdf#page=202;item=8011.05
ne_ndot_catalog_8011.09,ne_ndot_8011.09,8011.09,"CRUSHED ROCK FOUNDATION COURSE 9""",SQ YD,SY,07,,current,ne_ndot_english_standard_item_list_2010,202,stditeme06252010.pdf#page=202;item=8011.09
ne_ndot_catalog_8011.12,ne_ndot_8011.12,8011.12,"CRUSHED ROCK FOUNDATION COURSE 12""",SQ YD,SY,07,,current,ne_ndot_english_standard_item_list_2010,202,stditeme06252010.pdf#page=202;item=8011.12
ne_ndot_catalog_8011.15,ne_ndot_8011.15,8011.15,CRUSHED ROCK FOUNDATION COURSE,TON,TON,07,,current,ne_ndot_english_standard_item_list_2010,202,stditeme06252010.pdf#page=202;item=8011.15
ne_ndot_catalog_8021.50,ne_ndot_8021.50,8021.50,LIME STABILIZED BITUMINOUS,STATION,STA,07,,current,ne_ndot_english_standard_item_list_2010,202,stditeme06252010.pdf#page=202;item=8021.50
ne_ndot_catalog_8022.00,ne_ndot_8022.00,8022.00,HYDRATED LIME,TON,TON,07,,current,ne_ndot_english_standard_item_list_2010,202,stditeme06252010.pdf#page=202;item=8022.00
ne_ndot_catalog_8022.10,ne_ndot_8022.10,8022.10,HYDRATED LIME FOR USE IN ASPHALTIC CONCRETE,TON,TON,07,,current,ne_ndot_english_standard_item_list_2010,202,stditeme06252010.pdf#page=202;item=8022.10
ne_ndot_catalog_8022.12,ne_ndot_8022.12,8022.12,HYDRATED LIME FOR ASPHALT MIXTURES,TON,TON,07,,current,ne_ndot_english_standard_item_list_2010,202,stditeme06252010.pdf#page=202;item=8022.12
ne_ndot_catalog_8022.14,ne_ndot_8022.14,8022.14,HYDRATED LIME FOR ASPHALT MIXTURES FOR STATE MAINTENANCE PATCHING,TON,TON,07,,current,ne_ndot_english_standard_item_list_2010,202,stditeme06252010.pdf#page=202;item=8022.14
ne_ndot_catalog_8022.25,ne_ndot_8022.25,8022.25,LIME,TON,TON,07,,current,ne_ndot_english_standard_item_list_2010,202,stditeme06252010.pdf#page=202;item=8022.25
ne_ndot_catalog_8022.30,ne_ndot_8022.30,8022.30,CEMENT KILN DUST,TON,TON,07,,current,ne_ndot_english_standard_item_list_2010,202,stditeme06252010.pdf#page=202;item=8022.30
ne_ndot_catalog_8024.50,ne_ndot_8024.50,8024.50,SELECT GRANULAR BACKFILL FOR RETAINED EARTH STRUCTURE,CU YD,CY,07,715.00,current,ne_ndot_english_standard_item_list_2010,202,stditeme06252010.pdf#page=202;item=8024.50
ne_ndot_catalog_8024.75,ne_ndot_8024.75,8024.75,SELECT GRANULAR BACKFILL FOR MSE WALL,CU YD,CY,07,714.00,current,ne_ndot_english_standard_item_list_2010,203,stditeme06252010.pdf#page=203;item=8024.75
ne_ndot_catalog_8027.00,ne_ndot_8027.00,8027.00,RECONSTRUCTING FOUNDATION COURSE,STATION,STA,07,,current,ne_ndot_english_standard_item_list_2010,203,stditeme06252010.pdf#page=203;item=8027.00
ne_ndot_catalog_8027.01,ne_ndot_8027.01,8027.01,FULL DEPTH RECLAIMATION,STATION,STA,07,,current,ne_ndot_english_standard_item_list_2010,203,stditeme06252010.pdf#page=203;item=8027.01
ne_ndot_catalog_8028.00,ne_ndot_8028.00,8028.00,FOUNDATION COURSE REPLACEMENT,SQ YD,SY,07,,current,ne_ndot_english_standard_item_list_2010,203,stditeme06252010.pdf#page=203;item=8028.00
ne_ndot_catalog_8028.01,ne_ndot_8028.01,8028.01,FOUNDATION COURSE REPLACEMENT,CU YD,CY,07,,current,ne_ndot_english_standard_item_list_2010,203,stditeme06252010.pdf#page=203;item=8028.01
ne_ndot_catalog_8028.06,ne_ndot_8028.06,8028.06,"FOUNDATION COURSE (TEMPORARY) 6""",SQ YD,SY,07,,current,ne_ndot_english_standard_item_list_2010,203,stditeme06252010.pdf#page=203;item=8028.06
ne_ndot_catalog_8028.08,ne_ndot_8028.08,8028.08,"FOUNDATION COURSE (TEMPORARY) 8""",SQ YD,SY,07,,current,ne_ndot_english_standard_item_list_2010,203,stditeme06252010.pdf#page=203;item=8028.08
ne_ndot_catalog_8029.00,ne_ndot_8029.00,8029.00,AGGREGATE FOUNDATION COURSE,SQ YD,SY,07,307.00,current,ne_ndot_english_standard_item_list_2010,203,stditeme06252010.pdf#page=203;item=8029.00
ne_ndot_catalog_8029.04,ne_ndot_8029.04,8029.04,"AGGREGATE FOUNDATION COURSE 4""",SQ YD,SY,07,307.00,current,ne_ndot_english_standard_item_list_2010,203,stditeme06252010.pdf#page=203;item=8029.04
ne_ndot_catalog_8029.05,ne_ndot_8029.05,8029.05,"AGGREGATE FOUNDATION COURSE 5.5""",SQ YD,SY,07,307.00,current,ne_ndot_english_standard_item_list_2010,203,stditeme06252010.pdf#page=203;item=8029.05
ne_ndot_catalog_8029.06,ne_ndot_8029.06,8029.06,"AGGREGATE FOUNDATION COURSE 6""",SQ YD,SY,07,307.00,current,ne_ndot_english_standard_item_list_2010,203,stditeme06252010.pdf#page=203;item=8029.06
ne_ndot_catalog_8029.08,ne_ndot_8029.08,8029.08,"AGGREGATE FOUNDATION COURSE 8""",SQ YD,SY,07,307.00,current,ne_ndot_english_standard_item_list_2010,203,stditeme06252010.pdf#page=203;item=8029.08
ne_ndot_catalog_8029.10,ne_ndot_8029.10,8029.10,"AGGREGATE FOUNDATION COURSE-D 4""",SQ YD,SY,07,,current,ne_ndot_english_standard_item_list_2010,203,stditeme06252010.pdf#page=203;item=8029.10
ne_ndot_catalog_8029.11,ne_ndot_8029.11,8029.11,"AGGREGATE FOUNDATION COURSE-D 5""",SQ YD,SY,07,,current,ne_ndot_english_standard_item_list_2010,203,stditeme06252010.pdf#page=203;item=8029.11
ne_ndot_catalog_8029.12,ne_ndot_8029.12,8029.12,"AGGREGATE FOUNDATION COURSE-D 6""",SQ YD,SY,07,,current,ne_ndot_english_standard_item_list_2010,203,stditeme06252010.pdf#page=203;item=8029.12
ne_ndot_catalog_8029.20,ne_ndot_8029.20,8029.20,FOUNDATION COURSE,STATION,STA,07,,current,ne_ndot_english_standard_item_list_2010,203,stditeme06252010.pdf#page=203;item=8029.20
ne_ndot_catalog_8029.25,ne_ndot_8029.25,8029.25,FOUNDATION COURSE,SQ YD,SY,07,,current,ne_ndot_english_standard_item_list_2010,203,stditeme06252010.pdf#page=203;item=8029.25
ne_ndot_catalog_8029.26,ne_ndot_8029.26,8029.26,FOUNDATION COURSE,SQ YD,SY,07,,current,ne_ndot_english_standard_item_list_2010,203,stditeme06252010.pdf#page=203;item=8029.26
ne_ndot_catalog_8029.28,ne_ndot_8029.28,8029.28,FOUNDATION COURSE,LIN FT,LF,07,,current,ne_ndot_english_standard_item_list_2010,203,stditeme06252010.pdf#page=203;item=8029.28
ne_ndot_catalog_8029.75,ne_ndot_8029.75,8029.75,BITUMINOUS FOUNDATION COURSE,SQ YD,SY,07,307.00,current,ne_ndot_english_standard_item_list_2010,204,stditeme06252010.pdf#page=204;item=8029.75
ne_ndot_catalog_8029.76,ne_ndot_8029.76,8029.76,BITUMINOUS FOUNDATION COURSE,SQ YD,SY,07,307.00,current,ne_ndot_english_standard_item_list_2010,204,stditeme06252010.pdf#page=204;item=8029.76
ne_ndot_catalog_8029.77,ne_ndot_8029.77,8029.77,BITUMINOUS FOUNDATION COURSE,TON,TON,07,,current,ne_ndot_english_standard_item_list_2010,204,stditeme06252010.pdf#page=204;item=8029.77
ne_ndot_catalog_8029.78,ne_ndot_8029.78,8029.78,BITUMINOUS FOUNDATION COURSE,TON,TON,07,,current,ne_ndot_english_standard_item_list_2010,204,stditeme06252010.pdf#page=204;item=8029.78
ne_ndot_catalog_8029.84,ne_ndot_8029.84,8029.84,"BITUMINOUS FOUNDATION COURSE 4""",SQ YD,SY,07,307.00,current,ne_ndot_english_standard_item_list_2010,204,stditeme06252010.pdf#page=204;item=8029.84
ne_ndot_catalog_8029.85,ne_ndot_8029.85,8029.85,"BITUMINOUS FOUNDATION COURSE 5""",SQ YD,SY,07,307.00,current,ne_ndot_english_standard_item_list_2010,204,stditeme06252010.pdf#page=204;item=8029.85
ne_ndot_catalog_8029.86,ne_ndot_8029.86,8029.86,"BITUMINOUS FOUNDATION COURSE 6""",SQ YD,SY,07,307.00,current,ne_ndot_english_standard_item_list_2010,204,stditeme06252010.pdf#page=204;item=8029.86
ne_ndot_catalog_8029.87,ne_ndot_8029.87,8029.87,"BITUMINOUS FOUNDATION COURSE 7""",SQ YD,SY,07,307.00,current,ne_ndot_english_standard_item_list_2010,204,stditeme06252010.pdf#page=204;item=8029.87
ne_ndot_catalog_8029.88,ne_ndot_8029.88,8029.88,"BITUMINOUS FOUNDATION COURSE 8""",SQ YD,SY,07,307.00,current,ne_ndot_english_standard_item_list_2010,204,stditeme06252010.pdf#page=204;item=8029.88
ne_ndot_catalog_8029.94,ne_ndot_8029.94,8029.94,"BITUMINOUS FOUNDATION COURSE 4""",SQ YD,SY,07,307.00,current,ne_ndot_english_standard_item_list_2010,204,stditeme06252010.pdf#page=204;item=8029.94
ne_ndot_catalog_8029.95,ne_ndot_8029.95,8029.95,"BITUMINOUS FOUNDATION COURSE 5""",SQ YD,SY,07,307.00,current,ne_ndot_english_standard_item_list_2010,204,stditeme06252010.pdf#page=204;item=8029.95
ne_ndot_catalog_8029.96,ne_ndot_8029.96,8029.96,"BITUMINOUS FOUNDATION COURSE 5.5""",SQ YD,SY,07,307.00,current,ne_ndot_english_standard_item_list_2010,204,stditeme06252010.pdf#page=204;item=8029.96
ne_ndot_catalog_8029.97,ne_ndot_8029.97,8029.97,"BITUMINOUS FOUNDATION COURSE 5.5""",SQ YD,SY,07,307.00,current,ne_ndot_english_standard_item_list_2010,204,stditeme06252010.pdf#page=204;item=8029.97
ne_ndot_catalog_8029.98,ne_ndot_8029.98,8029.98,"BITUMINOUS FOUNDATION COURSE 8""",SQ YD,SY,07,307.00,current,ne_ndot_english_standard_item_list_2010,204,stditeme06252010.pdf#page=204;item=8029.98
ne_ndot_catalog_8030.00,ne_ndot_8030.00,8030.00,AGGREGATE FOUNDATION COURSE,TON,TON,07,307.00,current,ne_ndot_english_standard_item_list_2010,204,stditeme06252010.pdf#page=204;item=8030.00
ne_ndot_catalog_8032.00,ne_ndot_8032.00,8032.00,CRUSHED CONCRETE FOUNDATION COURSE,SQ YD,SY,07,307.00,current,ne_ndot_english_standard_item_list_2010,204,stditeme06252010.pdf#page=204;item=8032.00
ne_ndot_catalog_8032.01,ne_ndot_8032.01,8032.01,"CRUSHED CONCRETE FOUNDATION COURSE 5""",STATION,STA,07,,current,ne_ndot_english_standard_item_list_2010,204,stditeme06252010.pdf#page=204;item=8032.01
ne_ndot_catalog_8032.02,ne_ndot_8032.02,8032.02,CRUSHED CONCRETE FOUNDATION COURSE,TON,TON,07,,current,ne_ndot_english_standard_item_list_2010,204,stditeme06252010.pdf#page=204;item=8032.02
ne_ndot_catalog_8032.04,ne_ndot_8032.04,8032.04,"CRUSHED CONCRETE FOUNDATION COURSE 4""",SQ YD,SY,07,307.00,current,ne_ndot_english_standard_item_list_2010,204,stditeme06252010.pdf#page=204;item=8032.04
ne_ndot_catalog_8032.05,ne_ndot_8032.05,8032.05,"CRUSHED CONCRETE FOUNDATION COURSE 5""",SQ YD,SY,07,307.00,current,ne_ndot_english_standard_item_list_2010,205,stditeme06252010.pdf#page=205;item=8032.05
ne_ndot_catalog_8032.06,ne_ndot_8032.06,8032.06,"CRUSHED CONCRETE FOUNDATION COURSE 6""",SQ YD,SY,07,307.00,current,ne_ndot_english_standard_item_list_2010,205,stditeme06252010.pdf#page=205;item=8032.06
ne_ndot_catalog_8032.08,ne_ndot_8032.08,8032.08,"CRUSHED CONCRETE FOUNDATION COURSE 8""",SQ YD,SY,07,307.00,current,ne_ndot_english_standard_item_list_2010,205,stditeme06252010.pdf#page=205;item=8032.08
ne_ndot_catalog_8033.00,ne_ndot_8033.00,8033.00,MILLED CONCRETE FOUNDATION COURSE,SQ YD,SY,07,,current,ne_ndot_english_standard_item_list_2010,205,stditeme06252010.pdf#page=205;item=8033.00
ne_ndot_catalog_8033.05,ne_ndot_8033.05,8033.05,MODIFIED SUBBASE,SQ YD,SY,07,,current,ne_ndot_english_standard_item_list_2010,205,stditeme06252010.pdf#page=205;item=8033.05
ne_ndot_catalog_8033.06,ne_ndot_8033.06,8033.06,MODIFIED SUBBASE,SQ YD,SY,07,,current,ne_ndot_english_standard_item_list_2010,205,stditeme06252010.pdf#page=205;item=8033.06
ne_ndot_catalog_8033.25,ne_ndot_8033.25,8033.25,INTERMEDIATE FOUNDATION IMPROVEMENTS,LUMP SUM,LS,07,,current,ne_ndot_english_standard_item_list_2010,205,stditeme06252010.pdf#page=205;item=8033.25
ne_ndot_catalog_8033.30,ne_ndot_8033.30,8033.30,INTERMEDIATE FOUNDATION IMPROVEMENTS VERIFICATION TESTING,LUMP SUM,LS,07,,current,ne_ndot_english_standard_item_list_2010,205,stditeme06252010.pdf#page=205;item=8033.30
ne_ndot_catalog_8051.00,ne_ndot_8051.00,8051.00,SOIL BINDER,CU YD,CY,07,303.00,current,ne_ndot_english_standard_item_list_2010,205,stditeme06252010.pdf#page=205;item=8051.00
ne_ndot_catalog_8052.03,ne_ndot_8052.03,8052.03,ARMOR COAT EMULSIFIED ASPHALT,GALLON,GAL,07,,current,ne_ndot_english_standard_item_list_2010,205,stditeme06252010.pdf#page=205;item=8052.03
ne_ndot_catalog_8060.01,ne_ndot_8060.01,8060.01,"GRANULAR SUBDRAIN, TYPE A",EACH,EACH,07,915.00,current,ne_ndot_english_standard_item_list_2010,205,stditeme06252010.pdf#page=205;item=8060.01
ne_ndot_catalog_8060.02,ne_ndot_8060.02,8060.02,"GRANULAR SUBDRAIN, TYPE B",EACH,EACH,07,915.00,current,ne_ndot_english_standard_item_list_2010,205,stditeme06252010.pdf#page=205;item=8060.02
ne_ndot_catalog_8060.03,ne_ndot_8060.03,8060.03,"GRANULAR SUBDRAIN, TYPE C",EACH,EACH,07,915.00,current,ne_ndot_english_standard_item_list_2010,205,stditeme06252010.pdf#page=205;item=8060.03
ne_ndot_catalog_8060.05,ne_ndot_8060.05,8060.05,GRANULAR SUBDRAIN,EACH,EACH,07,915.00,current,ne_ndot_english_standard_item_list_2010,205,stditeme06252010.pdf#page=205;item=8060.05
ne_ndot_catalog_8060.06,ne_ndot_8060.06,8060.06,LONGITUDINAL SUBDRAIN,LIN FT,LF,07,,current,ne_ndot_english_standard_item_list_2010,205,stditeme06252010.pdf#page=205;item=8060.06
ne_ndot_catalog_8060.07,ne_ndot_8060.07,8060.07,"GRANULAR SUBDRAINS, TYPE G",EACH,EACH,07,915.00,current,ne_ndot_english_standard_item_list_2010,205,stditeme06252010.pdf#page=205;item=8060.07
ne_ndot_catalog_8060.08,ne_ndot_8060.08,8060.08,N-DRAIN,EACH,EACH,07,,current,ne_ndot_english_standard_item_list_2010,205,stditeme06252010.pdf#page=205;item=8060.08
ne_ndot_catalog_8060.10,ne_ndot_8060.10,8060.10,GRANULAR SUB-DRAINS,LUMP SUM,LS,07,,current,ne_ndot_english_standard_item_list_2010,205,stditeme06252010.pdf#page=205;item=8060.10
ne_ndot_catalog_8060.15,ne_ndot_8060.15,8060.15,SUBDRAIN OUTLET,EACH,EACH,07,,current,ne_ndot_english_standard_item_list_2010,205,stditeme06252010.pdf#page=205;item=8060.15
ne_ndot_catalog_8069.90,ne_ndot_8069.90,8069.90,MINERAL FILLER,TON,TON,07,,current,ne_ndot_english_standard_item_list_2010,206,stditeme06252010.pdf#page=206;item=8069.90
ne_ndot_catalog_8070.00,ne_ndot_8070.00,8070.00,MINERAL FILLER FROM LOCAL PITS,CU YD,CY,07,,current,ne_ndot_english_standard_item_list_2010,206,stditeme06252010.pdf#page=206;item=8070.00
ne_ndot_catalog_8070.05,ne_ndot_8070.05,8070.05,MINERAL FILLER FOR MICROSURFACING,TON,TON,07,514.00,current,ne_ndot_english_standard_item_list_2010,206,stditeme06252010.pdf#page=206;item=8070.05
ne_ndot_catalog_8070.08,ne_ndot_8070.08,8070.08,MINERAL FILLER FOR BITUMINOUS SAND BASE COURSE,CU YD,CY,07,509.00,current,ne_ndot_english_standard_item_list_2010,206,stditeme06252010.pdf#page=206;item=8070.08
ne_ndot_catalog_8070.10,ne_ndot_8070.10,8070.10,MINERAL AGGREGATE FROM LOCAL PITS,CU YD,CY,07,,current,ne_ndot_english_standard_item_list_2010,206,stditeme06252010.pdf#page=206;item=8070.10
ne_ndot_catalog_8070.20,ne_ndot_8070.20,8070.20,MINERAL AGGREGATE FOR SLURRY SEAL,TON,TON,07,,current,ne_ndot_english_standard_item_list_2010,206,stditeme06252010.pdf#page=206;item=8070.20
ne_ndot_catalog_8070.21,ne_ndot_8070.21,8070.21,"MINERAL AGGREGATE FOR SLURRY SEAL, TYPE 1",TON,TON,07,,current,ne_ndot_english_standard_item_list_2010,206,stditeme06252010.pdf#page=206;item=8070.21
ne_ndot_catalog_8079.00,ne_ndot_8079.00,8079.00,BALLAST,CU YD,CY,07,,current,ne_ndot_english_standard_item_list_2010,206,stditeme06252010.pdf#page=206;item=8079.00
ne_ndot_catalog_8079.01,ne_ndot_8079.01,8079.01,BALLAST,TON,TON,07,,current,ne_ndot_english_standard_item_list_2010,206,stditeme06252010.pdf#page=206;item=8079.01
ne_ndot_catalog_8079.10,ne_ndot_8079.10,8079.10,TEMPORARY BALLAST RETAINER,LIN FT,LF,07,,current,ne_ndot_english_standard_item_list_2010,206,stditeme06252010.pdf#page=206;item=8079.10
ne_ndot_catalog_8080.00,ne_ndot_8080.00,8080.00,SUBBALLAST,CU YD,CY,07,,current,ne_ndot_english_standard_item_list_2010,206,stditeme06252010.pdf#page=206;item=8080.00
ne_ndot_catalog_8080.02,ne_ndot_8080.02,8080.02,SUBBALLAST,TON,TON,07,,current,ne_ndot_english_standard_item_list_2010,206,stditeme06252010.pdf#page=206;item=8080.02
ne_ndot_catalog_8087.00,ne_ndot_8087.00,8087.00,GRANULAR DRAINAGE COURSE,SQ YD,SY,07,,current,ne_ndot_english_standard_item_list_2010,206,stditeme06252010.pdf#page=206;item=8087.00
ne_ndot_catalog_8089.00,ne_ndot_8089.00,8089.00,GRANULAR MATERIAL,CU YD,CY,07,,current,ne_ndot_english_standard_item_list_2010,206,stditeme06252010.pdf#page=206;item=8089.00
ne_ndot_catalog_8089.05,ne_ndot_8089.05,8089.05,GRANULAR MATERIAL,TON,TON,07,,current,ne_ndot_english_standard_item_list_2010,206,stditeme06252010.pdf#page=206;item=8089.05
ne_ndot_catalog_8090.00,ne_ndot_8090.00,8090.00,GRANULAR FILL,CU YD,CY,07,306.00,current,ne_ndot_english_standard_item_list_2010,206,stditeme06252010.pdf#page=206;item=8090.00
ne_ndot_catalog_8090.01,ne_ndot_8090.01,8090.01,GRANULAR FILL,CU YD,CY,07,306.00,current,ne_ndot_english_standard_item_list_2010,206,stditeme06252010.pdf#page=206;item=8090.01
ne_ndot_catalog_8090.02,ne_ndot_8090.02,8090.02,GRANULAR FILL,TON,TON,07,,current,ne_ndot_english_standard_item_list_2010,206,stditeme06252010.pdf#page=206;item=8090.02
ne_ndot_catalog_8090.03,ne_ndot_8090.03,8090.03,GRANULAR FILL,LUMP SUM,LS,07,,current,ne_ndot_english_standard_item_list_2010,206,stditeme06252010.pdf#page=206;item=8090.03
ne_ndot_catalog_8091.00,ne_ndot_8091.00,8091.00,GRANULAR BACKFILL,CU YD,CY,07,702.00,current,ne_ndot_english_standard_item_list_2010,207,stditeme06252010.pdf#page=207;item=8091.00
ne_ndot_catalog_8091.03,ne_ndot_8091.03,8091.03,SELECT GRANULAR BACKFILL,CU YD,CY,07,,current,ne_ndot_english_standard_item_list_2010,207,stditeme06252010.pdf#page=207;item=8091.03
ne_ndot_catalog_8091.10,ne_ndot_8091.10,8091.10,GRANULAR BACKFILL,TON,TON,07,,current,ne_ndot_english_standard_item_list_2010,207,stditeme06252010.pdf#page=207;item=8091.10
ne_ndot_catalog_8091.15,ne_ndot_8091.15,8091.15,LIGHTWEIGHT BACKFILL,CU YD,CY,07,,current,ne_ndot_english_standard_item_list_2010,207,stditeme06252010.pdf#page=207;item=8091.15
ne_ndot_catalog_8092.00,ne_ndot_8092.00,8092.00,GRANULAR BEDDING,TON,TON,07,,current,ne_ndot_english_standard_item_list_2010,207,stditeme06252010.pdf#page=207;item=8092.00
ne_ndot_catalog_8092.01,ne_ndot_8092.01,8092.01,GRANULAR BEDDING,TON,TON,07,,current,ne_ndot_english_standard_item_list_2010,207,stditeme06252010.pdf#page=207;item=8092.01
ne_ndot_catalog_8092.03,ne_ndot_8092.03,8092.03,AGGREGATE BEDDING,TON,TON,07,,current,ne_ndot_english_standard_item_list_2010,207,stditeme06252010.pdf#page=207;item=8092.03
ne_ndot_catalog_8092.50,ne_ndot_8092.50,8092.50,GRANULAR BEDDING,CU YD,CY,07,,current,ne_ndot_english_standard_item_list_2010,207,stditeme06252010.pdf#page=207;item=8092.50
ne_ndot_catalog_8092.52,ne_ndot_8092.52,8092.52,GRANULAR BEDDING,CU YD,CY,07,,current,ne_ndot_english_standard_item_list_2010,207,stditeme06252010.pdf#page=207;item=8092.52
ne_ndot_catalog_8092.60,ne_ndot_8092.60,8092.60,CLASS B BEDDING,LIN FT,LF,07,,current,ne_ndot_english_standard_item_list_2010,207,stditeme06252010.pdf#page=207;item=8092.60
ne_ndot_catalog_8092.65,ne_ndot_8092.65,8092.65,CLASS B BEDDING,CU YD,CY,07,,current,ne_ndot_english_standard_item_list_2010,207,stditeme06252010.pdf#page=207;item=8092.65
ne_ndot_catalog_8093.00,ne_ndot_8093.00,8093.00,SAND BLANKET,CU YD,CY,07,,current,ne_ndot_english_standard_item_list_2010,207,stditeme06252010.pdf#page=207;item=8093.00
ne_ndot_catalog_8093.01,ne_ndot_8093.01,8093.01,FILTER BLANKET,TON,TON,07,,current,ne_ndot_english_standard_item_list_2010,207,stditeme06252010.pdf#page=207;item=8093.01
ne_ndot_catalog_8094.00,ne_ndot_8094.00,8094.00,GRANULAR EMBEDMENT,STATION,STA,07,,current,ne_ndot_english_standard_item_list_2010,207,stditeme06252010.pdf#page=207;item=8094.00
ne_ndot_catalog_8094.10,ne_ndot_8094.10,8094.10,GRANULAR EMBEDMENT,SQ YD,SY,07,,current,ne_ndot_english_standard_item_list_2010,207,stditeme06252010.pdf#page=207;item=8094.10
ne_ndot_catalog_8094.20,ne_ndot_8094.20,8094.20,CRUSHED CONCRETE EMBEDMENT,STATION,STA,07,,current,ne_ndot_english_standard_item_list_2010,207,stditeme06252010.pdf#page=207;item=8094.20
ne_ndot_catalog_8094.21,ne_ndot_8094.21,8094.21,CRUSHED CONCRETE EMBEDMENT,SQ YD,SY,07,,current,ne_ndot_english_standard_item_list_2010,207,stditeme06252010.pdf#page=207;item=8094.21
ne_ndot_catalog_8094.25,ne_ndot_8094.25,8094.25,BINDER EMBEDMENT,STATION,STA,07,,current,ne_ndot_english_standard_item_list_2010,207,stditeme06252010.pdf#page=207;item=8094.25
ne_ndot_catalog_8101.00,ne_ndot_8101.00,8101.00,SUBGRADE STABILIZATION,STATION,STA,07,303.00,current,ne_ndot_english_standard_item_list_2010,207,stditeme06252010.pdf#page=207;item=8101.00
ne_ndot_catalog_8101.01,ne_ndot_8101.01,8101.01,SUBGRADE STABILIZATION,STATION,STA,07,303.00,current,ne_ndot_english_standard_item_list_2010,208,stditeme06252010.pdf#page=208;item=8101.01
ne_ndot_catalog_8101.40,ne_ndot_8101.40,8101.40,SUBGRADE STABILIZATION,SQ YD,SY,07,,current,ne_ndot_english_standard_item_list_2010,208,stditeme06252010.pdf#page=208;item=8101.40
ne_ndot_catalog_8101.49,ne_ndot_8101.49,8101.49,STABILIZED SUBGRADE,STATION,STA,07,,current,ne_ndot_english_standard_item_list_2010,208,stditeme06252010.pdf#page=208;item=8101.49
ne_ndot_catalog_8101.50,ne_ndot_8101.50,8101.50,STABILIZED SUBGRADE,SQ YD,SY,07,,current,ne_ndot_english_standard_item_list_2010,208,stditeme06252010.pdf#page=208;item=8101.50
ne_ndot_catalog_8101.51,ne_ndot_8101.51,8101.51,WATER FOR STABILIZED SUBGRADE,M GAL,MGAL,07,,current,ne_ndot_english_standard_item_list_2010,208,stditeme06252010.pdf#page=208;item=8101.51
ne_ndot_catalog_8101.52,ne_ndot_8101.52,8101.52,STABILIZED SUBGRADE,SQ YD,SY,07,,current,ne_ndot_english_standard_item_list_2010,208,stditeme06252010.pdf#page=208;item=8101.52
ne_ndot_catalog_8110.10,ne_ndot_8110.10,8110.10,SHOULDER SUBGRADE STABILIZATION,STATION,STA,07,,current,ne_ndot_english_standard_item_list_2010,208,stditeme06252010.pdf#page=208;item=8110.10
ne_ndot_catalog_8110.20,ne_ndot_8110.20,8110.20,SHOULDER SUBGRADE STABILIZATION,SQ YD,SY,07,,current,ne_ndot_english_standard_item_list_2010,208,stditeme06252010.pdf#page=208;item=8110.20
ne_ndot_catalog_8110.50,ne_ndot_8110.50,8110.50,HYDRATED LIME SLURRY STABILIZATION,STATION,STA,07,,current,ne_ndot_english_standard_item_list_2010,208,stditeme06252010.pdf#page=208;item=8110.50
ne_ndot_catalog_8110.51,ne_ndot_8110.51,8110.51,HYDRATED LIME SLURRY STABILIZATION,LUMP SUM,LS,07,,current,ne_ndot_english_standard_item_list_2010,208,stditeme06252010.pdf#page=208;item=8110.51
ne_ndot_catalog_8111.00,ne_ndot_8111.00,8111.00,SHOULDER SUBGRADE PREPARATION,STATION,STA,07,302.00,current,ne_ndot_english_standard_item_list_2010,208,stditeme06252010.pdf#page=208;item=8111.00
ne_ndot_catalog_8111.01,ne_ndot_8111.01,8111.01,SHOULDER SUBGRADE PREPARATION,STATION,STA,07,302.00,current,ne_ndot_english_standard_item_list_2010,208,stditeme06252010.pdf#page=208;item=8111.01
ne_ndot_catalog_8111.20,ne_ndot_8111.20,8111.20,SHOULDER SUBGRADE PREPARATION,SQ YD,SY,07,302.00,current,ne_ndot_english_standard_item_list_2010,208,stditeme06252010.pdf#page=208;item=8111.20
ne_ndot_catalog_8111.50,ne_ndot_8111.50,8111.50,SHOULDER SUBGRADE RECONSTRUCTION,SQ YD,SY,07,,current,ne_ndot_english_standard_item_list_2010,208,stditeme06252010.pdf#page=208;item=8111.50
ne_ndot_catalog_9000.01,ne_ndot_9000.01,9000.01,ASPHALTIC CONCRETE,TON,TON,07,,current,ne_ndot_english_standard_item_list_2010,208,stditeme06252010.pdf#page=208;item=9000.01
ne_ndot_catalog_9000.25,ne_ndot_9000.25,9000.25,ASPHALTIC CONCRETE FOR SWALE CORRECTION,TON,TON,07,,current,ne_ndot_english_standard_item_list_2010,208,stditeme06252010.pdf#page=208;item=9000.25
ne_ndot_catalog_9000.50,ne_ndot_9000.50,9000.50,ASPHALTIC CONCRETE FOR TEMPORARY SURFACING,TON,TON,07,,current,ne_ndot_english_standard_item_list_2010,208,stditeme06252010.pdf#page=208;item=9000.50
ne_ndot_catalog_9000.73,ne_ndot_9000.73,9000.73,"ASPHALTIC CONCRETE FOR STATE MAINTENANCE PATCHING, TYPE",TON,TON,07,507.00,current,ne_ndot_english_standard_item_list_2010,208,stditeme06252010.pdf#page=208;item=9000.73
ne_ndot_catalog_9000.74,ne_ndot_9000.74,9000.74,"ASPHALTIC CONCRETE FOR STATE MAINTENANCE PATCHING, TYPE",TON,TON,07,507.00,current,ne_ndot_english_standard_item_list_2010,208,stditeme06252010.pdf#page=208;item=9000.74
ne_ndot_catalog_9000.75,ne_ndot_9000.75,9000.75,"ASPHALTIC CONCRETE FOR STATE MAINTENANCE PATCHING, TYPE",TON,TON,07,507.00,current,ne_ndot_english_standard_item_list_2010,209,stditeme06252010.pdf#page=209;item=9000.75
ne_ndot_catalog_9001.90,ne_ndot_9001.90,9001.90,ULTRATHIN BONDED ASPHALT WEARING COURSE,TON,TON,07,,current,ne_ndot_english_standard_item_list_2010,209,stditeme06252010.pdf#page=209;item=9001.90
ne_ndot_catalog_9001.95,ne_ndot_9001.95,9001.95,"ASPHALTIC CONCRETE, TYPE 5/8-INCH",TON,TON,07,,current,ne_ndot_english_standard_item_list_2010,209,stditeme06252010.pdf#page=209;item=9001.95
ne_ndot_catalog_9001.96,ne_ndot_9001.96,9001.96,"ASPHALTIC CONCRETE, TYPE SURFACE COURSE 5/8-INCH MIX",TON,TON,07,,current,ne_ndot_english_standard_item_list_2010,209,stditeme06252010.pdf#page=209;item=9001.96
ne_ndot_catalog_9003.15,ne_ndot_9003.15,9003.15,"ASPHALTIC CONCRETE, TYPE CMM",TON,TON,07,,current,ne_ndot_english_standard_item_list_2010,209,stditeme06252010.pdf#page=209;item=9003.15
ne_ndot_catalog_9003.17,ne_ndot_9003.17,9003.17,"ASPHALTIC CONCRETE, TYPE FMM",TON,TON,07,,current,ne_ndot_english_standard_item_list_2010,209,stditeme06252010.pdf#page=209;item=9003.17
ne_ndot_catalog_9003.40,ne_ndot_9003.40,9003.40,"ASPHALTIC CONCRETE, TYPE GGCRMLV",TON,TON,07,,current,ne_ndot_english_standard_item_list_2010,209,stditeme06252010.pdf#page=209;item=9003.40
ne_ndot_catalog_9003.45,ne_ndot_9003.45,9003.45,"ASPHALTIC CONCRETE, TYPE GGCRM",TON,TON,07,,current,ne_ndot_english_standard_item_list_2010,209,stditeme06252010.pdf#page=209;item=9003.45
ne_ndot_catalog_9003.50,ne_ndot_9003.50,9003.50,"ASPHALTIC CONCRETE, TYPE HMR",TON,TON,07,507.00,current,ne_ndot_english_standard_item_list_2010,209,stditeme06252010.pdf#page=209;item=9003.50
ne_ndot_catalog_9004.55,ne_ndot_9004.55,9004.55,"ASPHALTIC CONCRETE, TYPE SURFACE",TON,TON,07,,current,ne_ndot_english_standard_item_list_2010,209,stditeme06252010.pdf#page=209;item=9004.55
ne_ndot_catalog_9004.58,ne_ndot_9004.58,9004.58,"ASPHALTIC CONCRETE, TYPE BASE",TON,TON,07,,current,ne_ndot_english_standard_item_list_2010,209,stditeme06252010.pdf#page=209;item=9004.58
ne_ndot_catalog_9004.65,ne_ndot_9004.65,9004.65,"ASPHALTIC CONCRETE, TYPE OGFC",TON,TON,07,,current,ne_ndot_english_standard_item_list_2010,209,stditeme06252010.pdf#page=209;item=9004.65
ne_ndot_catalog_9004.88,ne_ndot_9004.88,9004.88,COLD IN-PLACE RECYCLING,STATION,STA,07,,current,ne_ndot_english_standard_item_list_2010,209,stditeme06252010.pdf#page=209;item=9004.88
ne_ndot_catalog_9004.89,ne_ndot_9004.89,9004.89,COLD IN-PLACE RECYCLING,STATION,STA,07,,current,ne_ndot_english_standard_item_list_2010,209,stditeme06252010.pdf#page=209;item=9004.89
ne_ndot_catalog_9004.90,ne_ndot_9004.90,9004.90,COLD IN-PLACE RECYCLING,SQ YD,SY,07,,current,ne_ndot_english_standard_item_list_2010,209,stditeme06252010.pdf#page=209;item=9004.90
ne_ndot_catalog_9004.91,ne_ndot_9004.91,9004.91,HOT IN-PLACE RECYCLING,STATION,STA,07,,current,ne_ndot_english_standard_item_list_2010,209,stditeme06252010.pdf#page=209;item=9004.91
ne_ndot_catalog_9004.92,ne_ndot_9004.92,9004.92,HOT IN-PLACE RECYCLING,SQ YD,SY,07,,current,ne_ndot_english_standard_item_list_2010,209,stditeme06252010.pdf#page=209;item=9004.92
ne_ndot_catalog_9004.93,ne_ndot_9004.93,9004.93,HOT IN-PLACE RECYCLING,STATION,STA,07,,current,ne_ndot_english_standard_item_list_2010,209,stditeme06252010.pdf#page=209;item=9004.93
ne_ndot_catalog_9005.00,ne_ndot_9005.00,9005.00,"ASPHALTIC CONCRETE FOR PATCHING, TYPE",TON,TON,07,516.00,current,ne_ndot_english_standard_item_list_2010,209,stditeme06252010.pdf#page=209;item=9005.00
ne_ndot_catalog_9005.01,ne_ndot_9005.01,9005.01,"ASPHALTIC CONCRETE FOR PATCHING, TYPE",TON,TON,07,516.00,current,ne_ndot_english_standard_item_list_2010,210,stditeme06252010.pdf#page=210;item=9005.01
ne_ndot_catalog_9005.03,ne_ndot_9005.03,9005.03,"ASPHALTIC CONCRETE FOR PATCHING, TYPE",TON,TON,07,516.00,current,ne_ndot_english_standard_item_list_2010,210,stditeme06252010.pdf#page=210;item=9005.03
ne_ndot_catalog_9005.04,ne_ndot_9005.04,9005.04,ASPHALTIC CONCRETE FOR PATCHING,TON,TON,07,,current,ne_ndot_english_standard_item_list_2010,210,stditeme06252010.pdf#page=210;item=9005.04
ne_ndot_catalog_9005.10,ne_ndot_9005.10,9005.10,ASPHALTIC CONCRETE BIKEWAY,TON,TON,07,,current,ne_ndot_english_standard_item_list_2010,210,stditeme06252010.pdf#page=210;item=9005.10
ne_ndot_catalog_9005.21,ne_ndot_9005.21,9005.21,PATCHING BITUMINOUS SAND,SQ YD,SY,07,,current,ne_ndot_english_standard_item_list_2010,210,stditeme06252010.pdf#page=210;item=9005.21
ne_ndot_catalog_9005.23,ne_ndot_9005.23,9005.23,"ASPHALTIC CONCRETE, TYPE SPS",TON,TON,07,503.00,current,ne_ndot_english_standard_item_list_2010,210,stditeme06252010.pdf#page=210;item=9005.23
ne_ndot_catalog_9005.24,ne_ndot_9005.24,9005.24,"ASPHALTIC CONCRETE, TYPE SPL",TON,TON,07,503.00,current,ne_ndot_english_standard_item_list_2010,210,stditeme06252010.pdf#page=210;item=9005.24
ne_ndot_catalog_9005.25,ne_ndot_9005.25,9005.25,"ASPHALTIC CONCRETE, TYPE SP1(0.5)",TON,TON,07,,current,ne_ndot_english_standard_item_list_2010,210,stditeme06252010.pdf#page=210;item=9005.25
ne_ndot_catalog_9005.26,ne_ndot_9005.26,9005.26,"ASPHALTIC CONCRETE, TYPE SP1(0.375)",TON,TON,07,,current,ne_ndot_english_standard_item_list_2010,210,stditeme06252010.pdf#page=210;item=9005.26
ne_ndot_catalog_9005.27,ne_ndot_9005.27,9005.27,"ASPHALTIC CONCRETE, TYPE SP1(0.75)",TON,TON,07,,current,ne_ndot_english_standard_item_list_2010,210,stditeme06252010.pdf#page=210;item=9005.27
ne_ndot_catalog_9005.30,ne_ndot_9005.30,9005.30,"ASPHALTIC CONCRETE, TYPE SP2(0.5)",TON,TON,07,,current,ne_ndot_english_standard_item_list_2010,210,stditeme06252010.pdf#page=210;item=9005.30
ne_ndot_catalog_9005.31,ne_ndot_9005.31,9005.31,"ASPHALTIC CONCRETE, TYPE SP2(0.375)",TON,TON,07,,current,ne_ndot_english_standard_item_list_2010,210,stditeme06252010.pdf#page=210;item=9005.31
ne_ndot_catalog_9005.34,ne_ndot_9005.34,9005.34,"ASPHALTIC CONCRETE, TYPE SP3(0.375)",TON,TON,07,,current,ne_ndot_english_standard_item_list_2010,210,stditeme06252010.pdf#page=210;item=9005.34
ne_ndot_catalog_9005.35,ne_ndot_9005.35,9005.35,"ASPHALTIC CONCRETE, TYPE SP3(0.5)",TON,TON,07,,current,ne_ndot_english_standard_item_list_2010,210,stditeme06252010.pdf#page=210;item=9005.35
ne_ndot_catalog_9005.43,ne_ndot_9005.43,9005.43,"ASPHALTIC CONCRETE, TYPE SP4(0.19)",TON,TON,07,,current,ne_ndot_english_standard_item_list_2010,210,stditeme06252010.pdf#page=210;item=9005.43
ne_ndot_catalog_9005.44,ne_ndot_9005.44,9005.44,"ASPHALTIC CONCRETE, TYPE SP4(0.375)",TON,TON,07,503.00,current,ne_ndot_english_standard_item_list_2010,210,stditeme06252010.pdf#page=210;item=9005.44
ne_ndot_catalog_9005.45,ne_ndot_9005.45,9005.45,"ASPHALTIC CONCRETE, TYPE SP4(0.5)",TON,TON,07,503.00,current,ne_ndot_english_standard_item_list_2010,210,stditeme06252010.pdf#page=210;item=9005.45
ne_ndot_catalog_9005.46,ne_ndot_9005.46,9005.46,"ASPHALTIC CONCRETE, TYPE SP4(0.5)",TON,TON,07,,current,ne_ndot_english_standard_item_list_2010,210,stditeme06252010.pdf#page=210;item=9005.46
ne_ndot_catalog_9005.50,ne_ndot_9005.50,9005.50,"ASPHALTIC CONCRETE, TYPE SP4 SPECIAL(0.375)",TON,TON,07,,current,ne_ndot_english_standard_item_list_2010,210,stditeme06252010.pdf#page=210;item=9005.50
ne_ndot_catalog_9005.51,ne_ndot_9005.51,9005.51,"ASPHALTIC CONCRETE, TYPE SP4 SPECIAL(0.5)",TON,TON,07,,current,ne_ndot_english_standard_item_list_2010,211,stditeme06252010.pdf#page=211;item=9005.51
ne_ndot_catalog_9005.55,ne_ndot_9005.55,9005.55,"ASPHALTIC CONCRETE, TYPE SP5(0.5)",TON,TON,07,503.00,current,ne_ndot_english_standard_item_list_2010,211,stditeme06252010.pdf#page=211;item=9005.55
ne_ndot_catalog_9005.56,ne_ndot_9005.56,9005.56,"ASPHALTIC CONCRETE, TYPE SP5(0.75)",TON,TON,07,,current,ne_ndot_english_standard_item_list_2010,211,stditeme06252010.pdf#page=211;item=9005.56
ne_ndot_catalog_9005.57,ne_ndot_9005.57,9005.57,"ASPHALTIC CONCRETE, TYPE SP5(0.375)",TON,TON,07,503.00,current,ne_ndot_english_standard_item_list_2010,211,stditeme06252010.pdf#page=211;item=9005.57
ne_ndot_catalog_9005.58,ne_ndot_9005.58,9005.58,"ASPHALTIC CONCRETE, TYPE SP5(0.19)",TON,TON,07,,current,ne_ndot_english_standard_item_list_2010,211,stditeme06252010.pdf#page=211;item=9005.58
ne_ndot_catalog_9005.60,ne_ndot_9005.60,9005.60,"ASPHALTIC CONCRETE, TYPE SP0(0.5)",TON,TON,07,,current,ne_ndot_english_standard_item_list_2010,211,stditeme06252010.pdf#page=211;item=9005.60
ne_ndot_catalog_9005.64,ne_ndot_9005.64,9005.64,"ASPHALTIC CONCRETE, TYPE SP6(0.375)",TON,TON,07,,current,ne_ndot_english_standard_item_list_2010,211,stditeme06252010.pdf#page=211;item=9005.64
ne_ndot_catalog_9005.65,ne_ndot_9005.65,9005.65,"ASPHALTIC CONCRETE, TYPE SP6(0.5)",TON,TON,07,,current,ne_ndot_english_standard_item_list_2010,211,stditeme06252010.pdf#page=211;item=9005.65
ne_ndot_catalog_9005.66,ne_ndot_9005.66,9005.66,"ASPHALTIC CONCRETE, TYPE OGFC-CRM",TON,TON,07,,current,ne_ndot_english_standard_item_list_2010,211,stditeme06252010.pdf#page=211;item=9005.66
ne_ndot_catalog_9005.69,ne_ndot_9005.69,9005.69,"ASPHALTIC CONCRETE, TYPE RLC",TON,TON,07,,current,ne_ndot_english_standard_item_list_2010,211,stditeme06252010.pdf#page=211;item=9005.69
ne_ndot_catalog_9005.70,ne_ndot_9005.70,9005.70,"ASPHALTIC CONCRETE, TYPE LC",TON,TON,07,,current,ne_ndot_english_standard_item_list_2010,211,stditeme06252010.pdf#page=211;item=9005.70
ne_ndot_catalog_9005.75,ne_ndot_9005.75,9005.75,"ASPHALTIC CONCRETE, TYPE SPR",TON,TON,07,,current,ne_ndot_english_standard_item_list_2010,211,stditeme06252010.pdf#page=211;item=9005.75
ne_ndot_catalog_9005.85,ne_ndot_9005.85,9005.85,HIGH RAP BASE,TON,TON,07,,current,ne_ndot_english_standard_item_list_2010,211,stditeme06252010.pdf#page=211;item=9005.85
ne_ndot_catalog_9009.00,ne_ndot_9009.00,9009.00,PLACEMENT OF ASPHALTIC CONCRETE FOR DRIVEWAYS AND,SQ YD,SY,07,503.00,current,ne_ndot_english_standard_item_list_2010,211,stditeme06252010.pdf#page=211;item=9009.00
ne_ndot_catalog_9009.10,ne_ndot_9009.10,9009.10,PLACEMENT OF ASPHALTIC CONCRETE FOR DITCH LINER,SQ YD,SY,07,,current,ne_ndot_english_standard_item_list_2010,211,stditeme06252010.pdf#page=211;item=9009.10
ne_ndot_catalog_9009.15,ne_ndot_9009.15,9009.15,MICROSURFACING PLACEMENT,STATION,STA,07,,current,ne_ndot_english_standard_item_list_2010,211,stditeme06252010.pdf#page=211;item=9009.15
ne_ndot_catalog_9009.17,ne_ndot_9009.17,9009.17,MICROSURFACING PLACEMENT,LIN FT,LF,07,,current,ne_ndot_english_standard_item_list_2010,211,stditeme06252010.pdf#page=211;item=9009.17
ne_ndot_catalog_9009.70,ne_ndot_9009.70,9009.70,PATCHING,TON,TON,07,,current,ne_ndot_english_standard_item_list_2010,211,stditeme06252010.pdf#page=211;item=9009.70
ne_ndot_catalog_9009.72,ne_ndot_9009.72,9009.72,PATCHING,SQ YD,SY,07,,current,ne_ndot_english_standard_item_list_2010,212,stditeme06252010.pdf#page=212;item=9009.72
ne_ndot_catalog_9009.73,ne_ndot_9009.73,9009.73,TEMPORARY ASPHALT SURFACING,SQ YD,SY,07,,current,ne_ndot_english_standard_item_list_2010,212,stditeme06252010.pdf#page=212;item=9009.73
ne_ndot_catalog_9009.75,ne_ndot_9009.75,9009.75,TEMPORARY SURFACING,SQ YD,SY,07,,current,ne_ndot_english_standard_item_list_2010,212,stditeme06252010.pdf#page=212;item=9009.75
ne_ndot_catalog_9009.76,ne_ndot_9009.76,9009.76,TEMPORARY SURFACING,CU YD,CY,07,,current,ne_ndot_english_standard_item_list_2010,212,stditeme06252010.pdf#page=212;item=9009.76
ne_ndot_catalog_9009.77,ne_ndot_9009.77,9009.77,TEMPORARY SURFACING,TON,TON,07,,current,ne_ndot_english_standard_item_list_2010,212,stditeme06252010.pdf#page=212;item=9009.77
ne_ndot_catalog_9009.78,ne_ndot_9009.78,9009.78,TEMPORARY SURFACING,SQ YD,SY,07,,current,ne_ndot_english_standard_item_list_2010,212,stditeme06252010.pdf#page=212;item=9009.78
ne_ndot_catalog_9009.79,ne_ndot_9009.79,9009.79,TEMPORARY SURFACING,SQ YD,SY,07,,current,ne_ndot_english_standard_item_list_2010,212,stditeme06252010.pdf#page=212;item=9009.79
ne_ndot_catalog_9009.86,ne_ndot_9009.86,9009.86,"SURFACING 6""",SQ YD,SY,07,,current,ne_ndot_english_standard_item_list_2010,212,stditeme06252010.pdf#page=212;item=9009.86
ne_ndot_catalog_9009.87,ne_ndot_9009.87,9009.87,"SURFACING 8""",SQ YD,SY,07,,current,ne_ndot_english_standard_item_list_2010,212,stditeme06252010.pdf#page=212;item=9009.87
ne_ndot_catalog_9009.88,ne_ndot_9009.88,9009.88,"SURFACING 10""",SQ YD,SY,07,,current,ne_ndot_english_standard_item_list_2010,212,stditeme06252010.pdf#page=212;item=9009.88
ne_ndot_catalog_9009.89,ne_ndot_9009.89,9009.89,"SURFACING 9""",SQ YD,SY,07,,current,ne_ndot_english_standard_item_list_2010,212,stditeme06252010.pdf#page=212;item=9009.89
ne_ndot_catalog_9009.90,ne_ndot_9009.90,9009.90,"4"" ASPHALTIC CONCRETE BIKEWAY",SQ YD,SY,07,,current,ne_ndot_english_standard_item_list_2010,212,stditeme06252010.pdf#page=212;item=9009.90
ne_ndot_catalog_9020.70,ne_ndot_9020.70,9020.70,ASPHALT-RUBBER BINDER,TON,TON,07,,current,ne_ndot_english_standard_item_list_2010,212,stditeme06252010.pdf#page=212;item=9020.70
ne_ndot_catalog_9020.71,ne_ndot_9020.71,9020.71,GTR & TOR FOR ASPHALT MIXTURES,POUND,LB,07,,current,ne_ndot_english_standard_item_list_2010,212,stditeme06252010.pdf#page=212;item=9020.71
ne_ndot_catalog_9020.75,ne_ndot_9020.75,9020.75,REJUVENATING AGENT,TON,TON,07,,current,ne_ndot_english_standard_item_list_2010,212,stditeme06252010.pdf#page=212;item=9020.75
ne_ndot_catalog_9020.85,ne_ndot_9020.85,9020.85,ASPHALT-RUBBER BINDER FOR STATE MAINTENANCE PATCHING,TON,TON,07,,current,ne_ndot_english_standard_item_list_2010,212,stditeme06252010.pdf#page=212;item=9020.85
ne_ndot_catalog_9020.89,ne_ndot_9020.89,9020.89,PERFORMANCE GRADED BINDER (52-34) FOR STATE MAINTENANCE PATCHING,TON,TON,07,,current,ne_ndot_english_standard_item_list_2010,212,stditeme06252010.pdf#page=212;item=9020.89
ne_ndot_catalog_9020.90,ne_ndot_9020.90,9020.90,PERFORMANCE GRADED BINDER (58-22) FOR STATE MAINTENANCE PATCHING,TON,TON,07,,current,ne_ndot_english_standard_item_list_2010,212,stditeme06252010.pdf#page=212;item=9020.90
ne_ndot_catalog_9020.91,ne_ndot_9020.91,9020.91,PERFORMANCE GRADED BINDER (64-22) FOR STATE MAINTENANCE PATCHING,TON,TON,07,,current,ne_ndot_english_standard_item_list_2010,212,stditeme06252010.pdf#page=212;item=9020.91
ne_ndot_catalog_9020.92,ne_ndot_9020.92,9020.92,PERFORMANCE GRADED BINDER (58-28) FOR STATE MAINTENANCE PATCHING,TON,TON,07,,current,ne_ndot_english_standard_item_list_2010,213,stditeme06252010.pdf#page=213;item=9020.92
ne_ndot_catalog_9020.93,ne_ndot_9020.93,9020.93,PERFORMANCE GRADED BINDER (58-34) FOR STATE MAINTENANCE PATCHING,TON,TON,07,,current,ne_ndot_english_standard_item_list_2010,213,stditeme06252010.pdf#page=213;item=9020.93
ne_ndot_catalog_9020.94,ne_ndot_9020.94,9020.94,PERFORMANCE GRADED BINDER (64-28) FOR STATE MAINTENANCE PATCHING,TON,TON,07,,current,ne_ndot_english_standard_item_list_2010,213,stditeme06252010.pdf#page=213;item=9020.94
ne_ndot_catalog_9020.95,ne_ndot_9020.95,9020.95,PERFORMANCE GRADED BINDER (64-34) FOR STATE MAINTENANCE PATCHING,TON,TON,07,,current,ne_ndot_english_standard_item_list_2010,213,stditeme06252010.pdf#page=213;item=9020.95
ne_ndot_catalog_9020.96,ne_ndot_9020.96,9020.96,PERFORMANCE GRADED BINDER (70-28) FOR STATE MAINTENANCE PATCHING,TON,TON,07,,current,ne_ndot_english_standard_item_list_2010,213,stditeme06252010.pdf#page=213;item=9020.96
ne_ndot_catalog_9020.97,ne_ndot_9020.97,9020.97,PERFORMANCE GRADED BINDER (70-34) FOR STATE MAINTENANCE PATCHING,TON,TON,07,,current,ne_ndot_english_standard_item_list_2010,213,stditeme06252010.pdf#page=213;item=9020.97
ne_ndot_catalog_9020.98,ne_ndot_9020.98,9020.98,PERFORMANCE GRADED BINDER SPR FOR STATE MAINTENANCE PATCHING,TON,TON,07,,current,ne_ndot_english_standard_item_list_2010,213,stditeme06252010.pdf#page=213;item=9020.98
ne_ndot_catalog_9020.99,ne_ndot_9020.99,9020.99,TERMINAL BLENDED CRUMB RUBBER BINDER FOR STATE MAINTENANCE PATCHING,TON,TON,07,,current,ne_ndot_english_standard_item_list_2010,213,stditeme06252010.pdf#page=213;item=9020.99
ne_ndot_catalog_9021.00,ne_ndot_9021.00,9021.00,PERFORMANCE GRADED BINDER (58-22),TON,TON,07,,current,ne_ndot_english_standard_item_list_2010,213,stditeme06252010.pdf#page=213;item=9021.00
ne_ndot_catalog_9021.01,ne_ndot_9021.01,9021.01,PERFORMANCE GRADED BINDER (64-22),TON,TON,07,,current,ne_ndot_english_standard_item_list_2010,213,stditeme06252010.pdf#page=213;item=9021.01
ne_ndot_catalog_9021.02,ne_ndot_9021.02,9021.02,PERFORMANCE GRADED BINDER (70-22),TON,TON,07,,current,ne_ndot_english_standard_item_list_2010,213,stditeme06252010.pdf#page=213;item=9021.02
ne_ndot_catalog_9021.03,ne_ndot_9021.03,9021.03,PERFORMANCE GRADED BINDER (58-28),TON,TON,07,,current,ne_ndot_english_standard_item_list_2010,213,stditeme06252010.pdf#page=213;item=9021.03
ne_ndot_catalog_9021.04,ne_ndot_9021.04,9021.04,PERFORMANCE GRADED BINDER (70-28),TON,TON,07,,current,ne_ndot_english_standard_item_list_2010,213,stditeme06252010.pdf#page=213;item=9021.04
ne_ndot_catalog_9021.05,ne_ndot_9021.05,9021.05,PERFORMANCE GRADED BINDER (58-34),TON,TON,07,,current,ne_ndot_english_standard_item_list_2010,213,stditeme06252010.pdf#page=213;item=9021.05
ne_ndot_catalog_9021.06,ne_ndot_9021.06,9021.06,PERFORMANCE GRADED BINDER (70-34),TON,TON,07,,current,ne_ndot_english_standard_item_list_2010,213,stditeme06252010.pdf#page=213;item=9021.06
ne_ndot_catalog_9021.07,ne_ndot_9021.07,9021.07,PERFORMANCE GRADED BINDER (76-28),TON,TON,07,,current,ne_ndot_english_standard_item_list_2010,213,stditeme06252010.pdf#page=213;item=9021.07
ne_ndot_catalog_9021.08,ne_ndot_9021.08,9021.08,PERFORMANCE GRADED BINDER (64-28),TON,TON,07,,current,ne_ndot_english_standard_item_list_2010,213,stditeme06252010.pdf#page=213;item=9021.08
ne_ndot_catalog_9021.10,ne_ndot_9021.10,9021.10,PERFORMANCE GRADED BINDER (64-22),TON,TON,07,,current,ne_ndot_english_standard_item_list_2010,213,stditeme06252010.pdf#page=213;item=9021.10
ne_ndot_catalog_9021.11,ne_ndot_9021.11,9021.11,PERFORMANCE GRADED BINDER (70-16),TON,TON,07,,current,ne_ndot_english_standard_item_list_2010,213,stditeme06252010.pdf#page=213;item=9021.11
ne_ndot_catalog_9021.12,ne_ndot_9021.12,9021.12,PERFORMANCE GRADED BINDER (52-34),TON,TON,07,,current,ne_ndot_english_standard_item_list_2010,214,stditeme06252010.pdf#page=214;item=9021.12
ne_ndot_catalog_9021.13,ne_ndot_9021.13,9021.13,PERFORMANCE GRADED BINDER (64-34),TON,TON,07,,current,ne_ndot_english_standard_item_list_2010,214,stditeme06252010.pdf#page=214;item=9021.13
ne_ndot_catalog_9021.14,ne_ndot_9021.14,9021.14,TERMINAL BLENDED CRUMB RUBBER BINDER,TON,TON,07,,current,ne_ndot_english_standard_item_list_2010,214,stditeme06252010.pdf#page=214;item=9021.14
ne_ndot_catalog_9021.15,ne_ndot_9021.15,9021.15,PERFORMANCE GRADED BINDER FOR SPR,TON,TON,07,,current,ne_ndot_english_standard_item_list_2010,214,stditeme06252010.pdf#page=214;item=9021.15
ne_ndot_catalog_9021.20,ne_ndot_9021.20,9021.20,PERFORMANCE GRADED BINDER,GALLON,GAL,07,,current,ne_ndot_english_standard_item_list_2010,214,stditeme06252010.pdf#page=214;item=9021.20
ne_ndot_catalog_9021.30,ne_ndot_9021.30,9021.30,PPA MODIFIED PERFORMANCE GRADED BINDER (64-28),TON,TON,07,,current,ne_ndot_english_standard_item_list_2010,214,stditeme06252010.pdf#page=214;item=9021.30
ne_ndot_catalog_9021.32,ne_ndot_9021.32,9021.32,GTR MODIFIED PERFORMANCE GRADED BINDER (70-28),TON,TON,07,,current,ne_ndot_english_standard_item_list_2010,214,stditeme06252010.pdf#page=214;item=9021.32
ne_ndot_catalog_9021.99,ne_ndot_9021.99,9021.99,PERFORMANCE GRADED BINDER PRICE REDUCTION,LUMP SUM,LS,07,,current,ne_ndot_english_standard_item_list_2010,214,stditeme06252010.pdf#page=214;item=9021.99
ne_ndot_catalog_9022.00,ne_ndot_9022.00,9022.00,ANTI-STRIPPING ADDITIVE,GALLON,GAL,07,,current,ne_ndot_english_standard_item_list_2010,214,stditeme06252010.pdf#page=214;item=9022.00
ne_ndot_catalog_9022.01,ne_ndot_9022.01,9022.01,ANTI-STRIPPING ADDITIVE,TON,TON,07,,current,ne_ndot_english_standard_item_list_2010,214,stditeme06252010.pdf#page=214;item=9022.01
ne_ndot_catalog_9029.00,ne_ndot_9029.00,9029.00,CONSTRUCTING ASPHALTIC CONCRETE SPEED BUMP,LIN FT,LF,07,,current,ne_ndot_english_standard_item_list_2010,214,stditeme06252010.pdf#page=214;item=9029.00
ne_ndot_catalog_9030.00,ne_ndot_9030.00,9030.00,CONSTRUCTING ASPHALTIC CONCRETE CURB,LIN FT,LF,07,505.00,current,ne_ndot_english_standard_item_list_2010,214,stditeme06252010.pdf#page=214;item=9030.00
ne_ndot_catalog_9030.01,ne_ndot_9030.01,9030.01,CONSTRUCTING ASPHALTIC CONCRETE CURB,LIN FT,LF,07,505.00,current,ne_ndot_english_standard_item_list_2010,214,stditeme06252010.pdf#page=214;item=9030.01
ne_ndot_catalog_9031.00,ne_ndot_9031.00,9031.00,CONSTRUCTING ASPHALTIC CONCRETE FLUME,EACH,EACH,07,,current,ne_ndot_english_standard_item_list_2010,214,stditeme06252010.pdf#page=214;item=9031.00
ne_ndot_catalog_9031.20,ne_ndot_9031.20,9031.20,CONSTRUCTING 8 FOOT ASPHALTIC CONCRETE SPILLWAY,LIN FT,LF,07,,current,ne_ndot_english_standard_item_list_2010,214,stditeme06252010.pdf#page=214;item=9031.20
ne_ndot_catalog_9033.00,ne_ndot_9033.00,9033.00,CONSTRUCTING ASPHALTIC CONCRETE ISLAND NOSE,EACH,EACH,07,506.00,current,ne_ndot_english_standard_item_list_2010,214,stditeme06252010.pdf#page=214;item=9033.00
ne_ndot_catalog_9034.00,ne_ndot_9034.00,9034.00,PREPARATION OF INTERSECTIONS AND DRIVEWAYS,SQ YD,SY,07,302.00,current,ne_ndot_english_standard_item_list_2010,214,stditeme06252010.pdf#page=214;item=9034.00
ne_ndot_catalog_9035.00,ne_ndot_9035.00,9035.00,PREPARE EXPANSION RELIEF JOINT,LIN FT,LF,07,503.00,current,ne_ndot_english_standard_item_list_2010,214,stditeme06252010.pdf#page=214;item=9035.00
ne_ndot_catalog_9048.00,ne_ndot_9048.00,9048.00,EMULSIFIED ASPHALT,GALLON,GAL,07,,current,ne_ndot_english_standard_item_list_2010,214,stditeme06252010.pdf#page=214;item=9048.00
ne_ndot_catalog_9048.01,ne_ndot_9048.01,9048.01,EMULSIFIED ASPHALT,TON,TON,07,,current,ne_ndot_english_standard_item_list_2010,215,stditeme06252010.pdf#page=215;item=9048.01
ne_ndot_catalog_9051.88,ne_ndot_9051.88,9051.88,ARMOR COAT EMULSIFIED ASPHALT(CRS-2),GALLON,GAL,07,,current,ne_ndot_english_standard_item_list_2010,215,stditeme06252010.pdf#page=215;item=9051.88
ne_ndot_catalog_9051.90,ne_ndot_9051.90,9051.90,ARMOR COAT EMULSIFIED ASPHALT (CRS-2P),GALLON,GAL,07,,current,ne_ndot_english_standard_item_list_2010,215,stditeme06252010.pdf#page=215;item=9051.90
ne_ndot_catalog_9052.00,ne_ndot_9052.00,9052.00,ARMOR COAT EMULSIFIED ASPHALT,GALLON,GAL,07,515.00,current,ne_ndot_english_standard_item_list_2010,215,stditeme06252010.pdf#page=215;item=9052.00
ne_ndot_catalog_9052.02,ne_ndot_9052.02,9052.02,ARMOR COAT EMULSIFIED ASPHALT,GALLON,GAL,07,515.00,current,ne_ndot_english_standard_item_list_2010,215,stditeme06252010.pdf#page=215;item=9052.02
ne_ndot_catalog_9052.03,ne_ndot_9052.03,9052.03,ARMOR COAT EMULSIFIED ASPHALT,GALLON,GAL,07,515.00,current,ne_ndot_english_standard_item_list_2010,215,stditeme06252010.pdf#page=215;item=9052.03
ne_ndot_catalog_9052.05,ne_ndot_9052.05,9052.05,SCRUB SEAL EMULSIFIED ASPHALT,GALLON,GAL,07,,current,ne_ndot_english_standard_item_list_2010,215,stditeme06252010.pdf#page=215;item=9052.05
ne_ndot_catalog_9052.10,ne_ndot_9052.10,9052.10,EMULSIFIED ASPHALT FOR MICROSURFACING,GALLON,GAL,07,514.00,current,ne_ndot_english_standard_item_list_2010,215,stditeme06252010.pdf#page=215;item=9052.10
ne_ndot_catalog_9052.15,ne_ndot_9052.15,9052.15,EMULSIFIED ASPHALT FOR HYDRATED LIME SLURRY STABILIZATION,GALLON,GAL,07,,current,ne_ndot_english_standard_item_list_2010,215,stditeme06252010.pdf#page=215;item=9052.15
ne_ndot_catalog_9052.50,ne_ndot_9052.50,9052.50,BITUMINOUS SAND BASE COURSE EMULSIFIED ASPHALT,GALLON,GAL,07,509.00,current,ne_ndot_english_standard_item_list_2010,215,stditeme06252010.pdf#page=215;item=9052.50
ne_ndot_catalog_9052.51,ne_ndot_9052.51,9052.51,BITUMINOUS STABILIZED BASE COURSE EMULSIFIED ASPHALT,GALLON,GAL,07,509.00,current,ne_ndot_english_standard_item_list_2010,215,stditeme06252010.pdf#page=215;item=9052.51
ne_ndot_catalog_9053.00,ne_ndot_9053.00,9053.00,TACK COAT,GALLON,GAL,07,504.00,current,ne_ndot_english_standard_item_list_2010,215,stditeme06252010.pdf#page=215;item=9053.00
ne_ndot_catalog_9053.20,ne_ndot_9053.20,9053.20,FOG SEAL,GALLON,GAL,07,513.00,current,ne_ndot_english_standard_item_list_2010,215,stditeme06252010.pdf#page=215;item=9053.20
ne_ndot_catalog_9053.21,ne_ndot_9053.21,9053.21,FOG SEAL,GALLON,GAL,07,513.00,current,ne_ndot_english_standard_item_list_2010,215,stditeme06252010.pdf#page=215;item=9053.21
ne_ndot_catalog_9053.75,ne_ndot_9053.75,9053.75,CHIP SEAL EMULSIFIED ASPHALT,GALLON,GAL,07,,current,ne_ndot_english_standard_item_list_2010,215,stditeme06252010.pdf#page=215;item=9053.75
ne_ndot_catalog_9053.76,ne_ndot_9053.76,9053.76,AC-CRM,GALLON,GAL,07,,current,ne_ndot_english_standard_item_list_2010,215,stditeme06252010.pdf#page=215;item=9053.76
ne_ndot_catalog_9053.90,ne_ndot_9053.90,9053.90,EMULSIFIED ASPHALT FOR COLD IN-PLACE RECYCLING,GALLON,GAL,07,,current,ne_ndot_english_standard_item_list_2010,215,stditeme06252010.pdf#page=215;item=9053.90
ne_ndot_catalog_9053.92,ne_ndot_9053.92,9053.92,EMULSIFIED ASPHALT FOR HOT IN-PLACE RECYCLING,GALLON,GAL,07,,current,ne_ndot_english_standard_item_list_2010,215,stditeme06252010.pdf#page=215;item=9053.92
ne_ndot_catalog_9057.00,ne_ndot_9057.00,9057.00,MINERAL AGGREGATE FOR ASPHALTIC CONCRETE STOCKPILED,TON,TON,07,,current,ne_ndot_english_standard_item_list_2010,215,stditeme06252010.pdf#page=215;item=9057.00
ne_ndot_catalog_9057.02,ne_ndot_9057.02,9057.02,MINERAL AGGREGATE FOR ASPHALTIC CONCRETE STOCKPILED,TON,TON,07,,current,ne_ndot_english_standard_item_list_2010,216,stditeme06252010.pdf#page=216;item=9057.02
ne_ndot_catalog_9057.04,ne_ndot_9057.04,9057.04,MINERAL AGGREGATE FOR ASPHALTIC CONCRETE STOCKPILED,TON,TON,07,,current,ne_ndot_english_standard_item_list_2010,216,stditeme06252010.pdf#page=216;item=9057.04
ne_ndot_catalog_9100.00,ne_ndot_9100.00,9100.00,MANIPULATION AS PER PLAN NO.,STATION,STA,07,,current,ne_ndot_english_standard_item_list_2010,216,stditeme06252010.pdf#page=216;item=9100.00
ne_ndot_catalog_9100.02,ne_ndot_9100.02,9100.02,MANIPULATION AS PER PLAN NO.,STATION,STA,07,,current,ne_ndot_english_standard_item_list_2010,216,stditeme06252010.pdf#page=216;item=9100.02
ne_ndot_catalog_9100.10,ne_ndot_9100.10,9100.10,MANIPULATION,STATION,STA,07,,current,ne_ndot_english_standard_item_list_2010,216,stditeme06252010.pdf#page=216;item=9100.10
ne_ndot_catalog_9110.01,ne_ndot_9110.01,9110.01,"RENTAL OF LOADER, FULLY OPERATED",HOUR,HOUR,07,919.00,current,ne_ndot_english_standard_item_list_2010,216,stditeme06252010.pdf#page=216;item=9110.01
ne_ndot_catalog_9110.02,ne_ndot_9110.02,9110.02,"RENTAL OF MOTOR GRADER, FULLY OPERATED",HOUR,HOUR,07,919.00,current,ne_ndot_english_standard_item_list_2010,216,stditeme06252010.pdf#page=216;item=9110.02
ne_ndot_catalog_9110.03,ne_ndot_9110.03,9110.03,"RENTAL OF DUMP TRUCK, FULLY OPERATED",HOUR,HOUR,07,919.00,current,ne_ndot_english_standard_item_list_2010,216,stditeme06252010.pdf#page=216;item=9110.03
ne_ndot_catalog_9110.04,ne_ndot_9110.04,9110.04,RENTAL OF SHEEPSFOOT ROLLER,HOUR,HOUR,07,919.00,current,ne_ndot_english_standard_item_list_2010,216,stditeme06252010.pdf#page=216;item=9110.04
ne_ndot_catalog_9110.05,ne_ndot_9110.05,9110.05,"RENTAL OF WHEEL TRACTOR, FULLY OPERATED",HOUR,HOUR,07,919.00,current,ne_ndot_english_standard_item_list_2010,216,stditeme06252010.pdf#page=216;item=9110.05
ne_ndot_catalog_9110.06,ne_ndot_9110.06,9110.06,"RENTAL OF BACKHOE, FULLY OPERATED",HOUR,HOUR,07,919.00,current,ne_ndot_english_standard_item_list_2010,216,stditeme06252010.pdf#page=216;item=9110.06
ne_ndot_catalog_9110.07,ne_ndot_9110.07,9110.07,"RENTAL OF SKID LOADER, FULLY OPERATED",HOUR,HOUR,07,919.00,current,ne_ndot_english_standard_item_list_2010,216,stditeme06252010.pdf#page=216;item=9110.07
ne_ndot_catalog_9110.08,ne_ndot_9110.08,9110.08,"RENTAL OF COMPACTOR, FULLY OPERATED",HOUR,HOUR,07,919.00,current,ne_ndot_english_standard_item_list_2010,216,stditeme06252010.pdf#page=216;item=9110.08
ne_ndot_catalog_9110.09,ne_ndot_9110.09,9110.09,"RENTAL OF TRACTOR AND SCRAPER, FULLY OPERATED",HOUR,HOUR,07,919.00,current,ne_ndot_english_standard_item_list_2010,216,stditeme06252010.pdf#page=216;item=9110.09
ne_ndot_catalog_9110.10,ne_ndot_9110.10,9110.10,"RENTAL OF EXCAVATOR, FULLY OPERATED",HOUR,HOUR,07,919.00,current,ne_ndot_english_standard_item_list_2010,216,stditeme06252010.pdf#page=216;item=9110.10
ne_ndot_catalog_9110.11,ne_ndot_9110.11,9110.11,"RENTAL OF BULLDOZER, FULLY OPERATED",HOUR,HOUR,07,919.00,current,ne_ndot_english_standard_item_list_2010,216,stditeme06252010.pdf#page=216;item=9110.11
ne_ndot_catalog_9110.12,ne_ndot_9110.12,9110.12,"RENTAL OF SCRAPER, FULLY OPERATED",HOUR,HOUR,07,919.00,current,ne_ndot_english_standard_item_list_2010,216,stditeme06252010.pdf#page=216;item=9110.12
ne_ndot_catalog_9110.13,ne_ndot_9110.13,9110.13,"RENTAL OF FARM TRACTOR, FULLY OPERATED",HOUR,HOUR,07,919.00,current,ne_ndot_english_standard_item_list_2010,216,stditeme06252010.pdf#page=216;item=9110.13
ne_ndot_catalog_9110.14,ne_ndot_9110.14,9110.14,"RENTAL OF TANDEM DISK, FULLY OPERATED",HOUR,HOUR,07,919.00,current,ne_ndot_english_standard_item_list_2010,216,stditeme06252010.pdf#page=216;item=9110.14
ne_ndot_catalog_9110.15,ne_ndot_9110.15,9110.15,"RENTAL OF CRAWLER TRACTOR, FULLY OPERATED",HOUR,HOUR,07,919.00,current,ne_ndot_english_standard_item_list_2010,217,stditeme06252010.pdf#page=217;item=9110.15
ne_ndot_catalog_9110.16,ne_ndot_9110.16,9110.16,"RENTAL OF MILLING MACHINE, FULLY OPERATED",HOUR,HOUR,07,919.00,current,ne_ndot_english_standard_item_list_2010,217,stditeme06252010.pdf#page=217;item=9110.16
ne_ndot_catalog_9110.17,ne_ndot_9110.17,9110.17,"RENTAL OF SELF PROPELLED BROOM, F.O.",HOUR,HOUR,07,919.00,current,ne_ndot_english_standard_item_list_2010,217,stditeme06252010.pdf#page=217;item=9110.17
ne_ndot_catalog_9110.18,ne_ndot_9110.18,9110.18,"RENTAL OF TRAXCAVATOR, FULLY OPERATED",HOUR,HOUR,07,919.00,current,ne_ndot_english_standard_item_list_2010,217,stditeme06252010.pdf#page=217;item=9110.18
ne_ndot_catalog_9110.19,ne_ndot_9110.19,9110.19,"RENTAL OF PICK-UP, FULLY OPERATED",HOUR,HOUR,07,919.00,current,ne_ndot_english_standard_item_list_2010,217,stditeme06252010.pdf#page=217;item=9110.19
ne_ndot_catalog_9110.20,ne_ndot_9110.20,9110.20,"RENTAL OF SELF-PROPELLED ROLLER, FULLY OPERATED",HOUR,HOUR,07,919.00,current,ne_ndot_english_standard_item_list_2010,217,stditeme06252010.pdf#page=217;item=9110.20
ne_ndot_catalog_9110.21,ne_ndot_9110.21,9110.21,"RENTAL OF CRANE, FULLY OPERATED",HOUR,HOUR,07,919.00,current,ne_ndot_english_standard_item_list_2010,217,stditeme06252010.pdf#page=217;item=9110.21
ne_ndot_catalog_9110.22,ne_ndot_9110.22,9110.22,"RENTAL OF DRAGLINE, FULLY OPERATED",HOUR,HOUR,07,919.00,current,ne_ndot_english_standard_item_list_2010,217,stditeme06252010.pdf#page=217;item=9110.22
ne_ndot_catalog_9110.23,ne_ndot_9110.23,9110.23,"RENTAL OF READY MIX TRUCK, FULLY OPERATED",HOUR,HOUR,07,919.00,current,ne_ndot_english_standard_item_list_2010,217,stditeme06252010.pdf#page=217;item=9110.23
ne_ndot_catalog_9110.24,ne_ndot_9110.24,9110.24,"RENTAL OF STABILIZER, FULLY OPERATED",HOUR,HOUR,07,919.00,current,ne_ndot_english_standard_item_list_2010,217,stditeme06252010.pdf#page=217;item=9110.24
ne_ndot_catalog_9110.25,ne_ndot_9110.25,9110.25,"RENTAL OF FORKLIFT, FULLY OPERATED",HOUR,HOUR,07,919.00,current,ne_ndot_english_standard_item_list_2010,217,stditeme06252010.pdf#page=217;item=9110.25
ne_ndot_catalog_9110.26,ne_ndot_9110.26,9110.26,"RENTAL OF TRACTOR AND DISK, FULLY OPERATED",HOUR,HOUR,07,919.00,current,ne_ndot_english_standard_item_list_2010,217,stditeme06252010.pdf#page=217;item=9110.26
ne_ndot_catalog_9110.27,ne_ndot_9110.27,9110.27,"RENTAL OF CRAWLER MOUNTED HYDRAULIC EXCAVATOR, FULLY OPERATED",HOUR,HOUR,07,919.00,current,ne_ndot_english_standard_item_list_2010,217,stditeme06252010.pdf#page=217;item=9110.27
ne_ndot_catalog_9110.30,ne_ndot_9110.30,9110.30,RENTAL OF GENERATOR,HOUR,HOUR,07,919.00,current,ne_ndot_english_standard_item_list_2010,217,stditeme06252010.pdf#page=217;item=9110.30
ne_ndot_catalog_9110.31,ne_ndot_9110.31,9110.31,RENTAL OF AIR COMPRESSOR,HOUR,HOUR,07,919.00,current,ne_ndot_english_standard_item_list_2010,217,stditeme06252010.pdf#page=217;item=9110.31
ne_ndot_catalog_9110.32,ne_ndot_9110.32,9110.32,RENTAL OF HAMMER DRILL,HOUR,HOUR,07,919.00,current,ne_ndot_english_standard_item_list_2010,217,stditeme06252010.pdf#page=217;item=9110.32
ne_ndot_catalog_9110.33,ne_ndot_9110.33,9110.33,RENTAL OF PUMP,HOUR,HOUR,07,919.00,current,ne_ndot_english_standard_item_list_2010,217,stditeme06252010.pdf#page=217;item=9110.33
ne_ndot_catalog_9110.35,ne_ndot_9110.35,9110.35,TRUCK RENTAL,HOUR,HOUR,07,,current,ne_ndot_english_standard_item_list_2010,217,stditeme06252010.pdf#page=217;item=9110.35
ne_ndot_catalog_9110.36,ne_ndot_9110.36,9110.36,"RENTAL OF TRUCK/TRAILER, FULLY OPERATED",HOUR,HOUR,07,919.00,current,ne_ndot_english_standard_item_list_2010,217,stditeme06252010.pdf#page=217;item=9110.36
ne_ndot_catalog_9110.37,ne_ndot_9110.37,9110.37,"RENTAL OF CHAIN SAW, FULLY OPERATED",HOUR,HOUR,07,919.00,current,ne_ndot_english_standard_item_list_2010,218,stditeme06252010.pdf#page=218;item=9110.37
ne_ndot_catalog_9110.38,ne_ndot_9110.38,9110.38,"RENTAL OF PAVEMENT BREAKER, FULLY OPERATED",HOUR,HOUR,07,919.00,current,ne_ndot_english_standard_item_list_2010,218,stditeme06252010.pdf#page=218;item=9110.38
ne_ndot_catalog_9110.39,ne_ndot_9110.39,9110.39,"RENTAL OF WATER TRUCK, FULLY OPERATED",HOUR,HOUR,07,919.00,current,ne_ndot_english_standard_item_list_2010,218,stditeme06252010.pdf#page=218;item=9110.39
ne_ndot_catalog_9110.40,ne_ndot_9110.40,9110.40,RENTAL OF FUSION MACHINE,DAY,DAY,07,919.00,current,ne_ndot_english_standard_item_list_2010,218,stditeme06252010.pdf#page=218;item=9110.40
ne_ndot_catalog_9110.42,ne_ndot_9110.42,9110.42,RENTAL OF GENERATOR,DAY,DAY,07,919.00,current,ne_ndot_english_standard_item_list_2010,218,stditeme06252010.pdf#page=218;item=9110.42
ne_ndot_catalog_9110.50,ne_ndot_9110.50,9110.50,RENTAL OF LAYDOWN MACHINE,HOUR,HOUR,07,919.00,current,ne_ndot_english_standard_item_list_2010,218,stditeme06252010.pdf#page=218;item=9110.50
ne_ndot_catalog_9110.80,ne_ndot_9110.80,9110.80,RENTAL,HOUR,HOUR,07,,current,ne_ndot_english_standard_item_list_2010,218,stditeme06252010.pdf#page=218;item=9110.80
ne_ndot_catalog_9110.81,ne_ndot_9110.81,9110.81,RENTAL,EACH,EACH,07,,current,ne_ndot_english_standard_item_list_2010,218,stditeme06252010.pdf#page=218;item=9110.81
ne_ndot_catalog_9110.82,ne_ndot_9110.82,9110.82,RENTAL,DAY,DAY,07,,current,ne_ndot_english_standard_item_list_2010,218,stditeme06252010.pdf#page=218;item=9110.82
ne_ndot_catalog_9111.00,ne_ndot_9111.00,9111.00,WATER,M GAL,MGAL,07,302.00,current,ne_ndot_english_standard_item_list_2010,218,stditeme06252010.pdf#page=218;item=9111.00
ne_ndot_catalog_9111.11,ne_ndot_9111.11,9111.11,WATER FOR CEMENT STABILIZATION,M GAL,MGAL,07,,current,ne_ndot_english_standard_item_list_2010,218,stditeme06252010.pdf#page=218;item=9111.11
ne_ndot_catalog_9111.12,ne_ndot_9111.12,9111.12,WATER FOR FULL DEPTH PULVERIZATION,M GAL,MGAL,07,,current,ne_ndot_english_standard_item_list_2010,218,stditeme06252010.pdf#page=218;item=9111.12
ne_ndot_catalog_9111.13,ne_ndot_9111.13,9111.13,WATER FOR FLY ASH STABILIZED BITUMINOUS,M GAL,MGAL,07,,current,ne_ndot_english_standard_item_list_2010,218,stditeme06252010.pdf#page=218;item=9111.13
ne_ndot_catalog_9111.25,ne_ndot_9111.25,9111.25,"WATER FOR COLD IN-PLACE RECYCLING, APPLIED",M GAL,MGAL,07,,current,ne_ndot_english_standard_item_list_2010,218,stditeme06252010.pdf#page=218;item=9111.25
ne_ndot_catalog_9112.00,ne_ndot_9112.00,9112.00,"RENTAL OF CONCRETE SAW-CLIPPER NO. 1, FULLY OPERATED",HOUR,HOUR,07,,current,ne_ndot_english_standard_item_list_2010,218,stditeme06252010.pdf#page=218;item=9112.00
ne_ndot_catalog_9112.01,ne_ndot_9112.01,9112.01,"RENTAL OF CONCRETE SAW-CLIPPER NO. 2, FULLY OPERATED",HOUR,HOUR,07,,current,ne_ndot_english_standard_item_list_2010,218,stditeme06252010.pdf#page=218;item=9112.01
ne_ndot_catalog_9112.02,ne_ndot_9112.02,9112.02,"RENTAL OF CONCRETE SAW-TARGET, FULLY OPERATED",HOUR,HOUR,07,,current,ne_ndot_english_standard_item_list_2010,218,stditeme06252010.pdf#page=218;item=9112.02
ne_ndot_catalog_9140.00,ne_ndot_9140.00,9140.00,JOINT SEALING - ASPHALT TO CONCRETE,STATION,STA,07,508.00,current,ne_ndot_english_standard_item_list_2010,218,stditeme06252010.pdf#page=218;item=9140.00
ne_ndot_catalog_9140.10,ne_ndot_9140.10,9140.10,SEALING SURFACE JOINTS,LIN FT,LF,07,,current,ne_ndot_english_standard_item_list_2010,218,stditeme06252010.pdf#page=218;item=9140.10
ne_ndot_catalog_9140.11,ne_ndot_9140.11,9140.11,SEALING SURFACE JOINTS,STATION,STA,07,,current,ne_ndot_english_standard_item_list_2010,219,stditeme06252010.pdf#page=219;item=9140.11
ne_ndot_catalog_9140.40,ne_ndot_9140.40,9140.40,CRACK SEALING BITUMINOUS SURFACING,LIN FT,LF,07,519.00,current,ne_ndot_english_standard_item_list_2010,219,stditeme06252010.pdf#page=219;item=9140.40
ne_ndot_catalog_9140.50,ne_ndot_9140.50,9140.50,CRACK PREPARATION,LIN FT,LF,07,,current,ne_ndot_english_standard_item_list_2010,219,stditeme06252010.pdf#page=219;item=9140.50
ne_ndot_catalog_9140.60,ne_ndot_9140.60,9140.60,CRACK SEALING ON BITUMINOUS SURFACED ROADWAY,LIN FT,LF,07,,current,ne_ndot_english_standard_item_list_2010,219,stditeme06252010.pdf#page=219;item=9140.60
ne_ndot_catalog_9150.00,ne_ndot_9150.00,9150.00,CRACKING AND SEATING CONCRETE PAVEMENT,SQ YD,SY,07,,current,ne_ndot_english_standard_item_list_2010,219,stditeme06252010.pdf#page=219;item=9150.00
ne_ndot_catalog_9170.00,ne_ndot_9170.00,9170.00,EARTH SHOULDER CONSTRUCTION,STATION,STA,07,304.00,current,ne_ndot_english_standard_item_list_2010,219,stditeme06252010.pdf#page=219;item=9170.00
ne_ndot_catalog_9170.01,ne_ndot_9170.01,9170.01,EARTH SHOULDER CONSTRUCTION,STATION,STA,07,304.00,current,ne_ndot_english_standard_item_list_2010,219,stditeme06252010.pdf#page=219;item=9170.01
ne_ndot_catalog_9170.02,ne_ndot_9170.02,9170.02,EARTH SHOULDER CONSTRUCTION,STATION,STA,07,304.00,current,ne_ndot_english_standard_item_list_2010,219,stditeme06252010.pdf#page=219;item=9170.02
ne_ndot_catalog_9170.03,ne_ndot_9170.03,9170.03,EARTH SHOULDER CONSTRUCTION,STATION,STA,07,304.00,current,ne_ndot_english_standard_item_list_2010,219,stditeme06252010.pdf#page=219;item=9170.03
ne_ndot_catalog_9170.04,ne_ndot_9170.04,9170.04,EARTH SHOULDER CONSTRUCTION,STATION,STA,07,304.00,current,ne_ndot_english_standard_item_list_2010,219,stditeme06252010.pdf#page=219;item=9170.04
ne_ndot_catalog_9170.25,ne_ndot_9170.25,9170.25,SALVAGING AND PLACING SHOULDERING MATERIAL,STATION,STA,07,,current,ne_ndot_english_standard_item_list_2010,219,stditeme06252010.pdf#page=219;item=9170.25
ne_ndot_catalog_9170.50,ne_ndot_9170.50,9170.50,MEDIAN CONSTRUCTION,STATION,STA,07,308.00,current,ne_ndot_english_standard_item_list_2010,219,stditeme06252010.pdf#page=219;item=9170.50
ne_ndot_catalog_9170.55,ne_ndot_9170.55,9170.55,MEDIAN CONSTRUCTION,SQ YD,SY,07,,current,ne_ndot_english_standard_item_list_2010,219,stditeme06252010.pdf#page=219;item=9170.55
ne_ndot_catalog_9171.00,ne_ndot_9171.00,9171.00,SUBGRADE RECONSTRUCTION,STATION,STA,07,,current,ne_ndot_english_standard_item_list_2010,219,stditeme06252010.pdf#page=219;item=9171.00
ne_ndot_catalog_9171.20,ne_ndot_9171.20,9171.20,SUBGRADE RECONSTRUCTION,SQ YD,SY,07,,current,ne_ndot_english_standard_item_list_2010,219,stditeme06252010.pdf#page=219;item=9171.20
ne_ndot_catalog_9173.00,ne_ndot_9173.00,9173.00,SUBGRADE PREPARATION,STATION,STA,07,302.00,current,ne_ndot_english_standard_item_list_2010,219,stditeme06252010.pdf#page=219;item=9173.00
ne_ndot_catalog_9173.05,ne_ndot_9173.05,9173.05,"SUBGRADE PREPARATION, TYPE A",STATION,STA,07,,current,ne_ndot_english_standard_item_list_2010,219,stditeme06252010.pdf#page=219;item=9173.05
ne_ndot_catalog_9173.06,ne_ndot_9173.06,9173.06,"SUBGRADE PREPARATION, TYPE B",STATION,STA,07,,current,ne_ndot_english_standard_item_list_2010,219,stditeme06252010.pdf#page=219;item=9173.06
ne_ndot_catalog_9173.10,ne_ndot_9173.10,9173.10,SUBGRADE PREPARATION FOR WIDENING,STATION,STA,07,,current,ne_ndot_english_standard_item_list_2010,219,stditeme06252010.pdf#page=219;item=9173.10
ne_ndot_catalog_9173.11,ne_ndot_9173.11,9173.11,WIDENING,STATION,STA,07,,current,ne_ndot_english_standard_item_list_2010,220,stditeme06252010.pdf#page=220;item=9173.11
ne_ndot_catalog_9173.15,ne_ndot_9173.15,9173.15,TRENCHED WIDENING,STATION,STA,07,,current,ne_ndot_english_standard_item_list_2010,220,stditeme06252010.pdf#page=220;item=9173.15
ne_ndot_catalog_9173.20,ne_ndot_9173.20,9173.20,SUBGRADE PREPARATION,SQ YD,SY,07,302.00,current,ne_ndot_english_standard_item_list_2010,220,stditeme06252010.pdf#page=220;item=9173.20
ne_ndot_catalog_9173.32,ne_ndot_9173.32,9173.32,SUBGRADE TRIMMING,SQ YD,SY,07,,current,ne_ndot_english_standard_item_list_2010,220,stditeme06252010.pdf#page=220;item=9173.32
ne_ndot_catalog_9173.40,ne_ndot_9173.40,9173.40,TRIMMING AND GRADING,STATION,STA,07,,current,ne_ndot_english_standard_item_list_2010,220,stditeme06252010.pdf#page=220;item=9173.40
ne_ndot_catalog_9175.10,ne_ndot_9175.10,9175.10,SALVAGING AND STOCKPILING BITUMINOUS MATERIAL,TON,TON,07,511.00,current,ne_ndot_english_standard_item_list_2010,220,stditeme06252010.pdf#page=220;item=9175.10
ne_ndot_catalog_9175.12,ne_ndot_9175.12,9175.12,SALVAGING AND STOCKPILING BITUMINOUS MATERIAL,TON,TON,07,511.00,current,ne_ndot_english_standard_item_list_2010,220,stditeme06252010.pdf#page=220;item=9175.12
ne_ndot_catalog_9175.17,ne_ndot_9175.17,9175.17,SALVAGED ASPHALTIC CONCRETE MILLINGS,TON,TON,07,,current,ne_ndot_english_standard_item_list_2010,220,stditeme06252010.pdf#page=220;item=9175.17
ne_ndot_catalog_9175.18,ne_ndot_9175.18,9175.18,SALVAGE BITUMINOUS MATERIAL FOR PRIVATE USE,TON,TON,07,,current,ne_ndot_english_standard_item_list_2010,220,stditeme06252010.pdf#page=220;item=9175.18
ne_ndot_catalog_9175.30,ne_ndot_9175.30,9175.30,SALVAGING AND STOCKPILING SOIL AGGREGATE BASE COURSE,STATION,STA,07,,current,ne_ndot_english_standard_item_list_2010,220,stditeme06252010.pdf#page=220;item=9175.30
ne_ndot_catalog_9175.35,ne_ndot_9175.35,9175.35,SALVAGING AND STOCKPILING SOIL AGGREGATE BASE COURSE (OUTSIDE SHOULDER),STATION,STA,07,,current,ne_ndot_english_standard_item_list_2010,220,stditeme06252010.pdf#page=220;item=9175.35
ne_ndot_catalog_9175.40,ne_ndot_9175.40,9175.40,SALVAGING,STATION,STA,07,,current,ne_ndot_english_standard_item_list_2010,220,stditeme06252010.pdf#page=220;item=9175.40
ne_ndot_catalog_9175.55,ne_ndot_9175.55,9175.55,MILLINGS,TON,TON,07,,current,ne_ndot_english_standard_item_list_2010,220,stditeme06252010.pdf#page=220;item=9175.55
ne_ndot_catalog_9179.00,ne_ndot_9179.00,9179.00,ASPHALT MILLINGS,TON,TON,07,,current,ne_ndot_english_standard_item_list_2010,220,stditeme06252010.pdf#page=220;item=9179.00
ne_ndot_catalog_9179.21,ne_ndot_9179.21,9179.21,"COLD MILLING, CLASS 1",STATION,STA,07,510.00,current,ne_ndot_english_standard_item_list_2010,220,stditeme06252010.pdf#page=220;item=9179.21
ne_ndot_catalog_9179.22,ne_ndot_9179.22,9179.22,"COLD MILLING, CLASS 2",STATION,STA,07,510.00,current,ne_ndot_english_standard_item_list_2010,220,stditeme06252010.pdf#page=220;item=9179.22
ne_ndot_catalog_9179.23,ne_ndot_9179.23,9179.23,"COLD MILLING, CLASS 3",STATION,STA,07,510.00,current,ne_ndot_english_standard_item_list_2010,220,stditeme06252010.pdf#page=220;item=9179.23
ne_ndot_catalog_9179.24,ne_ndot_9179.24,9179.24,"COLD MILLING, CLASS 4",STATION,STA,07,510.00,current,ne_ndot_english_standard_item_list_2010,220,stditeme06252010.pdf#page=220;item=9179.24
ne_ndot_catalog_9179.25,ne_ndot_9179.25,9179.25,"COLD MILLING, CLASS 5",STATION,STA,07,510.00,current,ne_ndot_english_standard_item_list_2010,220,stditeme06252010.pdf#page=220;item=9179.25
ne_ndot_catalog_9179.31,ne_ndot_9179.31,9179.31,"COLD MILLING, CLASS 1",SQ YD,SY,07,510.00,current,ne_ndot_english_standard_item_list_2010,221,stditeme06252010.pdf#page=221;item=9179.31
ne_ndot_catalog_9179.32,ne_ndot_9179.32,9179.32,"COLD MILLING, CLASS 2",SQ YD,SY,07,510.00,current,ne_ndot_english_standard_item_list_2010,221,stditeme06252010.pdf#page=221;item=9179.32
ne_ndot_catalog_9179.33,ne_ndot_9179.33,9179.33,"COLD MILLING, CLASS 3",SQ YD,SY,07,510.00,current,ne_ndot_english_standard_item_list_2010,221,stditeme06252010.pdf#page=221;item=9179.33
ne_ndot_catalog_9179.34,ne_ndot_9179.34,9179.34,"COLD MILLING, CLASS 4",SQ YD,SY,07,510.00,current,ne_ndot_english_standard_item_list_2010,221,stditeme06252010.pdf#page=221;item=9179.34
ne_ndot_catalog_9179.35,ne_ndot_9179.35,9179.35,"COLD MILLING, CLASS 5",SQ YD,SY,07,510.00,current,ne_ndot_english_standard_item_list_2010,221,stditeme06252010.pdf#page=221;item=9179.35
ne_ndot_catalog_9179.43,ne_ndot_9179.43,9179.43,"COLD MILLING, CLASS 3",STATION,STA,07,510.00,current,ne_ndot_english_standard_item_list_2010,221,stditeme06252010.pdf#page=221;item=9179.43
ne_ndot_catalog_9179.44,ne_ndot_9179.44,9179.44,"COLD MILLING, CLASS 4",STATION,STA,07,510.00,current,ne_ndot_english_standard_item_list_2010,221,stditeme06252010.pdf#page=221;item=9179.44
ne_ndot_catalog_9179.52,ne_ndot_9179.52,9179.52,"COLD MILLING, CLASS 3",SQ YD,SY,07,510.00,current,ne_ndot_english_standard_item_list_2010,221,stditeme06252010.pdf#page=221;item=9179.52
ne_ndot_catalog_9179.53,ne_ndot_9179.53,9179.53,"COLD MILLING, CLASS 3",SQ YD,SY,07,510.00,current,ne_ndot_english_standard_item_list_2010,221,stditeme06252010.pdf#page=221;item=9179.53
ne_ndot_catalog_9179.54,ne_ndot_9179.54,9179.54,"COLD MILLING, CLASS 4",SQ YD,SY,07,510.00,current,ne_ndot_english_standard_item_list_2010,221,stditeme06252010.pdf#page=221;item=9179.54
ne_ndot_catalog_9179.56,ne_ndot_9179.56,9179.56,"COLD MILLING, CLASS 4",SQ YD,SY,07,510.00,current,ne_ndot_english_standard_item_list_2010,221,stditeme06252010.pdf#page=221;item=9179.56
ne_ndot_catalog_9179.57,ne_ndot_9179.57,9179.57,"COLD MILLING, CLASS 4",SQ YD,SY,07,510.00,current,ne_ndot_english_standard_item_list_2010,221,stditeme06252010.pdf#page=221;item=9179.57
ne_ndot_catalog_9179.63,ne_ndot_9179.63,9179.63,"COLD MILLING, CLASS 3",STATION,STA,07,510.00,current,ne_ndot_english_standard_item_list_2010,221,stditeme06252010.pdf#page=221;item=9179.63
ne_ndot_catalog_9179.64,ne_ndot_9179.64,9179.64,"COLD MILLING, CLASS 4",STATION,STA,07,510.00,current,ne_ndot_english_standard_item_list_2010,221,stditeme06252010.pdf#page=221;item=9179.64
ne_ndot_catalog_9179.65,ne_ndot_9179.65,9179.65,"COLD MILLING, CLASS 3",STATION,STA,07,510.00,current,ne_ndot_english_standard_item_list_2010,221,stditeme06252010.pdf#page=221;item=9179.65
ne_ndot_catalog_9179.66,ne_ndot_9179.66,9179.66,"COLD MILLING, CLASS 4",STATION,STA,07,510.00,current,ne_ndot_english_standard_item_list_2010,221,stditeme06252010.pdf#page=221;item=9179.66
ne_ndot_catalog_9179.67,ne_ndot_9179.67,9179.67,"COLD MILLING, CLASS 4",STATION,STA,07,510.00,current,ne_ndot_english_standard_item_list_2010,221,stditeme06252010.pdf#page=221;item=9179.67
ne_ndot_catalog_9179.70,ne_ndot_9179.70,9179.70,"COLD MILLING, CLASS 4",TON,TON,07,510.00,current,ne_ndot_english_standard_item_list_2010,221,stditeme06252010.pdf#page=221;item=9179.70
ne_ndot_catalog_9179.75,ne_ndot_9179.75,9179.75,MILLING FOR ASPHALTIC CONCRETE INLAY,EACH,EACH,07,,current,ne_ndot_english_standard_item_list_2010,221,stditeme06252010.pdf#page=221;item=9179.75
ne_ndot_catalog_9179.77,ne_ndot_9179.77,9179.77,MILLING FOR ASPHALTIC CONCRETE INLAY,LIN FT,LF,07,,current,ne_ndot_english_standard_item_list_2010,222,stditeme06252010.pdf#page=222;item=9179.77
ne_ndot_catalog_9179.79,ne_ndot_9179.79,9179.79,MILLING FOR ASPHALTIC CONCRETE INLAY,SQ YD,SY,07,,current,ne_ndot_english_standard_item_list_2010,222,stditeme06252010.pdf#page=222;item=9179.79
ne_ndot_catalog_9179.80,ne_ndot_9179.80,9179.80,MILLING CONCRETE FOR INLAYS,EACH,EACH,07,510.00,current,ne_ndot_english_standard_item_list_2010,222,stditeme06252010.pdf#page=222;item=9179.80
ne_ndot_catalog_9179.84,ne_ndot_9179.84,9179.84,MILLING CONCRETE FOR INLAYS,SQ YD,SY,07,,current,ne_ndot_english_standard_item_list_2010,222,stditeme06252010.pdf#page=222;item=9179.84
ne_ndot_catalog_9185.27,ne_ndot_9185.27,9185.27,MILLING CONCRETE PAVEMENT,SQ YD,SY,07,,current,ne_ndot_english_standard_item_list_2010,222,stditeme06252010.pdf#page=222;item=9185.27
ne_ndot_catalog_9185.30,ne_ndot_9185.30,9185.30,MILLING CONCRETE PAVEMENT,STATION,STA,07,,current,ne_ndot_english_standard_item_list_2010,222,stditeme06252010.pdf#page=222;item=9185.30
ne_ndot_catalog_9185.50,ne_ndot_9185.50,9185.50,MILLING CONCRETE CURB,LIN FT,LF,07,510.00,current,ne_ndot_english_standard_item_list_2010,222,stditeme06252010.pdf#page=222;item=9185.50
ne_ndot_catalog_9185.60,ne_ndot_9185.60,9185.60,MILLING,HOUR,HOUR,07,,current,ne_ndot_english_standard_item_list_2010,222,stditeme06252010.pdf#page=222;item=9185.60
ne_ndot_catalog_9185.61,ne_ndot_9185.61,9185.61,MILLING,LUMP SUM,LS,07,,current,ne_ndot_english_standard_item_list_2010,222,stditeme06252010.pdf#page=222;item=9185.61
ne_ndot_catalog_9185.62,ne_ndot_9185.62,9185.62,MILLING,SQ YD,SY,07,,current,ne_ndot_english_standard_item_list_2010,222,stditeme06252010.pdf#page=222;item=9185.62
ne_ndot_catalog_9185.63,ne_ndot_9185.63,9185.63,MILLING,STATION,STA,07,,current,ne_ndot_english_standard_item_list_2010,222,stditeme06252010.pdf#page=222;item=9185.63
ne_ndot_catalog_9185.64,ne_ndot_9185.64,9185.64,MILLING,LIN FT,LF,07,,current,ne_ndot_english_standard_item_list_2010,222,stditeme06252010.pdf#page=222;item=9185.64
ne_ndot_catalog_9185.75,ne_ndot_9185.75,9185.75,RUMBLE STRIPS,STATION,STA,07,,current,ne_ndot_english_standard_item_list_2010,222,stditeme06252010.pdf#page=222;item=9185.75
ne_ndot_catalog_9185.76,ne_ndot_9185.76,9185.76,"RUMBLE STRIPS, ASPHALT",STATION,STA,07,,current,ne_ndot_english_standard_item_list_2010,222,stditeme06252010.pdf#page=222;item=9185.76
ne_ndot_catalog_9185.77,ne_ndot_9185.77,9185.77,"RUMBLE STRIPS, CONCRETE",STATION,STA,07,,current,ne_ndot_english_standard_item_list_2010,222,stditeme06252010.pdf#page=222;item=9185.77
ne_ndot_catalog_9185.90,ne_ndot_9185.90,9185.90,CRUSHING AND STOCKPILING ASPHALTIC CONCRETE,TON,TON,07,,current,ne_ndot_english_standard_item_list_2010,222,stditeme06252010.pdf#page=222;item=9185.90
ne_ndot_catalog_9186.00,ne_ndot_9186.00,9186.00,CONCRETE SURFACE MILLING,SQ YD,SY,07,510.00,current,ne_ndot_english_standard_item_list_2010,222,stditeme06252010.pdf#page=222;item=9186.00
ne_ndot_catalog_9186.01,ne_ndot_9186.01,9186.01,CONCRETE SURFACE MILLING,STATION,STA,07,510.00,current,ne_ndot_english_standard_item_list_2010,222,stditeme06252010.pdf#page=222;item=9186.01
ne_ndot_catalog_9186.02,ne_ndot_9186.02,9186.02,CONCRETE SURFACE MILLING,SQ YD,SY,07,510.00,current,ne_ndot_english_standard_item_list_2010,222,stditeme06252010.pdf#page=222;item=9186.02
ne_ndot_catalog_9188.01,ne_ndot_9188.01,9188.01,BITUMINOUS SURFACE COURSE,SQ YD,SY,07,512.00,current,ne_ndot_english_standard_item_list_2010,223,stditeme06252010.pdf#page=223;item=9188.01
ne_ndot_catalog_9188.03,ne_ndot_9188.03,9188.03,BITUMINOUS SURFACE COURSE,SQ YD,SY,07,512.00,current,ne_ndot_english_standard_item_list_2010,223,stditeme06252010.pdf#page=223;item=9188.03
ne_ndot_catalog_9188.25,ne_ndot_9188.25,9188.25,MEDIAN CROSSOVER SURFACING,SQ YD,SY,07,,current,ne_ndot_english_standard_item_list_2010,223,stditeme06252010.pdf#page=223;item=9188.25
ne_ndot_catalog_9188.50,ne_ndot_9188.50,9188.50,SURFACING UNDER GUARDRAIL,SQ YD,SY,07,,current,ne_ndot_english_standard_item_list_2010,223,stditeme06252010.pdf#page=223;item=9188.50
ne_ndot_catalog_9188.51,ne_ndot_9188.51,9188.51,SURFACING UNDER GUARDRAIL,SQ YD,SY,07,,current,ne_ndot_english_standard_item_list_2010,223,stditeme06252010.pdf#page=223;item=9188.51
ne_ndot_catalog_9190.00,ne_ndot_9190.00,9190.00,FLY ASH STABILIZED BITUMINOUS,STATION,STA,07,,current,ne_ndot_english_standard_item_list_2010,223,stditeme06252010.pdf#page=223;item=9190.00
ne_ndot_catalog_9190.01,ne_ndot_9190.01,9190.01,FLY ASH STABILIZED BITUMINOUS,STATION,STA,07,,current,ne_ndot_english_standard_item_list_2010,223,stditeme06252010.pdf#page=223;item=9190.01
ne_ndot_catalog_9190.10,ne_ndot_9190.10,9190.10,FLY ASH STABILIZED BITUMINOUS,SQ YD,SY,07,,current,ne_ndot_english_standard_item_list_2010,223,stditeme06252010.pdf#page=223;item=9190.10
ne_ndot_catalog_9190.12,ne_ndot_9190.12,9190.12,CEMENT STABILIZED BITUMINOUS,STATION,STA,07,,current,ne_ndot_english_standard_item_list_2010,223,stditeme06252010.pdf#page=223;item=9190.12
ne_ndot_catalog_9190.25,ne_ndot_9190.25,9190.25,FULL DEPTH PULVERIZATION,STATION,STA,07,,current,ne_ndot_english_standard_item_list_2010,223,stditeme06252010.pdf#page=223;item=9190.25
ne_ndot_catalog_9190.30,ne_ndot_9190.30,9190.30,REPULVERIZATION & AERATION,STATION,STA,07,,current,ne_ndot_english_standard_item_list_2010,223,stditeme06252010.pdf#page=223;item=9190.30
ne_ndot_catalog_9190.50,ne_ndot_9190.50,9190.50,FLY ASH,TON,TON,07,,current,ne_ndot_english_standard_item_list_2010,223,stditeme06252010.pdf#page=223;item=9190.50
ne_ndot_catalog_9190.51,ne_ndot_9190.51,9190.51,FLY ASH BLEND,TON,TON,07,,current,ne_ndot_english_standard_item_list_2010,223,stditeme06252010.pdf#page=223;item=9190.51
ne_ndot_catalog_9190.61,ne_ndot_9190.61,9190.61,CEMENT,TON,TON,07,,current,ne_ndot_english_standard_item_list_2010,223,stditeme06252010.pdf#page=223;item=9190.61
ne_ndot_catalog_9206.00,ne_ndot_9206.00,9206.00,FABRIC REINFORCEMENT CRACK REPAIR,LIN FT,LF,07,518.00,current,ne_ndot_english_standard_item_list_2010,223,stditeme06252010.pdf#page=223;item=9206.00
ne_ndot_catalog_9206.12,ne_ndot_9206.12,9206.12,WOVEN FIBER REINFORCEMENT CRACK REPAIR (12-INCH),LIN FT,LF,07,,current,ne_ndot_english_standard_item_list_2010,223,stditeme06252010.pdf#page=223;item=9206.12
ne_ndot_catalog_9206.25,ne_ndot_9206.25,9206.25,INSTALL WOVEN FIBER REINFORCEMENT,LIN FT,LF,07,,current,ne_ndot_english_standard_item_list_2010,223,stditeme06252010.pdf#page=223;item=9206.25
ne_ndot_catalog_9206.27,ne_ndot_9206.27,9206.27,WOVEN FIBER REINFORCEMENT,SQ YD,SY,07,,current,ne_ndot_english_standard_item_list_2010,223,stditeme06252010.pdf#page=223;item=9206.27
ne_ndot_catalog_9206.29,ne_ndot_9206.29,9206.29,NON-WOVEN PAVEMENT OVERLAY FABRIC,SQ YD,SY,07,,current,ne_ndot_english_standard_item_list_2010,223,stditeme06252010.pdf#page=223;item=9206.29
ne_ndot_catalog_9206.30,ne_ndot_9206.30,9206.30,GRID REINFORCED OVERLAY FABRIC,SQ YD,SY,07,,current,ne_ndot_english_standard_item_list_2010,224,stditeme06252010.pdf#page=224;item=9206.30
ne_ndot_catalog_9261.00,ne_ndot_9261.00,9261.00,BITUMINOUS SAND BASE COURSE,STATION,STA,07,509.00,current,ne_ndot_english_standard_item_list_2010,224,stditeme06252010.pdf#page=224;item=9261.00
ne_ndot_catalog_9261.01,ne_ndot_9261.01,9261.01,BITUMINOUS STABILIZED BASE COURSE,STATION,STA,07,509.00,current,ne_ndot_english_standard_item_list_2010,224,stditeme06252010.pdf#page=224;item=9261.01
ne_ndot_catalog_9300.01,ne_ndot_9300.01,9300.01,ASPHALT CONCRETE THICKNESS CORE,EACH,EACH,07,503.00,current,ne_ndot_english_standard_item_list_2010,224,stditeme06252010.pdf#page=224;item=9300.01
ne_ndot_catalog_9300.25,ne_ndot_9300.25,9300.25,PRIME CONTRACTOR ADMINISTRATIVE COSTS,LUMP SUM,LS,07,,current,ne_ndot_english_standard_item_list_2010,224,stditeme06252010.pdf#page=224;item=9300.25
ne_ndot_catalog_9300.30,ne_ndot_9300.30,9300.30,INCENTIVE PAYMENT FOR,CAL DAY,DAY,07,,current,ne_ndot_english_standard_item_list_2010,224,stditeme06252010.pdf#page=224;item=9300.30
ne_ndot_catalog_9300.32,ne_ndot_9300.32,9300.32,INCENTIVE PAYMENT FOR,LUMP SUM,LS,07,,current,ne_ndot_english_standard_item_list_2010,224,stditeme06252010.pdf#page=224;item=9300.32
ne_ndot_catalog_9300.35,ne_ndot_9300.35,9300.35,INCENTIVE,TON,TON,07,,current,ne_ndot_english_standard_item_list_2010,224,stditeme06252010.pdf#page=224;item=9300.35
ne_ndot_catalog_9300.39,ne_ndot_9300.39,9300.39,RAP INCENTIVE PAYMENT,LUMP SUM,LS,07,,current,ne_ndot_english_standard_item_list_2010,224,stditeme06252010.pdf#page=224;item=9300.39
ne_ndot_catalog_9300.43,ne_ndot_9300.43,9300.43,LIQUIDATED DAMAGES,DAY,DAY,07,,current,ne_ndot_english_standard_item_list_2010,224,stditeme06252010.pdf#page=224;item=9300.43
ne_ndot_catalog_9300.45,ne_ndot_9300.45,9300.45,LIQUIDATED DAMAGES,MILE,MILE,07,,current,ne_ndot_english_standard_item_list_2010,224,stditeme06252010.pdf#page=224;item=9300.45
ne_ndot_catalog_9300.46,ne_ndot_9300.46,9300.46,LIQUIDATED DAMAGES,LUMP SUM,LS,07,,current,ne_ndot_english_standard_item_list_2010,224,stditeme06252010.pdf#page=224;item=9300.46
ne_ndot_catalog_9300.47,ne_ndot_9300.47,9300.47,LIQUIDATED DAMAGES,HOUR,HOUR,07,,current,ne_ndot_english_standard_item_list_2010,224,stditeme06252010.pdf#page=224;item=9300.47
ne_ndot_catalog_9300.50,ne_ndot_9300.50,9300.50,ASPHALT PAVEMENT SMOOTHNESS TESTING,LUMP SUM,LS,07,,current,ne_ndot_english_standard_item_list_2010,224,stditeme06252010.pdf#page=224;item=9300.50
ne_ndot_catalog_9300.52,ne_ndot_9300.52,9300.52,ASPHALT PAVEMENT SMOOTHNESS TESTING I/D,LUMP SUM,LS,07,,current,ne_ndot_english_standard_item_list_2010,224,stditeme06252010.pdf#page=224;item=9300.52
ne_ndot_catalog_9300.56,ne_ndot_9300.56,9300.56,SUPERPAVE QUALITY INCENTIVE,TON,TON,07,,current,ne_ndot_english_standard_item_list_2010,224,stditeme06252010.pdf#page=224;item=9300.56
ne_ndot_catalog_9300.58,ne_ndot_9300.58,9300.58,SUPERPAVE QUALITY DISINCENTIVE,TON,TON,07,,current,ne_ndot_english_standard_item_list_2010,224,stditeme06252010.pdf#page=224;item=9300.58
ne_ndot_catalog_9300.60,ne_ndot_9300.60,9300.60,SMOOTHNESS INCENTIVE-ASPHALTIC CONCRETE,TON,TON,07,,current,ne_ndot_english_standard_item_list_2010,224,stditeme06252010.pdf#page=224;item=9300.60
ne_ndot_catalog_9300.62,ne_ndot_9300.62,9300.62,SMOOTHNESS DISINCENTIVE-ASPHALTIC CONCRETE,TON,TON,07,,current,ne_ndot_english_standard_item_list_2010,224,stditeme06252010.pdf#page=224;item=9300.62
ne_ndot_catalog_9300.64,ne_ndot_9300.64,9300.64,SMOOTHNESS INCENTIVE-ASPHALT CEMENT,TON,TON,07,,current,ne_ndot_english_standard_item_list_2010,225,stditeme06252010.pdf#page=225;item=9300.64
ne_ndot_catalog_9300.66,ne_ndot_9300.66,9300.66,SMOOTHNESS DISINCENTIVE-ASPHALT CEMENT,TON,TON,07,,current,ne_ndot_english_standard_item_list_2010,225,stditeme06252010.pdf#page=225;item=9300.66
ne_ndot_catalog_9300.68,ne_ndot_9300.68,9300.68,SMOOTHNESS INCENTIVE,TON,TON,07,,current,ne_ndot_english_standard_item_list_2010,225,stditeme06252010.pdf#page=225;item=9300.68
ne_ndot_catalog_9300.70,ne_ndot_9300.70,9300.70,DEDUCTION FOR ASPHALTIC CONCRETE BUMPS,EACH,EACH,07,,current,ne_ndot_english_standard_item_list_2010,225,stditeme06252010.pdf#page=225;item=9300.70
ne_ndot_catalog_9300.77,ne_ndot_9300.77,9300.77,SMOOTHNESS INCENTIVE-PERFORMANCE GRADED BINDER,TON,TON,07,,current,ne_ndot_english_standard_item_list_2010,225,stditeme06252010.pdf#page=225;item=9300.77
ne_ndot_catalog_9300.78,ne_ndot_9300.78,9300.78,SMOOTHNESS DISINCENTIVE-PERFORMANCE GRADED BINDER,TON,TON,07,,current,ne_ndot_english_standard_item_list_2010,225,stditeme06252010.pdf#page=225;item=9300.78
ne_ndot_catalog_9300.80,ne_ndot_9300.80,9300.80,QA/QC ASPHALTIC CONCRETE TESTING,TON,TON,07,,current,ne_ndot_english_standard_item_list_2010,225,stditeme06252010.pdf#page=225;item=9300.80
ne_ndot_catalog_9300.81,ne_ndot_9300.81,9300.81,QA/QC ASPHALTIC CONCRETE TESTING,TON,TON,07,,current,ne_ndot_english_standard_item_list_2010,225,stditeme06252010.pdf#page=225;item=9300.81
ne_ndot_catalog_9300.85,ne_ndot_9300.85,9300.85,ASPHALT PLANT TEST DATA,LUMP SUM,LS,07,,current,ne_ndot_english_standard_item_list_2010,225,stditeme06252010.pdf#page=225;item=9300.85
ne_ndot_catalog_9300.90,ne_ndot_9300.90,9300.90,ASPHALTIC CONCRETE MIXTURE DESIGN,LUMP SUM,LS,07,,current,ne_ndot_english_standard_item_list_2010,225,stditeme06252010.pdf#page=225;item=9300.90
ne_ndot_catalog_9400.01,ne_ndot_9400.01,9400.01,ASPHALTIC CONCRETE INLAY,EACH,EACH,07,,current,ne_ndot_english_standard_item_list_2010,225,stditeme06252010.pdf#page=225;item=9400.01
ne_ndot_catalog_9400.05,ne_ndot_9400.05,9400.05,RECYCLED ASPHALTIC CONCRETE FOR PRIVATE WORK CREDIT,TON,TON,07,,current,ne_ndot_english_standard_item_list_2010,225,stditeme06252010.pdf#page=225;item=9400.05
ne_ndot_catalog_9400.10,ne_ndot_9400.10,9400.10,ASPHALTIC CONCRETE OVERLAY,SQ YD,SY,07,,current,ne_ndot_english_standard_item_list_2010,225,stditeme06252010.pdf#page=225;item=9400.10
ne_ndot_catalog_9400.25,ne_ndot_9400.25,9400.25,SAWING,LIN FT,LF,07,,current,ne_ndot_english_standard_item_list_2010,225,stditeme06252010.pdf#page=225;item=9400.25
ne_ndot_catalog_9400.26,ne_ndot_9400.26,9400.26,PLACING,LIN FT,LF,07,,current,ne_ndot_english_standard_item_list_2010,225,stditeme06252010.pdf#page=225;item=9400.26
ne_ndot_catalog_9402.00,ne_ndot_9402.00,9402.00,ASPHALT HAUL,TON MILE,TON MILE,07,,current,ne_ndot_english_standard_item_list_2010,225,stditeme06252010.pdf#page=225;item=9402.00
ne_ndot_catalog_9402.01,ne_ndot_9402.01,9402.01,ASPHALT HAUL,TON,TON,07,,current,ne_ndot_english_standard_item_list_2010,225,stditeme06252010.pdf#page=225;item=9402.01
ne_ndot_catalog_9404.00,ne_ndot_9404.00,9404.00,STANDBY TIME,LUMP SUM,LS,07,,current,ne_ndot_english_standard_item_list_2010,225,stditeme06252010.pdf#page=225;item=9404.00
ne_ndot_catalog_9404.02,ne_ndot_9404.02,9404.02,STANDBY TIME,HOUR,HOUR,07,,current,ne_ndot_english_standard_item_list_2010,225,stditeme06252010.pdf#page=225;item=9404.02
ne_ndot_catalog_9404.06,ne_ndot_9404.06,9404.06,PEDESTRIAN RAILING (CHAIN LINK TYPE-VINYL COATED),LIN FT,LF,07,,current,ne_ndot_english_standard_item_list_2010,226,stditeme06252010.pdf#page=226;item=9404.06
ne_ndot_catalog_9405.00,ne_ndot_9405.00,9405.00,DISPOSAL OF ASPHALT,TON,TON,07,,current,ne_ndot_english_standard_item_list_2010,226,stditeme06252010.pdf#page=226;item=9405.00
ne_ndot_catalog_9410.00,ne_ndot_9410.00,9410.00,BITUMINOUS COLD MIX,TON,TON,07,,current,ne_ndot_english_standard_item_list_2010,226,stditeme06252010.pdf#page=226;item=9410.00
ne_ndot_catalog_9966.01,ne_ndot_9966.01,9966.01,MICROSURFACING,TON,TON,07,,current,ne_ndot_english_standard_item_list_2010,226,stditeme06252010.pdf#page=226;item=9966.01
