conflict_id,agency_item_code,agency_item_id,automatic_classification,recommended_action,resolution_action,target_agency_item_id,corrected_description,corrected_unit,effective_from,effective_to,source_ids,source_locators,reviewed_by,reviewed_on,resolution_status,notes
ne_ndot_identity_conflict_0001.00,0001.00,ne_ndot_0001.00,normalized_equivalent,normalized_equivalent,normalized_equivalent,ne_ndot_0001.00,,,,,ne_ndot_aup_calendar_2018 | ne_ndot_aup_calendar_2019 | ne_ndot_aup_calendar_2020 | ne_ndot_aup_calendar_2023 | ne_ndot_aup_july_june_2017_2018 | ne_ndot_aup_july_june_2018_2019 | ne_ndot_aup_july_june_2019_2020 | ne_ndot_aup_july_june_2020_2021 | ne_ndot_aup_july_june_2023_2024,,,,auto_resolved,Raw description or unit variants collapse under the conservative identity normalizer.
ne_ndot_identity_conflict_0001.08,0001.08,ne_ndot_0001.08,normalized_equivalent,normalized_equivalent,normalized_equivalent,ne_ndot_0001.08,,,,,ne_ndot_aup_calendar_2018 | ne_ndot_aup_calendar_2019 | ne_ndot_aup_calendar_2020 | ne_ndot_aup_calendar_2021 | ne_ndot_aup_calendar_2022 | ne_ndot_aup_calendar_2023 | ne_ndot_aup_calendar_2024 | ne_ndot_aup_calendar_2025 | ne_ndot_aup_july_june_2017_2018 | ne_ndot_aup_july_june_2018_2019 | ne_ndot_aup_july_june_2019_2020 | ne_ndot_aup_july_june_2020_2021 | ne_ndot_aup_july_june_2021_2022 | ne_ndot_aup_july_june_2022_2023 | ne_ndot_aup_july_june_2023_2024 | ne_ndot_aup_july_june_2024_2025 | ne_ndot_aup_july_june_2025_2026,,,,auto_resolved,Raw description or unit variants collapse under the conservative identity normalizer.
ne_ndot_identity_conflict_0001.10,0001.10,ne_ndot_0001.10,normalized_equivalent,normalized_equivalent,normalized_equivalent,ne_ndot_0001.10,,,,,ne_ndot_aup_calendar_2018 | ne_ndot_aup_calendar_2019 | ne_ndot_aup_calendar_2020 | ne_ndot_aup_calendar_2021 | ne_ndot_aup_calendar_2022 | ne_ndot_aup_calendar_2023 | ne_ndot_aup_calendar_2024 | ne_ndot_aup_calendar_2025 | ne_ndot_aup_july_june_2017_2018 | ne_ndot_aup_july_june_2018_2019 | ne_ndot_aup_july_june_2019_2020 | ne_ndot_aup_july_june_2020_2021 | ne_ndot_aup_july_june_2021_2022 | ne_ndot_aup_july_june_2022_2023 | ne_ndot_aup_july_june_2023_2024 | ne_ndot_aup_july_june_2024_2025 | ne_ndot_aup_july_june_2025_2026,,,,auto_resolved,Raw description or unit variants collapse under the conservative identity normalizer.
ne_ndot_identity_conflict_0001.45,0001.45,ne_ndot_0001.45,normalized_equivalent,normalized_equivalent,normalized_equivalent,ne_ndot_0001.45,,,,,ne_ndot_aup_calendar_2020 | ne_ndot_aup_july_june_2019_2020,,,,auto_resolved,Raw description or unit variants collapse under the conservative identity normalizer.
ne_ndot_identity_conflict_0001.46,0001.46,ne_ndot_0001.46,normalized_equivalent,normalized_equivalent,normalized_equivalent,ne_ndot_0001.46,,,,,ne_ndot_aup_calendar_2020 | ne_ndot_aup_july_june_2019_2020,,,,auto_resolved,Raw description or unit variants collapse under the conservative identity normalizer.
ne_ndot_identity_conflict_0002.28,0002.28,ne_ndot_0002.28,normalized_equivalent,normalized_equivalent,normalized_equivalent,ne_ndot_0002.28,,,,,ne_ndot_aup_calendar_2018 | ne_ndot_aup_calendar_2019 | ne_ndot_aup_calendar_2020 | ne_ndot_aup_calendar_2021 | ne_ndot_aup_calendar_2022 | ne_ndot_aup_calendar_2023 | ne_ndot_aup_calendar_2024 | ne_ndot_aup_calendar_2025 | ne_ndot_aup_july_june_2017_2018 | ne_ndot_aup_july_june_2018_2019 | ne_ndot_aup_july_june_2019_2020 | ne_ndot_aup_july_june_2020_2021 | ne_ndot_aup_july_june_2021_2022 | ne_ndot_aup_july_june_2022_2023 | ne_ndot_aup_july_june_2023_2024 | ne_ndot_aup_july_june_2024_2025 | ne_ndot_aup_july_june_2025_2026,,,,auto_resolved,Raw description or unit variants collapse under the conservative identity normalizer.
ne_ndot_identity_conflict_0002.30,0002.30,ne_ndot_0002.30,normalized_equivalent,normalized_equivalent,normalized_equivalent,ne_ndot_0002.30,,,,,ne_ndot_aup_calendar_2018 | ne_ndot_aup_calendar_2019 | ne_ndot_aup_calendar_2020 | ne_ndot_aup_calendar_2021 | ne_ndot_aup_calendar_2022 | ne_ndot_aup_calendar_2023 | ne_ndot_aup_calendar_2024 | ne_ndot_aup_calendar_2025 | ne_ndot_aup_july_june_2017_2018 | ne_ndot_aup_july_june_2018_2019 | ne_ndot_aup_july_june_2019_2020 | ne_ndot_aup_july_june_2020_2021 | ne_ndot_aup_july_june_2021_2022 | ne_ndot_aup_july_june_2022_2023 | ne_ndot_aup_july_june_2023_2024 | ne_ndot_aup_july_june_2024_2025 | ne_ndot_aup_july_june_2025_2026,,,,auto_resolved,Raw description or unit variants collapse under the conservative identity normalizer.
ne_ndot_identity_conflict_0002.31,0002.31,ne_ndot_0002.31,normalized_equivalent,normalized_equivalent,normalized_equivalent,ne_ndot_0002.31,,,,,ne_ndot_aup_calendar_2020 | ne_ndot_aup_calendar_2023 | ne_ndot_aup_july_june_2020_2021 | ne_ndot_aup_july_june_2023_2024,,,,auto_resolved,Raw description or unit variants collapse under the conservative identity normalizer.
ne_ndot_identity_conflict_0002.32,0002.32,ne_ndot_0002.32,normalized_equivalent,normalized_equivalent,normalized_equivalent,ne_ndot_0002.32,,,,,ne_ndot_aup_calendar_2018 | ne_ndot_aup_calendar_2019 | ne_ndot_aup_calendar_2020 | ne_ndot_aup_calendar_2022 | ne_ndot_aup_calendar_2025 | ne_ndot_aup_july_june_2017_2018 | ne_ndot_aup_july_june_2018_2019 | ne_ndot_aup_july_june_2019_2020 | ne_ndot_aup_july_june_2020_2021 | ne_ndot_aup_july_june_2022_2023 | ne_ndot_aup_july_june_2025_2026,,,,auto_resolved,Raw description or unit variants collapse under the conservative identity normalizer.
ne_ndot_identity_conflict_0002.39,0002.39,ne_ndot_0002.39,normalized_equivalent,normalized_equivalent,normalized_equivalent,ne_ndot_0002.39,,,,,ne_ndot_aup_july_june_2017_2018,,,,auto_resolved,Raw description or unit variants collapse under the conservative identity normalizer.
ne_ndot_identity_conflict_0002.44,0002.44,ne_ndot_0002.44,normalized_equivalent,normalized_equivalent,normalized_equivalent,ne_ndot_0002.44,,,,,ne_ndot_aup_calendar_2018 | ne_ndot_aup_calendar_2019 | ne_ndot_aup_calendar_2020 | ne_ndot_aup_calendar_2021 | ne_ndot_aup_calendar_2022 | ne_ndot_aup_calendar_2023 | ne_ndot_aup_calendar_2024 | ne_ndot_aup_calendar_2025 | ne_ndot_aup_july_june_2017_2018 | ne_ndot_aup_july_june_2018_2019 | ne_ndot_aup_july_june_2019_2020 | ne_ndot_aup_july_june_2020_2021 | ne_ndot_aup_july_june_2021_2022 | ne_ndot_aup_july_june_2022_2023 | ne_ndot_aup_july_june_2023_2024 | ne_ndot_aup_july_june_2024_2025 | ne_ndot_aup_july_june_2025_2026,,,,auto_resolved,Raw description or unit variants collapse under the conservative identity normalizer.
ne_ndot_identity_conflict_0002.45,0002.45,ne_ndot_0002.45,normalized_equivalent,normalized_equivalent,normalized_equivalent,ne_ndot_0002.45,,,,,ne_ndot_aup_calendar_2018 | ne_ndot_aup_calendar_2019 | ne_ndot_aup_calendar_2020 | ne_ndot_aup_calendar_2022 | ne_ndot_aup_calendar_2024 | ne_ndot_aup_july_june_2017_2018 | ne_ndot_aup_july_june_2018_2019 | ne_ndot_aup_july_june_2019_2020 | ne_ndot_aup_july_june_2020_2021 | ne_ndot_aup_july_june_2022_2023 | ne_ndot_aup_july_june_2023_2024 | ne_ndot_aup_july_june_2024_2025,,,,auto_resolved,Raw description or unit variants collapse under the conservative identity normalizer.
ne_ndot_identity_conflict_0002.47,0002.47,ne_ndot_0002.47,normalized_equivalent,normalized_equivalent,normalized_equivalent,ne_ndot_0002.47,,,,,ne_ndot_aup_calendar_2018 | ne_ndot_aup_calendar_2019 | ne_ndot_aup_calendar_2020 | ne_ndot_aup_calendar_2021 | ne_ndot_aup_calendar_2022 | ne_ndot_aup_calendar_2023 | ne_ndot_aup_calendar_2024 | ne_ndot_aup_calendar_2025 | ne_ndot_aup_july_june_2017_2018 | ne_ndot_aup_july_june_2018_2019 | ne_ndot_aup_july_june_2019_2020 | ne_ndot_aup_july_june_2020_2021 | ne_ndot_aup_july_june_2021_2022 | ne_ndot_aup_july_june_2022_2023 | ne_ndot_aup_july_june_2023_2024 | ne_ndot_aup_july_june_2024_2025 | ne_ndot_aup_july_june_2025_2026,,,,auto_resolved,Raw description or unit variants collapse under the conservative identity normalizer.
ne_ndot_identity_conflict_0002.55,0002.55,ne_ndot_0002.55,normalized_equivalent,normalized_equivalent,normalized_equivalent,ne_ndot_0002.55,,,,,ne_ndot_aup_calendar_2018 | ne_ndot_aup_calendar_2019 | ne_ndot_aup_calendar_2020 | ne_ndot_aup_calendar_2021 | ne_ndot_aup_calendar_2022 | ne_ndot_aup_calendar_2023 | ne_ndot_aup_calendar_2024 | ne_ndot_aup_calendar_2025 | ne_ndot_aup_july_june_2017_2018 | ne_ndot_aup_july_june_2018_2019 | ne_ndot_aup_july_june_2019_2020 | ne_ndot_aup_july_june_2020_2021 | ne_ndot_aup_july_june_2021_2022 | ne_ndot_aup_july_june_2022_2023 | ne_ndot_aup_july_june_2023_2024 | ne_ndot_aup_july_june_2024_2025 | ne_ndot_aup_july_june_2025_2026,,,,auto_resolved,Raw description or unit variants collapse under the conservative identity normalizer.
ne_ndot_identity_conflict_0002.60,0002.60,ne_ndot_0002.60,normalized_equivalent,normalized_equivalent,normalized_equivalent,ne_ndot_0002.60,,,,,ne_ndot_aup_calendar_2018 | ne_ndot_aup_calendar_2019 | ne_ndot_aup_calendar_2020 | ne_ndot_aup_calendar_2021 | ne_ndot_aup_calendar_2022 | ne_ndot_aup_calendar_2023 | ne_ndot_aup_calendar_2024 | ne_ndot_aup_calendar_2025 | ne_ndot_aup_july_june_2017_2018 | ne_ndot_aup_july_june_2018_2019 | ne_ndot_aup_july_june_2019_2020 | ne_ndot_aup_july_june_2020_2021 | ne_ndot_aup_july_june_2021_2022 | ne_ndot_aup_july_june_2022_2023 | ne_ndot_aup_july_june_2023_2024 | ne_ndot_aup_july_june_2024_2025 | ne_ndot_aup_july_june_2025_2026,,,,auto_resolved,Raw description or unit variants collapse under the conservative identity normalizer.
ne_ndot_identity_conflict_0002.75,0002.75,ne_ndot_0002.75,normalized_equivalent,normalized_equivalent,normalized_equivalent,ne_ndot_0002.75,,,,,ne_ndot_aup_calendar_2023 | ne_ndot_aup_july_june_2023_2024,,,,auto_resolved,Raw description or unit variants collapse under the conservative identity normalizer.
ne_ndot_identity_conflict_0002.76,0002.76,ne_ndot_0002.76,normalized_equivalent,normalized_equivalent,normalized_equivalent,ne_ndot_0002.76,,,,,ne_ndot_aup_calendar_2018 | ne_ndot_aup_calendar_2019 | ne_ndot_aup_calendar_2020 | ne_ndot_aup_calendar_2021 | ne_ndot_aup_calendar_2022 | ne_ndot_aup_calendar_2023 | ne_ndot_aup_calendar_2024 | ne_ndot_aup_calendar_2025 | ne_ndot_aup_july_june_2017_2018 | ne_ndot_aup_july_june_2018_2019 | ne_ndot_aup_july_june_2019_2020 | ne_ndot_aup_july_june_2020_2021 | ne_ndot_aup_july_june_2021_2022 | ne_ndot_aup_july_june_2022_2023 | ne_ndot_aup_july_june_2023_2024 | ne_ndot_aup_july_june_2024_2025 | ne_ndot_aup_july_june_2025_2026,,,,auto_resolved,Raw description or unit variants collapse under the conservative identity normalizer.
ne_ndot_identity_conflict_0002.83,0002.83,ne_ndot_0002.83,normalized_equivalent,normalized_equivalent,normalized_equivalent,ne_ndot_0002.83,,,,,ne_ndot_aup_july_june_2017_2018,,,,auto_resolved,Raw description or unit variants collapse under the conservative identity normalizer.
ne_ndot_identity_conflict_0002.84,0002.84,ne_ndot_0002.84,normalized_equivalent,normalized_equivalent,normalized_equivalent,ne_ndot_0002.84,,,,,ne_ndot_aup_calendar_2018 | ne_ndot_aup_calendar_2019 | ne_ndot_aup_calendar_2020 | ne_ndot_aup_calendar_2021 | ne_ndot_aup_calendar_2022 | ne_ndot_aup_calendar_2023 | ne_ndot_aup_calendar_2024 | ne_ndot_aup_calendar_2025 | ne_ndot_aup_july_june_2017_2018 | ne_ndot_aup_july_june_2018_2019 | ne_ndot_aup_july_june_2020_2021 | ne_ndot_aup_july_june_2021_2022 | ne_ndot_aup_july_june_2022_2023 | ne_ndot_aup_july_june_2023_2024 | ne_ndot_aup_july_june_2024_2025 | ne_ndot_aup_july_june_2025_2026,,,,auto_resolved,Raw description or unit variants collapse under the conservative identity normalizer.
ne_ndot_identity_conflict_0003.47,0003.47,ne_ndot_0003.47,normalized_equivalent,normalized_equivalent,normalized_equivalent,ne_ndot_0003.47,,,,,ne_ndot_aup_calendar_2018 | ne_ndot_aup_july_june_2017_2018 | ne_ndot_aup_july_june_2018_2019,,,,auto_resolved,Raw description or unit variants collapse under the conservative identity normalizer.
ne_ndot_identity_conflict_0003.50,0003.50,ne_ndot_0003.50,normalized_equivalent,normalized_equivalent,normalized_equivalent,ne_ndot_0003.50,,,,,ne_ndot_aup_calendar_2018 | ne_ndot_aup_calendar_2019 | ne_ndot_aup_calendar_2020 | ne_ndot_aup_calendar_2021 | ne_ndot_aup_calendar_2022 | ne_ndot_aup_calendar_2023 | ne_ndot_aup_calendar_2024 | ne_ndot_aup_calendar_2025 | ne_ndot_aup_july_june_2017_2018 | ne_ndot_aup_july_june_2018_2019 | ne_ndot_aup_july_june_2019_2020 | ne_ndot_aup_july_june_2020_2021 | ne_ndot_aup_july_june_2021_2022 | ne_ndot_aup_july_june_2022_2023 | ne_ndot_aup_july_june_2023_2024 | ne_ndot_aup_july_june_2024_2025 | ne_ndot_aup_july_june_2025_2026,,,,auto_resolved,Raw description or unit variants collapse under the conservative identity normalizer.
ne_ndot_identity_conflict_0003.51,0003.51,ne_ndot_0003.51,normalized_equivalent,normalized_equivalent,normalized_equivalent,ne_ndot_0003.51,,,,,ne_ndot_aup_calendar_2018 | ne_ndot_aup_july_june_2018_2019,,,,auto_resolved,Raw description or unit variants collapse under the conservative identity normalizer.
ne_ndot_identity_conflict_0003.53,0003.53,ne_ndot_0003.53,normalized_equivalent,normalized_equivalent,normalized_equivalent,ne_ndot_0003.53,,,,,ne_ndot_aup_calendar_2018 | ne_ndot_aup_calendar_2019 | ne_ndot_aup_calendar_2023 | ne_ndot_aup_july_june_2018_2019 | ne_ndot_aup_july_june_2023_2024,,,,auto_resolved,Raw description or unit variants collapse under the conservative identity normalizer.
ne_ndot_identity_conflict_0003.56,0003.56,ne_ndot_0003.56,normalized_equivalent,normalized_equivalent,normalized_equivalent,ne_ndot_0003.56,,,,,ne_ndot_aup_calendar_2018 | ne_ndot_aup_calendar_2019 | ne_ndot_aup_calendar_2020 | ne_ndot_aup_calendar_2021 | ne_ndot_aup_calendar_2022 | ne_ndot_aup_calendar_2023 | ne_ndot_aup_calendar_2024 | ne_ndot_aup_calendar_2025 | ne_ndot_aup_july_june_2017_2018 | ne_ndot_aup_july_june_2018_2019 | ne_ndot_aup_july_june_2019_2020 | ne_ndot_aup_july_june_2020_2021 | ne_ndot_aup_july_june_2021_2022 | ne_ndot_aup_july_june_2022_2023 | ne_ndot_aup_july_june_2023_2024 | ne_ndot_aup_july_june_2024_2025 | ne_ndot_aup_july_june_2025_2026,,,,auto_resolved,Raw description or unit variants collapse under the conservative identity normalizer.
ne_ndot_identity_conflict_0030.00,0030.00,ne_ndot_0030.00,normalized_equivalent,normalized_equivalent,normalized_equivalent,ne_ndot_0030.00,,,,,ne_ndot_aup_calendar_2018 | ne_ndot_aup_calendar_2019 | ne_ndot_aup_calendar_2020 | ne_ndot_aup_calendar_2021 | ne_ndot_aup_calendar_2022 | ne_ndot_aup_calendar_2023 | ne_ndot_aup_calendar_2024 | ne_ndot_aup_calendar_2025 | ne_ndot_aup_july_june_2017_2018 | ne_ndot_aup_july_june_2018_2019 | ne_ndot_aup_july_june_2019_2020 | ne_ndot_aup_july_june_2020_2021 | ne_ndot_aup_july_june_2021_2022 | ne_ndot_aup_july_june_2022_2023 | ne_ndot_aup_july_june_2023_2024 | ne_ndot_aup_july_june_2024_2025 | ne_ndot_aup_july_june_2025_2026,,,,auto_resolved,Raw description or unit variants collapse under the conservative identity normalizer.
ne_ndot_identity_conflict_0030.10,0030.10,ne_ndot_0030.10,normalized_equivalent,normalized_equivalent,normalized_equivalent,ne_ndot_0030.10,,,,,ne_ndot_aup_calendar_2018 | ne_ndot_aup_calendar_2019 | ne_ndot_aup_calendar_2020 | ne_ndot_aup_calendar_2021 | ne_ndot_aup_calendar_2022 | ne_ndot_aup_calendar_2023 | ne_ndot_aup_calendar_2024 | ne_ndot_aup_calendar_2025 | ne_ndot_aup_july_june_2017_2018 | ne_ndot_aup_july_june_2018_2019 | ne_ndot_aup_july_june_2019_2020 | ne_ndot_aup_july_june_2020_2021 | ne_ndot_aup_july_june_2021_2022 | ne_ndot_aup_july_june_2022_2023 | ne_ndot_aup_july_june_2023_2024 | ne_ndot_aup_july_june_2024_2025 | ne_ndot_aup_july_june_2025_2026,,,,auto_resolved,Raw description or unit variants collapse under the conservative identity normalizer.
ne_ndot_identity_conflict_0030.30,0030.30,ne_ndot_0030.30,normalized_equivalent,normalized_equivalent,normalized_equivalent,ne_ndot_0030.30,,,,,ne_ndot_aup_calendar_2018 | ne_ndot_aup_calendar_2019 | ne_ndot_aup_calendar_2020 | ne_ndot_aup_calendar_2021 | ne_ndot_aup_calendar_2022 | ne_ndot_aup_calendar_2023 | ne_ndot_aup_calendar_2024 | ne_ndot_aup_calendar_2025 | ne_ndot_aup_july_june_2017_2018 | ne_ndot_aup_july_june_2018_2019 | ne_ndot_aup_july_june_2019_2020 | ne_ndot_aup_july_june_2020_2021 | ne_ndot_aup_july_june_2021_2022 | ne_ndot_aup_july_june_2022_2023 | ne_ndot_aup_july_june_2023_2024 | ne_ndot_aup_july_june_2024_2025 | ne_ndot_aup_july_june_2025_2026,,,,auto_resolved,Raw description or unit variants collapse under the conservative identity normalizer.
ne_ndot_identity_conflict_0030.40,0030.40,ne_ndot_0030.40,normalized_equivalent,normalized_equivalent,normalized_equivalent,ne_ndot_0030.40,,,,,ne_ndot_aup_calendar_2018 | ne_ndot_aup_calendar_2019 | ne_ndot_aup_calendar_2020 | ne_ndot_aup_calendar_2021 | ne_ndot_aup_calendar_2022 | ne_ndot_aup_calendar_2023 | ne_ndot_aup_calendar_2024 | ne_ndot_aup_calendar_2025 | ne_ndot_aup_july_june_2017_2018 | ne_ndot_aup_july_june_2018_2019 | ne_ndot_aup_july_june_2019_2020 | ne_ndot_aup_july_june_2020_2021 | ne_ndot_aup_july_june_2021_2022 | ne_ndot_aup_july_june_2022_2023 | ne_ndot_aup_july_june_2023_2024 | ne_ndot_aup_july_june_2024_2025 | ne_ndot_aup_july_june_2025_2026,,,,auto_resolved,Raw description or unit variants collapse under the conservative identity normalizer.
ne_ndot_identity_conflict_0030.50,0030.50,ne_ndot_0030.50,normalized_equivalent,normalized_equivalent,normalized_equivalent,ne_ndot_0030.50,,,,,ne_ndot_aup_calendar_2018 | ne_ndot_aup_calendar_2019 | ne_ndot_aup_calendar_2020 | ne_ndot_aup_calendar_2021 | ne_ndot_aup_calendar_2022 | ne_ndot_aup_calendar_2023 | ne_ndot_aup_calendar_2024 | ne_ndot_aup_calendar_2025 | ne_ndot_aup_july_june_2017_2018 | ne_ndot_aup_july_june_2018_2019 | ne_ndot_aup_july_june_2019_2020 | ne_ndot_aup_july_june_2020_2021 | ne_ndot_aup_july_june_2021_2022 | ne_ndot_aup_july_june_2022_2023 | ne_ndot_aup_july_june_2023_2024 | ne_ndot_aup_july_june_2024_2025 | ne_ndot_aup_july_june_2025_2026,,,,auto_resolved,Raw description or unit variants collapse under the conservative identity normalizer.
ne_ndot_identity_conflict_0030.51,0030.51,ne_ndot_0030.51,normalized_equivalent,normalized_equivalent,normalized_equivalent,ne_ndot_0030.51,,,,,ne_ndot_aup_calendar_2020 | ne_ndot_aup_calendar_2021 | ne_ndot_aup_calendar_2022 | ne_ndot_aup_calendar_2024 | ne_ndot_aup_calendar_2025 | ne_ndot_aup_july_june_2017_2018 | ne_ndot_aup_july_june_2019_2020 | ne_ndot_aup_july_june_2021_2022 | ne_ndot_aup_july_june_2023_2024 | ne_ndot_aup_july_june_2024_2025 | ne_ndot_aup_july_june_2025_2026,,,,auto_resolved,Raw description or unit variants collapse under the conservative identity normalizer.
ne_ndot_identity_conflict_0030.60,0030.60,ne_ndot_0030.60,normalized_equivalent,normalized_equivalent,normalized_equivalent,ne_ndot_0030.60,,,,,ne_ndot_aup_calendar_2018 | ne_ndot_aup_calendar_2019 | ne_ndot_aup_calendar_2020 | ne_ndot_aup_calendar_2021 | ne_ndot_aup_calendar_2022 | ne_ndot_aup_calendar_2023 | ne_ndot_aup_calendar_2024 | ne_ndot_aup_calendar_2025 | ne_ndot_aup_july_june_2017_2018 | ne_ndot_aup_july_june_2018_2019 | ne_ndot_aup_july_june_2019_2020 | ne_ndot_aup_july_june_2020_2021 | ne_ndot_aup_july_june_2021_2022 | ne_ndot_aup_july_june_2022_2023 | ne_ndot_aup_july_june_2023_2024 | ne_ndot_aup_july_june_2024_2025 | ne_ndot_aup_july_june_2025_2026,,,,auto_resolved,Raw description or unit variants collapse under the conservative identity normalizer.
ne_ndot_identity_conflict_0030.70,0030.70,ne_ndot_0030.70,normalized_equivalent,normalized_equivalent,normalized_equivalent,ne_ndot_0030.70,,,,,ne_ndot_aup_calendar_2018 | ne_ndot_aup_calendar_2019 | ne_ndot_aup_calendar_2020 | ne_ndot_aup_calendar_2021 | ne_ndot_aup_calendar_2022 | ne_ndot_aup_calendar_2023 | ne_ndot_aup_calendar_2024 | ne_ndot_aup_calendar_2025 | ne_ndot_aup_july_june_2017_2018 | ne_ndot_aup_july_june_2018_2019 | ne_ndot_aup_july_june_2019_2020 | ne_ndot_aup_july_june_2020_2021 | ne_ndot_aup_july_june_2021_2022 | ne_ndot_aup_july_june_2022_2023 | ne_ndot_aup_july_june_2023_2024 | ne_ndot_aup_july_june_2024_2025 | ne_ndot_aup_july_june_2025_2026,,,,auto_resolved,Raw description or unit variants collapse under the conservative identity normalizer.
ne_ndot_identity_conflict_0030.71,0030.71,ne_ndot_0030.71,normalized_equivalent,normalized_equivalent,normalized_equivalent,ne_ndot_0030.71,,,,,ne_ndot_aup_calendar_2018 | ne_ndot_aup_calendar_2019 | ne_ndot_aup_calendar_2020 | ne_ndot_aup_calendar_2021 | ne_ndot_aup_calendar_2022 | ne_ndot_aup_calendar_2023 | ne_ndot_aup_calendar_2024 | ne_ndot_aup_calendar_2025 | ne_ndot_aup_july_june_2017_2018 | ne_ndot_aup_july_june_2018_2019 | ne_ndot_aup_july_june_2019_2020 | ne_ndot_aup_july_june_2020_2021 | ne_ndot_aup_july_june_2022_2023 | ne_ndot_aup_july_june_2023_2024 | ne_ndot_aup_july_june_2024_2025 | ne_ndot_aup_july_june_2025_2026,,,,auto_resolved,Raw description or unit variants collapse under the conservative identity normalizer.
ne_ndot_identity_conflict_0030.80,0030.80,ne_ndot_0030.80,normalized_equivalent,normalized_equivalent,normalized_equivalent,ne_ndot_0030.80,,,,,ne_ndot_aup_calendar_2018 | ne_ndot_aup_calendar_2019 | ne_ndot_aup_calendar_2020 | ne_ndot_aup_calendar_2021 | ne_ndot_aup_calendar_2022 | ne_ndot_aup_calendar_2023 | ne_ndot_aup_calendar_2024 | ne_ndot_aup_calendar_2025 | ne_ndot_aup_july_june_2017_2018 | ne_ndot_aup_july_june_2018_2019 | ne_ndot_aup_july_june_2019_2020 | ne_ndot_aup_july_june_2020_2021 | ne_ndot_aup_july_june_2021_2022 | ne_ndot_aup_july_june_2022_2023 | ne_ndot_aup_july_june_2023_2024 | ne_ndot_aup_july_june_2024_2025 | ne_ndot_aup_july_june_2025_2026,,,,auto_resolved,Raw description or unit variants collapse under the conservative identity normalizer.
ne_ndot_identity_conflict_0030.81,0030.81,ne_ndot_0030.81,normalized_equivalent,normalized_equivalent,normalized_equivalent,ne_ndot_0030.81,,,,,ne_ndot_aup_calendar_2018 | ne_ndot_aup_calendar_2019 | ne_ndot_aup_calendar_2020 | ne_ndot_aup_calendar_2021 | ne_ndot_aup_calendar_2022 | ne_ndot_aup_calendar_2023 | ne_ndot_aup_calendar_2024 | ne_ndot_aup_calendar_2025 | ne_ndot_aup_july_june_2017_2018 | ne_ndot_aup_july_june_2018_2019 | ne_ndot_aup_july_june_2019_2020 | ne_ndot_aup_july_june_2020_2021 | ne_ndot_aup_july_june_2021_2022 | ne_ndot_aup_july_june_2022_2023 | ne_ndot_aup_july_june_2023_2024 | ne_ndot_aup_july_june_2024_2025 | ne_ndot_aup_july_june_2025_2026,,,,auto_resolved,Raw description or unit variants collapse under the conservative identity normalizer.
ne_ndot_identity_conflict_0030.82,0030.82,ne_ndot_0030.82,normalized_equivalent,normalized_equivalent,normalized_equivalent,ne_ndot_0030.82,,,,,ne_ndot_aup_calendar_2018 | ne_ndot_aup_calendar_2019 | ne_ndot_aup_calendar_2020 | ne_ndot_aup_calendar_2021 | ne_ndot_aup_calendar_2022 | ne_ndot_aup_calendar_2023 | ne_ndot_aup_calendar_2024 | ne_ndot_aup_calendar_2025 | ne_ndot_aup_july_june_2017_2018 | ne_ndot_aup_july_june_2018_2019 | ne_ndot_aup_july_june_2019_2020 | ne_ndot_aup_july_june_2020_2021 | ne_ndot_aup_july_june_2021_2022 | ne_ndot_aup_july_june_2022_2023 | ne_ndot_aup_july_june_2023_2024 | ne_ndot_aup_july_june_2024_2025 | ne_ndot_aup_july_june_2025_2026,,,,auto_resolved,Raw description or unit variants collapse under the conservative identity normalizer.
ne_ndot_identity_conflict_0030.83,0030.83,ne_ndot_0030.83,normalized_equivalent,normalized_equivalent,normalized_equivalent,ne_ndot_0030.83,,,,,ne_ndot_aup_calendar_2020 | ne_ndot_aup_calendar_2022 | ne_ndot_aup_calendar_2025 | ne_ndot_aup_july_june_2019_2020 | ne_ndot_aup_july_june_2020_2021 | ne_ndot_aup_july_june_2022_2023 | ne_ndot_aup_july_june_2025_2026,,,,auto_resolved,Raw description or unit variants collapse under the conservative identity normalizer.
ne_ndot_identity_conflict_0030.84,0030.84,ne_ndot_0030.84,normalized_equivalent,normalized_equivalent,normalized_equivalent,ne_ndot_0030.84,,,,,ne_ndot_aup_calendar_2021 | ne_ndot_aup_calendar_2022 | ne_ndot_aup_calendar_2024 | ne_ndot_aup_calendar_2025 | ne_ndot_aup_july_june_2021_2022 | ne_ndot_aup_july_june_2022_2023 | ne_ndot_aup_july_june_2023_2024 | ne_ndot_aup_july_june_2024_2025 | ne_ndot_aup_july_june_2025_2026,,,,auto_resolved,Raw description or unit variants collapse under the conservative identity normalizer.
ne_ndot_identity_conflict_0030.90,0030.90,ne_ndot_0030.90,normalized_equivalent,normalized_equivalent,normalized_equivalent,ne_ndot_0030.90,,,,,ne_ndot_aup_calendar_2018 | ne_ndot_aup_calendar_2019 | ne_ndot_aup_calendar_2020 | ne_ndot_aup_calendar_2021 | ne_ndot_aup_calendar_2022 | ne_ndot_aup_calendar_2023 | ne_ndot_aup_calendar_2024 | ne_ndot_aup_calendar_2025 | ne_ndot_aup_july_june_2017_2018 | ne_ndot_aup_july_june_2018_2019 | ne_ndot_aup_july_june_2019_2020 | ne_ndot_aup_july_june_2020_2021 | ne_ndot_aup_july_june_2021_2022 | ne_ndot_aup_july_june_2022_2023 | ne_ndot_aup_july_june_2023_2024 | ne_ndot_aup_july_june_2024_2025 | ne_ndot_aup_july_june_2025_2026,,,,auto_resolved,Raw description or unit variants collapse under the conservative identity normalizer.
ne_ndot_identity_conflict_1009.00,1009.00,ne_ndot_1009.00,normalized_equivalent,normalized_equivalent,normalized_equivalent,ne_ndot_1009.00,,,,,ne_ndot_aup_calendar_2018 | ne_ndot_aup_calendar_2019 | ne_ndot_aup_calendar_2020 | ne_ndot_aup_calendar_2021 | ne_ndot_aup_calendar_2022 | ne_ndot_aup_calendar_2023 | ne_ndot_aup_calendar_2024 | ne_ndot_aup_calendar_2025 | ne_ndot_aup_july_june_2017_2018 | ne_ndot_aup_july_june_2018_2019 | ne_ndot_aup_july_june_2019_2020 | ne_ndot_aup_july_june_2020_2021 | ne_ndot_aup_july_june_2021_2022 | ne_ndot_aup_july_june_2022_2023 | ne_ndot_aup_july_june_2023_2024 | ne_ndot_aup_july_june_2024_2025 | ne_ndot_aup_july_june_2025_2026,,,,auto_resolved,Raw description or unit variants collapse under the conservative identity normalizer.
ne_ndot_identity_conflict_1009.01,1009.01,ne_ndot_1009.01,normalized_equivalent,normalized_equivalent,normalized_equivalent,ne_ndot_1009.01,,,,,ne_ndot_aup_calendar_2018 | ne_ndot_aup_july_june_2017_2018 | ne_ndot_aup_july_june_2018_2019,,,,auto_resolved,Raw description or unit variants collapse under the conservative identity normalizer.
ne_ndot_identity_conflict_1010.00,1010.00,ne_ndot_1010.00,normalized_equivalent,normalized_equivalent,normalized_equivalent,ne_ndot_1010.00,,,,,ne_ndot_aup_calendar_2018 | ne_ndot_aup_calendar_2019 | ne_ndot_aup_calendar_2020 | ne_ndot_aup_calendar_2021 | ne_ndot_aup_calendar_2022 | ne_ndot_aup_calendar_2023 | ne_ndot_aup_calendar_2024 | ne_ndot_aup_calendar_2025 | ne_ndot_aup_july_june_2017_2018 | ne_ndot_aup_july_june_2018_2019 | ne_ndot_aup_july_june_2019_2020 | ne_ndot_aup_july_june_2020_2021 | ne_ndot_aup_july_june_2021_2022 | ne_ndot_aup_july_june_2022_2023 | ne_ndot_aup_july_june_2023_2024 | ne_ndot_aup_july_june_2024_2025 | ne_ndot_aup_july_june_2025_2026,,,,auto_resolved,Raw description or unit variants collapse under the conservative identity normalizer.
ne_ndot_identity_conflict_1010.01,1010.01,ne_ndot_1010.01,normalized_equivalent,normalized_equivalent,normalized_equivalent,ne_ndot_1010.01,,,,,ne_ndot_aup_calendar_2018 | ne_ndot_aup_calendar_2019 | ne_ndot_aup_calendar_2020 | ne_ndot_aup_calendar_2021 | ne_ndot_aup_calendar_2022 | ne_ndot_aup_calendar_2023 | ne_ndot_aup_calendar_2024 | ne_ndot_aup_calendar_2025 | ne_ndot_aup_july_june_2017_2018 | ne_ndot_aup_july_june_2018_2019 | ne_ndot_aup_july_june_2019_2020 | ne_ndot_aup_july_june_2020_2021 | ne_ndot_aup_july_june_2021_2022 | ne_ndot_aup_july_june_2022_2023 | ne_ndot_aup_july_june_2023_2024 | ne_ndot_aup_july_june_2024_2025 | ne_ndot_aup_july_june_2025_2026,,,,auto_resolved,Raw description or unit variants collapse under the conservative identity normalizer.
ne_ndot_identity_conflict_1010.04,1010.04,ne_ndot_1010.04,normalized_equivalent,normalized_equivalent,normalized_equivalent,ne_ndot_1010.04,,,,,ne_ndot_aup_calendar_2018 | ne_ndot_aup_calendar_2023 | ne_ndot_aup_july_june_2022_2023,,,,auto_resolved,Raw description or unit variants collapse under the conservative identity normalizer.
ne_ndot_identity_conflict_1010.10,1010.10,ne_ndot_1010.10,normalized_equivalent,normalized_equivalent,normalized_equivalent,ne_ndot_1010.10,,,,,ne_ndot_aup_calendar_2018 | ne_ndot_aup_calendar_2019 | ne_ndot_aup_calendar_2020 | ne_ndot_aup_calendar_2021 | ne_ndot_aup_calendar_2022 | ne_ndot_aup_calendar_2023 | ne_ndot_aup_calendar_2024 | ne_ndot_aup_calendar_2025 | ne_ndot_aup_july_june_2017_2018 | ne_ndot_aup_july_june_2018_2019 | ne_ndot_aup_july_june_2019_2020 | ne_ndot_aup_july_june_2020_2021 | ne_ndot_aup_july_june_2021_2022 | ne_ndot_aup_july_june_2022_2023 | ne_ndot_aup_july_june_2023_2024 | ne_ndot_aup_july_june_2024_2025 | ne_ndot_aup_july_june_2025_2026,,,,auto_resolved,Raw description or unit variants collapse under the conservative identity normalizer.
ne_ndot_identity_conflict_1010.12,1010.12,ne_ndot_1010.12,normalized_equivalent,normalized_equivalent,normalized_equivalent,ne_ndot_1010.12,,,,,ne_ndot_aup_calendar_2018 | ne_ndot_aup_calendar_2023 | ne_ndot_aup_july_june_2022_2023,,,,auto_resolved,Raw description or unit variants collapse under the conservative identity normalizer.
ne_ndot_identity_conflict_1010.16,1010.16,ne_ndot_1010.16,normalized_equivalent,normalized_equivalent,normalized_equivalent,ne_ndot_1010.16,,,,,ne_ndot_aup_calendar_2020 | ne_ndot_aup_calendar_2022 | ne_ndot_aup_july_june_2019_2020 | ne_ndot_aup_july_june_2022_2023,,,,auto_resolved,Raw description or unit variants collapse under the conservative identity normalizer.
ne_ndot_identity_conflict_1010.26,1010.26,ne_ndot_1010.26,normalized_equivalent,normalized_equivalent,normalized_equivalent,ne_ndot_1010.26,,,,,ne_ndot_aup_calendar_2019 | ne_ndot_aup_calendar_2020 | ne_ndot_aup_calendar_2023 | ne_ndot_aup_calendar_2025 | ne_ndot_aup_july_june_2017_2018 | ne_ndot_aup_july_june_2018_2019 | ne_ndot_aup_july_june_2019_2020 | ne_ndot_aup_july_june_2023_2024 | ne_ndot_aup_july_june_2024_2025 | ne_ndot_aup_july_june_2025_2026,,,,auto_resolved,Raw description or unit variants collapse under the conservative identity normalizer.
ne_ndot_identity_conflict_1010.27,1010.27,ne_ndot_1010.27,normalized_equivalent,normalized_equivalent,normalized_equivalent,ne_ndot_1010.27,,,,,ne_ndot_aup_calendar_2018 | ne_ndot_aup_calendar_2019 | ne_ndot_aup_calendar_2020 | ne_ndot_aup_calendar_2021 | ne_ndot_aup_calendar_2023 | ne_ndot_aup_calendar_2024 | ne_ndot_aup_calendar_2025 | ne_ndot_aup_july_june_2017_2018 | ne_ndot_aup_july_june_2018_2019 | ne_ndot_aup_july_june_2019_2020 | ne_ndot_aup_july_june_2020_2021 | ne_ndot_aup_july_june_2021_2022 | ne_ndot_aup_july_june_2023_2024 | ne_ndot_aup_july_june_2025_2026,,,,auto_resolved,Raw description or unit variants collapse under the conservative identity normalizer.
ne_ndot_identity_conflict_1010.40,1010.40,ne_ndot_1010.40,normalized_equivalent,normalized_equivalent,normalized_equivalent,ne_ndot_1010.40,,,,,ne_ndot_aup_calendar_2020 | ne_ndot_aup_july_june_2019_2020,,,,auto_resolved,Raw description or unit variants collapse under the conservative identity normalizer.
ne_ndot_identity_conflict_1010.46,1010.46,ne_ndot_1010.46,normalized_equivalent,normalized_equivalent,normalized_equivalent,ne_ndot_1010.46,,,,,ne_ndot_aup_calendar_2018 | ne_ndot_aup_calendar_2019 | ne_ndot_aup_calendar_2022 | ne_ndot_aup_july_june_2018_2019 | ne_ndot_aup_july_june_2019_2020 | ne_ndot_aup_july_june_2022_2023,,,,auto_resolved,Raw description or unit variants collapse under the conservative identity normalizer.
ne_ndot_identity_conflict_1010.50,1010.50,ne_ndot_1010.50,normalized_equivalent,normalized_equivalent,normalized_equivalent,ne_ndot_1010.50,,,,,ne_ndot_aup_calendar_2019 | ne_ndot_aup_calendar_2021 | ne_ndot_aup_calendar_2023 | ne_ndot_aup_calendar_2025 | ne_ndot_aup_july_june_2017_2018 | ne_ndot_aup_july_june_2018_2019 | ne_ndot_aup_july_june_2019_2020 | ne_ndot_aup_july_june_2021_2022 | ne_ndot_aup_july_june_2023_2024 | ne_ndot_aup_july_june_2024_2025,,,,auto_resolved,Raw description or unit variants collapse under the conservative identity normalizer.
ne_ndot_identity_conflict_1011.00,1011.00,ne_ndot_1011.00,normalized_equivalent,normalized_equivalent,normalized_equivalent,ne_ndot_1011.00,,,,,ne_ndot_aup_calendar_2018 | ne_ndot_aup_calendar_2019 | ne_ndot_aup_calendar_2020 | ne_ndot_aup_calendar_2021 | ne_ndot_aup_calendar_2022 | ne_ndot_aup_calendar_2023 | ne_ndot_aup_calendar_2024 | ne_ndot_aup_calendar_2025 | ne_ndot_aup_july_june_2017_2018 | ne_ndot_aup_july_june_2018_2019 | ne_ndot_aup_july_june_2019_2020 | ne_ndot_aup_july_june_2020_2021 | ne_ndot_aup_july_june_2021_2022 | ne_ndot_aup_july_june_2022_2023 | ne_ndot_aup_july_june_2023_2024 | ne_ndot_aup_july_june_2024_2025 | ne_ndot_aup_july_june_2025_2026,,,,auto_resolved,Raw description or unit variants collapse under the conservative identity normalizer.
ne_ndot_identity_conflict_1011.02,1011.02,ne_ndot_1011.02,normalized_equivalent,normalized_equivalent,normalized_equivalent,ne_ndot_1011.02,,,,,ne_ndot_aup_calendar_2019 | ne_ndot_aup_calendar_2020 | ne_ndot_aup_calendar_2021 | ne_ndot_aup_calendar_2023 | ne_ndot_aup_calendar_2024 | ne_ndot_aup_july_june_2018_2019 | ne_ndot_aup_july_june_2019_2020 | ne_ndot_aup_july_june_2020_2021 | ne_ndot_aup_july_june_2021_2022 | ne_ndot_aup_july_june_2023_2024 | ne_ndot_aup_july_june_2024_2025,,,,auto_resolved,Raw description or unit variants collapse under the conservative identity normalizer.
ne_ndot_identity_conflict_1017.00,1017.00,ne_ndot_1017.00,stable_description_multi_unit,reviewed_multi_unit,needs_review,ne_ndot_1017.00,,,,,ne_ndot_aup_calendar_2018 | ne_ndot_aup_calendar_2024 | ne_ndot_aup_july_june_2017_2018 | ne_ndot_aup_july_june_2023_2024,,,,needs_review,Same identity candidate with multiple reported units; retain every raw unit and require unit-aware review.
ne_ndot_identity_conflict_1017.50,1017.50,ne_ndot_1017.50,normalized_equivalent,normalized_equivalent,normalized_equivalent,ne_ndot_1017.50,,,,,ne_ndot_aup_calendar_2019 | ne_ndot_aup_calendar_2020 | ne_ndot_aup_calendar_2025 | ne_ndot_aup_july_june_2017_2018 | ne_ndot_aup_july_june_2019_2020 | ne_ndot_aup_july_june_2020_2021 | ne_ndot_aup_july_june_2021_2022 | ne_ndot_aup_july_june_2024_2025 | ne_ndot_aup_july_june_2025_2026,,,,auto_resolved,Raw description or unit variants collapse under the conservative identity normalizer.
ne_ndot_identity_conflict_1017.70,1017.70,ne_ndot_1017.70,stable_description_multi_unit,reviewed_multi_unit,needs_review,ne_ndot_1017.70,,,,,ne_ndot_aup_calendar_2018 | ne_ndot_aup_calendar_2019 | ne_ndot_aup_calendar_2020 | ne_ndot_aup_calendar_2021 | ne_ndot_aup_calendar_2022 | ne_ndot_aup_calendar_2023 | ne_ndot_aup_calendar_2024 | ne_ndot_aup_calendar_2025 | ne_ndot_aup_july_june_2017_2018 | ne_ndot_aup_july_june_2018_2019 | ne_ndot_aup_july_june_2019_2020 | ne_ndot_aup_july_june_2020_2021 | ne_ndot_aup_july_june_2021_2022 | ne_ndot_aup_july_june_2022_2023 | ne_ndot_aup_july_june_2023_2024 | ne_ndot_aup_july_june_2024_2025 | ne_ndot_aup_july_june_2025_2026,,,,needs_review,Same identity candidate with multiple reported units; retain every raw unit and require unit-aware review.
ne_ndot_identity_conflict_1018.00,1018.00,ne_ndot_1018.00,normalized_equivalent,normalized_equivalent,normalized_equivalent,ne_ndot_1018.00,,,,,ne_ndot_aup_calendar_2019 | ne_ndot_aup_july_june_2018_2019,,,,auto_resolved,Raw description or unit variants collapse under the conservative identity normalizer.
ne_ndot_identity_conflict_1030.00,1030.00,ne_ndot_1030.00,normalized_equivalent,normalized_equivalent,normalized_equivalent,ne_ndot_1030.00,,,,,ne_ndot_aup_calendar_2018 | ne_ndot_aup_calendar_2019 | ne_ndot_aup_calendar_2020 | ne_ndot_aup_calendar_2021 | ne_ndot_aup_calendar_2022 | ne_ndot_aup_calendar_2023 | ne_ndot_aup_calendar_2024 | ne_ndot_aup_calendar_2025 | ne_ndot_aup_july_june_2017_2018 | ne_ndot_aup_july_june_2018_2019 | ne_ndot_aup_july_june_2019_2020 | ne_ndot_aup_july_june_2020_2021 | ne_ndot_aup_july_june_2021_2022 | ne_ndot_aup_july_june_2022_2023 | ne_ndot_aup_july_june_2023_2024 | ne_ndot_aup_july_june_2024_2025 | ne_ndot_aup_july_june_2025_2026,,,,auto_resolved,Raw description or unit variants collapse under the conservative identity normalizer.
ne_ndot_identity_conflict_1030.02,1030.02,ne_ndot_1030.02,normalized_equivalent,normalized_equivalent,normalized_equivalent,ne_ndot_1030.02,,,,,ne_ndot_aup_calendar_2019 | ne_ndot_aup_calendar_2020 | ne_ndot_aup_calendar_2024 | ne_ndot_aup_calendar_2025 | ne_ndot_aup_july_june_2017_2018 | ne_ndot_aup_july_june_2018_2019 | ne_ndot_aup_july_june_2019_2020 | ne_ndot_aup_july_june_2024_2025 | ne_ndot_aup_july_june_2025_2026,,,,auto_resolved,Raw description or unit variants collapse under the conservative identity normalizer.
ne_ndot_identity_conflict_1033.00,1033.00,ne_ndot_1033.00,normalized_equivalent,normalized_equivalent,normalized_equivalent,ne_ndot_1033.00,,,,,ne_ndot_aup_calendar_2018 | ne_ndot_aup_calendar_2019 | ne_ndot_aup_calendar_2020 | ne_ndot_aup_calendar_2021 | ne_ndot_aup_calendar_2022 | ne_ndot_aup_calendar_2023 | ne_ndot_aup_calendar_2024 | ne_ndot_aup_calendar_2025 | ne_ndot_aup_july_june_2017_2018 | ne_ndot_aup_july_june_2018_2019 | ne_ndot_aup_july_june_2019_2020 | ne_ndot_aup_july_june_2020_2021 | ne_ndot_aup_july_june_2021_2022 | ne_ndot_aup_july_june_2022_2023 | ne_ndot_aup_july_june_2023_2024 | ne_ndot_aup_july_june_2024_2025 | ne_ndot_aup_july_june_2025_2026,,,,auto_resolved,Raw description or unit variants collapse under the conservative identity normalizer.
ne_ndot_identity_conflict_1040.00,1040.00,ne_ndot_1040.00,normalized_equivalent,normalized_equivalent,normalized_equivalent,ne_ndot_1040.00,,,,,ne_ndot_aup_calendar_2018 | ne_ndot_aup_calendar_2019 | ne_ndot_aup_calendar_2020 | ne_ndot_aup_calendar_2021 | ne_ndot_aup_calendar_2022 | ne_ndot_aup_calendar_2023 | ne_ndot_aup_calendar_2024 | ne_ndot_aup_calendar_2025 | ne_ndot_aup_july_june_2017_2018 | ne_ndot_aup_july_june_2018_2019 | ne_ndot_aup_july_june_2019_2020 | ne_ndot_aup_july_june_2020_2021 | ne_ndot_aup_july_june_2021_2022 | ne_ndot_aup_july_june_2022_2023 | ne_ndot_aup_july_june_2023_2024 | ne_ndot_aup_july_june_2024_2025 | ne_ndot_aup_july_june_2025_2026,,,,auto_resolved,Raw description or unit variants collapse under the conservative identity normalizer.
ne_ndot_identity_conflict_1041.00,1041.00,ne_ndot_1041.00,normalized_equivalent,normalized_equivalent,normalized_equivalent,ne_ndot_1041.00,,,,,ne_ndot_aup_calendar_2018 | ne_ndot_aup_calendar_2019 | ne_ndot_aup_calendar_2020 | ne_ndot_aup_calendar_2021 | ne_ndot_aup_calendar_2022 | ne_ndot_aup_calendar_2023 | ne_ndot_aup_calendar_2024 | ne_ndot_aup_calendar_2025 | ne_ndot_aup_july_june_2017_2018 | ne_ndot_aup_july_june_2018_2019 | ne_ndot_aup_july_june_2019_2020 | ne_ndot_aup_july_june_2020_2021 | ne_ndot_aup_july_june_2021_2022 | ne_ndot_aup_july_june_2022_2023 | ne_ndot_aup_july_june_2023_2024 | ne_ndot_aup_july_june_2024_2025 | ne_ndot_aup_july_june_2025_2026,,,,auto_resolved,Raw description or unit variants collapse under the conservative identity normalizer.
ne_ndot_identity_conflict_1041.21,1041.21,ne_ndot_1041.21,normalized_equivalent,normalized_equivalent,normalized_equivalent,ne_ndot_1041.21,,,,,ne_ndot_aup_calendar_2021 | ne_ndot_aup_calendar_2023 | ne_ndot_aup_july_june_2020_2021 | ne_ndot_aup_july_june_2022_2023,,,,auto_resolved,Raw description or unit variants collapse under the conservative identity normalizer.
ne_ndot_identity_conflict_1041.22,1041.22,ne_ndot_1041.22,normalized_equivalent,normalized_equivalent,normalized_equivalent,ne_ndot_1041.22,,,,,ne_ndot_aup_calendar_2021 | ne_ndot_aup_calendar_2022 | ne_ndot_aup_calendar_2024 | ne_ndot_aup_july_june_2017_2018 | ne_ndot_aup_july_june_2021_2022 | ne_ndot_aup_july_june_2022_2023 | ne_ndot_aup_july_june_2024_2025,,,,auto_resolved,Raw description or unit variants collapse under the conservative identity normalizer.
ne_ndot_identity_conflict_1041.23,1041.23,ne_ndot_1041.23,normalized_equivalent,normalized_equivalent,normalized_equivalent,ne_ndot_1041.23,,,,,ne_ndot_aup_calendar_2019 | ne_ndot_aup_calendar_2020 | ne_ndot_aup_calendar_2021 | ne_ndot_aup_july_june_2019_2020 | ne_ndot_aup_july_june_2020_2021,,,,auto_resolved,Raw description or unit variants collapse under the conservative identity normalizer.
ne_ndot_identity_conflict_1041.90,1041.90,ne_ndot_1041.90,normalized_equivalent,normalized_equivalent,normalized_equivalent,ne_ndot_1041.90,,,,,ne_ndot_aup_calendar_2023 | ne_ndot_aup_july_june_2022_2023,,,,auto_resolved,Raw description or unit variants collapse under the conservative identity normalizer.
ne_ndot_identity_conflict_1043.50,1043.50,ne_ndot_1043.50,normalized_equivalent,normalized_equivalent,normalized_equivalent,ne_ndot_1043.50,,,,,ne_ndot_aup_calendar_2018 | ne_ndot_aup_calendar_2019 | ne_ndot_aup_calendar_2020 | ne_ndot_aup_calendar_2021 | ne_ndot_aup_calendar_2022 | ne_ndot_aup_calendar_2023 | ne_ndot_aup_calendar_2024 | ne_ndot_aup_calendar_2025 | ne_ndot_aup_july_june_2017_2018 | ne_ndot_aup_july_june_2018_2019 | ne_ndot_aup_july_june_2019_2020 | ne_ndot_aup_july_june_2020_2021 | ne_ndot_aup_july_june_2021_2022 | ne_ndot_aup_july_june_2022_2023 | ne_ndot_aup_july_june_2023_2024 | ne_ndot_aup_july_june_2024_2025 | ne_ndot_aup_july_june_2025_2026,,,,auto_resolved,Raw description or unit variants collapse under the conservative identity normalizer.
ne_ndot_identity_conflict_1043.57,1043.57,ne_ndot_1043.57,normalized_equivalent,normalized_equivalent,normalized_equivalent,ne_ndot_1043.57,,,,,ne_ndot_aup_calendar_2021 | ne_ndot_aup_july_june_2021_2022,,,,auto_resolved,Raw description or unit variants collapse under the conservative identity normalizer.
ne_ndot_identity_conflict_1043.61,1043.61,ne_ndot_1043.61,normalized_equivalent,normalized_equivalent,normalized_equivalent,ne_ndot_1043.61,,,,,ne_ndot_aup_calendar_2018 | ne_ndot_aup_calendar_2019 | ne_ndot_aup_july_june_2017_2018 | ne_ndot_aup_july_june_2018_2019 | ne_ndot_aup_july_june_2025_2026,,,,auto_resolved,Raw description or unit variants collapse under the conservative identity normalizer.
ne_ndot_identity_conflict_1043.65,1043.65,ne_ndot_1043.65,normalized_equivalent,normalized_equivalent,normalized_equivalent,ne_ndot_1043.65,,,,,ne_ndot_aup_calendar_2020 | ne_ndot_aup_calendar_2023 | ne_ndot_aup_calendar_2024 | ne_ndot_aup_calendar_2025 | ne_ndot_aup_july_june_2017_2018 | ne_ndot_aup_july_june_2019_2020 | ne_ndot_aup_july_june_2023_2024 | ne_ndot_aup_july_june_2024_2025,,,,auto_resolved,Raw description or unit variants collapse under the conservative identity normalizer.
ne_ndot_identity_conflict_1090.03,1090.03,ne_ndot_1090.03,normalized_equivalent,normalized_equivalent,normalized_equivalent,ne_ndot_1090.03,,,,,ne_ndot_aup_calendar_2021 | ne_ndot_aup_july_june_2020_2021,,,,auto_resolved,Raw description or unit variants collapse under the conservative identity normalizer.
ne_ndot_identity_conflict_1100.00,1100.00,ne_ndot_1100.00,normalized_equivalent,normalized_equivalent,normalized_equivalent,ne_ndot_1100.00,,,,,ne_ndot_aup_calendar_2018 | ne_ndot_aup_calendar_2023 | ne_ndot_aup_calendar_2024 | ne_ndot_aup_calendar_2025 | ne_ndot_aup_july_june_2023_2024 | ne_ndot_aup_july_june_2024_2025,,,,auto_resolved,Raw description or unit variants collapse under the conservative identity normalizer.
ne_ndot_identity_conflict_1101.00,1101.00,ne_ndot_1101.00,normalized_equivalent,normalized_equivalent,normalized_equivalent,ne_ndot_1101.00,,,,,ne_ndot_aup_calendar_2018 | ne_ndot_aup_calendar_2019 | ne_ndot_aup_calendar_2020 | ne_ndot_aup_calendar_2021 | ne_ndot_aup_calendar_2022 | ne_ndot_aup_calendar_2023 | ne_ndot_aup_calendar_2024 | ne_ndot_aup_calendar_2025 | ne_ndot_aup_july_june_2017_2018 | ne_ndot_aup_july_june_2018_2019 | ne_ndot_aup_july_june_2019_2020 | ne_ndot_aup_july_june_2020_2021 | ne_ndot_aup_july_june_2021_2022 | ne_ndot_aup_july_june_2022_2023 | ne_ndot_aup_july_june_2023_2024 | ne_ndot_aup_july_june_2024_2025 | ne_ndot_aup_july_june_2025_2026,,,,auto_resolved,Raw description or unit variants collapse under the conservative identity normalizer.
ne_ndot_identity_conflict_1101.25,1101.25,ne_ndot_1101.25,normalized_equivalent,normalized_equivalent,normalized_equivalent,ne_ndot_1101.25,,,,,ne_ndot_aup_calendar_2018 | ne_ndot_aup_calendar_2019 | ne_ndot_aup_calendar_2020 | ne_ndot_aup_calendar_2021 | ne_ndot_aup_calendar_2022 | ne_ndot_aup_calendar_2023 | ne_ndot_aup_calendar_2024 | ne_ndot_aup_calendar_2025 | ne_ndot_aup_july_june_2017_2018 | ne_ndot_aup_july_june_2018_2019 | ne_ndot_aup_july_june_2019_2020 | ne_ndot_aup_july_june_2020_2021 | ne_ndot_aup_july_june_2021_2022 | ne_ndot_aup_july_june_2022_2023 | ne_ndot_aup_july_june_2023_2024 | ne_ndot_aup_july_june_2024_2025 | ne_ndot_aup_july_june_2025_2026,,,,auto_resolved,Raw description or unit variants collapse under the conservative identity normalizer.
ne_ndot_identity_conflict_1101.75,1101.75,ne_ndot_1101.75,normalized_equivalent,normalized_equivalent,normalized_equivalent,ne_ndot_1101.75,,,,,ne_ndot_aup_calendar_2020 | ne_ndot_aup_july_june_2020_2021,,,,auto_resolved,Raw description or unit variants collapse under the conservative identity normalizer.
ne_ndot_identity_conflict_1102.00,1102.00,ne_ndot_1102.00,normalized_equivalent,normalized_equivalent,normalized_equivalent,ne_ndot_1102.00,,,,,ne_ndot_aup_calendar_2018 | ne_ndot_aup_calendar_2019 | ne_ndot_aup_calendar_2020 | ne_ndot_aup_calendar_2021 | ne_ndot_aup_calendar_2022 | ne_ndot_aup_calendar_2023 | ne_ndot_aup_calendar_2024 | ne_ndot_aup_calendar_2025 | ne_ndot_aup_july_june_2017_2018 | ne_ndot_aup_july_june_2018_2019 | ne_ndot_aup_july_june_2019_2020 | ne_ndot_aup_july_june_2020_2021 | ne_ndot_aup_july_june_2021_2022 | ne_ndot_aup_july_june_2022_2023 | ne_ndot_aup_july_june_2023_2024 | ne_ndot_aup_july_june_2024_2025 | ne_ndot_aup_july_june_2025_2026,,,,auto_resolved,Raw description or unit variants collapse under the conservative identity normalizer.
ne_ndot_identity_conflict_1102.01,1102.01,ne_ndot_1102.01,normalized_equivalent,normalized_equivalent,normalized_equivalent,ne_ndot_1102.01,,,,,ne_ndot_aup_calendar_2019 | ne_ndot_aup_july_june_2018_2019,,,,auto_resolved,Raw description or unit variants collapse under the conservative identity normalizer.
ne_ndot_identity_conflict_1102.05,1102.05,ne_ndot_1102.05,normalized_equivalent,normalized_equivalent,normalized_equivalent,ne_ndot_1102.05,,,,,ne_ndot_aup_calendar_2018 | ne_ndot_aup_calendar_2019 | ne_ndot_aup_calendar_2021 | ne_ndot_aup_calendar_2024 | ne_ndot_aup_calendar_2025 | ne_ndot_aup_july_june_2017_2018 | ne_ndot_aup_july_june_2018_2019 | ne_ndot_aup_july_june_2019_2020 | ne_ndot_aup_july_june_2021_2022 | ne_ndot_aup_july_june_2024_2025 | ne_ndot_aup_july_june_2025_2026,,,,auto_resolved,Raw description or unit variants collapse under the conservative identity normalizer.
ne_ndot_identity_conflict_1102.10,1102.10,ne_ndot_1102.10,normalized_equivalent,normalized_equivalent,normalized_equivalent,ne_ndot_1102.10,,,,,ne_ndot_aup_calendar_2018 | ne_ndot_aup_calendar_2024 | ne_ndot_aup_july_june_2024_2025,,,,auto_resolved,Raw description or unit variants collapse under the conservative identity normalizer.
ne_ndot_identity_conflict_1103.00,1103.00,ne_ndot_1103.00,normalized_equivalent,normalized_equivalent,normalized_equivalent,ne_ndot_1103.00,,,,,ne_ndot_aup_calendar_2021 | ne_ndot_aup_calendar_2023 | ne_ndot_aup_july_june_2017_2018 | ne_ndot_aup_july_june_2021_2022 | ne_ndot_aup_july_june_2023_2024,,,,auto_resolved,Raw description or unit variants collapse under the conservative identity normalizer.
ne_ndot_identity_conflict_1103.01,1103.01,ne_ndot_1103.01,normalized_equivalent,normalized_equivalent,normalized_equivalent,ne_ndot_1103.01,,,,,ne_ndot_aup_calendar_2022 | ne_ndot_aup_calendar_2025 | ne_ndot_aup_july_june_2021_2022 | ne_ndot_aup_july_june_2025_2026,,,,auto_resolved,Raw description or unit variants collapse under the conservative identity normalizer.
ne_ndot_identity_conflict_1106.00,1106.00,ne_ndot_1106.00,normalized_equivalent,normalized_equivalent,normalized_equivalent,ne_ndot_1106.00,,,,,ne_ndot_aup_calendar_2018 | ne_ndot_aup_calendar_2019 | ne_ndot_aup_calendar_2020 | ne_ndot_aup_calendar_2021 | ne_ndot_aup_calendar_2022 | ne_ndot_aup_calendar_2023 | ne_ndot_aup_calendar_2024 | ne_ndot_aup_calendar_2025 | ne_ndot_aup_july_june_2017_2018 | ne_ndot_aup_july_june_2018_2019 | ne_ndot_aup_july_june_2019_2020 | ne_ndot_aup_july_june_2020_2021 | ne_ndot_aup_july_june_2021_2022 | ne_ndot_aup_july_june_2022_2023 | ne_ndot_aup_july_june_2023_2024 | ne_ndot_aup_july_june_2024_2025 | ne_ndot_aup_july_june_2025_2026,,,,auto_resolved,Raw description or unit variants collapse under the conservative identity normalizer.
ne_ndot_identity_conflict_1107.00,1107.00,ne_ndot_1107.00,normalized_equivalent,normalized_equivalent,normalized_equivalent,ne_ndot_1107.00,,,,,ne_ndot_aup_calendar_2018 | ne_ndot_aup_calendar_2019 | ne_ndot_aup_calendar_2020 | ne_ndot_aup_calendar_2021 | ne_ndot_aup_calendar_2022 | ne_ndot_aup_calendar_2023 | ne_ndot_aup_calendar_2024 | ne_ndot_aup_calendar_2025 | ne_ndot_aup_july_june_2017_2018 | ne_ndot_aup_july_june_2018_2019 | ne_ndot_aup_july_june_2019_2020 | ne_ndot_aup_july_june_2020_2021 | ne_ndot_aup_july_june_2021_2022 | ne_ndot_aup_july_june_2022_2023 | ne_ndot_aup_july_june_2023_2024 | ne_ndot_aup_july_june_2024_2025 | ne_ndot_aup_july_june_2025_2026,,,,auto_resolved,Raw description or unit variants collapse under the conservative identity normalizer.
ne_ndot_identity_conflict_1108.00,1108.00,ne_ndot_1108.00,normalized_equivalent,normalized_equivalent,normalized_equivalent,ne_ndot_1108.00,,,,,ne_ndot_aup_calendar_2018 | ne_ndot_aup_calendar_2019 | ne_ndot_aup_calendar_2020 | ne_ndot_aup_calendar_2021 | ne_ndot_aup_calendar_2022 | ne_ndot_aup_calendar_2023 | ne_ndot_aup_calendar_2024 | ne_ndot_aup_calendar_2025 | ne_ndot_aup_july_june_2017_2018 | ne_ndot_aup_july_june_2018_2019 | ne_ndot_aup_july_june_2019_2020 | ne_ndot_aup_july_june_2020_2021 | ne_ndot_aup_july_june_2021_2022 | ne_ndot_aup_july_june_2022_2023 | ne_ndot_aup_july_june_2023_2024 | ne_ndot_aup_july_june_2024_2025 | ne_ndot_aup_july_june_2025_2026,,,,auto_resolved,Raw description or unit variants collapse under the conservative identity normalizer.
ne_ndot_identity_conflict_1109.00,1109.00,ne_ndot_1109.00,normalized_equivalent,normalized_equivalent,normalized_equivalent,ne_ndot_1109.00,,,,,ne_ndot_aup_calendar_2018 | ne_ndot_aup_calendar_2019 | ne_ndot_aup_calendar_2020 | ne_ndot_aup_calendar_2021 | ne_ndot_aup_calendar_2022 | ne_ndot_aup_calendar_2023 | ne_ndot_aup_calendar_2024 | ne_ndot_aup_calendar_2025 | ne_ndot_aup_july_june_2017_2018 | ne_ndot_aup_july_june_2018_2019 | ne_ndot_aup_july_june_2019_2020 | ne_ndot_aup_july_june_2020_2021 | ne_ndot_aup_july_june_2021_2022 | ne_ndot_aup_july_june_2022_2023 | ne_ndot_aup_july_june_2023_2024 | ne_ndot_aup_july_june_2024_2025 | ne_ndot_aup_july_june_2025_2026,,,,auto_resolved,Raw description or unit variants collapse under the conservative identity normalizer.
ne_ndot_identity_conflict_1109.20,1109.20,ne_ndot_1109.20,normalized_equivalent,normalized_equivalent,normalized_equivalent,ne_ndot_1109.20,,,,,ne_ndot_aup_calendar_2018 | ne_ndot_aup_calendar_2020 | ne_ndot_aup_calendar_2021 | ne_ndot_aup_calendar_2025 | ne_ndot_aup_july_june_2017_2018 | ne_ndot_aup_july_june_2018_2019 | ne_ndot_aup_july_june_2019_2020 | ne_ndot_aup_july_june_2020_2021 | ne_ndot_aup_july_june_2024_2025 | ne_ndot_aup_july_june_2025_2026,,,,auto_resolved,Raw description or unit variants collapse under the conservative identity normalizer.
ne_ndot_identity_conflict_1110.99,1110.99,ne_ndot_1110.99,normalized_equivalent,normalized_equivalent,normalized_equivalent,ne_ndot_1110.99,,,,,ne_ndot_aup_calendar_2018 | ne_ndot_aup_calendar_2020 | ne_ndot_aup_calendar_2023 | ne_ndot_aup_july_june_2019_2020 | ne_ndot_aup_july_june_2023_2024,,,,auto_resolved,Raw description or unit variants collapse under the conservative identity normalizer.
ne_ndot_identity_conflict_1111.00,1111.00,ne_ndot_1111.00,normalized_equivalent,normalized_equivalent,normalized_equivalent,ne_ndot_1111.00,,,,,ne_ndot_aup_calendar_2018 | ne_ndot_aup_calendar_2019 | ne_ndot_aup_calendar_2020 | ne_ndot_aup_calendar_2021 | ne_ndot_aup_calendar_2022 | ne_ndot_aup_calendar_2023 | ne_ndot_aup_calendar_2024 | ne_ndot_aup_calendar_2025 | ne_ndot_aup_july_june_2017_2018 | ne_ndot_aup_july_june_2018_2019 | ne_ndot_aup_july_june_2019_2020 | ne_ndot_aup_july_june_2020_2021 | ne_ndot_aup_july_june_2021_2022 | ne_ndot_aup_july_june_2022_2023 | ne_ndot_aup_july_june_2023_2024 | ne_ndot_aup_july_june_2024_2025 | ne_ndot_aup_july_june_2025_2026,,,,auto_resolved,Raw description or unit variants collapse under the conservative identity normalizer.
ne_ndot_identity_conflict_1111.01,1111.01,ne_ndot_1111.01,normalized_equivalent,normalized_equivalent,normalized_equivalent,ne_ndot_1111.01,,,,,ne_ndot_aup_calendar_2023 | ne_ndot_aup_july_june_2022_2023,,,,auto_resolved,Raw description or unit variants collapse under the conservative identity normalizer.
ne_ndot_identity_conflict_1111.05,1111.05,ne_ndot_1111.05,normalized_equivalent,normalized_equivalent,normalized_equivalent,ne_ndot_1111.05,,,,,ne_ndot_aup_calendar_2021 | ne_ndot_aup_calendar_2022 | ne_ndot_aup_calendar_2023 | ne_ndot_aup_calendar_2024 | ne_ndot_aup_calendar_2025 | ne_ndot_aup_july_june_2020_2021 | ne_ndot_aup_july_june_2021_2022 | ne_ndot_aup_july_june_2022_2023 | ne_ndot_aup_july_june_2023_2024 | ne_ndot_aup_july_june_2024_2025 | ne_ndot_aup_july_june_2025_2026,,,,auto_resolved,Raw description or unit variants collapse under the conservative identity normalizer.
ne_ndot_identity_conflict_1111.10,1111.10,ne_ndot_1111.10,normalized_equivalent,normalized_equivalent,normalized_equivalent,ne_ndot_1111.10,,,,,ne_ndot_aup_calendar_2019 | ne_ndot_aup_july_june_2019_2020,,,,auto_resolved,Raw description or unit variants collapse under the conservative identity normalizer.
ne_ndot_identity_conflict_1113.01,1113.01,ne_ndot_1113.01,normalized_equivalent,normalized_equivalent,normalized_equivalent,ne_ndot_1113.01,,,,,ne_ndot_aup_calendar_2020 | ne_ndot_aup_july_june_2019_2020,,,,auto_resolved,Raw description or unit variants collapse under the conservative identity normalizer.
ne_ndot_identity_conflict_1114.10,1114.10,ne_ndot_1114.10,normalized_equivalent,normalized_equivalent,normalized_equivalent,ne_ndot_1114.10,,,,,ne_ndot_aup_calendar_2018 | ne_ndot_aup_calendar_2019 | ne_ndot_aup_calendar_2020 | ne_ndot_aup_calendar_2021 | ne_ndot_aup_calendar_2022 | ne_ndot_aup_calendar_2023 | ne_ndot_aup_calendar_2025 | ne_ndot_aup_july_june_2017_2018 | ne_ndot_aup_july_june_2018_2019 | ne_ndot_aup_july_june_2019_2020 | ne_ndot_aup_july_june_2020_2021 | ne_ndot_aup_july_june_2021_2022 | ne_ndot_aup_july_june_2022_2023 | ne_ndot_aup_july_june_2023_2024 | ne_ndot_aup_july_june_2025_2026,,,,auto_resolved,Raw description or unit variants collapse under the conservative identity normalizer.
ne_ndot_identity_conflict_1114.15,1114.15,ne_ndot_1114.15,normalized_equivalent,normalized_equivalent,normalized_equivalent,ne_ndot_1114.15,,,,,ne_ndot_aup_calendar_2018 | ne_ndot_aup_calendar_2021 | ne_ndot_aup_july_june_2017_2018 | ne_ndot_aup_july_june_2018_2019 | ne_ndot_aup_july_june_2020_2021,,,,auto_resolved,Raw description or unit variants collapse under the conservative identity normalizer.
ne_ndot_identity_conflict_1116.02,1116.02,ne_ndot_1116.02,normalized_equivalent,normalized_equivalent,normalized_equivalent,ne_ndot_1116.02,,,,,ne_ndot_aup_calendar_2018 | ne_ndot_aup_calendar_2019 | ne_ndot_aup_calendar_2020 | ne_ndot_aup_calendar_2021 | ne_ndot_aup_calendar_2022 | ne_ndot_aup_calendar_2023 | ne_ndot_aup_calendar_2024 | ne_ndot_aup_calendar_2025 | ne_ndot_aup_july_june_2017_2018 | ne_ndot_aup_july_june_2018_2019 | ne_ndot_aup_july_june_2019_2020 | ne_ndot_aup_july_june_2020_2021 | ne_ndot_aup_july_june_2021_2022 | ne_ndot_aup_july_june_2022_2023 | ne_ndot_aup_july_june_2023_2024 | ne_ndot_aup_july_june_2024_2025 | ne_ndot_aup_july_june_2025_2026,,,,auto_resolved,Raw description or unit variants collapse under the conservative identity normalizer.
ne_ndot_identity_conflict_1121.20,1121.20,ne_ndot_1121.20,normalized_equivalent,normalized_equivalent,normalized_equivalent,ne_ndot_1121.20,,,,,ne_ndot_aup_calendar_2018 | ne_ndot_aup_july_june_2018_2019,,,,auto_resolved,Raw description or unit variants collapse under the conservative identity normalizer.
ne_ndot_identity_conflict_1122.01,1122.01,ne_ndot_1122.01,normalized_equivalent,normalized_equivalent,normalized_equivalent,ne_ndot_1122.01,,,,,ne_ndot_aup_calendar_2018 | ne_ndot_aup_calendar_2019 | ne_ndot_aup_calendar_2020 | ne_ndot_aup_calendar_2021 | ne_ndot_aup_calendar_2022 | ne_ndot_aup_calendar_2023 | ne_ndot_aup_calendar_2024 | ne_ndot_aup_calendar_2025 | ne_ndot_aup_july_june_2017_2018 | ne_ndot_aup_july_june_2018_2019 | ne_ndot_aup_july_june_2019_2020 | ne_ndot_aup_july_june_2020_2021 | ne_ndot_aup_july_june_2021_2022 | ne_ndot_aup_july_june_2022_2023 | ne_ndot_aup_july_june_2023_2024 | ne_ndot_aup_july_june_2024_2025 | ne_ndot_aup_july_june_2025_2026,,,,auto_resolved,Raw description or unit variants collapse under the conservative identity normalizer.
ne_ndot_identity_conflict_1123.00,1123.00,ne_ndot_1123.00,normalized_equivalent,normalized_equivalent,normalized_equivalent,ne_ndot_1123.00,,,,,ne_ndot_aup_calendar_2019 | ne_ndot_aup_calendar_2020 | ne_ndot_aup_calendar_2021 | ne_ndot_aup_calendar_2023 | ne_ndot_aup_calendar_2025 | ne_ndot_aup_july_june_2017_2018 | ne_ndot_aup_july_june_2018_2019 | ne_ndot_aup_july_june_2019_2020 | ne_ndot_aup_july_june_2021_2022 | ne_ndot_aup_july_june_2022_2023 | ne_ndot_aup_july_june_2023_2024 | ne_ndot_aup_july_june_2024_2025 | ne_ndot_aup_july_june_2025_2026,,,,auto_resolved,Raw description or unit variants collapse under the conservative identity normalizer.
ne_ndot_identity_conflict_1123.26,1123.26,ne_ndot_1123.26,normalized_equivalent,normalized_equivalent,normalized_equivalent,ne_ndot_1123.26,,,,,ne_ndot_aup_calendar_2018 | ne_ndot_aup_calendar_2021 | ne_ndot_aup_july_june_2017_2018 | ne_ndot_aup_july_june_2020_2021 | ne_ndot_aup_july_june_2021_2022,,,,auto_resolved,Raw description or unit variants collapse under the conservative identity normalizer.
ne_ndot_identity_conflict_1123.30,1123.30,ne_ndot_1123.30,normalized_equivalent,normalized_equivalent,normalized_equivalent,ne_ndot_1123.30,,,,,ne_ndot_aup_calendar_2018 | ne_ndot_aup_july_june_2018_2019,,,,auto_resolved,Raw description or unit variants collapse under the conservative identity normalizer.
ne_ndot_identity_conflict_1128.50,1128.50,ne_ndot_1128.50,normalized_equivalent,normalized_equivalent,normalized_equivalent,ne_ndot_1128.50,,,,,ne_ndot_aup_calendar_2018 | ne_ndot_aup_calendar_2019 | ne_ndot_aup_calendar_2025 | ne_ndot_aup_july_june_2018_2019 | ne_ndot_aup_july_june_2019_2020 | ne_ndot_aup_july_june_2025_2026,,,,auto_resolved,Raw description or unit variants collapse under the conservative identity normalizer.
ne_ndot_identity_conflict_1133.00,1133.00,ne_ndot_1133.00,normalized_equivalent,normalized_equivalent,normalized_equivalent,ne_ndot_1133.00,,,,,ne_ndot_aup_calendar_2018 | ne_ndot_aup_july_june_2018_2019,,,,auto_resolved,Raw description or unit variants collapse under the conservative identity normalizer.
ne_ndot_identity_conflict_1136.07,1136.07,ne_ndot_1136.07,normalized_equivalent,normalized_equivalent,normalized_equivalent,ne_ndot_1136.07,,,,,ne_ndot_aup_calendar_2018 | ne_ndot_aup_calendar_2020 | ne_ndot_aup_calendar_2021 | ne_ndot_aup_calendar_2023 | ne_ndot_aup_calendar_2024 | ne_ndot_aup_calendar_2025 | ne_ndot_aup_july_june_2017_2018 | ne_ndot_aup_july_june_2018_2019 | ne_ndot_aup_july_june_2019_2020 | ne_ndot_aup_july_june_2020_2021 | ne_ndot_aup_july_june_2021_2022 | ne_ndot_aup_july_june_2023_2024 | ne_ndot_aup_july_june_2024_2025,,,,auto_resolved,Raw description or unit variants collapse under the conservative identity normalizer.
ne_ndot_identity_conflict_1136.08,1136.08,ne_ndot_1136.08,normalized_equivalent,normalized_equivalent,normalized_equivalent,ne_ndot_1136.08,,,,,ne_ndot_aup_calendar_2020 | ne_ndot_aup_calendar_2024 | ne_ndot_aup_july_june_2017_2018 | ne_ndot_aup_july_june_2020_2021 | ne_ndot_aup_july_june_2024_2025,,,,auto_resolved,Raw description or unit variants collapse under the conservative identity normalizer.
ne_ndot_identity_conflict_1136.09,1136.09,ne_ndot_1136.09,normalized_equivalent,normalized_equivalent,normalized_equivalent,ne_ndot_1136.09,,,,,ne_ndot_aup_calendar_2018 | ne_ndot_aup_calendar_2020 | ne_ndot_aup_july_june_2019_2020,,,,auto_resolved,Raw description or unit variants collapse under the conservative identity normalizer.
ne_ndot_identity_conflict_1136.10,1136.10,ne_ndot_1136.10,normalized_equivalent,normalized_equivalent,normalized_equivalent,ne_ndot_1136.10,,,,,ne_ndot_aup_calendar_2018 | ne_ndot_aup_calendar_2019 | ne_ndot_aup_july_june_2018_2019,,,,auto_resolved,Raw description or unit variants collapse under the conservative identity normalizer.
ne_ndot_identity_conflict_1136.11,1136.11,ne_ndot_1136.11,normalized_equivalent,normalized_equivalent,normalized_equivalent,ne_ndot_1136.11,,,,,ne_ndot_aup_calendar_2018 | ne_ndot_aup_calendar_2021 | ne_ndot_aup_july_june_2017_2018 | ne_ndot_aup_july_june_2018_2019 | ne_ndot_aup_july_june_2021_2022 | ne_ndot_aup_july_june_2025_2026,,,,auto_resolved,Raw description or unit variants collapse under the conservative identity normalizer.
ne_ndot_identity_conflict_1137.50,1137.50,ne_ndot_1137.50,normalized_equivalent,normalized_equivalent,normalized_equivalent,ne_ndot_1137.50,,,,,ne_ndot_aup_calendar_2022 | ne_ndot_aup_july_june_2022_2023,,,,auto_resolved,Raw description or unit variants collapse under the conservative identity normalizer.
ne_ndot_identity_conflict_1143.00,1143.00,ne_ndot_1143.00,normalized_equivalent,normalized_equivalent,normalized_equivalent,ne_ndot_1143.00,,,,,ne_ndot_aup_calendar_2022 | ne_ndot_aup_calendar_2023 | ne_ndot_aup_calendar_2025 | ne_ndot_aup_july_june_2022_2023 | ne_ndot_aup_july_june_2023_2024 | ne_ndot_aup_july_june_2025_2026,,,,auto_resolved,Raw description or unit variants collapse under the conservative identity normalizer.
ne_ndot_identity_conflict_1143.10,1143.10,ne_ndot_1143.10,normalized_equivalent,normalized_equivalent,normalized_equivalent,ne_ndot_1143.10,,,,,ne_ndot_aup_calendar_2025 | ne_ndot_aup_july_june_2025_2026,,,,auto_resolved,Raw description or unit variants collapse under the conservative identity normalizer.
ne_ndot_identity_conflict_1300.30,1300.30,ne_ndot_1300.30,normalized_equivalent,normalized_equivalent,normalized_equivalent,ne_ndot_1300.30,,,,,ne_ndot_aup_calendar_2022 | ne_ndot_aup_july_june_2021_2022,,,,auto_resolved,Raw description or unit variants collapse under the conservative identity normalizer.
ne_ndot_identity_conflict_1305.18,1305.18,ne_ndot_1305.18,normalized_equivalent,normalized_equivalent,normalized_equivalent,ne_ndot_1305.18,,,,,ne_ndot_aup_calendar_2018,,,,auto_resolved,Raw description or unit variants collapse under the conservative identity normalizer.
ne_ndot_identity_conflict_1305.24,1305.24,ne_ndot_1305.24,normalized_equivalent,normalized_equivalent,normalized_equivalent,ne_ndot_1305.24,,,,,ne_ndot_aup_calendar_2018,,,,auto_resolved,Raw description or unit variants collapse under the conservative identity normalizer.
ne_ndot_identity_conflict_1305.30,1305.30,ne_ndot_1305.30,normalized_equivalent,normalized_equivalent,normalized_equivalent,ne_ndot_1305.30,,,,,ne_ndot_aup_calendar_2018,,,,auto_resolved,Raw description or unit variants collapse under the conservative identity normalizer.
ne_ndot_identity_conflict_1305.36,1305.36,ne_ndot_1305.36,normalized_equivalent,normalized_equivalent,normalized_equivalent,ne_ndot_1305.36,,,,,ne_ndot_aup_calendar_2018,,,,auto_resolved,Raw description or unit variants collapse under the conservative identity normalizer.
ne_ndot_identity_conflict_1305.42,1305.42,ne_ndot_1305.42,normalized_equivalent,normalized_equivalent,normalized_equivalent,ne_ndot_1305.42,,,,,ne_ndot_aup_calendar_2018,,,,auto_resolved,Raw description or unit variants collapse under the conservative identity normalizer.
ne_ndot_identity_conflict_1305.48,1305.48,ne_ndot_1305.48,normalized_equivalent,normalized_equivalent,normalized_equivalent,ne_ndot_1305.48,,,,,ne_ndot_aup_calendar_2018,,,,auto_resolved,Raw description or unit variants collapse under the conservative identity normalizer.
ne_ndot_identity_conflict_1305.60,1305.60,ne_ndot_1305.60,normalized_equivalent,normalized_equivalent,normalized_equivalent,ne_ndot_1305.60,,,,,ne_ndot_aup_calendar_2018,,,,auto_resolved,Raw description or unit variants collapse under the conservative identity normalizer.
ne_ndot_identity_conflict_1405.00,1405.00,ne_ndot_1405.00,normalized_equivalent,normalized_equivalent,normalized_equivalent,ne_ndot_1405.00,,,,,ne_ndot_aup_calendar_2025 | ne_ndot_aup_july_june_2025_2026,,,,auto_resolved,Raw description or unit variants collapse under the conservative identity normalizer.
ne_ndot_identity_conflict_1600.00,1600.00,ne_ndot_1600.00,normalized_equivalent,normalized_equivalent,normalized_equivalent,ne_ndot_1600.00,,,,,ne_ndot_aup_calendar_2019 | ne_ndot_aup_calendar_2020 | ne_ndot_aup_calendar_2021 | ne_ndot_aup_calendar_2024 | ne_ndot_aup_calendar_2025 | ne_ndot_aup_july_june_2018_2019 | ne_ndot_aup_july_june_2019_2020 | ne_ndot_aup_july_june_2020_2021 | ne_ndot_aup_july_june_2021_2022 | ne_ndot_aup_july_june_2024_2025 | ne_ndot_aup_july_june_2025_2026,,,,auto_resolved,Raw description or unit variants collapse under the conservative identity normalizer.
ne_ndot_identity_conflict_1700.10,1700.10,ne_ndot_1700.10,normalized_equivalent,normalized_equivalent,normalized_equivalent,ne_ndot_1700.10,,,,,ne_ndot_aup_july_june_2017_2018,,,,auto_resolved,Raw description or unit variants collapse under the conservative identity normalizer.
ne_ndot_identity_conflict_1701.12,1701.12,ne_ndot_1701.12,normalized_equivalent,normalized_equivalent,normalized_equivalent,ne_ndot_1701.12,,,,,ne_ndot_aup_calendar_2020 | ne_ndot_aup_july_june_2019_2020,,,,auto_resolved,Raw description or unit variants collapse under the conservative identity normalizer.
ne_ndot_identity_conflict_1701.18,1701.18,ne_ndot_1701.18,normalized_equivalent,normalized_equivalent,normalized_equivalent,ne_ndot_1701.18,,,,,ne_ndot_aup_calendar_2018 | ne_ndot_aup_calendar_2019 | ne_ndot_aup_calendar_2020 | ne_ndot_aup_calendar_2021 | ne_ndot_aup_calendar_2023 | ne_ndot_aup_calendar_2024 | ne_ndot_aup_calendar_2025 | ne_ndot_aup_july_june_2017_2018 | ne_ndot_aup_july_june_2018_2019 | ne_ndot_aup_july_june_2019_2020 | ne_ndot_aup_july_june_2020_2021 | ne_ndot_aup_july_june_2021_2022 | ne_ndot_aup_july_june_2022_2023 | ne_ndot_aup_july_june_2023_2024 | ne_ndot_aup_july_june_2024_2025 | ne_ndot_aup_july_june_2025_2026,,,,auto_resolved,Raw description or unit variants collapse under the conservative identity normalizer.
ne_ndot_identity_conflict_1701.24,1701.24,ne_ndot_1701.24,normalized_equivalent,normalized_equivalent,normalized_equivalent,ne_ndot_1701.24,,,,,ne_ndot_aup_calendar_2018 | ne_ndot_aup_calendar_2019 | ne_ndot_aup_calendar_2020 | ne_ndot_aup_calendar_2021 | ne_ndot_aup_calendar_2022 | ne_ndot_aup_calendar_2023 | ne_ndot_aup_calendar_2024 | ne_ndot_aup_calendar_2025 | ne_ndot_aup_july_june_2017_2018 | ne_ndot_aup_july_june_2018_2019 | ne_ndot_aup_july_june_2019_2020 | ne_ndot_aup_july_june_2020_2021 | ne_ndot_aup_july_june_2021_2022 | ne_ndot_aup_july_june_2022_2023 | ne_ndot_aup_july_june_2023_2024 | ne_ndot_aup_july_june_2024_2025 | ne_ndot_aup_july_june_2025_2026,,,,auto_resolved,Raw description or unit variants collapse under the conservative identity normalizer.
ne_ndot_identity_conflict_1701.30,1701.30,ne_ndot_1701.30,normalized_equivalent,normalized_equivalent,normalized_equivalent,ne_ndot_1701.30,,,,,ne_ndot_aup_calendar_2018 | ne_ndot_aup_calendar_2019 | ne_ndot_aup_calendar_2021 | ne_ndot_aup_calendar_2022 | ne_ndot_aup_calendar_2023 | ne_ndot_aup_calendar_2025 | ne_ndot_aup_july_june_2017_2018 | ne_ndot_aup_july_june_2018_2019 | ne_ndot_aup_july_june_2020_2021 | ne_ndot_aup_july_june_2021_2022 | ne_ndot_aup_july_june_2022_2023 | ne_ndot_aup_july_june_2023_2024 | ne_ndot_aup_july_june_2025_2026,,,,auto_resolved,Raw description or unit variants collapse under the conservative identity normalizer.
ne_ndot_identity_conflict_1701.36,1701.36,ne_ndot_1701.36,normalized_equivalent,normalized_equivalent,normalized_equivalent,ne_ndot_1701.36,,,,,ne_ndot_aup_calendar_2018 | ne_ndot_aup_calendar_2019 | ne_ndot_aup_calendar_2020 | ne_ndot_aup_calendar_2021 | ne_ndot_aup_calendar_2022 | ne_ndot_aup_calendar_2023 | ne_ndot_aup_calendar_2024 | ne_ndot_aup_calendar_2025 | ne_ndot_aup_july_june_2017_2018 | ne_ndot_aup_july_june_2018_2019 | ne_ndot_aup_july_june_2019_2020 | ne_ndot_aup_july_june_2020_2021 | ne_ndot_aup_july_june_2021_2022 | ne_ndot_aup_july_june_2022_2023 | ne_ndot_aup_july_june_2023_2024 | ne_ndot_aup_july_june_2024_2025 | ne_ndot_aup_july_june_2025_2026,,,,auto_resolved,Raw description or unit variants collapse under the conservative identity normalizer.
ne_ndot_identity_conflict_1701.60,1701.60,ne_ndot_1701.60,normalized_equivalent,normalized_equivalent,normalized_equivalent,ne_ndot_1701.60,,,,,ne_ndot_aup_july_june_2025_2026,,,,auto_resolved,Raw description or unit variants collapse under the conservative identity normalizer.
ne_ndot_identity_conflict_1702.18,1702.18,ne_ndot_1702.18,normalized_equivalent,normalized_equivalent,normalized_equivalent,ne_ndot_1702.18,,,,,ne_ndot_aup_calendar_2018 | ne_ndot_aup_calendar_2019 | ne_ndot_aup_calendar_2020 | ne_ndot_aup_calendar_2025 | ne_ndot_aup_july_june_2018_2019 | ne_ndot_aup_july_june_2019_2020 | ne_ndot_aup_july_june_2025_2026,,,,auto_resolved,Raw description or unit variants collapse under the conservative identity normalizer.
ne_ndot_identity_conflict_1702.24,1702.24,ne_ndot_1702.24,normalized_equivalent,normalized_equivalent,normalized_equivalent,ne_ndot_1702.24,,,,,ne_ndot_aup_calendar_2018 | ne_ndot_aup_calendar_2019 | ne_ndot_aup_calendar_2020 | ne_ndot_aup_calendar_2021 | ne_ndot_aup_calendar_2023 | ne_ndot_aup_calendar_2024 | ne_ndot_aup_calendar_2025 | ne_ndot_aup_july_june_2017_2018 | ne_ndot_aup_july_june_2018_2019 | ne_ndot_aup_july_june_2019_2020 | ne_ndot_aup_july_june_2020_2021 | ne_ndot_aup_july_june_2021_2022 | ne_ndot_aup_july_june_2022_2023 | ne_ndot_aup_july_june_2023_2024 | ne_ndot_aup_july_june_2024_2025 | ne_ndot_aup_july_june_2025_2026,,,,auto_resolved,Raw description or unit variants collapse under the conservative identity normalizer.
ne_ndot_identity_conflict_1702.30,1702.30,ne_ndot_1702.30,normalized_equivalent,normalized_equivalent,normalized_equivalent,ne_ndot_1702.30,,,,,ne_ndot_aup_calendar_2019 | ne_ndot_aup_july_june_2017_2018 | ne_ndot_aup_july_june_2019_2020,,,,auto_resolved,Raw description or unit variants collapse under the conservative identity normalizer.
ne_ndot_identity_conflict_1702.36,1702.36,ne_ndot_1702.36,normalized_equivalent,normalized_equivalent,normalized_equivalent,ne_ndot_1702.36,,,,,ne_ndot_aup_calendar_2018 | ne_ndot_aup_calendar_2020 | ne_ndot_aup_calendar_2021 | ne_ndot_aup_calendar_2022 | ne_ndot_aup_calendar_2023 | ne_ndot_aup_july_june_2018_2019 | ne_ndot_aup_july_june_2019_2020 | ne_ndot_aup_july_june_2021_2022 | ne_ndot_aup_july_june_2022_2023 | ne_ndot_aup_july_june_2023_2024,,,,auto_resolved,Raw description or unit variants collapse under the conservative identity normalizer.
ne_ndot_identity_conflict_1703.24,1703.24,ne_ndot_1703.24,normalized_equivalent,normalized_equivalent,normalized_equivalent,ne_ndot_1703.24,,,,,ne_ndot_aup_calendar_2019 | ne_ndot_aup_calendar_2023 | ne_ndot_aup_calendar_2025 | ne_ndot_aup_july_june_2019_2020 | ne_ndot_aup_july_june_2023_2024 | ne_ndot_aup_july_june_2025_2026,,,,auto_resolved,Raw description or unit variants collapse under the conservative identity normalizer.
ne_ndot_identity_conflict_1703.42,1703.42,ne_ndot_1703.42,normalized_equivalent,normalized_equivalent,normalized_equivalent,ne_ndot_1703.42,,,,,ne_ndot_aup_calendar_2018,,,,auto_resolved,Raw description or unit variants collapse under the conservative identity normalizer.
ne_ndot_identity_conflict_1703.48,1703.48,ne_ndot_1703.48,normalized_equivalent,normalized_equivalent,normalized_equivalent,ne_ndot_1703.48,,,,,ne_ndot_aup_calendar_2018,,,,auto_resolved,Raw description or unit variants collapse under the conservative identity normalizer.
ne_ndot_identity_conflict_1703.60,1703.60,ne_ndot_1703.60,normalized_equivalent,normalized_equivalent,normalized_equivalent,ne_ndot_1703.60,,,,,ne_ndot_aup_calendar_2018,,,,auto_resolved,Raw description or unit variants collapse under the conservative identity normalizer.
ne_ndot_identity_conflict_1704.18,1704.18,ne_ndot_1704.18,normalized_equivalent,normalized_equivalent,normalized_equivalent,ne_ndot_1704.18,,,,,ne_ndot_aup_calendar_2020 | ne_ndot_aup_july_june_2019_2020,,,,auto_resolved,Raw description or unit variants collapse under the conservative identity normalizer.
ne_ndot_identity_conflict_1704.24,1704.24,ne_ndot_1704.24,normalized_equivalent,normalized_equivalent,normalized_equivalent,ne_ndot_1704.24,,,,,ne_ndot_aup_calendar_2020 | ne_ndot_aup_calendar_2025 | ne_ndot_aup_july_june_2019_2020 | ne_ndot_aup_july_june_2025_2026,,,,auto_resolved,Raw description or unit variants collapse under the conservative identity normalizer.
ne_ndot_identity_conflict_1704.30,1704.30,ne_ndot_1704.30,normalized_equivalent,normalized_equivalent,normalized_equivalent,ne_ndot_1704.30,,,,,ne_ndot_aup_calendar_2025 | ne_ndot_aup_july_june_2025_2026,,,,auto_resolved,Raw description or unit variants collapse under the conservative identity normalizer.
ne_ndot_identity_conflict_1705.24,1705.24,ne_ndot_1705.24,normalized_equivalent,normalized_equivalent,normalized_equivalent,ne_ndot_1705.24,,,,,ne_ndot_aup_calendar_2019 | ne_ndot_aup_calendar_2020 | ne_ndot_aup_calendar_2021 | ne_ndot_aup_calendar_2024 | ne_ndot_aup_calendar_2025 | ne_ndot_aup_july_june_2018_2019 | ne_ndot_aup_july_june_2020_2021 | ne_ndot_aup_july_june_2021_2022 | ne_ndot_aup_july_june_2023_2024 | ne_ndot_aup_july_june_2024_2025,,,,auto_resolved,Raw description or unit variants collapse under the conservative identity normalizer.
ne_ndot_identity_conflict_1705.30,1705.30,ne_ndot_1705.30,normalized_equivalent,normalized_equivalent,normalized_equivalent,ne_ndot_1705.30,,,,,ne_ndot_aup_calendar_2023 | ne_ndot_aup_calendar_2024 | ne_ndot_aup_july_june_2023_2024,,,,auto_resolved,Raw description or unit variants collapse under the conservative identity normalizer.
ne_ndot_identity_conflict_1705.36,1705.36,ne_ndot_1705.36,normalized_equivalent,normalized_equivalent,normalized_equivalent,ne_ndot_1705.36,,,,,ne_ndot_aup_calendar_2018 | ne_ndot_aup_calendar_2019 | ne_ndot_aup_calendar_2021 | ne_ndot_aup_calendar_2023 | ne_ndot_aup_calendar_2024 | ne_ndot_aup_july_june_2018_2019 | ne_ndot_aup_july_june_2020_2021 | ne_ndot_aup_july_june_2023_2024 | ne_ndot_aup_july_june_2024_2025,,,,auto_resolved,Raw description or unit variants collapse under the conservative identity normalizer.
ne_ndot_identity_conflict_1705.42,1705.42,ne_ndot_1705.42,normalized_equivalent,normalized_equivalent,normalized_equivalent,ne_ndot_1705.42,,,,,ne_ndot_aup_calendar_2021 | ne_ndot_aup_calendar_2023 | ne_ndot_aup_july_june_2020_2021 | ne_ndot_aup_july_june_2023_2024,,,,auto_resolved,Raw description or unit variants collapse under the conservative identity normalizer.
ne_ndot_identity_conflict_1706.24,1706.24,ne_ndot_1706.24,normalized_equivalent,normalized_equivalent,normalized_equivalent,ne_ndot_1706.24,,,,,ne_ndot_aup_calendar_2023 | ne_ndot_aup_calendar_2025 | ne_ndot_aup_july_june_2023_2024 | ne_ndot_aup_july_june_2025_2026,,,,auto_resolved,Raw description or unit variants collapse under the conservative identity normalizer.
ne_ndot_identity_conflict_1706.36,1706.36,ne_ndot_1706.36,normalized_equivalent,normalized_equivalent,normalized_equivalent,ne_ndot_1706.36,,,,,ne_ndot_aup_calendar_2025 | ne_ndot_aup_july_june_2025_2026,,,,auto_resolved,Raw description or unit variants collapse under the conservative identity normalizer.
ne_ndot_identity_conflict_1706.42,1706.42,ne_ndot_1706.42,normalized_equivalent,normalized_equivalent,normalized_equivalent,ne_ndot_1706.42,,,,,ne_ndot_aup_calendar_2021 | ne_ndot_aup_calendar_2025 | ne_ndot_aup_july_june_2020_2021 | ne_ndot_aup_july_june_2025_2026,,,,auto_resolved,Raw description or unit variants collapse under the conservative identity normalizer.
ne_ndot_identity_conflict_1910.16,1910.16,ne_ndot_1910.16,normalized_equivalent,normalized_equivalent,normalized_equivalent,ne_ndot_1910.16,,,,,ne_ndot_aup_calendar_2018 | ne_ndot_aup_calendar_2019 | ne_ndot_aup_july_june_2017_2018 | ne_ndot_aup_july_june_2019_2020,,,,auto_resolved,Raw description or unit variants collapse under the conservative identity normalizer.
ne_ndot_identity_conflict_2001.00,2001.00,ne_ndot_2001.00,normalized_equivalent,normalized_equivalent,normalized_equivalent,ne_ndot_2001.00,,,,,ne_ndot_aup_calendar_2018 | ne_ndot_aup_calendar_2019 | ne_ndot_aup_calendar_2020 | ne_ndot_aup_calendar_2021 | ne_ndot_aup_calendar_2022 | ne_ndot_aup_calendar_2023 | ne_ndot_aup_calendar_2024 | ne_ndot_aup_calendar_2025 | ne_ndot_aup_july_june_2017_2018 | ne_ndot_aup_july_june_2018_2019 | ne_ndot_aup_july_june_2019_2020 | ne_ndot_aup_july_june_2020_2021 | ne_ndot_aup_july_june_2021_2022 | ne_ndot_aup_july_june_2022_2023 | ne_ndot_aup_july_june_2023_2024 | ne_ndot_aup_july_june_2024_2025 | ne_ndot_aup_july_june_2025_2026,,,,auto_resolved,Raw description or unit variants collapse under the conservative identity normalizer.
ne_ndot_identity_conflict_2005.50,2005.50,ne_ndot_2005.50,normalized_equivalent,normalized_equivalent,normalized_equivalent,ne_ndot_2005.50,,,,,ne_ndot_aup_calendar_2024 | ne_ndot_aup_july_june_2024_2025,,,,auto_resolved,Raw description or unit variants collapse under the conservative identity normalizer.
ne_ndot_identity_conflict_2009.10,2009.10,ne_ndot_2009.10,normalized_equivalent,normalized_equivalent,normalized_equivalent,ne_ndot_2009.10,,,,,ne_ndot_aup_calendar_2018 | ne_ndot_aup_calendar_2019 | ne_ndot_aup_calendar_2020 | ne_ndot_aup_calendar_2021 | ne_ndot_aup_calendar_2022 | ne_ndot_aup_calendar_2023 | ne_ndot_aup_calendar_2024 | ne_ndot_aup_calendar_2025 | ne_ndot_aup_july_june_2017_2018 | ne_ndot_aup_july_june_2018_2019 | ne_ndot_aup_july_june_2019_2020 | ne_ndot_aup_july_june_2020_2021 | ne_ndot_aup_july_june_2021_2022 | ne_ndot_aup_july_june_2022_2023 | ne_ndot_aup_july_june_2023_2024 | ne_ndot_aup_july_june_2024_2025 | ne_ndot_aup_july_june_2025_2026,,,,auto_resolved,Raw description or unit variants collapse under the conservative identity normalizer.
ne_ndot_identity_conflict_2009.20,2009.20,ne_ndot_2009.20,normalized_equivalent,normalized_equivalent,normalized_equivalent,ne_ndot_2009.20,,,,,ne_ndot_aup_calendar_2018 | ne_ndot_aup_calendar_2019 | ne_ndot_aup_calendar_2020 | ne_ndot_aup_calendar_2021 | ne_ndot_aup_calendar_2022 | ne_ndot_aup_calendar_2023 | ne_ndot_aup_calendar_2024 | ne_ndot_aup_calendar_2025 | ne_ndot_aup_july_june_2018_2019 | ne_ndot_aup_july_june_2019_2020 | ne_ndot_aup_july_june_2020_2021 | ne_ndot_aup_july_june_2021_2022 | ne_ndot_aup_july_june_2022_2023 | ne_ndot_aup_july_june_2023_2024 | ne_ndot_aup_july_june_2024_2025 | ne_ndot_aup_july_june_2025_2026,,,,auto_resolved,Raw description or unit variants collapse under the conservative identity normalizer.
ne_ndot_identity_conflict_2009.51,2009.51,ne_ndot_2009.51,normalized_equivalent,normalized_equivalent,normalized_equivalent,ne_ndot_2009.51,,,,,ne_ndot_aup_calendar_2018 | ne_ndot_aup_calendar_2019 | ne_ndot_aup_calendar_2020 | ne_ndot_aup_calendar_2021 | ne_ndot_aup_calendar_2022 | ne_ndot_aup_calendar_2023 | ne_ndot_aup_calendar_2024 | ne_ndot_aup_calendar_2025 | ne_ndot_aup_july_june_2017_2018 | ne_ndot_aup_july_june_2018_2019 | ne_ndot_aup_july_june_2019_2020 | ne_ndot_aup_july_june_2020_2021 | ne_ndot_aup_july_june_2021_2022 | ne_ndot_aup_july_june_2022_2023 | ne_ndot_aup_july_june_2023_2024 | ne_ndot_aup_july_june_2024_2025 | ne_ndot_aup_july_june_2025_2026,,,,auto_resolved,Raw description or unit variants collapse under the conservative identity normalizer.
ne_ndot_identity_conflict_2009.52,2009.52,ne_ndot_2009.52,normalized_equivalent,normalized_equivalent,normalized_equivalent,ne_ndot_2009.52,,,,,ne_ndot_aup_calendar_2018 | ne_ndot_aup_calendar_2019 | ne_ndot_aup_calendar_2020 | ne_ndot_aup_calendar_2021 | ne_ndot_aup_calendar_2023 | ne_ndot_aup_calendar_2024 | ne_ndot_aup_calendar_2025 | ne_ndot_aup_july_june_2017_2018 | ne_ndot_aup_july_june_2018_2019 | ne_ndot_aup_july_june_2019_2020 | ne_ndot_aup_july_june_2020_2021 | ne_ndot_aup_july_june_2021_2022 | ne_ndot_aup_july_june_2022_2023 | ne_ndot_aup_july_june_2023_2024 | ne_ndot_aup_july_june_2024_2025 | ne_ndot_aup_july_june_2025_2026,,,,auto_resolved,Raw description or unit variants collapse under the conservative identity normalizer.
ne_ndot_identity_conflict_2010.00,2010.00,ne_ndot_2010.00,normalized_equivalent,normalized_equivalent,normalized_equivalent,ne_ndot_2010.00,,,,,ne_ndot_aup_calendar_2018 | ne_ndot_aup_calendar_2019 | ne_ndot_aup_calendar_2020 | ne_ndot_aup_calendar_2021 | ne_ndot_aup_calendar_2022 | ne_ndot_aup_calendar_2023 | ne_ndot_aup_calendar_2024 | ne_ndot_aup_calendar_2025 | ne_ndot_aup_july_june_2017_2018 | ne_ndot_aup_july_june_2018_2019 | ne_ndot_aup_july_june_2019_2020 | ne_ndot_aup_july_june_2020_2021 | ne_ndot_aup_july_june_2021_2022 | ne_ndot_aup_july_june_2022_2023 | ne_ndot_aup_july_june_2023_2024 | ne_ndot_aup_july_june_2024_2025 | ne_ndot_aup_july_june_2025_2026,,,,auto_resolved,Raw description or unit variants collapse under the conservative identity normalizer.
ne_ndot_identity_conflict_2017.01,2017.01,ne_ndot_2017.01,normalized_equivalent,normalized_equivalent,normalized_equivalent,ne_ndot_2017.01,,,,,ne_ndot_aup_calendar_2020 | ne_ndot_aup_july_june_2019_2020 | ne_ndot_aup_july_june_2020_2021,,,,auto_resolved,Raw description or unit variants collapse under the conservative identity normalizer.
ne_ndot_identity_conflict_2020.00,2020.00,ne_ndot_2020.00,normalized_equivalent,normalized_equivalent,normalized_equivalent,ne_ndot_2020.00,,,,,ne_ndot_aup_calendar_2018 | ne_ndot_aup_calendar_2022 | ne_ndot_aup_july_june_2022_2023,,,,auto_resolved,Raw description or unit variants collapse under the conservative identity normalizer.
ne_ndot_identity_conflict_2020.50,2020.50,ne_ndot_2020.50,normalized_equivalent,normalized_equivalent,normalized_equivalent,ne_ndot_2020.50,,,,,ne_ndot_aup_calendar_2020 | ne_ndot_aup_calendar_2021 | ne_ndot_aup_calendar_2025 | ne_ndot_aup_july_june_2017_2018 | ne_ndot_aup_july_june_2020_2021 | ne_ndot_aup_july_june_2021_2022 | ne_ndot_aup_july_june_2025_2026,,,,auto_resolved,Raw description or unit variants collapse under the conservative identity normalizer.
ne_ndot_identity_conflict_2090.00,2090.00,ne_ndot_2090.00,normalized_equivalent,normalized_equivalent,normalized_equivalent,ne_ndot_2090.00,,,,,ne_ndot_aup_calendar_2018 | ne_ndot_aup_july_june_2018_2019,,,,auto_resolved,Raw description or unit variants collapse under the conservative identity normalizer.
ne_ndot_identity_conflict_3010.03,3010.03,ne_ndot_3010.03,normalized_equivalent,normalized_equivalent,normalized_equivalent,ne_ndot_3010.03,,,,,ne_ndot_aup_calendar_2018 | ne_ndot_aup_calendar_2020 | ne_ndot_aup_calendar_2021 | ne_ndot_aup_calendar_2023 | ne_ndot_aup_july_june_2017_2018 | ne_ndot_aup_july_june_2018_2019 | ne_ndot_aup_july_june_2019_2020 | ne_ndot_aup_july_june_2020_2021 | ne_ndot_aup_july_june_2021_2022 | ne_ndot_aup_july_june_2022_2023 | ne_ndot_aup_july_june_2023_2024,,,,auto_resolved,Raw description or unit variants collapse under the conservative identity normalizer.
ne_ndot_identity_conflict_3010.12,3010.12,ne_ndot_3010.12,normalized_equivalent,normalized_equivalent,normalized_equivalent,ne_ndot_3010.12,,,,,ne_ndot_aup_calendar_2024 | ne_ndot_aup_july_june_2023_2024,,,,auto_resolved,Raw description or unit variants collapse under the conservative identity normalizer.
ne_ndot_identity_conflict_3010.42,3010.42,ne_ndot_3010.42,normalized_equivalent,normalized_equivalent,normalized_equivalent,ne_ndot_3010.42,,,,,ne_ndot_aup_calendar_2018 | ne_ndot_aup_calendar_2019 | ne_ndot_aup_calendar_2020 | ne_ndot_aup_calendar_2021 | ne_ndot_aup_calendar_2022 | ne_ndot_aup_calendar_2023 | ne_ndot_aup_calendar_2024 | ne_ndot_aup_calendar_2025 | ne_ndot_aup_july_june_2017_2018 | ne_ndot_aup_july_june_2018_2019 | ne_ndot_aup_july_june_2019_2020 | ne_ndot_aup_july_june_2020_2021 | ne_ndot_aup_july_june_2021_2022 | ne_ndot_aup_july_june_2022_2023 | ne_ndot_aup_july_june_2023_2024 | ne_ndot_aup_july_june_2024_2025 | ne_ndot_aup_july_june_2025_2026,,,,auto_resolved,Raw description or unit variants collapse under the conservative identity normalizer.
ne_ndot_identity_conflict_3010.55,3010.55,ne_ndot_3010.55,normalized_equivalent,normalized_equivalent,normalized_equivalent,ne_ndot_3010.55,,,,,ne_ndot_aup_calendar_2021 | ne_ndot_aup_calendar_2022 | ne_ndot_aup_july_june_2021_2022 | ne_ndot_aup_july_june_2022_2023,,,,auto_resolved,Raw description or unit variants collapse under the conservative identity normalizer.
ne_ndot_identity_conflict_3011.25,3011.25,ne_ndot_3011.25,normalized_equivalent,normalized_equivalent,normalized_equivalent,ne_ndot_3011.25,,,,,ne_ndot_aup_calendar_2023 | ne_ndot_aup_calendar_2024 | ne_ndot_aup_calendar_2025 | ne_ndot_aup_july_june_2017_2018 | ne_ndot_aup_july_june_2023_2024 | ne_ndot_aup_july_june_2024_2025,,,,auto_resolved,Raw description or unit variants collapse under the conservative identity normalizer.
ne_ndot_identity_conflict_3011.26,3011.26,ne_ndot_3011.26,normalized_equivalent,normalized_equivalent,normalized_equivalent,ne_ndot_3011.26,,,,,ne_ndot_aup_calendar_2021 | ne_ndot_aup_calendar_2023 | ne_ndot_aup_calendar_2024 | ne_ndot_aup_calendar_2025 | ne_ndot_aup_july_june_2020_2021 | ne_ndot_aup_july_june_2022_2023 | ne_ndot_aup_july_june_2023_2024 | ne_ndot_aup_july_june_2024_2025 | ne_ndot_aup_july_june_2025_2026,,,,auto_resolved,Raw description or unit variants collapse under the conservative identity normalizer.
ne_ndot_identity_conflict_3012.04,3012.04,ne_ndot_3012.04,normalized_equivalent,normalized_equivalent,normalized_equivalent,ne_ndot_3012.04,,,,,ne_ndot_aup_calendar_2019 | ne_ndot_aup_calendar_2020 | ne_ndot_aup_calendar_2021 | ne_ndot_aup_july_june_2018_2019 | ne_ndot_aup_july_june_2019_2020 | ne_ndot_aup_july_june_2021_2022,,,,auto_resolved,Raw description or unit variants collapse under the conservative identity normalizer.
ne_ndot_identity_conflict_3013.10,3013.10,ne_ndot_3013.10,normalized_equivalent,normalized_equivalent,normalized_equivalent,ne_ndot_3013.10,,,,,ne_ndot_aup_calendar_2019 | ne_ndot_aup_calendar_2020 | ne_ndot_aup_calendar_2022 | ne_ndot_aup_july_june_2019_2020 | ne_ndot_aup_july_june_2020_2021 | ne_ndot_aup_july_june_2021_2022,,,,auto_resolved,Raw description or unit variants collapse under the conservative identity normalizer.
ne_ndot_identity_conflict_3013.13,3013.13,ne_ndot_3013.13,normalized_equivalent,normalized_equivalent,normalized_equivalent,ne_ndot_3013.13,,,,,ne_ndot_aup_calendar_2019 | ne_ndot_aup_calendar_2021 | ne_ndot_aup_calendar_2023 | ne_ndot_aup_july_june_2017_2018 | ne_ndot_aup_july_june_2019_2020 | ne_ndot_aup_july_june_2020_2021 | ne_ndot_aup_july_june_2023_2024,,,,auto_resolved,Raw description or unit variants collapse under the conservative identity normalizer.
ne_ndot_identity_conflict_3013.14,3013.14,ne_ndot_3013.14,normalized_equivalent,normalized_equivalent,normalized_equivalent,ne_ndot_3013.14,,,,,ne_ndot_aup_july_june_2017_2018,,,,auto_resolved,Raw description or unit variants collapse under the conservative identity normalizer.
ne_ndot_identity_conflict_3013.15,3013.15,ne_ndot_3013.15,normalized_equivalent,normalized_equivalent,normalized_equivalent,ne_ndot_3013.15,,,,,ne_ndot_aup_calendar_2018 | ne_ndot_aup_calendar_2019 | ne_ndot_aup_calendar_2020 | ne_ndot_aup_calendar_2021 | ne_ndot_aup_calendar_2022 | ne_ndot_aup_calendar_2023 | ne_ndot_aup_calendar_2024 | ne_ndot_aup_calendar_2025 | ne_ndot_aup_july_june_2017_2018 | ne_ndot_aup_july_june_2018_2019 | ne_ndot_aup_july_june_2019_2020 | ne_ndot_aup_july_june_2020_2021 | ne_ndot_aup_july_june_2021_2022 | ne_ndot_aup_july_june_2022_2023 | ne_ndot_aup_july_june_2023_2024 | ne_ndot_aup_july_june_2025_2026,,,,auto_resolved,Raw description or unit variants collapse under the conservative identity normalizer.
ne_ndot_identity_conflict_3013.16,3013.16,ne_ndot_3013.16,normalized_equivalent,normalized_equivalent,normalized_equivalent,ne_ndot_3013.16,,,,,ne_ndot_aup_july_june_2017_2018,,,,auto_resolved,Raw description or unit variants collapse under the conservative identity normalizer.
ne_ndot_identity_conflict_3014.11,3014.11,ne_ndot_3014.11,normalized_equivalent,normalized_equivalent,normalized_equivalent,ne_ndot_3014.11,,,,,ne_ndot_aup_calendar_2018 | ne_ndot_aup_calendar_2019 | ne_ndot_aup_calendar_2020 | ne_ndot_aup_calendar_2021 | ne_ndot_aup_calendar_2022 | ne_ndot_aup_calendar_2023 | ne_ndot_aup_calendar_2024 | ne_ndot_aup_calendar_2025 | ne_ndot_aup_july_june_2017_2018 | ne_ndot_aup_july_june_2018_2019 | ne_ndot_aup_july_june_2019_2020 | ne_ndot_aup_july_june_2020_2021 | ne_ndot_aup_july_june_2021_2022 | ne_ndot_aup_july_june_2022_2023 | ne_ndot_aup_july_june_2023_2024 | ne_ndot_aup_july_june_2024_2025 | ne_ndot_aup_july_june_2025_2026,,,,auto_resolved,Raw description or unit variants collapse under the conservative identity normalizer.
ne_ndot_identity_conflict_3016.03,3016.03,ne_ndot_3016.03,normalized_equivalent,normalized_equivalent,normalized_equivalent,ne_ndot_3016.03,,,,,ne_ndot_aup_calendar_2018 | ne_ndot_aup_calendar_2019 | ne_ndot_aup_calendar_2020 | ne_ndot_aup_calendar_2022 | ne_ndot_aup_calendar_2025 | ne_ndot_aup_july_june_2017_2018 | ne_ndot_aup_july_june_2018_2019 | ne_ndot_aup_july_june_2019_2020 | ne_ndot_aup_july_june_2020_2021 | ne_ndot_aup_july_june_2021_2022 | ne_ndot_aup_july_june_2024_2025 | ne_ndot_aup_july_june_2025_2026,,,,auto_resolved,Raw description or unit variants collapse under the conservative identity normalizer.
ne_ndot_identity_conflict_3016.05,3016.05,ne_ndot_3016.05,normalized_equivalent,normalized_equivalent,normalized_equivalent,ne_ndot_3016.05,,,,,ne_ndot_aup_calendar_2018 | ne_ndot_aup_calendar_2020 | ne_ndot_aup_july_june_2018_2019 | ne_ndot_aup_july_june_2019_2020,,,,auto_resolved,Raw description or unit variants collapse under the conservative identity normalizer.
ne_ndot_identity_conflict_3016.21,3016.21,ne_ndot_3016.21,normalized_equivalent,normalized_equivalent,normalized_equivalent,ne_ndot_3016.21,,,,,ne_ndot_aup_calendar_2018 | ne_ndot_aup_calendar_2019 | ne_ndot_aup_calendar_2020 | ne_ndot_aup_calendar_2021 | ne_ndot_aup_calendar_2022 | ne_ndot_aup_calendar_2023 | ne_ndot_aup_calendar_2024 | ne_ndot_aup_calendar_2025 | ne_ndot_aup_july_june_2017_2018 | ne_ndot_aup_july_june_2018_2019 | ne_ndot_aup_july_june_2019_2020 | ne_ndot_aup_july_june_2020_2021 | ne_ndot_aup_july_june_2021_2022 | ne_ndot_aup_july_june_2022_2023 | ne_ndot_aup_july_june_2023_2024 | ne_ndot_aup_july_june_2024_2025 | ne_ndot_aup_july_june_2025_2026,,,,auto_resolved,Raw description or unit variants collapse under the conservative identity normalizer.
ne_ndot_identity_conflict_3016.22,3016.22,ne_ndot_3016.22,normalized_equivalent,normalized_equivalent,normalized_equivalent,ne_ndot_3016.22,,,,,ne_ndot_aup_calendar_2018 | ne_ndot_aup_calendar_2019 | ne_ndot_aup_calendar_2020 | ne_ndot_aup_calendar_2021 | ne_ndot_aup_calendar_2022 | ne_ndot_aup_calendar_2023 | ne_ndot_aup_calendar_2024 | ne_ndot_aup_calendar_2025 | ne_ndot_aup_july_june_2017_2018 | ne_ndot_aup_july_june_2018_2019 | ne_ndot_aup_july_june_2019_2020 | ne_ndot_aup_july_june_2020_2021 | ne_ndot_aup_july_june_2021_2022 | ne_ndot_aup_july_june_2022_2023 | ne_ndot_aup_july_june_2023_2024 | ne_ndot_aup_july_june_2024_2025 | ne_ndot_aup_july_june_2025_2026,,,,auto_resolved,Raw description or unit variants collapse under the conservative identity normalizer.
ne_ndot_identity_conflict_3016.23,3016.23,ne_ndot_3016.23,normalized_equivalent,normalized_equivalent,normalized_equivalent,ne_ndot_3016.23,,,,,ne_ndot_aup_calendar_2019 | ne_ndot_aup_calendar_2021 | ne_ndot_aup_calendar_2022 | ne_ndot_aup_calendar_2023 | ne_ndot_aup_calendar_2024 | ne_ndot_aup_calendar_2025 | ne_ndot_aup_july_june_2017_2018 | ne_ndot_aup_july_june_2019_2020 | ne_ndot_aup_july_june_2020_2021 | ne_ndot_aup_july_june_2022_2023 | ne_ndot_aup_july_june_2023_2024 | ne_ndot_aup_july_june_2024_2025 | ne_ndot_aup_july_june_2025_2026,,,,auto_resolved,Raw description or unit variants collapse under the conservative identity normalizer.
ne_ndot_identity_conflict_3016.24,3016.24,ne_ndot_3016.24,normalized_equivalent,normalized_equivalent,normalized_equivalent,ne_ndot_3016.24,,,,,ne_ndot_aup_calendar_2020 | ne_ndot_aup_july_june_2019_2020 | ne_ndot_aup_july_june_2025_2026,,,,auto_resolved,Raw description or unit variants collapse under the conservative identity normalizer.
ne_ndot_identity_conflict_3016.25,3016.25,ne_ndot_3016.25,normalized_equivalent,normalized_equivalent,normalized_equivalent,ne_ndot_3016.25,,,,,ne_ndot_aup_calendar_2019 | ne_ndot_aup_calendar_2023 | ne_ndot_aup_calendar_2025 | ne_ndot_aup_july_june_2017_2018 | ne_ndot_aup_july_june_2019_2020 | ne_ndot_aup_july_june_2023_2024 | ne_ndot_aup_july_june_2024_2025 | ne_ndot_aup_july_june_2025_2026,,,,auto_resolved,Raw description or unit variants collapse under the conservative identity normalizer.
ne_ndot_identity_conflict_3016.27,3016.27,ne_ndot_3016.27,normalized_equivalent,normalized_equivalent,normalized_equivalent,ne_ndot_3016.27,,,,,ne_ndot_aup_calendar_2021 | ne_ndot_aup_july_june_2020_2021,,,,auto_resolved,Raw description or unit variants collapse under the conservative identity normalizer.
ne_ndot_identity_conflict_3016.39,3016.39,ne_ndot_3016.39,normalized_equivalent,normalized_equivalent,normalized_equivalent,ne_ndot_3016.39,,,,,ne_ndot_aup_calendar_2018 | ne_ndot_aup_calendar_2019 | ne_ndot_aup_calendar_2020 | ne_ndot_aup_calendar_2021 | ne_ndot_aup_calendar_2022 | ne_ndot_aup_calendar_2023 | ne_ndot_aup_calendar_2024 | ne_ndot_aup_calendar_2025 | ne_ndot_aup_july_june_2017_2018 | ne_ndot_aup_july_june_2018_2019 | ne_ndot_aup_july_june_2019_2020 | ne_ndot_aup_july_june_2020_2021 | ne_ndot_aup_july_june_2021_2022 | ne_ndot_aup_july_june_2022_2023 | ne_ndot_aup_july_june_2023_2024 | ne_ndot_aup_july_june_2024_2025 | ne_ndot_aup_july_june_2025_2026,,,,auto_resolved,Raw description or unit variants collapse under the conservative identity normalizer.
ne_ndot_identity_conflict_3016.59,3016.59,ne_ndot_3016.59,normalized_equivalent,normalized_equivalent,normalized_equivalent,ne_ndot_3016.59,,,,,ne_ndot_aup_calendar_2019 | ne_ndot_aup_july_june_2018_2019,,,,auto_resolved,Raw description or unit variants collapse under the conservative identity normalizer.
ne_ndot_identity_conflict_3016.61,3016.61,ne_ndot_3016.61,normalized_equivalent,normalized_equivalent,normalized_equivalent,ne_ndot_3016.61,,,,,ne_ndot_aup_calendar_2018 | ne_ndot_aup_calendar_2019 | ne_ndot_aup_calendar_2020 | ne_ndot_aup_calendar_2024 | ne_ndot_aup_july_june_2018_2019 | ne_ndot_aup_july_june_2019_2020 | ne_ndot_aup_july_june_2020_2021 | ne_ndot_aup_july_june_2024_2025,,,,auto_resolved,Raw description or unit variants collapse under the conservative identity normalizer.
ne_ndot_identity_conflict_3016.62,3016.62,ne_ndot_3016.62,normalized_equivalent,normalized_equivalent,normalized_equivalent,ne_ndot_3016.62,,,,,ne_ndot_aup_calendar_2018 | ne_ndot_aup_calendar_2019 | ne_ndot_aup_calendar_2020 | ne_ndot_aup_calendar_2022 | ne_ndot_aup_calendar_2023 | ne_ndot_aup_july_june_2017_2018 | ne_ndot_aup_july_june_2018_2019 | ne_ndot_aup_july_june_2019_2020 | ne_ndot_aup_july_june_2022_2023 | ne_ndot_aup_july_june_2023_2024,,,,auto_resolved,Raw description or unit variants collapse under the conservative identity normalizer.
ne_ndot_identity_conflict_3016.70,3016.70,ne_ndot_3016.70,normalized_equivalent,normalized_equivalent,normalized_equivalent,ne_ndot_3016.70,,,,,ne_ndot_aup_calendar_2025 | ne_ndot_aup_july_june_2024_2025,,,,auto_resolved,Raw description or unit variants collapse under the conservative identity normalizer.
ne_ndot_identity_conflict_3016.71,3016.71,ne_ndot_3016.71,normalized_equivalent,normalized_equivalent,normalized_equivalent,ne_ndot_3016.71,,,,,ne_ndot_aup_calendar_2018 | ne_ndot_aup_calendar_2019 | ne_ndot_aup_calendar_2020 | ne_ndot_aup_calendar_2021 | ne_ndot_aup_calendar_2022 | ne_ndot_aup_calendar_2023 | ne_ndot_aup_calendar_2024 | ne_ndot_aup_calendar_2025 | ne_ndot_aup_july_june_2017_2018 | ne_ndot_aup_july_june_2018_2019 | ne_ndot_aup_july_june_2019_2020 | ne_ndot_aup_july_june_2020_2021 | ne_ndot_aup_july_june_2021_2022 | ne_ndot_aup_july_june_2022_2023 | ne_ndot_aup_july_june_2023_2024 | ne_ndot_aup_july_june_2024_2025 | ne_ndot_aup_july_june_2025_2026,,,,auto_resolved,Raw description or unit variants collapse under the conservative identity normalizer.
ne_ndot_identity_conflict_3016.74,3016.74,ne_ndot_3016.74,normalized_equivalent,normalized_equivalent,normalized_equivalent,ne_ndot_3016.74,,,,,ne_ndot_aup_calendar_2020 | ne_ndot_aup_calendar_2023 | ne_ndot_aup_calendar_2024 | ne_ndot_aup_july_june_2020_2021 | ne_ndot_aup_july_june_2023_2024,,,,auto_resolved,Raw description or unit variants collapse under the conservative identity normalizer.
ne_ndot_identity_conflict_3017.07,3017.07,ne_ndot_3017.07,normalized_equivalent,normalized_equivalent,normalized_equivalent,ne_ndot_3017.07,,,,,ne_ndot_aup_calendar_2020 | ne_ndot_aup_calendar_2021 | ne_ndot_aup_calendar_2023 | ne_ndot_aup_calendar_2024 | ne_ndot_aup_july_june_2017_2018 | ne_ndot_aup_july_june_2019_2020 | ne_ndot_aup_july_june_2020_2021 | ne_ndot_aup_july_june_2023_2024 | ne_ndot_aup_july_june_2025_2026,,,,auto_resolved,Raw description or unit variants collapse under the conservative identity normalizer.
ne_ndot_identity_conflict_3017.17,3017.17,ne_ndot_3017.17,normalized_equivalent,normalized_equivalent,normalized_equivalent,ne_ndot_3017.17,,,,,ne_ndot_aup_calendar_2019 | ne_ndot_aup_calendar_2023 | ne_ndot_aup_july_june_2017_2018 | ne_ndot_aup_july_june_2019_2020 | ne_ndot_aup_july_june_2022_2023 | ne_ndot_aup_july_june_2023_2024 | ne_ndot_aup_july_june_2025_2026,,,,auto_resolved,Raw description or unit variants collapse under the conservative identity normalizer.
ne_ndot_identity_conflict_3017.19,3017.19,ne_ndot_3017.19,normalized_equivalent,normalized_equivalent,normalized_equivalent,ne_ndot_3017.19,,,,,ne_ndot_aup_calendar_2019 | ne_ndot_aup_calendar_2021 | ne_ndot_aup_calendar_2022 | ne_ndot_aup_july_june_2017_2018 | ne_ndot_aup_july_june_2018_2019 | ne_ndot_aup_july_june_2019_2020 | ne_ndot_aup_july_june_2020_2021 | ne_ndot_aup_july_june_2021_2022 | ne_ndot_aup_july_june_2025_2026,,,,auto_resolved,Raw description or unit variants collapse under the conservative identity normalizer.
ne_ndot_identity_conflict_3017.21,3017.21,ne_ndot_3017.21,normalized_equivalent,normalized_equivalent,normalized_equivalent,ne_ndot_3017.21,,,,,ne_ndot_aup_calendar_2019 | ne_ndot_aup_calendar_2021 | ne_ndot_aup_calendar_2022 | ne_ndot_aup_calendar_2023 | ne_ndot_aup_calendar_2024 | ne_ndot_aup_calendar_2025 | ne_ndot_aup_july_june_2017_2018 | ne_ndot_aup_july_june_2019_2020 | ne_ndot_aup_july_june_2020_2021 | ne_ndot_aup_july_june_2022_2023 | ne_ndot_aup_july_june_2023_2024 | ne_ndot_aup_july_june_2025_2026,,,,auto_resolved,Raw description or unit variants collapse under the conservative identity normalizer.
ne_ndot_identity_conflict_3017.29,3017.29,ne_ndot_3017.29,normalized_equivalent,normalized_equivalent,normalized_equivalent,ne_ndot_3017.29,,,,,ne_ndot_aup_calendar_2019 | ne_ndot_aup_calendar_2023 | ne_ndot_aup_july_june_2019_2020 | ne_ndot_aup_july_june_2023_2024,,,,auto_resolved,Raw description or unit variants collapse under the conservative identity normalizer.
ne_ndot_identity_conflict_3017.31,3017.31,ne_ndot_3017.31,normalized_equivalent,normalized_equivalent,normalized_equivalent,ne_ndot_3017.31,,,,,ne_ndot_aup_calendar_2022 | ne_ndot_aup_july_june_2022_2023,,,,auto_resolved,Raw description or unit variants collapse under the conservative identity normalizer.
ne_ndot_identity_conflict_3017.39,3017.39,ne_ndot_3017.39,normalized_equivalent,normalized_equivalent,normalized_equivalent,ne_ndot_3017.39,,,,,ne_ndot_aup_calendar_2018 | ne_ndot_aup_calendar_2019 | ne_ndot_aup_calendar_2020 | ne_ndot_aup_calendar_2021 | ne_ndot_aup_calendar_2022 | ne_ndot_aup_calendar_2023 | ne_ndot_aup_calendar_2024 | ne_ndot_aup_calendar_2025 | ne_ndot_aup_july_june_2017_2018 | ne_ndot_aup_july_june_2018_2019 | ne_ndot_aup_july_june_2019_2020 | ne_ndot_aup_july_june_2020_2021 | ne_ndot_aup_july_june_2021_2022 | ne_ndot_aup_july_june_2022_2023 | ne_ndot_aup_july_june_2023_2024 | ne_ndot_aup_july_june_2024_2025 | ne_ndot_aup_july_june_2025_2026,,,,auto_resolved,Raw description or unit variants collapse under the conservative identity normalizer.
ne_ndot_identity_conflict_3017.40,3017.40,ne_ndot_3017.40,normalized_equivalent,normalized_equivalent,normalized_equivalent,ne_ndot_3017.40,,,,,ne_ndot_aup_calendar_2018 | ne_ndot_aup_calendar_2019 | ne_ndot_aup_calendar_2020 | ne_ndot_aup_calendar_2023 | ne_ndot_aup_july_june_2017_2018 | ne_ndot_aup_july_june_2019_2020 | ne_ndot_aup_july_june_2020_2021 | ne_ndot_aup_july_june_2023_2024,,,,auto_resolved,Raw description or unit variants collapse under the conservative identity normalizer.
ne_ndot_identity_conflict_3017.41,3017.41,ne_ndot_3017.41,normalized_equivalent,normalized_equivalent,normalized_equivalent,ne_ndot_3017.41,,,,,ne_ndot_aup_calendar_2020 | ne_ndot_aup_july_june_2019_2020,,,,auto_resolved,Raw description or unit variants collapse under the conservative identity normalizer.
ne_ndot_identity_conflict_3017.42,3017.42,ne_ndot_3017.42,normalized_equivalent,normalized_equivalent,normalized_equivalent,ne_ndot_3017.42,,,,,ne_ndot_aup_calendar_2019 | ne_ndot_aup_calendar_2021 | ne_ndot_aup_july_june_2018_2019 | ne_ndot_aup_july_june_2021_2022,,,,auto_resolved,Raw description or unit variants collapse under the conservative identity normalizer.
ne_ndot_identity_conflict_3017.43,3017.43,ne_ndot_3017.43,normalized_equivalent,normalized_equivalent,normalized_equivalent,ne_ndot_3017.43,,,,,ne_ndot_aup_calendar_2018 | ne_ndot_aup_calendar_2021 | ne_ndot_aup_calendar_2023 | ne_ndot_aup_calendar_2024 | ne_ndot_aup_calendar_2025 | ne_ndot_aup_july_june_2017_2018 | ne_ndot_aup_july_june_2020_2021 | ne_ndot_aup_july_june_2021_2022 | ne_ndot_aup_july_june_2023_2024 | ne_ndot_aup_july_june_2024_2025 | ne_ndot_aup_july_june_2025_2026,,,,auto_resolved,Raw description or unit variants collapse under the conservative identity normalizer.
ne_ndot_identity_conflict_3017.44,3017.44,ne_ndot_3017.44,normalized_equivalent,normalized_equivalent,normalized_equivalent,ne_ndot_3017.44,,,,,ne_ndot_aup_calendar_2019 | ne_ndot_aup_calendar_2020 | ne_ndot_aup_calendar_2022 | ne_ndot_aup_calendar_2025 | ne_ndot_aup_july_june_2018_2019 | ne_ndot_aup_july_june_2019_2020 | ne_ndot_aup_july_june_2020_2021 | ne_ndot_aup_july_june_2021_2022 | ne_ndot_aup_july_june_2025_2026,,,,auto_resolved,Raw description or unit variants collapse under the conservative identity normalizer.
ne_ndot_identity_conflict_3017.46,3017.46,ne_ndot_3017.46,normalized_equivalent,normalized_equivalent,normalized_equivalent,ne_ndot_3017.46,,,,,ne_ndot_aup_july_june_2025_2026,,,,auto_resolved,Raw description or unit variants collapse under the conservative identity normalizer.
ne_ndot_identity_conflict_3017.50,3017.50,ne_ndot_3017.50,normalized_equivalent,normalized_equivalent,normalized_equivalent,ne_ndot_3017.50,,,,,ne_ndot_aup_calendar_2020 | ne_ndot_aup_calendar_2021 | ne_ndot_aup_july_june_2019_2020 | ne_ndot_aup_july_june_2021_2022,,,,auto_resolved,Raw description or unit variants collapse under the conservative identity normalizer.
ne_ndot_identity_conflict_3017.58,3017.58,ne_ndot_3017.58,normalized_equivalent,normalized_equivalent,normalized_equivalent,ne_ndot_3017.58,,,,,ne_ndot_aup_calendar_2019 | ne_ndot_aup_calendar_2025 | ne_ndot_aup_july_june_2019_2020 | ne_ndot_aup_july_june_2025_2026,,,,auto_resolved,Raw description or unit variants collapse under the conservative identity normalizer.
ne_ndot_identity_conflict_3017.59,3017.59,ne_ndot_3017.59,normalized_equivalent,normalized_equivalent,normalized_equivalent,ne_ndot_3017.59,,,,,ne_ndot_aup_calendar_2022 | ne_ndot_aup_july_june_2021_2022 | ne_ndot_aup_july_june_2022_2023,,,,auto_resolved,Raw description or unit variants collapse under the conservative identity normalizer.
ne_ndot_identity_conflict_3017.60,3017.60,ne_ndot_3017.60,normalized_equivalent,normalized_equivalent,normalized_equivalent,ne_ndot_3017.60,,,,,ne_ndot_aup_calendar_2019 | ne_ndot_aup_calendar_2020 | ne_ndot_aup_calendar_2024 | ne_ndot_aup_calendar_2025 | ne_ndot_aup_july_june_2019_2020 | ne_ndot_aup_july_june_2020_2021 | ne_ndot_aup_july_june_2023_2024 | ne_ndot_aup_july_june_2024_2025 | ne_ndot_aup_july_june_2025_2026,,,,auto_resolved,Raw description or unit variants collapse under the conservative identity normalizer.
ne_ndot_identity_conflict_3017.61,3017.61,ne_ndot_3017.61,normalized_equivalent,normalized_equivalent,normalized_equivalent,ne_ndot_3017.61,,,,,ne_ndot_aup_calendar_2018 | ne_ndot_aup_july_june_2018_2019,,,,auto_resolved,Raw description or unit variants collapse under the conservative identity normalizer.
ne_ndot_identity_conflict_3020.23,3020.23,ne_ndot_3020.23,normalized_equivalent,normalized_equivalent,normalized_equivalent,ne_ndot_3020.23,,,,,ne_ndot_aup_calendar_2018 | ne_ndot_aup_calendar_2019 | ne_ndot_aup_calendar_2020 | ne_ndot_aup_calendar_2021 | ne_ndot_aup_calendar_2022 | ne_ndot_aup_calendar_2023 | ne_ndot_aup_calendar_2024 | ne_ndot_aup_calendar_2025 | ne_ndot_aup_july_june_2017_2018 | ne_ndot_aup_july_june_2018_2019 | ne_ndot_aup_july_june_2019_2020 | ne_ndot_aup_july_june_2020_2021 | ne_ndot_aup_july_june_2021_2022 | ne_ndot_aup_july_june_2022_2023 | ne_ndot_aup_july_june_2023_2024 | ne_ndot_aup_july_june_2024_2025 | ne_ndot_aup_july_june_2025_2026,,,,auto_resolved,Raw description or unit variants collapse under the conservative identity normalizer.
ne_ndot_identity_conflict_3020.24,3020.24,ne_ndot_3020.24,normalized_equivalent,normalized_equivalent,normalized_equivalent,ne_ndot_3020.24,,,,,ne_ndot_aup_calendar_2018 | ne_ndot_aup_calendar_2019 | ne_ndot_aup_calendar_2020 | ne_ndot_aup_calendar_2021 | ne_ndot_aup_calendar_2022 | ne_ndot_aup_calendar_2023 | ne_ndot_aup_calendar_2024 | ne_ndot_aup_calendar_2025 | ne_ndot_aup_july_june_2017_2018 | ne_ndot_aup_july_june_2018_2019 | ne_ndot_aup_july_june_2019_2020 | ne_ndot_aup_july_june_2020_2021 | ne_ndot_aup_july_june_2021_2022 | ne_ndot_aup_july_june_2022_2023 | ne_ndot_aup_july_june_2023_2024 | ne_ndot_aup_july_june_2024_2025 | ne_ndot_aup_july_june_2025_2026,,,,auto_resolved,Raw description or unit variants collapse under the conservative identity normalizer.
ne_ndot_identity_conflict_3020.32,3020.32,ne_ndot_3020.32,semantic_identity_candidate,needs_review,needs_review,ne_ndot_3020.32,,,,,ne_ndot_aup_calendar_2018 | ne_ndot_aup_calendar_2025 | ne_ndot_aup_july_june_2025_2026,,,,needs_review,Description and unit context remain materially different after conservative normalization.
ne_ndot_identity_conflict_3020.33,3020.33,ne_ndot_3020.33,normalized_equivalent,normalized_equivalent,normalized_equivalent,ne_ndot_3020.33,,,,,ne_ndot_aup_calendar_2020 | ne_ndot_aup_calendar_2022 | ne_ndot_aup_calendar_2024 | ne_ndot_aup_calendar_2025 | ne_ndot_aup_july_june_2017_2018 | ne_ndot_aup_july_june_2019_2020 | ne_ndot_aup_july_june_2021_2022 | ne_ndot_aup_july_june_2023_2024 | ne_ndot_aup_july_june_2025_2026,,,,auto_resolved,Raw description or unit variants collapse under the conservative identity normalizer.
ne_ndot_identity_conflict_3020.34,3020.34,ne_ndot_3020.34,normalized_equivalent,normalized_equivalent,normalized_equivalent,ne_ndot_3020.34,,,,,ne_ndot_aup_calendar_2021 | ne_ndot_aup_calendar_2023 | ne_ndot_aup_calendar_2024 | ne_ndot_aup_calendar_2025 | ne_ndot_aup_july_june_2020_2021 | ne_ndot_aup_july_june_2021_2022 | ne_ndot_aup_july_june_2023_2024 | ne_ndot_aup_july_june_2024_2025 | ne_ndot_aup_july_june_2025_2026,,,,auto_resolved,Raw description or unit variants collapse under the conservative identity normalizer.
ne_ndot_identity_conflict_3020.35,3020.35,ne_ndot_3020.35,normalized_equivalent,normalized_equivalent,normalized_equivalent,ne_ndot_3020.35,,,,,ne_ndot_aup_calendar_2018 | ne_ndot_aup_calendar_2020 | ne_ndot_aup_july_june_2020_2021,,,,auto_resolved,Raw description or unit variants collapse under the conservative identity normalizer.
ne_ndot_identity_conflict_3025.00,3025.00,ne_ndot_3025.00,normalized_equivalent,normalized_equivalent,normalized_equivalent,ne_ndot_3025.00,,,,,ne_ndot_aup_calendar_2019 | ne_ndot_aup_calendar_2021 | ne_ndot_aup_calendar_2023 | ne_ndot_aup_july_june_2017_2018 | ne_ndot_aup_july_june_2019_2020 | ne_ndot_aup_july_june_2020_2021 | ne_ndot_aup_july_june_2021_2022 | ne_ndot_aup_july_june_2023_2024,,,,auto_resolved,Raw description or unit variants collapse under the conservative identity normalizer.
ne_ndot_identity_conflict_3025.04,3025.04,ne_ndot_3025.04,normalized_equivalent,normalized_equivalent,normalized_equivalent,ne_ndot_3025.04,,,,,ne_ndot_aup_july_june_2017_2018,,,,auto_resolved,Raw description or unit variants collapse under the conservative identity normalizer.
ne_ndot_identity_conflict_3031.05,3031.05,ne_ndot_3031.05,normalized_equivalent,normalized_equivalent,normalized_equivalent,ne_ndot_3031.05,,,,,ne_ndot_aup_calendar_2018 | ne_ndot_aup_july_june_2018_2019,,,,auto_resolved,Raw description or unit variants collapse under the conservative identity normalizer.
ne_ndot_identity_conflict_3031.06,3031.06,ne_ndot_3031.06,normalized_equivalent,normalized_equivalent,normalized_equivalent,ne_ndot_3031.06,,,,,ne_ndot_aup_calendar_2021 | ne_ndot_aup_calendar_2025 | ne_ndot_aup_july_june_2021_2022 | ne_ndot_aup_july_june_2025_2026,,,,auto_resolved,Raw description or unit variants collapse under the conservative identity normalizer.
ne_ndot_identity_conflict_3031.07,3031.07,ne_ndot_3031.07,normalized_equivalent,normalized_equivalent,normalized_equivalent,ne_ndot_3031.07,,,,,ne_ndot_aup_calendar_2024 | ne_ndot_aup_july_june_2024_2025,,,,auto_resolved,Raw description or unit variants collapse under the conservative identity normalizer.
ne_ndot_identity_conflict_3031.08,3031.08,ne_ndot_3031.08,normalized_equivalent,normalized_equivalent,normalized_equivalent,ne_ndot_3031.08,,,,,ne_ndot_aup_calendar_2019 | ne_ndot_aup_calendar_2020 | ne_ndot_aup_calendar_2021 | ne_ndot_aup_calendar_2022 | ne_ndot_aup_calendar_2023 | ne_ndot_aup_calendar_2024 | ne_ndot_aup_calendar_2025 | ne_ndot_aup_july_june_2017_2018 | ne_ndot_aup_july_june_2018_2019 | ne_ndot_aup_july_june_2019_2020 | ne_ndot_aup_july_june_2020_2021 | ne_ndot_aup_july_june_2021_2022 | ne_ndot_aup_july_june_2022_2023 | ne_ndot_aup_july_june_2023_2024 | ne_ndot_aup_july_june_2024_2025 | ne_ndot_aup_july_june_2025_2026,,,,auto_resolved,Raw description or unit variants collapse under the conservative identity normalizer.
ne_ndot_identity_conflict_3031.09,3031.09,ne_ndot_3031.09,normalized_equivalent,normalized_equivalent,normalized_equivalent,ne_ndot_3031.09,,,,,ne_ndot_aup_calendar_2018 | ne_ndot_aup_calendar_2019 | ne_ndot_aup_calendar_2020 | ne_ndot_aup_calendar_2021 | ne_ndot_aup_calendar_2022 | ne_ndot_aup_calendar_2024 | ne_ndot_aup_july_june_2017_2018 | ne_ndot_aup_july_june_2018_2019 | ne_ndot_aup_july_june_2020_2021 | ne_ndot_aup_july_june_2021_2022 | ne_ndot_aup_july_june_2022_2023 | ne_ndot_aup_july_june_2024_2025 | ne_ndot_aup_july_june_2025_2026,,,,auto_resolved,Raw description or unit variants collapse under the conservative identity normalizer.
ne_ndot_identity_conflict_3031.10,3031.10,ne_ndot_3031.10,normalized_equivalent,normalized_equivalent,normalized_equivalent,ne_ndot_3031.10,,,,,ne_ndot_aup_calendar_2020 | ne_ndot_aup_calendar_2024 | ne_ndot_aup_july_june_2019_2020 | ne_ndot_aup_july_june_2020_2021 | ne_ndot_aup_july_june_2023_2024 | ne_ndot_aup_july_june_2025_2026,,,,auto_resolved,Raw description or unit variants collapse under the conservative identity normalizer.
ne_ndot_identity_conflict_3031.11,3031.11,ne_ndot_3031.11,normalized_equivalent,normalized_equivalent,normalized_equivalent,ne_ndot_3031.11,,,,,ne_ndot_aup_calendar_2018 | ne_ndot_aup_calendar_2021 | ne_ndot_aup_july_june_2018_2019 | ne_ndot_aup_july_june_2021_2022,,,,auto_resolved,Raw description or unit variants collapse under the conservative identity normalizer.
ne_ndot_identity_conflict_3031.12,3031.12,ne_ndot_3031.12,normalized_equivalent,normalized_equivalent,normalized_equivalent,ne_ndot_3031.12,,,,,ne_ndot_aup_calendar_2024 | ne_ndot_aup_july_june_2023_2024 | ne_ndot_aup_july_june_2025_2026,,,,auto_resolved,Raw description or unit variants collapse under the conservative identity normalizer.
ne_ndot_identity_conflict_3031.18,3031.18,ne_ndot_3031.18,normalized_equivalent,normalized_equivalent,normalized_equivalent,ne_ndot_3031.18,,,,,ne_ndot_aup_calendar_2020 | ne_ndot_aup_calendar_2021 | ne_ndot_aup_calendar_2022 | ne_ndot_aup_calendar_2023 | ne_ndot_aup_calendar_2024 | ne_ndot_aup_calendar_2025 | ne_ndot_aup_july_june_2020_2021 | ne_ndot_aup_july_june_2021_2022 | ne_ndot_aup_july_june_2022_2023 | ne_ndot_aup_july_june_2023_2024 | ne_ndot_aup_july_june_2024_2025 | ne_ndot_aup_july_june_2025_2026,,,,auto_resolved,Raw description or unit variants collapse under the conservative identity normalizer.
ne_ndot_identity_conflict_3031.19,3031.19,ne_ndot_3031.19,normalized_equivalent,normalized_equivalent,normalized_equivalent,ne_ndot_3031.19,,,,,ne_ndot_aup_calendar_2018 | ne_ndot_aup_calendar_2020 | ne_ndot_aup_calendar_2021 | ne_ndot_aup_calendar_2022 | ne_ndot_aup_calendar_2023 | ne_ndot_aup_calendar_2024 | ne_ndot_aup_calendar_2025 | ne_ndot_aup_july_june_2017_2018 | ne_ndot_aup_july_june_2018_2019 | ne_ndot_aup_july_june_2019_2020 | ne_ndot_aup_july_june_2020_2021 | ne_ndot_aup_july_june_2021_2022 | ne_ndot_aup_july_june_2022_2023 | ne_ndot_aup_july_june_2023_2024 | ne_ndot_aup_july_june_2025_2026,,,,auto_resolved,Raw description or unit variants collapse under the conservative identity normalizer.
ne_ndot_identity_conflict_3031.20,3031.20,ne_ndot_3031.20,normalized_equivalent,normalized_equivalent,normalized_equivalent,ne_ndot_3031.20,,,,,ne_ndot_aup_calendar_2019 | ne_ndot_aup_calendar_2020 | ne_ndot_aup_calendar_2021 | ne_ndot_aup_calendar_2023 | ne_ndot_aup_calendar_2024 | ne_ndot_aup_calendar_2025 | ne_ndot_aup_july_june_2017_2018 | ne_ndot_aup_july_june_2018_2019 | ne_ndot_aup_july_june_2020_2021 | ne_ndot_aup_july_june_2022_2023 | ne_ndot_aup_july_june_2023_2024 | ne_ndot_aup_july_june_2024_2025 | ne_ndot_aup_july_june_2025_2026,,,,auto_resolved,Raw description or unit variants collapse under the conservative identity normalizer.
ne_ndot_identity_conflict_3031.23,3031.23,ne_ndot_3031.23,normalized_equivalent,normalized_equivalent,normalized_equivalent,ne_ndot_3031.23,,,,,ne_ndot_aup_july_june_2017_2018,,,,auto_resolved,Raw description or unit variants collapse under the conservative identity normalizer.
ne_ndot_identity_conflict_3031.33,3031.33,ne_ndot_3031.33,normalized_equivalent,normalized_equivalent,normalized_equivalent,ne_ndot_3031.33,,,,,ne_ndot_aup_july_june_2017_2018,,,,auto_resolved,Raw description or unit variants collapse under the conservative identity normalizer.
ne_ndot_identity_conflict_3039.11,3039.11,ne_ndot_3039.11,normalized_equivalent,normalized_equivalent,normalized_equivalent,ne_ndot_3039.11,,,,,ne_ndot_aup_calendar_2018 | ne_ndot_aup_calendar_2019 | ne_ndot_aup_calendar_2020 | ne_ndot_aup_calendar_2021 | ne_ndot_aup_calendar_2022 | ne_ndot_aup_calendar_2023 | ne_ndot_aup_calendar_2024 | ne_ndot_aup_calendar_2025 | ne_ndot_aup_july_june_2017_2018 | ne_ndot_aup_july_june_2018_2019 | ne_ndot_aup_july_june_2019_2020 | ne_ndot_aup_july_june_2020_2021 | ne_ndot_aup_july_june_2021_2022 | ne_ndot_aup_july_june_2022_2023 | ne_ndot_aup_july_june_2023_2024 | ne_ndot_aup_july_june_2024_2025 | ne_ndot_aup_july_june_2025_2026,,,,auto_resolved,Raw description or unit variants collapse under the conservative identity normalizer.
ne_ndot_identity_conflict_3039.12,3039.12,ne_ndot_3039.12,normalized_equivalent,normalized_equivalent,normalized_equivalent,ne_ndot_3039.12,,,,,ne_ndot_aup_calendar_2018 | ne_ndot_aup_calendar_2019 | ne_ndot_aup_calendar_2020 | ne_ndot_aup_calendar_2021 | ne_ndot_aup_calendar_2022 | ne_ndot_aup_calendar_2023 | ne_ndot_aup_calendar_2024 | ne_ndot_aup_calendar_2025 | ne_ndot_aup_july_june_2017_2018 | ne_ndot_aup_july_june_2018_2019 | ne_ndot_aup_july_june_2019_2020 | ne_ndot_aup_july_june_2020_2021 | ne_ndot_aup_july_june_2021_2022 | ne_ndot_aup_july_june_2022_2023 | ne_ndot_aup_july_june_2023_2024 | ne_ndot_aup_july_june_2024_2025 | ne_ndot_aup_july_june_2025_2026,,,,auto_resolved,Raw description or unit variants collapse under the conservative identity normalizer.
ne_ndot_identity_conflict_3039.13,3039.13,ne_ndot_3039.13,normalized_equivalent,normalized_equivalent,normalized_equivalent,ne_ndot_3039.13,,,,,ne_ndot_aup_calendar_2018 | ne_ndot_aup_calendar_2019 | ne_ndot_aup_calendar_2020 | ne_ndot_aup_calendar_2021 | ne_ndot_aup_calendar_2022 | ne_ndot_aup_calendar_2023 | ne_ndot_aup_calendar_2024 | ne_ndot_aup_calendar_2025 | ne_ndot_aup_july_june_2017_2018 | ne_ndot_aup_july_june_2018_2019 | ne_ndot_aup_july_june_2019_2020 | ne_ndot_aup_july_june_2020_2021 | ne_ndot_aup_july_june_2021_2022 | ne_ndot_aup_july_june_2022_2023 | ne_ndot_aup_july_june_2023_2024 | ne_ndot_aup_july_june_2024_2025 | ne_ndot_aup_july_june_2025_2026,,,,auto_resolved,Raw description or unit variants collapse under the conservative identity normalizer.
ne_ndot_identity_conflict_3039.14,3039.14,ne_ndot_3039.14,normalized_equivalent,normalized_equivalent,normalized_equivalent,ne_ndot_3039.14,,,,,ne_ndot_aup_calendar_2018 | ne_ndot_aup_calendar_2019 | ne_ndot_aup_calendar_2020 | ne_ndot_aup_calendar_2021 | ne_ndot_aup_calendar_2022 | ne_ndot_aup_calendar_2023 | ne_ndot_aup_calendar_2024 | ne_ndot_aup_calendar_2025 | ne_ndot_aup_july_june_2017_2018 | ne_ndot_aup_july_june_2018_2019 | ne_ndot_aup_july_june_2019_2020 | ne_ndot_aup_july_june_2020_2021 | ne_ndot_aup_july_june_2021_2022 | ne_ndot_aup_july_june_2022_2023 | ne_ndot_aup_july_june_2023_2024 | ne_ndot_aup_july_june_2024_2025 | ne_ndot_aup_july_june_2025_2026,,,,auto_resolved,Raw description or unit variants collapse under the conservative identity normalizer.
ne_ndot_identity_conflict_3039.15,3039.15,ne_ndot_3039.15,normalized_equivalent,normalized_equivalent,normalized_equivalent,ne_ndot_3039.15,,,,,ne_ndot_aup_calendar_2018 | ne_ndot_aup_calendar_2020 | ne_ndot_aup_calendar_2021 | ne_ndot_aup_calendar_2024 | ne_ndot_aup_july_june_2017_2018 | ne_ndot_aup_july_june_2018_2019 | ne_ndot_aup_july_june_2019_2020 | ne_ndot_aup_july_june_2021_2022 | ne_ndot_aup_july_june_2023_2024,,,,auto_resolved,Raw description or unit variants collapse under the conservative identity normalizer.
ne_ndot_identity_conflict_3039.16,3039.16,ne_ndot_3039.16,normalized_equivalent,normalized_equivalent,normalized_equivalent,ne_ndot_3039.16,,,,,ne_ndot_aup_calendar_2018 | ne_ndot_aup_calendar_2024 | ne_ndot_aup_july_june_2017_2018 | ne_ndot_aup_july_june_2018_2019 | ne_ndot_aup_july_june_2023_2024,,,,auto_resolved,Raw description or unit variants collapse under the conservative identity normalizer.
ne_ndot_identity_conflict_3040.11,3040.11,ne_ndot_3040.11,normalized_equivalent,normalized_equivalent,normalized_equivalent,ne_ndot_3040.11,,,,,ne_ndot_aup_calendar_2018 | ne_ndot_aup_calendar_2020 | ne_ndot_aup_calendar_2023 | ne_ndot_aup_calendar_2024 | ne_ndot_aup_july_june_2017_2018 | ne_ndot_aup_july_june_2019_2020 | ne_ndot_aup_july_june_2022_2023 | ne_ndot_aup_july_june_2024_2025 | ne_ndot_aup_july_june_2025_2026,,,,auto_resolved,Raw description or unit variants collapse under the conservative identity normalizer.
ne_ndot_identity_conflict_3040.12,3040.12,ne_ndot_3040.12,normalized_equivalent,normalized_equivalent,normalized_equivalent,ne_ndot_3040.12,,,,,ne_ndot_aup_calendar_2018 | ne_ndot_aup_calendar_2020 | ne_ndot_aup_calendar_2023 | ne_ndot_aup_calendar_2024 | ne_ndot_aup_calendar_2025 | ne_ndot_aup_july_june_2017_2018 | ne_ndot_aup_july_june_2019_2020 | ne_ndot_aup_july_june_2022_2023 | ne_ndot_aup_july_june_2024_2025 | ne_ndot_aup_july_june_2025_2026,,,,auto_resolved,Raw description or unit variants collapse under the conservative identity normalizer.
ne_ndot_identity_conflict_3040.13,3040.13,ne_ndot_3040.13,normalized_equivalent,normalized_equivalent,normalized_equivalent,ne_ndot_3040.13,,,,,ne_ndot_aup_calendar_2018 | ne_ndot_aup_calendar_2020 | ne_ndot_aup_calendar_2022 | ne_ndot_aup_calendar_2023 | ne_ndot_aup_calendar_2024 | ne_ndot_aup_calendar_2025 | ne_ndot_aup_july_june_2017_2018 | ne_ndot_aup_july_june_2019_2020 | ne_ndot_aup_july_june_2021_2022 | ne_ndot_aup_july_june_2022_2023 | ne_ndot_aup_july_june_2024_2025 | ne_ndot_aup_july_june_2025_2026,,,,auto_resolved,Raw description or unit variants collapse under the conservative identity normalizer.
ne_ndot_identity_conflict_3050.00,3050.00,ne_ndot_3050.00,normalized_equivalent,normalized_equivalent,normalized_equivalent,ne_ndot_3050.00,,,,,ne_ndot_aup_calendar_2025 | ne_ndot_aup_july_june_2024_2025,,,,auto_resolved,Raw description or unit variants collapse under the conservative identity normalizer.
ne_ndot_identity_conflict_3050.15,3050.15,ne_ndot_3050.15,normalized_equivalent,normalized_equivalent,normalized_equivalent,ne_ndot_3050.15,,,,,ne_ndot_aup_calendar_2018 | ne_ndot_aup_calendar_2019 | ne_ndot_aup_calendar_2020 | ne_ndot_aup_calendar_2021 | ne_ndot_aup_calendar_2022 | ne_ndot_aup_calendar_2023 | ne_ndot_aup_calendar_2024 | ne_ndot_aup_calendar_2025 | ne_ndot_aup_july_june_2017_2018 | ne_ndot_aup_july_june_2018_2019 | ne_ndot_aup_july_june_2019_2020 | ne_ndot_aup_july_june_2020_2021 | ne_ndot_aup_july_june_2021_2022 | ne_ndot_aup_july_june_2022_2023 | ne_ndot_aup_july_june_2023_2024 | ne_ndot_aup_july_june_2024_2025 | ne_ndot_aup_july_june_2025_2026,,,,auto_resolved,Raw description or unit variants collapse under the conservative identity normalizer.
ne_ndot_identity_conflict_3051.00,3051.00,ne_ndot_3051.00,normalized_equivalent,normalized_equivalent,normalized_equivalent,ne_ndot_3051.00,,,,,ne_ndot_aup_july_june_2017_2018,,,,auto_resolved,Raw description or unit variants collapse under the conservative identity normalizer.
ne_ndot_identity_conflict_3051.10,3051.10,ne_ndot_3051.10,normalized_equivalent,normalized_equivalent,normalized_equivalent,ne_ndot_3051.10,,,,,ne_ndot_aup_calendar_2018 | ne_ndot_aup_calendar_2019 | ne_ndot_aup_calendar_2020 | ne_ndot_aup_calendar_2021 | ne_ndot_aup_calendar_2022 | ne_ndot_aup_calendar_2023 | ne_ndot_aup_calendar_2024 | ne_ndot_aup_calendar_2025 | ne_ndot_aup_july_june_2017_2018 | ne_ndot_aup_july_june_2018_2019 | ne_ndot_aup_july_june_2019_2020 | ne_ndot_aup_july_june_2020_2021 | ne_ndot_aup_july_june_2021_2022 | ne_ndot_aup_july_june_2022_2023 | ne_ndot_aup_july_june_2023_2024 | ne_ndot_aup_july_june_2024_2025 | ne_ndot_aup_july_june_2025_2026,,,,auto_resolved,Raw description or unit variants collapse under the conservative identity normalizer.
ne_ndot_identity_conflict_3070.11,3070.11,ne_ndot_3070.11,normalized_equivalent,normalized_equivalent,normalized_equivalent,ne_ndot_3070.11,,,,,ne_ndot_aup_calendar_2018 | ne_ndot_aup_calendar_2019 | ne_ndot_aup_july_june_2018_2019 | ne_ndot_aup_july_june_2019_2020,,,,auto_resolved,Raw description or unit variants collapse under the conservative identity normalizer.
ne_ndot_identity_conflict_3070.15,3070.15,ne_ndot_3070.15,normalized_equivalent,normalized_equivalent,normalized_equivalent,ne_ndot_3070.15,,,,,ne_ndot_aup_calendar_2018 | ne_ndot_aup_calendar_2020 | ne_ndot_aup_july_june_2017_2018 | ne_ndot_aup_july_june_2019_2020,,,,auto_resolved,Raw description or unit variants collapse under the conservative identity normalizer.
ne_ndot_identity_conflict_3075.02,3075.02,ne_ndot_3075.02,normalized_equivalent,normalized_equivalent,normalized_equivalent,ne_ndot_3075.02,,,,,ne_ndot_aup_july_june_2017_2018,,,,auto_resolved,Raw description or unit variants collapse under the conservative identity normalizer.
ne_ndot_identity_conflict_3075.12,3075.12,ne_ndot_3075.12,normalized_equivalent,normalized_equivalent,normalized_equivalent,ne_ndot_3075.12,,,,,ne_ndot_aup_calendar_2018 | ne_ndot_aup_calendar_2019 | ne_ndot_aup_calendar_2020 | ne_ndot_aup_calendar_2021 | ne_ndot_aup_calendar_2022 | ne_ndot_aup_calendar_2023 | ne_ndot_aup_calendar_2024 | ne_ndot_aup_calendar_2025 | ne_ndot_aup_july_june_2017_2018 | ne_ndot_aup_july_june_2019_2020 | ne_ndot_aup_july_june_2020_2021 | ne_ndot_aup_july_june_2021_2022 | ne_ndot_aup_july_june_2022_2023 | ne_ndot_aup_july_june_2023_2024 | ne_ndot_aup_july_june_2025_2026,,,,auto_resolved,Raw description or unit variants collapse under the conservative identity normalizer.
ne_ndot_identity_conflict_3075.22,3075.22,ne_ndot_3075.22,normalized_equivalent,normalized_equivalent,normalized_equivalent,ne_ndot_3075.22,,,,,ne_ndot_aup_calendar_2018 | ne_ndot_aup_calendar_2019 | ne_ndot_aup_calendar_2020 | ne_ndot_aup_calendar_2022 | ne_ndot_aup_calendar_2023 | ne_ndot_aup_calendar_2024 | ne_ndot_aup_calendar_2025 | ne_ndot_aup_july_june_2017_2018 | ne_ndot_aup_july_june_2018_2019 | ne_ndot_aup_july_june_2019_2020 | ne_ndot_aup_july_june_2020_2021 | ne_ndot_aup_july_june_2021_2022 | ne_ndot_aup_july_june_2022_2023 | ne_ndot_aup_july_june_2023_2024 | ne_ndot_aup_july_june_2024_2025 | ne_ndot_aup_july_june_2025_2026,,,,auto_resolved,Raw description or unit variants collapse under the conservative identity normalizer.
ne_ndot_identity_conflict_3075.32,3075.32,ne_ndot_3075.32,normalized_equivalent,normalized_equivalent,normalized_equivalent,ne_ndot_3075.32,,,,,ne_ndot_aup_calendar_2018 | ne_ndot_aup_calendar_2019 | ne_ndot_aup_calendar_2020 | ne_ndot_aup_calendar_2021 | ne_ndot_aup_calendar_2022 | ne_ndot_aup_calendar_2023 | ne_ndot_aup_calendar_2024 | ne_ndot_aup_calendar_2025 | ne_ndot_aup_july_june_2017_2018 | ne_ndot_aup_july_june_2018_2019 | ne_ndot_aup_july_june_2019_2020 | ne_ndot_aup_july_june_2020_2021 | ne_ndot_aup_july_june_2021_2022 | ne_ndot_aup_july_june_2022_2023 | ne_ndot_aup_july_june_2023_2024 | ne_ndot_aup_july_june_2024_2025 | ne_ndot_aup_july_june_2025_2026,,,,auto_resolved,Raw description or unit variants collapse under the conservative identity normalizer.
ne_ndot_identity_conflict_3075.33,3075.33,ne_ndot_3075.33,normalized_equivalent,normalized_equivalent,normalized_equivalent,ne_ndot_3075.33,,,,,ne_ndot_aup_calendar_2018 | ne_ndot_aup_calendar_2019 | ne_ndot_aup_calendar_2020 | ne_ndot_aup_calendar_2022 | ne_ndot_aup_calendar_2025 | ne_ndot_aup_july_june_2017_2018 | ne_ndot_aup_july_june_2018_2019 | ne_ndot_aup_july_june_2019_2020 | ne_ndot_aup_july_june_2021_2022 | ne_ndot_aup_july_june_2025_2026,,,,auto_resolved,Raw description or unit variants collapse under the conservative identity normalizer.
ne_ndot_identity_conflict_3075.34,3075.34,ne_ndot_3075.34,normalized_equivalent,normalized_equivalent,normalized_equivalent,ne_ndot_3075.34,,,,,ne_ndot_aup_calendar_2018 | ne_ndot_aup_calendar_2020 | ne_ndot_aup_calendar_2024 | ne_ndot_aup_july_june_2019_2020 | ne_ndot_aup_july_june_2023_2024,,,,auto_resolved,Raw description or unit variants collapse under the conservative identity normalizer.
ne_ndot_identity_conflict_3075.36,3075.36,ne_ndot_3075.36,normalized_equivalent,normalized_equivalent,normalized_equivalent,ne_ndot_3075.36,,,,,ne_ndot_aup_calendar_2018 | ne_ndot_aup_calendar_2020 | ne_ndot_aup_calendar_2021 | ne_ndot_aup_calendar_2022 | ne_ndot_aup_calendar_2023 | ne_ndot_aup_july_june_2017_2018 | ne_ndot_aup_july_june_2018_2019 | ne_ndot_aup_july_june_2019_2020 | ne_ndot_aup_july_june_2020_2021 | ne_ndot_aup_july_june_2021_2022 | ne_ndot_aup_july_june_2022_2023 | ne_ndot_aup_july_june_2023_2024,,,,auto_resolved,Raw description or unit variants collapse under the conservative identity normalizer.
ne_ndot_identity_conflict_3075.42,3075.42,ne_ndot_3075.42,normalized_equivalent,normalized_equivalent,normalized_equivalent,ne_ndot_3075.42,,,,,ne_ndot_aup_calendar_2018 | ne_ndot_aup_calendar_2019 | ne_ndot_aup_calendar_2020 | ne_ndot_aup_calendar_2021 | ne_ndot_aup_calendar_2022 | ne_ndot_aup_calendar_2023 | ne_ndot_aup_calendar_2024 | ne_ndot_aup_calendar_2025 | ne_ndot_aup_july_june_2017_2018 | ne_ndot_aup_july_june_2018_2019 | ne_ndot_aup_july_june_2019_2020 | ne_ndot_aup_july_june_2020_2021 | ne_ndot_aup_july_june_2021_2022 | ne_ndot_aup_july_june_2022_2023 | ne_ndot_aup_july_june_2023_2024 | ne_ndot_aup_july_june_2024_2025 | ne_ndot_aup_july_june_2025_2026,,,,auto_resolved,Raw description or unit variants collapse under the conservative identity normalizer.
ne_ndot_identity_conflict_3075.46,3075.46,ne_ndot_3075.46,normalized_equivalent,normalized_equivalent,normalized_equivalent,ne_ndot_3075.46,,,,,ne_ndot_aup_calendar_2018 | ne_ndot_aup_calendar_2019 | ne_ndot_aup_calendar_2020 | ne_ndot_aup_calendar_2021 | ne_ndot_aup_calendar_2022 | ne_ndot_aup_calendar_2023 | ne_ndot_aup_calendar_2024 | ne_ndot_aup_calendar_2025 | ne_ndot_aup_july_june_2017_2018 | ne_ndot_aup_july_june_2018_2019 | ne_ndot_aup_july_june_2019_2020 | ne_ndot_aup_july_june_2020_2021 | ne_ndot_aup_july_june_2021_2022 | ne_ndot_aup_july_june_2022_2023 | ne_ndot_aup_july_june_2023_2024 | ne_ndot_aup_july_june_2024_2025 | ne_ndot_aup_july_june_2025_2026,,,,auto_resolved,Raw description or unit variants collapse under the conservative identity normalizer.
ne_ndot_identity_conflict_3075.52,3075.52,ne_ndot_3075.52,normalized_equivalent,normalized_equivalent,normalized_equivalent,ne_ndot_3075.52,,,,,ne_ndot_aup_calendar_2018 | ne_ndot_aup_calendar_2019 | ne_ndot_aup_calendar_2020 | ne_ndot_aup_calendar_2021 | ne_ndot_aup_calendar_2022 | ne_ndot_aup_calendar_2023 | ne_ndot_aup_calendar_2024 | ne_ndot_aup_calendar_2025 | ne_ndot_aup_july_june_2017_2018 | ne_ndot_aup_july_june_2018_2019 | ne_ndot_aup_july_june_2019_2020 | ne_ndot_aup_july_june_2020_2021 | ne_ndot_aup_july_june_2021_2022 | ne_ndot_aup_july_june_2022_2023 | ne_ndot_aup_july_june_2023_2024 | ne_ndot_aup_july_june_2024_2025 | ne_ndot_aup_july_june_2025_2026,,,,auto_resolved,Raw description or unit variants collapse under the conservative identity normalizer.
ne_ndot_identity_conflict_3075.53,3075.53,ne_ndot_3075.53,normalized_equivalent,normalized_equivalent,normalized_equivalent,ne_ndot_3075.53,,,,,ne_ndot_aup_calendar_2019 | ne_ndot_aup_calendar_2020 | ne_ndot_aup_calendar_2024 | ne_ndot_aup_calendar_2025 | ne_ndot_aup_july_june_2018_2019 | ne_ndot_aup_july_june_2019_2020 | ne_ndot_aup_july_june_2023_2024 | ne_ndot_aup_july_june_2025_2026,,,,auto_resolved,Raw description or unit variants collapse under the conservative identity normalizer.
ne_ndot_identity_conflict_3075.56,3075.56,ne_ndot_3075.56,normalized_equivalent,normalized_equivalent,normalized_equivalent,ne_ndot_3075.56,,,,,ne_ndot_aup_calendar_2018 | ne_ndot_aup_calendar_2019 | ne_ndot_aup_calendar_2020 | ne_ndot_aup_calendar_2021 | ne_ndot_aup_calendar_2022 | ne_ndot_aup_calendar_2023 | ne_ndot_aup_calendar_2024 | ne_ndot_aup_calendar_2025 | ne_ndot_aup_july_june_2017_2018 | ne_ndot_aup_july_june_2018_2019 | ne_ndot_aup_july_june_2019_2020 | ne_ndot_aup_july_june_2020_2021 | ne_ndot_aup_july_june_2021_2022 | ne_ndot_aup_july_june_2022_2023 | ne_ndot_aup_july_june_2023_2024 | ne_ndot_aup_july_june_2024_2025 | ne_ndot_aup_july_june_2025_2026,,,,auto_resolved,Raw description or unit variants collapse under the conservative identity normalizer.
ne_ndot_identity_conflict_3075.62,3075.62,ne_ndot_3075.62,normalized_equivalent,normalized_equivalent,normalized_equivalent,ne_ndot_3075.62,,,,,ne_ndot_aup_calendar_2019 | ne_ndot_aup_calendar_2025 | ne_ndot_aup_july_june_2017_2018 | ne_ndot_aup_july_june_2018_2019 | ne_ndot_aup_july_june_2019_2020 | ne_ndot_aup_july_june_2024_2025 | ne_ndot_aup_july_june_2025_2026,,,,auto_resolved,Raw description or unit variants collapse under the conservative identity normalizer.
ne_ndot_identity_conflict_3075.66,3075.66,ne_ndot_3075.66,normalized_equivalent,normalized_equivalent,normalized_equivalent,ne_ndot_3075.66,,,,,ne_ndot_aup_calendar_2019 | ne_ndot_aup_calendar_2023 | ne_ndot_aup_calendar_2024 | ne_ndot_aup_calendar_2025 | ne_ndot_aup_july_june_2017_2018 | ne_ndot_aup_july_june_2018_2019 | ne_ndot_aup_july_june_2019_2020 | ne_ndot_aup_july_june_2023_2024 | ne_ndot_aup_july_june_2025_2026,,,,auto_resolved,Raw description or unit variants collapse under the conservative identity normalizer.
ne_ndot_identity_conflict_3075.72,3075.72,ne_ndot_3075.72,normalized_equivalent,normalized_equivalent,normalized_equivalent,ne_ndot_3075.72,,,,,ne_ndot_aup_calendar_2018 | ne_ndot_aup_calendar_2019 | ne_ndot_aup_calendar_2020 | ne_ndot_aup_calendar_2021 | ne_ndot_aup_calendar_2022 | ne_ndot_aup_calendar_2023 | ne_ndot_aup_calendar_2024 | ne_ndot_aup_calendar_2025 | ne_ndot_aup_july_june_2017_2018 | ne_ndot_aup_july_june_2018_2019 | ne_ndot_aup_july_june_2019_2020 | ne_ndot_aup_july_june_2020_2021 | ne_ndot_aup_july_june_2021_2022 | ne_ndot_aup_july_june_2022_2023 | ne_ndot_aup_july_june_2023_2024 | ne_ndot_aup_july_june_2024_2025 | ne_ndot_aup_july_june_2025_2026,,,,auto_resolved,Raw description or unit variants collapse under the conservative identity normalizer.
ne_ndot_identity_conflict_3075.76,3075.76,ne_ndot_3075.76,normalized_equivalent,normalized_equivalent,normalized_equivalent,ne_ndot_3075.76,,,,,ne_ndot_aup_calendar_2018 | ne_ndot_aup_calendar_2019 | ne_ndot_aup_calendar_2020 | ne_ndot_aup_calendar_2021 | ne_ndot_aup_calendar_2022 | ne_ndot_aup_calendar_2024 | ne_ndot_aup_calendar_2025 | ne_ndot_aup_july_june_2017_2018 | ne_ndot_aup_july_june_2018_2019 | ne_ndot_aup_july_june_2019_2020 | ne_ndot_aup_july_june_2020_2021 | ne_ndot_aup_july_june_2021_2022 | ne_ndot_aup_july_june_2022_2023 | ne_ndot_aup_july_june_2023_2024 | ne_ndot_aup_july_june_2024_2025 | ne_ndot_aup_july_june_2025_2026,,,,auto_resolved,Raw description or unit variants collapse under the conservative identity normalizer.
ne_ndot_identity_conflict_3075.82,3075.82,ne_ndot_3075.82,normalized_equivalent,normalized_equivalent,normalized_equivalent,ne_ndot_3075.82,,,,,ne_ndot_aup_calendar_2018 | ne_ndot_aup_calendar_2019 | ne_ndot_aup_calendar_2020 | ne_ndot_aup_calendar_2021 | ne_ndot_aup_calendar_2022 | ne_ndot_aup_calendar_2023 | ne_ndot_aup_calendar_2024 | ne_ndot_aup_calendar_2025 | ne_ndot_aup_july_june_2017_2018 | ne_ndot_aup_july_june_2018_2019 | ne_ndot_aup_july_june_2019_2020 | ne_ndot_aup_july_june_2020_2021 | ne_ndot_aup_july_june_2021_2022 | ne_ndot_aup_july_june_2022_2023 | ne_ndot_aup_july_june_2023_2024 | ne_ndot_aup_july_june_2024_2025 | ne_ndot_aup_july_june_2025_2026,,,,auto_resolved,Raw description or unit variants collapse under the conservative identity normalizer.
ne_ndot_identity_conflict_3075.86,3075.86,ne_ndot_3075.86,normalized_equivalent,normalized_equivalent,normalized_equivalent,ne_ndot_3075.86,,,,,ne_ndot_aup_calendar_2019 | ne_ndot_aup_calendar_2020 | ne_ndot_aup_calendar_2022 | ne_ndot_aup_calendar_2023 | ne_ndot_aup_calendar_2024 | ne_ndot_aup_calendar_2025 | ne_ndot_aup_july_june_2017_2018 | ne_ndot_aup_july_june_2018_2019 | ne_ndot_aup_july_june_2020_2021 | ne_ndot_aup_july_june_2022_2023 | ne_ndot_aup_july_june_2023_2024 | ne_ndot_aup_july_june_2024_2025 | ne_ndot_aup_july_june_2025_2026,,,,auto_resolved,Raw description or unit variants collapse under the conservative identity normalizer.
ne_ndot_identity_conflict_3075.92,3075.92,ne_ndot_3075.92,normalized_equivalent,normalized_equivalent,normalized_equivalent,ne_ndot_3075.92,,,,,ne_ndot_aup_calendar_2018 | ne_ndot_aup_calendar_2019 | ne_ndot_aup_calendar_2020 | ne_ndot_aup_calendar_2021 | ne_ndot_aup_calendar_2024 | ne_ndot_aup_july_june_2017_2018 | ne_ndot_aup_july_june_2018_2019 | ne_ndot_aup_july_june_2019_2020 | ne_ndot_aup_july_june_2020_2021 | ne_ndot_aup_july_june_2021_2022 | ne_ndot_aup_july_june_2024_2025,,,,auto_resolved,Raw description or unit variants collapse under the conservative identity normalizer.
ne_ndot_identity_conflict_3075.96,3075.96,ne_ndot_3075.96,normalized_equivalent,normalized_equivalent,normalized_equivalent,ne_ndot_3075.96,,,,,ne_ndot_aup_calendar_2018 | ne_ndot_aup_calendar_2019 | ne_ndot_aup_calendar_2021 | ne_ndot_aup_july_june_2017_2018 | ne_ndot_aup_july_june_2018_2019 | ne_ndot_aup_july_june_2019_2020 | ne_ndot_aup_july_june_2021_2022,,,,auto_resolved,Raw description or unit variants collapse under the conservative identity normalizer.
ne_ndot_identity_conflict_3089.25,3089.25,ne_ndot_3089.25,normalized_equivalent,normalized_equivalent,normalized_equivalent,ne_ndot_3089.25,,,,,ne_ndot_aup_calendar_2018 | ne_ndot_aup_calendar_2019 | ne_ndot_aup_calendar_2020 | ne_ndot_aup_calendar_2021 | ne_ndot_aup_calendar_2022 | ne_ndot_aup_calendar_2023 | ne_ndot_aup_calendar_2024 | ne_ndot_aup_july_june_2017_2018 | ne_ndot_aup_july_june_2018_2019 | ne_ndot_aup_july_june_2019_2020 | ne_ndot_aup_july_june_2020_2021 | ne_ndot_aup_july_june_2021_2022 | ne_ndot_aup_july_june_2022_2023 | ne_ndot_aup_july_june_2023_2024 | ne_ndot_aup_july_june_2024_2025 | ne_ndot_aup_july_june_2025_2026,,,,auto_resolved,Raw description or unit variants collapse under the conservative identity normalizer.
ne_ndot_identity_conflict_3089.50,3089.50,ne_ndot_3089.50,normalized_equivalent,normalized_equivalent,normalized_equivalent,ne_ndot_3089.50,,,,,ne_ndot_aup_calendar_2021 | ne_ndot_aup_calendar_2025 | ne_ndot_aup_july_june_2021_2022 | ne_ndot_aup_july_june_2025_2026,,,,auto_resolved,Raw description or unit variants collapse under the conservative identity normalizer.
ne_ndot_identity_conflict_3089.76,3089.76,ne_ndot_3089.76,normalized_equivalent,normalized_equivalent,normalized_equivalent,ne_ndot_3089.76,,,,,ne_ndot_aup_calendar_2019 | ne_ndot_aup_calendar_2020 | ne_ndot_aup_calendar_2022 | ne_ndot_aup_july_june_2017_2018 | ne_ndot_aup_july_june_2019_2020 | ne_ndot_aup_july_june_2020_2021 | ne_ndot_aup_july_june_2021_2022,,,,auto_resolved,Raw description or unit variants collapse under the conservative identity normalizer.
ne_ndot_identity_conflict_3089.80,3089.80,ne_ndot_3089.80,normalized_equivalent,normalized_equivalent,normalized_equivalent,ne_ndot_3089.80,,,,,ne_ndot_aup_calendar_2018 | ne_ndot_aup_calendar_2019 | ne_ndot_aup_calendar_2020 | ne_ndot_aup_calendar_2021 | ne_ndot_aup_calendar_2022 | ne_ndot_aup_calendar_2023 | ne_ndot_aup_calendar_2024 | ne_ndot_aup_calendar_2025 | ne_ndot_aup_july_june_2017_2018 | ne_ndot_aup_july_june_2018_2019 | ne_ndot_aup_july_june_2019_2020 | ne_ndot_aup_july_june_2020_2021 | ne_ndot_aup_july_june_2021_2022 | ne_ndot_aup_july_june_2022_2023 | ne_ndot_aup_july_june_2023_2024 | ne_ndot_aup_july_june_2024_2025 | ne_ndot_aup_july_june_2025_2026,,,,auto_resolved,Raw description or unit variants collapse under the conservative identity normalizer.
ne_ndot_identity_conflict_3091.00,3091.00,ne_ndot_3091.00,normalized_equivalent,normalized_equivalent,normalized_equivalent,ne_ndot_3091.00,,,,,ne_ndot_aup_calendar_2023 | ne_ndot_aup_july_june_2023_2024,,,,auto_resolved,Raw description or unit variants collapse under the conservative identity normalizer.
ne_ndot_identity_conflict_3091.15,3091.15,ne_ndot_3091.15,normalized_equivalent,normalized_equivalent,normalized_equivalent,ne_ndot_3091.15,,,,,ne_ndot_aup_calendar_2020 | ne_ndot_aup_july_june_2019_2020,,,,auto_resolved,Raw description or unit variants collapse under the conservative identity normalizer.
ne_ndot_identity_conflict_3091.16,3091.16,ne_ndot_3091.16,normalized_equivalent,normalized_equivalent,normalized_equivalent,ne_ndot_3091.16,,,,,ne_ndot_aup_july_june_2017_2018,,,,auto_resolved,Raw description or unit variants collapse under the conservative identity normalizer.
ne_ndot_identity_conflict_3091.18,3091.18,ne_ndot_3091.18,normalized_equivalent,normalized_equivalent,normalized_equivalent,ne_ndot_3091.18,,,,,ne_ndot_aup_calendar_2018 | ne_ndot_aup_calendar_2020 | ne_ndot_aup_calendar_2023 | ne_ndot_aup_calendar_2025 | ne_ndot_aup_july_june_2017_2018 | ne_ndot_aup_july_june_2019_2020 | ne_ndot_aup_july_june_2023_2024 | ne_ndot_aup_july_june_2025_2026,,,,auto_resolved,Raw description or unit variants collapse under the conservative identity normalizer.
ne_ndot_identity_conflict_3091.19,3091.19,ne_ndot_3091.19,normalized_equivalent,normalized_equivalent,normalized_equivalent,ne_ndot_3091.19,,,,,ne_ndot_aup_calendar_2023 | ne_ndot_aup_july_june_2017_2018 | ne_ndot_aup_july_june_2023_2024,,,,auto_resolved,Raw description or unit variants collapse under the conservative identity normalizer.
ne_ndot_identity_conflict_3091.25,3091.25,ne_ndot_3091.25,normalized_equivalent,normalized_equivalent,normalized_equivalent,ne_ndot_3091.25,,,,,ne_ndot_aup_calendar_2021,,,,auto_resolved,Raw description or unit variants collapse under the conservative identity normalizer.
ne_ndot_identity_conflict_3091.27,3091.27,ne_ndot_3091.27,normalized_equivalent,normalized_equivalent,normalized_equivalent,ne_ndot_3091.27,,,,,ne_ndot_aup_july_june_2017_2018,,,,auto_resolved,Raw description or unit variants collapse under the conservative identity normalizer.
ne_ndot_identity_conflict_3099.06,3099.06,ne_ndot_3099.06,normalized_equivalent,normalized_equivalent,normalized_equivalent,ne_ndot_3099.06,,,,,ne_ndot_aup_calendar_2019 | ne_ndot_aup_calendar_2022 | ne_ndot_aup_calendar_2024 | ne_ndot_aup_calendar_2025 | ne_ndot_aup_july_june_2018_2019 | ne_ndot_aup_july_june_2022_2023 | ne_ndot_aup_july_june_2024_2025 | ne_ndot_aup_july_june_2025_2026,,,,auto_resolved,Raw description or unit variants collapse under the conservative identity normalizer.
ne_ndot_identity_conflict_3205.00,3205.00,ne_ndot_3205.00,normalized_equivalent,normalized_equivalent,normalized_equivalent,ne_ndot_3205.00,,,,,ne_ndot_aup_calendar_2018 | ne_ndot_aup_calendar_2019 | ne_ndot_aup_calendar_2020 | ne_ndot_aup_calendar_2021 | ne_ndot_aup_calendar_2022 | ne_ndot_aup_calendar_2023 | ne_ndot_aup_calendar_2024 | ne_ndot_aup_calendar_2025 | ne_ndot_aup_july_june_2017_2018 | ne_ndot_aup_july_june_2018_2019 | ne_ndot_aup_july_june_2019_2020 | ne_ndot_aup_july_june_2020_2021 | ne_ndot_aup_july_june_2021_2022 | ne_ndot_aup_july_june_2022_2023 | ne_ndot_aup_july_june_2023_2024 | ne_ndot_aup_july_june_2024_2025 | ne_ndot_aup_july_june_2025_2026,,,,auto_resolved,Raw description or unit variants collapse under the conservative identity normalizer.
ne_ndot_identity_conflict_3210.10,3210.10,ne_ndot_3210.10,normalized_equivalent,normalized_equivalent,normalized_equivalent,ne_ndot_3210.10,,,,,ne_ndot_aup_calendar_2018 | ne_ndot_aup_calendar_2019 | ne_ndot_aup_calendar_2020 | ne_ndot_aup_calendar_2021 | ne_ndot_aup_calendar_2022 | ne_ndot_aup_calendar_2024 | ne_ndot_aup_calendar_2025 | ne_ndot_aup_july_june_2017_2018 | ne_ndot_aup_july_june_2018_2019 | ne_ndot_aup_july_june_2019_2020 | ne_ndot_aup_july_june_2020_2021 | ne_ndot_aup_july_june_2021_2022 | ne_ndot_aup_july_june_2022_2023 | ne_ndot_aup_july_june_2023_2024 | ne_ndot_aup_july_june_2025_2026,,,,auto_resolved,Raw description or unit variants collapse under the conservative identity normalizer.
ne_ndot_identity_conflict_3211.25,3211.25,ne_ndot_3211.25,normalized_equivalent,normalized_equivalent,normalized_equivalent,ne_ndot_3211.25,,,,,ne_ndot_aup_calendar_2018 | ne_ndot_aup_calendar_2019 | ne_ndot_aup_calendar_2020 | ne_ndot_aup_calendar_2021 | ne_ndot_aup_calendar_2022 | ne_ndot_aup_calendar_2023 | ne_ndot_aup_calendar_2024 | ne_ndot_aup_calendar_2025 | ne_ndot_aup_july_june_2017_2018 | ne_ndot_aup_july_june_2018_2019 | ne_ndot_aup_july_june_2019_2020 | ne_ndot_aup_july_june_2020_2021 | ne_ndot_aup_july_june_2021_2022 | ne_ndot_aup_july_june_2022_2023 | ne_ndot_aup_july_june_2023_2024 | ne_ndot_aup_july_june_2024_2025 | ne_ndot_aup_july_june_2025_2026,,,,auto_resolved,Raw description or unit variants collapse under the conservative identity normalizer.
ne_ndot_identity_conflict_3211.30,3211.30,ne_ndot_3211.30,normalized_equivalent,normalized_equivalent,normalized_equivalent,ne_ndot_3211.30,,,,,ne_ndot_aup_calendar_2018 | ne_ndot_aup_calendar_2019 | ne_ndot_aup_calendar_2020 | ne_ndot_aup_calendar_2021 | ne_ndot_aup_calendar_2022 | ne_ndot_aup_calendar_2023 | ne_ndot_aup_calendar_2024 | ne_ndot_aup_calendar_2025 | ne_ndot_aup_july_june_2017_2018 | ne_ndot_aup_july_june_2018_2019 | ne_ndot_aup_july_june_2019_2020 | ne_ndot_aup_july_june_2020_2021 | ne_ndot_aup_july_june_2021_2022 | ne_ndot_aup_july_june_2022_2023 | ne_ndot_aup_july_june_2023_2024 | ne_ndot_aup_july_june_2024_2025 | ne_ndot_aup_july_june_2025_2026,,,,auto_resolved,Raw description or unit variants collapse under the conservative identity normalizer.
ne_ndot_identity_conflict_3211.35,3211.35,ne_ndot_3211.35,normalized_equivalent,normalized_equivalent,normalized_equivalent,ne_ndot_3211.35,,,,,ne_ndot_aup_calendar_2018 | ne_ndot_aup_calendar_2019 | ne_ndot_aup_calendar_2020 | ne_ndot_aup_calendar_2021 | ne_ndot_aup_calendar_2022 | ne_ndot_aup_calendar_2023 | ne_ndot_aup_calendar_2024 | ne_ndot_aup_calendar_2025 | ne_ndot_aup_july_june_2017_2018 | ne_ndot_aup_july_june_2018_2019 | ne_ndot_aup_july_june_2019_2020 | ne_ndot_aup_july_june_2020_2021 | ne_ndot_aup_july_june_2021_2022 | ne_ndot_aup_july_june_2022_2023 | ne_ndot_aup_july_june_2023_2024 | ne_ndot_aup_july_june_2024_2025 | ne_ndot_aup_july_june_2025_2026,,,,auto_resolved,Raw description or unit variants collapse under the conservative identity normalizer.
ne_ndot_identity_conflict_3221.12,3221.12,ne_ndot_3221.12,normalized_equivalent,normalized_equivalent,normalized_equivalent,ne_ndot_3221.12,,,,,ne_ndot_aup_calendar_2025 | ne_ndot_aup_july_june_2025_2026,,,,auto_resolved,Raw description or unit variants collapse under the conservative identity normalizer.
ne_ndot_identity_conflict_3221.13,3221.13,ne_ndot_3221.13,normalized_equivalent,normalized_equivalent,normalized_equivalent,ne_ndot_3221.13,,,,,ne_ndot_aup_calendar_2018 | ne_ndot_aup_july_june_2017_2018 | ne_ndot_aup_july_june_2018_2019,,,,auto_resolved,Raw description or unit variants collapse under the conservative identity normalizer.
ne_ndot_identity_conflict_3221.17,3221.17,ne_ndot_3221.17,normalized_equivalent,normalized_equivalent,normalized_equivalent,ne_ndot_3221.17,,,,,ne_ndot_aup_calendar_2019 | ne_ndot_aup_calendar_2020 | ne_ndot_aup_calendar_2022 | ne_ndot_aup_july_june_2017_2018 | ne_ndot_aup_july_june_2019_2020 | ne_ndot_aup_july_june_2020_2021 | ne_ndot_aup_july_june_2021_2022,,,,auto_resolved,Raw description or unit variants collapse under the conservative identity normalizer.
ne_ndot_identity_conflict_3222.09,3222.09,ne_ndot_3222.09,normalized_equivalent,normalized_equivalent,normalized_equivalent,ne_ndot_3222.09,,,,,ne_ndot_aup_calendar_2025 | ne_ndot_aup_july_june_2025_2026,,,,auto_resolved,Raw description or unit variants collapse under the conservative identity normalizer.
ne_ndot_identity_conflict_3223.10,3223.10,ne_ndot_3223.10,normalized_equivalent,normalized_equivalent,normalized_equivalent,ne_ndot_3223.10,,,,,ne_ndot_aup_calendar_2023 | ne_ndot_aup_july_june_2022_2023,,,,auto_resolved,Raw description or unit variants collapse under the conservative identity normalizer.
ne_ndot_identity_conflict_3223.15,3223.15,ne_ndot_3223.15,normalized_equivalent,normalized_equivalent,normalized_equivalent,ne_ndot_3223.15,,,,,ne_ndot_aup_calendar_2022 | ne_ndot_aup_calendar_2023 | ne_ndot_aup_july_june_2021_2022 | ne_ndot_aup_july_june_2023_2024,,,,auto_resolved,Raw description or unit variants collapse under the conservative identity normalizer.
ne_ndot_identity_conflict_3300.15,3300.15,ne_ndot_3300.15,normalized_equivalent,normalized_equivalent,normalized_equivalent,ne_ndot_3300.15,,,,,ne_ndot_aup_calendar_2020 | ne_ndot_aup_july_june_2019_2020,,,,auto_resolved,Raw description or unit variants collapse under the conservative identity normalizer.
ne_ndot_identity_conflict_3300.50,3300.50,ne_ndot_3300.50,stable_description_multi_unit,reviewed_multi_unit,needs_review,ne_ndot_3300.50,,,,,ne_ndot_aup_calendar_2018 | ne_ndot_aup_calendar_2019 | ne_ndot_aup_calendar_2020 | ne_ndot_aup_calendar_2021 | ne_ndot_aup_calendar_2022 | ne_ndot_aup_calendar_2023 | ne_ndot_aup_calendar_2024 | ne_ndot_aup_calendar_2025 | ne_ndot_aup_july_june_2017_2018 | ne_ndot_aup_july_june_2018_2019 | ne_ndot_aup_july_june_2019_2020 | ne_ndot_aup_july_june_2020_2021 | ne_ndot_aup_july_june_2021_2022 | ne_ndot_aup_july_june_2022_2023 | ne_ndot_aup_july_june_2023_2024 | ne_ndot_aup_july_june_2024_2025 | ne_ndot_aup_july_june_2025_2026,,,,needs_review,Same identity candidate with multiple reported units; retain every raw unit and require unit-aware review.
ne_ndot_identity_conflict_3970.07,3970.07,ne_ndot_3970.07,normalized_equivalent,normalized_equivalent,normalized_equivalent,ne_ndot_3970.07,,,,,ne_ndot_aup_calendar_2025 | ne_ndot_aup_july_june_2025_2026,,,,auto_resolved,Raw description or unit variants collapse under the conservative identity normalizer.
ne_ndot_identity_conflict_4001.00,4001.00,ne_ndot_4001.00,normalized_equivalent,normalized_equivalent,normalized_equivalent,ne_ndot_4001.00,,,,,ne_ndot_aup_calendar_2019 | ne_ndot_aup_july_june_2018_2019 | ne_ndot_aup_july_june_2019_2020,,,,auto_resolved,Raw description or unit variants collapse under the conservative identity normalizer.
ne_ndot_identity_conflict_4002.00,4002.00,ne_ndot_4002.00,normalized_equivalent,normalized_equivalent,normalized_equivalent,ne_ndot_4002.00,,,,,ne_ndot_aup_calendar_2018 | ne_ndot_aup_calendar_2019 | ne_ndot_aup_calendar_2020 | ne_ndot_aup_calendar_2021 | ne_ndot_aup_calendar_2022 | ne_ndot_aup_calendar_2023 | ne_ndot_aup_calendar_2024 | ne_ndot_aup_calendar_2025 | ne_ndot_aup_july_june_2017_2018 | ne_ndot_aup_july_june_2018_2019 | ne_ndot_aup_july_june_2019_2020 | ne_ndot_aup_july_june_2020_2021 | ne_ndot_aup_july_june_2021_2022 | ne_ndot_aup_july_june_2022_2023 | ne_ndot_aup_july_june_2023_2024 | ne_ndot_aup_july_june_2024_2025 | ne_ndot_aup_july_june_2025_2026,,,,auto_resolved,Raw description or unit variants collapse under the conservative identity normalizer.
ne_ndot_identity_conflict_4003.00,4003.00,ne_ndot_4003.00,normalized_equivalent,normalized_equivalent,normalized_equivalent,ne_ndot_4003.00,,,,,ne_ndot_aup_calendar_2018 | ne_ndot_aup_calendar_2019 | ne_ndot_aup_calendar_2020 | ne_ndot_aup_calendar_2021 | ne_ndot_aup_calendar_2022 | ne_ndot_aup_calendar_2023 | ne_ndot_aup_calendar_2024 | ne_ndot_aup_calendar_2025 | ne_ndot_aup_july_june_2017_2018 | ne_ndot_aup_july_june_2018_2019 | ne_ndot_aup_july_june_2019_2020 | ne_ndot_aup_july_june_2020_2021 | ne_ndot_aup_july_june_2021_2022 | ne_ndot_aup_july_june_2022_2023 | ne_ndot_aup_july_june_2023_2024 | ne_ndot_aup_july_june_2024_2025 | ne_ndot_aup_july_june_2025_2026,,,,auto_resolved,Raw description or unit variants collapse under the conservative identity normalizer.
ne_ndot_identity_conflict_4004.00,4004.00,ne_ndot_4004.00,normalized_equivalent,normalized_equivalent,normalized_equivalent,ne_ndot_4004.00,,,,,ne_ndot_aup_calendar_2018 | ne_ndot_aup_calendar_2019 | ne_ndot_aup_calendar_2020 | ne_ndot_aup_calendar_2021 | ne_ndot_aup_calendar_2022 | ne_ndot_aup_calendar_2023 | ne_ndot_aup_calendar_2024 | ne_ndot_aup_calendar_2025 | ne_ndot_aup_july_june_2017_2018 | ne_ndot_aup_july_june_2018_2019 | ne_ndot_aup_july_june_2019_2020 | ne_ndot_aup_july_june_2020_2021 | ne_ndot_aup_july_june_2021_2022 | ne_ndot_aup_july_june_2022_2023 | ne_ndot_aup_july_june_2023_2024 | ne_ndot_aup_july_june_2024_2025 | ne_ndot_aup_july_june_2025_2026,,,,auto_resolved,Raw description or unit variants collapse under the conservative identity normalizer.
ne_ndot_identity_conflict_4004.50,4004.50,ne_ndot_4004.50,normalized_equivalent,normalized_equivalent,normalized_equivalent,ne_ndot_4004.50,,,,,ne_ndot_aup_calendar_2018 | ne_ndot_aup_calendar_2019 | ne_ndot_aup_calendar_2020 | ne_ndot_aup_calendar_2021 | ne_ndot_aup_calendar_2022 | ne_ndot_aup_calendar_2023 | ne_ndot_aup_calendar_2024 | ne_ndot_aup_calendar_2025 | ne_ndot_aup_july_june_2017_2018 | ne_ndot_aup_july_june_2018_2019 | ne_ndot_aup_july_june_2019_2020 | ne_ndot_aup_july_june_2020_2021 | ne_ndot_aup_july_june_2021_2022 | ne_ndot_aup_july_june_2022_2023 | ne_ndot_aup_july_june_2023_2024 | ne_ndot_aup_july_june_2024_2025 | ne_ndot_aup_july_june_2025_2026,,,,auto_resolved,Raw description or unit variants collapse under the conservative identity normalizer.
ne_ndot_identity_conflict_4004.60,4004.60,ne_ndot_4004.60,normalized_equivalent,normalized_equivalent,normalized_equivalent,ne_ndot_4004.60,,,,,ne_ndot_aup_calendar_2019 | ne_ndot_aup_calendar_2020 | ne_ndot_aup_july_june_2018_2019 | ne_ndot_aup_july_june_2019_2020,,,,auto_resolved,Raw description or unit variants collapse under the conservative identity normalizer.
ne_ndot_identity_conflict_4005.00,4005.00,ne_ndot_4005.00,normalized_equivalent,normalized_equivalent,normalized_equivalent,ne_ndot_4005.00,,,,,ne_ndot_aup_calendar_2018 | ne_ndot_aup_calendar_2019 | ne_ndot_aup_calendar_2020 | ne_ndot_aup_calendar_2021 | ne_ndot_aup_calendar_2022 | ne_ndot_aup_calendar_2023 | ne_ndot_aup_calendar_2024 | ne_ndot_aup_calendar_2025 | ne_ndot_aup_july_june_2017_2018 | ne_ndot_aup_july_june_2018_2019 | ne_ndot_aup_july_june_2019_2020 | ne_ndot_aup_july_june_2020_2021 | ne_ndot_aup_july_june_2021_2022 | ne_ndot_aup_july_june_2022_2023 | ne_ndot_aup_july_june_2023_2024 | ne_ndot_aup_july_june_2024_2025 | ne_ndot_aup_july_june_2025_2026,,,,auto_resolved,Raw description or unit variants collapse under the conservative identity normalizer.
ne_ndot_identity_conflict_4015.75,4015.75,ne_ndot_4015.75,normalized_equivalent,normalized_equivalent,normalized_equivalent,ne_ndot_4015.75,,,,,ne_ndot_aup_calendar_2018 | ne_ndot_aup_calendar_2020 | ne_ndot_aup_july_june_2018_2019 | ne_ndot_aup_july_june_2020_2021,,,,auto_resolved,Raw description or unit variants collapse under the conservative identity normalizer.
ne_ndot_identity_conflict_4015.76,4015.76,ne_ndot_4015.76,normalized_equivalent,normalized_equivalent,normalized_equivalent,ne_ndot_4015.76,,,,,ne_ndot_aup_calendar_2018 | ne_ndot_aup_july_june_2018_2019,,,,auto_resolved,Raw description or unit variants collapse under the conservative identity normalizer.
ne_ndot_identity_conflict_4019.99,4019.99,ne_ndot_4019.99,normalized_equivalent,normalized_equivalent,normalized_equivalent,ne_ndot_4019.99,,,,,ne_ndot_aup_calendar_2018 | ne_ndot_aup_calendar_2020 | ne_ndot_aup_july_june_2019_2020,,,,auto_resolved,Raw description or unit variants collapse under the conservative identity normalizer.
ne_ndot_identity_conflict_4020.06,4020.06,ne_ndot_4020.06,normalized_equivalent,normalized_equivalent,normalized_equivalent,ne_ndot_4020.06,,,,,ne_ndot_aup_calendar_2020 | ne_ndot_aup_calendar_2025 | ne_ndot_aup_july_june_2019_2020 | ne_ndot_aup_july_june_2024_2025,,,,auto_resolved,Raw description or unit variants collapse under the conservative identity normalizer.
ne_ndot_identity_conflict_4020.08,4020.08,ne_ndot_4020.08,normalized_equivalent,normalized_equivalent,normalized_equivalent,ne_ndot_4020.08,,,,,ne_ndot_aup_calendar_2019 | ne_ndot_aup_july_june_2018_2019,,,,auto_resolved,Raw description or unit variants collapse under the conservative identity normalizer.
ne_ndot_identity_conflict_4020.12,4020.12,ne_ndot_4020.12,normalized_equivalent,normalized_equivalent,normalized_equivalent,ne_ndot_4020.12,,,,,ne_ndot_aup_calendar_2020 | ne_ndot_aup_calendar_2025 | ne_ndot_aup_july_june_2019_2020 | ne_ndot_aup_july_june_2024_2025,,,,auto_resolved,Raw description or unit variants collapse under the conservative identity normalizer.
ne_ndot_identity_conflict_4020.25,4020.25,ne_ndot_4020.25,normalized_equivalent,normalized_equivalent,normalized_equivalent,ne_ndot_4020.25,,,,,ne_ndot_aup_calendar_2019 | ne_ndot_aup_calendar_2020 | ne_ndot_aup_calendar_2021 | ne_ndot_aup_calendar_2023 | ne_ndot_aup_calendar_2025 | ne_ndot_aup_july_june_2017_2018 | ne_ndot_aup_july_june_2018_2019 | ne_ndot_aup_july_june_2019_2020 | ne_ndot_aup_july_june_2020_2021 | ne_ndot_aup_july_june_2023_2024 | ne_ndot_aup_july_june_2025_2026,,,,auto_resolved,Raw description or unit variants collapse under the conservative identity normalizer.
ne_ndot_identity_conflict_4020.30,4020.30,ne_ndot_4020.30,normalized_equivalent,normalized_equivalent,normalized_equivalent,ne_ndot_4020.30,,,,,ne_ndot_aup_calendar_2018 | ne_ndot_aup_calendar_2019 | ne_ndot_aup_calendar_2020 | ne_ndot_aup_july_june_2017_2018 | ne_ndot_aup_july_june_2018_2019 | ne_ndot_aup_july_june_2019_2020 | ne_ndot_aup_july_june_2020_2021,,,,auto_resolved,Raw description or unit variants collapse under the conservative identity normalizer.
ne_ndot_identity_conflict_4020.55,4020.55,ne_ndot_4020.55,normalized_equivalent,normalized_equivalent,normalized_equivalent,ne_ndot_4020.55,,,,,ne_ndot_aup_calendar_2019 | ne_ndot_aup_calendar_2020 | ne_ndot_aup_july_june_2018_2019 | ne_ndot_aup_july_june_2019_2020,,,,auto_resolved,Raw description or unit variants collapse under the conservative identity normalizer.
ne_ndot_identity_conflict_4020.88,4020.88,ne_ndot_4020.88,normalized_equivalent,normalized_equivalent,normalized_equivalent,ne_ndot_4020.88,,,,,ne_ndot_aup_calendar_2019 | ne_ndot_aup_calendar_2021 | ne_ndot_aup_calendar_2022 | ne_ndot_aup_calendar_2023 | ne_ndot_aup_july_june_2018_2019 | ne_ndot_aup_july_june_2021_2022 | ne_ndot_aup_july_june_2023_2024,,,,auto_resolved,Raw description or unit variants collapse under the conservative identity normalizer.
ne_ndot_identity_conflict_4020.90,4020.90,ne_ndot_4020.90,normalized_equivalent,normalized_equivalent,normalized_equivalent,ne_ndot_4020.90,,,,,ne_ndot_aup_calendar_2020 | ne_ndot_aup_july_june_2020_2021,,,,auto_resolved,Raw description or unit variants collapse under the conservative identity normalizer.
ne_ndot_identity_conflict_4024.55,4024.55,ne_ndot_4024.55,normalized_equivalent,normalized_equivalent,normalized_equivalent,ne_ndot_4024.55,,,,,ne_ndot_aup_calendar_2018 | ne_ndot_aup_calendar_2019 | ne_ndot_aup_calendar_2020 | ne_ndot_aup_calendar_2021 | ne_ndot_aup_calendar_2022 | ne_ndot_aup_calendar_2023 | ne_ndot_aup_calendar_2024 | ne_ndot_aup_calendar_2025 | ne_ndot_aup_july_june_2017_2018 | ne_ndot_aup_july_june_2018_2019 | ne_ndot_aup_july_june_2019_2020 | ne_ndot_aup_july_june_2020_2021 | ne_ndot_aup_july_june_2021_2022 | ne_ndot_aup_july_june_2022_2023 | ne_ndot_aup_july_june_2023_2024 | ne_ndot_aup_july_june_2024_2025 | ne_ndot_aup_july_june_2025_2026,,,,auto_resolved,Raw description or unit variants collapse under the conservative identity normalizer.
ne_ndot_identity_conflict_4029.95,4029.95,ne_ndot_4029.95,normalized_equivalent,normalized_equivalent,normalized_equivalent,ne_ndot_4029.95,,,,,ne_ndot_aup_july_june_2017_2018,,,,auto_resolved,Raw description or unit variants collapse under the conservative identity normalizer.
ne_ndot_identity_conflict_4029.97,4029.97,ne_ndot_4029.97,normalized_equivalent,normalized_equivalent,normalized_equivalent,ne_ndot_4029.97,,,,,ne_ndot_aup_calendar_2019 | ne_ndot_aup_july_june_2018_2019,,,,auto_resolved,Raw description or unit variants collapse under the conservative identity normalizer.
ne_ndot_identity_conflict_4032.00,4032.00,ne_ndot_4032.00,normalized_equivalent,normalized_equivalent,normalized_equivalent,ne_ndot_4032.00,,,,,ne_ndot_aup_calendar_2022 | ne_ndot_aup_calendar_2024 | ne_ndot_aup_july_june_2022_2023 | ne_ndot_aup_july_june_2023_2024,,,,auto_resolved,Raw description or unit variants collapse under the conservative identity normalizer.
ne_ndot_identity_conflict_4039.10,4039.10,ne_ndot_4039.10,normalized_equivalent,normalized_equivalent,normalized_equivalent,ne_ndot_4039.10,,,,,ne_ndot_aup_calendar_2019 | ne_ndot_aup_july_june_2019_2020,,,,auto_resolved,Raw description or unit variants collapse under the conservative identity normalizer.
ne_ndot_identity_conflict_4039.20,4039.20,ne_ndot_4039.20,normalized_equivalent,normalized_equivalent,normalized_equivalent,ne_ndot_4039.20,,,,,ne_ndot_aup_calendar_2021 | ne_ndot_aup_july_june_2021_2022,,,,auto_resolved,Raw description or unit variants collapse under the conservative identity normalizer.
ne_ndot_identity_conflict_4043.00,4043.00,ne_ndot_4043.00,normalized_equivalent,normalized_equivalent,normalized_equivalent,ne_ndot_4043.00,,,,,ne_ndot_aup_calendar_2018 | ne_ndot_aup_calendar_2019 | ne_ndot_aup_calendar_2020 | ne_ndot_aup_calendar_2022 | ne_ndot_aup_calendar_2023 | ne_ndot_aup_calendar_2024 | ne_ndot_aup_july_june_2017_2018 | ne_ndot_aup_july_june_2018_2019 | ne_ndot_aup_july_june_2019_2020 | ne_ndot_aup_july_june_2020_2021 | ne_ndot_aup_july_june_2022_2023 | ne_ndot_aup_july_june_2023_2024 | ne_ndot_aup_july_june_2025_2026,,,,auto_resolved,Raw description or unit variants collapse under the conservative identity normalizer.
ne_ndot_identity_conflict_4043.50,4043.50,ne_ndot_4043.50,normalized_equivalent,normalized_equivalent,normalized_equivalent,ne_ndot_4043.50,,,,,ne_ndot_aup_calendar_2018 | ne_ndot_aup_calendar_2019 | ne_ndot_aup_calendar_2020 | ne_ndot_aup_calendar_2021 | ne_ndot_aup_calendar_2022 | ne_ndot_aup_calendar_2023 | ne_ndot_aup_calendar_2024 | ne_ndot_aup_calendar_2025 | ne_ndot_aup_july_june_2017_2018 | ne_ndot_aup_july_june_2018_2019 | ne_ndot_aup_july_june_2019_2020 | ne_ndot_aup_july_june_2020_2021 | ne_ndot_aup_july_june_2021_2022 | ne_ndot_aup_july_june_2022_2023 | ne_ndot_aup_july_june_2023_2024 | ne_ndot_aup_july_june_2024_2025 | ne_ndot_aup_july_june_2025_2026,,,,auto_resolved,Raw description or unit variants collapse under the conservative identity normalizer.
ne_ndot_identity_conflict_4043.51,4043.51,ne_ndot_4043.51,normalized_equivalent,normalized_equivalent,normalized_equivalent,ne_ndot_4043.51,,,,,ne_ndot_aup_calendar_2019 | ne_ndot_aup_calendar_2020 | ne_ndot_aup_calendar_2021 | ne_ndot_aup_calendar_2023 | ne_ndot_aup_calendar_2025 | ne_ndot_aup_july_june_2018_2019 | ne_ndot_aup_july_june_2020_2021 | ne_ndot_aup_july_june_2023_2024 | ne_ndot_aup_july_june_2025_2026,,,,auto_resolved,Raw description or unit variants collapse under the conservative identity normalizer.
ne_ndot_identity_conflict_4049.00,4049.00,ne_ndot_4049.00,normalized_equivalent,normalized_equivalent,normalized_equivalent,ne_ndot_4049.00,,,,,ne_ndot_aup_calendar_2024 | ne_ndot_aup_july_june_2023_2024,,,,auto_resolved,Raw description or unit variants collapse under the conservative identity normalizer.
ne_ndot_identity_conflict_4050.01,4050.01,ne_ndot_4050.01,normalized_equivalent,normalized_equivalent,normalized_equivalent,ne_ndot_4050.01,,,,,ne_ndot_aup_calendar_2018 | ne_ndot_aup_calendar_2019 | ne_ndot_aup_calendar_2020 | ne_ndot_aup_calendar_2021 | ne_ndot_aup_calendar_2022 | ne_ndot_aup_calendar_2023 | ne_ndot_aup_calendar_2024 | ne_ndot_aup_calendar_2025 | ne_ndot_aup_july_june_2017_2018 | ne_ndot_aup_july_june_2018_2019 | ne_ndot_aup_july_june_2019_2020 | ne_ndot_aup_july_june_2020_2021 | ne_ndot_aup_july_june_2021_2022 | ne_ndot_aup_july_june_2022_2023 | ne_ndot_aup_july_june_2023_2024 | ne_ndot_aup_july_june_2024_2025 | ne_ndot_aup_july_june_2025_2026,,,,auto_resolved,Raw description or unit variants collapse under the conservative identity normalizer.
ne_ndot_identity_conflict_4051.01,4051.01,ne_ndot_4051.01,normalized_equivalent,normalized_equivalent,normalized_equivalent,ne_ndot_4051.01,,,,,ne_ndot_aup_calendar_2018 | ne_ndot_aup_calendar_2019 | ne_ndot_aup_calendar_2020 | ne_ndot_aup_calendar_2021 | ne_ndot_aup_calendar_2022 | ne_ndot_aup_calendar_2023 | ne_ndot_aup_calendar_2024 | ne_ndot_aup_calendar_2025 | ne_ndot_aup_july_june_2017_2018 | ne_ndot_aup_july_june_2018_2019 | ne_ndot_aup_july_june_2019_2020 | ne_ndot_aup_july_june_2020_2021 | ne_ndot_aup_july_june_2021_2022 | ne_ndot_aup_july_june_2022_2023 | ne_ndot_aup_july_june_2023_2024 | ne_ndot_aup_july_june_2024_2025 | ne_ndot_aup_july_june_2025_2026,,,,auto_resolved,Raw description or unit variants collapse under the conservative identity normalizer.
ne_ndot_identity_conflict_4054.65,4054.65,ne_ndot_4054.65,normalized_equivalent,normalized_equivalent,normalized_equivalent,ne_ndot_4054.65,,,,,ne_ndot_aup_calendar_2018 | ne_ndot_aup_calendar_2019 | ne_ndot_aup_calendar_2020 | ne_ndot_aup_calendar_2021 | ne_ndot_aup_calendar_2022 | ne_ndot_aup_calendar_2024 | ne_ndot_aup_calendar_2025 | ne_ndot_aup_july_june_2017_2018 | ne_ndot_aup_july_june_2018_2019 | ne_ndot_aup_july_june_2019_2020 | ne_ndot_aup_july_june_2020_2021 | ne_ndot_aup_july_june_2021_2022 | ne_ndot_aup_july_june_2022_2023 | ne_ndot_aup_july_june_2023_2024 | ne_ndot_aup_july_june_2024_2025 | ne_ndot_aup_july_june_2025_2026,,,,auto_resolved,Raw description or unit variants collapse under the conservative identity normalizer.
ne_ndot_identity_conflict_4054.66,4054.66,ne_ndot_4054.66,normalized_equivalent,normalized_equivalent,normalized_equivalent,ne_ndot_4054.66,,,,,ne_ndot_aup_july_june_2017_2018,,,,auto_resolved,Raw description or unit variants collapse under the conservative identity normalizer.
ne_ndot_identity_conflict_4054.68,4054.68,ne_ndot_4054.68,stable_description_multi_unit,reviewed_multi_unit,needs_review,ne_ndot_4054.68,,,,,ne_ndot_aup_calendar_2018 | ne_ndot_aup_calendar_2019 | ne_ndot_aup_calendar_2020 | ne_ndot_aup_calendar_2021 | ne_ndot_aup_calendar_2022 | ne_ndot_aup_calendar_2023 | ne_ndot_aup_calendar_2024 | ne_ndot_aup_calendar_2025 | ne_ndot_aup_july_june_2017_2018 | ne_ndot_aup_july_june_2018_2019 | ne_ndot_aup_july_june_2019_2020 | ne_ndot_aup_july_june_2020_2021 | ne_ndot_aup_july_june_2021_2022 | ne_ndot_aup_july_june_2022_2023 | ne_ndot_aup_july_june_2023_2024 | ne_ndot_aup_july_june_2024_2025 | ne_ndot_aup_july_june_2025_2026,,,,needs_review,Same identity candidate with multiple reported units; retain every raw unit and require unit-aware review.
ne_ndot_identity_conflict_4054.69,4054.69,ne_ndot_4054.69,stable_description_multi_unit,reviewed_multi_unit,needs_review,ne_ndot_4054.69,,,,,ne_ndot_aup_calendar_2018 | ne_ndot_aup_calendar_2019 | ne_ndot_aup_july_june_2018_2019,,,,needs_review,Same identity candidate with multiple reported units; retain every raw unit and require unit-aware review.
ne_ndot_identity_conflict_4054.70,4054.70,ne_ndot_4054.70,stable_description_multi_unit,reviewed_multi_unit,needs_review,ne_ndot_4054.70,,,,,ne_ndot_aup_calendar_2018 | ne_ndot_aup_calendar_2019 | ne_ndot_aup_july_june_2018_2019,,,,needs_review,Same identity candidate with multiple reported units; retain every raw unit and require unit-aware review.
ne_ndot_identity_conflict_4054.71,4054.71,ne_ndot_4054.71,stable_description_multi_unit,reviewed_multi_unit,needs_review,ne_ndot_4054.71,,,,,ne_ndot_aup_calendar_2018 | ne_ndot_aup_calendar_2019 | ne_ndot_aup_july_june_2018_2019,,,,needs_review,Same identity candidate with multiple reported units; retain every raw unit and require unit-aware review.
ne_ndot_identity_conflict_4054.72,4054.72,ne_ndot_4054.72,stable_description_multi_unit,reviewed_multi_unit,needs_review,ne_ndot_4054.72,,,,,ne_ndot_aup_calendar_2018 | ne_ndot_aup_calendar_2019 | ne_ndot_aup_july_june_2018_2019,,,,needs_review,Same identity candidate with multiple reported units; retain every raw unit and require unit-aware review.
ne_ndot_identity_conflict_4054.73,4054.73,ne_ndot_4054.73,stable_description_multi_unit,reviewed_multi_unit,needs_review,ne_ndot_4054.73,,,,,ne_ndot_aup_calendar_2018 | ne_ndot_aup_july_june_2018_2019,,,,needs_review,Same identity candidate with multiple reported units; retain every raw unit and require unit-aware review.
ne_ndot_identity_conflict_4054.74,4054.74,ne_ndot_4054.74,stable_description_multi_unit,reviewed_multi_unit,needs_review,ne_ndot_4054.74,,,,,ne_ndot_aup_calendar_2018 | ne_ndot_aup_july_june_2018_2019,,,,needs_review,Same identity candidate with multiple reported units; retain every raw unit and require unit-aware review.
ne_ndot_identity_conflict_4054.75,4054.75,ne_ndot_4054.75,stable_description_multi_unit,reviewed_multi_unit,needs_review,ne_ndot_4054.75,,,,,ne_ndot_aup_calendar_2018 | ne_ndot_aup_july_june_2018_2019,,,,needs_review,Same identity candidate with multiple reported units; retain every raw unit and require unit-aware review.
ne_ndot_identity_conflict_4061.01,4061.01,ne_ndot_4061.01,normalized_equivalent,normalized_equivalent,normalized_equivalent,ne_ndot_4061.01,,,,,ne_ndot_aup_calendar_2025 | ne_ndot_aup_july_june_2025_2026,,,,auto_resolved,Raw description or unit variants collapse under the conservative identity normalizer.
ne_ndot_identity_conflict_4093.80,4093.80,ne_ndot_4093.80,normalized_equivalent,normalized_equivalent,normalized_equivalent,ne_ndot_4093.80,,,,,ne_ndot_aup_calendar_2018 | ne_ndot_aup_calendar_2019 | ne_ndot_aup_calendar_2021 | ne_ndot_aup_calendar_2022 | ne_ndot_aup_calendar_2023 | ne_ndot_aup_calendar_2024 | ne_ndot_aup_july_june_2017_2018 | ne_ndot_aup_july_june_2019_2020 | ne_ndot_aup_july_june_2020_2021 | ne_ndot_aup_july_june_2021_2022 | ne_ndot_aup_july_june_2022_2023 | ne_ndot_aup_july_june_2023_2024 | ne_ndot_aup_july_june_2024_2025,,,,auto_resolved,Raw description or unit variants collapse under the conservative identity normalizer.
ne_ndot_identity_conflict_4093.85,4093.85,ne_ndot_4093.85,normalized_equivalent,normalized_equivalent,normalized_equivalent,ne_ndot_4093.85,,,,,ne_ndot_aup_calendar_2018 | ne_ndot_aup_calendar_2019 | ne_ndot_aup_calendar_2020 | ne_ndot_aup_calendar_2022 | ne_ndot_aup_calendar_2023 | ne_ndot_aup_july_june_2018_2019 | ne_ndot_aup_july_june_2019_2020 | ne_ndot_aup_july_june_2020_2021 | ne_ndot_aup_july_june_2022_2023 | ne_ndot_aup_july_june_2023_2024 | ne_ndot_aup_july_june_2025_2026,,,,auto_resolved,Raw description or unit variants collapse under the conservative identity normalizer.
ne_ndot_identity_conflict_4094.03,4094.03,ne_ndot_4094.03,normalized_equivalent,normalized_equivalent,normalized_equivalent,ne_ndot_4094.03,,,,,ne_ndot_aup_calendar_2018 | ne_ndot_aup_calendar_2019 | ne_ndot_aup_calendar_2020 | ne_ndot_aup_calendar_2022 | ne_ndot_aup_calendar_2024 | ne_ndot_aup_july_june_2017_2018 | ne_ndot_aup_july_june_2018_2019 | ne_ndot_aup_july_june_2019_2020 | ne_ndot_aup_july_june_2020_2021 | ne_ndot_aup_july_june_2021_2022 | ne_ndot_aup_july_june_2024_2025,,,,auto_resolved,Raw description or unit variants collapse under the conservative identity normalizer.
ne_ndot_identity_conflict_4094.75,4094.75,ne_ndot_4094.75,normalized_equivalent,normalized_equivalent,normalized_equivalent,ne_ndot_4094.75,,,,,ne_ndot_aup_calendar_2018 | ne_ndot_aup_july_june_2018_2019,,,,auto_resolved,Raw description or unit variants collapse under the conservative identity normalizer.
ne_ndot_identity_conflict_4095.00,4095.00,ne_ndot_4095.00,normalized_equivalent,normalized_equivalent,normalized_equivalent,ne_ndot_4095.00,,,,,ne_ndot_aup_calendar_2019 | ne_ndot_aup_calendar_2020 | ne_ndot_aup_calendar_2023 | ne_ndot_aup_calendar_2025 | ne_ndot_aup_july_june_2017_2018 | ne_ndot_aup_july_june_2018_2019 | ne_ndot_aup_july_june_2019_2020 | ne_ndot_aup_july_june_2020_2021 | ne_ndot_aup_july_june_2023_2024 | ne_ndot_aup_july_june_2025_2026,,,,auto_resolved,Raw description or unit variants collapse under the conservative identity normalizer.
ne_ndot_identity_conflict_4095.06,4095.06,ne_ndot_4095.06,stable_description_multi_unit,reviewed_multi_unit,needs_review,ne_ndot_4095.06,,,,,ne_ndot_aup_calendar_2025 | ne_ndot_aup_july_june_2017_2018 | ne_ndot_aup_july_june_2024_2025,,,,needs_review,Same identity candidate with multiple reported units; retain every raw unit and require unit-aware review.
ne_ndot_identity_conflict_4095.10,4095.10,ne_ndot_4095.10,normalized_equivalent,normalized_equivalent,normalized_equivalent,ne_ndot_4095.10,,,,,ne_ndot_aup_calendar_2019 | ne_ndot_aup_calendar_2020 | ne_ndot_aup_calendar_2023 | ne_ndot_aup_calendar_2025 | ne_ndot_aup_july_june_2017_2018 | ne_ndot_aup_july_june_2018_2019 | ne_ndot_aup_july_june_2019_2020 | ne_ndot_aup_july_june_2020_2021 | ne_ndot_aup_july_june_2023_2024 | ne_ndot_aup_july_june_2025_2026,,,,auto_resolved,Raw description or unit variants collapse under the conservative identity normalizer.
ne_ndot_identity_conflict_4095.12,4095.12,ne_ndot_4095.12,normalized_equivalent,normalized_equivalent,normalized_equivalent,ne_ndot_4095.12,,,,,ne_ndot_aup_calendar_2019 | ne_ndot_aup_calendar_2020 | ne_ndot_aup_july_june_2019_2020 | ne_ndot_aup_july_june_2020_2021,,,,auto_resolved,Raw description or unit variants collapse under the conservative identity normalizer.
ne_ndot_identity_conflict_4095.15,4095.15,ne_ndot_4095.15,normalized_equivalent,normalized_equivalent,normalized_equivalent,ne_ndot_4095.15,,,,,ne_ndot_aup_calendar_2018 | ne_ndot_aup_calendar_2019 | ne_ndot_aup_calendar_2020 | ne_ndot_aup_calendar_2021 | ne_ndot_aup_calendar_2022 | ne_ndot_aup_calendar_2023 | ne_ndot_aup_calendar_2024 | ne_ndot_aup_july_june_2017_2018 | ne_ndot_aup_july_june_2019_2020 | ne_ndot_aup_july_june_2020_2021 | ne_ndot_aup_july_june_2021_2022 | ne_ndot_aup_july_june_2022_2023 | ne_ndot_aup_july_june_2023_2024 | ne_ndot_aup_july_june_2024_2025,,,,auto_resolved,Raw description or unit variants collapse under the conservative identity normalizer.
ne_ndot_identity_conflict_4095.20,4095.20,ne_ndot_4095.20,normalized_equivalent,normalized_equivalent,normalized_equivalent,ne_ndot_4095.20,,,,,ne_ndot_aup_calendar_2019 | ne_ndot_aup_calendar_2020 | ne_ndot_aup_calendar_2023 | ne_ndot_aup_calendar_2025 | ne_ndot_aup_july_june_2017_2018 | ne_ndot_aup_july_june_2018_2019 | ne_ndot_aup_july_june_2019_2020 | ne_ndot_aup_july_june_2020_2021 | ne_ndot_aup_july_june_2023_2024 | ne_ndot_aup_july_june_2025_2026,,,,auto_resolved,Raw description or unit variants collapse under the conservative identity normalizer.
ne_ndot_identity_conflict_4095.50,4095.50,ne_ndot_4095.50,stable_description_multi_unit,reviewed_multi_unit,needs_review,ne_ndot_4095.50,,,,,ne_ndot_aup_calendar_2019 | ne_ndot_aup_july_june_2019_2020,,,,needs_review,Same identity candidate with multiple reported units; retain every raw unit and require unit-aware review.
ne_ndot_identity_conflict_4095.60,4095.60,ne_ndot_4095.60,normalized_equivalent,normalized_equivalent,normalized_equivalent,ne_ndot_4095.60,,,,,ne_ndot_aup_calendar_2018 | ne_ndot_aup_july_june_2018_2019,,,,auto_resolved,Raw description or unit variants collapse under the conservative identity normalizer.
ne_ndot_identity_conflict_4095.65,4095.65,ne_ndot_4095.65,normalized_equivalent,normalized_equivalent,normalized_equivalent,ne_ndot_4095.65,,,,,ne_ndot_aup_calendar_2018 | ne_ndot_aup_july_june_2018_2019,,,,auto_resolved,Raw description or unit variants collapse under the conservative identity normalizer.
ne_ndot_identity_conflict_4095.70,4095.70,ne_ndot_4095.70,normalized_equivalent,normalized_equivalent,normalized_equivalent,ne_ndot_4095.70,,,,,ne_ndot_aup_july_june_2017_2018,,,,auto_resolved,Raw description or unit variants collapse under the conservative identity normalizer.
ne_ndot_identity_conflict_4095.85,4095.85,ne_ndot_4095.85,normalized_equivalent,normalized_equivalent,normalized_equivalent,ne_ndot_4095.85,,,,,ne_ndot_aup_july_june_2017_2018,,,,auto_resolved,Raw description or unit variants collapse under the conservative identity normalizer.
ne_ndot_identity_conflict_4095.95,4095.95,ne_ndot_4095.95,normalized_equivalent,normalized_equivalent,normalized_equivalent,ne_ndot_4095.95,,,,,ne_ndot_aup_july_june_2017_2018,,,,auto_resolved,Raw description or unit variants collapse under the conservative identity normalizer.
ne_ndot_identity_conflict_4100.06,4100.06,ne_ndot_4100.06,normalized_equivalent,normalized_equivalent,normalized_equivalent,ne_ndot_4100.06,,,,,ne_ndot_aup_calendar_2018 | ne_ndot_aup_calendar_2019 | ne_ndot_aup_calendar_2020 | ne_ndot_aup_calendar_2021 | ne_ndot_aup_calendar_2022 | ne_ndot_aup_calendar_2023 | ne_ndot_aup_calendar_2024 | ne_ndot_aup_calendar_2025 | ne_ndot_aup_july_june_2017_2018 | ne_ndot_aup_july_june_2018_2019 | ne_ndot_aup_july_june_2019_2020 | ne_ndot_aup_july_june_2020_2021 | ne_ndot_aup_july_june_2021_2022 | ne_ndot_aup_july_june_2022_2023 | ne_ndot_aup_july_june_2023_2024 | ne_ndot_aup_july_june_2024_2025 | ne_ndot_aup_july_june_2025_2026,,,,auto_resolved,Raw description or unit variants collapse under the conservative identity normalizer.
ne_ndot_identity_conflict_4101.04,4101.04,ne_ndot_4101.04,normalized_equivalent,normalized_equivalent,normalized_equivalent,ne_ndot_4101.04,,,,,ne_ndot_aup_calendar_2018 | ne_ndot_aup_calendar_2020 | ne_ndot_aup_calendar_2021 | ne_ndot_aup_calendar_2024 | ne_ndot_aup_calendar_2025 | ne_ndot_aup_july_june_2018_2019 | ne_ndot_aup_july_june_2020_2021 | ne_ndot_aup_july_june_2023_2024 | ne_ndot_aup_july_june_2024_2025 | ne_ndot_aup_july_june_2025_2026,,,,auto_resolved,Raw description or unit variants collapse under the conservative identity normalizer.
ne_ndot_identity_conflict_4101.06,4101.06,ne_ndot_4101.06,normalized_equivalent,normalized_equivalent,normalized_equivalent,ne_ndot_4101.06,,,,,ne_ndot_aup_calendar_2018 | ne_ndot_aup_calendar_2019 | ne_ndot_aup_calendar_2020 | ne_ndot_aup_calendar_2021 | ne_ndot_aup_calendar_2022 | ne_ndot_aup_calendar_2023 | ne_ndot_aup_calendar_2024 | ne_ndot_aup_calendar_2025 | ne_ndot_aup_july_june_2017_2018 | ne_ndot_aup_july_june_2018_2019 | ne_ndot_aup_july_june_2019_2020 | ne_ndot_aup_july_june_2020_2021 | ne_ndot_aup_july_june_2021_2022 | ne_ndot_aup_july_june_2022_2023 | ne_ndot_aup_july_june_2023_2024 | ne_ndot_aup_july_june_2024_2025 | ne_ndot_aup_july_june_2025_2026,,,,auto_resolved,Raw description or unit variants collapse under the conservative identity normalizer.
ne_ndot_identity_conflict_4101.50,4101.50,ne_ndot_4101.50,normalized_equivalent,normalized_equivalent,normalized_equivalent,ne_ndot_4101.50,,,,,ne_ndot_aup_calendar_2020 | ne_ndot_aup_calendar_2021 | ne_ndot_aup_calendar_2024 | ne_ndot_aup_calendar_2025 | ne_ndot_aup_july_june_2020_2021 | ne_ndot_aup_july_june_2021_2022 | ne_ndot_aup_july_june_2023_2024 | ne_ndot_aup_july_june_2025_2026,,,,auto_resolved,Raw description or unit variants collapse under the conservative identity normalizer.
ne_ndot_identity_conflict_4102.03,4102.03,ne_ndot_4102.03,normalized_equivalent,normalized_equivalent,normalized_equivalent,ne_ndot_4102.03,,,,,ne_ndot_aup_calendar_2019 | ne_ndot_aup_calendar_2020 | ne_ndot_aup_calendar_2021 | ne_ndot_aup_calendar_2022 | ne_ndot_aup_calendar_2025 | ne_ndot_aup_july_june_2019_2020 | ne_ndot_aup_july_june_2020_2021 | ne_ndot_aup_july_june_2021_2022 | ne_ndot_aup_july_june_2022_2023 | ne_ndot_aup_july_june_2025_2026,,,,auto_resolved,Raw description or unit variants collapse under the conservative identity normalizer.
ne_ndot_identity_conflict_4102.04,4102.04,ne_ndot_4102.04,normalized_equivalent,normalized_equivalent,normalized_equivalent,ne_ndot_4102.04,,,,,ne_ndot_aup_calendar_2018 | ne_ndot_aup_calendar_2020 | ne_ndot_aup_calendar_2024 | ne_ndot_aup_calendar_2025 | ne_ndot_aup_july_june_2017_2018 | ne_ndot_aup_july_june_2018_2019 | ne_ndot_aup_july_june_2020_2021 | ne_ndot_aup_july_june_2023_2024 | ne_ndot_aup_july_june_2025_2026,,,,auto_resolved,Raw description or unit variants collapse under the conservative identity normalizer.
ne_ndot_identity_conflict_4102.08,4102.08,ne_ndot_4102.08,normalized_equivalent,normalized_equivalent,normalized_equivalent,ne_ndot_4102.08,,,,,ne_ndot_aup_calendar_2020 | ne_ndot_aup_july_june_2020_2021,,,,auto_resolved,Raw description or unit variants collapse under the conservative identity normalizer.
ne_ndot_identity_conflict_4102.09,4102.09,ne_ndot_4102.09,normalized_equivalent,normalized_equivalent,normalized_equivalent,ne_ndot_4102.09,,,,,ne_ndot_aup_calendar_2021,,,,auto_resolved,Raw description or unit variants collapse under the conservative identity normalizer.
ne_ndot_identity_conflict_4102.20,4102.20,ne_ndot_4102.20,normalized_equivalent,normalized_equivalent,normalized_equivalent,ne_ndot_4102.20,,,,,ne_ndot_aup_calendar_2020 | ne_ndot_aup_calendar_2023 | ne_ndot_aup_calendar_2025 | ne_ndot_aup_july_june_2019_2020 | ne_ndot_aup_july_june_2023_2024 | ne_ndot_aup_july_june_2025_2026,,,,auto_resolved,Raw description or unit variants collapse under the conservative identity normalizer.
ne_ndot_identity_conflict_4103.06,4103.06,ne_ndot_4103.06,normalized_equivalent,normalized_equivalent,normalized_equivalent,ne_ndot_4103.06,,,,,ne_ndot_aup_calendar_2019 | ne_ndot_aup_calendar_2020 | ne_ndot_aup_calendar_2021 | ne_ndot_aup_calendar_2023 | ne_ndot_aup_calendar_2024 | ne_ndot_aup_calendar_2025 | ne_ndot_aup_july_june_2018_2019 | ne_ndot_aup_july_june_2019_2020 | ne_ndot_aup_july_june_2021_2022 | ne_ndot_aup_july_june_2023_2024 | ne_ndot_aup_july_june_2024_2025 | ne_ndot_aup_july_june_2025_2026,,,,auto_resolved,Raw description or unit variants collapse under the conservative identity normalizer.
ne_ndot_identity_conflict_4105.59,4105.59,ne_ndot_4105.59,normalized_equivalent,normalized_equivalent,normalized_equivalent,ne_ndot_4105.59,,,,,ne_ndot_aup_calendar_2018 | ne_ndot_aup_calendar_2019 | ne_ndot_aup_calendar_2020 | ne_ndot_aup_calendar_2021 | ne_ndot_aup_calendar_2022 | ne_ndot_aup_calendar_2023 | ne_ndot_aup_calendar_2024 | ne_ndot_aup_calendar_2025 | ne_ndot_aup_july_june_2017_2018 | ne_ndot_aup_july_june_2018_2019 | ne_ndot_aup_july_june_2019_2020 | ne_ndot_aup_july_june_2020_2021 | ne_ndot_aup_july_june_2021_2022 | ne_ndot_aup_july_june_2022_2023 | ne_ndot_aup_july_june_2023_2024 | ne_ndot_aup_july_june_2024_2025 | ne_ndot_aup_july_june_2025_2026,,,,auto_resolved,Raw description or unit variants collapse under the conservative identity normalizer.
ne_ndot_identity_conflict_4107.07,4107.07,ne_ndot_4107.07,normalized_equivalent,normalized_equivalent,normalized_equivalent,ne_ndot_4107.07,,,,,ne_ndot_aup_calendar_2018 | ne_ndot_aup_calendar_2019 | ne_ndot_aup_calendar_2020 | ne_ndot_aup_calendar_2021 | ne_ndot_aup_calendar_2022 | ne_ndot_aup_calendar_2023 | ne_ndot_aup_calendar_2024 | ne_ndot_aup_calendar_2025 | ne_ndot_aup_july_june_2017_2018 | ne_ndot_aup_july_june_2018_2019 | ne_ndot_aup_july_june_2019_2020 | ne_ndot_aup_july_june_2020_2021 | ne_ndot_aup_july_june_2021_2022 | ne_ndot_aup_july_june_2022_2023 | ne_ndot_aup_july_june_2023_2024 | ne_ndot_aup_july_june_2024_2025 | ne_ndot_aup_july_june_2025_2026,,,,auto_resolved,Raw description or unit variants collapse under the conservative identity normalizer.
ne_ndot_identity_conflict_4107.50,4107.50,ne_ndot_4107.50,normalized_equivalent,normalized_equivalent,normalized_equivalent,ne_ndot_4107.50,,,,,ne_ndot_aup_calendar_2023 | ne_ndot_aup_calendar_2024 | ne_ndot_aup_july_june_2017_2018 | ne_ndot_aup_july_june_2023_2024,,,,auto_resolved,Raw description or unit variants collapse under the conservative identity normalizer.
ne_ndot_identity_conflict_4109.20,4109.20,ne_ndot_4109.20,normalized_equivalent,normalized_equivalent,normalized_equivalent,ne_ndot_4109.20,,,,,ne_ndot_aup_july_june_2017_2018,,,,auto_resolved,Raw description or unit variants collapse under the conservative identity normalizer.
ne_ndot_identity_conflict_4115.24,4115.24,ne_ndot_4115.24,normalized_equivalent,normalized_equivalent,normalized_equivalent,ne_ndot_4115.24,,,,,ne_ndot_aup_calendar_2019 | ne_ndot_aup_july_june_2019_2020,,,,auto_resolved,Raw description or unit variants collapse under the conservative identity normalizer.
ne_ndot_identity_conflict_4115.25,4115.25,ne_ndot_4115.25,normalized_equivalent,normalized_equivalent,normalized_equivalent,ne_ndot_4115.25,,,,,ne_ndot_aup_calendar_2018 | ne_ndot_aup_calendar_2020 | ne_ndot_aup_calendar_2022 | ne_ndot_aup_calendar_2025 | ne_ndot_aup_july_june_2018_2019 | ne_ndot_aup_july_june_2020_2021 | ne_ndot_aup_july_june_2021_2022 | ne_ndot_aup_july_june_2025_2026,,,,auto_resolved,Raw description or unit variants collapse under the conservative identity normalizer.
ne_ndot_identity_conflict_4115.26,4115.26,ne_ndot_4115.26,normalized_equivalent,normalized_equivalent,normalized_equivalent,ne_ndot_4115.26,,,,,ne_ndot_aup_calendar_2023 | ne_ndot_aup_july_june_2023_2024,,,,auto_resolved,Raw description or unit variants collapse under the conservative identity normalizer.
ne_ndot_identity_conflict_4120.06,4120.06,ne_ndot_4120.06,normalized_equivalent,normalized_equivalent,normalized_equivalent,ne_ndot_4120.06,,,,,ne_ndot_aup_calendar_2019 | ne_ndot_aup_calendar_2022 | ne_ndot_aup_calendar_2025 | ne_ndot_aup_july_june_2018_2019 | ne_ndot_aup_july_june_2019_2020 | ne_ndot_aup_july_june_2022_2023 | ne_ndot_aup_july_june_2025_2026,,,,auto_resolved,Raw description or unit variants collapse under the conservative identity normalizer.
ne_ndot_identity_conflict_4130.06,4130.06,ne_ndot_4130.06,normalized_equivalent,normalized_equivalent,normalized_equivalent,ne_ndot_4130.06,,,,,ne_ndot_aup_calendar_2018 | ne_ndot_aup_calendar_2019 | ne_ndot_aup_calendar_2020 | ne_ndot_aup_calendar_2021 | ne_ndot_aup_calendar_2022 | ne_ndot_aup_calendar_2023 | ne_ndot_aup_calendar_2025 | ne_ndot_aup_july_june_2017_2018 | ne_ndot_aup_july_june_2018_2019 | ne_ndot_aup_july_june_2019_2020 | ne_ndot_aup_july_june_2020_2021 | ne_ndot_aup_july_june_2021_2022 | ne_ndot_aup_july_june_2022_2023 | ne_ndot_aup_july_june_2023_2024 | ne_ndot_aup_july_june_2025_2026,,,,auto_resolved,Raw description or unit variants collapse under the conservative identity normalizer.
ne_ndot_identity_conflict_4150.00,4150.00,ne_ndot_4150.00,normalized_equivalent,normalized_equivalent,normalized_equivalent,ne_ndot_4150.00,,,,,ne_ndot_aup_calendar_2018 | ne_ndot_aup_calendar_2019 | ne_ndot_aup_calendar_2020 | ne_ndot_aup_calendar_2021 | ne_ndot_aup_calendar_2022 | ne_ndot_aup_calendar_2023 | ne_ndot_aup_calendar_2024 | ne_ndot_aup_calendar_2025 | ne_ndot_aup_july_june_2017_2018 | ne_ndot_aup_july_june_2018_2019 | ne_ndot_aup_july_june_2019_2020 | ne_ndot_aup_july_june_2020_2021 | ne_ndot_aup_july_june_2021_2022 | ne_ndot_aup_july_june_2022_2023 | ne_ndot_aup_july_june_2023_2024 | ne_ndot_aup_july_june_2024_2025 | ne_ndot_aup_july_june_2025_2026,,,,auto_resolved,Raw description or unit variants collapse under the conservative identity normalizer.
ne_ndot_identity_conflict_4150.02,4150.02,ne_ndot_4150.02,normalized_equivalent,normalized_equivalent,normalized_equivalent,ne_ndot_4150.02,,,,,ne_ndot_aup_calendar_2018 | ne_ndot_aup_calendar_2019 | ne_ndot_aup_july_june_2018_2019 | ne_ndot_aup_july_june_2019_2020,,,,auto_resolved,Raw description or unit variants collapse under the conservative identity normalizer.
ne_ndot_identity_conflict_4151.00,4151.00,ne_ndot_4151.00,normalized_equivalent,normalized_equivalent,normalized_equivalent,ne_ndot_4151.00,,,,,ne_ndot_aup_calendar_2018 | ne_ndot_aup_calendar_2019 | ne_ndot_aup_calendar_2020 | ne_ndot_aup_calendar_2021 | ne_ndot_aup_calendar_2022 | ne_ndot_aup_calendar_2023 | ne_ndot_aup_calendar_2024 | ne_ndot_aup_calendar_2025 | ne_ndot_aup_july_june_2017_2018 | ne_ndot_aup_july_june_2018_2019 | ne_ndot_aup_july_june_2019_2020 | ne_ndot_aup_july_june_2020_2021 | ne_ndot_aup_july_june_2021_2022 | ne_ndot_aup_july_june_2022_2023 | ne_ndot_aup_july_june_2023_2024 | ne_ndot_aup_july_june_2024_2025 | ne_ndot_aup_july_june_2025_2026,,,,auto_resolved,Raw description or unit variants collapse under the conservative identity normalizer.
ne_ndot_identity_conflict_4151.10,4151.10,ne_ndot_4151.10,normalized_equivalent,normalized_equivalent,normalized_equivalent,ne_ndot_4151.10,,,,,ne_ndot_aup_calendar_2019 | ne_ndot_aup_calendar_2021 | ne_ndot_aup_calendar_2022 | ne_ndot_aup_calendar_2025 | ne_ndot_aup_july_june_2019_2020 | ne_ndot_aup_july_june_2020_2021 | ne_ndot_aup_july_june_2021_2022 | ne_ndot_aup_july_june_2024_2025 | ne_ndot_aup_july_june_2025_2026,,,,auto_resolved,Raw description or unit variants collapse under the conservative identity normalizer.
ne_ndot_identity_conflict_4151.50,4151.50,ne_ndot_4151.50,normalized_equivalent,normalized_equivalent,normalized_equivalent,ne_ndot_4151.50,,,,,ne_ndot_aup_calendar_2020 | ne_ndot_aup_calendar_2021 | ne_ndot_aup_calendar_2024 | ne_ndot_aup_calendar_2025 | ne_ndot_aup_july_june_2020_2021 | ne_ndot_aup_july_june_2021_2022 | ne_ndot_aup_july_june_2023_2024 | ne_ndot_aup_july_june_2025_2026,,,,auto_resolved,Raw description or unit variants collapse under the conservative identity normalizer.
ne_ndot_identity_conflict_4152.00,4152.00,ne_ndot_4152.00,normalized_equivalent,normalized_equivalent,normalized_equivalent,ne_ndot_4152.00,,,,,ne_ndot_aup_calendar_2020 | ne_ndot_aup_calendar_2021 | ne_ndot_aup_calendar_2025 | ne_ndot_aup_july_june_2019_2020 | ne_ndot_aup_july_june_2020_2021 | ne_ndot_aup_july_june_2025_2026,,,,auto_resolved,Raw description or unit variants collapse under the conservative identity normalizer.
ne_ndot_identity_conflict_4152.20,4152.20,ne_ndot_4152.20,normalized_equivalent,normalized_equivalent,normalized_equivalent,ne_ndot_4152.20,,,,,ne_ndot_aup_calendar_2018 | ne_ndot_aup_calendar_2019 | ne_ndot_aup_calendar_2020 | ne_ndot_aup_calendar_2021 | ne_ndot_aup_calendar_2022 | ne_ndot_aup_calendar_2025 | ne_ndot_aup_july_june_2017_2018 | ne_ndot_aup_july_june_2018_2019 | ne_ndot_aup_july_june_2019_2020 | ne_ndot_aup_july_june_2020_2021 | ne_ndot_aup_july_june_2022_2023 | ne_ndot_aup_july_june_2025_2026,,,,auto_resolved,Raw description or unit variants collapse under the conservative identity normalizer.
ne_ndot_identity_conflict_4152.25,4152.25,ne_ndot_4152.25,normalized_equivalent,normalized_equivalent,normalized_equivalent,ne_ndot_4152.25,,,,,ne_ndot_aup_calendar_2020 | ne_ndot_aup_calendar_2023 | ne_ndot_aup_calendar_2025 | ne_ndot_aup_july_june_2019_2020 | ne_ndot_aup_july_june_2023_2024 | ne_ndot_aup_july_june_2025_2026,,,,auto_resolved,Raw description or unit variants collapse under the conservative identity normalizer.
ne_ndot_identity_conflict_4153.00,4153.00,ne_ndot_4153.00,normalized_equivalent,normalized_equivalent,normalized_equivalent,ne_ndot_4153.00,,,,,ne_ndot_aup_calendar_2021 | ne_ndot_aup_calendar_2023 | ne_ndot_aup_july_june_2023_2024,,,,auto_resolved,Raw description or unit variants collapse under the conservative identity normalizer.
ne_ndot_identity_conflict_4154.50,4154.50,ne_ndot_4154.50,normalized_equivalent,normalized_equivalent,normalized_equivalent,ne_ndot_4154.50,,,,,ne_ndot_aup_calendar_2023 | ne_ndot_aup_calendar_2024 | ne_ndot_aup_july_june_2017_2018 | ne_ndot_aup_july_june_2023_2024,,,,auto_resolved,Raw description or unit variants collapse under the conservative identity normalizer.
ne_ndot_identity_conflict_4155.50,4155.50,ne_ndot_4155.50,normalized_equivalent,normalized_equivalent,normalized_equivalent,ne_ndot_4155.50,,,,,ne_ndot_aup_calendar_2018 | ne_ndot_aup_calendar_2019 | ne_ndot_aup_calendar_2020 | ne_ndot_aup_calendar_2021 | ne_ndot_aup_calendar_2022 | ne_ndot_aup_calendar_2023 | ne_ndot_aup_calendar_2024 | ne_ndot_aup_calendar_2025 | ne_ndot_aup_july_june_2017_2018 | ne_ndot_aup_july_june_2018_2019 | ne_ndot_aup_july_june_2019_2020 | ne_ndot_aup_july_june_2020_2021 | ne_ndot_aup_july_june_2021_2022 | ne_ndot_aup_july_june_2022_2023 | ne_ndot_aup_july_june_2023_2024 | ne_ndot_aup_july_june_2024_2025 | ne_ndot_aup_july_june_2025_2026,,,,auto_resolved,Raw description or unit variants collapse under the conservative identity normalizer.
ne_ndot_identity_conflict_4155.55,4155.55,ne_ndot_4155.55,normalized_equivalent,normalized_equivalent,normalized_equivalent,ne_ndot_4155.55,,,,,ne_ndot_aup_calendar_2020 | ne_ndot_aup_july_june_2017_2018 | ne_ndot_aup_july_june_2020_2021,,,,auto_resolved,Raw description or unit variants collapse under the conservative identity normalizer.
ne_ndot_identity_conflict_4157.00,4157.00,ne_ndot_4157.00,normalized_equivalent,normalized_equivalent,normalized_equivalent,ne_ndot_4157.00,,,,,ne_ndot_aup_calendar_2018 | ne_ndot_aup_calendar_2019 | ne_ndot_aup_calendar_2020 | ne_ndot_aup_calendar_2021 | ne_ndot_aup_calendar_2022 | ne_ndot_aup_calendar_2023 | ne_ndot_aup_calendar_2024 | ne_ndot_aup_calendar_2025 | ne_ndot_aup_july_june_2017_2018 | ne_ndot_aup_july_june_2018_2019 | ne_ndot_aup_july_june_2019_2020 | ne_ndot_aup_july_june_2020_2021 | ne_ndot_aup_july_june_2021_2022 | ne_ndot_aup_july_june_2022_2023 | ne_ndot_aup_july_june_2023_2024 | ne_ndot_aup_july_june_2024_2025 | ne_ndot_aup_july_june_2025_2026,,,,auto_resolved,Raw description or unit variants collapse under the conservative identity normalizer.
ne_ndot_identity_conflict_4159.00,4159.00,ne_ndot_4159.00,normalized_equivalent,normalized_equivalent,normalized_equivalent,ne_ndot_4159.00,,,,,ne_ndot_aup_july_june_2017_2018,,,,auto_resolved,Raw description or unit variants collapse under the conservative identity normalizer.
ne_ndot_identity_conflict_4159.55,4159.55,ne_ndot_4159.55,normalized_equivalent,normalized_equivalent,normalized_equivalent,ne_ndot_4159.55,,,,,ne_ndot_aup_calendar_2019 | ne_ndot_aup_calendar_2020 | ne_ndot_aup_calendar_2021 | ne_ndot_aup_calendar_2022 | ne_ndot_aup_calendar_2023 | ne_ndot_aup_calendar_2024 | ne_ndot_aup_calendar_2025 | ne_ndot_aup_july_june_2017_2018 | ne_ndot_aup_july_june_2019_2020 | ne_ndot_aup_july_june_2020_2021 | ne_ndot_aup_july_june_2021_2022 | ne_ndot_aup_july_june_2022_2023 | ne_ndot_aup_july_june_2023_2024 | ne_ndot_aup_july_june_2024_2025 | ne_ndot_aup_july_june_2025_2026,,,,auto_resolved,Raw description or unit variants collapse under the conservative identity normalizer.
ne_ndot_identity_conflict_4163.00,4163.00,ne_ndot_4163.00,normalized_equivalent,normalized_equivalent,normalized_equivalent,ne_ndot_4163.00,,,,,ne_ndot_aup_calendar_2018 | ne_ndot_aup_july_june_2018_2019,,,,auto_resolved,Raw description or unit variants collapse under the conservative identity normalizer.
ne_ndot_identity_conflict_4163.25,4163.25,ne_ndot_4163.25,normalized_equivalent,normalized_equivalent,normalized_equivalent,ne_ndot_4163.25,,,,,ne_ndot_aup_calendar_2021 | ne_ndot_aup_calendar_2022 | ne_ndot_aup_calendar_2023 | ne_ndot_aup_calendar_2024 | ne_ndot_aup_calendar_2025 | ne_ndot_aup_july_june_2021_2022 | ne_ndot_aup_july_june_2022_2023 | ne_ndot_aup_july_june_2023_2024 | ne_ndot_aup_july_june_2024_2025 | ne_ndot_aup_july_june_2025_2026,,,,auto_resolved,Raw description or unit variants collapse under the conservative identity normalizer.
ne_ndot_identity_conflict_4165.00,4165.00,ne_ndot_4165.00,normalized_equivalent,normalized_equivalent,normalized_equivalent,ne_ndot_4165.00,,,,,ne_ndot_aup_calendar_2018 | ne_ndot_aup_calendar_2019 | ne_ndot_aup_calendar_2020 | ne_ndot_aup_calendar_2021 | ne_ndot_aup_calendar_2024 | ne_ndot_aup_july_june_2018_2019 | ne_ndot_aup_july_june_2019_2020 | ne_ndot_aup_july_june_2021_2022 | ne_ndot_aup_july_june_2024_2025,,,,auto_resolved,Raw description or unit variants collapse under the conservative identity normalizer.
ne_ndot_identity_conflict_4300.06,4300.06,ne_ndot_4300.06,normalized_equivalent,normalized_equivalent,normalized_equivalent,ne_ndot_4300.06,,,,,ne_ndot_aup_calendar_2020 | ne_ndot_aup_calendar_2022 | ne_ndot_aup_july_june_2020_2021 | ne_ndot_aup_july_june_2022_2023,,,,auto_resolved,Raw description or unit variants collapse under the conservative identity normalizer.
ne_ndot_identity_conflict_4300.18,4300.18,ne_ndot_4300.18,normalized_equivalent,normalized_equivalent,normalized_equivalent,ne_ndot_4300.18,,,,,ne_ndot_aup_calendar_2023 | ne_ndot_aup_july_june_2023_2024,,,,auto_resolved,Raw description or unit variants collapse under the conservative identity normalizer.
ne_ndot_identity_conflict_4300.21,4300.21,ne_ndot_4300.21,normalized_equivalent,normalized_equivalent,normalized_equivalent,ne_ndot_4300.21,,,,,ne_ndot_aup_calendar_2019 | ne_ndot_aup_july_june_2018_2019,,,,auto_resolved,Raw description or unit variants collapse under the conservative identity normalizer.
ne_ndot_identity_conflict_4300.24,4300.24,ne_ndot_4300.24,normalized_equivalent,normalized_equivalent,normalized_equivalent,ne_ndot_4300.24,,,,,ne_ndot_aup_calendar_2018 | ne_ndot_aup_july_june_2018_2019,,,,auto_resolved,Raw description or unit variants collapse under the conservative identity normalizer.
ne_ndot_identity_conflict_4305.18,4305.18,ne_ndot_4305.18,normalized_equivalent,normalized_equivalent,normalized_equivalent,ne_ndot_4305.18,,,,,ne_ndot_aup_calendar_2019 | ne_ndot_aup_july_june_2018_2019,,,,auto_resolved,Raw description or unit variants collapse under the conservative identity normalizer.
ne_ndot_identity_conflict_4305.30,4305.30,ne_ndot_4305.30,normalized_equivalent,normalized_equivalent,normalized_equivalent,ne_ndot_4305.30,,,,,ne_ndot_aup_calendar_2024 | ne_ndot_aup_july_june_2023_2024,,,,auto_resolved,Raw description or unit variants collapse under the conservative identity normalizer.
ne_ndot_identity_conflict_4305.36,4305.36,ne_ndot_4305.36,normalized_equivalent,normalized_equivalent,normalized_equivalent,ne_ndot_4305.36,,,,,ne_ndot_aup_calendar_2021 | ne_ndot_aup_july_june_2021_2022,,,,auto_resolved,Raw description or unit variants collapse under the conservative identity normalizer.
ne_ndot_identity_conflict_4320.80,4320.80,ne_ndot_4320.80,stable_description_multi_unit,reviewed_multi_unit,needs_review,ne_ndot_4320.80,,,,,ne_ndot_aup_calendar_2020 | ne_ndot_aup_calendar_2021 | ne_ndot_aup_calendar_2022 | ne_ndot_aup_calendar_2024 | ne_ndot_aup_calendar_2025 | ne_ndot_aup_july_june_2020_2021 | ne_ndot_aup_july_june_2021_2022 | ne_ndot_aup_july_june_2024_2025 | ne_ndot_aup_july_june_2025_2026,,,,needs_review,Same identity candidate with multiple reported units; retain every raw unit and require unit-aware review.
ne_ndot_identity_conflict_4350.21,4350.21,ne_ndot_4350.21,normalized_equivalent,normalized_equivalent,normalized_equivalent,ne_ndot_4350.21,,,,,ne_ndot_aup_calendar_2023 | ne_ndot_aup_july_june_2023_2024,,,,auto_resolved,Raw description or unit variants collapse under the conservative identity normalizer.
ne_ndot_identity_conflict_4350.24,4350.24,ne_ndot_4350.24,normalized_equivalent,normalized_equivalent,normalized_equivalent,ne_ndot_4350.24,,,,,ne_ndot_aup_calendar_2019 | ne_ndot_aup_calendar_2020 | ne_ndot_aup_calendar_2025 | ne_ndot_aup_july_june_2018_2019 | ne_ndot_aup_july_june_2019_2020 | ne_ndot_aup_july_june_2020_2021 | ne_ndot_aup_july_june_2025_2026,,,,auto_resolved,Raw description or unit variants collapse under the conservative identity normalizer.
ne_ndot_identity_conflict_4350.36,4350.36,ne_ndot_4350.36,normalized_equivalent,normalized_equivalent,normalized_equivalent,ne_ndot_4350.36,,,,,ne_ndot_aup_calendar_2020 | ne_ndot_aup_july_june_2020_2021,,,,auto_resolved,Raw description or unit variants collapse under the conservative identity normalizer.
ne_ndot_identity_conflict_4350.42,4350.42,ne_ndot_4350.42,normalized_equivalent,normalized_equivalent,normalized_equivalent,ne_ndot_4350.42,,,,,ne_ndot_aup_calendar_2020 | ne_ndot_aup_july_june_2020_2021,,,,auto_resolved,Raw description or unit variants collapse under the conservative identity normalizer.
ne_ndot_identity_conflict_4355.96,4355.96,ne_ndot_4355.96,normalized_equivalent,normalized_equivalent,normalized_equivalent,ne_ndot_4355.96,,,,,ne_ndot_aup_calendar_2021 | ne_ndot_aup_july_june_2021_2022,,,,auto_resolved,Raw description or unit variants collapse under the conservative identity normalizer.
ne_ndot_identity_conflict_4450.12,4450.12,ne_ndot_4450.12,normalized_equivalent,normalized_equivalent,normalized_equivalent,ne_ndot_4450.12,,,,,ne_ndot_aup_calendar_2020 | ne_ndot_aup_july_june_2019_2020 | ne_ndot_aup_july_june_2020_2021,,,,auto_resolved,Raw description or unit variants collapse under the conservative identity normalizer.
ne_ndot_identity_conflict_4450.15,4450.15,ne_ndot_4450.15,normalized_equivalent,normalized_equivalent,normalized_equivalent,ne_ndot_4450.15,,,,,ne_ndot_aup_calendar_2018 | ne_ndot_aup_calendar_2020 | ne_ndot_aup_calendar_2023 | ne_ndot_aup_july_june_2018_2019 | ne_ndot_aup_july_june_2019_2020 | ne_ndot_aup_july_june_2020_2021 | ne_ndot_aup_july_june_2022_2023,,,,auto_resolved,Raw description or unit variants collapse under the conservative identity normalizer.
ne_ndot_identity_conflict_4450.18,4450.18,ne_ndot_4450.18,normalized_equivalent,normalized_equivalent,normalized_equivalent,ne_ndot_4450.18,,,,,ne_ndot_aup_calendar_2018 | ne_ndot_aup_calendar_2020 | ne_ndot_aup_july_june_2018_2019 | ne_ndot_aup_july_june_2020_2021,,,,auto_resolved,Raw description or unit variants collapse under the conservative identity normalizer.
ne_ndot_identity_conflict_4450.24,4450.24,ne_ndot_4450.24,normalized_equivalent,normalized_equivalent,normalized_equivalent,ne_ndot_4450.24,,,,,ne_ndot_aup_calendar_2018 | ne_ndot_aup_calendar_2020 | ne_ndot_aup_july_june_2018_2019 | ne_ndot_aup_july_june_2020_2021,,,,auto_resolved,Raw description or unit variants collapse under the conservative identity normalizer.
ne_ndot_identity_conflict_4450.30,4450.30,ne_ndot_4450.30,normalized_equivalent,normalized_equivalent,normalized_equivalent,ne_ndot_4450.30,,,,,ne_ndot_aup_calendar_2018 | ne_ndot_aup_calendar_2020 | ne_ndot_aup_july_june_2018_2019 | ne_ndot_aup_july_june_2020_2021,,,,auto_resolved,Raw description or unit variants collapse under the conservative identity normalizer.
ne_ndot_identity_conflict_4450.36,4450.36,ne_ndot_4450.36,normalized_equivalent,normalized_equivalent,normalized_equivalent,ne_ndot_4450.36,,,,,ne_ndot_aup_calendar_2018 | ne_ndot_aup_calendar_2020 | ne_ndot_aup_july_june_2018_2019 | ne_ndot_aup_july_june_2020_2021,,,,auto_resolved,Raw description or unit variants collapse under the conservative identity normalizer.
ne_ndot_identity_conflict_4450.42,4450.42,ne_ndot_4450.42,normalized_equivalent,normalized_equivalent,normalized_equivalent,ne_ndot_4450.42,,,,,ne_ndot_aup_calendar_2020 | ne_ndot_aup_july_june_2020_2021,,,,auto_resolved,Raw description or unit variants collapse under the conservative identity normalizer.
ne_ndot_identity_conflict_4451.18,4451.18,ne_ndot_4451.18,normalized_equivalent,normalized_equivalent,normalized_equivalent,ne_ndot_4451.18,,,,,ne_ndot_aup_calendar_2020 | ne_ndot_aup_july_june_2020_2021,,,,auto_resolved,Raw description or unit variants collapse under the conservative identity normalizer.
ne_ndot_identity_conflict_4451.36,4451.36,ne_ndot_4451.36,normalized_equivalent,normalized_equivalent,normalized_equivalent,ne_ndot_4451.36,,,,,ne_ndot_aup_calendar_2020 | ne_ndot_aup_july_june_2020_2021,,,,auto_resolved,Raw description or unit variants collapse under the conservative identity normalizer.
ne_ndot_identity_conflict_4600.12,4600.12,ne_ndot_4600.12,normalized_equivalent,normalized_equivalent,normalized_equivalent,ne_ndot_4600.12,,,,,ne_ndot_aup_calendar_2019 | ne_ndot_aup_july_june_2018_2019,,,,auto_resolved,Raw description or unit variants collapse under the conservative identity normalizer.
ne_ndot_identity_conflict_4600.15,4600.15,ne_ndot_4600.15,normalized_equivalent,normalized_equivalent,normalized_equivalent,ne_ndot_4600.15,,,,,ne_ndot_aup_calendar_2018 | ne_ndot_aup_july_june_2018_2019,,,,auto_resolved,Raw description or unit variants collapse under the conservative identity normalizer.
ne_ndot_identity_conflict_4600.18,4600.18,ne_ndot_4600.18,normalized_equivalent,normalized_equivalent,normalized_equivalent,ne_ndot_4600.18,,,,,ne_ndot_aup_calendar_2018 | ne_ndot_aup_calendar_2019 | ne_ndot_aup_july_june_2018_2019,,,,auto_resolved,Raw description or unit variants collapse under the conservative identity normalizer.
ne_ndot_identity_conflict_4600.24,4600.24,ne_ndot_4600.24,normalized_equivalent,normalized_equivalent,normalized_equivalent,ne_ndot_4600.24,,,,,ne_ndot_aup_calendar_2018 | ne_ndot_aup_july_june_2018_2019,,,,auto_resolved,Raw description or unit variants collapse under the conservative identity normalizer.
ne_ndot_identity_conflict_4600.30,4600.30,ne_ndot_4600.30,normalized_equivalent,normalized_equivalent,normalized_equivalent,ne_ndot_4600.30,,,,,ne_ndot_aup_calendar_2018 | ne_ndot_aup_july_june_2018_2019,,,,auto_resolved,Raw description or unit variants collapse under the conservative identity normalizer.
ne_ndot_identity_conflict_4600.36,4600.36,ne_ndot_4600.36,normalized_equivalent,normalized_equivalent,normalized_equivalent,ne_ndot_4600.36,,,,,ne_ndot_aup_calendar_2018 | ne_ndot_aup_july_june_2018_2019,,,,auto_resolved,Raw description or unit variants collapse under the conservative identity normalizer.
ne_ndot_identity_conflict_4600.42,4600.42,ne_ndot_4600.42,normalized_equivalent,normalized_equivalent,normalized_equivalent,ne_ndot_4600.42,,,,,ne_ndot_aup_calendar_2018 | ne_ndot_aup_july_june_2018_2019,,,,auto_resolved,Raw description or unit variants collapse under the conservative identity normalizer.
ne_ndot_identity_conflict_4600.48,4600.48,ne_ndot_4600.48,normalized_equivalent,normalized_equivalent,normalized_equivalent,ne_ndot_4600.48,,,,,ne_ndot_aup_calendar_2018 | ne_ndot_aup_july_june_2018_2019,,,,auto_resolved,Raw description or unit variants collapse under the conservative identity normalizer.
ne_ndot_identity_conflict_4600.60,4600.60,ne_ndot_4600.60,normalized_equivalent,normalized_equivalent,normalized_equivalent,ne_ndot_4600.60,,,,,ne_ndot_aup_calendar_2018 | ne_ndot_aup_july_june_2018_2019,,,,auto_resolved,Raw description or unit variants collapse under the conservative identity normalizer.
ne_ndot_identity_conflict_4601.36,4601.36,ne_ndot_4601.36,normalized_equivalent,normalized_equivalent,normalized_equivalent,ne_ndot_4601.36,,,,,ne_ndot_aup_calendar_2018 | ne_ndot_aup_july_june_2018_2019,,,,auto_resolved,Raw description or unit variants collapse under the conservative identity normalizer.
ne_ndot_identity_conflict_4602.48,4602.48,ne_ndot_4602.48,normalized_equivalent,normalized_equivalent,normalized_equivalent,ne_ndot_4602.48,,,,,ne_ndot_aup_calendar_2018 | ne_ndot_aup_july_june_2018_2019,,,,auto_resolved,Raw description or unit variants collapse under the conservative identity normalizer.
ne_ndot_identity_conflict_4602.60,4602.60,ne_ndot_4602.60,normalized_equivalent,normalized_equivalent,normalized_equivalent,ne_ndot_4602.60,,,,,ne_ndot_aup_calendar_2018 | ne_ndot_aup_july_june_2018_2019,,,,auto_resolved,Raw description or unit variants collapse under the conservative identity normalizer.
ne_ndot_identity_conflict_4670.05,4670.05,ne_ndot_4670.05,normalized_equivalent,normalized_equivalent,normalized_equivalent,ne_ndot_4670.05,,,,,ne_ndot_aup_calendar_2018 | ne_ndot_aup_calendar_2019 | ne_ndot_aup_calendar_2020 | ne_ndot_aup_calendar_2021 | ne_ndot_aup_calendar_2022 | ne_ndot_aup_calendar_2023 | ne_ndot_aup_calendar_2024 | ne_ndot_aup_calendar_2025 | ne_ndot_aup_july_june_2017_2018 | ne_ndot_aup_july_june_2018_2019 | ne_ndot_aup_july_june_2019_2020 | ne_ndot_aup_july_june_2020_2021 | ne_ndot_aup_july_june_2021_2022 | ne_ndot_aup_july_june_2022_2023 | ne_ndot_aup_july_june_2023_2024 | ne_ndot_aup_july_june_2024_2025 | ne_ndot_aup_july_june_2025_2026,,,,auto_resolved,Raw description or unit variants collapse under the conservative identity normalizer.
ne_ndot_identity_conflict_4674.78,4674.78,ne_ndot_4674.78,normalized_equivalent,normalized_equivalent,normalized_equivalent,ne_ndot_4674.78,,,,,ne_ndot_aup_calendar_2024 | ne_ndot_aup_july_june_2023_2024,,,,auto_resolved,Raw description or unit variants collapse under the conservative identity normalizer.
ne_ndot_identity_conflict_4731.06,4731.06,ne_ndot_4731.06,normalized_equivalent,normalized_equivalent,normalized_equivalent,ne_ndot_4731.06,,,,,ne_ndot_aup_calendar_2019 | ne_ndot_aup_july_june_2018_2019,,,,auto_resolved,Raw description or unit variants collapse under the conservative identity normalizer.
ne_ndot_identity_conflict_4731.08,4731.08,ne_ndot_4731.08,normalized_equivalent,normalized_equivalent,normalized_equivalent,ne_ndot_4731.08,,,,,ne_ndot_aup_calendar_2018 | ne_ndot_aup_calendar_2020 | ne_ndot_aup_july_june_2017_2018 | ne_ndot_aup_july_june_2019_2020,,,,auto_resolved,Raw description or unit variants collapse under the conservative identity normalizer.
ne_ndot_identity_conflict_4731.10,4731.10,ne_ndot_4731.10,normalized_equivalent,normalized_equivalent,normalized_equivalent,ne_ndot_4731.10,,,,,ne_ndot_aup_calendar_2018 | ne_ndot_aup_calendar_2019 | ne_ndot_aup_july_june_2019_2020,,,,auto_resolved,Raw description or unit variants collapse under the conservative identity normalizer.
ne_ndot_identity_conflict_4731.12,4731.12,ne_ndot_4731.12,normalized_equivalent,normalized_equivalent,normalized_equivalent,ne_ndot_4731.12,,,,,ne_ndot_aup_calendar_2018 | ne_ndot_aup_calendar_2025 | ne_ndot_aup_july_june_2025_2026,,,,auto_resolved,Raw description or unit variants collapse under the conservative identity normalizer.
ne_ndot_identity_conflict_4731.13,4731.13,ne_ndot_4731.13,normalized_equivalent,normalized_equivalent,normalized_equivalent,ne_ndot_4731.13,,,,,ne_ndot_aup_calendar_2018,,,,auto_resolved,Raw description or unit variants collapse under the conservative identity normalizer.
ne_ndot_identity_conflict_4731.15,4731.15,ne_ndot_4731.15,normalized_equivalent,normalized_equivalent,normalized_equivalent,ne_ndot_4731.15,,,,,ne_ndot_aup_calendar_2018 | ne_ndot_aup_july_june_2018_2019,,,,auto_resolved,Raw description or unit variants collapse under the conservative identity normalizer.
ne_ndot_identity_conflict_4731.36,4731.36,ne_ndot_4731.36,normalized_equivalent,normalized_equivalent,normalized_equivalent,ne_ndot_4731.36,,,,,ne_ndot_aup_calendar_2018 | ne_ndot_aup_july_june_2018_2019,,,,auto_resolved,Raw description or unit variants collapse under the conservative identity normalizer.
ne_ndot_identity_conflict_4732.04,4732.04,ne_ndot_4732.04,normalized_equivalent,normalized_equivalent,normalized_equivalent,ne_ndot_4732.04,,,,,ne_ndot_aup_calendar_2019 | ne_ndot_aup_calendar_2022 | ne_ndot_aup_july_june_2018_2019 | ne_ndot_aup_july_june_2022_2023,,,,auto_resolved,Raw description or unit variants collapse under the conservative identity normalizer.
ne_ndot_identity_conflict_4732.06,4732.06,ne_ndot_4732.06,normalized_equivalent,normalized_equivalent,normalized_equivalent,ne_ndot_4732.06,,,,,ne_ndot_aup_calendar_2021 | ne_ndot_aup_calendar_2022 | ne_ndot_aup_july_june_2020_2021 | ne_ndot_aup_july_june_2022_2023,,,,auto_resolved,Raw description or unit variants collapse under the conservative identity normalizer.
ne_ndot_identity_conflict_4732.08,4732.08,ne_ndot_4732.08,normalized_equivalent,normalized_equivalent,normalized_equivalent,ne_ndot_4732.08,,,,,ne_ndot_aup_calendar_2018 | ne_ndot_aup_calendar_2019 | ne_ndot_aup_calendar_2020 | ne_ndot_aup_calendar_2021 | ne_ndot_aup_calendar_2022 | ne_ndot_aup_calendar_2023 | ne_ndot_aup_calendar_2024 | ne_ndot_aup_calendar_2025 | ne_ndot_aup_july_june_2018_2019 | ne_ndot_aup_july_june_2019_2020 | ne_ndot_aup_july_june_2020_2021 | ne_ndot_aup_july_june_2021_2022 | ne_ndot_aup_july_june_2022_2023 | ne_ndot_aup_july_june_2023_2024 | ne_ndot_aup_july_june_2025_2026,,,,auto_resolved,Raw description or unit variants collapse under the conservative identity normalizer.
ne_ndot_identity_conflict_4732.15,4732.15,ne_ndot_4732.15,normalized_equivalent,normalized_equivalent,normalized_equivalent,ne_ndot_4732.15,,,,,ne_ndot_aup_calendar_2022 | ne_ndot_aup_calendar_2023 | ne_ndot_aup_july_june_2022_2023 | ne_ndot_aup_july_june_2023_2024,,,,auto_resolved,Raw description or unit variants collapse under the conservative identity normalizer.
ne_ndot_identity_conflict_4762.08,4762.08,ne_ndot_4762.08,normalized_equivalent,normalized_equivalent,normalized_equivalent,ne_ndot_4762.08,,,,,ne_ndot_aup_calendar_2022 | ne_ndot_aup_july_june_2022_2023,,,,auto_resolved,Raw description or unit variants collapse under the conservative identity normalizer.
ne_ndot_identity_conflict_4763.00,4763.00,ne_ndot_4763.00,normalized_equivalent,normalized_equivalent,normalized_equivalent,ne_ndot_4763.00,,,,,ne_ndot_aup_calendar_2021 | ne_ndot_aup_july_june_2020_2021,,,,auto_resolved,Raw description or unit variants collapse under the conservative identity normalizer.
ne_ndot_identity_conflict_4763.75,4763.75,ne_ndot_4763.75,normalized_equivalent,normalized_equivalent,normalized_equivalent,ne_ndot_4763.75,,,,,ne_ndot_aup_calendar_2024 | ne_ndot_aup_july_june_2024_2025,,,,auto_resolved,Raw description or unit variants collapse under the conservative identity normalizer.
ne_ndot_identity_conflict_4764.04,4764.04,ne_ndot_4764.04,normalized_equivalent,normalized_equivalent,normalized_equivalent,ne_ndot_4764.04,,,,,ne_ndot_aup_calendar_2019 | ne_ndot_aup_calendar_2020 | ne_ndot_aup_calendar_2021 | ne_ndot_aup_calendar_2024 | ne_ndot_aup_calendar_2025 | ne_ndot_aup_july_june_2017_2018 | ne_ndot_aup_july_june_2019_2020 | ne_ndot_aup_july_june_2020_2021 | ne_ndot_aup_july_june_2023_2024 | ne_ndot_aup_july_june_2025_2026,,,,auto_resolved,Raw description or unit variants collapse under the conservative identity normalizer.
ne_ndot_identity_conflict_4764.06,4764.06,ne_ndot_4764.06,normalized_equivalent,normalized_equivalent,normalized_equivalent,ne_ndot_4764.06,,,,,ne_ndot_aup_calendar_2018 | ne_ndot_aup_calendar_2021 | ne_ndot_aup_calendar_2022 | ne_ndot_aup_calendar_2024 | ne_ndot_aup_calendar_2025 | ne_ndot_aup_july_june_2017_2018 | ne_ndot_aup_july_june_2018_2019 | ne_ndot_aup_july_june_2020_2021 | ne_ndot_aup_july_june_2022_2023 | ne_ndot_aup_july_june_2024_2025,,,,auto_resolved,Raw description or unit variants collapse under the conservative identity normalizer.
ne_ndot_identity_conflict_4764.28,4764.28,ne_ndot_4764.28,normalized_equivalent,normalized_equivalent,normalized_equivalent,ne_ndot_4764.28,,,,,ne_ndot_aup_july_june_2017_2018,,,,auto_resolved,Raw description or unit variants collapse under the conservative identity normalizer.
ne_ndot_identity_conflict_4764.32,4764.32,ne_ndot_4764.32,normalized_equivalent,normalized_equivalent,normalized_equivalent,ne_ndot_4764.32,,,,,ne_ndot_aup_calendar_2019 | ne_ndot_aup_july_june_2019_2020,,,,auto_resolved,Raw description or unit variants collapse under the conservative identity normalizer.
ne_ndot_identity_conflict_4764.34,4764.34,ne_ndot_4764.34,normalized_equivalent,normalized_equivalent,normalized_equivalent,ne_ndot_4764.34,,,,,ne_ndot_aup_calendar_2018 | ne_ndot_aup_calendar_2019 | ne_ndot_aup_calendar_2020 | ne_ndot_aup_calendar_2021 | ne_ndot_aup_calendar_2022 | ne_ndot_aup_calendar_2023 | ne_ndot_aup_calendar_2024 | ne_ndot_aup_calendar_2025 | ne_ndot_aup_july_june_2017_2018 | ne_ndot_aup_july_june_2018_2019 | ne_ndot_aup_july_june_2019_2020 | ne_ndot_aup_july_june_2020_2021 | ne_ndot_aup_july_june_2021_2022 | ne_ndot_aup_july_june_2022_2023 | ne_ndot_aup_july_june_2023_2024 | ne_ndot_aup_july_june_2024_2025 | ne_ndot_aup_july_june_2025_2026,,,,auto_resolved,Raw description or unit variants collapse under the conservative identity normalizer.
ne_ndot_identity_conflict_4764.35,4764.35,ne_ndot_4764.35,normalized_equivalent,normalized_equivalent,normalized_equivalent,ne_ndot_4764.35,,,,,ne_ndot_aup_calendar_2018 | ne_ndot_aup_calendar_2019 | ne_ndot_aup_calendar_2020 | ne_ndot_aup_calendar_2021 | ne_ndot_aup_calendar_2022 | ne_ndot_aup_calendar_2023 | ne_ndot_aup_calendar_2024 | ne_ndot_aup_calendar_2025 | ne_ndot_aup_july_june_2017_2018 | ne_ndot_aup_july_june_2018_2019 | ne_ndot_aup_july_june_2019_2020 | ne_ndot_aup_july_june_2020_2021 | ne_ndot_aup_july_june_2021_2022 | ne_ndot_aup_july_june_2022_2023 | ne_ndot_aup_july_june_2023_2024 | ne_ndot_aup_july_june_2024_2025 | ne_ndot_aup_july_june_2025_2026,,,,auto_resolved,Raw description or unit variants collapse under the conservative identity normalizer.
ne_ndot_identity_conflict_4764.36,4764.36,ne_ndot_4764.36,normalized_equivalent,normalized_equivalent,normalized_equivalent,ne_ndot_4764.36,,,,,ne_ndot_aup_calendar_2018 | ne_ndot_aup_calendar_2020 | ne_ndot_aup_calendar_2022 | ne_ndot_aup_calendar_2024 | ne_ndot_aup_july_june_2018_2019 | ne_ndot_aup_july_june_2020_2021 | ne_ndot_aup_july_june_2022_2023 | ne_ndot_aup_july_june_2023_2024,,,,auto_resolved,Raw description or unit variants collapse under the conservative identity normalizer.
ne_ndot_identity_conflict_4764.37,4764.37,ne_ndot_4764.37,normalized_equivalent,normalized_equivalent,normalized_equivalent,ne_ndot_4764.37,,,,,ne_ndot_aup_calendar_2018 | ne_ndot_aup_calendar_2022 | ne_ndot_aup_calendar_2024 | ne_ndot_aup_july_june_2018_2019 | ne_ndot_aup_july_june_2022_2023 | ne_ndot_aup_july_june_2023_2024 | ne_ndot_aup_july_june_2024_2025,,,,auto_resolved,Raw description or unit variants collapse under the conservative identity normalizer.
ne_ndot_identity_conflict_4764.38,4764.38,ne_ndot_4764.38,normalized_equivalent,normalized_equivalent,normalized_equivalent,ne_ndot_4764.38,,,,,ne_ndot_aup_calendar_2020 | ne_ndot_aup_july_june_2020_2021,,,,auto_resolved,Raw description or unit variants collapse under the conservative identity normalizer.
ne_ndot_identity_conflict_4764.54,4764.54,ne_ndot_4764.54,normalized_equivalent,normalized_equivalent,normalized_equivalent,ne_ndot_4764.54,,,,,ne_ndot_aup_calendar_2020 | ne_ndot_aup_calendar_2021 | ne_ndot_aup_calendar_2023 | ne_ndot_aup_calendar_2024 | ne_ndot_aup_calendar_2025 | ne_ndot_aup_july_june_2017_2018 | ne_ndot_aup_july_june_2020_2021 | ne_ndot_aup_july_june_2022_2023 | ne_ndot_aup_july_june_2023_2024 | ne_ndot_aup_july_june_2025_2026,,,,auto_resolved,Raw description or unit variants collapse under the conservative identity normalizer.
ne_ndot_identity_conflict_4764.56,4764.56,ne_ndot_4764.56,normalized_equivalent,normalized_equivalent,normalized_equivalent,ne_ndot_4764.56,,,,,ne_ndot_aup_calendar_2020 | ne_ndot_aup_calendar_2021 | ne_ndot_aup_calendar_2022 | ne_ndot_aup_calendar_2024 | ne_ndot_aup_calendar_2025 | ne_ndot_aup_july_june_2017_2018 | ne_ndot_aup_july_june_2019_2020 | ne_ndot_aup_july_june_2020_2021 | ne_ndot_aup_july_june_2022_2023 | ne_ndot_aup_july_june_2023_2024 | ne_ndot_aup_july_june_2024_2025,,,,auto_resolved,Raw description or unit variants collapse under the conservative identity normalizer.
ne_ndot_identity_conflict_4766.04,4766.04,ne_ndot_4766.04,normalized_equivalent,normalized_equivalent,normalized_equivalent,ne_ndot_4766.04,,,,,ne_ndot_aup_july_june_2025_2026,,,,auto_resolved,Raw description or unit variants collapse under the conservative identity normalizer.
ne_ndot_identity_conflict_4766.06,4766.06,ne_ndot_4766.06,normalized_equivalent,normalized_equivalent,normalized_equivalent,ne_ndot_4766.06,,,,,ne_ndot_aup_calendar_2022 | ne_ndot_aup_july_june_2022_2023,,,,auto_resolved,Raw description or unit variants collapse under the conservative identity normalizer.
ne_ndot_identity_conflict_4800.30,4800.30,ne_ndot_4800.30,normalized_equivalent,normalized_equivalent,normalized_equivalent,ne_ndot_4800.30,,,,,ne_ndot_aup_calendar_2024 | ne_ndot_aup_july_june_2023_2024,,,,auto_resolved,Raw description or unit variants collapse under the conservative identity normalizer.
ne_ndot_identity_conflict_4803.02,4803.02,ne_ndot_4803.02,normalized_equivalent,normalized_equivalent,normalized_equivalent,ne_ndot_4803.02,,,,,ne_ndot_aup_calendar_2023 | ne_ndot_aup_july_june_2023_2024,,,,auto_resolved,Raw description or unit variants collapse under the conservative identity normalizer.
ne_ndot_identity_conflict_4803.04,4803.04,ne_ndot_4803.04,normalized_equivalent,normalized_equivalent,normalized_equivalent,ne_ndot_4803.04,,,,,ne_ndot_aup_calendar_2019 | ne_ndot_aup_july_june_2018_2019,,,,auto_resolved,Raw description or unit variants collapse under the conservative identity normalizer.
ne_ndot_identity_conflict_4803.08,4803.08,ne_ndot_4803.08,normalized_equivalent,normalized_equivalent,normalized_equivalent,ne_ndot_4803.08,,,,,ne_ndot_aup_calendar_2018,,,,auto_resolved,Raw description or unit variants collapse under the conservative identity normalizer.
ne_ndot_identity_conflict_4804.12,4804.12,ne_ndot_4804.12,normalized_equivalent,normalized_equivalent,normalized_equivalent,ne_ndot_4804.12,,,,,ne_ndot_aup_calendar_2019 | ne_ndot_aup_calendar_2023 | ne_ndot_aup_july_june_2018_2019 | ne_ndot_aup_july_june_2023_2024,,,,auto_resolved,Raw description or unit variants collapse under the conservative identity normalizer.
ne_ndot_identity_conflict_4805.10,4805.10,ne_ndot_4805.10,normalized_equivalent,normalized_equivalent,normalized_equivalent,ne_ndot_4805.10,,,,,ne_ndot_aup_calendar_2018 | ne_ndot_aup_calendar_2022 | ne_ndot_aup_july_june_2018_2019 | ne_ndot_aup_july_june_2021_2022 | ne_ndot_aup_july_june_2025_2026,,,,auto_resolved,Raw description or unit variants collapse under the conservative identity normalizer.
ne_ndot_identity_conflict_4805.12,4805.12,ne_ndot_4805.12,normalized_equivalent,normalized_equivalent,normalized_equivalent,ne_ndot_4805.12,,,,,ne_ndot_aup_calendar_2018 | ne_ndot_aup_calendar_2023 | ne_ndot_aup_july_june_2018_2019 | ne_ndot_aup_july_june_2023_2024,,,,auto_resolved,Raw description or unit variants collapse under the conservative identity normalizer.
ne_ndot_identity_conflict_4805.14,4805.14,ne_ndot_4805.14,normalized_equivalent,normalized_equivalent,normalized_equivalent,ne_ndot_4805.14,,,,,ne_ndot_aup_calendar_2018 | ne_ndot_aup_july_june_2018_2019 | ne_ndot_aup_july_june_2025_2026,,,,auto_resolved,Raw description or unit variants collapse under the conservative identity normalizer.
ne_ndot_identity_conflict_4805.16,4805.16,ne_ndot_4805.16,normalized_equivalent,normalized_equivalent,normalized_equivalent,ne_ndot_4805.16,,,,,ne_ndot_aup_calendar_2019 | ne_ndot_aup_calendar_2023 | ne_ndot_aup_july_june_2019_2020 | ne_ndot_aup_july_june_2023_2024,,,,auto_resolved,Raw description or unit variants collapse under the conservative identity normalizer.
ne_ndot_identity_conflict_4805.18,4805.18,ne_ndot_4805.18,normalized_equivalent,normalized_equivalent,normalized_equivalent,ne_ndot_4805.18,,,,,ne_ndot_aup_calendar_2021 | ne_ndot_aup_calendar_2024 | ne_ndot_aup_july_june_2021_2022 | ne_ndot_aup_july_june_2023_2024,,,,auto_resolved,Raw description or unit variants collapse under the conservative identity normalizer.
ne_ndot_identity_conflict_4805.20,4805.20,ne_ndot_4805.20,normalized_equivalent,normalized_equivalent,normalized_equivalent,ne_ndot_4805.20,,,,,ne_ndot_aup_calendar_2023 | ne_ndot_aup_calendar_2024 | ne_ndot_aup_july_june_2023_2024,,,,auto_resolved,Raw description or unit variants collapse under the conservative identity normalizer.
ne_ndot_identity_conflict_4805.24,4805.24,ne_ndot_4805.24,normalized_equivalent,normalized_equivalent,normalized_equivalent,ne_ndot_4805.24,,,,,ne_ndot_aup_calendar_2022 | ne_ndot_aup_calendar_2023 | ne_ndot_aup_july_june_2022_2023 | ne_ndot_aup_july_june_2023_2024,,,,auto_resolved,Raw description or unit variants collapse under the conservative identity normalizer.
ne_ndot_identity_conflict_4805.30,4805.30,ne_ndot_4805.30,normalized_equivalent,normalized_equivalent,normalized_equivalent,ne_ndot_4805.30,,,,,ne_ndot_aup_calendar_2019 | ne_ndot_aup_july_june_2018_2019,,,,auto_resolved,Raw description or unit variants collapse under the conservative identity normalizer.
ne_ndot_identity_conflict_4805.36,4805.36,ne_ndot_4805.36,normalized_equivalent,normalized_equivalent,normalized_equivalent,ne_ndot_4805.36,,,,,ne_ndot_aup_calendar_2018 | ne_ndot_aup_july_june_2017_2018 | ne_ndot_aup_july_june_2018_2019,,,,auto_resolved,Raw description or unit variants collapse under the conservative identity normalizer.
ne_ndot_identity_conflict_4805.48,4805.48,ne_ndot_4805.48,normalized_equivalent,normalized_equivalent,normalized_equivalent,ne_ndot_4805.48,,,,,ne_ndot_aup_calendar_2018 | ne_ndot_aup_calendar_2019 | ne_ndot_aup_calendar_2020 | ne_ndot_aup_july_june_2018_2019 | ne_ndot_aup_july_june_2019_2020,,,,auto_resolved,Raw description or unit variants collapse under the conservative identity normalizer.
ne_ndot_identity_conflict_4808.12,4808.12,ne_ndot_4808.12,normalized_equivalent,normalized_equivalent,normalized_equivalent,ne_ndot_4808.12,,,,,ne_ndot_aup_calendar_2018 | ne_ndot_aup_july_june_2018_2019,,,,auto_resolved,Raw description or unit variants collapse under the conservative identity normalizer.
ne_ndot_identity_conflict_4808.14,4808.14,ne_ndot_4808.14,normalized_equivalent,normalized_equivalent,normalized_equivalent,ne_ndot_4808.14,,,,,ne_ndot_aup_calendar_2018 | ne_ndot_aup_calendar_2019 | ne_ndot_aup_july_june_2018_2019 | ne_ndot_aup_july_june_2019_2020,,,,auto_resolved,Raw description or unit variants collapse under the conservative identity normalizer.
ne_ndot_identity_conflict_4808.16,4808.16,ne_ndot_4808.16,normalized_equivalent,normalized_equivalent,normalized_equivalent,ne_ndot_4808.16,,,,,ne_ndot_aup_calendar_2019 | ne_ndot_aup_july_june_2019_2020,,,,auto_resolved,Raw description or unit variants collapse under the conservative identity normalizer.
ne_ndot_identity_conflict_4808.17,4808.17,ne_ndot_4808.17,normalized_equivalent,normalized_equivalent,normalized_equivalent,ne_ndot_4808.17,,,,,ne_ndot_aup_calendar_2024 | ne_ndot_aup_july_june_2023_2024,,,,auto_resolved,Raw description or unit variants collapse under the conservative identity normalizer.
ne_ndot_identity_conflict_4810.16,4810.16,ne_ndot_4810.16,normalized_equivalent,normalized_equivalent,normalized_equivalent,ne_ndot_4810.16,,,,,ne_ndot_aup_calendar_2023 | ne_ndot_aup_july_june_2023_2024,,,,auto_resolved,Raw description or unit variants collapse under the conservative identity normalizer.
ne_ndot_identity_conflict_4810.24,4810.24,ne_ndot_4810.24,normalized_equivalent,normalized_equivalent,normalized_equivalent,ne_ndot_4810.24,,,,,ne_ndot_aup_calendar_2023 | ne_ndot_aup_july_june_2023_2024,,,,auto_resolved,Raw description or unit variants collapse under the conservative identity normalizer.
ne_ndot_identity_conflict_4810.30,4810.30,ne_ndot_4810.30,normalized_equivalent,normalized_equivalent,normalized_equivalent,ne_ndot_4810.30,,,,,ne_ndot_aup_calendar_2019 | ne_ndot_aup_july_june_2018_2019,,,,auto_resolved,Raw description or unit variants collapse under the conservative identity normalizer.
ne_ndot_identity_conflict_4810.36,4810.36,ne_ndot_4810.36,normalized_equivalent,normalized_equivalent,normalized_equivalent,ne_ndot_4810.36,,,,,ne_ndot_aup_july_june_2017_2018,,,,auto_resolved,Raw description or unit variants collapse under the conservative identity normalizer.
ne_ndot_identity_conflict_4810.48,4810.48,ne_ndot_4810.48,normalized_equivalent,normalized_equivalent,normalized_equivalent,ne_ndot_4810.48,,,,,ne_ndot_aup_calendar_2019 | ne_ndot_aup_july_june_2019_2020,,,,auto_resolved,Raw description or unit variants collapse under the conservative identity normalizer.
ne_ndot_identity_conflict_4810.60,4810.60,ne_ndot_4810.60,normalized_equivalent,normalized_equivalent,normalized_equivalent,ne_ndot_4810.60,,,,,ne_ndot_aup_calendar_2020 | ne_ndot_aup_july_june_2019_2020,,,,auto_resolved,Raw description or unit variants collapse under the conservative identity normalizer.
ne_ndot_identity_conflict_4830.18,4830.18,ne_ndot_4830.18,normalized_equivalent,normalized_equivalent,normalized_equivalent,ne_ndot_4830.18,,,,,ne_ndot_aup_calendar_2020 | ne_ndot_aup_july_june_2020_2021,,,,auto_resolved,Raw description or unit variants collapse under the conservative identity normalizer.
ne_ndot_identity_conflict_4830.36,4830.36,ne_ndot_4830.36,normalized_equivalent,normalized_equivalent,normalized_equivalent,ne_ndot_4830.36,,,,,ne_ndot_aup_calendar_2020 | ne_ndot_aup_july_june_2020_2021,,,,auto_resolved,Raw description or unit variants collapse under the conservative identity normalizer.
ne_ndot_identity_conflict_4831.48,4831.48,ne_ndot_4831.48,normalized_equivalent,normalized_equivalent,normalized_equivalent,ne_ndot_4831.48,,,,,ne_ndot_aup_july_june_2025_2026,,,,auto_resolved,Raw description or unit variants collapse under the conservative identity normalizer.
ne_ndot_identity_conflict_4852.42,4852.42,ne_ndot_4852.42,normalized_equivalent,normalized_equivalent,normalized_equivalent,ne_ndot_4852.42,,,,,ne_ndot_aup_calendar_2020 | ne_ndot_aup_july_june_2019_2020,,,,auto_resolved,Raw description or unit variants collapse under the conservative identity normalizer.
ne_ndot_identity_conflict_4875.18,4875.18,ne_ndot_4875.18,normalized_equivalent,normalized_equivalent,normalized_equivalent,ne_ndot_4875.18,,,,,ne_ndot_aup_calendar_2019 | ne_ndot_aup_july_june_2019_2020,,,,auto_resolved,Raw description or unit variants collapse under the conservative identity normalizer.
ne_ndot_identity_conflict_4875.24,4875.24,ne_ndot_4875.24,normalized_equivalent,normalized_equivalent,normalized_equivalent,ne_ndot_4875.24,,,,,ne_ndot_aup_calendar_2018 | ne_ndot_aup_calendar_2020 | ne_ndot_aup_calendar_2023 | ne_ndot_aup_july_june_2019_2020 | ne_ndot_aup_july_june_2023_2024,,,,auto_resolved,Raw description or unit variants collapse under the conservative identity normalizer.
ne_ndot_identity_conflict_4875.30,4875.30,ne_ndot_4875.30,normalized_equivalent,normalized_equivalent,normalized_equivalent,ne_ndot_4875.30,,,,,ne_ndot_aup_calendar_2023 | ne_ndot_aup_calendar_2024 | ne_ndot_aup_july_june_2023_2024,,,,auto_resolved,Raw description or unit variants collapse under the conservative identity normalizer.
ne_ndot_identity_conflict_4875.36,4875.36,ne_ndot_4875.36,normalized_equivalent,normalized_equivalent,normalized_equivalent,ne_ndot_4875.36,,,,,ne_ndot_aup_calendar_2020 | ne_ndot_aup_calendar_2022 | ne_ndot_aup_calendar_2024 | ne_ndot_aup_july_june_2019_2020 | ne_ndot_aup_july_june_2022_2023 | ne_ndot_aup_july_june_2023_2024,,,,auto_resolved,Raw description or unit variants collapse under the conservative identity normalizer.
ne_ndot_identity_conflict_4875.48,4875.48,ne_ndot_4875.48,normalized_equivalent,normalized_equivalent,normalized_equivalent,ne_ndot_4875.48,,,,,ne_ndot_aup_calendar_2024 | ne_ndot_aup_july_june_2023_2024,,,,auto_resolved,Raw description or unit variants collapse under the conservative identity normalizer.
ne_ndot_identity_conflict_4880.24,4880.24,ne_ndot_4880.24,normalized_equivalent,normalized_equivalent,normalized_equivalent,ne_ndot_4880.24,,,,,ne_ndot_aup_calendar_2019 | ne_ndot_aup_calendar_2020 | ne_ndot_aup_calendar_2022 | ne_ndot_aup_calendar_2023 | ne_ndot_aup_calendar_2024 | ne_ndot_aup_july_june_2017_2018 | ne_ndot_aup_july_june_2018_2019 | ne_ndot_aup_july_june_2019_2020 | ne_ndot_aup_july_june_2020_2021 | ne_ndot_aup_july_june_2021_2022 | ne_ndot_aup_july_june_2022_2023 | ne_ndot_aup_july_june_2024_2025,,,,auto_resolved,Raw description or unit variants collapse under the conservative identity normalizer.
ne_ndot_identity_conflict_4880.30,4880.30,ne_ndot_4880.30,normalized_equivalent,normalized_equivalent,normalized_equivalent,ne_ndot_4880.30,,,,,ne_ndot_aup_calendar_2018 | ne_ndot_aup_calendar_2019 | ne_ndot_aup_calendar_2020 | ne_ndot_aup_calendar_2021 | ne_ndot_aup_calendar_2022 | ne_ndot_aup_calendar_2023 | ne_ndot_aup_july_june_2017_2018 | ne_ndot_aup_july_june_2018_2019 | ne_ndot_aup_july_june_2019_2020 | ne_ndot_aup_july_june_2020_2021 | ne_ndot_aup_july_june_2021_2022 | ne_ndot_aup_july_june_2022_2023 | ne_ndot_aup_july_june_2023_2024,,,,auto_resolved,Raw description or unit variants collapse under the conservative identity normalizer.
ne_ndot_identity_conflict_4880.36,4880.36,ne_ndot_4880.36,normalized_equivalent,normalized_equivalent,normalized_equivalent,ne_ndot_4880.36,,,,,ne_ndot_aup_calendar_2018 | ne_ndot_aup_calendar_2019 | ne_ndot_aup_calendar_2020 | ne_ndot_aup_calendar_2021 | ne_ndot_aup_calendar_2022 | ne_ndot_aup_calendar_2023 | ne_ndot_aup_calendar_2024 | ne_ndot_aup_calendar_2025 | ne_ndot_aup_july_june_2017_2018 | ne_ndot_aup_july_june_2018_2019 | ne_ndot_aup_july_june_2019_2020 | ne_ndot_aup_july_june_2020_2021 | ne_ndot_aup_july_june_2021_2022 | ne_ndot_aup_july_june_2022_2023 | ne_ndot_aup_july_june_2023_2024 | ne_ndot_aup_july_june_2024_2025 | ne_ndot_aup_july_june_2025_2026,,,,auto_resolved,Raw description or unit variants collapse under the conservative identity normalizer.
ne_ndot_identity_conflict_4880.42,4880.42,ne_ndot_4880.42,normalized_equivalent,normalized_equivalent,normalized_equivalent,ne_ndot_4880.42,,,,,ne_ndot_aup_calendar_2018 | ne_ndot_aup_calendar_2019 | ne_ndot_aup_calendar_2020 | ne_ndot_aup_calendar_2021 | ne_ndot_aup_calendar_2022 | ne_ndot_aup_calendar_2023 | ne_ndot_aup_calendar_2024 | ne_ndot_aup_july_june_2018_2019 | ne_ndot_aup_july_june_2019_2020 | ne_ndot_aup_july_june_2020_2021 | ne_ndot_aup_july_june_2021_2022 | ne_ndot_aup_july_june_2022_2023 | ne_ndot_aup_july_june_2023_2024 | ne_ndot_aup_july_june_2024_2025 | ne_ndot_aup_july_june_2025_2026,,,,auto_resolved,Raw description or unit variants collapse under the conservative identity normalizer.
ne_ndot_identity_conflict_4880.48,4880.48,ne_ndot_4880.48,normalized_equivalent,normalized_equivalent,normalized_equivalent,ne_ndot_4880.48,,,,,ne_ndot_aup_calendar_2019 | ne_ndot_aup_calendar_2020 | ne_ndot_aup_calendar_2021 | ne_ndot_aup_calendar_2022 | ne_ndot_aup_calendar_2023 | ne_ndot_aup_calendar_2024 | ne_ndot_aup_july_june_2017_2018 | ne_ndot_aup_july_june_2018_2019 | ne_ndot_aup_july_june_2019_2020 | ne_ndot_aup_july_june_2020_2021 | ne_ndot_aup_july_june_2021_2022 | ne_ndot_aup_july_june_2022_2023 | ne_ndot_aup_july_june_2023_2024 | ne_ndot_aup_july_june_2024_2025,,,,auto_resolved,Raw description or unit variants collapse under the conservative identity normalizer.
ne_ndot_identity_conflict_4880.54,4880.54,ne_ndot_4880.54,normalized_equivalent,normalized_equivalent,normalized_equivalent,ne_ndot_4880.54,,,,,ne_ndot_aup_calendar_2018 | ne_ndot_aup_calendar_2019 | ne_ndot_aup_calendar_2020 | ne_ndot_aup_calendar_2021 | ne_ndot_aup_calendar_2022 | ne_ndot_aup_calendar_2023 | ne_ndot_aup_july_june_2018_2019 | ne_ndot_aup_july_june_2019_2020 | ne_ndot_aup_july_june_2020_2021 | ne_ndot_aup_july_june_2021_2022 | ne_ndot_aup_july_june_2022_2023,,,,auto_resolved,Raw description or unit variants collapse under the conservative identity normalizer.
ne_ndot_identity_conflict_4880.60,4880.60,ne_ndot_4880.60,normalized_equivalent,normalized_equivalent,normalized_equivalent,ne_ndot_4880.60,,,,,ne_ndot_aup_calendar_2018 | ne_ndot_aup_calendar_2019 | ne_ndot_aup_calendar_2020 | ne_ndot_aup_calendar_2022 | ne_ndot_aup_calendar_2023 | ne_ndot_aup_calendar_2024 | ne_ndot_aup_calendar_2025 | ne_ndot_aup_july_june_2017_2018 | ne_ndot_aup_july_june_2018_2019 | ne_ndot_aup_july_june_2019_2020 | ne_ndot_aup_july_june_2020_2021 | ne_ndot_aup_july_june_2022_2023 | ne_ndot_aup_july_june_2023_2024 | ne_ndot_aup_july_june_2025_2026,,,,auto_resolved,Raw description or unit variants collapse under the conservative identity normalizer.
ne_ndot_identity_conflict_4880.66,4880.66,ne_ndot_4880.66,normalized_equivalent,normalized_equivalent,normalized_equivalent,ne_ndot_4880.66,,,,,ne_ndot_aup_calendar_2019 | ne_ndot_aup_calendar_2022 | ne_ndot_aup_calendar_2024 | ne_ndot_aup_july_june_2018_2019 | ne_ndot_aup_july_june_2022_2023 | ne_ndot_aup_july_june_2024_2025,,,,auto_resolved,Raw description or unit variants collapse under the conservative identity normalizer.
ne_ndot_identity_conflict_4880.72,4880.72,ne_ndot_4880.72,normalized_equivalent,normalized_equivalent,normalized_equivalent,ne_ndot_4880.72,,,,,ne_ndot_aup_calendar_2019 | ne_ndot_aup_calendar_2022 | ne_ndot_aup_calendar_2024 | ne_ndot_aup_july_june_2019_2020 | ne_ndot_aup_july_june_2022_2023 | ne_ndot_aup_july_june_2023_2024 | ne_ndot_aup_july_june_2024_2025,,,,auto_resolved,Raw description or unit variants collapse under the conservative identity normalizer.
ne_ndot_identity_conflict_4880.84,4880.84,ne_ndot_4880.84,normalized_equivalent,normalized_equivalent,normalized_equivalent,ne_ndot_4880.84,,,,,ne_ndot_aup_calendar_2022 | ne_ndot_aup_july_june_2022_2023,,,,auto_resolved,Raw description or unit variants collapse under the conservative identity normalizer.
ne_ndot_identity_conflict_4885.42,4885.42,ne_ndot_4885.42,normalized_equivalent,normalized_equivalent,normalized_equivalent,ne_ndot_4885.42,,,,,ne_ndot_aup_calendar_2023 | ne_ndot_aup_july_june_2022_2023,,,,auto_resolved,Raw description or unit variants collapse under the conservative identity normalizer.
ne_ndot_identity_conflict_4885.48,4885.48,ne_ndot_4885.48,normalized_equivalent,normalized_equivalent,normalized_equivalent,ne_ndot_4885.48,,,,,ne_ndot_aup_calendar_2019 | ne_ndot_aup_calendar_2023 | ne_ndot_aup_calendar_2025 | ne_ndot_aup_july_june_2019_2020 | ne_ndot_aup_july_june_2022_2023 | ne_ndot_aup_july_june_2025_2026,,,,auto_resolved,Raw description or unit variants collapse under the conservative identity normalizer.
ne_ndot_identity_conflict_4890.24,4890.24,ne_ndot_4890.24,normalized_equivalent,normalized_equivalent,normalized_equivalent,ne_ndot_4890.24,,,,,ne_ndot_aup_calendar_2020 | ne_ndot_aup_july_june_2019_2020,,,,auto_resolved,Raw description or unit variants collapse under the conservative identity normalizer.
ne_ndot_identity_conflict_4890.30,4890.30,ne_ndot_4890.30,normalized_equivalent,normalized_equivalent,normalized_equivalent,ne_ndot_4890.30,,,,,ne_ndot_aup_calendar_2020 | ne_ndot_aup_july_june_2020_2021,,,,auto_resolved,Raw description or unit variants collapse under the conservative identity normalizer.
ne_ndot_identity_conflict_4890.36,4890.36,ne_ndot_4890.36,normalized_equivalent,normalized_equivalent,normalized_equivalent,ne_ndot_4890.36,,,,,ne_ndot_aup_calendar_2020 | ne_ndot_aup_july_june_2019_2020,,,,auto_resolved,Raw description or unit variants collapse under the conservative identity normalizer.
ne_ndot_identity_conflict_4890.42,4890.42,ne_ndot_4890.42,normalized_equivalent,normalized_equivalent,normalized_equivalent,ne_ndot_4890.42,,,,,ne_ndot_aup_july_june_2017_2018,,,,auto_resolved,Raw description or unit variants collapse under the conservative identity normalizer.
ne_ndot_identity_conflict_4900.13,4900.13,ne_ndot_4900.13,normalized_equivalent,normalized_equivalent,normalized_equivalent,ne_ndot_4900.13,,,,,ne_ndot_aup_calendar_2018 | ne_ndot_aup_calendar_2019 | ne_ndot_aup_july_june_2017_2018 | ne_ndot_aup_july_june_2019_2020,,,,auto_resolved,Raw description or unit variants collapse under the conservative identity normalizer.
ne_ndot_identity_conflict_4900.27,4900.27,ne_ndot_4900.27,normalized_equivalent,normalized_equivalent,normalized_equivalent,ne_ndot_4900.27,,,,,ne_ndot_aup_july_june_2017_2018,,,,auto_resolved,Raw description or unit variants collapse under the conservative identity normalizer.
ne_ndot_identity_conflict_4900.66,4900.66,ne_ndot_4900.66,normalized_equivalent,normalized_equivalent,normalized_equivalent,ne_ndot_4900.66,,,,,ne_ndot_aup_calendar_2020 | ne_ndot_aup_calendar_2022 | ne_ndot_aup_july_june_2020_2021 | ne_ndot_aup_july_june_2022_2023,,,,auto_resolved,Raw description or unit variants collapse under the conservative identity normalizer.
ne_ndot_identity_conflict_4910.00,4910.00,ne_ndot_4910.00,normalized_equivalent,normalized_equivalent,normalized_equivalent,ne_ndot_4910.00,,,,,ne_ndot_aup_calendar_2022 | ne_ndot_aup_july_june_2021_2022,,,,auto_resolved,Raw description or unit variants collapse under the conservative identity normalizer.
ne_ndot_identity_conflict_4910.25,4910.25,ne_ndot_4910.25,normalized_equivalent,normalized_equivalent,normalized_equivalent,ne_ndot_4910.25,,,,,ne_ndot_aup_calendar_2019 | ne_ndot_aup_calendar_2021 | ne_ndot_aup_july_june_2018_2019 | ne_ndot_aup_july_june_2020_2021,,,,auto_resolved,Raw description or unit variants collapse under the conservative identity normalizer.
ne_ndot_identity_conflict_4925.00,4925.00,ne_ndot_4925.00,normalized_equivalent,normalized_equivalent,normalized_equivalent,ne_ndot_4925.00,,,,,ne_ndot_aup_calendar_2018 | ne_ndot_aup_calendar_2020 | ne_ndot_aup_calendar_2022 | ne_ndot_aup_july_june_2018_2019 | ne_ndot_aup_july_june_2019_2020 | ne_ndot_aup_july_june_2020_2021 | ne_ndot_aup_july_june_2022_2023 | ne_ndot_aup_july_june_2025_2026,,,,auto_resolved,Raw description or unit variants collapse under the conservative identity normalizer.
ne_ndot_identity_conflict_5820.01,5820.01,ne_ndot_5820.01,normalized_equivalent,normalized_equivalent,normalized_equivalent,ne_ndot_5820.01,,,,,ne_ndot_aup_july_june_2017_2018,,,,auto_resolved,Raw description or unit variants collapse under the conservative identity normalizer.
ne_ndot_identity_conflict_6000.10,6000.10,ne_ndot_6000.10,stable_description_multi_unit,reviewed_multi_unit,needs_review,ne_ndot_6000.10,,,,,ne_ndot_aup_calendar_2018 | ne_ndot_aup_calendar_2019 | ne_ndot_aup_calendar_2020 | ne_ndot_aup_calendar_2021 | ne_ndot_aup_calendar_2022 | ne_ndot_aup_calendar_2023 | ne_ndot_aup_calendar_2024 | ne_ndot_aup_calendar_2025 | ne_ndot_aup_july_june_2017_2018 | ne_ndot_aup_july_june_2018_2019 | ne_ndot_aup_july_june_2019_2020 | ne_ndot_aup_july_june_2020_2021 | ne_ndot_aup_july_june_2021_2022 | ne_ndot_aup_july_june_2022_2023 | ne_ndot_aup_july_june_2023_2024 | ne_ndot_aup_july_june_2024_2025 | ne_ndot_aup_july_june_2025_2026,,,,needs_review,Same identity candidate with multiple reported units; retain every raw unit and require unit-aware review.
ne_ndot_identity_conflict_6000.11,6000.11,ne_ndot_6000.11,stable_description_multi_unit,reviewed_multi_unit,needs_review,ne_ndot_6000.11,,,,,ne_ndot_aup_calendar_2018 | ne_ndot_aup_calendar_2019 | ne_ndot_aup_calendar_2020 | ne_ndot_aup_calendar_2021 | ne_ndot_aup_calendar_2022 | ne_ndot_aup_calendar_2023 | ne_ndot_aup_calendar_2024 | ne_ndot_aup_calendar_2025 | ne_ndot_aup_july_june_2017_2018 | ne_ndot_aup_july_june_2018_2019 | ne_ndot_aup_july_june_2019_2020 | ne_ndot_aup_july_june_2020_2021 | ne_ndot_aup_july_june_2021_2022 | ne_ndot_aup_july_june_2022_2023 | ne_ndot_aup_july_june_2023_2024 | ne_ndot_aup_july_june_2024_2025 | ne_ndot_aup_july_june_2025_2026,,,,needs_review,Same identity candidate with multiple reported units; retain every raw unit and require unit-aware review.
ne_ndot_identity_conflict_6000.20,6000.20,ne_ndot_6000.20,stable_description_multi_unit,reviewed_multi_unit,needs_review,ne_ndot_6000.20,,,,,ne_ndot_aup_calendar_2018 | ne_ndot_aup_calendar_2019 | ne_ndot_aup_calendar_2020 | ne_ndot_aup_calendar_2021 | ne_ndot_aup_calendar_2023 | ne_ndot_aup_calendar_2024 | ne_ndot_aup_calendar_2025 | ne_ndot_aup_july_june_2017_2018 | ne_ndot_aup_july_june_2018_2019 | ne_ndot_aup_july_june_2019_2020 | ne_ndot_aup_july_june_2020_2021 | ne_ndot_aup_july_june_2021_2022 | ne_ndot_aup_july_june_2023_2024 | ne_ndot_aup_july_june_2024_2025 | ne_ndot_aup_july_june_2025_2026,,,,needs_review,Same identity candidate with multiple reported units; retain every raw unit and require unit-aware review.
ne_ndot_identity_conflict_6000.21,6000.21,ne_ndot_6000.21,stable_description_multi_unit,reviewed_multi_unit,needs_review,ne_ndot_6000.21,,,,,ne_ndot_aup_calendar_2018 | ne_ndot_aup_calendar_2019 | ne_ndot_aup_calendar_2020 | ne_ndot_aup_calendar_2021 | ne_ndot_aup_calendar_2024 | ne_ndot_aup_calendar_2025 | ne_ndot_aup_july_june_2017_2018 | ne_ndot_aup_july_june_2018_2019 | ne_ndot_aup_july_june_2019_2020 | ne_ndot_aup_july_june_2020_2021 | ne_ndot_aup_july_june_2021_2022 | ne_ndot_aup_july_june_2023_2024 | ne_ndot_aup_july_june_2024_2025 | ne_ndot_aup_july_june_2025_2026,,,,needs_review,Same identity candidate with multiple reported units; retain every raw unit and require unit-aware review.
ne_ndot_identity_conflict_6000.22,6000.22,ne_ndot_6000.22,stable_description_multi_unit,reviewed_multi_unit,needs_review,ne_ndot_6000.22,,,,,ne_ndot_aup_calendar_2018 | ne_ndot_aup_calendar_2019 | ne_ndot_aup_calendar_2020 | ne_ndot_aup_calendar_2025 | ne_ndot_aup_july_june_2017_2018 | ne_ndot_aup_july_june_2018_2019 | ne_ndot_aup_july_june_2019_2020 | ne_ndot_aup_july_june_2020_2021 | ne_ndot_aup_july_june_2024_2025 | ne_ndot_aup_july_june_2025_2026,,,,needs_review,Same identity candidate with multiple reported units; retain every raw unit and require unit-aware review.
ne_ndot_identity_conflict_6000.23,6000.23,ne_ndot_6000.23,stable_description_multi_unit,reviewed_multi_unit,needs_review,ne_ndot_6000.23,,,,,ne_ndot_aup_calendar_2018 | ne_ndot_aup_calendar_2019 | ne_ndot_aup_calendar_2020 | ne_ndot_aup_calendar_2021 | ne_ndot_aup_calendar_2025 | ne_ndot_aup_july_june_2018_2019 | ne_ndot_aup_july_june_2019_2020 | ne_ndot_aup_july_june_2020_2021 | ne_ndot_aup_july_june_2024_2025 | ne_ndot_aup_july_june_2025_2026,,,,needs_review,Same identity candidate with multiple reported units; retain every raw unit and require unit-aware review.
ne_ndot_identity_conflict_6000.24,6000.24,ne_ndot_6000.24,stable_description_multi_unit,reviewed_multi_unit,needs_review,ne_ndot_6000.24,,,,,ne_ndot_aup_calendar_2019 | ne_ndot_aup_calendar_2020 | ne_ndot_aup_calendar_2021 | ne_ndot_aup_calendar_2025 | ne_ndot_aup_july_june_2018_2019 | ne_ndot_aup_july_june_2019_2020 | ne_ndot_aup_july_june_2020_2021 | ne_ndot_aup_july_june_2021_2022 | ne_ndot_aup_july_june_2024_2025 | ne_ndot_aup_july_june_2025_2026,,,,needs_review,Same identity candidate with multiple reported units; retain every raw unit and require unit-aware review.
ne_ndot_identity_conflict_6000.25,6000.25,ne_ndot_6000.25,stable_description_multi_unit,reviewed_multi_unit,needs_review,ne_ndot_6000.25,,,,,ne_ndot_aup_calendar_2019 | ne_ndot_aup_calendar_2020 | ne_ndot_aup_calendar_2025 | ne_ndot_aup_july_june_2018_2019 | ne_ndot_aup_july_june_2019_2020 | ne_ndot_aup_july_june_2020_2021 | ne_ndot_aup_july_june_2024_2025 | ne_ndot_aup_july_june_2025_2026,,,,needs_review,Same identity candidate with multiple reported units; retain every raw unit and require unit-aware review.
ne_ndot_identity_conflict_6000.26,6000.26,ne_ndot_6000.26,stable_description_multi_unit,reviewed_multi_unit,needs_review,ne_ndot_6000.26,,,,,ne_ndot_aup_calendar_2019 | ne_ndot_aup_calendar_2025 | ne_ndot_aup_july_june_2019_2020 | ne_ndot_aup_july_june_2024_2025 | ne_ndot_aup_july_june_2025_2026,,,,needs_review,Same identity candidate with multiple reported units; retain every raw unit and require unit-aware review.
ne_ndot_identity_conflict_6000.27,6000.27,ne_ndot_6000.27,stable_description_multi_unit,reviewed_multi_unit,needs_review,ne_ndot_6000.27,,,,,ne_ndot_aup_calendar_2019 | ne_ndot_aup_calendar_2025 | ne_ndot_aup_july_june_2019_2020 | ne_ndot_aup_july_june_2024_2025,,,,needs_review,Same identity candidate with multiple reported units; retain every raw unit and require unit-aware review.
ne_ndot_identity_conflict_6000.28,6000.28,ne_ndot_6000.28,stable_description_multi_unit,reviewed_multi_unit,needs_review,ne_ndot_6000.28,,,,,ne_ndot_aup_calendar_2019 | ne_ndot_aup_july_june_2019_2020,,,,needs_review,Same identity candidate with multiple reported units; retain every raw unit and require unit-aware review.
ne_ndot_identity_conflict_6000.60,6000.60,ne_ndot_6000.60,stable_description_multi_unit,reviewed_multi_unit,needs_review,ne_ndot_6000.60,,,,,ne_ndot_aup_calendar_2018 | ne_ndot_aup_calendar_2022 | ne_ndot_aup_calendar_2023 | ne_ndot_aup_calendar_2024 | ne_ndot_aup_calendar_2025 | ne_ndot_aup_july_june_2017_2018 | ne_ndot_aup_july_june_2018_2019 | ne_ndot_aup_july_june_2022_2023 | ne_ndot_aup_july_june_2023_2024 | ne_ndot_aup_july_june_2025_2026,,,,needs_review,Same identity candidate with multiple reported units; retain every raw unit and require unit-aware review.
ne_ndot_identity_conflict_6000.61,6000.61,ne_ndot_6000.61,stable_description_multi_unit,reviewed_multi_unit,needs_review,ne_ndot_6000.61,,,,,ne_ndot_aup_calendar_2018 | ne_ndot_aup_calendar_2022 | ne_ndot_aup_calendar_2023 | ne_ndot_aup_calendar_2024 | ne_ndot_aup_calendar_2025 | ne_ndot_aup_july_june_2017_2018 | ne_ndot_aup_july_june_2018_2019 | ne_ndot_aup_july_june_2022_2023 | ne_ndot_aup_july_june_2024_2025 | ne_ndot_aup_july_june_2025_2026,,,,needs_review,Same identity candidate with multiple reported units; retain every raw unit and require unit-aware review.
ne_ndot_identity_conflict_6000.62,6000.62,ne_ndot_6000.62,stable_description_multi_unit,reviewed_multi_unit,needs_review,ne_ndot_6000.62,,,,,ne_ndot_aup_calendar_2024 | ne_ndot_aup_calendar_2025 | ne_ndot_aup_july_june_2024_2025 | ne_ndot_aup_july_june_2025_2026,,,,needs_review,Same identity candidate with multiple reported units; retain every raw unit and require unit-aware review.
ne_ndot_identity_conflict_6000.63,6000.63,ne_ndot_6000.63,stable_description_multi_unit,reviewed_multi_unit,needs_review,ne_ndot_6000.63,,,,,ne_ndot_aup_calendar_2024 | ne_ndot_aup_july_june_2024_2025,,,,needs_review,Same identity candidate with multiple reported units; retain every raw unit and require unit-aware review.
ne_ndot_identity_conflict_6000.64,6000.64,ne_ndot_6000.64,stable_description_multi_unit,reviewed_multi_unit,needs_review,ne_ndot_6000.64,,,,,ne_ndot_aup_calendar_2024 | ne_ndot_aup_july_june_2024_2025,,,,needs_review,Same identity candidate with multiple reported units; retain every raw unit and require unit-aware review.
ne_ndot_identity_conflict_6000.65,6000.65,ne_ndot_6000.65,stable_description_multi_unit,reviewed_multi_unit,needs_review,ne_ndot_6000.65,,,,,ne_ndot_aup_calendar_2024 | ne_ndot_aup_july_june_2024_2025,,,,needs_review,Same identity candidate with multiple reported units; retain every raw unit and require unit-aware review.
ne_ndot_identity_conflict_6001.00,6001.00,ne_ndot_6001.00,stable_description_multi_unit,reviewed_multi_unit,needs_review,ne_ndot_6001.00,,,,,ne_ndot_aup_calendar_2018 | ne_ndot_aup_calendar_2019 | ne_ndot_aup_calendar_2020 | ne_ndot_aup_calendar_2021 | ne_ndot_aup_calendar_2022 | ne_ndot_aup_calendar_2023 | ne_ndot_aup_calendar_2024 | ne_ndot_aup_calendar_2025 | ne_ndot_aup_july_june_2017_2018 | ne_ndot_aup_july_june_2018_2019 | ne_ndot_aup_july_june_2019_2020 | ne_ndot_aup_july_june_2020_2021 | ne_ndot_aup_july_june_2021_2022 | ne_ndot_aup_july_june_2022_2023 | ne_ndot_aup_july_june_2023_2024 | ne_ndot_aup_july_june_2024_2025 | ne_ndot_aup_july_june_2025_2026,,,,needs_review,Same identity candidate with multiple reported units; retain every raw unit and require unit-aware review.
ne_ndot_identity_conflict_6001.01,6001.01,ne_ndot_6001.01,stable_description_multi_unit,reviewed_multi_unit,needs_review,ne_ndot_6001.01,,,,,ne_ndot_aup_calendar_2018 | ne_ndot_aup_calendar_2019 | ne_ndot_aup_calendar_2020 | ne_ndot_aup_calendar_2021 | ne_ndot_aup_calendar_2022 | ne_ndot_aup_calendar_2023 | ne_ndot_aup_calendar_2024 | ne_ndot_aup_calendar_2025 | ne_ndot_aup_july_june_2017_2018 | ne_ndot_aup_july_june_2018_2019 | ne_ndot_aup_july_june_2019_2020 | ne_ndot_aup_july_june_2020_2021 | ne_ndot_aup_july_june_2021_2022 | ne_ndot_aup_july_june_2022_2023 | ne_ndot_aup_july_june_2023_2024 | ne_ndot_aup_july_june_2024_2025 | ne_ndot_aup_july_june_2025_2026,,,,needs_review,Same identity candidate with multiple reported units; retain every raw unit and require unit-aware review.
ne_ndot_identity_conflict_6001.02,6001.02,ne_ndot_6001.02,stable_description_multi_unit,reviewed_multi_unit,needs_review,ne_ndot_6001.02,,,,,ne_ndot_aup_calendar_2020 | ne_ndot_aup_calendar_2021 | ne_ndot_aup_calendar_2023 | ne_ndot_aup_calendar_2024 | ne_ndot_aup_july_june_2019_2020 | ne_ndot_aup_july_june_2020_2021 | ne_ndot_aup_july_june_2021_2022 | ne_ndot_aup_july_june_2023_2024 | ne_ndot_aup_july_june_2024_2025,,,,needs_review,Same identity candidate with multiple reported units; retain every raw unit and require unit-aware review.
ne_ndot_identity_conflict_6001.03,6001.03,ne_ndot_6001.03,stable_description_multi_unit,reviewed_multi_unit,needs_review,ne_ndot_6001.03,,,,,ne_ndot_aup_calendar_2020 | ne_ndot_aup_july_june_2019_2020,,,,needs_review,Same identity candidate with multiple reported units; retain every raw unit and require unit-aware review.
ne_ndot_identity_conflict_6001.04,6001.04,ne_ndot_6001.04,stable_description_multi_unit,reviewed_multi_unit,needs_review,ne_ndot_6001.04,,,,,ne_ndot_aup_calendar_2024 | ne_ndot_aup_july_june_2024_2025,,,,needs_review,Same identity candidate with multiple reported units; retain every raw unit and require unit-aware review.
ne_ndot_identity_conflict_6001.50,6001.50,ne_ndot_6001.50,stable_description_multi_unit,reviewed_multi_unit,needs_review,ne_ndot_6001.50,,,,,ne_ndot_aup_calendar_2018 | ne_ndot_aup_calendar_2019 | ne_ndot_aup_calendar_2024 | ne_ndot_aup_july_june_2017_2018 | ne_ndot_aup_july_june_2018_2019 | ne_ndot_aup_july_june_2019_2020 | ne_ndot_aup_july_june_2023_2024 | ne_ndot_aup_july_june_2024_2025,,,,needs_review,Same identity candidate with multiple reported units; retain every raw unit and require unit-aware review.
ne_ndot_identity_conflict_6001.51,6001.51,ne_ndot_6001.51,stable_description_multi_unit,reviewed_multi_unit,needs_review,ne_ndot_6001.51,,,,,ne_ndot_aup_calendar_2018 | ne_ndot_aup_calendar_2019 | ne_ndot_aup_calendar_2020 | ne_ndot_aup_calendar_2021 | ne_ndot_aup_calendar_2023 | ne_ndot_aup_calendar_2024 | ne_ndot_aup_calendar_2025 | ne_ndot_aup_july_june_2017_2018 | ne_ndot_aup_july_june_2018_2019 | ne_ndot_aup_july_june_2019_2020 | ne_ndot_aup_july_june_2020_2021 | ne_ndot_aup_july_june_2021_2022 | ne_ndot_aup_july_june_2023_2024 | ne_ndot_aup_july_june_2024_2025 | ne_ndot_aup_july_june_2025_2026,,,,needs_review,Same identity candidate with multiple reported units; retain every raw unit and require unit-aware review.
ne_ndot_identity_conflict_6001.52,6001.52,ne_ndot_6001.52,stable_description_multi_unit,reviewed_multi_unit,needs_review,ne_ndot_6001.52,,,,,ne_ndot_aup_calendar_2019 | ne_ndot_aup_calendar_2020 | ne_ndot_aup_calendar_2024 | ne_ndot_aup_july_june_2019_2020 | ne_ndot_aup_july_june_2020_2021 | ne_ndot_aup_july_june_2023_2024,,,,needs_review,Same identity candidate with multiple reported units; retain every raw unit and require unit-aware review.
ne_ndot_identity_conflict_6001.53,6001.53,ne_ndot_6001.53,stable_description_multi_unit,reviewed_multi_unit,needs_review,ne_ndot_6001.53,,,,,ne_ndot_aup_calendar_2019 | ne_ndot_aup_calendar_2020 | ne_ndot_aup_calendar_2021 | ne_ndot_aup_calendar_2024 | ne_ndot_aup_july_june_2019_2020 | ne_ndot_aup_july_june_2020_2021 | ne_ndot_aup_july_june_2021_2022 | ne_ndot_aup_july_june_2024_2025,,,,needs_review,Same identity candidate with multiple reported units; retain every raw unit and require unit-aware review.
ne_ndot_identity_conflict_6001.54,6001.54,ne_ndot_6001.54,stable_description_multi_unit,reviewed_multi_unit,needs_review,ne_ndot_6001.54,,,,,ne_ndot_aup_calendar_2020 | ne_ndot_aup_july_june_2020_2021,,,,needs_review,Same identity candidate with multiple reported units; retain every raw unit and require unit-aware review.
ne_ndot_identity_conflict_6001.55,6001.55,ne_ndot_6001.55,stable_description_multi_unit,reviewed_multi_unit,needs_review,ne_ndot_6001.55,,,,,ne_ndot_aup_calendar_2020 | ne_ndot_aup_calendar_2021 | ne_ndot_aup_july_june_2020_2021 | ne_ndot_aup_july_june_2021_2022,,,,needs_review,Same identity candidate with multiple reported units; retain every raw unit and require unit-aware review.
ne_ndot_identity_conflict_6001.56,6001.56,ne_ndot_6001.56,stable_description_multi_unit,reviewed_multi_unit,needs_review,ne_ndot_6001.56,,,,,ne_ndot_aup_calendar_2021 | ne_ndot_aup_july_june_2021_2022,,,,needs_review,Same identity candidate with multiple reported units; retain every raw unit and require unit-aware review.
ne_ndot_identity_conflict_6001.57,6001.57,ne_ndot_6001.57,stable_description_multi_unit,reviewed_multi_unit,needs_review,ne_ndot_6001.57,,,,,ne_ndot_aup_calendar_2020 | ne_ndot_aup_calendar_2021 | ne_ndot_aup_july_june_2020_2021 | ne_ndot_aup_july_june_2021_2022,,,,needs_review,Same identity candidate with multiple reported units; retain every raw unit and require unit-aware review.
ne_ndot_identity_conflict_6001.58,6001.58,ne_ndot_6001.58,stable_description_multi_unit,reviewed_multi_unit,needs_review,ne_ndot_6001.58,,,,,ne_ndot_aup_calendar_2021 | ne_ndot_aup_july_june_2021_2022,,,,needs_review,Same identity candidate with multiple reported units; retain every raw unit and require unit-aware review.
ne_ndot_identity_conflict_6001.59,6001.59,ne_ndot_6001.59,stable_description_multi_unit,reviewed_multi_unit,needs_review,ne_ndot_6001.59,,,,,ne_ndot_aup_calendar_2021 | ne_ndot_aup_july_june_2021_2022,,,,needs_review,Same identity candidate with multiple reported units; retain every raw unit and require unit-aware review.
ne_ndot_identity_conflict_6004.55,6004.55,ne_ndot_6004.55,normalized_equivalent,normalized_equivalent,normalized_equivalent,ne_ndot_6004.55,,,,,ne_ndot_aup_calendar_2021 | ne_ndot_aup_calendar_2025 | ne_ndot_aup_july_june_2021_2022 | ne_ndot_aup_july_june_2024_2025,,,,auto_resolved,Raw description or unit variants collapse under the conservative identity normalizer.
ne_ndot_identity_conflict_6004.60,6004.60,ne_ndot_6004.60,normalized_equivalent,normalized_equivalent,normalized_equivalent,ne_ndot_6004.60,,,,,ne_ndot_aup_calendar_2020 | ne_ndot_aup_calendar_2024 | ne_ndot_aup_july_june_2019_2020 | ne_ndot_aup_july_june_2020_2021 | ne_ndot_aup_july_june_2023_2024 | ne_ndot_aup_july_june_2024_2025,,,,auto_resolved,Raw description or unit variants collapse under the conservative identity normalizer.
ne_ndot_identity_conflict_6004.90,6004.90,ne_ndot_6004.90,normalized_equivalent,normalized_equivalent,normalized_equivalent,ne_ndot_6004.90,,,,,ne_ndot_aup_calendar_2020 | ne_ndot_aup_calendar_2024 | ne_ndot_aup_july_june_2020_2021 | ne_ndot_aup_july_june_2024_2025,,,,auto_resolved,Raw description or unit variants collapse under the conservative identity normalizer.
ne_ndot_identity_conflict_6005.13,6005.13,ne_ndot_6005.13,normalized_equivalent,normalized_equivalent,normalized_equivalent,ne_ndot_6005.13,,,,,ne_ndot_aup_calendar_2019 | ne_ndot_aup_calendar_2020 | ne_ndot_aup_calendar_2024 | ne_ndot_aup_calendar_2025 | ne_ndot_aup_july_june_2017_2018 | ne_ndot_aup_july_june_2018_2019 | ne_ndot_aup_july_june_2019_2020 | ne_ndot_aup_july_june_2020_2021 | ne_ndot_aup_july_june_2023_2024 | ne_ndot_aup_july_june_2025_2026,,,,auto_resolved,Raw description or unit variants collapse under the conservative identity normalizer.
ne_ndot_identity_conflict_6005.28,6005.28,ne_ndot_6005.28,normalized_equivalent,normalized_equivalent,normalized_equivalent,ne_ndot_6005.28,,,,,ne_ndot_aup_july_june_2017_2018,,,,auto_resolved,Raw description or unit variants collapse under the conservative identity normalizer.
ne_ndot_identity_conflict_6005.31,6005.31,ne_ndot_6005.31,normalized_equivalent,normalized_equivalent,normalized_equivalent,ne_ndot_6005.31,,,,,ne_ndot_aup_calendar_2018 | ne_ndot_aup_calendar_2019 | ne_ndot_aup_calendar_2022 | ne_ndot_aup_july_june_2017_2018 | ne_ndot_aup_july_june_2018_2019 | ne_ndot_aup_july_june_2019_2020 | ne_ndot_aup_july_june_2022_2023,,,,auto_resolved,Raw description or unit variants collapse under the conservative identity normalizer.
ne_ndot_identity_conflict_6005.32,6005.32,ne_ndot_6005.32,normalized_equivalent,normalized_equivalent,normalized_equivalent,ne_ndot_6005.32,,,,,ne_ndot_aup_calendar_2018 | ne_ndot_aup_calendar_2019 | ne_ndot_aup_calendar_2020 | ne_ndot_aup_calendar_2021 | ne_ndot_aup_calendar_2022 | ne_ndot_aup_calendar_2023 | ne_ndot_aup_calendar_2024 | ne_ndot_aup_calendar_2025 | ne_ndot_aup_july_june_2017_2018 | ne_ndot_aup_july_june_2018_2019 | ne_ndot_aup_july_june_2019_2020 | ne_ndot_aup_july_june_2020_2021 | ne_ndot_aup_july_june_2021_2022 | ne_ndot_aup_july_june_2022_2023 | ne_ndot_aup_july_june_2023_2024 | ne_ndot_aup_july_june_2024_2025 | ne_ndot_aup_july_june_2025_2026,,,,auto_resolved,Raw description or unit variants collapse under the conservative identity normalizer.
ne_ndot_identity_conflict_6005.33,6005.33,ne_ndot_6005.33,normalized_equivalent,normalized_equivalent,normalized_equivalent,ne_ndot_6005.33,,,,,ne_ndot_aup_calendar_2018 | ne_ndot_aup_calendar_2019 | ne_ndot_aup_calendar_2020 | ne_ndot_aup_calendar_2021 | ne_ndot_aup_calendar_2022 | ne_ndot_aup_calendar_2023 | ne_ndot_aup_calendar_2024 | ne_ndot_aup_july_june_2017_2018 | ne_ndot_aup_july_june_2018_2019 | ne_ndot_aup_july_june_2019_2020 | ne_ndot_aup_july_june_2020_2021 | ne_ndot_aup_july_june_2021_2022 | ne_ndot_aup_july_june_2022_2023 | ne_ndot_aup_july_june_2023_2024,,,,auto_resolved,Raw description or unit variants collapse under the conservative identity normalizer.
ne_ndot_identity_conflict_6005.34,6005.34,ne_ndot_6005.34,normalized_equivalent,normalized_equivalent,normalized_equivalent,ne_ndot_6005.34,,,,,ne_ndot_aup_calendar_2019 | ne_ndot_aup_july_june_2018_2019,,,,auto_resolved,Raw description or unit variants collapse under the conservative identity normalizer.
ne_ndot_identity_conflict_6005.35,6005.35,ne_ndot_6005.35,normalized_equivalent,normalized_equivalent,normalized_equivalent,ne_ndot_6005.35,,,,,ne_ndot_aup_calendar_2025 | ne_ndot_aup_july_june_2025_2026,,,,auto_resolved,Raw description or unit variants collapse under the conservative identity normalizer.
ne_ndot_identity_conflict_6005.36,6005.36,ne_ndot_6005.36,normalized_equivalent,normalized_equivalent,normalized_equivalent,ne_ndot_6005.36,,,,,ne_ndot_aup_calendar_2018 | ne_ndot_aup_calendar_2019 | ne_ndot_aup_calendar_2020 | ne_ndot_aup_calendar_2021 | ne_ndot_aup_calendar_2022 | ne_ndot_aup_calendar_2023 | ne_ndot_aup_calendar_2024 | ne_ndot_aup_calendar_2025 | ne_ndot_aup_july_june_2017_2018 | ne_ndot_aup_july_june_2018_2019 | ne_ndot_aup_july_june_2019_2020 | ne_ndot_aup_july_june_2020_2021 | ne_ndot_aup_july_june_2021_2022 | ne_ndot_aup_july_june_2022_2023 | ne_ndot_aup_july_june_2023_2024 | ne_ndot_aup_july_june_2024_2025 | ne_ndot_aup_july_june_2025_2026,,,,auto_resolved,Raw description or unit variants collapse under the conservative identity normalizer.
ne_ndot_identity_conflict_6005.37,6005.37,ne_ndot_6005.37,normalized_equivalent,normalized_equivalent,normalized_equivalent,ne_ndot_6005.37,,,,,ne_ndot_aup_calendar_2018 | ne_ndot_aup_calendar_2019 | ne_ndot_aup_calendar_2020 | ne_ndot_aup_calendar_2021 | ne_ndot_aup_calendar_2022 | ne_ndot_aup_calendar_2023 | ne_ndot_aup_calendar_2024 | ne_ndot_aup_calendar_2025 | ne_ndot_aup_july_june_2017_2018 | ne_ndot_aup_july_june_2018_2019 | ne_ndot_aup_july_june_2019_2020 | ne_ndot_aup_july_june_2020_2021 | ne_ndot_aup_july_june_2021_2022 | ne_ndot_aup_july_june_2022_2023 | ne_ndot_aup_july_june_2023_2024 | ne_ndot_aup_july_june_2024_2025 | ne_ndot_aup_july_june_2025_2026,,,,auto_resolved,Raw description or unit variants collapse under the conservative identity normalizer.
ne_ndot_identity_conflict_6006.56,6006.56,ne_ndot_6006.56,normalized_equivalent,normalized_equivalent,normalized_equivalent,ne_ndot_6006.56,,,,,ne_ndot_aup_calendar_2018 | ne_ndot_aup_calendar_2019 | ne_ndot_aup_calendar_2020 | ne_ndot_aup_calendar_2023 | ne_ndot_aup_calendar_2024 | ne_ndot_aup_calendar_2025 | ne_ndot_aup_july_june_2017_2018 | ne_ndot_aup_july_june_2018_2019 | ne_ndot_aup_july_june_2019_2020 | ne_ndot_aup_july_june_2020_2021 | ne_ndot_aup_july_june_2023_2024 | ne_ndot_aup_july_june_2024_2025 | ne_ndot_aup_july_june_2025_2026,,,,auto_resolved,Raw description or unit variants collapse under the conservative identity normalizer.
ne_ndot_identity_conflict_6007.01,6007.01,ne_ndot_6007.01,normalized_equivalent,normalized_equivalent,normalized_equivalent,ne_ndot_6007.01,,,,,ne_ndot_aup_calendar_2019 | ne_ndot_aup_july_june_2019_2020 | ne_ndot_aup_july_june_2025_2026,,,,auto_resolved,Raw description or unit variants collapse under the conservative identity normalizer.
ne_ndot_identity_conflict_6007.02,6007.02,ne_ndot_6007.02,normalized_equivalent,normalized_equivalent,normalized_equivalent,ne_ndot_6007.02,,,,,ne_ndot_aup_calendar_2019 | ne_ndot_aup_july_june_2019_2020 | ne_ndot_aup_july_june_2025_2026,,,,auto_resolved,Raw description or unit variants collapse under the conservative identity normalizer.
ne_ndot_identity_conflict_6007.03,6007.03,ne_ndot_6007.03,normalized_equivalent,normalized_equivalent,normalized_equivalent,ne_ndot_6007.03,,,,,ne_ndot_aup_calendar_2019 | ne_ndot_aup_july_june_2019_2020 | ne_ndot_aup_july_june_2025_2026,,,,auto_resolved,Raw description or unit variants collapse under the conservative identity normalizer.
ne_ndot_identity_conflict_6007.12,6007.12,ne_ndot_6007.12,normalized_equivalent,normalized_equivalent,normalized_equivalent,ne_ndot_6007.12,,,,,ne_ndot_aup_calendar_2018 | ne_ndot_aup_calendar_2019 | ne_ndot_aup_calendar_2020 | ne_ndot_aup_calendar_2021 | ne_ndot_aup_calendar_2022 | ne_ndot_aup_calendar_2023 | ne_ndot_aup_calendar_2024 | ne_ndot_aup_calendar_2025 | ne_ndot_aup_july_june_2017_2018 | ne_ndot_aup_july_june_2018_2019 | ne_ndot_aup_july_june_2019_2020 | ne_ndot_aup_july_june_2020_2021 | ne_ndot_aup_july_june_2021_2022 | ne_ndot_aup_july_june_2022_2023 | ne_ndot_aup_july_june_2023_2024 | ne_ndot_aup_july_june_2024_2025 | ne_ndot_aup_july_june_2025_2026,,,,auto_resolved,Raw description or unit variants collapse under the conservative identity normalizer.
ne_ndot_identity_conflict_6009.94,6009.94,ne_ndot_6009.94,normalized_equivalent,normalized_equivalent,normalized_equivalent,ne_ndot_6009.94,,,,,ne_ndot_aup_calendar_2019 | ne_ndot_aup_calendar_2023 | ne_ndot_aup_july_june_2018_2019 | ne_ndot_aup_july_june_2023_2024,,,,auto_resolved,Raw description or unit variants collapse under the conservative identity normalizer.
ne_ndot_identity_conflict_6010.22,6010.22,ne_ndot_6010.22,normalized_equivalent,normalized_equivalent,normalized_equivalent,ne_ndot_6010.22,,,,,ne_ndot_aup_calendar_2018 | ne_ndot_aup_calendar_2019 | ne_ndot_aup_calendar_2020 | ne_ndot_aup_calendar_2021 | ne_ndot_aup_calendar_2022 | ne_ndot_aup_calendar_2023 | ne_ndot_aup_calendar_2024 | ne_ndot_aup_calendar_2025 | ne_ndot_aup_july_june_2017_2018 | ne_ndot_aup_july_june_2018_2019 | ne_ndot_aup_july_june_2019_2020 | ne_ndot_aup_july_june_2020_2021 | ne_ndot_aup_july_june_2021_2022 | ne_ndot_aup_july_june_2022_2023 | ne_ndot_aup_july_june_2023_2024 | ne_ndot_aup_july_june_2024_2025 | ne_ndot_aup_july_june_2025_2026,,,,auto_resolved,Raw description or unit variants collapse under the conservative identity normalizer.
ne_ndot_identity_conflict_6010.26,6010.26,ne_ndot_6010.26,normalized_equivalent,normalized_equivalent,normalized_equivalent,ne_ndot_6010.26,,,,,ne_ndot_aup_calendar_2018 | ne_ndot_aup_calendar_2019 | ne_ndot_aup_calendar_2020 | ne_ndot_aup_calendar_2021 | ne_ndot_aup_calendar_2022 | ne_ndot_aup_calendar_2023 | ne_ndot_aup_calendar_2024 | ne_ndot_aup_calendar_2025 | ne_ndot_aup_july_june_2017_2018 | ne_ndot_aup_july_june_2018_2019 | ne_ndot_aup_july_june_2019_2020 | ne_ndot_aup_july_june_2020_2021 | ne_ndot_aup_july_june_2021_2022 | ne_ndot_aup_july_june_2022_2023 | ne_ndot_aup_july_june_2023_2024 | ne_ndot_aup_july_june_2024_2025 | ne_ndot_aup_july_june_2025_2026,,,,auto_resolved,Raw description or unit variants collapse under the conservative identity normalizer.
ne_ndot_identity_conflict_6010.28,6010.28,ne_ndot_6010.28,normalized_equivalent,normalized_equivalent,normalized_equivalent,ne_ndot_6010.28,,,,,ne_ndot_aup_calendar_2018 | ne_ndot_aup_july_june_2018_2019,,,,auto_resolved,Raw description or unit variants collapse under the conservative identity normalizer.
ne_ndot_identity_conflict_6010.36,6010.36,ne_ndot_6010.36,normalized_equivalent,normalized_equivalent,normalized_equivalent,ne_ndot_6010.36,,,,,ne_ndot_aup_calendar_2024 | ne_ndot_aup_calendar_2025 | ne_ndot_aup_july_june_2024_2025,,,,auto_resolved,Raw description or unit variants collapse under the conservative identity normalizer.
ne_ndot_identity_conflict_6010.40,6010.40,ne_ndot_6010.40,normalized_equivalent,normalized_equivalent,normalized_equivalent,ne_ndot_6010.40,,,,,ne_ndot_aup_calendar_2018 | ne_ndot_aup_calendar_2020 | ne_ndot_aup_calendar_2023 | ne_ndot_aup_calendar_2025 | ne_ndot_aup_july_june_2017_2018 | ne_ndot_aup_july_june_2018_2019 | ne_ndot_aup_july_june_2019_2020 | ne_ndot_aup_july_june_2020_2021 | ne_ndot_aup_july_june_2023_2024 | ne_ndot_aup_july_june_2024_2025 | ne_ndot_aup_july_june_2025_2026,,,,auto_resolved,Raw description or unit variants collapse under the conservative identity normalizer.
ne_ndot_identity_conflict_6010.75,6010.75,ne_ndot_6010.75,normalized_equivalent,normalized_equivalent,normalized_equivalent,ne_ndot_6010.75,,,,,ne_ndot_aup_calendar_2019 | ne_ndot_aup_calendar_2020 | ne_ndot_aup_calendar_2021 | ne_ndot_aup_calendar_2024 | ne_ndot_aup_july_june_2017_2018 | ne_ndot_aup_july_june_2018_2019 | ne_ndot_aup_july_june_2020_2021 | ne_ndot_aup_july_june_2021_2022 | ne_ndot_aup_july_june_2023_2024 | ne_ndot_aup_july_june_2025_2026,,,,auto_resolved,Raw description or unit variants collapse under the conservative identity normalizer.
ne_ndot_identity_conflict_6010.78,6010.78,ne_ndot_6010.78,normalized_equivalent,normalized_equivalent,normalized_equivalent,ne_ndot_6010.78,,,,,ne_ndot_aup_calendar_2018 | ne_ndot_aup_calendar_2020 | ne_ndot_aup_calendar_2021 | ne_ndot_aup_calendar_2022 | ne_ndot_aup_calendar_2025 | ne_ndot_aup_july_june_2017_2018 | ne_ndot_aup_july_june_2018_2019 | ne_ndot_aup_july_june_2020_2021 | ne_ndot_aup_july_june_2021_2022 | ne_ndot_aup_july_june_2022_2023 | ne_ndot_aup_july_june_2025_2026,,,,auto_resolved,Raw description or unit variants collapse under the conservative identity normalizer.
ne_ndot_identity_conflict_6011.11,6011.11,ne_ndot_6011.11,stable_description_multi_unit,reviewed_multi_unit,needs_review,ne_ndot_6011.11,,,,,ne_ndot_aup_calendar_2018 | ne_ndot_aup_calendar_2019 | ne_ndot_aup_calendar_2020 | ne_ndot_aup_calendar_2021 | ne_ndot_aup_calendar_2022 | ne_ndot_aup_calendar_2023 | ne_ndot_aup_calendar_2024 | ne_ndot_aup_calendar_2025 | ne_ndot_aup_july_june_2017_2018 | ne_ndot_aup_july_june_2018_2019 | ne_ndot_aup_july_june_2019_2020 | ne_ndot_aup_july_june_2020_2021 | ne_ndot_aup_july_june_2021_2022 | ne_ndot_aup_july_june_2022_2023 | ne_ndot_aup_july_june_2023_2024 | ne_ndot_aup_july_june_2024_2025 | ne_ndot_aup_july_june_2025_2026,,,,needs_review,Same identity candidate with multiple reported units; retain every raw unit and require unit-aware review.
ne_ndot_identity_conflict_6011.25,6011.25,ne_ndot_6011.25,normalized_equivalent,normalized_equivalent,normalized_equivalent,ne_ndot_6011.25,,,,,ne_ndot_aup_july_june_2017_2018,,,,auto_resolved,Raw description or unit variants collapse under the conservative identity normalizer.
ne_ndot_identity_conflict_6020.00,6020.00,ne_ndot_6020.00,normalized_equivalent,normalized_equivalent,normalized_equivalent,ne_ndot_6020.00,,,,,ne_ndot_aup_calendar_2018 | ne_ndot_aup_calendar_2019 | ne_ndot_aup_calendar_2020 | ne_ndot_aup_calendar_2022 | ne_ndot_aup_calendar_2023 | ne_ndot_aup_calendar_2024 | ne_ndot_aup_calendar_2025 | ne_ndot_aup_july_june_2017_2018 | ne_ndot_aup_july_june_2018_2019 | ne_ndot_aup_july_june_2019_2020 | ne_ndot_aup_july_june_2021_2022 | ne_ndot_aup_july_june_2022_2023 | ne_ndot_aup_july_june_2023_2024 | ne_ndot_aup_july_june_2024_2025 | ne_ndot_aup_july_june_2025_2026,,,,auto_resolved,Raw description or unit variants collapse under the conservative identity normalizer.
ne_ndot_identity_conflict_6020.03,6020.03,ne_ndot_6020.03,normalized_equivalent,normalized_equivalent,normalized_equivalent,ne_ndot_6020.03,,,,,ne_ndot_aup_calendar_2018 | ne_ndot_aup_calendar_2020 | ne_ndot_aup_calendar_2021 | ne_ndot_aup_calendar_2022 | ne_ndot_aup_calendar_2025 | ne_ndot_aup_july_june_2017_2018 | ne_ndot_aup_july_june_2018_2019 | ne_ndot_aup_july_june_2020_2021 | ne_ndot_aup_july_june_2021_2022 | ne_ndot_aup_july_june_2022_2023 | ne_ndot_aup_july_june_2024_2025 | ne_ndot_aup_july_june_2025_2026,,,,auto_resolved,Raw description or unit variants collapse under the conservative identity normalizer.
ne_ndot_identity_conflict_6052.51,6052.51,ne_ndot_6052.51,stable_description_multi_unit,reviewed_multi_unit,needs_review,ne_ndot_6052.51,,,,,ne_ndot_aup_calendar_2018 | ne_ndot_aup_calendar_2019 | ne_ndot_aup_calendar_2020 | ne_ndot_aup_july_june_2017_2018 | ne_ndot_aup_july_june_2018_2019 | ne_ndot_aup_july_june_2019_2020,,,,needs_review,Same identity candidate with multiple reported units; retain every raw unit and require unit-aware review.
ne_ndot_identity_conflict_6052.52,6052.52,ne_ndot_6052.52,stable_description_multi_unit,reviewed_multi_unit,needs_review,ne_ndot_6052.52,,,,,ne_ndot_aup_calendar_2018 | ne_ndot_aup_calendar_2019 | ne_ndot_aup_calendar_2020 | ne_ndot_aup_calendar_2021 | ne_ndot_aup_calendar_2022 | ne_ndot_aup_calendar_2023 | ne_ndot_aup_calendar_2024 | ne_ndot_aup_calendar_2025 | ne_ndot_aup_july_june_2018_2019 | ne_ndot_aup_july_june_2020_2021 | ne_ndot_aup_july_june_2021_2022 | ne_ndot_aup_july_june_2022_2023 | ne_ndot_aup_july_june_2023_2024 | ne_ndot_aup_july_june_2024_2025 | ne_ndot_aup_july_june_2025_2026,,,,needs_review,Same identity candidate with multiple reported units; retain every raw unit and require unit-aware review.
ne_ndot_identity_conflict_6052.55,6052.55,ne_ndot_6052.55,normalized_equivalent,normalized_equivalent,normalized_equivalent,ne_ndot_6052.55,,,,,ne_ndot_aup_calendar_2018 | ne_ndot_aup_calendar_2019 | ne_ndot_aup_calendar_2020 | ne_ndot_aup_calendar_2021 | ne_ndot_aup_calendar_2022 | ne_ndot_aup_calendar_2023 | ne_ndot_aup_calendar_2024 | ne_ndot_aup_calendar_2025 | ne_ndot_aup_july_june_2017_2018 | ne_ndot_aup_july_june_2018_2019 | ne_ndot_aup_july_june_2019_2020 | ne_ndot_aup_july_june_2020_2021 | ne_ndot_aup_july_june_2021_2022 | ne_ndot_aup_july_june_2022_2023 | ne_ndot_aup_july_june_2023_2024 | ne_ndot_aup_july_june_2024_2025 | ne_ndot_aup_july_june_2025_2026,,,,auto_resolved,Raw description or unit variants collapse under the conservative identity normalizer.
ne_ndot_identity_conflict_6070.50,6070.50,ne_ndot_6070.50,stable_description_multi_unit,reviewed_multi_unit,needs_review,ne_ndot_6070.50,,,,,ne_ndot_aup_calendar_2020 | ne_ndot_aup_calendar_2022 | ne_ndot_aup_july_june_2019_2020 | ne_ndot_aup_july_june_2021_2022,,,,needs_review,Same identity candidate with multiple reported units; retain every raw unit and require unit-aware review.
ne_ndot_identity_conflict_6071.10,6071.10,ne_ndot_6071.10,stable_description_multi_unit,reviewed_multi_unit,needs_review,ne_ndot_6071.10,,,,,ne_ndot_aup_calendar_2019 | ne_ndot_aup_july_june_2018_2019,,,,needs_review,Same identity candidate with multiple reported units; retain every raw unit and require unit-aware review.
ne_ndot_identity_conflict_6071.11,6071.11,ne_ndot_6071.11,stable_description_multi_unit,reviewed_multi_unit,needs_review,ne_ndot_6071.11,,,,,ne_ndot_aup_calendar_2018 | ne_ndot_aup_calendar_2019 | ne_ndot_aup_calendar_2021 | ne_ndot_aup_calendar_2023 | ne_ndot_aup_calendar_2025 | ne_ndot_aup_july_june_2017_2018 | ne_ndot_aup_july_june_2018_2019 | ne_ndot_aup_july_june_2019_2020 | ne_ndot_aup_july_june_2021_2022 | ne_ndot_aup_july_june_2022_2023 | ne_ndot_aup_july_june_2023_2024 | ne_ndot_aup_july_june_2025_2026,,,,needs_review,Same identity candidate with multiple reported units; retain every raw unit and require unit-aware review.
ne_ndot_identity_conflict_6071.12,6071.12,ne_ndot_6071.12,stable_description_multi_unit,reviewed_multi_unit,needs_review,ne_ndot_6071.12,,,,,ne_ndot_aup_calendar_2018 | ne_ndot_aup_calendar_2019 | ne_ndot_aup_july_june_2018_2019 | ne_ndot_aup_july_june_2019_2020,,,,needs_review,Same identity candidate with multiple reported units; retain every raw unit and require unit-aware review.
ne_ndot_identity_conflict_6080.00,6080.00,ne_ndot_6080.00,normalized_equivalent,normalized_equivalent,normalized_equivalent,ne_ndot_6080.00,,,,,ne_ndot_aup_calendar_2018 | ne_ndot_aup_calendar_2019 | ne_ndot_aup_calendar_2020 | ne_ndot_aup_calendar_2021 | ne_ndot_aup_calendar_2022 | ne_ndot_aup_calendar_2023 | ne_ndot_aup_calendar_2024 | ne_ndot_aup_calendar_2025 | ne_ndot_aup_july_june_2017_2018 | ne_ndot_aup_july_june_2018_2019 | ne_ndot_aup_july_june_2019_2020 | ne_ndot_aup_july_june_2020_2021 | ne_ndot_aup_july_june_2021_2022 | ne_ndot_aup_july_june_2022_2023 | ne_ndot_aup_july_june_2023_2024 | ne_ndot_aup_july_june_2024_2025 | ne_ndot_aup_july_june_2025_2026,,,,auto_resolved,Raw description or unit variants collapse under the conservative identity normalizer.
ne_ndot_identity_conflict_6081.00,6081.00,ne_ndot_6081.00,normalized_equivalent,normalized_equivalent,normalized_equivalent,ne_ndot_6081.00,,,,,ne_ndot_aup_calendar_2018 | ne_ndot_aup_calendar_2019 | ne_ndot_aup_calendar_2020 | ne_ndot_aup_calendar_2022 | ne_ndot_aup_calendar_2023 | ne_ndot_aup_calendar_2024 | ne_ndot_aup_calendar_2025 | ne_ndot_aup_july_june_2017_2018 | ne_ndot_aup_july_june_2018_2019 | ne_ndot_aup_july_june_2019_2020 | ne_ndot_aup_july_june_2020_2021 | ne_ndot_aup_july_june_2021_2022 | ne_ndot_aup_july_june_2022_2023 | ne_ndot_aup_july_june_2024_2025 | ne_ndot_aup_july_june_2025_2026,,,,auto_resolved,Raw description or unit variants collapse under the conservative identity normalizer.
ne_ndot_identity_conflict_6082.00,6082.00,ne_ndot_6082.00,normalized_equivalent,normalized_equivalent,normalized_equivalent,ne_ndot_6082.00,,,,,ne_ndot_aup_july_june_2017_2018,,,,auto_resolved,Raw description or unit variants collapse under the conservative identity normalizer.
ne_ndot_identity_conflict_6086.00,6086.00,ne_ndot_6086.00,normalized_equivalent,normalized_equivalent,normalized_equivalent,ne_ndot_6086.00,,,,,ne_ndot_aup_calendar_2020 | ne_ndot_aup_calendar_2021 | ne_ndot_aup_calendar_2022 | ne_ndot_aup_calendar_2023 | ne_ndot_aup_calendar_2025 | ne_ndot_aup_july_june_2017_2018 | ne_ndot_aup_july_june_2020_2021 | ne_ndot_aup_july_june_2021_2022 | ne_ndot_aup_july_june_2022_2023 | ne_ndot_aup_july_june_2024_2025,,,,auto_resolved,Raw description or unit variants collapse under the conservative identity normalizer.
ne_ndot_identity_conflict_6094.90,6094.90,ne_ndot_6094.90,normalized_equivalent,normalized_equivalent,normalized_equivalent,ne_ndot_6094.90,,,,,ne_ndot_aup_calendar_2018 | ne_ndot_aup_calendar_2019 | ne_ndot_aup_calendar_2020 | ne_ndot_aup_calendar_2023 | ne_ndot_aup_calendar_2025 | ne_ndot_aup_july_june_2017_2018 | ne_ndot_aup_july_june_2018_2019 | ne_ndot_aup_july_june_2019_2020 | ne_ndot_aup_july_june_2020_2021 | ne_ndot_aup_july_june_2023_2024 | ne_ndot_aup_july_june_2025_2026,,,,auto_resolved,Raw description or unit variants collapse under the conservative identity normalizer.
ne_ndot_identity_conflict_6102.10,6102.10,ne_ndot_6102.10,normalized_equivalent,normalized_equivalent,normalized_equivalent,ne_ndot_6102.10,,,,,ne_ndot_aup_calendar_2018 | ne_ndot_aup_july_june_2018_2019,,,,auto_resolved,Raw description or unit variants collapse under the conservative identity normalizer.
ne_ndot_identity_conflict_6103.00,6103.00,ne_ndot_6103.00,normalized_equivalent,normalized_equivalent,normalized_equivalent,ne_ndot_6103.00,,,,,ne_ndot_aup_calendar_2018 | ne_ndot_aup_calendar_2019 | ne_ndot_aup_calendar_2020 | ne_ndot_aup_july_june_2017_2018 | ne_ndot_aup_july_june_2018_2019 | ne_ndot_aup_july_june_2019_2020 | ne_ndot_aup_july_june_2020_2021 | ne_ndot_aup_july_june_2025_2026,,,,auto_resolved,Raw description or unit variants collapse under the conservative identity normalizer.
ne_ndot_identity_conflict_6105.30,6105.30,ne_ndot_6105.30,normalized_equivalent,normalized_equivalent,normalized_equivalent,ne_ndot_6105.30,,,,,ne_ndot_aup_calendar_2018 | ne_ndot_aup_calendar_2019 | ne_ndot_aup_calendar_2020 | ne_ndot_aup_calendar_2021 | ne_ndot_aup_calendar_2022 | ne_ndot_aup_calendar_2023 | ne_ndot_aup_calendar_2024 | ne_ndot_aup_calendar_2025 | ne_ndot_aup_july_june_2017_2018 | ne_ndot_aup_july_june_2018_2019 | ne_ndot_aup_july_june_2019_2020 | ne_ndot_aup_july_june_2020_2021 | ne_ndot_aup_july_june_2021_2022 | ne_ndot_aup_july_june_2022_2023 | ne_ndot_aup_july_june_2023_2024 | ne_ndot_aup_july_june_2024_2025,,,,auto_resolved,Raw description or unit variants collapse under the conservative identity normalizer.
ne_ndot_identity_conflict_6106.26,6106.26,ne_ndot_6106.26,normalized_equivalent,normalized_equivalent,normalized_equivalent,ne_ndot_6106.26,,,,,ne_ndot_aup_calendar_2020 | ne_ndot_aup_july_june_2020_2021,,,,auto_resolved,Raw description or unit variants collapse under the conservative identity normalizer.
ne_ndot_identity_conflict_6107.00,6107.00,ne_ndot_6107.00,normalized_equivalent,normalized_equivalent,normalized_equivalent,ne_ndot_6107.00,,,,,ne_ndot_aup_calendar_2018 | ne_ndot_aup_calendar_2019 | ne_ndot_aup_calendar_2020 | ne_ndot_aup_calendar_2021 | ne_ndot_aup_calendar_2023 | ne_ndot_aup_calendar_2024 | ne_ndot_aup_calendar_2025 | ne_ndot_aup_july_june_2017_2018 | ne_ndot_aup_july_june_2018_2019 | ne_ndot_aup_july_june_2019_2020 | ne_ndot_aup_july_june_2020_2021 | ne_ndot_aup_july_june_2021_2022 | ne_ndot_aup_july_june_2022_2023 | ne_ndot_aup_july_june_2023_2024 | ne_ndot_aup_july_june_2024_2025 | ne_ndot_aup_july_june_2025_2026,,,,auto_resolved,Raw description or unit variants collapse under the conservative identity normalizer.
ne_ndot_identity_conflict_6107.10,6107.10,ne_ndot_6107.10,normalized_equivalent,normalized_equivalent,normalized_equivalent,ne_ndot_6107.10,,,,,ne_ndot_aup_calendar_2018 | ne_ndot_aup_calendar_2021 | ne_ndot_aup_calendar_2023 | ne_ndot_aup_calendar_2024 | ne_ndot_aup_calendar_2025 | ne_ndot_aup_july_june_2017_2018 | ne_ndot_aup_july_june_2018_2019 | ne_ndot_aup_july_june_2020_2021 | ne_ndot_aup_july_june_2022_2023 | ne_ndot_aup_july_june_2023_2024 | ne_ndot_aup_july_june_2024_2025 | ne_ndot_aup_july_june_2025_2026,,,,auto_resolved,Raw description or unit variants collapse under the conservative identity normalizer.
ne_ndot_identity_conflict_6131.50,6131.50,ne_ndot_6131.50,normalized_equivalent,normalized_equivalent,normalized_equivalent,ne_ndot_6131.50,,,,,ne_ndot_aup_calendar_2018 | ne_ndot_aup_calendar_2019 | ne_ndot_aup_calendar_2020 | ne_ndot_aup_calendar_2021 | ne_ndot_aup_calendar_2022 | ne_ndot_aup_calendar_2023 | ne_ndot_aup_calendar_2024 | ne_ndot_aup_calendar_2025 | ne_ndot_aup_july_june_2017_2018 | ne_ndot_aup_july_june_2018_2019 | ne_ndot_aup_july_june_2019_2020 | ne_ndot_aup_july_june_2020_2021 | ne_ndot_aup_july_june_2021_2022 | ne_ndot_aup_july_june_2022_2023 | ne_ndot_aup_july_june_2023_2024 | ne_ndot_aup_july_june_2024_2025 | ne_ndot_aup_july_june_2025_2026,,,,auto_resolved,Raw description or unit variants collapse under the conservative identity normalizer.
ne_ndot_identity_conflict_6131.61,6131.61,ne_ndot_6131.61,normalized_equivalent,normalized_equivalent,normalized_equivalent,ne_ndot_6131.61,,,,,ne_ndot_aup_calendar_2018 | ne_ndot_aup_calendar_2020 | ne_ndot_aup_calendar_2023 | ne_ndot_aup_calendar_2025 | ne_ndot_aup_july_june_2017_2018 | ne_ndot_aup_july_june_2018_2019 | ne_ndot_aup_july_june_2019_2020 | ne_ndot_aup_july_june_2020_2021 | ne_ndot_aup_july_june_2023_2024 | ne_ndot_aup_july_june_2024_2025 | ne_ndot_aup_july_june_2025_2026,,,,auto_resolved,Raw description or unit variants collapse under the conservative identity normalizer.
ne_ndot_identity_conflict_6131.75,6131.75,ne_ndot_6131.75,normalized_equivalent,normalized_equivalent,normalized_equivalent,ne_ndot_6131.75,,,,,ne_ndot_aup_calendar_2019 | ne_ndot_aup_calendar_2020 | ne_ndot_aup_calendar_2021 | ne_ndot_aup_calendar_2024 | ne_ndot_aup_july_june_2017_2018 | ne_ndot_aup_july_june_2018_2019 | ne_ndot_aup_july_june_2020_2021 | ne_ndot_aup_july_june_2021_2022 | ne_ndot_aup_july_june_2023_2024 | ne_ndot_aup_july_june_2025_2026,,,,auto_resolved,Raw description or unit variants collapse under the conservative identity normalizer.
ne_ndot_identity_conflict_6131.91,6131.91,ne_ndot_6131.91,description_variant,source_text_correction_or_reviewed_variant,needs_review,ne_ndot_6131.91,,,,,ne_ndot_aup_calendar_2019 | ne_ndot_aup_july_june_2017_2018 | ne_ndot_aup_july_june_2018_2019,,,,needs_review,Description variants remain after conservative normalization; inspect source pages before changing identity.
ne_ndot_identity_conflict_6133.08,6133.08,ne_ndot_6133.08,normalized_equivalent,normalized_equivalent,normalized_equivalent,ne_ndot_6133.08,,,,,ne_ndot_aup_calendar_2018 | ne_ndot_aup_calendar_2019 | ne_ndot_aup_calendar_2020 | ne_ndot_aup_calendar_2021 | ne_ndot_aup_calendar_2022 | ne_ndot_aup_calendar_2023 | ne_ndot_aup_calendar_2024 | ne_ndot_aup_calendar_2025 | ne_ndot_aup_july_june_2017_2018 | ne_ndot_aup_july_june_2018_2019 | ne_ndot_aup_july_june_2019_2020 | ne_ndot_aup_july_june_2020_2021 | ne_ndot_aup_july_june_2021_2022 | ne_ndot_aup_july_june_2022_2023 | ne_ndot_aup_july_june_2023_2024 | ne_ndot_aup_july_june_2024_2025 | ne_ndot_aup_july_june_2025_2026,,,,auto_resolved,Raw description or unit variants collapse under the conservative identity normalizer.
ne_ndot_identity_conflict_6133.09,6133.09,ne_ndot_6133.09,normalized_equivalent,normalized_equivalent,normalized_equivalent,ne_ndot_6133.09,,,,,ne_ndot_aup_calendar_2021 | ne_ndot_aup_july_june_2017_2018 | ne_ndot_aup_july_june_2020_2021,,,,auto_resolved,Raw description or unit variants collapse under the conservative identity normalizer.
ne_ndot_identity_conflict_6133.13,6133.13,ne_ndot_6133.13,stable_description_multi_unit,reviewed_multi_unit,needs_review,ne_ndot_6133.13,,,,,ne_ndot_aup_calendar_2018 | ne_ndot_aup_calendar_2019 | ne_ndot_aup_calendar_2020 | ne_ndot_aup_calendar_2023 | ne_ndot_aup_july_june_2018_2019 | ne_ndot_aup_july_june_2019_2020 | ne_ndot_aup_july_june_2022_2023 | ne_ndot_aup_july_june_2025_2026,,,,needs_review,Same identity candidate with multiple reported units; retain every raw unit and require unit-aware review.
ne_ndot_identity_conflict_6133.15,6133.15,ne_ndot_6133.15,normalized_equivalent,normalized_equivalent,normalized_equivalent,ne_ndot_6133.15,,,,,ne_ndot_aup_calendar_2019 | ne_ndot_aup_calendar_2020 | ne_ndot_aup_calendar_2025 | ne_ndot_aup_july_june_2019_2020 | ne_ndot_aup_july_june_2020_2021 | ne_ndot_aup_july_june_2025_2026,,,,auto_resolved,Raw description or unit variants collapse under the conservative identity normalizer.
ne_ndot_identity_conflict_6139.50,6139.50,ne_ndot_6139.50,normalized_equivalent,normalized_equivalent,normalized_equivalent,ne_ndot_6139.50,,,,,ne_ndot_aup_calendar_2018 | ne_ndot_aup_calendar_2019 | ne_ndot_aup_calendar_2020 | ne_ndot_aup_calendar_2021 | ne_ndot_aup_calendar_2022 | ne_ndot_aup_calendar_2023 | ne_ndot_aup_calendar_2024 | ne_ndot_aup_calendar_2025 | ne_ndot_aup_july_june_2017_2018 | ne_ndot_aup_july_june_2018_2019 | ne_ndot_aup_july_june_2019_2020 | ne_ndot_aup_july_june_2020_2021 | ne_ndot_aup_july_june_2021_2022 | ne_ndot_aup_july_june_2022_2023 | ne_ndot_aup_july_june_2023_2024 | ne_ndot_aup_july_june_2024_2025 | ne_ndot_aup_july_june_2025_2026,,,,auto_resolved,Raw description or unit variants collapse under the conservative identity normalizer.
ne_ndot_identity_conflict_6140.00,6140.00,ne_ndot_6140.00,normalized_equivalent,normalized_equivalent,normalized_equivalent,ne_ndot_6140.00,,,,,ne_ndot_aup_calendar_2020 | ne_ndot_aup_july_june_2020_2021,,,,auto_resolved,Raw description or unit variants collapse under the conservative identity normalizer.
ne_ndot_identity_conflict_6200.00,6200.00,ne_ndot_6200.00,normalized_equivalent,normalized_equivalent,normalized_equivalent,ne_ndot_6200.00,,,,,ne_ndot_aup_calendar_2018 | ne_ndot_aup_calendar_2019 | ne_ndot_aup_calendar_2020 | ne_ndot_aup_calendar_2021 | ne_ndot_aup_calendar_2022 | ne_ndot_aup_calendar_2023 | ne_ndot_aup_calendar_2024 | ne_ndot_aup_july_june_2017_2018 | ne_ndot_aup_july_june_2018_2019 | ne_ndot_aup_july_june_2019_2020 | ne_ndot_aup_july_june_2020_2021 | ne_ndot_aup_july_june_2021_2022 | ne_ndot_aup_july_june_2022_2023 | ne_ndot_aup_july_june_2023_2024 | ne_ndot_aup_july_june_2024_2025,,,,auto_resolved,Raw description or unit variants collapse under the conservative identity normalizer.
ne_ndot_identity_conflict_6210.10,6210.10,ne_ndot_6210.10,normalized_equivalent,normalized_equivalent,normalized_equivalent,ne_ndot_6210.10,,,,,ne_ndot_aup_calendar_2018 | ne_ndot_aup_july_june_2017_2018,,,,auto_resolved,Raw description or unit variants collapse under the conservative identity normalizer.
ne_ndot_identity_conflict_6210.12,6210.12,ne_ndot_6210.12,normalized_equivalent,normalized_equivalent,normalized_equivalent,ne_ndot_6210.12,,,,,ne_ndot_aup_calendar_2018 | ne_ndot_aup_calendar_2019 | ne_ndot_aup_calendar_2020 | ne_ndot_aup_calendar_2023 | ne_ndot_aup_calendar_2024 | ne_ndot_aup_july_june_2019_2020 | ne_ndot_aup_july_june_2020_2021 | ne_ndot_aup_july_june_2023_2024 | ne_ndot_aup_july_june_2024_2025,,,,auto_resolved,Raw description or unit variants collapse under the conservative identity normalizer.
ne_ndot_identity_conflict_6210.14,6210.14,ne_ndot_6210.14,normalized_equivalent,normalized_equivalent,normalized_equivalent,ne_ndot_6210.14,,,,,ne_ndot_aup_calendar_2018 | ne_ndot_aup_calendar_2019 | ne_ndot_aup_calendar_2020 | ne_ndot_aup_calendar_2021 | ne_ndot_aup_calendar_2022 | ne_ndot_aup_calendar_2023 | ne_ndot_aup_calendar_2024 | ne_ndot_aup_calendar_2025 | ne_ndot_aup_july_june_2017_2018 | ne_ndot_aup_july_june_2018_2019 | ne_ndot_aup_july_june_2019_2020 | ne_ndot_aup_july_june_2020_2021 | ne_ndot_aup_july_june_2021_2022 | ne_ndot_aup_july_june_2022_2023 | ne_ndot_aup_july_june_2023_2024 | ne_ndot_aup_july_june_2024_2025 | ne_ndot_aup_july_june_2025_2026,,,,auto_resolved,Raw description or unit variants collapse under the conservative identity normalizer.
ne_ndot_identity_conflict_6210.16,6210.16,ne_ndot_6210.16,normalized_equivalent,normalized_equivalent,normalized_equivalent,ne_ndot_6210.16,,,,,ne_ndot_aup_july_june_2017_2018,,,,auto_resolved,Raw description or unit variants collapse under the conservative identity normalizer.
ne_ndot_identity_conflict_6210.18,6210.18,ne_ndot_6210.18,normalized_equivalent,normalized_equivalent,normalized_equivalent,ne_ndot_6210.18,,,,,ne_ndot_aup_calendar_2023 | ne_ndot_aup_july_june_2017_2018 | ne_ndot_aup_july_june_2022_2023,,,,auto_resolved,Raw description or unit variants collapse under the conservative identity normalizer.
ne_ndot_identity_conflict_6210.19,6210.19,ne_ndot_6210.19,normalized_equivalent,normalized_equivalent,normalized_equivalent,ne_ndot_6210.19,,,,,ne_ndot_aup_calendar_2018 | ne_ndot_aup_calendar_2024 | ne_ndot_aup_july_june_2017_2018 | ne_ndot_aup_july_june_2024_2025,,,,auto_resolved,Raw description or unit variants collapse under the conservative identity normalizer.
ne_ndot_identity_conflict_6210.20,6210.20,ne_ndot_6210.20,normalized_equivalent,normalized_equivalent,normalized_equivalent,ne_ndot_6210.20,,,,,ne_ndot_aup_calendar_2021 | ne_ndot_aup_july_june_2021_2022,,,,auto_resolved,Raw description or unit variants collapse under the conservative identity normalizer.
ne_ndot_identity_conflict_6210.21,6210.21,ne_ndot_6210.21,normalized_equivalent,normalized_equivalent,normalized_equivalent,ne_ndot_6210.21,,,,,ne_ndot_aup_calendar_2019 | ne_ndot_aup_calendar_2020 | ne_ndot_aup_calendar_2021 | ne_ndot_aup_calendar_2022 | ne_ndot_aup_calendar_2023 | ne_ndot_aup_calendar_2024 | ne_ndot_aup_calendar_2025 | ne_ndot_aup_july_june_2017_2018 | ne_ndot_aup_july_june_2019_2020 | ne_ndot_aup_july_june_2020_2021 | ne_ndot_aup_july_june_2021_2022 | ne_ndot_aup_july_june_2022_2023 | ne_ndot_aup_july_june_2023_2024 | ne_ndot_aup_july_june_2024_2025 | ne_ndot_aup_july_june_2025_2026,,,,auto_resolved,Raw description or unit variants collapse under the conservative identity normalizer.
ne_ndot_identity_conflict_6210.24,6210.24,ne_ndot_6210.24,normalized_equivalent,normalized_equivalent,normalized_equivalent,ne_ndot_6210.24,,,,,ne_ndot_aup_calendar_2025 | ne_ndot_aup_july_june_2025_2026,,,,auto_resolved,Raw description or unit variants collapse under the conservative identity normalizer.
ne_ndot_identity_conflict_6210.50,6210.50,ne_ndot_6210.50,normalized_equivalent,normalized_equivalent,normalized_equivalent,ne_ndot_6210.50,,,,,ne_ndot_aup_calendar_2018 | ne_ndot_aup_calendar_2019 | ne_ndot_aup_calendar_2020 | ne_ndot_aup_calendar_2021 | ne_ndot_aup_calendar_2022 | ne_ndot_aup_calendar_2023 | ne_ndot_aup_calendar_2024 | ne_ndot_aup_calendar_2025 | ne_ndot_aup_july_june_2017_2018 | ne_ndot_aup_july_june_2018_2019 | ne_ndot_aup_july_june_2019_2020 | ne_ndot_aup_july_june_2020_2021 | ne_ndot_aup_july_june_2021_2022 | ne_ndot_aup_july_june_2022_2023 | ne_ndot_aup_july_june_2023_2024 | ne_ndot_aup_july_june_2024_2025 | ne_ndot_aup_july_june_2025_2026,,,,auto_resolved,Raw description or unit variants collapse under the conservative identity normalizer.
ne_ndot_identity_conflict_6251.40,6251.40,ne_ndot_6251.40,normalized_equivalent,normalized_equivalent,normalized_equivalent,ne_ndot_6251.40,,,,,ne_ndot_aup_calendar_2018 | ne_ndot_aup_calendar_2019 | ne_ndot_aup_calendar_2021 | ne_ndot_aup_calendar_2022 | ne_ndot_aup_calendar_2023 | ne_ndot_aup_calendar_2025 | ne_ndot_aup_july_june_2017_2018 | ne_ndot_aup_july_june_2018_2019 | ne_ndot_aup_july_june_2020_2021 | ne_ndot_aup_july_june_2021_2022 | ne_ndot_aup_july_june_2022_2023 | ne_ndot_aup_july_june_2025_2026,,,,auto_resolved,Raw description or unit variants collapse under the conservative identity normalizer.
ne_ndot_identity_conflict_6251.47,6251.47,ne_ndot_6251.47,normalized_equivalent,normalized_equivalent,normalized_equivalent,ne_ndot_6251.47,,,,,ne_ndot_aup_calendar_2018 | ne_ndot_aup_calendar_2021 | ne_ndot_aup_calendar_2022 | ne_ndot_aup_calendar_2023 | ne_ndot_aup_calendar_2024 | ne_ndot_aup_calendar_2025 | ne_ndot_aup_july_june_2020_2021 | ne_ndot_aup_july_june_2021_2022 | ne_ndot_aup_july_june_2022_2023 | ne_ndot_aup_july_june_2023_2024 | ne_ndot_aup_july_june_2025_2026,,,,auto_resolved,Raw description or unit variants collapse under the conservative identity normalizer.
ne_ndot_identity_conflict_6251.50,6251.50,ne_ndot_6251.50,normalized_equivalent,normalized_equivalent,normalized_equivalent,ne_ndot_6251.50,,,,,ne_ndot_aup_calendar_2018 | ne_ndot_aup_calendar_2019 | ne_ndot_aup_july_june_2017_2018 | ne_ndot_aup_july_june_2018_2019,,,,auto_resolved,Raw description or unit variants collapse under the conservative identity normalizer.
ne_ndot_identity_conflict_6300.00,6300.00,ne_ndot_6300.00,normalized_equivalent,normalized_equivalent,normalized_equivalent,ne_ndot_6300.00,,,,,ne_ndot_aup_july_june_2017_2018,,,,auto_resolved,Raw description or unit variants collapse under the conservative identity normalizer.
ne_ndot_identity_conflict_6310.00,6310.00,ne_ndot_6310.00,normalized_equivalent,normalized_equivalent,normalized_equivalent,ne_ndot_6310.00,,,,,ne_ndot_aup_calendar_2018 | ne_ndot_aup_calendar_2019 | ne_ndot_aup_calendar_2020 | ne_ndot_aup_calendar_2021 | ne_ndot_aup_calendar_2022 | ne_ndot_aup_calendar_2023 | ne_ndot_aup_calendar_2024 | ne_ndot_aup_calendar_2025 | ne_ndot_aup_july_june_2017_2018 | ne_ndot_aup_july_june_2018_2019 | ne_ndot_aup_july_june_2019_2020 | ne_ndot_aup_july_june_2020_2021 | ne_ndot_aup_july_june_2021_2022 | ne_ndot_aup_july_june_2022_2023 | ne_ndot_aup_july_june_2023_2024 | ne_ndot_aup_july_june_2024_2025 | ne_ndot_aup_july_june_2025_2026,,,,auto_resolved,Raw description or unit variants collapse under the conservative identity normalizer.
ne_ndot_identity_conflict_6310.30,6310.30,ne_ndot_6310.30,normalized_equivalent,normalized_equivalent,normalized_equivalent,ne_ndot_6310.30,,,,,ne_ndot_aup_calendar_2019 | ne_ndot_aup_july_june_2019_2020,,,,auto_resolved,Raw description or unit variants collapse under the conservative identity normalizer.
ne_ndot_identity_conflict_6322.00,6322.00,ne_ndot_6322.00,normalized_equivalent,normalized_equivalent,normalized_equivalent,ne_ndot_6322.00,,,,,ne_ndot_aup_calendar_2022 | ne_ndot_aup_july_june_2022_2023,,,,auto_resolved,Raw description or unit variants collapse under the conservative identity normalizer.
ne_ndot_identity_conflict_6401.00,6401.00,ne_ndot_6401.00,normalized_equivalent,normalized_equivalent,normalized_equivalent,ne_ndot_6401.00,,,,,ne_ndot_aup_calendar_2018 | ne_ndot_aup_calendar_2019 | ne_ndot_aup_calendar_2020 | ne_ndot_aup_calendar_2021 | ne_ndot_aup_calendar_2022 | ne_ndot_aup_calendar_2023 | ne_ndot_aup_calendar_2025 | ne_ndot_aup_july_june_2017_2018 | ne_ndot_aup_july_june_2018_2019 | ne_ndot_aup_july_june_2019_2020 | ne_ndot_aup_july_june_2020_2021 | ne_ndot_aup_july_june_2021_2022 | ne_ndot_aup_july_june_2022_2023 | ne_ndot_aup_july_june_2023_2024 | ne_ndot_aup_july_june_2024_2025 | ne_ndot_aup_july_june_2025_2026,,,,auto_resolved,Raw description or unit variants collapse under the conservative identity normalizer.
ne_ndot_identity_conflict_6404.00,6404.00,ne_ndot_6404.00,normalized_equivalent,normalized_equivalent,normalized_equivalent,ne_ndot_6404.00,,,,,ne_ndot_aup_calendar_2019 | ne_ndot_aup_calendar_2020 | ne_ndot_aup_calendar_2021 | ne_ndot_aup_calendar_2023 | ne_ndot_aup_calendar_2024 | ne_ndot_aup_calendar_2025 | ne_ndot_aup_july_june_2017_2018 | ne_ndot_aup_july_june_2018_2019 | ne_ndot_aup_july_june_2019_2020 | ne_ndot_aup_july_june_2020_2021 | ne_ndot_aup_july_june_2021_2022 | ne_ndot_aup_july_june_2022_2023 | ne_ndot_aup_july_june_2023_2024 | ne_ndot_aup_july_june_2024_2025 | ne_ndot_aup_july_june_2025_2026,,,,auto_resolved,Raw description or unit variants collapse under the conservative identity normalizer.
ne_ndot_identity_conflict_6404.06,6404.06,ne_ndot_6404.06,normalized_equivalent,normalized_equivalent,normalized_equivalent,ne_ndot_6404.06,,,,,ne_ndot_aup_calendar_2019 | ne_ndot_aup_july_june_2019_2020,,,,auto_resolved,Raw description or unit variants collapse under the conservative identity normalizer.
ne_ndot_identity_conflict_6404.10,6404.10,ne_ndot_6404.10,normalized_equivalent,normalized_equivalent,normalized_equivalent,ne_ndot_6404.10,,,,,ne_ndot_aup_calendar_2023 | ne_ndot_aup_july_june_2022_2023,,,,auto_resolved,Raw description or unit variants collapse under the conservative identity normalizer.
ne_ndot_identity_conflict_6404.15,6404.15,ne_ndot_6404.15,normalized_equivalent,normalized_equivalent,normalized_equivalent,ne_ndot_6404.15,,,,,ne_ndot_aup_july_june_2017_2018,,,,auto_resolved,Raw description or unit variants collapse under the conservative identity normalizer.
ne_ndot_identity_conflict_6404.16,6404.16,ne_ndot_6404.16,normalized_equivalent,normalized_equivalent,normalized_equivalent,ne_ndot_6404.16,,,,,ne_ndot_aup_calendar_2023 | ne_ndot_aup_calendar_2025 | ne_ndot_aup_july_june_2023_2024 | ne_ndot_aup_july_june_2025_2026,,,,auto_resolved,Raw description or unit variants collapse under the conservative identity normalizer.
ne_ndot_identity_conflict_6404.17,6404.17,ne_ndot_6404.17,normalized_equivalent,normalized_equivalent,normalized_equivalent,ne_ndot_6404.17,,,,,ne_ndot_aup_calendar_2018 | ne_ndot_aup_calendar_2019 | ne_ndot_aup_calendar_2020 | ne_ndot_aup_calendar_2023 | ne_ndot_aup_july_june_2017_2018 | ne_ndot_aup_july_june_2018_2019 | ne_ndot_aup_july_june_2019_2020 | ne_ndot_aup_july_june_2020_2021 | ne_ndot_aup_july_june_2023_2024,,,,auto_resolved,Raw description or unit variants collapse under the conservative identity normalizer.
ne_ndot_identity_conflict_6404.50,6404.50,ne_ndot_6404.50,normalized_equivalent,normalized_equivalent,normalized_equivalent,ne_ndot_6404.50,,,,,ne_ndot_aup_calendar_2020 | ne_ndot_aup_calendar_2022 | ne_ndot_aup_calendar_2023 | ne_ndot_aup_calendar_2025 | ne_ndot_aup_july_june_2019_2020 | ne_ndot_aup_july_june_2021_2022 | ne_ndot_aup_july_june_2022_2023 | ne_ndot_aup_july_june_2023_2024 | ne_ndot_aup_july_june_2025_2026,,,,auto_resolved,Raw description or unit variants collapse under the conservative identity normalizer.
ne_ndot_identity_conflict_6404.52,6404.52,ne_ndot_6404.52,normalized_equivalent,normalized_equivalent,normalized_equivalent,ne_ndot_6404.52,,,,,ne_ndot_aup_calendar_2020 | ne_ndot_aup_july_june_2019_2020,,,,auto_resolved,Raw description or unit variants collapse under the conservative identity normalizer.
ne_ndot_identity_conflict_6404.54,6404.54,ne_ndot_6404.54,normalized_equivalent,normalized_equivalent,normalized_equivalent,ne_ndot_6404.54,,,,,ne_ndot_aup_calendar_2020 | ne_ndot_aup_july_june_2019_2020,,,,auto_resolved,Raw description or unit variants collapse under the conservative identity normalizer.
ne_ndot_identity_conflict_6406.00,6406.00,ne_ndot_6406.00,normalized_equivalent,normalized_equivalent,normalized_equivalent,ne_ndot_6406.00,,,,,ne_ndot_aup_calendar_2019 | ne_ndot_aup_calendar_2020 | ne_ndot_aup_calendar_2021 | ne_ndot_aup_calendar_2022 | ne_ndot_aup_calendar_2023 | ne_ndot_aup_calendar_2024 | ne_ndot_aup_calendar_2025 | ne_ndot_aup_july_june_2017_2018 | ne_ndot_aup_july_june_2019_2020 | ne_ndot_aup_july_june_2020_2021 | ne_ndot_aup_july_june_2021_2022 | ne_ndot_aup_july_june_2023_2024 | ne_ndot_aup_july_june_2024_2025 | ne_ndot_aup_july_june_2025_2026,,,,auto_resolved,Raw description or unit variants collapse under the conservative identity normalizer.
ne_ndot_identity_conflict_6406.25,6406.25,ne_ndot_6406.25,normalized_equivalent,normalized_equivalent,normalized_equivalent,ne_ndot_6406.25,,,,,ne_ndot_aup_calendar_2021 | ne_ndot_aup_july_june_2021_2022,,,,auto_resolved,Raw description or unit variants collapse under the conservative identity normalizer.
ne_ndot_identity_conflict_6430.00,6430.00,ne_ndot_6430.00,stable_description_multi_unit,reviewed_multi_unit,needs_review,ne_ndot_6430.00,,,,,ne_ndot_aup_calendar_2018 | ne_ndot_aup_calendar_2023 | ne_ndot_aup_calendar_2024 | ne_ndot_aup_calendar_2025 | ne_ndot_aup_july_june_2018_2019 | ne_ndot_aup_july_june_2022_2023 | ne_ndot_aup_july_june_2024_2025,,,,needs_review,Same identity candidate with multiple reported units; retain every raw unit and require unit-aware review.
ne_ndot_identity_conflict_6430.40,6430.40,ne_ndot_6430.40,normalized_equivalent,normalized_equivalent,normalized_equivalent,ne_ndot_6430.40,,,,,ne_ndot_aup_calendar_2018 | ne_ndot_aup_calendar_2019 | ne_ndot_aup_calendar_2021 | ne_ndot_aup_calendar_2023 | ne_ndot_aup_calendar_2025 | ne_ndot_aup_july_june_2017_2018 | ne_ndot_aup_july_june_2018_2019 | ne_ndot_aup_july_june_2019_2020 | ne_ndot_aup_july_june_2020_2021 | ne_ndot_aup_july_june_2021_2022 | ne_ndot_aup_july_june_2022_2023 | ne_ndot_aup_july_june_2024_2025 | ne_ndot_aup_july_june_2025_2026,,,,auto_resolved,Raw description or unit variants collapse under the conservative identity normalizer.
ne_ndot_identity_conflict_6430.49,6430.49,ne_ndot_6430.49,normalized_equivalent,normalized_equivalent,normalized_equivalent,ne_ndot_6430.49,,,,,ne_ndot_aup_calendar_2019 | ne_ndot_aup_calendar_2020 | ne_ndot_aup_calendar_2021 | ne_ndot_aup_calendar_2022 | ne_ndot_aup_calendar_2023 | ne_ndot_aup_july_june_2017_2018 | ne_ndot_aup_july_june_2019_2020 | ne_ndot_aup_july_june_2020_2021 | ne_ndot_aup_july_june_2021_2022 | ne_ndot_aup_july_june_2022_2023,,,,auto_resolved,Raw description or unit variants collapse under the conservative identity normalizer.
ne_ndot_identity_conflict_6433.00,6433.00,ne_ndot_6433.00,stable_description_multi_unit,reviewed_multi_unit,needs_review,ne_ndot_6433.00,,,,,ne_ndot_aup_calendar_2018 | ne_ndot_aup_calendar_2019 | ne_ndot_aup_calendar_2020 | ne_ndot_aup_calendar_2021 | ne_ndot_aup_calendar_2022 | ne_ndot_aup_calendar_2023 | ne_ndot_aup_calendar_2024 | ne_ndot_aup_calendar_2025 | ne_ndot_aup_july_june_2017_2018 | ne_ndot_aup_july_june_2018_2019 | ne_ndot_aup_july_june_2019_2020 | ne_ndot_aup_july_june_2020_2021 | ne_ndot_aup_july_june_2021_2022 | ne_ndot_aup_july_june_2022_2023 | ne_ndot_aup_july_june_2023_2024 | ne_ndot_aup_july_june_2024_2025,,,,needs_review,Same identity candidate with multiple reported units; retain every raw unit and require unit-aware review.
ne_ndot_identity_conflict_6510.51,6510.51,ne_ndot_6510.51,normalized_equivalent,normalized_equivalent,normalized_equivalent,ne_ndot_6510.51,,,,,ne_ndot_aup_calendar_2020 | ne_ndot_aup_calendar_2021 | ne_ndot_aup_calendar_2024 | ne_ndot_aup_calendar_2025 | ne_ndot_aup_july_june_2017_2018 | ne_ndot_aup_july_june_2020_2021 | ne_ndot_aup_july_june_2021_2022 | ne_ndot_aup_july_june_2023_2024 | ne_ndot_aup_july_june_2024_2025 | ne_ndot_aup_july_june_2025_2026,,,,auto_resolved,Raw description or unit variants collapse under the conservative identity normalizer.
ne_ndot_identity_conflict_6510.55,6510.55,ne_ndot_6510.55,stable_description_multi_unit,reviewed_multi_unit,needs_review,ne_ndot_6510.55,,,,,ne_ndot_aup_calendar_2018 | ne_ndot_aup_calendar_2019 | ne_ndot_aup_calendar_2020 | ne_ndot_aup_calendar_2021 | ne_ndot_aup_calendar_2022 | ne_ndot_aup_calendar_2023 | ne_ndot_aup_calendar_2024 | ne_ndot_aup_calendar_2025 | ne_ndot_aup_july_june_2017_2018 | ne_ndot_aup_july_june_2018_2019 | ne_ndot_aup_july_june_2019_2020 | ne_ndot_aup_july_june_2020_2021 | ne_ndot_aup_july_june_2021_2022 | ne_ndot_aup_july_june_2022_2023 | ne_ndot_aup_july_june_2023_2024 | ne_ndot_aup_july_june_2024_2025 | ne_ndot_aup_july_june_2025_2026,,,,needs_review,Same identity candidate with multiple reported units; retain every raw unit and require unit-aware review.
ne_ndot_identity_conflict_6510.60,6510.60,ne_ndot_6510.60,stable_description_multi_unit,reviewed_multi_unit,needs_review,ne_ndot_6510.60,,,,,ne_ndot_aup_calendar_2018 | ne_ndot_aup_calendar_2019 | ne_ndot_aup_calendar_2020 | ne_ndot_aup_calendar_2021 | ne_ndot_aup_calendar_2022 | ne_ndot_aup_calendar_2023 | ne_ndot_aup_calendar_2024 | ne_ndot_aup_calendar_2025 | ne_ndot_aup_july_june_2017_2018 | ne_ndot_aup_july_june_2018_2019 | ne_ndot_aup_july_june_2019_2020 | ne_ndot_aup_july_june_2020_2021 | ne_ndot_aup_july_june_2021_2022 | ne_ndot_aup_july_june_2022_2023 | ne_ndot_aup_july_june_2023_2024 | ne_ndot_aup_july_june_2024_2025 | ne_ndot_aup_july_june_2025_2026,,,,needs_review,Same identity candidate with multiple reported units; retain every raw unit and require unit-aware review.
ne_ndot_identity_conflict_6510.65,6510.65,ne_ndot_6510.65,normalized_equivalent,normalized_equivalent,normalized_equivalent,ne_ndot_6510.65,,,,,ne_ndot_aup_calendar_2020 | ne_ndot_aup_calendar_2024 | ne_ndot_aup_calendar_2025 | ne_ndot_aup_july_june_2020_2021 | ne_ndot_aup_july_june_2024_2025 | ne_ndot_aup_july_june_2025_2026,,,,auto_resolved,Raw description or unit variants collapse under the conservative identity normalizer.
ne_ndot_identity_conflict_6600.01,6600.01,ne_ndot_6600.01,normalized_equivalent,normalized_equivalent,normalized_equivalent,ne_ndot_6600.01,,,,,ne_ndot_aup_calendar_2020 | ne_ndot_aup_july_june_2019_2020,,,,auto_resolved,Raw description or unit variants collapse under the conservative identity normalizer.
ne_ndot_identity_conflict_6600.02,6600.02,ne_ndot_6600.02,normalized_equivalent,normalized_equivalent,normalized_equivalent,ne_ndot_6600.02,,,,,ne_ndot_aup_calendar_2018 | ne_ndot_aup_calendar_2019 | ne_ndot_aup_calendar_2020 | ne_ndot_aup_calendar_2021 | ne_ndot_aup_calendar_2022 | ne_ndot_aup_calendar_2024 | ne_ndot_aup_calendar_2025 | ne_ndot_aup_july_june_2017_2018 | ne_ndot_aup_july_june_2018_2019 | ne_ndot_aup_july_june_2019_2020 | ne_ndot_aup_july_june_2020_2021 | ne_ndot_aup_july_june_2022_2023 | ne_ndot_aup_july_june_2023_2024 | ne_ndot_aup_july_june_2024_2025 | ne_ndot_aup_july_june_2025_2026,,,,auto_resolved,Raw description or unit variants collapse under the conservative identity normalizer.
ne_ndot_identity_conflict_6600.03,6600.03,ne_ndot_6600.03,normalized_equivalent,normalized_equivalent,normalized_equivalent,ne_ndot_6600.03,,,,,ne_ndot_aup_calendar_2019 | ne_ndot_aup_calendar_2020 | ne_ndot_aup_calendar_2022 | ne_ndot_aup_july_june_2017_2018 | ne_ndot_aup_july_june_2019_2020 | ne_ndot_aup_july_june_2020_2021 | ne_ndot_aup_july_june_2022_2023,,,,auto_resolved,Raw description or unit variants collapse under the conservative identity normalizer.
ne_ndot_identity_conflict_6600.04,6600.04,ne_ndot_6600.04,normalized_equivalent,normalized_equivalent,normalized_equivalent,ne_ndot_6600.04,,,,,ne_ndot_aup_calendar_2020 | ne_ndot_aup_july_june_2020_2021,,,,auto_resolved,Raw description or unit variants collapse under the conservative identity normalizer.
ne_ndot_identity_conflict_6601.03,6601.03,ne_ndot_6601.03,normalized_equivalent,normalized_equivalent,normalized_equivalent,ne_ndot_6601.03,,,,,ne_ndot_aup_calendar_2020 | ne_ndot_aup_july_june_2019_2020,,,,auto_resolved,Raw description or unit variants collapse under the conservative identity normalizer.
ne_ndot_identity_conflict_6601.14,6601.14,ne_ndot_6601.14,normalized_equivalent,normalized_equivalent,normalized_equivalent,ne_ndot_6601.14,,,,,ne_ndot_aup_calendar_2018 | ne_ndot_aup_july_june_2018_2019,,,,auto_resolved,Raw description or unit variants collapse under the conservative identity normalizer.
ne_ndot_identity_conflict_6601.15,6601.15,ne_ndot_6601.15,normalized_equivalent,normalized_equivalent,normalized_equivalent,ne_ndot_6601.15,,,,,ne_ndot_aup_calendar_2018 | ne_ndot_aup_calendar_2019 | ne_ndot_aup_calendar_2020 | ne_ndot_aup_calendar_2021 | ne_ndot_aup_calendar_2023 | ne_ndot_aup_calendar_2025 | ne_ndot_aup_july_june_2017_2018 | ne_ndot_aup_july_june_2018_2019 | ne_ndot_aup_july_june_2019_2020 | ne_ndot_aup_july_june_2020_2021 | ne_ndot_aup_july_june_2021_2022 | ne_ndot_aup_july_june_2022_2023 | ne_ndot_aup_july_june_2023_2024 | ne_ndot_aup_july_june_2024_2025 | ne_ndot_aup_july_june_2025_2026,,,,auto_resolved,Raw description or unit variants collapse under the conservative identity normalizer.
ne_ndot_identity_conflict_6602.30,6602.30,ne_ndot_6602.30,normalized_equivalent,normalized_equivalent,normalized_equivalent,ne_ndot_6602.30,,,,,ne_ndot_aup_calendar_2021 | ne_ndot_aup_calendar_2023 | ne_ndot_aup_july_june_2020_2021 | ne_ndot_aup_july_june_2022_2023,,,,auto_resolved,Raw description or unit variants collapse under the conservative identity normalizer.
ne_ndot_identity_conflict_6602.31,6602.31,ne_ndot_6602.31,stable_description_multi_unit,reviewed_multi_unit,needs_review,ne_ndot_6602.31,,,,,ne_ndot_aup_calendar_2018 | ne_ndot_aup_calendar_2019 | ne_ndot_aup_calendar_2020 | ne_ndot_aup_calendar_2023 | ne_ndot_aup_july_june_2018_2019 | ne_ndot_aup_july_june_2020_2021 | ne_ndot_aup_july_june_2023_2024,,,,needs_review,Same identity candidate with multiple reported units; retain every raw unit and require unit-aware review.
ne_ndot_identity_conflict_6602.32,6602.32,ne_ndot_6602.32,stable_description_multi_unit,reviewed_multi_unit,needs_review,ne_ndot_6602.32,,,,,ne_ndot_aup_calendar_2019 | ne_ndot_aup_july_june_2018_2019,,,,needs_review,Same identity candidate with multiple reported units; retain every raw unit and require unit-aware review.
ne_ndot_identity_conflict_6602.33,6602.33,ne_ndot_6602.33,stable_description_multi_unit,reviewed_multi_unit,needs_review,ne_ndot_6602.33,,,,,ne_ndot_aup_calendar_2019 | ne_ndot_aup_july_june_2018_2019,,,,needs_review,Same identity candidate with multiple reported units; retain every raw unit and require unit-aware review.
ne_ndot_identity_conflict_6602.34,6602.34,ne_ndot_6602.34,stable_description_multi_unit,reviewed_multi_unit,needs_review,ne_ndot_6602.34,,,,,ne_ndot_aup_calendar_2019 | ne_ndot_aup_july_june_2018_2019,,,,needs_review,Same identity candidate with multiple reported units; retain every raw unit and require unit-aware review.
ne_ndot_identity_conflict_6602.35,6602.35,ne_ndot_6602.35,stable_description_multi_unit,reviewed_multi_unit,needs_review,ne_ndot_6602.35,,,,,ne_ndot_aup_calendar_2018 | ne_ndot_aup_calendar_2020 | ne_ndot_aup_july_june_2019_2020 | ne_ndot_aup_july_june_2025_2026,,,,needs_review,Same identity candidate with multiple reported units; retain every raw unit and require unit-aware review.
ne_ndot_identity_conflict_6603.00,6603.00,ne_ndot_6603.00,normalized_equivalent,normalized_equivalent,normalized_equivalent,ne_ndot_6603.00,,,,,ne_ndot_aup_calendar_2021 | ne_ndot_aup_calendar_2022 | ne_ndot_aup_calendar_2023 | ne_ndot_aup_july_june_2021_2022 | ne_ndot_aup_july_june_2023_2024,,,,auto_resolved,Raw description or unit variants collapse under the conservative identity normalizer.
ne_ndot_identity_conflict_6610.45,6610.45,ne_ndot_6610.45,normalized_equivalent,normalized_equivalent,normalized_equivalent,ne_ndot_6610.45,,,,,ne_ndot_aup_calendar_2018 | ne_ndot_aup_calendar_2019 | ne_ndot_aup_calendar_2020 | ne_ndot_aup_calendar_2021 | ne_ndot_aup_calendar_2022 | ne_ndot_aup_calendar_2023 | ne_ndot_aup_calendar_2024 | ne_ndot_aup_calendar_2025 | ne_ndot_aup_july_june_2017_2018 | ne_ndot_aup_july_june_2018_2019 | ne_ndot_aup_july_june_2019_2020 | ne_ndot_aup_july_june_2020_2021 | ne_ndot_aup_july_june_2021_2022 | ne_ndot_aup_july_june_2022_2023 | ne_ndot_aup_july_june_2023_2024 | ne_ndot_aup_july_june_2024_2025 | ne_ndot_aup_july_june_2025_2026,,,,auto_resolved,Raw description or unit variants collapse under the conservative identity normalizer.
ne_ndot_identity_conflict_6614.09,6614.09,ne_ndot_6614.09,normalized_equivalent,normalized_equivalent,normalized_equivalent,ne_ndot_6614.09,,,,,ne_ndot_aup_calendar_2020 | ne_ndot_aup_july_june_2017_2018 | ne_ndot_aup_july_june_2019_2020,,,,auto_resolved,Raw description or unit variants collapse under the conservative identity normalizer.
ne_ndot_identity_conflict_6617.02,6617.02,ne_ndot_6617.02,normalized_equivalent,normalized_equivalent,normalized_equivalent,ne_ndot_6617.02,,,,,ne_ndot_aup_calendar_2018 | ne_ndot_aup_calendar_2020 | ne_ndot_aup_july_june_2018_2019 | ne_ndot_aup_july_june_2020_2021,,,,auto_resolved,Raw description or unit variants collapse under the conservative identity normalizer.
ne_ndot_identity_conflict_6617.25,6617.25,ne_ndot_6617.25,normalized_equivalent,normalized_equivalent,normalized_equivalent,ne_ndot_6617.25,,,,,ne_ndot_aup_calendar_2018 | ne_ndot_aup_calendar_2020 | ne_ndot_aup_calendar_2022 | ne_ndot_aup_july_june_2017_2018 | ne_ndot_aup_july_june_2018_2019 | ne_ndot_aup_july_june_2020_2021 | ne_ndot_aup_july_june_2022_2023,,,,auto_resolved,Raw description or unit variants collapse under the conservative identity normalizer.
ne_ndot_identity_conflict_6617.26,6617.26,ne_ndot_6617.26,normalized_equivalent,normalized_equivalent,normalized_equivalent,ne_ndot_6617.26,,,,,ne_ndot_aup_july_june_2017_2018,,,,auto_resolved,Raw description or unit variants collapse under the conservative identity normalizer.
ne_ndot_identity_conflict_6650.50,6650.50,ne_ndot_6650.50,normalized_equivalent,normalized_equivalent,normalized_equivalent,ne_ndot_6650.50,,,,,ne_ndot_aup_calendar_2020 | ne_ndot_aup_july_june_2017_2018 | ne_ndot_aup_july_june_2020_2021,,,,auto_resolved,Raw description or unit variants collapse under the conservative identity normalizer.
ne_ndot_identity_conflict_6801.28,6801.28,ne_ndot_6801.28,normalized_equivalent,normalized_equivalent,normalized_equivalent,ne_ndot_6801.28,,,,,ne_ndot_aup_calendar_2018 | ne_ndot_aup_calendar_2020 | ne_ndot_aup_calendar_2021 | ne_ndot_aup_calendar_2022 | ne_ndot_aup_calendar_2023 | ne_ndot_aup_calendar_2024 | ne_ndot_aup_calendar_2025 | ne_ndot_aup_july_june_2017_2018 | ne_ndot_aup_july_june_2018_2019 | ne_ndot_aup_july_june_2019_2020 | ne_ndot_aup_july_june_2020_2021 | ne_ndot_aup_july_june_2021_2022 | ne_ndot_aup_july_june_2022_2023 | ne_ndot_aup_july_june_2023_2024 | ne_ndot_aup_july_june_2024_2025,,,,auto_resolved,Raw description or unit variants collapse under the conservative identity normalizer.
ne_ndot_identity_conflict_6960.11,6960.11,ne_ndot_6960.11,normalized_equivalent,normalized_equivalent,normalized_equivalent,ne_ndot_6960.11,,,,,ne_ndot_aup_calendar_2018 | ne_ndot_aup_calendar_2019 | ne_ndot_aup_calendar_2020 | ne_ndot_aup_calendar_2021 | ne_ndot_aup_calendar_2022 | ne_ndot_aup_calendar_2023 | ne_ndot_aup_calendar_2024 | ne_ndot_aup_calendar_2025 | ne_ndot_aup_july_june_2017_2018 | ne_ndot_aup_july_june_2018_2019 | ne_ndot_aup_july_june_2019_2020 | ne_ndot_aup_july_june_2020_2021 | ne_ndot_aup_july_june_2021_2022 | ne_ndot_aup_july_june_2022_2023 | ne_ndot_aup_july_june_2023_2024 | ne_ndot_aup_july_june_2024_2025 | ne_ndot_aup_july_june_2025_2026,,,,auto_resolved,Raw description or unit variants collapse under the conservative identity normalizer.
ne_ndot_identity_conflict_6960.15,6960.15,ne_ndot_6960.15,normalized_equivalent,normalized_equivalent,normalized_equivalent,ne_ndot_6960.15,,,,,ne_ndot_aup_calendar_2019 | ne_ndot_aup_july_june_2017_2018 | ne_ndot_aup_july_june_2018_2019,,,,auto_resolved,Raw description or unit variants collapse under the conservative identity normalizer.
ne_ndot_identity_conflict_6990.01,6990.01,ne_ndot_6990.01,normalized_equivalent,normalized_equivalent,normalized_equivalent,ne_ndot_6990.01,,,,,ne_ndot_aup_july_june_2017_2018,,,,auto_resolved,Raw description or unit variants collapse under the conservative identity normalizer.
ne_ndot_identity_conflict_6990.07,6990.07,ne_ndot_6990.07,normalized_equivalent,normalized_equivalent,normalized_equivalent,ne_ndot_6990.07,,,,,ne_ndot_aup_calendar_2018 | ne_ndot_aup_july_june_2018_2019,,,,auto_resolved,Raw description or unit variants collapse under the conservative identity normalizer.
ne_ndot_identity_conflict_7011.20,7011.20,ne_ndot_7011.20,normalized_equivalent,normalized_equivalent,normalized_equivalent,ne_ndot_7011.20,,,,,ne_ndot_aup_calendar_2018 | ne_ndot_aup_calendar_2019 | ne_ndot_aup_calendar_2020 | ne_ndot_aup_calendar_2021 | ne_ndot_aup_calendar_2022 | ne_ndot_aup_calendar_2023 | ne_ndot_aup_calendar_2024 | ne_ndot_aup_calendar_2025 | ne_ndot_aup_july_june_2017_2018 | ne_ndot_aup_july_june_2018_2019 | ne_ndot_aup_july_june_2019_2020 | ne_ndot_aup_july_june_2020_2021 | ne_ndot_aup_july_june_2021_2022 | ne_ndot_aup_july_june_2022_2023 | ne_ndot_aup_july_june_2023_2024 | ne_ndot_aup_july_june_2024_2025 | ne_ndot_aup_july_june_2025_2026,,,,auto_resolved,Raw description or unit variants collapse under the conservative identity normalizer.
ne_ndot_identity_conflict_7011.30,7011.30,ne_ndot_7011.30,normalized_equivalent,normalized_equivalent,normalized_equivalent,ne_ndot_7011.30,,,,,ne_ndot_aup_calendar_2018 | ne_ndot_aup_calendar_2019 | ne_ndot_aup_calendar_2020 | ne_ndot_aup_calendar_2021 | ne_ndot_aup_calendar_2022 | ne_ndot_aup_calendar_2025 | ne_ndot_aup_july_june_2017_2018 | ne_ndot_aup_july_june_2018_2019 | ne_ndot_aup_july_june_2020_2021 | ne_ndot_aup_july_june_2021_2022 | ne_ndot_aup_july_june_2022_2023 | ne_ndot_aup_july_june_2024_2025 | ne_ndot_aup_july_june_2025_2026,,,,auto_resolved,Raw description or unit variants collapse under the conservative identity normalizer.
ne_ndot_identity_conflict_7015.00,7015.00,ne_ndot_7015.00,normalized_equivalent,normalized_equivalent,normalized_equivalent,ne_ndot_7015.00,,,,,ne_ndot_aup_calendar_2018 | ne_ndot_aup_calendar_2019 | ne_ndot_aup_calendar_2020 | ne_ndot_aup_calendar_2021 | ne_ndot_aup_calendar_2022 | ne_ndot_aup_calendar_2023 | ne_ndot_aup_calendar_2024 | ne_ndot_aup_calendar_2025 | ne_ndot_aup_july_june_2017_2018 | ne_ndot_aup_july_june_2018_2019 | ne_ndot_aup_july_june_2019_2020 | ne_ndot_aup_july_june_2020_2021 | ne_ndot_aup_july_june_2021_2022 | ne_ndot_aup_july_june_2022_2023 | ne_ndot_aup_july_june_2023_2024 | ne_ndot_aup_july_june_2024_2025 | ne_ndot_aup_july_june_2025_2026,,,,auto_resolved,Raw description or unit variants collapse under the conservative identity normalizer.
ne_ndot_identity_conflict_7015.25,7015.25,ne_ndot_7015.25,normalized_equivalent,normalized_equivalent,normalized_equivalent,ne_ndot_7015.25,,,,,ne_ndot_aup_calendar_2022 | ne_ndot_aup_calendar_2023 | ne_ndot_aup_calendar_2024 | ne_ndot_aup_calendar_2025 | ne_ndot_aup_july_june_2021_2022 | ne_ndot_aup_july_june_2023_2024 | ne_ndot_aup_july_june_2024_2025 | ne_ndot_aup_july_june_2025_2026,,,,auto_resolved,Raw description or unit variants collapse under the conservative identity normalizer.
ne_ndot_identity_conflict_7016.00,7016.00,ne_ndot_7016.00,normalized_equivalent,normalized_equivalent,normalized_equivalent,ne_ndot_7016.00,,,,,ne_ndot_aup_calendar_2020 | ne_ndot_aup_july_june_2020_2021,,,,auto_resolved,Raw description or unit variants collapse under the conservative identity normalizer.
ne_ndot_identity_conflict_7017.00,7017.00,ne_ndot_7017.00,normalized_equivalent,normalized_equivalent,normalized_equivalent,ne_ndot_7017.00,,,,,ne_ndot_aup_calendar_2018 | ne_ndot_aup_calendar_2019 | ne_ndot_aup_calendar_2020 | ne_ndot_aup_calendar_2021 | ne_ndot_aup_calendar_2022 | ne_ndot_aup_calendar_2023 | ne_ndot_aup_calendar_2024 | ne_ndot_aup_calendar_2025 | ne_ndot_aup_july_june_2017_2018 | ne_ndot_aup_july_june_2018_2019 | ne_ndot_aup_july_june_2019_2020 | ne_ndot_aup_july_june_2020_2021 | ne_ndot_aup_july_june_2021_2022 | ne_ndot_aup_july_june_2022_2023 | ne_ndot_aup_july_june_2023_2024 | ne_ndot_aup_july_june_2024_2025 | ne_ndot_aup_july_june_2025_2026,,,,auto_resolved,Raw description or unit variants collapse under the conservative identity normalizer.
ne_ndot_identity_conflict_7017.50,7017.50,ne_ndot_7017.50,normalized_equivalent,normalized_equivalent,normalized_equivalent,ne_ndot_7017.50,,,,,ne_ndot_aup_calendar_2018 | ne_ndot_aup_calendar_2019 | ne_ndot_aup_calendar_2020 | ne_ndot_aup_calendar_2021 | ne_ndot_aup_calendar_2022 | ne_ndot_aup_calendar_2023 | ne_ndot_aup_calendar_2024 | ne_ndot_aup_calendar_2025 | ne_ndot_aup_july_june_2017_2018 | ne_ndot_aup_july_june_2018_2019 | ne_ndot_aup_july_june_2019_2020 | ne_ndot_aup_july_june_2020_2021 | ne_ndot_aup_july_june_2021_2022 | ne_ndot_aup_july_june_2022_2023 | ne_ndot_aup_july_june_2023_2024 | ne_ndot_aup_july_june_2024_2025,,,,auto_resolved,Raw description or unit variants collapse under the conservative identity normalizer.
ne_ndot_identity_conflict_7018.01,7018.01,ne_ndot_7018.01,normalized_equivalent,normalized_equivalent,normalized_equivalent,ne_ndot_7018.01,,,,,ne_ndot_aup_calendar_2018 | ne_ndot_aup_calendar_2019 | ne_ndot_aup_calendar_2020 | ne_ndot_aup_calendar_2021 | ne_ndot_aup_calendar_2022 | ne_ndot_aup_calendar_2023 | ne_ndot_aup_calendar_2024 | ne_ndot_aup_calendar_2025 | ne_ndot_aup_july_june_2018_2019 | ne_ndot_aup_july_june_2019_2020 | ne_ndot_aup_july_june_2020_2021 | ne_ndot_aup_july_june_2021_2022 | ne_ndot_aup_july_june_2022_2023 | ne_ndot_aup_july_june_2023_2024 | ne_ndot_aup_july_june_2024_2025 | ne_ndot_aup_july_june_2025_2026,,,,auto_resolved,Raw description or unit variants collapse under the conservative identity normalizer.
ne_ndot_identity_conflict_7020.60,7020.60,ne_ndot_7020.60,description_variant,source_text_correction_or_reviewed_variant,needs_review,ne_ndot_7020.60,,,,,ne_ndot_aup_calendar_2018 | ne_ndot_aup_calendar_2019 | ne_ndot_aup_calendar_2020 | ne_ndot_aup_calendar_2023 | ne_ndot_aup_calendar_2024 | ne_ndot_aup_july_june_2017_2018 | ne_ndot_aup_july_june_2018_2019 | ne_ndot_aup_july_june_2019_2020 | ne_ndot_aup_july_june_2020_2021 | ne_ndot_aup_july_june_2023_2024 | ne_ndot_aup_july_june_2025_2026,,,,needs_review,Description variants remain after conservative normalization; inspect source pages before changing identity.
ne_ndot_identity_conflict_7100.00,7100.00,ne_ndot_7100.00,normalized_equivalent,normalized_equivalent,normalized_equivalent,ne_ndot_7100.00,,,,,ne_ndot_aup_calendar_2018 | ne_ndot_aup_calendar_2019 | ne_ndot_aup_calendar_2020 | ne_ndot_aup_calendar_2022 | ne_ndot_aup_calendar_2023 | ne_ndot_aup_calendar_2024 | ne_ndot_aup_calendar_2025 | ne_ndot_aup_july_june_2017_2018 | ne_ndot_aup_july_june_2018_2019 | ne_ndot_aup_july_june_2019_2020 | ne_ndot_aup_july_june_2020_2021 | ne_ndot_aup_july_june_2022_2023 | ne_ndot_aup_july_june_2023_2024 | ne_ndot_aup_july_june_2024_2025 | ne_ndot_aup_july_june_2025_2026,,,,auto_resolved,Raw description or unit variants collapse under the conservative identity normalizer.
ne_ndot_identity_conflict_7109.97,7109.97,ne_ndot_7109.97,normalized_equivalent,normalized_equivalent,normalized_equivalent,ne_ndot_7109.97,,,,,ne_ndot_aup_calendar_2018 | ne_ndot_aup_calendar_2019 | ne_ndot_aup_calendar_2020 | ne_ndot_aup_calendar_2024 | ne_ndot_aup_july_june_2017_2018 | ne_ndot_aup_july_june_2018_2019 | ne_ndot_aup_july_june_2019_2020 | ne_ndot_aup_july_june_2020_2021 | ne_ndot_aup_july_june_2023_2024,,,,auto_resolved,Raw description or unit variants collapse under the conservative identity normalizer.
ne_ndot_identity_conflict_7110.00,7110.00,ne_ndot_7110.00,normalized_equivalent,normalized_equivalent,normalized_equivalent,ne_ndot_7110.00,,,,,ne_ndot_aup_calendar_2018 | ne_ndot_aup_calendar_2019 | ne_ndot_aup_calendar_2020 | ne_ndot_aup_calendar_2021 | ne_ndot_aup_calendar_2022 | ne_ndot_aup_calendar_2023 | ne_ndot_aup_calendar_2025 | ne_ndot_aup_july_june_2017_2018 | ne_ndot_aup_july_june_2018_2019 | ne_ndot_aup_july_june_2019_2020 | ne_ndot_aup_july_june_2020_2021 | ne_ndot_aup_july_june_2021_2022 | ne_ndot_aup_july_june_2022_2023 | ne_ndot_aup_july_june_2025_2026,,,,auto_resolved,Raw description or unit variants collapse under the conservative identity normalizer.
ne_ndot_identity_conflict_7110.02,7110.02,ne_ndot_7110.02,normalized_equivalent,normalized_equivalent,normalized_equivalent,ne_ndot_7110.02,,,,,ne_ndot_aup_calendar_2024 | ne_ndot_aup_july_june_2024_2025,,,,auto_resolved,Raw description or unit variants collapse under the conservative identity normalizer.
ne_ndot_identity_conflict_7110.03,7110.03,ne_ndot_7110.03,normalized_equivalent,normalized_equivalent,normalized_equivalent,ne_ndot_7110.03,,,,,ne_ndot_aup_calendar_2020 | ne_ndot_aup_july_june_2020_2021,,,,auto_resolved,Raw description or unit variants collapse under the conservative identity normalizer.
ne_ndot_identity_conflict_7110.04,7110.04,ne_ndot_7110.04,normalized_equivalent,normalized_equivalent,normalized_equivalent,ne_ndot_7110.04,,,,,ne_ndot_aup_calendar_2018 | ne_ndot_aup_calendar_2019 | ne_ndot_aup_calendar_2022 | ne_ndot_aup_calendar_2025 | ne_ndot_aup_july_june_2017_2018 | ne_ndot_aup_july_june_2019_2020 | ne_ndot_aup_july_june_2021_2022 | ne_ndot_aup_july_june_2025_2026,,,,auto_resolved,Raw description or unit variants collapse under the conservative identity normalizer.
ne_ndot_identity_conflict_7110.05,7110.05,ne_ndot_7110.05,normalized_equivalent,normalized_equivalent,normalized_equivalent,ne_ndot_7110.05,,,,,ne_ndot_aup_calendar_2019 | ne_ndot_aup_calendar_2023 | ne_ndot_aup_calendar_2025 | ne_ndot_aup_july_june_2017_2018 | ne_ndot_aup_july_june_2019_2020 | ne_ndot_aup_july_june_2022_2023 | ne_ndot_aup_july_june_2023_2024 | ne_ndot_aup_july_june_2024_2025 | ne_ndot_aup_july_june_2025_2026,,,,auto_resolved,Raw description or unit variants collapse under the conservative identity normalizer.
ne_ndot_identity_conflict_7110.06,7110.06,ne_ndot_7110.06,normalized_equivalent,normalized_equivalent,normalized_equivalent,ne_ndot_7110.06,,,,,ne_ndot_aup_calendar_2018 | ne_ndot_aup_calendar_2019 | ne_ndot_aup_calendar_2020 | ne_ndot_aup_calendar_2022 | ne_ndot_aup_calendar_2023 | ne_ndot_aup_july_june_2017_2018 | ne_ndot_aup_july_june_2018_2019 | ne_ndot_aup_july_june_2019_2020 | ne_ndot_aup_july_june_2020_2021 | ne_ndot_aup_july_june_2021_2022 | ne_ndot_aup_july_june_2022_2023 | ne_ndot_aup_july_june_2025_2026,,,,auto_resolved,Raw description or unit variants collapse under the conservative identity normalizer.
ne_ndot_identity_conflict_7110.07,7110.07,ne_ndot_7110.07,normalized_equivalent,normalized_equivalent,normalized_equivalent,ne_ndot_7110.07,,,,,ne_ndot_aup_july_june_2025_2026,,,,auto_resolved,Raw description or unit variants collapse under the conservative identity normalizer.
ne_ndot_identity_conflict_7110.08,7110.08,ne_ndot_7110.08,normalized_equivalent,normalized_equivalent,normalized_equivalent,ne_ndot_7110.08,,,,,ne_ndot_aup_calendar_2020 | ne_ndot_aup_july_june_2020_2021,,,,auto_resolved,Raw description or unit variants collapse under the conservative identity normalizer.
ne_ndot_identity_conflict_7110.09,7110.09,ne_ndot_7110.09,normalized_equivalent,normalized_equivalent,normalized_equivalent,ne_ndot_7110.09,,,,,ne_ndot_aup_july_june_2017_2018,,,,auto_resolved,Raw description or unit variants collapse under the conservative identity normalizer.
ne_ndot_identity_conflict_7110.86,7110.86,ne_ndot_7110.86,normalized_equivalent,normalized_equivalent,normalized_equivalent,ne_ndot_7110.86,,,,,ne_ndot_aup_calendar_2022 | ne_ndot_aup_july_june_2022_2023,,,,auto_resolved,Raw description or unit variants collapse under the conservative identity normalizer.
ne_ndot_identity_conflict_7110.87,7110.87,ne_ndot_7110.87,normalized_equivalent,normalized_equivalent,normalized_equivalent,ne_ndot_7110.87,,,,,ne_ndot_aup_calendar_2025 | ne_ndot_aup_july_june_2024_2025,,,,auto_resolved,Raw description or unit variants collapse under the conservative identity normalizer.
ne_ndot_identity_conflict_7110.88,7110.88,ne_ndot_7110.88,normalized_equivalent,normalized_equivalent,normalized_equivalent,ne_ndot_7110.88,,,,,ne_ndot_aup_calendar_2018 | ne_ndot_aup_july_june_2018_2019,,,,auto_resolved,Raw description or unit variants collapse under the conservative identity normalizer.
ne_ndot_identity_conflict_7110.89,7110.89,ne_ndot_7110.89,normalized_equivalent,normalized_equivalent,normalized_equivalent,ne_ndot_7110.89,,,,,ne_ndot_aup_calendar_2025 | ne_ndot_aup_july_june_2024_2025,,,,auto_resolved,Raw description or unit variants collapse under the conservative identity normalizer.
ne_ndot_identity_conflict_7130.00,7130.00,ne_ndot_7130.00,normalized_equivalent,normalized_equivalent,normalized_equivalent,ne_ndot_7130.00,,,,,ne_ndot_aup_calendar_2018 | ne_ndot_aup_calendar_2019 | ne_ndot_aup_calendar_2020 | ne_ndot_aup_calendar_2021 | ne_ndot_aup_calendar_2024 | ne_ndot_aup_calendar_2025 | ne_ndot_aup_july_june_2017_2018 | ne_ndot_aup_july_june_2018_2019 | ne_ndot_aup_july_june_2019_2020 | ne_ndot_aup_july_june_2020_2021 | ne_ndot_aup_july_june_2023_2024 | ne_ndot_aup_july_june_2024_2025 | ne_ndot_aup_july_june_2025_2026,,,,auto_resolved,Raw description or unit variants collapse under the conservative identity normalizer.
ne_ndot_identity_conflict_7130.10,7130.10,ne_ndot_7130.10,normalized_equivalent,normalized_equivalent,normalized_equivalent,ne_ndot_7130.10,,,,,ne_ndot_aup_calendar_2018 | ne_ndot_aup_july_june_2018_2019,,,,auto_resolved,Raw description or unit variants collapse under the conservative identity normalizer.
ne_ndot_identity_conflict_7130.12,7130.12,ne_ndot_7130.12,normalized_equivalent,normalized_equivalent,normalized_equivalent,ne_ndot_7130.12,,,,,ne_ndot_aup_calendar_2018 | ne_ndot_aup_july_june_2018_2019,,,,auto_resolved,Raw description or unit variants collapse under the conservative identity normalizer.
ne_ndot_identity_conflict_7130.20,7130.20,ne_ndot_7130.20,normalized_equivalent,normalized_equivalent,normalized_equivalent,ne_ndot_7130.20,,,,,ne_ndot_aup_calendar_2023 | ne_ndot_aup_july_june_2022_2023,,,,auto_resolved,Raw description or unit variants collapse under the conservative identity normalizer.
ne_ndot_identity_conflict_7130.50,7130.50,ne_ndot_7130.50,normalized_equivalent,normalized_equivalent,normalized_equivalent,ne_ndot_7130.50,,,,,ne_ndot_aup_calendar_2024 | ne_ndot_aup_july_june_2023_2024,,,,auto_resolved,Raw description or unit variants collapse under the conservative identity normalizer.
ne_ndot_identity_conflict_7130.54,7130.54,ne_ndot_7130.54,normalized_equivalent,normalized_equivalent,normalized_equivalent,ne_ndot_7130.54,,,,,ne_ndot_aup_calendar_2023 | ne_ndot_aup_july_june_2023_2024,,,,auto_resolved,Raw description or unit variants collapse under the conservative identity normalizer.
ne_ndot_identity_conflict_7130.85,7130.85,ne_ndot_7130.85,normalized_equivalent,normalized_equivalent,normalized_equivalent,ne_ndot_7130.85,,,,,ne_ndot_aup_calendar_2018 | ne_ndot_aup_calendar_2022 | ne_ndot_aup_july_june_2022_2023,,,,auto_resolved,Raw description or unit variants collapse under the conservative identity normalizer.
ne_ndot_identity_conflict_7130.90,7130.90,ne_ndot_7130.90,normalized_equivalent,normalized_equivalent,normalized_equivalent,ne_ndot_7130.90,,,,,ne_ndot_aup_calendar_2018 | ne_ndot_aup_calendar_2020 | ne_ndot_aup_calendar_2022 | ne_ndot_aup_july_june_2017_2018 | ne_ndot_aup_july_june_2020_2021 | ne_ndot_aup_july_june_2022_2023,,,,auto_resolved,Raw description or unit variants collapse under the conservative identity normalizer.
ne_ndot_identity_conflict_7130.95,7130.95,ne_ndot_7130.95,normalized_equivalent,normalized_equivalent,normalized_equivalent,ne_ndot_7130.95,,,,,ne_ndot_aup_calendar_2018 | ne_ndot_aup_calendar_2020 | ne_ndot_aup_calendar_2022 | ne_ndot_aup_july_june_2017_2018 | ne_ndot_aup_july_june_2019_2020 | ne_ndot_aup_july_june_2020_2021 | ne_ndot_aup_july_june_2022_2023,,,,auto_resolved,Raw description or unit variants collapse under the conservative identity normalizer.
ne_ndot_identity_conflict_7150.50,7150.50,ne_ndot_7150.50,normalized_equivalent,normalized_equivalent,normalized_equivalent,ne_ndot_7150.50,,,,,ne_ndot_aup_calendar_2019 | ne_ndot_aup_calendar_2020 | ne_ndot_aup_calendar_2021 | ne_ndot_aup_july_june_2018_2019 | ne_ndot_aup_july_june_2019_2020 | ne_ndot_aup_july_june_2020_2021 | ne_ndot_aup_july_june_2021_2022,,,,auto_resolved,Raw description or unit variants collapse under the conservative identity normalizer.
ne_ndot_identity_conflict_7151.00,7151.00,ne_ndot_7151.00,normalized_equivalent,normalized_equivalent,normalized_equivalent,ne_ndot_7151.00,,,,,ne_ndot_aup_calendar_2018 | ne_ndot_aup_calendar_2019 | ne_ndot_aup_calendar_2020 | ne_ndot_aup_calendar_2022 | ne_ndot_aup_calendar_2023 | ne_ndot_aup_calendar_2024 | ne_ndot_aup_july_june_2018_2019 | ne_ndot_aup_july_june_2019_2020 | ne_ndot_aup_july_june_2020_2021 | ne_ndot_aup_july_june_2021_2022 | ne_ndot_aup_july_june_2022_2023 | ne_ndot_aup_july_june_2023_2024,,,,auto_resolved,Raw description or unit variants collapse under the conservative identity normalizer.
ne_ndot_identity_conflict_7311.00,7311.00,ne_ndot_7311.00,normalized_equivalent,normalized_equivalent,normalized_equivalent,ne_ndot_7311.00,,,,,ne_ndot_aup_calendar_2018 | ne_ndot_aup_calendar_2019 | ne_ndot_aup_calendar_2020 | ne_ndot_aup_calendar_2021 | ne_ndot_aup_calendar_2022 | ne_ndot_aup_calendar_2023 | ne_ndot_aup_calendar_2024 | ne_ndot_aup_calendar_2025 | ne_ndot_aup_july_june_2018_2019 | ne_ndot_aup_july_june_2019_2020 | ne_ndot_aup_july_june_2020_2021 | ne_ndot_aup_july_june_2021_2022 | ne_ndot_aup_july_june_2022_2023 | ne_ndot_aup_july_june_2023_2024 | ne_ndot_aup_july_june_2024_2025 | ne_ndot_aup_july_june_2025_2026,,,,auto_resolved,Raw description or unit variants collapse under the conservative identity normalizer.
ne_ndot_identity_conflict_7311.10,7311.10,ne_ndot_7311.10,normalized_equivalent,normalized_equivalent,normalized_equivalent,ne_ndot_7311.10,,,,,ne_ndot_aup_calendar_2018 | ne_ndot_aup_calendar_2019 | ne_ndot_aup_calendar_2020 | ne_ndot_aup_calendar_2022 | ne_ndot_aup_calendar_2023 | ne_ndot_aup_calendar_2024 | ne_ndot_aup_july_june_2018_2019 | ne_ndot_aup_july_june_2020_2021 | ne_ndot_aup_july_june_2022_2023 | ne_ndot_aup_july_june_2023_2024 | ne_ndot_aup_july_june_2025_2026,,,,auto_resolved,Raw description or unit variants collapse under the conservative identity normalizer.
ne_ndot_identity_conflict_7321.00,7321.00,ne_ndot_7321.00,normalized_equivalent,normalized_equivalent,normalized_equivalent,ne_ndot_7321.00,,,,,ne_ndot_aup_calendar_2018 | ne_ndot_aup_calendar_2019 | ne_ndot_aup_calendar_2020 | ne_ndot_aup_calendar_2021 | ne_ndot_aup_calendar_2022 | ne_ndot_aup_calendar_2023 | ne_ndot_aup_calendar_2024 | ne_ndot_aup_calendar_2025 | ne_ndot_aup_july_june_2017_2018 | ne_ndot_aup_july_june_2018_2019 | ne_ndot_aup_july_june_2019_2020 | ne_ndot_aup_july_june_2020_2021 | ne_ndot_aup_july_june_2021_2022 | ne_ndot_aup_july_june_2022_2023 | ne_ndot_aup_july_june_2023_2024 | ne_ndot_aup_july_june_2024_2025 | ne_ndot_aup_july_june_2025_2026,,,,auto_resolved,Raw description or unit variants collapse under the conservative identity normalizer.
ne_ndot_identity_conflict_7321.05,7321.05,ne_ndot_7321.05,normalized_equivalent,normalized_equivalent,normalized_equivalent,ne_ndot_7321.05,,,,,ne_ndot_aup_july_june_2017_2018,,,,auto_resolved,Raw description or unit variants collapse under the conservative identity normalizer.
ne_ndot_identity_conflict_7322.00,7322.00,ne_ndot_7322.00,normalized_equivalent,normalized_equivalent,normalized_equivalent,ne_ndot_7322.00,,,,,ne_ndot_aup_calendar_2018 | ne_ndot_aup_calendar_2019 | ne_ndot_aup_calendar_2020 | ne_ndot_aup_calendar_2021 | ne_ndot_aup_calendar_2022 | ne_ndot_aup_calendar_2023 | ne_ndot_aup_calendar_2024 | ne_ndot_aup_calendar_2025 | ne_ndot_aup_july_june_2017_2018 | ne_ndot_aup_july_june_2018_2019 | ne_ndot_aup_july_june_2019_2020 | ne_ndot_aup_july_june_2020_2021 | ne_ndot_aup_july_june_2021_2022 | ne_ndot_aup_july_june_2022_2023 | ne_ndot_aup_july_june_2023_2024 | ne_ndot_aup_july_june_2024_2025 | ne_ndot_aup_july_june_2025_2026,,,,auto_resolved,Raw description or unit variants collapse under the conservative identity normalizer.
ne_ndot_identity_conflict_7322.05,7322.05,ne_ndot_7322.05,normalized_equivalent,normalized_equivalent,normalized_equivalent,ne_ndot_7322.05,,,,,ne_ndot_aup_calendar_2019 | ne_ndot_aup_calendar_2020 | ne_ndot_aup_calendar_2025 | ne_ndot_aup_july_june_2017_2018 | ne_ndot_aup_july_june_2018_2019 | ne_ndot_aup_july_june_2019_2020 | ne_ndot_aup_july_june_2024_2025,,,,auto_resolved,Raw description or unit variants collapse under the conservative identity normalizer.
ne_ndot_identity_conflict_7323.00,7323.00,ne_ndot_7323.00,normalized_equivalent,normalized_equivalent,normalized_equivalent,ne_ndot_7323.00,,,,,ne_ndot_aup_calendar_2018 | ne_ndot_aup_calendar_2019 | ne_ndot_aup_calendar_2020 | ne_ndot_aup_calendar_2021 | ne_ndot_aup_calendar_2023 | ne_ndot_aup_calendar_2024 | ne_ndot_aup_calendar_2025 | ne_ndot_aup_july_june_2017_2018 | ne_ndot_aup_july_june_2018_2019 | ne_ndot_aup_july_june_2019_2020 | ne_ndot_aup_july_june_2020_2021 | ne_ndot_aup_july_june_2021_2022 | ne_ndot_aup_july_june_2022_2023 | ne_ndot_aup_july_june_2023_2024 | ne_ndot_aup_july_june_2024_2025 | ne_ndot_aup_july_june_2025_2026,,,,auto_resolved,Raw description or unit variants collapse under the conservative identity normalizer.
ne_ndot_identity_conflict_7323.05,7323.05,ne_ndot_7323.05,normalized_equivalent,normalized_equivalent,normalized_equivalent,ne_ndot_7323.05,,,,,ne_ndot_aup_calendar_2020 | ne_ndot_aup_july_june_2019_2020,,,,auto_resolved,Raw description or unit variants collapse under the conservative identity normalizer.
ne_ndot_identity_conflict_7334.04,7334.04,ne_ndot_7334.04,normalized_equivalent,normalized_equivalent,normalized_equivalent,ne_ndot_7334.04,,,,,ne_ndot_aup_july_june_2017_2018,,,,auto_resolved,Raw description or unit variants collapse under the conservative identity normalizer.
ne_ndot_identity_conflict_7340.00,7340.00,ne_ndot_7340.00,normalized_equivalent,normalized_equivalent,normalized_equivalent,ne_ndot_7340.00,,,,,ne_ndot_aup_calendar_2018 | ne_ndot_aup_calendar_2019 | ne_ndot_aup_calendar_2020 | ne_ndot_aup_calendar_2021 | ne_ndot_aup_calendar_2022 | ne_ndot_aup_calendar_2023 | ne_ndot_aup_calendar_2024 | ne_ndot_aup_calendar_2025 | ne_ndot_aup_july_june_2017_2018 | ne_ndot_aup_july_june_2018_2019 | ne_ndot_aup_july_june_2019_2020 | ne_ndot_aup_july_june_2020_2021 | ne_ndot_aup_july_june_2021_2022 | ne_ndot_aup_july_june_2022_2023 | ne_ndot_aup_july_june_2023_2024 | ne_ndot_aup_july_june_2024_2025 | ne_ndot_aup_july_june_2025_2026,,,,auto_resolved,Raw description or unit variants collapse under the conservative identity normalizer.
ne_ndot_identity_conflict_7488.06,7488.06,ne_ndot_7488.06,description_variant,source_text_correction_or_reviewed_variant,needs_review,ne_ndot_7488.06,,,,,ne_ndot_aup_calendar_2019 | ne_ndot_aup_calendar_2020 | ne_ndot_aup_calendar_2021 | ne_ndot_aup_july_june_2017_2018 | ne_ndot_aup_july_june_2019_2020 | ne_ndot_aup_july_june_2020_2021 | ne_ndot_aup_july_june_2021_2022,,,,needs_review,Description variants remain after conservative normalization; inspect source pages before changing identity.
ne_ndot_identity_conflict_7488.07,7488.07,ne_ndot_7488.07,description_variant,source_text_correction_or_reviewed_variant,needs_review,ne_ndot_7488.07,,,,,ne_ndot_aup_calendar_2019 | ne_ndot_aup_calendar_2020 | ne_ndot_aup_calendar_2021 | ne_ndot_aup_july_june_2017_2018 | ne_ndot_aup_july_june_2019_2020 | ne_ndot_aup_july_june_2020_2021 | ne_ndot_aup_july_june_2021_2022,,,,needs_review,Description variants remain after conservative normalization; inspect source pages before changing identity.
ne_ndot_identity_conflict_7488.11,7488.11,ne_ndot_7488.11,description_variant,source_text_correction_or_reviewed_variant,needs_review,ne_ndot_7488.11,,,,,ne_ndot_aup_calendar_2019 | ne_ndot_aup_calendar_2020 | ne_ndot_aup_calendar_2021 | ne_ndot_aup_calendar_2022 | ne_ndot_aup_calendar_2023 | ne_ndot_aup_calendar_2024 | ne_ndot_aup_calendar_2025 | ne_ndot_aup_july_june_2019_2020 | ne_ndot_aup_july_june_2020_2021 | ne_ndot_aup_july_june_2021_2022 | ne_ndot_aup_july_june_2022_2023 | ne_ndot_aup_july_june_2023_2024 | ne_ndot_aup_july_june_2024_2025 | ne_ndot_aup_july_june_2025_2026,,,,needs_review,Description variants remain after conservative normalization; inspect source pages before changing identity.
ne_ndot_identity_conflict_7490.03,7490.03,ne_ndot_7490.03,normalized_equivalent,normalized_equivalent,normalized_equivalent,ne_ndot_7490.03,,,,,ne_ndot_aup_calendar_2020 | ne_ndot_aup_july_june_2019_2020 | ne_ndot_aup_july_june_2020_2021,,,,auto_resolved,Raw description or unit variants collapse under the conservative identity normalizer.
ne_ndot_identity_conflict_7490.04,7490.04,ne_ndot_7490.04,normalized_equivalent,normalized_equivalent,normalized_equivalent,ne_ndot_7490.04,,,,,ne_ndot_aup_calendar_2020 | ne_ndot_aup_july_june_2019_2020 | ne_ndot_aup_july_june_2020_2021,,,,auto_resolved,Raw description or unit variants collapse under the conservative identity normalizer.
ne_ndot_identity_conflict_7490.06,7490.06,ne_ndot_7490.06,normalized_equivalent,normalized_equivalent,normalized_equivalent,ne_ndot_7490.06,,,,,ne_ndot_aup_calendar_2020 | ne_ndot_aup_july_june_2020_2021,,,,auto_resolved,Raw description or unit variants collapse under the conservative identity normalizer.
ne_ndot_identity_conflict_7490.24,7490.24,ne_ndot_7490.24,normalized_equivalent,normalized_equivalent,normalized_equivalent,ne_ndot_7490.24,,,,,ne_ndot_aup_calendar_2020 | ne_ndot_aup_july_june_2019_2020 | ne_ndot_aup_july_june_2020_2021,,,,auto_resolved,Raw description or unit variants collapse under the conservative identity normalizer.
ne_ndot_identity_conflict_7495.04,7495.04,ne_ndot_7495.04,normalized_equivalent,normalized_equivalent,normalized_equivalent,ne_ndot_7495.04,,,,,ne_ndot_aup_calendar_2020 | ne_ndot_aup_calendar_2021 | ne_ndot_aup_calendar_2022 | ne_ndot_aup_calendar_2023 | ne_ndot_aup_calendar_2024 | ne_ndot_aup_calendar_2025 | ne_ndot_aup_july_june_2017_2018 | ne_ndot_aup_july_june_2019_2020 | ne_ndot_aup_july_june_2020_2021 | ne_ndot_aup_july_june_2021_2022 | ne_ndot_aup_july_june_2022_2023 | ne_ndot_aup_july_june_2023_2024 | ne_ndot_aup_july_june_2024_2025 | ne_ndot_aup_july_june_2025_2026,,,,auto_resolved,Raw description or unit variants collapse under the conservative identity normalizer.
ne_ndot_identity_conflict_7495.05,7495.05,ne_ndot_7495.05,normalized_equivalent,normalized_equivalent,normalized_equivalent,ne_ndot_7495.05,,,,,ne_ndot_aup_calendar_2018 | ne_ndot_aup_calendar_2020 | ne_ndot_aup_calendar_2022 | ne_ndot_aup_calendar_2023 | ne_ndot_aup_calendar_2024 | ne_ndot_aup_calendar_2025 | ne_ndot_aup_july_june_2019_2020 | ne_ndot_aup_july_june_2021_2022 | ne_ndot_aup_july_june_2022_2023 | ne_ndot_aup_july_june_2023_2024 | ne_ndot_aup_july_june_2024_2025 | ne_ndot_aup_july_june_2025_2026,,,,auto_resolved,Raw description or unit variants collapse under the conservative identity normalizer.
ne_ndot_identity_conflict_7495.12,7495.12,ne_ndot_7495.12,normalized_equivalent,normalized_equivalent,normalized_equivalent,ne_ndot_7495.12,,,,,ne_ndot_aup_calendar_2018 | ne_ndot_aup_calendar_2020 | ne_ndot_aup_calendar_2022 | ne_ndot_aup_calendar_2024 | ne_ndot_aup_calendar_2025 | ne_ndot_aup_july_june_2017_2018 | ne_ndot_aup_july_june_2018_2019 | ne_ndot_aup_july_june_2019_2020 | ne_ndot_aup_july_june_2020_2021 | ne_ndot_aup_july_june_2021_2022 | ne_ndot_aup_july_june_2022_2023 | ne_ndot_aup_july_june_2023_2024 | ne_ndot_aup_july_june_2025_2026,,,,auto_resolved,Raw description or unit variants collapse under the conservative identity normalizer.
ne_ndot_identity_conflict_7495.24,7495.24,ne_ndot_7495.24,normalized_equivalent,normalized_equivalent,normalized_equivalent,ne_ndot_7495.24,,,,,ne_ndot_aup_calendar_2018 | ne_ndot_aup_calendar_2019 | ne_ndot_aup_calendar_2020 | ne_ndot_aup_calendar_2022 | ne_ndot_aup_calendar_2023 | ne_ndot_aup_calendar_2025 | ne_ndot_aup_july_june_2017_2018 | ne_ndot_aup_july_june_2018_2019 | ne_ndot_aup_july_june_2019_2020 | ne_ndot_aup_july_june_2020_2021 | ne_ndot_aup_july_june_2021_2022 | ne_ndot_aup_july_june_2022_2023 | ne_ndot_aup_july_june_2025_2026,,,,auto_resolved,Raw description or unit variants collapse under the conservative identity normalizer.
ne_ndot_identity_conflict_7495.55,7495.55,ne_ndot_7495.55,normalized_equivalent,normalized_equivalent,normalized_equivalent,ne_ndot_7495.55,,,,,ne_ndot_aup_calendar_2019 | ne_ndot_aup_calendar_2020 | ne_ndot_aup_calendar_2021 | ne_ndot_aup_calendar_2022 | ne_ndot_aup_calendar_2023 | ne_ndot_aup_calendar_2025 | ne_ndot_aup_july_june_2017_2018 | ne_ndot_aup_july_june_2019_2020 | ne_ndot_aup_july_june_2020_2021 | ne_ndot_aup_july_june_2021_2022 | ne_ndot_aup_july_june_2022_2023 | ne_ndot_aup_july_june_2023_2024 | ne_ndot_aup_july_june_2025_2026,,,,auto_resolved,Raw description or unit variants collapse under the conservative identity normalizer.
ne_ndot_identity_conflict_7496.05,7496.05,ne_ndot_7496.05,normalized_equivalent,normalized_equivalent,normalized_equivalent,ne_ndot_7496.05,,,,,ne_ndot_aup_calendar_2019 | ne_ndot_aup_calendar_2021 | ne_ndot_aup_calendar_2022 | ne_ndot_aup_calendar_2023 | ne_ndot_aup_calendar_2025 | ne_ndot_aup_july_june_2017_2018 | ne_ndot_aup_july_june_2019_2020 | ne_ndot_aup_july_june_2021_2022 | ne_ndot_aup_july_june_2022_2023 | ne_ndot_aup_july_june_2023_2024 | ne_ndot_aup_july_june_2025_2026,,,,auto_resolved,Raw description or unit variants collapse under the conservative identity normalizer.
ne_ndot_identity_conflict_7500.38,7500.38,ne_ndot_7500.38,description_variant,source_text_correction_or_reviewed_variant,needs_review,ne_ndot_7500.38,,,,,ne_ndot_aup_calendar_2018 | ne_ndot_aup_calendar_2019 | ne_ndot_aup_calendar_2020 | ne_ndot_aup_calendar_2021 | ne_ndot_aup_calendar_2022 | ne_ndot_aup_july_june_2018_2019 | ne_ndot_aup_july_june_2019_2020 | ne_ndot_aup_july_june_2021_2022 | ne_ndot_aup_july_june_2022_2023,,,,needs_review,Description variants remain after conservative normalization; inspect source pages before changing identity.
ne_ndot_identity_conflict_7500.54,7500.54,ne_ndot_7500.54,normalized_equivalent,normalized_equivalent,normalized_equivalent,ne_ndot_7500.54,,,,,ne_ndot_aup_calendar_2019 | ne_ndot_aup_july_june_2018_2019,,,,auto_resolved,Raw description or unit variants collapse under the conservative identity normalizer.
ne_ndot_identity_conflict_7500.57,7500.57,ne_ndot_7500.57,description_variant,source_text_correction_or_reviewed_variant,needs_review,ne_ndot_7500.57,,,,,ne_ndot_aup_calendar_2018 | ne_ndot_aup_calendar_2021 | ne_ndot_aup_calendar_2022 | ne_ndot_aup_july_june_2018_2019 | ne_ndot_aup_july_june_2021_2022 | ne_ndot_aup_july_june_2022_2023,,,,needs_review,Description variants remain after conservative normalization; inspect source pages before changing identity.
ne_ndot_identity_conflict_7500.69,7500.69,ne_ndot_7500.69,description_variant,source_text_correction_or_reviewed_variant,needs_review,ne_ndot_7500.69,,,,,ne_ndot_aup_calendar_2019 | ne_ndot_aup_calendar_2020 | ne_ndot_aup_calendar_2021 | ne_ndot_aup_calendar_2022 | ne_ndot_aup_calendar_2024 | ne_ndot_aup_calendar_2025 | ne_ndot_aup_july_june_2018_2019 | ne_ndot_aup_july_june_2019_2020 | ne_ndot_aup_july_june_2021_2022 | ne_ndot_aup_july_june_2022_2023 | ne_ndot_aup_july_june_2023_2024 | ne_ndot_aup_july_june_2025_2026,,,,needs_review,Description variants remain after conservative normalization; inspect source pages before changing identity.
ne_ndot_identity_conflict_7500.93,7500.93,ne_ndot_7500.93,description_variant,source_text_correction_or_reviewed_variant,needs_review,ne_ndot_7500.93,,,,,ne_ndot_aup_calendar_2023 | ne_ndot_aup_july_june_2023_2024,,,,needs_review,Description variants remain after conservative normalization; inspect source pages before changing identity.
ne_ndot_identity_conflict_7501.02,7501.02,ne_ndot_7501.02,description_variant,source_text_correction_or_reviewed_variant,needs_review,ne_ndot_7501.02,,,,,ne_ndot_aup_calendar_2024 | ne_ndot_aup_july_june_2023_2024,,,,needs_review,Description variants remain after conservative normalization; inspect source pages before changing identity.
ne_ndot_identity_conflict_7502.14,7502.14,ne_ndot_7502.14,normalized_equivalent,normalized_equivalent,normalized_equivalent,ne_ndot_7502.14,,,,,ne_ndot_aup_calendar_2019 | ne_ndot_aup_calendar_2020 | ne_ndot_aup_july_june_2017_2018 | ne_ndot_aup_july_june_2018_2019 | ne_ndot_aup_july_june_2020_2021,,,,auto_resolved,Raw description or unit variants collapse under the conservative identity normalizer.
ne_ndot_identity_conflict_7503.14,7503.14,ne_ndot_7503.14,normalized_equivalent,normalized_equivalent,normalized_equivalent,ne_ndot_7503.14,,,,,ne_ndot_aup_calendar_2019 | ne_ndot_aup_july_june_2017_2018 | ne_ndot_aup_july_june_2018_2019,,,,auto_resolved,Raw description or unit variants collapse under the conservative identity normalizer.
ne_ndot_identity_conflict_7503.50,7503.50,ne_ndot_7503.50,normalized_equivalent,normalized_equivalent,normalized_equivalent,ne_ndot_7503.50,,,,,ne_ndot_aup_calendar_2018 | ne_ndot_aup_calendar_2020 | ne_ndot_aup_calendar_2022 | ne_ndot_aup_calendar_2023 | ne_ndot_aup_calendar_2025 | ne_ndot_aup_july_june_2017_2018 | ne_ndot_aup_july_june_2019_2020 | ne_ndot_aup_july_june_2021_2022 | ne_ndot_aup_july_june_2022_2023 | ne_ndot_aup_july_june_2025_2026,,,,auto_resolved,Raw description or unit variants collapse under the conservative identity normalizer.
ne_ndot_identity_conflict_7503.51,7503.51,ne_ndot_7503.51,normalized_equivalent,normalized_equivalent,normalized_equivalent,ne_ndot_7503.51,,,,,ne_ndot_aup_calendar_2018 | ne_ndot_aup_calendar_2020 | ne_ndot_aup_calendar_2022 | ne_ndot_aup_calendar_2023 | ne_ndot_aup_calendar_2025 | ne_ndot_aup_july_june_2017_2018 | ne_ndot_aup_july_june_2019_2020 | ne_ndot_aup_july_june_2021_2022 | ne_ndot_aup_july_june_2022_2023 | ne_ndot_aup_july_june_2025_2026,,,,auto_resolved,Raw description or unit variants collapse under the conservative identity normalizer.
ne_ndot_identity_conflict_7507.04,7507.04,ne_ndot_7507.04,normalized_equivalent,normalized_equivalent,normalized_equivalent,ne_ndot_7507.04,,,,,ne_ndot_aup_calendar_2020 | ne_ndot_aup_calendar_2024 | ne_ndot_aup_calendar_2025 | ne_ndot_aup_july_june_2019_2020 | ne_ndot_aup_july_june_2024_2025,,,,auto_resolved,Raw description or unit variants collapse under the conservative identity normalizer.
ne_ndot_identity_conflict_7507.14,7507.14,ne_ndot_7507.14,normalized_equivalent,normalized_equivalent,normalized_equivalent,ne_ndot_7507.14,,,,,ne_ndot_aup_calendar_2019 | ne_ndot_aup_july_june_2018_2019,,,,auto_resolved,Raw description or unit variants collapse under the conservative identity normalizer.
ne_ndot_identity_conflict_7508.04,7508.04,ne_ndot_7508.04,normalized_equivalent,normalized_equivalent,normalized_equivalent,ne_ndot_7508.04,,,,,ne_ndot_aup_calendar_2018 | ne_ndot_aup_calendar_2020 | ne_ndot_aup_calendar_2022 | ne_ndot_aup_july_june_2019_2020 | ne_ndot_aup_july_june_2021_2022,,,,auto_resolved,Raw description or unit variants collapse under the conservative identity normalizer.
ne_ndot_identity_conflict_7508.14,7508.14,ne_ndot_7508.14,normalized_equivalent,normalized_equivalent,normalized_equivalent,ne_ndot_7508.14,,,,,ne_ndot_aup_calendar_2019 | ne_ndot_aup_calendar_2023 | ne_ndot_aup_calendar_2024 | ne_ndot_aup_july_june_2017_2018 | ne_ndot_aup_july_june_2018_2019 | ne_ndot_aup_july_june_2022_2023 | ne_ndot_aup_july_june_2024_2025,,,,auto_resolved,Raw description or unit variants collapse under the conservative identity normalizer.
ne_ndot_identity_conflict_7509.14,7509.14,ne_ndot_7509.14,normalized_equivalent,normalized_equivalent,normalized_equivalent,ne_ndot_7509.14,,,,,ne_ndot_aup_calendar_2023 | ne_ndot_aup_calendar_2024 | ne_ndot_aup_july_june_2017_2018 | ne_ndot_aup_july_june_2022_2023 | ne_ndot_aup_july_june_2024_2025,,,,auto_resolved,Raw description or unit variants collapse under the conservative identity normalizer.
ne_ndot_identity_conflict_7512.04,7512.04,ne_ndot_7512.04,normalized_equivalent,normalized_equivalent,normalized_equivalent,ne_ndot_7512.04,,,,,ne_ndot_aup_calendar_2018 | ne_ndot_aup_calendar_2020 | ne_ndot_aup_calendar_2022 | ne_ndot_aup_calendar_2025 | ne_ndot_aup_july_june_2019_2020 | ne_ndot_aup_july_june_2021_2022 | ne_ndot_aup_july_june_2025_2026,,,,auto_resolved,Raw description or unit variants collapse under the conservative identity normalizer.
ne_ndot_identity_conflict_7512.14,7512.14,ne_ndot_7512.14,normalized_equivalent,normalized_equivalent,normalized_equivalent,ne_ndot_7512.14,,,,,ne_ndot_aup_calendar_2018 | ne_ndot_aup_calendar_2019 | ne_ndot_aup_calendar_2024 | ne_ndot_aup_july_june_2017_2018 | ne_ndot_aup_july_june_2018_2019 | ne_ndot_aup_july_june_2019_2020 | ne_ndot_aup_july_june_2023_2024,,,,auto_resolved,Raw description or unit variants collapse under the conservative identity normalizer.
ne_ndot_identity_conflict_7515.04,7515.04,ne_ndot_7515.04,normalized_equivalent,normalized_equivalent,normalized_equivalent,ne_ndot_7515.04,,,,,ne_ndot_aup_calendar_2018 | ne_ndot_aup_calendar_2020 | ne_ndot_aup_july_june_2017_2018 | ne_ndot_aup_july_june_2019_2020 | ne_ndot_aup_july_june_2020_2021 | ne_ndot_aup_july_june_2025_2026,,,,auto_resolved,Raw description or unit variants collapse under the conservative identity normalizer.
ne_ndot_identity_conflict_7515.08,7515.08,ne_ndot_7515.08,normalized_equivalent,normalized_equivalent,normalized_equivalent,ne_ndot_7515.08,,,,,ne_ndot_aup_calendar_2018 | ne_ndot_aup_july_june_2017_2018,,,,auto_resolved,Raw description or unit variants collapse under the conservative identity normalizer.
ne_ndot_identity_conflict_7515.09,7515.09,ne_ndot_7515.09,normalized_equivalent,normalized_equivalent,normalized_equivalent,ne_ndot_7515.09,,,,,ne_ndot_aup_calendar_2020 | ne_ndot_aup_july_june_2017_2018 | ne_ndot_aup_july_june_2019_2020,,,,auto_resolved,Raw description or unit variants collapse under the conservative identity normalizer.
ne_ndot_identity_conflict_7515.12,7515.12,ne_ndot_7515.12,normalized_equivalent,normalized_equivalent,normalized_equivalent,ne_ndot_7515.12,,,,,ne_ndot_aup_calendar_2018 | ne_ndot_aup_july_june_2017_2018,,,,auto_resolved,Raw description or unit variants collapse under the conservative identity normalizer.
ne_ndot_identity_conflict_7515.24,7515.24,ne_ndot_7515.24,normalized_equivalent,normalized_equivalent,normalized_equivalent,ne_ndot_7515.24,,,,,ne_ndot_aup_calendar_2018 | ne_ndot_aup_calendar_2020 | ne_ndot_aup_calendar_2023 | ne_ndot_aup_calendar_2024 | ne_ndot_aup_july_june_2017_2018 | ne_ndot_aup_july_june_2019_2020 | ne_ndot_aup_july_june_2023_2024 | ne_ndot_aup_july_june_2025_2026,,,,auto_resolved,Raw description or unit variants collapse under the conservative identity normalizer.
ne_ndot_identity_conflict_7515.25,7515.25,ne_ndot_7515.25,normalized_equivalent,normalized_equivalent,normalized_equivalent,ne_ndot_7515.25,,,,,ne_ndot_aup_calendar_2020 | ne_ndot_aup_calendar_2023 | ne_ndot_aup_calendar_2025 | ne_ndot_aup_july_june_2017_2018 | ne_ndot_aup_july_june_2020_2021 | ne_ndot_aup_july_june_2023_2024 | ne_ndot_aup_july_june_2025_2026,,,,auto_resolved,Raw description or unit variants collapse under the conservative identity normalizer.
ne_ndot_identity_conflict_7515.34,7515.34,ne_ndot_7515.34,normalized_equivalent,normalized_equivalent,normalized_equivalent,ne_ndot_7515.34,,,,,ne_ndot_aup_calendar_2020 | ne_ndot_aup_july_june_2017_2018 | ne_ndot_aup_july_june_2019_2020,,,,auto_resolved,Raw description or unit variants collapse under the conservative identity normalizer.
ne_ndot_identity_conflict_7515.35,7515.35,ne_ndot_7515.35,normalized_equivalent,normalized_equivalent,normalized_equivalent,ne_ndot_7515.35,,,,,ne_ndot_aup_calendar_2018 | ne_ndot_aup_calendar_2019 | ne_ndot_aup_calendar_2022 | ne_ndot_aup_july_june_2017_2018 | ne_ndot_aup_july_june_2018_2019 | ne_ndot_aup_july_june_2019_2020 | ne_ndot_aup_july_june_2022_2023,,,,auto_resolved,Raw description or unit variants collapse under the conservative identity normalizer.
ne_ndot_identity_conflict_7515.36,7515.36,ne_ndot_7515.36,normalized_equivalent,normalized_equivalent,normalized_equivalent,ne_ndot_7515.36,,,,,ne_ndot_aup_calendar_2018 | ne_ndot_aup_calendar_2019 | ne_ndot_aup_calendar_2020 | ne_ndot_aup_calendar_2021 | ne_ndot_aup_calendar_2022 | ne_ndot_aup_calendar_2023 | ne_ndot_aup_july_june_2017_2018 | ne_ndot_aup_july_june_2018_2019 | ne_ndot_aup_july_june_2019_2020 | ne_ndot_aup_july_june_2020_2021 | ne_ndot_aup_july_june_2021_2022 | ne_ndot_aup_july_june_2022_2023 | ne_ndot_aup_july_june_2023_2024 | ne_ndot_aup_july_june_2025_2026,,,,auto_resolved,Raw description or unit variants collapse under the conservative identity normalizer.
ne_ndot_identity_conflict_7515.38,7515.38,ne_ndot_7515.38,normalized_equivalent,normalized_equivalent,normalized_equivalent,ne_ndot_7515.38,,,,,ne_ndot_aup_calendar_2018 | ne_ndot_aup_calendar_2019 | ne_ndot_aup_calendar_2020 | ne_ndot_aup_calendar_2021 | ne_ndot_aup_calendar_2022 | ne_ndot_aup_calendar_2023 | ne_ndot_aup_calendar_2024 | ne_ndot_aup_calendar_2025 | ne_ndot_aup_july_june_2017_2018 | ne_ndot_aup_july_june_2018_2019 | ne_ndot_aup_july_june_2019_2020 | ne_ndot_aup_july_june_2020_2021 | ne_ndot_aup_july_june_2021_2022 | ne_ndot_aup_july_june_2022_2023 | ne_ndot_aup_july_june_2023_2024 | ne_ndot_aup_july_june_2024_2025 | ne_ndot_aup_july_june_2025_2026,,,,auto_resolved,Raw description or unit variants collapse under the conservative identity normalizer.
ne_ndot_identity_conflict_7515.42,7515.42,ne_ndot_7515.42,semantic_identity_candidate,needs_review,needs_review,ne_ndot_7515.42,,,,,ne_ndot_aup_calendar_2018 | ne_ndot_aup_calendar_2019 | ne_ndot_aup_calendar_2020 | ne_ndot_aup_calendar_2021 | ne_ndot_aup_calendar_2022 | ne_ndot_aup_calendar_2023 | ne_ndot_aup_calendar_2024 | ne_ndot_aup_calendar_2025 | ne_ndot_aup_july_june_2017_2018 | ne_ndot_aup_july_june_2018_2019 | ne_ndot_aup_july_june_2019_2020 | ne_ndot_aup_july_june_2020_2021 | ne_ndot_aup_july_june_2021_2022 | ne_ndot_aup_july_june_2022_2023 | ne_ndot_aup_july_june_2023_2024 | ne_ndot_aup_july_june_2024_2025 | ne_ndot_aup_july_june_2025_2026,,,,needs_review,Description and unit context remain materially different after conservative normalization.
ne_ndot_identity_conflict_7516.04,7516.04,ne_ndot_7516.04,normalized_equivalent,normalized_equivalent,normalized_equivalent,ne_ndot_7516.04,,,,,ne_ndot_aup_calendar_2018 | ne_ndot_aup_calendar_2019 | ne_ndot_aup_calendar_2020 | ne_ndot_aup_july_june_2017_2018 | ne_ndot_aup_july_june_2018_2019 | ne_ndot_aup_july_june_2020_2021,,,,auto_resolved,Raw description or unit variants collapse under the conservative identity normalizer.
ne_ndot_identity_conflict_7516.12,7516.12,ne_ndot_7516.12,normalized_equivalent,normalized_equivalent,normalized_equivalent,ne_ndot_7516.12,,,,,ne_ndot_aup_july_june_2017_2018,,,,auto_resolved,Raw description or unit variants collapse under the conservative identity normalizer.
ne_ndot_identity_conflict_7516.13,7516.13,ne_ndot_7516.13,normalized_equivalent,normalized_equivalent,normalized_equivalent,ne_ndot_7516.13,,,,,ne_ndot_aup_calendar_2018 | ne_ndot_aup_calendar_2019 | ne_ndot_aup_calendar_2020 | ne_ndot_aup_calendar_2021 | ne_ndot_aup_calendar_2022 | ne_ndot_aup_calendar_2023 | ne_ndot_aup_calendar_2024 | ne_ndot_aup_calendar_2025 | ne_ndot_aup_july_june_2017_2018 | ne_ndot_aup_july_june_2018_2019 | ne_ndot_aup_july_june_2019_2020 | ne_ndot_aup_july_june_2020_2021 | ne_ndot_aup_july_june_2021_2022 | ne_ndot_aup_july_june_2022_2023 | ne_ndot_aup_july_june_2023_2024 | ne_ndot_aup_july_june_2024_2025 | ne_ndot_aup_july_june_2025_2026,,,,auto_resolved,Raw description or unit variants collapse under the conservative identity normalizer.
ne_ndot_identity_conflict_7516.34,7516.34,ne_ndot_7516.34,normalized_equivalent,normalized_equivalent,normalized_equivalent,ne_ndot_7516.34,,,,,ne_ndot_aup_calendar_2020 | ne_ndot_aup_july_june_2017_2018 | ne_ndot_aup_july_june_2019_2020,,,,auto_resolved,Raw description or unit variants collapse under the conservative identity normalizer.
ne_ndot_identity_conflict_7516.35,7516.35,ne_ndot_7516.35,normalized_equivalent,normalized_equivalent,normalized_equivalent,ne_ndot_7516.35,,,,,ne_ndot_aup_calendar_2018 | ne_ndot_aup_calendar_2019 | ne_ndot_aup_calendar_2020 | ne_ndot_aup_calendar_2021 | ne_ndot_aup_calendar_2022 | ne_ndot_aup_calendar_2023 | ne_ndot_aup_july_june_2017_2018 | ne_ndot_aup_july_june_2018_2019 | ne_ndot_aup_july_june_2019_2020 | ne_ndot_aup_july_june_2020_2021 | ne_ndot_aup_july_june_2021_2022 | ne_ndot_aup_july_june_2022_2023 | ne_ndot_aup_july_june_2023_2024 | ne_ndot_aup_july_june_2025_2026,,,,auto_resolved,Raw description or unit variants collapse under the conservative identity normalizer.
ne_ndot_identity_conflict_7516.36,7516.36,ne_ndot_7516.36,semantic_identity_candidate,needs_review,needs_review,ne_ndot_7516.36,,,,,ne_ndot_aup_calendar_2018 | ne_ndot_aup_calendar_2019 | ne_ndot_aup_calendar_2022 | ne_ndot_aup_july_june_2017_2018 | ne_ndot_aup_july_june_2018_2019 | ne_ndot_aup_july_june_2019_2020 | ne_ndot_aup_july_june_2022_2023,,,,needs_review,Description and unit context remain materially different after conservative normalization.
ne_ndot_identity_conflict_7516.42,7516.42,ne_ndot_7516.42,semantic_identity_candidate,needs_review,needs_review,ne_ndot_7516.42,,,,,ne_ndot_aup_calendar_2018 | ne_ndot_aup_calendar_2019 | ne_ndot_aup_calendar_2020 | ne_ndot_aup_calendar_2021 | ne_ndot_aup_calendar_2022 | ne_ndot_aup_calendar_2023 | ne_ndot_aup_calendar_2024 | ne_ndot_aup_july_june_2018_2019 | ne_ndot_aup_july_june_2019_2020 | ne_ndot_aup_july_june_2020_2021 | ne_ndot_aup_july_june_2021_2022 | ne_ndot_aup_july_june_2022_2023 | ne_ndot_aup_july_june_2023_2024 | ne_ndot_aup_july_june_2024_2025 | ne_ndot_aup_july_june_2025_2026,,,,needs_review,Description and unit context remain materially different after conservative normalization.
ne_ndot_identity_conflict_7517.04,7517.04,ne_ndot_7517.04,semantic_identity_candidate,needs_review,needs_review,ne_ndot_7517.04,,,,,ne_ndot_aup_calendar_2018 | ne_ndot_aup_calendar_2019 | ne_ndot_aup_calendar_2020 | ne_ndot_aup_calendar_2021 | ne_ndot_aup_calendar_2022 | ne_ndot_aup_july_june_2017_2018 | ne_ndot_aup_july_june_2018_2019 | ne_ndot_aup_july_june_2019_2020 | ne_ndot_aup_july_june_2020_2021 | ne_ndot_aup_july_june_2021_2022,,,,needs_review,Description and unit context remain materially different after conservative normalization.
ne_ndot_identity_conflict_7517.05,7517.05,ne_ndot_7517.05,semantic_identity_candidate,needs_review,needs_review,ne_ndot_7517.05,,,,,ne_ndot_aup_calendar_2018 | ne_ndot_aup_calendar_2019 | ne_ndot_aup_calendar_2020 | ne_ndot_aup_calendar_2021 | ne_ndot_aup_calendar_2022 | ne_ndot_aup_calendar_2023 | ne_ndot_aup_calendar_2024 | ne_ndot_aup_calendar_2025 | ne_ndot_aup_july_june_2017_2018 | ne_ndot_aup_july_june_2018_2019 | ne_ndot_aup_july_june_2019_2020 | ne_ndot_aup_july_june_2020_2021 | ne_ndot_aup_july_june_2021_2022 | ne_ndot_aup_july_june_2022_2023 | ne_ndot_aup_july_june_2023_2024 | ne_ndot_aup_july_june_2025_2026,,,,needs_review,Description and unit context remain materially different after conservative normalization.
ne_ndot_identity_conflict_7517.06,7517.06,ne_ndot_7517.06,semantic_identity_candidate,needs_review,needs_review,ne_ndot_7517.06,,,,,ne_ndot_aup_calendar_2018 | ne_ndot_aup_calendar_2020 | ne_ndot_aup_calendar_2021 | ne_ndot_aup_calendar_2022 | ne_ndot_aup_calendar_2023 | ne_ndot_aup_calendar_2024 | ne_ndot_aup_calendar_2025 | ne_ndot_aup_july_june_2018_2019 | ne_ndot_aup_july_june_2019_2020 | ne_ndot_aup_july_june_2021_2022 | ne_ndot_aup_july_june_2022_2023 | ne_ndot_aup_july_june_2023_2024 | ne_ndot_aup_july_june_2024_2025 | ne_ndot_aup_july_june_2025_2026,,,,needs_review,Description and unit context remain materially different after conservative normalization.
ne_ndot_identity_conflict_7517.11,7517.11,ne_ndot_7517.11,description_variant,source_text_correction_or_reviewed_variant,needs_review,ne_ndot_7517.11,,,,,ne_ndot_aup_calendar_2018 | ne_ndot_aup_calendar_2019 | ne_ndot_aup_calendar_2020 | ne_ndot_aup_calendar_2021 | ne_ndot_aup_july_june_2018_2019 | ne_ndot_aup_july_june_2019_2020 | ne_ndot_aup_july_june_2020_2021,,,,needs_review,Description variants remain after conservative normalization; inspect source pages before changing identity.
ne_ndot_identity_conflict_7517.12,7517.12,ne_ndot_7517.12,semantic_identity_candidate,needs_review,needs_review,ne_ndot_7517.12,,,,,ne_ndot_aup_calendar_2018 | ne_ndot_aup_calendar_2019 | ne_ndot_aup_calendar_2020 | ne_ndot_aup_calendar_2022 | ne_ndot_aup_calendar_2023 | ne_ndot_aup_calendar_2024 | ne_ndot_aup_july_june_2017_2018 | ne_ndot_aup_july_june_2018_2019 | ne_ndot_aup_july_june_2019_2020 | ne_ndot_aup_july_june_2020_2021 | ne_ndot_aup_july_june_2021_2022 | ne_ndot_aup_july_june_2022_2023 | ne_ndot_aup_july_june_2023_2024 | ne_ndot_aup_july_june_2024_2025,,,,needs_review,Description and unit context remain materially different after conservative normalization.
ne_ndot_identity_conflict_7517.18,7517.18,ne_ndot_7517.18,description_variant,source_text_correction_or_reviewed_variant,needs_review,ne_ndot_7517.18,,,,,ne_ndot_aup_calendar_2018 | ne_ndot_aup_calendar_2019 | ne_ndot_aup_calendar_2020 | ne_ndot_aup_calendar_2022 | ne_ndot_aup_july_june_2019_2020 | ne_ndot_aup_july_june_2020_2021 | ne_ndot_aup_july_june_2022_2023,,,,needs_review,Description variants remain after conservative normalization; inspect source pages before changing identity.
ne_ndot_identity_conflict_7517.20,7517.20,ne_ndot_7517.20,description_variant,source_text_correction_or_reviewed_variant,needs_review,ne_ndot_7517.20,,,,,ne_ndot_aup_calendar_2018 | ne_ndot_aup_calendar_2019 | ne_ndot_aup_calendar_2020 | ne_ndot_aup_calendar_2021 | ne_ndot_aup_calendar_2025 | ne_ndot_aup_july_june_2018_2019 | ne_ndot_aup_july_june_2019_2020 | ne_ndot_aup_july_june_2020_2021 | ne_ndot_aup_july_june_2025_2026,,,,needs_review,Description variants remain after conservative normalization; inspect source pages before changing identity.
ne_ndot_identity_conflict_7517.24,7517.24,ne_ndot_7517.24,semantic_identity_candidate,needs_review,needs_review,ne_ndot_7517.24,,,,,ne_ndot_aup_calendar_2018 | ne_ndot_aup_calendar_2019 | ne_ndot_aup_calendar_2020 | ne_ndot_aup_calendar_2021 | ne_ndot_aup_calendar_2022 | ne_ndot_aup_july_june_2017_2018 | ne_ndot_aup_july_june_2018_2019 | ne_ndot_aup_july_june_2019_2020 | ne_ndot_aup_july_june_2020_2021 | ne_ndot_aup_july_june_2021_2022 | ne_ndot_aup_july_june_2022_2023,,,,needs_review,Description and unit context remain materially different after conservative normalization.
ne_ndot_identity_conflict_7518.04,7518.04,ne_ndot_7518.04,semantic_identity_candidate,needs_review,needs_review,ne_ndot_7518.04,,,,,ne_ndot_aup_calendar_2018 | ne_ndot_aup_calendar_2019 | ne_ndot_aup_calendar_2020 | ne_ndot_aup_calendar_2021 | ne_ndot_aup_calendar_2022 | ne_ndot_aup_july_june_2017_2018 | ne_ndot_aup_july_june_2018_2019 | ne_ndot_aup_july_june_2019_2020 | ne_ndot_aup_july_june_2020_2021 | ne_ndot_aup_july_june_2021_2022,,,,needs_review,Description and unit context remain materially different after conservative normalization.
ne_ndot_identity_conflict_7518.05,7518.05,ne_ndot_7518.05,semantic_identity_candidate,needs_review,needs_review,ne_ndot_7518.05,,,,,ne_ndot_aup_calendar_2018 | ne_ndot_aup_calendar_2019 | ne_ndot_aup_calendar_2020 | ne_ndot_aup_calendar_2021 | ne_ndot_aup_calendar_2022 | ne_ndot_aup_calendar_2023 | ne_ndot_aup_calendar_2024 | ne_ndot_aup_july_june_2017_2018 | ne_ndot_aup_july_june_2018_2019 | ne_ndot_aup_july_june_2019_2020 | ne_ndot_aup_july_june_2020_2021 | ne_ndot_aup_july_june_2022_2023 | ne_ndot_aup_july_june_2023_2024,,,,needs_review,Description and unit context remain materially different after conservative normalization.
ne_ndot_identity_conflict_7518.12,7518.12,ne_ndot_7518.12,semantic_identity_candidate,needs_review,needs_review,ne_ndot_7518.12,,,,,ne_ndot_aup_calendar_2018 | ne_ndot_aup_calendar_2019 | ne_ndot_aup_calendar_2020 | ne_ndot_aup_calendar_2021 | ne_ndot_aup_calendar_2022 | ne_ndot_aup_calendar_2023 | ne_ndot_aup_calendar_2024 | ne_ndot_aup_calendar_2025 | ne_ndot_aup_july_june_2017_2018 | ne_ndot_aup_july_june_2018_2019 | ne_ndot_aup_july_june_2019_2020 | ne_ndot_aup_july_june_2020_2021 | ne_ndot_aup_july_june_2021_2022 | ne_ndot_aup_july_june_2022_2023 | ne_ndot_aup_july_june_2023_2024 | ne_ndot_aup_july_june_2024_2025 | ne_ndot_aup_july_june_2025_2026,,,,needs_review,Description and unit context remain materially different after conservative normalization.
ne_ndot_identity_conflict_7518.18,7518.18,ne_ndot_7518.18,description_variant,source_text_correction_or_reviewed_variant,needs_review,ne_ndot_7518.18,,,,,ne_ndot_aup_calendar_2020 | ne_ndot_aup_calendar_2024 | ne_ndot_aup_july_june_2017_2018 | ne_ndot_aup_july_june_2019_2020 | ne_ndot_aup_july_june_2023_2024,,,,needs_review,Description variants remain after conservative normalization; inspect source pages before changing identity.
ne_ndot_identity_conflict_7518.24,7518.24,ne_ndot_7518.24,description_variant,source_text_correction_or_reviewed_variant,needs_review,ne_ndot_7518.24,,,,,ne_ndot_aup_calendar_2020 | ne_ndot_aup_calendar_2024 | ne_ndot_aup_july_june_2017_2018 | ne_ndot_aup_july_june_2019_2020 | ne_ndot_aup_july_june_2023_2024,,,,needs_review,Description variants remain after conservative normalization; inspect source pages before changing identity.
ne_ndot_identity_conflict_7519.00,7519.00,ne_ndot_7519.00,description_variant,source_text_correction_or_reviewed_variant,needs_review,ne_ndot_7519.00,,,,,ne_ndot_aup_calendar_2020 | ne_ndot_aup_calendar_2022 | ne_ndot_aup_july_june_2019_2020 | ne_ndot_aup_july_june_2022_2023,,,,needs_review,Description variants remain after conservative normalization; inspect source pages before changing identity.
ne_ndot_identity_conflict_7519.05,7519.05,ne_ndot_7519.05,description_variant,source_text_correction_or_reviewed_variant,needs_review,ne_ndot_7519.05,,,,,ne_ndot_aup_calendar_2022 | ne_ndot_aup_calendar_2023 | ne_ndot_aup_july_june_2022_2023 | ne_ndot_aup_july_june_2023_2024,,,,needs_review,Description variants remain after conservative normalization; inspect source pages before changing identity.
ne_ndot_identity_conflict_7520.03,7520.03,ne_ndot_7520.03,description_variant,source_text_correction_or_reviewed_variant,needs_review,ne_ndot_7520.03,,,,,ne_ndot_aup_calendar_2018 | ne_ndot_aup_calendar_2022 | ne_ndot_aup_calendar_2023 | ne_ndot_aup_calendar_2024 | ne_ndot_aup_calendar_2025 | ne_ndot_aup_july_june_2017_2018 | ne_ndot_aup_july_june_2022_2023 | ne_ndot_aup_july_june_2023_2024 | ne_ndot_aup_july_june_2024_2025 | ne_ndot_aup_july_june_2025_2026,,,,needs_review,Description variants remain after conservative normalization; inspect source pages before changing identity.
ne_ndot_identity_conflict_7520.15,7520.15,ne_ndot_7520.15,description_variant,source_text_correction_or_reviewed_variant,needs_review,ne_ndot_7520.15,,,,,ne_ndot_aup_calendar_2020 | ne_ndot_aup_calendar_2022 | ne_ndot_aup_july_june_2019_2020 | ne_ndot_aup_july_june_2022_2023,,,,needs_review,Description variants remain after conservative normalization; inspect source pages before changing identity.
ne_ndot_identity_conflict_7541.15,7541.15,ne_ndot_7541.15,semantic_identity_candidate,needs_review,needs_review,ne_ndot_7541.15,,,,,ne_ndot_aup_calendar_2018 | ne_ndot_aup_calendar_2019 | ne_ndot_aup_calendar_2020 | ne_ndot_aup_july_june_2018_2019 | ne_ndot_aup_july_june_2019_2020 | ne_ndot_aup_july_june_2020_2021,,,,needs_review,Description and unit context remain materially different after conservative normalization.
ne_ndot_identity_conflict_7560.01,7560.01,ne_ndot_7560.01,normalized_equivalent,normalized_equivalent,normalized_equivalent,ne_ndot_7560.01,,,,,ne_ndot_aup_calendar_2018 | ne_ndot_aup_calendar_2019 | ne_ndot_aup_calendar_2020 | ne_ndot_aup_calendar_2021 | ne_ndot_aup_calendar_2022 | ne_ndot_aup_calendar_2023 | ne_ndot_aup_calendar_2024 | ne_ndot_aup_calendar_2025 | ne_ndot_aup_july_june_2017_2018 | ne_ndot_aup_july_june_2018_2019 | ne_ndot_aup_july_june_2019_2020 | ne_ndot_aup_july_june_2020_2021 | ne_ndot_aup_july_june_2021_2022 | ne_ndot_aup_july_june_2022_2023 | ne_ndot_aup_july_june_2023_2024 | ne_ndot_aup_july_june_2024_2025 | ne_ndot_aup_july_june_2025_2026,,,,auto_resolved,Raw description or unit variants collapse under the conservative identity normalizer.
ne_ndot_identity_conflict_7560.03,7560.03,ne_ndot_7560.03,normalized_equivalent,normalized_equivalent,normalized_equivalent,ne_ndot_7560.03,,,,,ne_ndot_aup_calendar_2018 | ne_ndot_aup_calendar_2019 | ne_ndot_aup_calendar_2020 | ne_ndot_aup_calendar_2021 | ne_ndot_aup_calendar_2022 | ne_ndot_aup_calendar_2023 | ne_ndot_aup_calendar_2024 | ne_ndot_aup_calendar_2025 | ne_ndot_aup_july_june_2017_2018 | ne_ndot_aup_july_june_2018_2019 | ne_ndot_aup_july_june_2019_2020 | ne_ndot_aup_july_june_2020_2021 | ne_ndot_aup_july_june_2021_2022 | ne_ndot_aup_july_june_2022_2023 | ne_ndot_aup_july_june_2023_2024 | ne_ndot_aup_july_june_2024_2025 | ne_ndot_aup_july_june_2025_2026,,,,auto_resolved,Raw description or unit variants collapse under the conservative identity normalizer.
ne_ndot_identity_conflict_7560.20,7560.20,ne_ndot_7560.20,normalized_equivalent,normalized_equivalent,normalized_equivalent,ne_ndot_7560.20,,,,,ne_ndot_aup_calendar_2018 | ne_ndot_aup_calendar_2019 | ne_ndot_aup_calendar_2020 | ne_ndot_aup_calendar_2021 | ne_ndot_aup_calendar_2022 | ne_ndot_aup_calendar_2023 | ne_ndot_aup_calendar_2024 | ne_ndot_aup_calendar_2025 | ne_ndot_aup_july_june_2017_2018 | ne_ndot_aup_july_june_2018_2019 | ne_ndot_aup_july_june_2019_2020 | ne_ndot_aup_july_june_2020_2021 | ne_ndot_aup_july_june_2021_2022 | ne_ndot_aup_july_june_2022_2023 | ne_ndot_aup_july_june_2023_2024 | ne_ndot_aup_july_june_2024_2025 | ne_ndot_aup_july_june_2025_2026,,,,auto_resolved,Raw description or unit variants collapse under the conservative identity normalizer.
ne_ndot_identity_conflict_7560.30,7560.30,ne_ndot_7560.30,normalized_equivalent,normalized_equivalent,normalized_equivalent,ne_ndot_7560.30,,,,,ne_ndot_aup_calendar_2018 | ne_ndot_aup_calendar_2019 | ne_ndot_aup_calendar_2020 | ne_ndot_aup_calendar_2021 | ne_ndot_aup_calendar_2022 | ne_ndot_aup_calendar_2023 | ne_ndot_aup_calendar_2024 | ne_ndot_aup_calendar_2025 | ne_ndot_aup_july_june_2017_2018 | ne_ndot_aup_july_june_2018_2019 | ne_ndot_aup_july_june_2019_2020 | ne_ndot_aup_july_june_2020_2021 | ne_ndot_aup_july_june_2021_2022 | ne_ndot_aup_july_june_2022_2023 | ne_ndot_aup_july_june_2023_2024 | ne_ndot_aup_july_june_2024_2025 | ne_ndot_aup_july_june_2025_2026,,,,auto_resolved,Raw description or unit variants collapse under the conservative identity normalizer.
ne_ndot_identity_conflict_8003.05,8003.05,ne_ndot_8003.05,normalized_equivalent,normalized_equivalent,normalized_equivalent,ne_ndot_8003.05,,,,,ne_ndot_aup_july_june_2017_2018,,,,auto_resolved,Raw description or unit variants collapse under the conservative identity normalizer.
ne_ndot_identity_conflict_8003.06,8003.06,ne_ndot_8003.06,normalized_equivalent,normalized_equivalent,normalized_equivalent,ne_ndot_8003.06,,,,,ne_ndot_aup_calendar_2024 | ne_ndot_aup_july_june_2024_2025,,,,auto_resolved,Raw description or unit variants collapse under the conservative identity normalizer.
ne_ndot_identity_conflict_8008.00,8008.00,ne_ndot_8008.00,normalized_equivalent,normalized_equivalent,normalized_equivalent,ne_ndot_8008.00,,,,,ne_ndot_aup_calendar_2018 | ne_ndot_aup_calendar_2023 | ne_ndot_aup_calendar_2024 | ne_ndot_aup_july_june_2017_2018 | ne_ndot_aup_july_june_2018_2019 | ne_ndot_aup_july_june_2023_2024 | ne_ndot_aup_july_june_2024_2025,,,,auto_resolved,Raw description or unit variants collapse under the conservative identity normalizer.
ne_ndot_identity_conflict_8008.30,8008.30,ne_ndot_8008.30,normalized_equivalent,normalized_equivalent,normalized_equivalent,ne_ndot_8008.30,,,,,ne_ndot_aup_calendar_2022 | ne_ndot_aup_calendar_2024 | ne_ndot_aup_july_june_2022_2023 | ne_ndot_aup_july_june_2024_2025,,,,auto_resolved,Raw description or unit variants collapse under the conservative identity normalizer.
ne_ndot_identity_conflict_8022.14,8022.14,ne_ndot_8022.14,description_variant,source_text_correction_or_reviewed_variant,needs_review,ne_ndot_8022.14,,,,,ne_ndot_aup_calendar_2020 | ne_ndot_aup_calendar_2021 | ne_ndot_aup_calendar_2022 | ne_ndot_aup_july_june_2019_2020 | ne_ndot_aup_july_june_2021_2022 | ne_ndot_aup_july_june_2022_2023,,,,needs_review,Description variants remain after conservative normalization; inspect source pages before changing identity.
ne_ndot_identity_conflict_8024.50,8024.50,ne_ndot_8024.50,normalized_equivalent,normalized_equivalent,normalized_equivalent,ne_ndot_8024.50,,,,,ne_ndot_aup_calendar_2018 | ne_ndot_aup_calendar_2019 | ne_ndot_aup_calendar_2020 | ne_ndot_aup_calendar_2021 | ne_ndot_aup_calendar_2022 | ne_ndot_aup_calendar_2023 | ne_ndot_aup_calendar_2024 | ne_ndot_aup_july_june_2017_2018 | ne_ndot_aup_july_june_2019_2020 | ne_ndot_aup_july_june_2020_2021 | ne_ndot_aup_july_june_2021_2022 | ne_ndot_aup_july_june_2022_2023 | ne_ndot_aup_july_june_2023_2024 | ne_ndot_aup_july_june_2024_2025 | ne_ndot_aup_july_june_2025_2026,,,,auto_resolved,Raw description or unit variants collapse under the conservative identity normalizer.
ne_ndot_identity_conflict_8024.75,8024.75,ne_ndot_8024.75,normalized_equivalent,normalized_equivalent,normalized_equivalent,ne_ndot_8024.75,,,,,ne_ndot_aup_calendar_2019 | ne_ndot_aup_calendar_2020 | ne_ndot_aup_calendar_2021 | ne_ndot_aup_calendar_2023 | ne_ndot_aup_calendar_2025 | ne_ndot_aup_july_june_2017_2018 | ne_ndot_aup_july_june_2018_2019 | ne_ndot_aup_july_june_2019_2020 | ne_ndot_aup_july_june_2020_2021 | ne_ndot_aup_july_june_2021_2022 | ne_ndot_aup_july_june_2023_2024 | ne_ndot_aup_july_june_2024_2025 | ne_ndot_aup_july_june_2025_2026,,,,auto_resolved,Raw description or unit variants collapse under the conservative identity normalizer.
ne_ndot_identity_conflict_8028.01,8028.01,ne_ndot_8028.01,normalized_equivalent,normalized_equivalent,normalized_equivalent,ne_ndot_8028.01,,,,,ne_ndot_aup_calendar_2018 | ne_ndot_aup_calendar_2019 | ne_ndot_aup_calendar_2020 | ne_ndot_aup_calendar_2021 | ne_ndot_aup_calendar_2022 | ne_ndot_aup_calendar_2023 | ne_ndot_aup_calendar_2024 | ne_ndot_aup_calendar_2025 | ne_ndot_aup_july_june_2017_2018 | ne_ndot_aup_july_june_2018_2019 | ne_ndot_aup_july_june_2019_2020 | ne_ndot_aup_july_june_2020_2021 | ne_ndot_aup_july_june_2021_2022 | ne_ndot_aup_july_june_2022_2023 | ne_ndot_aup_july_june_2023_2024 | ne_ndot_aup_july_june_2024_2025 | ne_ndot_aup_july_june_2025_2026,,,,auto_resolved,Raw description or unit variants collapse under the conservative identity normalizer.
ne_ndot_identity_conflict_8029.04,8029.04,ne_ndot_8029.04,normalized_equivalent,normalized_equivalent,normalized_equivalent,ne_ndot_8029.04,,,,,ne_ndot_aup_calendar_2018 | ne_ndot_aup_july_june_2018_2019,,,,auto_resolved,Raw description or unit variants collapse under the conservative identity normalizer.
ne_ndot_identity_conflict_8029.08,8029.08,ne_ndot_8029.08,normalized_equivalent,normalized_equivalent,normalized_equivalent,ne_ndot_8029.08,,,,,ne_ndot_aup_calendar_2018 | ne_ndot_aup_july_june_2018_2019,,,,auto_resolved,Raw description or unit variants collapse under the conservative identity normalizer.
ne_ndot_identity_conflict_8029.25,8029.25,ne_ndot_8029.25,normalized_equivalent,normalized_equivalent,normalized_equivalent,ne_ndot_8029.25,,,,,ne_ndot_aup_calendar_2018 | ne_ndot_aup_calendar_2019 | ne_ndot_aup_calendar_2020 | ne_ndot_aup_calendar_2021 | ne_ndot_aup_calendar_2022 | ne_ndot_aup_calendar_2023 | ne_ndot_aup_calendar_2024 | ne_ndot_aup_calendar_2025 | ne_ndot_aup_july_june_2017_2018 | ne_ndot_aup_july_june_2018_2019 | ne_ndot_aup_july_june_2019_2020 | ne_ndot_aup_july_june_2020_2021 | ne_ndot_aup_july_june_2021_2022 | ne_ndot_aup_july_june_2022_2023 | ne_ndot_aup_july_june_2023_2024 | ne_ndot_aup_july_june_2024_2025 | ne_ndot_aup_july_june_2025_2026,,,,auto_resolved,Raw description or unit variants collapse under the conservative identity normalizer.
ne_ndot_identity_conflict_8029.26,8029.26,ne_ndot_8029.26,normalized_equivalent,normalized_equivalent,normalized_equivalent,ne_ndot_8029.26,,,,,ne_ndot_aup_calendar_2018 | ne_ndot_aup_calendar_2019 | ne_ndot_aup_calendar_2020 | ne_ndot_aup_calendar_2022 | ne_ndot_aup_calendar_2024 | ne_ndot_aup_calendar_2025 | ne_ndot_aup_july_june_2018_2019 | ne_ndot_aup_july_june_2020_2021 | ne_ndot_aup_july_june_2022_2023 | ne_ndot_aup_july_june_2023_2024 | ne_ndot_aup_july_june_2025_2026,,,,auto_resolved,Raw description or unit variants collapse under the conservative identity normalizer.
ne_ndot_identity_conflict_8029.75,8029.75,ne_ndot_8029.75,normalized_equivalent,normalized_equivalent,normalized_equivalent,ne_ndot_8029.75,,,,,ne_ndot_aup_calendar_2018 | ne_ndot_aup_july_june_2018_2019 | ne_ndot_aup_july_june_2025_2026,,,,auto_resolved,Raw description or unit variants collapse under the conservative identity normalizer.
ne_ndot_identity_conflict_8029.84,8029.84,ne_ndot_8029.84,normalized_equivalent,normalized_equivalent,normalized_equivalent,ne_ndot_8029.84,,,,,ne_ndot_aup_calendar_2020 | ne_ndot_aup_calendar_2021 | ne_ndot_aup_calendar_2024 | ne_ndot_aup_july_june_2017_2018 | ne_ndot_aup_july_june_2020_2021 | ne_ndot_aup_july_june_2021_2022 | ne_ndot_aup_july_june_2023_2024 | ne_ndot_aup_july_june_2025_2026,,,,auto_resolved,Raw description or unit variants collapse under the conservative identity normalizer.
ne_ndot_identity_conflict_8029.88,8029.88,ne_ndot_8029.88,normalized_equivalent,normalized_equivalent,normalized_equivalent,ne_ndot_8029.88,,,,,ne_ndot_aup_calendar_2024 | ne_ndot_aup_july_june_2023_2024,,,,auto_resolved,Raw description or unit variants collapse under the conservative identity normalizer.
ne_ndot_identity_conflict_8051.00,8051.00,ne_ndot_8051.00,normalized_equivalent,normalized_equivalent,normalized_equivalent,ne_ndot_8051.00,,,,,ne_ndot_aup_calendar_2019 | ne_ndot_aup_calendar_2022 | ne_ndot_aup_july_june_2019_2020 | ne_ndot_aup_july_june_2021_2022,,,,auto_resolved,Raw description or unit variants collapse under the conservative identity normalizer.
ne_ndot_identity_conflict_8052.03,8052.03,ne_ndot_8052.03,normalized_equivalent,normalized_equivalent,normalized_equivalent,ne_ndot_8052.03,,,,,ne_ndot_aup_calendar_2018 | ne_ndot_aup_calendar_2023 | ne_ndot_aup_july_june_2017_2018 | ne_ndot_aup_july_june_2018_2019 | ne_ndot_aup_july_june_2023_2024,,,,auto_resolved,Raw description or unit variants collapse under the conservative identity normalizer.
ne_ndot_identity_conflict_8060.06,8060.06,ne_ndot_8060.06,normalized_equivalent,normalized_equivalent,normalized_equivalent,ne_ndot_8060.06,,,,,ne_ndot_aup_calendar_2018 | ne_ndot_aup_calendar_2019 | ne_ndot_aup_calendar_2020 | ne_ndot_aup_calendar_2022 | ne_ndot_aup_july_june_2017_2018 | ne_ndot_aup_july_june_2018_2019 | ne_ndot_aup_july_june_2019_2020 | ne_ndot_aup_july_june_2022_2023,,,,auto_resolved,Raw description or unit variants collapse under the conservative identity normalizer.
ne_ndot_identity_conflict_8090.00,8090.00,ne_ndot_8090.00,normalized_equivalent,normalized_equivalent,normalized_equivalent,ne_ndot_8090.00,,,,,ne_ndot_aup_calendar_2023 | ne_ndot_aup_calendar_2024 | ne_ndot_aup_july_june_2017_2018 | ne_ndot_aup_july_june_2023_2024,,,,auto_resolved,Raw description or unit variants collapse under the conservative identity normalizer.
ne_ndot_identity_conflict_8091.00,8091.00,ne_ndot_8091.00,normalized_equivalent,normalized_equivalent,normalized_equivalent,ne_ndot_8091.00,,,,,ne_ndot_aup_calendar_2018 | ne_ndot_aup_calendar_2019 | ne_ndot_aup_calendar_2020 | ne_ndot_aup_calendar_2021 | ne_ndot_aup_calendar_2022 | ne_ndot_aup_calendar_2023 | ne_ndot_aup_calendar_2024 | ne_ndot_aup_calendar_2025 | ne_ndot_aup_july_june_2017_2018 | ne_ndot_aup_july_june_2018_2019 | ne_ndot_aup_july_june_2019_2020 | ne_ndot_aup_july_june_2020_2021 | ne_ndot_aup_july_june_2021_2022 | ne_ndot_aup_july_june_2022_2023 | ne_ndot_aup_july_june_2023_2024 | ne_ndot_aup_july_june_2024_2025 | ne_ndot_aup_july_june_2025_2026,,,,auto_resolved,Raw description or unit variants collapse under the conservative identity normalizer.
ne_ndot_identity_conflict_8091.03,8091.03,ne_ndot_8091.03,normalized_equivalent,normalized_equivalent,normalized_equivalent,ne_ndot_8091.03,,,,,ne_ndot_aup_july_june_2017_2018,,,,auto_resolved,Raw description or unit variants collapse under the conservative identity normalizer.
ne_ndot_identity_conflict_8091.15,8091.15,ne_ndot_8091.15,normalized_equivalent,normalized_equivalent,normalized_equivalent,ne_ndot_8091.15,,,,,ne_ndot_aup_calendar_2020 | ne_ndot_aup_calendar_2022 | ne_ndot_aup_calendar_2024 | ne_ndot_aup_july_june_2020_2021 | ne_ndot_aup_july_june_2022_2023 | ne_ndot_aup_july_june_2024_2025,,,,auto_resolved,Raw description or unit variants collapse under the conservative identity normalizer.
ne_ndot_identity_conflict_8101.00,8101.00,ne_ndot_8101.00,normalized_equivalent,normalized_equivalent,normalized_equivalent,ne_ndot_8101.00,,,,,ne_ndot_aup_calendar_2019 | ne_ndot_aup_july_june_2019_2020,,,,auto_resolved,Raw description or unit variants collapse under the conservative identity normalizer.
ne_ndot_identity_conflict_8101.40,8101.40,ne_ndot_8101.40,normalized_equivalent,normalized_equivalent,normalized_equivalent,ne_ndot_8101.40,,,,,ne_ndot_aup_calendar_2022 | ne_ndot_aup_july_june_2021_2022,,,,auto_resolved,Raw description or unit variants collapse under the conservative identity normalizer.
ne_ndot_identity_conflict_8101.50,8101.50,ne_ndot_8101.50,normalized_equivalent,normalized_equivalent,normalized_equivalent,ne_ndot_8101.50,,,,,ne_ndot_aup_calendar_2018 | ne_ndot_aup_calendar_2019 | ne_ndot_aup_calendar_2020 | ne_ndot_aup_calendar_2021 | ne_ndot_aup_calendar_2022 | ne_ndot_aup_calendar_2023 | ne_ndot_aup_calendar_2024 | ne_ndot_aup_calendar_2025 | ne_ndot_aup_july_june_2017_2018 | ne_ndot_aup_july_june_2019_2020 | ne_ndot_aup_july_june_2020_2021 | ne_ndot_aup_july_june_2021_2022 | ne_ndot_aup_july_june_2022_2023 | ne_ndot_aup_july_june_2023_2024 | ne_ndot_aup_july_june_2024_2025 | ne_ndot_aup_july_june_2025_2026,,,,auto_resolved,Raw description or unit variants collapse under the conservative identity normalizer.
ne_ndot_identity_conflict_8101.52,8101.52,ne_ndot_8101.52,normalized_equivalent,normalized_equivalent,normalized_equivalent,ne_ndot_8101.52,,,,,ne_ndot_aup_calendar_2018 | ne_ndot_aup_july_june_2017_2018 | ne_ndot_aup_july_june_2018_2019,,,,auto_resolved,Raw description or unit variants collapse under the conservative identity normalizer.
ne_ndot_identity_conflict_8110.50,8110.50,ne_ndot_8110.50,normalized_equivalent,normalized_equivalent,normalized_equivalent,ne_ndot_8110.50,,,,,ne_ndot_aup_calendar_2018 | ne_ndot_aup_july_june_2017_2018,,,,auto_resolved,Raw description or unit variants collapse under the conservative identity normalizer.
ne_ndot_identity_conflict_8111.00,8111.00,ne_ndot_8111.00,normalized_equivalent,normalized_equivalent,normalized_equivalent,ne_ndot_8111.00,,,,,ne_ndot_aup_calendar_2018 | ne_ndot_aup_calendar_2019 | ne_ndot_aup_calendar_2020 | ne_ndot_aup_calendar_2021 | ne_ndot_aup_calendar_2022 | ne_ndot_aup_calendar_2023 | ne_ndot_aup_calendar_2024 | ne_ndot_aup_calendar_2025 | ne_ndot_aup_july_june_2017_2018 | ne_ndot_aup_july_june_2018_2019 | ne_ndot_aup_july_june_2019_2020 | ne_ndot_aup_july_june_2020_2021 | ne_ndot_aup_july_june_2021_2022 | ne_ndot_aup_july_june_2022_2023 | ne_ndot_aup_july_june_2023_2024 | ne_ndot_aup_july_june_2024_2025 | ne_ndot_aup_july_june_2025_2026,,,,auto_resolved,Raw description or unit variants collapse under the conservative identity normalizer.
ne_ndot_identity_conflict_8111.01,8111.01,ne_ndot_8111.01,normalized_equivalent,normalized_equivalent,normalized_equivalent,ne_ndot_8111.01,,,,,ne_ndot_aup_july_june_2017_2018,,,,auto_resolved,Raw description or unit variants collapse under the conservative identity normalizer.
ne_ndot_identity_conflict_8111.20,8111.20,ne_ndot_8111.20,normalized_equivalent,normalized_equivalent,normalized_equivalent,ne_ndot_8111.20,,,,,ne_ndot_aup_calendar_2018 | ne_ndot_aup_calendar_2020 | ne_ndot_aup_calendar_2024 | ne_ndot_aup_july_june_2017_2018 | ne_ndot_aup_july_june_2018_2019 | ne_ndot_aup_july_june_2020_2021 | ne_ndot_aup_july_june_2023_2024 | ne_ndot_aup_july_june_2025_2026,,,,auto_resolved,Raw description or unit variants collapse under the conservative identity normalizer.
ne_ndot_identity_conflict_9004.91,9004.91,ne_ndot_9004.91,normalized_equivalent,normalized_equivalent,normalized_equivalent,ne_ndot_9004.91,,,,,ne_ndot_aup_calendar_2023 | ne_ndot_aup_july_june_2022_2023,,,,auto_resolved,Raw description or unit variants collapse under the conservative identity normalizer.
ne_ndot_identity_conflict_9009.00,9009.00,ne_ndot_9009.00,semantic_identity_candidate,needs_review,needs_review,ne_ndot_9009.00,,,,,ne_ndot_aup_calendar_2018 | ne_ndot_aup_calendar_2019 | ne_ndot_aup_calendar_2020 | ne_ndot_aup_calendar_2021 | ne_ndot_aup_calendar_2022 | ne_ndot_aup_calendar_2023 | ne_ndot_aup_calendar_2024 | ne_ndot_aup_calendar_2025 | ne_ndot_aup_july_june_2017_2018 | ne_ndot_aup_july_june_2018_2019 | ne_ndot_aup_july_june_2019_2020 | ne_ndot_aup_july_june_2020_2021 | ne_ndot_aup_july_june_2021_2022 | ne_ndot_aup_july_june_2022_2023 | ne_ndot_aup_july_june_2023_2024 | ne_ndot_aup_july_june_2024_2025 | ne_ndot_aup_july_june_2025_2026,,,,needs_review,Description and unit context remain materially different after conservative normalization.
ne_ndot_identity_conflict_9009.15,9009.15,ne_ndot_9009.15,normalized_equivalent,normalized_equivalent,normalized_equivalent,ne_ndot_9009.15,,,,,ne_ndot_aup_calendar_2018 | ne_ndot_aup_calendar_2019 | ne_ndot_aup_calendar_2020 | ne_ndot_aup_calendar_2021 | ne_ndot_aup_calendar_2022 | ne_ndot_aup_calendar_2023 | ne_ndot_aup_calendar_2024 | ne_ndot_aup_july_june_2017_2018 | ne_ndot_aup_july_june_2018_2019 | ne_ndot_aup_july_june_2019_2020 | ne_ndot_aup_july_june_2020_2021 | ne_ndot_aup_july_june_2021_2022 | ne_ndot_aup_july_june_2022_2023 | ne_ndot_aup_july_june_2023_2024 | ne_ndot_aup_july_june_2024_2025 | ne_ndot_aup_july_june_2025_2026,,,,auto_resolved,Raw description or unit variants collapse under the conservative identity normalizer.
ne_ndot_identity_conflict_9009.75,9009.75,ne_ndot_9009.75,normalized_equivalent,normalized_equivalent,normalized_equivalent,ne_ndot_9009.75,,,,,ne_ndot_aup_calendar_2018 | ne_ndot_aup_calendar_2019 | ne_ndot_aup_calendar_2020 | ne_ndot_aup_calendar_2021 | ne_ndot_aup_calendar_2022 | ne_ndot_aup_calendar_2023 | ne_ndot_aup_calendar_2024 | ne_ndot_aup_calendar_2025 | ne_ndot_aup_july_june_2017_2018 | ne_ndot_aup_july_june_2018_2019 | ne_ndot_aup_july_june_2019_2020 | ne_ndot_aup_july_june_2020_2021 | ne_ndot_aup_july_june_2021_2022 | ne_ndot_aup_july_june_2022_2023 | ne_ndot_aup_july_june_2023_2024 | ne_ndot_aup_july_june_2024_2025 | ne_ndot_aup_july_june_2025_2026,,,,auto_resolved,Raw description or unit variants collapse under the conservative identity normalizer.
ne_ndot_identity_conflict_9009.78,9009.78,ne_ndot_9009.78,normalized_equivalent,normalized_equivalent,normalized_equivalent,ne_ndot_9009.78,,,,,ne_ndot_aup_july_june_2017_2018,,,,auto_resolved,Raw description or unit variants collapse under the conservative identity normalizer.
ne_ndot_identity_conflict_9009.79,9009.79,ne_ndot_9009.79,normalized_equivalent,normalized_equivalent,normalized_equivalent,ne_ndot_9009.79,,,,,ne_ndot_aup_calendar_2019 | ne_ndot_aup_july_june_2019_2020,,,,auto_resolved,Raw description or unit variants collapse under the conservative identity normalizer.
ne_ndot_identity_conflict_9009.86,9009.86,ne_ndot_9009.86,normalized_equivalent,normalized_equivalent,normalized_equivalent,ne_ndot_9009.86,,,,,ne_ndot_aup_calendar_2018 | ne_ndot_aup_calendar_2019 | ne_ndot_aup_calendar_2020 | ne_ndot_aup_calendar_2021 | ne_ndot_aup_calendar_2022 | ne_ndot_aup_calendar_2024 | ne_ndot_aup_calendar_2025 | ne_ndot_aup_july_june_2017_2018 | ne_ndot_aup_july_june_2018_2019 | ne_ndot_aup_july_june_2019_2020 | ne_ndot_aup_july_june_2020_2021 | ne_ndot_aup_july_june_2021_2022 | ne_ndot_aup_july_june_2022_2023 | ne_ndot_aup_july_june_2023_2024 | ne_ndot_aup_july_june_2025_2026,,,,auto_resolved,Raw description or unit variants collapse under the conservative identity normalizer.
ne_ndot_identity_conflict_9009.87,9009.87,ne_ndot_9009.87,normalized_equivalent,normalized_equivalent,normalized_equivalent,ne_ndot_9009.87,,,,,ne_ndot_aup_calendar_2018 | ne_ndot_aup_calendar_2019 | ne_ndot_aup_calendar_2020 | ne_ndot_aup_calendar_2021 | ne_ndot_aup_calendar_2022 | ne_ndot_aup_calendar_2023 | ne_ndot_aup_calendar_2024 | ne_ndot_aup_calendar_2025 | ne_ndot_aup_july_june_2017_2018 | ne_ndot_aup_july_june_2018_2019 | ne_ndot_aup_july_june_2019_2020 | ne_ndot_aup_july_june_2020_2021 | ne_ndot_aup_july_june_2021_2022 | ne_ndot_aup_july_june_2022_2023 | ne_ndot_aup_july_june_2023_2024 | ne_ndot_aup_july_june_2024_2025 | ne_ndot_aup_july_june_2025_2026,,,,auto_resolved,Raw description or unit variants collapse under the conservative identity normalizer.
ne_ndot_identity_conflict_9009.88,9009.88,ne_ndot_9009.88,normalized_equivalent,normalized_equivalent,normalized_equivalent,ne_ndot_9009.88,,,,,ne_ndot_aup_calendar_2018 | ne_ndot_aup_calendar_2019 | ne_ndot_aup_calendar_2020 | ne_ndot_aup_calendar_2021 | ne_ndot_aup_calendar_2022 | ne_ndot_aup_calendar_2023 | ne_ndot_aup_calendar_2024 | ne_ndot_aup_calendar_2025 | ne_ndot_aup_july_june_2017_2018 | ne_ndot_aup_july_june_2018_2019 | ne_ndot_aup_july_june_2019_2020 | ne_ndot_aup_july_june_2020_2021 | ne_ndot_aup_july_june_2021_2022 | ne_ndot_aup_july_june_2022_2023 | ne_ndot_aup_july_june_2023_2024 | ne_ndot_aup_july_june_2024_2025 | ne_ndot_aup_july_june_2025_2026,,,,auto_resolved,Raw description or unit variants collapse under the conservative identity normalizer.
ne_ndot_identity_conflict_9009.89,9009.89,ne_ndot_9009.89,normalized_equivalent,normalized_equivalent,normalized_equivalent,ne_ndot_9009.89,,,,,ne_ndot_aup_calendar_2018 | ne_ndot_aup_calendar_2019 | ne_ndot_aup_calendar_2020 | ne_ndot_aup_calendar_2021 | ne_ndot_aup_calendar_2022 | ne_ndot_aup_calendar_2023 | ne_ndot_aup_calendar_2024 | ne_ndot_aup_calendar_2025 | ne_ndot_aup_july_june_2017_2018 | ne_ndot_aup_july_june_2018_2019 | ne_ndot_aup_july_june_2019_2020 | ne_ndot_aup_july_june_2020_2021 | ne_ndot_aup_july_june_2021_2022 | ne_ndot_aup_july_june_2022_2023 | ne_ndot_aup_july_june_2023_2024 | ne_ndot_aup_july_june_2024_2025 | ne_ndot_aup_july_june_2025_2026,,,,auto_resolved,Raw description or unit variants collapse under the conservative identity normalizer.
ne_ndot_identity_conflict_9020.86,9020.86,ne_ndot_9020.86,description_variant,source_text_correction_or_reviewed_variant,needs_review,ne_ndot_9020.86,,,,,ne_ndot_aup_calendar_2018 | ne_ndot_aup_calendar_2019 | ne_ndot_aup_calendar_2020 | ne_ndot_aup_calendar_2021 | ne_ndot_aup_calendar_2022 | ne_ndot_aup_calendar_2023 | ne_ndot_aup_calendar_2024 | ne_ndot_aup_calendar_2025 | ne_ndot_aup_july_june_2017_2018 | ne_ndot_aup_july_june_2018_2019 | ne_ndot_aup_july_june_2019_2020 | ne_ndot_aup_july_june_2020_2021 | ne_ndot_aup_july_june_2021_2022 | ne_ndot_aup_july_june_2022_2023 | ne_ndot_aup_july_june_2023_2024 | ne_ndot_aup_july_june_2024_2025 | ne_ndot_aup_july_june_2025_2026,,,,needs_review,Description variants remain after conservative normalization; inspect source pages before changing identity.
ne_ndot_identity_conflict_9020.87,9020.87,ne_ndot_9020.87,description_variant,source_text_correction_or_reviewed_variant,needs_review,ne_ndot_9020.87,,,,,ne_ndot_aup_calendar_2018 | ne_ndot_aup_calendar_2019 | ne_ndot_aup_calendar_2020 | ne_ndot_aup_calendar_2021 | ne_ndot_aup_calendar_2022 | ne_ndot_aup_calendar_2023 | ne_ndot_aup_calendar_2024 | ne_ndot_aup_calendar_2025 | ne_ndot_aup_july_june_2017_2018 | ne_ndot_aup_july_june_2018_2019 | ne_ndot_aup_july_june_2019_2020 | ne_ndot_aup_july_june_2020_2021 | ne_ndot_aup_july_june_2021_2022 | ne_ndot_aup_july_june_2022_2023 | ne_ndot_aup_july_june_2023_2024 | ne_ndot_aup_july_june_2024_2025 | ne_ndot_aup_july_june_2025_2026,,,,needs_review,Description variants remain after conservative normalization; inspect source pages before changing identity.
ne_ndot_identity_conflict_9020.88,9020.88,ne_ndot_9020.88,description_variant,source_text_correction_or_reviewed_variant,needs_review,ne_ndot_9020.88,,,,,ne_ndot_aup_calendar_2018 | ne_ndot_aup_calendar_2019 | ne_ndot_aup_calendar_2020 | ne_ndot_aup_calendar_2021 | ne_ndot_aup_calendar_2022 | ne_ndot_aup_calendar_2023 | ne_ndot_aup_calendar_2024 | ne_ndot_aup_calendar_2025 | ne_ndot_aup_july_june_2017_2018 | ne_ndot_aup_july_june_2018_2019 | ne_ndot_aup_july_june_2019_2020 | ne_ndot_aup_july_june_2020_2021 | ne_ndot_aup_july_june_2021_2022 | ne_ndot_aup_july_june_2022_2023 | ne_ndot_aup_july_june_2023_2024 | ne_ndot_aup_july_june_2024_2025 | ne_ndot_aup_july_june_2025_2026,,,,needs_review,Description variants remain after conservative normalization; inspect source pages before changing identity.
ne_ndot_identity_conflict_9030.00,9030.00,ne_ndot_9030.00,normalized_equivalent,normalized_equivalent,normalized_equivalent,ne_ndot_9030.00,,,,,ne_ndot_aup_calendar_2018 | ne_ndot_aup_calendar_2019 | ne_ndot_aup_calendar_2020 | ne_ndot_aup_calendar_2021 | ne_ndot_aup_calendar_2022 | ne_ndot_aup_calendar_2023 | ne_ndot_aup_calendar_2024 | ne_ndot_aup_calendar_2025 | ne_ndot_aup_july_june_2017_2018 | ne_ndot_aup_july_june_2018_2019 | ne_ndot_aup_july_june_2019_2020 | ne_ndot_aup_july_june_2020_2021 | ne_ndot_aup_july_june_2021_2022 | ne_ndot_aup_july_june_2022_2023 | ne_ndot_aup_july_june_2023_2024 | ne_ndot_aup_july_june_2024_2025 | ne_ndot_aup_july_june_2025_2026,,,,auto_resolved,Raw description or unit variants collapse under the conservative identity normalizer.
ne_ndot_identity_conflict_9034.00,9034.00,ne_ndot_9034.00,normalized_equivalent,normalized_equivalent,normalized_equivalent,ne_ndot_9034.00,,,,,ne_ndot_aup_calendar_2018 | ne_ndot_aup_calendar_2019 | ne_ndot_aup_calendar_2020 | ne_ndot_aup_calendar_2021 | ne_ndot_aup_calendar_2022 | ne_ndot_aup_calendar_2023 | ne_ndot_aup_calendar_2024 | ne_ndot_aup_calendar_2025 | ne_ndot_aup_july_june_2017_2018 | ne_ndot_aup_july_june_2018_2019 | ne_ndot_aup_july_june_2019_2020 | ne_ndot_aup_july_june_2020_2021 | ne_ndot_aup_july_june_2021_2022 | ne_ndot_aup_july_june_2022_2023 | ne_ndot_aup_july_june_2023_2024 | ne_ndot_aup_july_june_2024_2025 | ne_ndot_aup_july_june_2025_2026,,,,auto_resolved,Raw description or unit variants collapse under the conservative identity normalizer.
ne_ndot_identity_conflict_9052.00,9052.00,ne_ndot_9052.00,normalized_equivalent,normalized_equivalent,normalized_equivalent,ne_ndot_9052.00,,,,,ne_ndot_aup_calendar_2024 | ne_ndot_aup_july_june_2017_2018 | ne_ndot_aup_july_june_2024_2025,,,,auto_resolved,Raw description or unit variants collapse under the conservative identity normalizer.
ne_ndot_identity_conflict_9052.10,9052.10,ne_ndot_9052.10,normalized_equivalent,normalized_equivalent,normalized_equivalent,ne_ndot_9052.10,,,,,ne_ndot_aup_calendar_2018 | ne_ndot_aup_calendar_2019 | ne_ndot_aup_calendar_2020 | ne_ndot_aup_calendar_2021 | ne_ndot_aup_calendar_2022 | ne_ndot_aup_calendar_2023 | ne_ndot_aup_calendar_2024 | ne_ndot_aup_july_june_2017_2018 | ne_ndot_aup_july_june_2018_2019 | ne_ndot_aup_july_june_2019_2020 | ne_ndot_aup_july_june_2020_2021 | ne_ndot_aup_july_june_2021_2022 | ne_ndot_aup_july_june_2022_2023 | ne_ndot_aup_july_june_2023_2024 | ne_ndot_aup_july_june_2024_2025 | ne_ndot_aup_july_june_2025_2026,,,,auto_resolved,Raw description or unit variants collapse under the conservative identity normalizer.
ne_ndot_identity_conflict_9052.15,9052.15,ne_ndot_9052.15,normalized_equivalent,normalized_equivalent,normalized_equivalent,ne_ndot_9052.15,,,,,ne_ndot_aup_calendar_2018 | ne_ndot_aup_july_june_2017_2018,,,,auto_resolved,Raw description or unit variants collapse under the conservative identity normalizer.
ne_ndot_identity_conflict_9053.00,9053.00,ne_ndot_9053.00,normalized_equivalent,normalized_equivalent,normalized_equivalent,ne_ndot_9053.00,,,,,ne_ndot_aup_calendar_2018 | ne_ndot_aup_calendar_2019 | ne_ndot_aup_calendar_2020 | ne_ndot_aup_calendar_2021 | ne_ndot_aup_calendar_2022 | ne_ndot_aup_calendar_2023 | ne_ndot_aup_calendar_2024 | ne_ndot_aup_calendar_2025 | ne_ndot_aup_july_june_2017_2018 | ne_ndot_aup_july_june_2018_2019 | ne_ndot_aup_july_june_2019_2020 | ne_ndot_aup_july_june_2020_2021 | ne_ndot_aup_july_june_2021_2022 | ne_ndot_aup_july_june_2022_2023 | ne_ndot_aup_july_june_2023_2024 | ne_ndot_aup_july_june_2024_2025 | ne_ndot_aup_july_june_2025_2026,,,,auto_resolved,Raw description or unit variants collapse under the conservative identity normalizer.
ne_ndot_identity_conflict_9053.20,9053.20,ne_ndot_9053.20,normalized_equivalent,normalized_equivalent,normalized_equivalent,ne_ndot_9053.20,,,,,ne_ndot_aup_calendar_2018 | ne_ndot_aup_calendar_2019 | ne_ndot_aup_calendar_2020 | ne_ndot_aup_calendar_2021 | ne_ndot_aup_calendar_2022 | ne_ndot_aup_calendar_2023 | ne_ndot_aup_calendar_2024 | ne_ndot_aup_calendar_2025 | ne_ndot_aup_july_june_2017_2018 | ne_ndot_aup_july_june_2018_2019 | ne_ndot_aup_july_june_2019_2020 | ne_ndot_aup_july_june_2020_2021 | ne_ndot_aup_july_june_2021_2022 | ne_ndot_aup_july_june_2022_2023 | ne_ndot_aup_july_june_2023_2024 | ne_ndot_aup_july_june_2024_2025 | ne_ndot_aup_july_june_2025_2026,,,,auto_resolved,Raw description or unit variants collapse under the conservative identity normalizer.
ne_ndot_identity_conflict_9053.75,9053.75,ne_ndot_9053.75,normalized_equivalent,normalized_equivalent,normalized_equivalent,ne_ndot_9053.75,,,,,ne_ndot_aup_calendar_2022 | ne_ndot_aup_calendar_2024 | ne_ndot_aup_july_june_2022_2023 | ne_ndot_aup_july_june_2024_2025,,,,auto_resolved,Raw description or unit variants collapse under the conservative identity normalizer.
ne_ndot_identity_conflict_9053.92,9053.92,ne_ndot_9053.92,normalized_equivalent,normalized_equivalent,normalized_equivalent,ne_ndot_9053.92,,,,,ne_ndot_aup_calendar_2023 | ne_ndot_aup_july_june_2022_2023,,,,auto_resolved,Raw description or unit variants collapse under the conservative identity normalizer.
ne_ndot_identity_conflict_9110.27,9110.27,ne_ndot_9110.27,description_variant,source_text_correction_or_reviewed_variant,needs_review,ne_ndot_9110.27,,,,,ne_ndot_aup_calendar_2018 | ne_ndot_aup_calendar_2019 | ne_ndot_aup_calendar_2020 | ne_ndot_aup_calendar_2021 | ne_ndot_aup_calendar_2022 | ne_ndot_aup_calendar_2023 | ne_ndot_aup_calendar_2024 | ne_ndot_aup_calendar_2025 | ne_ndot_aup_july_june_2017_2018 | ne_ndot_aup_july_june_2018_2019 | ne_ndot_aup_july_june_2019_2020 | ne_ndot_aup_july_june_2020_2021 | ne_ndot_aup_july_june_2021_2022 | ne_ndot_aup_july_june_2022_2023 | ne_ndot_aup_july_june_2023_2024 | ne_ndot_aup_july_june_2024_2025 | ne_ndot_aup_july_june_2025_2026,,,,needs_review,Description variants remain after conservative normalization; inspect source pages before changing identity.
ne_ndot_identity_conflict_9110.28,9110.28,ne_ndot_9110.28,description_variant,source_text_correction_or_reviewed_variant,needs_review,ne_ndot_9110.28,,,,,ne_ndot_aup_calendar_2018 | ne_ndot_aup_calendar_2023 | ne_ndot_aup_july_june_2022_2023,,,,needs_review,Description variants remain after conservative normalization; inspect source pages before changing identity.
ne_ndot_identity_conflict_9111.00,9111.00,ne_ndot_9111.00,normalized_equivalent,normalized_equivalent,normalized_equivalent,ne_ndot_9111.00,,,,,ne_ndot_aup_calendar_2018 | ne_ndot_aup_calendar_2019 | ne_ndot_aup_calendar_2020 | ne_ndot_aup_calendar_2021 | ne_ndot_aup_calendar_2022 | ne_ndot_aup_calendar_2023 | ne_ndot_aup_calendar_2024 | ne_ndot_aup_calendar_2025 | ne_ndot_aup_july_june_2017_2018 | ne_ndot_aup_july_june_2018_2019 | ne_ndot_aup_july_june_2019_2020 | ne_ndot_aup_july_june_2020_2021 | ne_ndot_aup_july_june_2021_2022 | ne_ndot_aup_july_june_2022_2023 | ne_ndot_aup_july_june_2023_2024 | ne_ndot_aup_july_june_2024_2025 | ne_ndot_aup_july_june_2025_2026,,,,auto_resolved,Raw description or unit variants collapse under the conservative identity normalizer.
ne_ndot_identity_conflict_9140.00,9140.00,ne_ndot_9140.00,normalized_equivalent,normalized_equivalent,normalized_equivalent,ne_ndot_9140.00,,,,,ne_ndot_aup_calendar_2018 | ne_ndot_aup_calendar_2019 | ne_ndot_aup_calendar_2020 | ne_ndot_aup_calendar_2021 | ne_ndot_aup_calendar_2022 | ne_ndot_aup_calendar_2023 | ne_ndot_aup_calendar_2024 | ne_ndot_aup_calendar_2025 | ne_ndot_aup_july_june_2017_2018 | ne_ndot_aup_july_june_2018_2019 | ne_ndot_aup_july_june_2019_2020 | ne_ndot_aup_july_june_2020_2021 | ne_ndot_aup_july_june_2021_2022 | ne_ndot_aup_july_june_2022_2023 | ne_ndot_aup_july_june_2023_2024 | ne_ndot_aup_july_june_2024_2025 | ne_ndot_aup_july_june_2025_2026,,,,auto_resolved,Raw description or unit variants collapse under the conservative identity normalizer.
ne_ndot_identity_conflict_9140.40,9140.40,ne_ndot_9140.40,normalized_equivalent,normalized_equivalent,normalized_equivalent,ne_ndot_9140.40,,,,,ne_ndot_aup_calendar_2018 | ne_ndot_aup_calendar_2019 | ne_ndot_aup_calendar_2020 | ne_ndot_aup_calendar_2021 | ne_ndot_aup_calendar_2023 | ne_ndot_aup_calendar_2024 | ne_ndot_aup_calendar_2025 | ne_ndot_aup_july_june_2017_2018 | ne_ndot_aup_july_june_2018_2019 | ne_ndot_aup_july_june_2019_2020 | ne_ndot_aup_july_june_2020_2021 | ne_ndot_aup_july_june_2021_2022 | ne_ndot_aup_july_june_2023_2024 | ne_ndot_aup_july_june_2024_2025 | ne_ndot_aup_july_june_2025_2026,,,,auto_resolved,Raw description or unit variants collapse under the conservative identity normalizer.
ne_ndot_identity_conflict_9140.50,9140.50,ne_ndot_9140.50,normalized_equivalent,normalized_equivalent,normalized_equivalent,ne_ndot_9140.50,,,,,ne_ndot_aup_calendar_2025 | ne_ndot_aup_july_june_2025_2026,,,,auto_resolved,Raw description or unit variants collapse under the conservative identity normalizer.
ne_ndot_identity_conflict_9170.00,9170.00,ne_ndot_9170.00,normalized_equivalent,normalized_equivalent,normalized_equivalent,ne_ndot_9170.00,,,,,ne_ndot_aup_calendar_2018 | ne_ndot_aup_calendar_2019 | ne_ndot_aup_calendar_2020 | ne_ndot_aup_calendar_2021 | ne_ndot_aup_calendar_2022 | ne_ndot_aup_calendar_2023 | ne_ndot_aup_calendar_2024 | ne_ndot_aup_calendar_2025 | ne_ndot_aup_july_june_2017_2018 | ne_ndot_aup_july_june_2018_2019 | ne_ndot_aup_july_june_2019_2020 | ne_ndot_aup_july_june_2020_2021 | ne_ndot_aup_july_june_2021_2022 | ne_ndot_aup_july_june_2022_2023 | ne_ndot_aup_july_june_2023_2024 | ne_ndot_aup_july_june_2024_2025 | ne_ndot_aup_july_june_2025_2026,,,,auto_resolved,Raw description or unit variants collapse under the conservative identity normalizer.
ne_ndot_identity_conflict_9170.50,9170.50,ne_ndot_9170.50,normalized_equivalent,normalized_equivalent,normalized_equivalent,ne_ndot_9170.50,,,,,ne_ndot_aup_calendar_2018 | ne_ndot_aup_calendar_2019 | ne_ndot_aup_calendar_2020 | ne_ndot_aup_calendar_2023 | ne_ndot_aup_calendar_2025 | ne_ndot_aup_july_june_2017_2018 | ne_ndot_aup_july_june_2018_2019 | ne_ndot_aup_july_june_2019_2020 | ne_ndot_aup_july_june_2020_2021 | ne_ndot_aup_july_june_2023_2024 | ne_ndot_aup_july_june_2025_2026,,,,auto_resolved,Raw description or unit variants collapse under the conservative identity normalizer.
ne_ndot_identity_conflict_9170.55,9170.55,ne_ndot_9170.55,normalized_equivalent,normalized_equivalent,normalized_equivalent,ne_ndot_9170.55,,,,,ne_ndot_aup_calendar_2022 | ne_ndot_aup_july_june_2022_2023,,,,auto_resolved,Raw description or unit variants collapse under the conservative identity normalizer.
ne_ndot_identity_conflict_9173.00,9173.00,ne_ndot_9173.00,normalized_equivalent,normalized_equivalent,normalized_equivalent,ne_ndot_9173.00,,,,,ne_ndot_aup_calendar_2020 | ne_ndot_aup_calendar_2021 | ne_ndot_aup_calendar_2022 | ne_ndot_aup_july_june_2019_2020 | ne_ndot_aup_july_june_2021_2022,,,,auto_resolved,Raw description or unit variants collapse under the conservative identity normalizer.
ne_ndot_identity_conflict_9173.11,9173.11,ne_ndot_9173.11,normalized_equivalent,normalized_equivalent,normalized_equivalent,ne_ndot_9173.11,,,,,ne_ndot_aup_calendar_2019 | ne_ndot_aup_calendar_2020 | ne_ndot_aup_calendar_2021 | ne_ndot_aup_calendar_2025 | ne_ndot_aup_july_june_2017_2018 | ne_ndot_aup_july_june_2019_2020 | ne_ndot_aup_july_june_2020_2021 | ne_ndot_aup_july_june_2021_2022 | ne_ndot_aup_july_june_2024_2025 | ne_ndot_aup_july_june_2025_2026,,,,auto_resolved,Raw description or unit variants collapse under the conservative identity normalizer.
ne_ndot_identity_conflict_9173.15,9173.15,ne_ndot_9173.15,normalized_equivalent,normalized_equivalent,normalized_equivalent,ne_ndot_9173.15,,,,,ne_ndot_aup_calendar_2018 | ne_ndot_aup_calendar_2020 | ne_ndot_aup_calendar_2021 | ne_ndot_aup_calendar_2025 | ne_ndot_aup_july_june_2017_2018 | ne_ndot_aup_july_june_2018_2019 | ne_ndot_aup_july_june_2019_2020 | ne_ndot_aup_july_june_2021_2022 | ne_ndot_aup_july_june_2024_2025,,,,auto_resolved,Raw description or unit variants collapse under the conservative identity normalizer.
ne_ndot_identity_conflict_9173.20,9173.20,ne_ndot_9173.20,normalized_equivalent,normalized_equivalent,normalized_equivalent,ne_ndot_9173.20,,,,,ne_ndot_aup_calendar_2018 | ne_ndot_aup_calendar_2019 | ne_ndot_aup_calendar_2020 | ne_ndot_aup_calendar_2021 | ne_ndot_aup_calendar_2022 | ne_ndot_aup_calendar_2023 | ne_ndot_aup_calendar_2024 | ne_ndot_aup_calendar_2025 | ne_ndot_aup_july_june_2017_2018 | ne_ndot_aup_july_june_2018_2019 | ne_ndot_aup_july_june_2019_2020 | ne_ndot_aup_july_june_2020_2021 | ne_ndot_aup_july_june_2021_2022 | ne_ndot_aup_july_june_2022_2023 | ne_ndot_aup_july_june_2023_2024 | ne_ndot_aup_july_june_2024_2025 | ne_ndot_aup_july_june_2025_2026,,,,auto_resolved,Raw description or unit variants collapse under the conservative identity normalizer.
ne_ndot_identity_conflict_9179.21,9179.21,ne_ndot_9179.21,normalized_equivalent,normalized_equivalent,normalized_equivalent,ne_ndot_9179.21,,,,,ne_ndot_aup_calendar_2024 | ne_ndot_aup_july_june_2023_2024 | ne_ndot_aup_july_june_2025_2026,,,,auto_resolved,Raw description or unit variants collapse under the conservative identity normalizer.
ne_ndot_identity_conflict_9179.22,9179.22,ne_ndot_9179.22,normalized_equivalent,normalized_equivalent,normalized_equivalent,ne_ndot_9179.22,,,,,ne_ndot_aup_calendar_2020 | ne_ndot_aup_calendar_2021 | ne_ndot_aup_calendar_2022 | ne_ndot_aup_calendar_2023 | ne_ndot_aup_calendar_2024 | ne_ndot_aup_calendar_2025 | ne_ndot_aup_july_june_2017_2018 | ne_ndot_aup_july_june_2019_2020 | ne_ndot_aup_july_june_2021_2022 | ne_ndot_aup_july_june_2022_2023 | ne_ndot_aup_july_june_2023_2024 | ne_ndot_aup_july_june_2024_2025 | ne_ndot_aup_july_june_2025_2026,,,,auto_resolved,Raw description or unit variants collapse under the conservative identity normalizer.
ne_ndot_identity_conflict_9179.23,9179.23,ne_ndot_9179.23,normalized_equivalent,normalized_equivalent,normalized_equivalent,ne_ndot_9179.23,,,,,ne_ndot_aup_calendar_2018 | ne_ndot_aup_calendar_2019 | ne_ndot_aup_calendar_2020 | ne_ndot_aup_calendar_2021 | ne_ndot_aup_calendar_2022 | ne_ndot_aup_calendar_2023 | ne_ndot_aup_calendar_2024 | ne_ndot_aup_calendar_2025 | ne_ndot_aup_july_june_2017_2018 | ne_ndot_aup_july_june_2018_2019 | ne_ndot_aup_july_june_2019_2020 | ne_ndot_aup_july_june_2020_2021 | ne_ndot_aup_july_june_2021_2022 | ne_ndot_aup_july_june_2022_2023 | ne_ndot_aup_july_june_2023_2024 | ne_ndot_aup_july_june_2024_2025 | ne_ndot_aup_july_june_2025_2026,,,,auto_resolved,Raw description or unit variants collapse under the conservative identity normalizer.
ne_ndot_identity_conflict_9179.24,9179.24,ne_ndot_9179.24,normalized_equivalent,normalized_equivalent,normalized_equivalent,ne_ndot_9179.24,,,,,ne_ndot_aup_calendar_2018 | ne_ndot_aup_calendar_2019 | ne_ndot_aup_calendar_2020 | ne_ndot_aup_calendar_2021 | ne_ndot_aup_calendar_2022 | ne_ndot_aup_calendar_2023 | ne_ndot_aup_calendar_2024 | ne_ndot_aup_calendar_2025 | ne_ndot_aup_july_june_2017_2018 | ne_ndot_aup_july_june_2018_2019 | ne_ndot_aup_july_june_2019_2020 | ne_ndot_aup_july_june_2020_2021 | ne_ndot_aup_july_june_2021_2022 | ne_ndot_aup_july_june_2022_2023 | ne_ndot_aup_july_june_2023_2024 | ne_ndot_aup_july_june_2024_2025 | ne_ndot_aup_july_june_2025_2026,,,,auto_resolved,Raw description or unit variants collapse under the conservative identity normalizer.
ne_ndot_identity_conflict_9179.31,9179.31,ne_ndot_9179.31,normalized_equivalent,normalized_equivalent,normalized_equivalent,ne_ndot_9179.31,,,,,ne_ndot_aup_calendar_2018 | ne_ndot_aup_calendar_2019 | ne_ndot_aup_calendar_2020 | ne_ndot_aup_calendar_2021 | ne_ndot_aup_calendar_2022 | ne_ndot_aup_july_june_2017_2018 | ne_ndot_aup_july_june_2019_2020 | ne_ndot_aup_july_june_2020_2021 | ne_ndot_aup_july_june_2021_2022,,,,auto_resolved,Raw description or unit variants collapse under the conservative identity normalizer.
ne_ndot_identity_conflict_9179.33,9179.33,ne_ndot_9179.33,normalized_equivalent,normalized_equivalent,normalized_equivalent,ne_ndot_9179.33,,,,,ne_ndot_aup_calendar_2018 | ne_ndot_aup_calendar_2019 | ne_ndot_aup_calendar_2020 | ne_ndot_aup_calendar_2021 | ne_ndot_aup_calendar_2022 | ne_ndot_aup_calendar_2023 | ne_ndot_aup_calendar_2024 | ne_ndot_aup_calendar_2025 | ne_ndot_aup_july_june_2017_2018 | ne_ndot_aup_july_june_2018_2019 | ne_ndot_aup_july_june_2019_2020 | ne_ndot_aup_july_june_2020_2021 | ne_ndot_aup_july_june_2021_2022 | ne_ndot_aup_july_june_2022_2023 | ne_ndot_aup_july_june_2023_2024 | ne_ndot_aup_july_june_2024_2025 | ne_ndot_aup_july_june_2025_2026,,,,auto_resolved,Raw description or unit variants collapse under the conservative identity normalizer.
ne_ndot_identity_conflict_9179.34,9179.34,ne_ndot_9179.34,normalized_equivalent,normalized_equivalent,normalized_equivalent,ne_ndot_9179.34,,,,,ne_ndot_aup_calendar_2018 | ne_ndot_aup_calendar_2019 | ne_ndot_aup_calendar_2020 | ne_ndot_aup_calendar_2021 | ne_ndot_aup_calendar_2022 | ne_ndot_aup_calendar_2023 | ne_ndot_aup_calendar_2024 | ne_ndot_aup_calendar_2025 | ne_ndot_aup_july_june_2017_2018 | ne_ndot_aup_july_june_2018_2019 | ne_ndot_aup_july_june_2019_2020 | ne_ndot_aup_july_june_2020_2021 | ne_ndot_aup_july_june_2021_2022 | ne_ndot_aup_july_june_2022_2023 | ne_ndot_aup_july_june_2023_2024 | ne_ndot_aup_july_june_2024_2025 | ne_ndot_aup_july_june_2025_2026,,,,auto_resolved,Raw description or unit variants collapse under the conservative identity normalizer.
ne_ndot_identity_conflict_9179.35,9179.35,ne_ndot_9179.35,normalized_equivalent,normalized_equivalent,normalized_equivalent,ne_ndot_9179.35,,,,,ne_ndot_aup_calendar_2018 | ne_ndot_aup_calendar_2019 | ne_ndot_aup_calendar_2020 | ne_ndot_aup_calendar_2021 | ne_ndot_aup_calendar_2022 | ne_ndot_aup_calendar_2023 | ne_ndot_aup_calendar_2024 | ne_ndot_aup_calendar_2025 | ne_ndot_aup_july_june_2017_2018 | ne_ndot_aup_july_june_2018_2019 | ne_ndot_aup_july_june_2019_2020 | ne_ndot_aup_july_june_2020_2021 | ne_ndot_aup_july_june_2021_2022 | ne_ndot_aup_july_june_2022_2023 | ne_ndot_aup_july_june_2023_2024 | ne_ndot_aup_july_june_2024_2025 | ne_ndot_aup_july_june_2025_2026,,,,auto_resolved,Raw description or unit variants collapse under the conservative identity normalizer.
ne_ndot_identity_conflict_9179.43,9179.43,ne_ndot_9179.43,normalized_equivalent,normalized_equivalent,normalized_equivalent,ne_ndot_9179.43,,,,,ne_ndot_aup_calendar_2018 | ne_ndot_aup_calendar_2019 | ne_ndot_aup_calendar_2020 | ne_ndot_aup_calendar_2021 | ne_ndot_aup_calendar_2022 | ne_ndot_aup_calendar_2023 | ne_ndot_aup_calendar_2024 | ne_ndot_aup_calendar_2025 | ne_ndot_aup_july_june_2017_2018 | ne_ndot_aup_july_june_2018_2019 | ne_ndot_aup_july_june_2019_2020 | ne_ndot_aup_july_june_2020_2021 | ne_ndot_aup_july_june_2021_2022 | ne_ndot_aup_july_june_2022_2023 | ne_ndot_aup_july_june_2023_2024 | ne_ndot_aup_july_june_2024_2025 | ne_ndot_aup_july_june_2025_2026,,,,auto_resolved,Raw description or unit variants collapse under the conservative identity normalizer.
ne_ndot_identity_conflict_9179.44,9179.44,ne_ndot_9179.44,normalized_equivalent,normalized_equivalent,normalized_equivalent,ne_ndot_9179.44,,,,,ne_ndot_aup_calendar_2019 | ne_ndot_aup_calendar_2020 | ne_ndot_aup_july_june_2017_2018 | ne_ndot_aup_july_june_2019_2020,,,,auto_resolved,Raw description or unit variants collapse under the conservative identity normalizer.
ne_ndot_identity_conflict_9179.52,9179.52,ne_ndot_9179.52,normalized_equivalent,normalized_equivalent,normalized_equivalent,ne_ndot_9179.52,,,,,ne_ndot_aup_calendar_2018 | ne_ndot_aup_calendar_2019 | ne_ndot_aup_calendar_2020 | ne_ndot_aup_calendar_2022 | ne_ndot_aup_calendar_2025 | ne_ndot_aup_july_june_2017_2018 | ne_ndot_aup_july_june_2018_2019 | ne_ndot_aup_july_june_2019_2020 | ne_ndot_aup_july_june_2020_2021 | ne_ndot_aup_july_june_2021_2022 | ne_ndot_aup_july_june_2022_2023 | ne_ndot_aup_july_june_2024_2025,,,,auto_resolved,Raw description or unit variants collapse under the conservative identity normalizer.
ne_ndot_identity_conflict_9179.53,9179.53,ne_ndot_9179.53,normalized_equivalent,normalized_equivalent,normalized_equivalent,ne_ndot_9179.53,,,,,ne_ndot_aup_calendar_2018 | ne_ndot_aup_calendar_2020 | ne_ndot_aup_calendar_2024 | ne_ndot_aup_calendar_2025 | ne_ndot_aup_july_june_2019_2020 | ne_ndot_aup_july_june_2023_2024 | ne_ndot_aup_july_june_2024_2025 | ne_ndot_aup_july_june_2025_2026,,,,auto_resolved,Raw description or unit variants collapse under the conservative identity normalizer.
ne_ndot_identity_conflict_9179.54,9179.54,ne_ndot_9179.54,normalized_equivalent,normalized_equivalent,normalized_equivalent,ne_ndot_9179.54,,,,,ne_ndot_aup_calendar_2019 | ne_ndot_aup_july_june_2019_2020,,,,auto_resolved,Raw description or unit variants collapse under the conservative identity normalizer.
ne_ndot_identity_conflict_9179.63,9179.63,ne_ndot_9179.63,normalized_equivalent,normalized_equivalent,normalized_equivalent,ne_ndot_9179.63,,,,,ne_ndot_aup_calendar_2018 | ne_ndot_aup_calendar_2019 | ne_ndot_aup_calendar_2020 | ne_ndot_aup_calendar_2021 | ne_ndot_aup_calendar_2022 | ne_ndot_aup_calendar_2024 | ne_ndot_aup_july_june_2017_2018 | ne_ndot_aup_july_june_2018_2019 | ne_ndot_aup_july_june_2019_2020 | ne_ndot_aup_july_june_2020_2021 | ne_ndot_aup_july_june_2021_2022 | ne_ndot_aup_july_june_2022_2023 | ne_ndot_aup_july_june_2023_2024,,,,auto_resolved,Raw description or unit variants collapse under the conservative identity normalizer.
ne_ndot_identity_conflict_9179.64,9179.64,ne_ndot_9179.64,normalized_equivalent,normalized_equivalent,normalized_equivalent,ne_ndot_9179.64,,,,,ne_ndot_aup_calendar_2020 | ne_ndot_aup_calendar_2021 | ne_ndot_aup_july_june_2017_2018 | ne_ndot_aup_july_june_2020_2021,,,,auto_resolved,Raw description or unit variants collapse under the conservative identity normalizer.
ne_ndot_identity_conflict_9179.65,9179.65,ne_ndot_9179.65,normalized_equivalent,normalized_equivalent,normalized_equivalent,ne_ndot_9179.65,,,,,ne_ndot_aup_calendar_2018 | ne_ndot_aup_calendar_2019 | ne_ndot_aup_calendar_2020 | ne_ndot_aup_calendar_2024 | ne_ndot_aup_july_june_2017_2018 | ne_ndot_aup_july_june_2018_2019 | ne_ndot_aup_july_june_2019_2020 | ne_ndot_aup_july_june_2023_2024,,,,auto_resolved,Raw description or unit variants collapse under the conservative identity normalizer.
ne_ndot_identity_conflict_9179.79,9179.79,ne_ndot_9179.79,normalized_equivalent,normalized_equivalent,normalized_equivalent,ne_ndot_9179.79,,,,,ne_ndot_aup_calendar_2020 | ne_ndot_aup_calendar_2021 | ne_ndot_aup_calendar_2022 | ne_ndot_aup_calendar_2023 | ne_ndot_aup_calendar_2024 | ne_ndot_aup_calendar_2025 | ne_ndot_aup_july_june_2019_2020 | ne_ndot_aup_july_june_2020_2021 | ne_ndot_aup_july_june_2021_2022 | ne_ndot_aup_july_june_2022_2023 | ne_ndot_aup_july_june_2023_2024 | ne_ndot_aup_july_june_2024_2025 | ne_ndot_aup_july_june_2025_2026,,,,auto_resolved,Raw description or unit variants collapse under the conservative identity normalizer.
ne_ndot_identity_conflict_9179.84,9179.84,ne_ndot_9179.84,normalized_equivalent,normalized_equivalent,normalized_equivalent,ne_ndot_9179.84,,,,,ne_ndot_aup_calendar_2020 | ne_ndot_aup_calendar_2021 | ne_ndot_aup_calendar_2022 | ne_ndot_aup_calendar_2023 | ne_ndot_aup_calendar_2024 | ne_ndot_aup_calendar_2025 | ne_ndot_aup_july_june_2017_2018 | ne_ndot_aup_july_june_2019_2020 | ne_ndot_aup_july_june_2020_2021 | ne_ndot_aup_july_june_2021_2022 | ne_ndot_aup_july_june_2022_2023 | ne_ndot_aup_july_june_2023_2024 | ne_ndot_aup_july_june_2024_2025 | ne_ndot_aup_july_june_2025_2026,,,,auto_resolved,Raw description or unit variants collapse under the conservative identity normalizer.
ne_ndot_identity_conflict_9185.50,9185.50,ne_ndot_9185.50,normalized_equivalent,normalized_equivalent,normalized_equivalent,ne_ndot_9185.50,,,,,ne_ndot_aup_calendar_2018 | ne_ndot_aup_calendar_2022 | ne_ndot_aup_calendar_2025 | ne_ndot_aup_july_june_2021_2022 | ne_ndot_aup_july_june_2022_2023 | ne_ndot_aup_july_june_2025_2026,,,,auto_resolved,Raw description or unit variants collapse under the conservative identity normalizer.
ne_ndot_identity_conflict_9185.75,9185.75,ne_ndot_9185.75,normalized_equivalent,normalized_equivalent,normalized_equivalent,ne_ndot_9185.75,,,,,ne_ndot_aup_calendar_2020 | ne_ndot_aup_calendar_2024 | ne_ndot_aup_calendar_2025 | ne_ndot_aup_july_june_2017_2018 | ne_ndot_aup_july_june_2020_2021 | ne_ndot_aup_july_june_2023_2024 | ne_ndot_aup_july_june_2024_2025 | ne_ndot_aup_july_june_2025_2026,,,,auto_resolved,Raw description or unit variants collapse under the conservative identity normalizer.
ne_ndot_identity_conflict_9185.76,9185.76,ne_ndot_9185.76,normalized_equivalent,normalized_equivalent,normalized_equivalent,ne_ndot_9185.76,,,,,ne_ndot_aup_calendar_2018 | ne_ndot_aup_calendar_2019 | ne_ndot_aup_calendar_2020 | ne_ndot_aup_calendar_2021 | ne_ndot_aup_calendar_2022 | ne_ndot_aup_calendar_2023 | ne_ndot_aup_calendar_2024 | ne_ndot_aup_calendar_2025 | ne_ndot_aup_july_june_2017_2018 | ne_ndot_aup_july_june_2018_2019 | ne_ndot_aup_july_june_2019_2020 | ne_ndot_aup_july_june_2020_2021 | ne_ndot_aup_july_june_2021_2022 | ne_ndot_aup_july_june_2022_2023 | ne_ndot_aup_july_june_2023_2024 | ne_ndot_aup_july_june_2024_2025 | ne_ndot_aup_july_june_2025_2026,,,,auto_resolved,Raw description or unit variants collapse under the conservative identity normalizer.
ne_ndot_identity_conflict_9185.77,9185.77,ne_ndot_9185.77,normalized_equivalent,normalized_equivalent,normalized_equivalent,ne_ndot_9185.77,,,,,ne_ndot_aup_calendar_2018 | ne_ndot_aup_calendar_2019 | ne_ndot_aup_calendar_2020 | ne_ndot_aup_calendar_2021 | ne_ndot_aup_calendar_2022 | ne_ndot_aup_calendar_2023 | ne_ndot_aup_calendar_2024 | ne_ndot_aup_calendar_2025 | ne_ndot_aup_july_june_2017_2018 | ne_ndot_aup_july_june_2018_2019 | ne_ndot_aup_july_june_2019_2020 | ne_ndot_aup_july_june_2020_2021 | ne_ndot_aup_july_june_2021_2022 | ne_ndot_aup_july_june_2022_2023 | ne_ndot_aup_july_june_2023_2024 | ne_ndot_aup_july_june_2024_2025 | ne_ndot_aup_july_june_2025_2026,,,,auto_resolved,Raw description or unit variants collapse under the conservative identity normalizer.
ne_ndot_identity_conflict_9186.00,9186.00,ne_ndot_9186.00,normalized_equivalent,normalized_equivalent,normalized_equivalent,ne_ndot_9186.00,,,,,ne_ndot_aup_calendar_2018 | ne_ndot_aup_calendar_2019 | ne_ndot_aup_calendar_2020 | ne_ndot_aup_calendar_2021 | ne_ndot_aup_calendar_2022 | ne_ndot_aup_calendar_2023 | ne_ndot_aup_calendar_2024 | ne_ndot_aup_calendar_2025 | ne_ndot_aup_july_june_2017_2018 | ne_ndot_aup_july_june_2018_2019 | ne_ndot_aup_july_june_2019_2020 | ne_ndot_aup_july_june_2020_2021 | ne_ndot_aup_july_june_2021_2022 | ne_ndot_aup_july_june_2022_2023 | ne_ndot_aup_july_june_2023_2024 | ne_ndot_aup_july_june_2024_2025 | ne_ndot_aup_july_june_2025_2026,,,,auto_resolved,Raw description or unit variants collapse under the conservative identity normalizer.
ne_ndot_identity_conflict_9186.01,9186.01,ne_ndot_9186.01,normalized_equivalent,normalized_equivalent,normalized_equivalent,ne_ndot_9186.01,,,,,ne_ndot_aup_calendar_2018 | ne_ndot_aup_calendar_2021 | ne_ndot_aup_calendar_2022 | ne_ndot_aup_calendar_2024 | ne_ndot_aup_calendar_2025 | ne_ndot_aup_july_june_2017_2018 | ne_ndot_aup_july_june_2018_2019 | ne_ndot_aup_july_june_2021_2022 | ne_ndot_aup_july_june_2022_2023 | ne_ndot_aup_july_june_2024_2025 | ne_ndot_aup_july_june_2025_2026,,,,auto_resolved,Raw description or unit variants collapse under the conservative identity normalizer.
ne_ndot_identity_conflict_9186.02,9186.02,ne_ndot_9186.02,normalized_equivalent,normalized_equivalent,normalized_equivalent,ne_ndot_9186.02,,,,,ne_ndot_aup_calendar_2018 | ne_ndot_aup_calendar_2019 | ne_ndot_aup_july_june_2017_2018 | ne_ndot_aup_july_june_2018_2019,,,,auto_resolved,Raw description or unit variants collapse under the conservative identity normalizer.
ne_ndot_identity_conflict_9188.01,9188.01,ne_ndot_9188.01,normalized_equivalent,normalized_equivalent,normalized_equivalent,ne_ndot_9188.01,,,,,ne_ndot_aup_calendar_2018 | ne_ndot_aup_calendar_2020 | ne_ndot_aup_calendar_2021 | ne_ndot_aup_calendar_2022 | ne_ndot_aup_calendar_2024 | ne_ndot_aup_calendar_2025 | ne_ndot_aup_july_june_2017_2018 | ne_ndot_aup_july_june_2018_2019 | ne_ndot_aup_july_june_2019_2020 | ne_ndot_aup_july_june_2021_2022 | ne_ndot_aup_july_june_2022_2023 | ne_ndot_aup_july_june_2023_2024 | ne_ndot_aup_july_june_2024_2025 | ne_ndot_aup_july_june_2025_2026,,,,auto_resolved,Raw description or unit variants collapse under the conservative identity normalizer.
ne_ndot_identity_conflict_9188.50,9188.50,ne_ndot_9188.50,normalized_equivalent,normalized_equivalent,normalized_equivalent,ne_ndot_9188.50,,,,,ne_ndot_aup_calendar_2018 | ne_ndot_aup_calendar_2019 | ne_ndot_aup_calendar_2020 | ne_ndot_aup_calendar_2021 | ne_ndot_aup_calendar_2022 | ne_ndot_aup_calendar_2023 | ne_ndot_aup_calendar_2024 | ne_ndot_aup_calendar_2025 | ne_ndot_aup_july_june_2017_2018 | ne_ndot_aup_july_june_2018_2019 | ne_ndot_aup_july_june_2019_2020 | ne_ndot_aup_july_june_2020_2021 | ne_ndot_aup_july_june_2021_2022 | ne_ndot_aup_july_june_2022_2023 | ne_ndot_aup_july_june_2023_2024 | ne_ndot_aup_july_june_2024_2025 | ne_ndot_aup_july_june_2025_2026,,,,auto_resolved,Raw description or unit variants collapse under the conservative identity normalizer.
ne_ndot_identity_conflict_9190.00,9190.00,ne_ndot_9190.00,normalized_equivalent,normalized_equivalent,normalized_equivalent,ne_ndot_9190.00,,,,,ne_ndot_aup_calendar_2018 | ne_ndot_aup_july_june_2018_2019,,,,auto_resolved,Raw description or unit variants collapse under the conservative identity normalizer.
ne_ndot_identity_conflict_9190.12,9190.12,ne_ndot_9190.12,normalized_equivalent,normalized_equivalent,normalized_equivalent,ne_ndot_9190.12,,,,,ne_ndot_aup_calendar_2020 | ne_ndot_aup_calendar_2022 | ne_ndot_aup_calendar_2023 | ne_ndot_aup_calendar_2024 | ne_ndot_aup_calendar_2025 | ne_ndot_aup_july_june_2017_2018 | ne_ndot_aup_july_june_2019_2020 | ne_ndot_aup_july_june_2022_2023 | ne_ndot_aup_july_june_2023_2024 | ne_ndot_aup_july_june_2024_2025,,,,auto_resolved,Raw description or unit variants collapse under the conservative identity normalizer.
ne_ndot_identity_conflict_9190.25,9190.25,ne_ndot_9190.25,normalized_equivalent,normalized_equivalent,normalized_equivalent,ne_ndot_9190.25,,,,,ne_ndot_aup_july_june_2017_2018,,,,auto_resolved,Raw description or unit variants collapse under the conservative identity normalizer.
ne_ndot_identity_conflict_9206.29,9206.29,ne_ndot_9206.29,normalized_equivalent,normalized_equivalent,normalized_equivalent,ne_ndot_9206.29,,,,,ne_ndot_aup_calendar_2020 | ne_ndot_aup_calendar_2021 | ne_ndot_aup_calendar_2024 | ne_ndot_aup_calendar_2025 | ne_ndot_aup_july_june_2020_2021 | ne_ndot_aup_july_june_2021_2022 | ne_ndot_aup_july_june_2024_2025 | ne_ndot_aup_july_june_2025_2026,,,,auto_resolved,Raw description or unit variants collapse under the conservative identity normalizer.
ne_ndot_identity_conflict_9261.01,9261.01,ne_ndot_9261.01,normalized_equivalent,normalized_equivalent,normalized_equivalent,ne_ndot_9261.01,,,,,ne_ndot_aup_calendar_2022 | ne_ndot_aup_july_june_2021_2022,,,,auto_resolved,Raw description or unit variants collapse under the conservative identity normalizer.
ne_ndot_identity_conflict_9300.50,9300.50,ne_ndot_9300.50,stable_description_multi_unit,reviewed_multi_unit,needs_review,ne_ndot_9300.50,,,,,ne_ndot_aup_calendar_2018 | ne_ndot_aup_calendar_2019 | ne_ndot_aup_calendar_2020 | ne_ndot_aup_calendar_2021 | ne_ndot_aup_calendar_2022 | ne_ndot_aup_calendar_2023 | ne_ndot_aup_calendar_2024 | ne_ndot_aup_calendar_2025 | ne_ndot_aup_july_june_2017_2018 | ne_ndot_aup_july_june_2018_2019 | ne_ndot_aup_july_june_2019_2020 | ne_ndot_aup_july_june_2020_2021 | ne_ndot_aup_july_june_2021_2022 | ne_ndot_aup_july_june_2022_2023 | ne_ndot_aup_july_june_2023_2024 | ne_ndot_aup_july_june_2024_2025 | ne_ndot_aup_july_june_2025_2026,,,,needs_review,Same identity candidate with multiple reported units; retain every raw unit and require unit-aware review.
ne_ndot_identity_conflict_9300.52,9300.52,ne_ndot_9300.52,stable_description_multi_unit,reviewed_multi_unit,needs_review,ne_ndot_9300.52,,,,,ne_ndot_aup_calendar_2018 | ne_ndot_aup_calendar_2019 | ne_ndot_aup_calendar_2020 | ne_ndot_aup_calendar_2021 | ne_ndot_aup_calendar_2022 | ne_ndot_aup_calendar_2023 | ne_ndot_aup_calendar_2024 | ne_ndot_aup_calendar_2025 | ne_ndot_aup_july_june_2017_2018 | ne_ndot_aup_july_june_2018_2019 | ne_ndot_aup_july_june_2019_2020 | ne_ndot_aup_july_june_2020_2021 | ne_ndot_aup_july_june_2021_2022 | ne_ndot_aup_july_june_2022_2023 | ne_ndot_aup_july_june_2023_2024 | ne_ndot_aup_july_june_2024_2025 | ne_ndot_aup_july_june_2025_2026,,,,needs_review,Same identity candidate with multiple reported units; retain every raw unit and require unit-aware review.
ne_ndot_identity_conflict_A001.73,A001.73,ne_ndot_A001.73,description_variant,source_text_correction_or_reviewed_variant,needs_review,ne_ndot_A001.73,,,,,ne_ndot_aup_calendar_2021 | ne_ndot_aup_july_june_2020_2021,,,,needs_review,Description variants remain after conservative normalization; inspect source pages before changing identity.
ne_ndot_identity_conflict_A001.74,A001.74,ne_ndot_A001.74,normalized_equivalent,normalized_equivalent,normalized_equivalent,ne_ndot_A001.74,,,,,ne_ndot_aup_calendar_2021 | ne_ndot_aup_july_june_2020_2021,,,,auto_resolved,Raw description or unit variants collapse under the conservative identity normalizer.
ne_ndot_identity_conflict_A004.70,A004.70,ne_ndot_A004.70,normalized_equivalent,normalized_equivalent,normalized_equivalent,ne_ndot_A004.70,,,,,ne_ndot_aup_calendar_2020 | ne_ndot_aup_july_june_2020_2021,,,,auto_resolved,Raw description or unit variants collapse under the conservative identity normalizer.
ne_ndot_identity_conflict_A004.71,A004.71,ne_ndot_A004.71,normalized_equivalent,normalized_equivalent,normalized_equivalent,ne_ndot_A004.71,,,,,ne_ndot_aup_calendar_2020 | ne_ndot_aup_july_june_2020_2021,,,,auto_resolved,Raw description or unit variants collapse under the conservative identity normalizer.
ne_ndot_identity_conflict_A004.72,A004.72,ne_ndot_A004.72,normalized_equivalent,normalized_equivalent,normalized_equivalent,ne_ndot_A004.72,,,,,ne_ndot_aup_calendar_2020 | ne_ndot_aup_july_june_2020_2021,,,,auto_resolved,Raw description or unit variants collapse under the conservative identity normalizer.
ne_ndot_identity_conflict_A004.74,A004.74,ne_ndot_A004.74,description_variant,source_text_correction_or_reviewed_variant,needs_review,ne_ndot_A004.74,,,,,ne_ndot_aup_calendar_2020 | ne_ndot_aup_july_june_2020_2021,,,,needs_review,Description variants remain after conservative normalization; inspect source pages before changing identity.
ne_ndot_identity_conflict_A013.09,A013.09,ne_ndot_A013.09,description_variant,source_text_correction_or_reviewed_variant,needs_review,ne_ndot_A013.09,,,,,ne_ndot_aup_calendar_2018 | ne_ndot_aup_calendar_2020 | ne_ndot_aup_calendar_2022 | ne_ndot_aup_july_june_2017_2018 | ne_ndot_aup_july_june_2018_2019 | ne_ndot_aup_july_june_2019_2020 | ne_ndot_aup_july_june_2022_2023,,,,needs_review,Description variants remain after conservative normalization; inspect source pages before changing identity.
ne_ndot_identity_conflict_A079.72,A079.72,ne_ndot_A079.72,description_variant,source_text_correction_or_reviewed_variant,needs_review,ne_ndot_A079.72,,,,,ne_ndot_aup_calendar_2018 | ne_ndot_aup_calendar_2019 | ne_ndot_aup_calendar_2020 | ne_ndot_aup_calendar_2021 | ne_ndot_aup_calendar_2022 | ne_ndot_aup_calendar_2023 | ne_ndot_aup_calendar_2024 | ne_ndot_aup_calendar_2025 | ne_ndot_aup_july_june_2017_2018 | ne_ndot_aup_july_june_2018_2019 | ne_ndot_aup_july_june_2019_2020 | ne_ndot_aup_july_june_2020_2021 | ne_ndot_aup_july_june_2021_2022 | ne_ndot_aup_july_june_2022_2023 | ne_ndot_aup_july_june_2023_2024 | ne_ndot_aup_july_june_2025_2026,,,,needs_review,Description variants remain after conservative normalization; inspect source pages before changing identity.
ne_ndot_identity_conflict_L010.44,L010.44,ne_ndot_L010.44,description_variant,source_text_correction_or_reviewed_variant,needs_review,ne_ndot_L010.44,,,,,ne_ndot_aup_calendar_2020 | ne_ndot_aup_calendar_2022 | ne_ndot_aup_july_june_2019_2020 | ne_ndot_aup_july_june_2021_2022,,,,needs_review,Description variants remain after conservative normalization; inspect source pages before changing identity.
ne_ndot_identity_conflict_L010.45,L010.45,ne_ndot_L010.45,description_variant,source_text_correction_or_reviewed_variant,needs_review,ne_ndot_L010.45,,,,,ne_ndot_aup_calendar_2018 | ne_ndot_aup_calendar_2020 | ne_ndot_aup_july_june_2018_2019 | ne_ndot_aup_july_june_2019_2020,,,,needs_review,Description variants remain after conservative normalization; inspect source pages before changing identity.
ne_ndot_identity_conflict_L300.80,L300.80,ne_ndot_L300.80,description_variant,source_text_correction_or_reviewed_variant,needs_review,ne_ndot_L300.80,,,,,ne_ndot_aup_calendar_2020 | ne_ndot_aup_july_june_2019_2020,,,,needs_review,Description variants remain after conservative normalization; inspect source pages before changing identity.
ne_ndot_identity_conflict_L301.10,L301.10,ne_ndot_L301.10,description_variant,source_text_correction_or_reviewed_variant,needs_review,ne_ndot_L301.10,,,,,ne_ndot_aup_calendar_2020 | ne_ndot_aup_july_june_2019_2020,,,,needs_review,Description variants remain after conservative normalization; inspect source pages before changing identity.
ne_ndot_identity_conflict_L302.20,L302.20,ne_ndot_L302.20,description_variant,source_text_correction_or_reviewed_variant,needs_review,ne_ndot_L302.20,,,,,ne_ndot_aup_calendar_2020 | ne_ndot_aup_july_june_2019_2020,,,,needs_review,Description variants remain after conservative normalization; inspect source pages before changing identity.
ne_ndot_identity_conflict_L376.25,L376.25,ne_ndot_L376.25,description_variant,source_text_correction_or_reviewed_variant,needs_review,ne_ndot_L376.25,,,,,ne_ndot_aup_calendar_2020 | ne_ndot_aup_july_june_2019_2020,,,,needs_review,Description variants remain after conservative normalization; inspect source pages before changing identity.
ne_ndot_identity_conflict_L376.40,L376.40,ne_ndot_L376.40,description_variant,source_text_correction_or_reviewed_variant,needs_review,ne_ndot_L376.40,,,,,ne_ndot_aup_calendar_2020 | ne_ndot_aup_july_june_2019_2020,,,,needs_review,Description variants remain after conservative normalization; inspect source pages before changing identity.
ne_ndot_identity_conflict_L426.00,L426.00,ne_ndot_L426.00,description_variant,source_text_correction_or_reviewed_variant,needs_review,ne_ndot_L426.00,,,,,ne_ndot_aup_calendar_2020 | ne_ndot_aup_july_june_2019_2020,,,,needs_review,Description variants remain after conservative normalization; inspect source pages before changing identity.
ne_ndot_identity_conflict_L426.10,L426.10,ne_ndot_L426.10,description_variant,source_text_correction_or_reviewed_variant,needs_review,ne_ndot_L426.10,,,,,ne_ndot_aup_calendar_2020 | ne_ndot_aup_july_june_2019_2020,,,,needs_review,Description variants remain after conservative normalization; inspect source pages before changing identity.
ne_ndot_identity_conflict_L455.00,L455.00,ne_ndot_L455.00,description_variant,source_text_correction_or_reviewed_variant,needs_review,ne_ndot_L455.00,,,,,ne_ndot_aup_calendar_2020 | ne_ndot_aup_july_june_2019_2020,,,,needs_review,Description variants remain after conservative normalization; inspect source pages before changing identity.
ne_ndot_identity_conflict_L559.17,L559.17,ne_ndot_L559.17,description_variant,source_text_correction_or_reviewed_variant,needs_review,ne_ndot_L559.17,,,,,ne_ndot_aup_calendar_2020 | ne_ndot_aup_july_june_2019_2020,,,,needs_review,Description variants remain after conservative normalization; inspect source pages before changing identity.
ne_ndot_identity_conflict_L595.00,L595.00,ne_ndot_L595.00,description_variant,source_text_correction_or_reviewed_variant,needs_review,ne_ndot_L595.00,,,,,ne_ndot_aup_calendar_2020 | ne_ndot_aup_july_june_2019_2020,,,,needs_review,Description variants remain after conservative normalization; inspect source pages before changing identity.
ne_ndot_identity_conflict_L619.58,L619.58,ne_ndot_L619.58,description_variant,source_text_correction_or_reviewed_variant,needs_review,ne_ndot_L619.58,,,,,ne_ndot_aup_calendar_2020 | ne_ndot_aup_july_june_2019_2020,,,,needs_review,Description variants remain after conservative normalization; inspect source pages before changing identity.
ne_ndot_identity_conflict_L700.81,L700.81,ne_ndot_L700.81,description_variant,source_text_correction_or_reviewed_variant,needs_review,ne_ndot_L700.81,,,,,ne_ndot_aup_calendar_2018 | ne_ndot_aup_july_june_2017_2018,,,,needs_review,Description variants remain after conservative normalization; inspect source pages before changing identity.
ne_ndot_identity_conflict_L705.74,L705.74,ne_ndot_L705.74,description_variant,source_text_correction_or_reviewed_variant,needs_review,ne_ndot_L705.74,,,,,ne_ndot_aup_calendar_2020 | ne_ndot_aup_calendar_2022 | ne_ndot_aup_july_june_2019_2020 | ne_ndot_aup_july_june_2020_2021 | ne_ndot_aup_july_june_2022_2023,,,,needs_review,Description variants remain after conservative normalization; inspect source pages before changing identity.
ne_ndot_identity_conflict_L717.18,L717.18,ne_ndot_L717.18,description_variant,source_text_correction_or_reviewed_variant,needs_review,ne_ndot_L717.18,,,,,ne_ndot_aup_calendar_2019 | ne_ndot_aup_july_june_2019_2020,,,,needs_review,Description variants remain after conservative normalization; inspect source pages before changing identity.
ne_ndot_identity_conflict_L720.06,L720.06,ne_ndot_L720.06,description_variant,source_text_correction_or_reviewed_variant,needs_review,ne_ndot_L720.06,,,,,ne_ndot_aup_calendar_2022 | ne_ndot_aup_july_june_2022_2023,,,,needs_review,Description variants remain after conservative normalization; inspect source pages before changing identity.
ne_ndot_identity_conflict_L766.13,L766.13,ne_ndot_L766.13,normalized_equivalent,normalized_equivalent,normalized_equivalent,ne_ndot_L766.13,,,,,ne_ndot_aup_calendar_2022 | ne_ndot_aup_july_june_2021_2022,,,,auto_resolved,Raw description or unit variants collapse under the conservative identity normalizer.
ne_ndot_identity_conflict_L766.18,L766.18,ne_ndot_L766.18,description_variant,source_text_correction_or_reviewed_variant,needs_review,ne_ndot_L766.18,,,,,ne_ndot_aup_calendar_2022 | ne_ndot_aup_july_june_2022_2023,,,,needs_review,Description variants remain after conservative normalization; inspect source pages before changing identity.
ne_ndot_identity_conflict_L766.21,L766.21,ne_ndot_L766.21,description_variant,source_text_correction_or_reviewed_variant,needs_review,ne_ndot_L766.21,,,,,ne_ndot_aup_calendar_2019 | ne_ndot_aup_july_june_2019_2020,,,,needs_review,Description variants remain after conservative normalization; inspect source pages before changing identity.
ne_ndot_identity_conflict_L768.04,L768.04,ne_ndot_L768.04,description_variant,source_text_correction_or_reviewed_variant,needs_review,ne_ndot_L768.04,,,,,ne_ndot_aup_calendar_2022 | ne_ndot_aup_july_june_2022_2023,,,,needs_review,Description variants remain after conservative normalization; inspect source pages before changing identity.
ne_ndot_identity_conflict_L774.96,L774.96,ne_ndot_L774.96,description_variant,source_text_correction_or_reviewed_variant,needs_review,ne_ndot_L774.96,,,,,ne_ndot_aup_calendar_2018 | ne_ndot_aup_calendar_2020 | ne_ndot_aup_july_june_2019_2020,,,,needs_review,Description variants remain after conservative normalization; inspect source pages before changing identity.
ne_ndot_identity_conflict_L803.00,L803.00,ne_ndot_L803.00,description_variant,source_text_correction_or_reviewed_variant,needs_review,ne_ndot_L803.00,,,,,ne_ndot_aup_calendar_2020 | ne_ndot_aup_july_june_2019_2020,,,,needs_review,Description variants remain after conservative normalization; inspect source pages before changing identity.
ne_ndot_identity_conflict_L835.20,L835.20,ne_ndot_L835.20,description_variant,source_text_correction_or_reviewed_variant,needs_review,ne_ndot_L835.20,,,,,ne_ndot_aup_calendar_2020 | ne_ndot_aup_july_june_2019_2020,,,,needs_review,Description variants remain after conservative normalization; inspect source pages before changing identity.
ne_ndot_identity_conflict_L970.10,L970.10,ne_ndot_L970.10,description_variant,source_text_correction_or_reviewed_variant,needs_review,ne_ndot_L970.10,,,,,ne_ndot_aup_calendar_2020 | ne_ndot_aup_july_june_2019_2020,,,,needs_review,Description variants remain after conservative normalization; inspect source pages before changing identity.
ne_ndot_identity_conflict_L970.50,L970.50,ne_ndot_L970.50,description_variant,source_text_correction_or_reviewed_variant,needs_review,ne_ndot_L970.50,,,,,ne_ndot_aup_calendar_2020 | ne_ndot_aup_calendar_2025 | ne_ndot_aup_july_june_2019_2020 | ne_ndot_aup_july_june_2025_2026,,,,needs_review,Description variants remain after conservative normalization; inspect source pages before changing identity.
ne_ndot_identity_conflict_L980.00,L980.00,ne_ndot_L980.00,description_variant,source_text_correction_or_reviewed_variant,needs_review,ne_ndot_L980.00,,,,,ne_ndot_aup_calendar_2020 | ne_ndot_aup_july_june_2019_2020,,,,needs_review,Description variants remain after conservative normalization; inspect source pages before changing identity.
ne_ndot_identity_conflict_L999.01,L999.01,ne_ndot_L999.01,description_variant,source_text_correction_or_reviewed_variant,needs_review,ne_ndot_L999.01,,,,,ne_ndot_aup_calendar_2020 | ne_ndot_aup_july_june_2019_2020,,,,needs_review,Description variants remain after conservative normalization; inspect source pages before changing identity.
