agency_item_version_id,agency_item_id,effective_from,effective_to,official_description,official_abbreviated_description,official_unit,spec_reference_code,source_id,is_current
ne_ndot_version_0001.00_current,ne_ndot_0001.00,,,SURVEILLANCE OF TEMPORARY TRAFFIC CONTROL DEVICES,,CAL DAY,,ne_ndot_english_standard_item_list_2010,true
ne_ndot_version_0001.04_current,ne_ndot_0001.04,,,ENDANGERED SPECIES DAILY SURVEYOR,,DAY,,ne_ndot_english_standard_item_list_2010,true
ne_ndot_version_0001.05_historical,ne_ndot_0001.05,,,BRIDGE DECK SURVEILLANCE,,DAY,,ne_ndot_aup_july_june_2021_2022,false
ne_ndot_version_0001.06_current,ne_ndot_0001.06,,,VERTICAL PANELS,,BARR DAY,,ne_ndot_english_standard_item_list_2010,true
ne_ndot_version_0001.07_historical,ne_ndot_0001.07,,,SURVEILLANCE OF TEMPORARY TRAFFIC CONTROL DEVICES,,DAY,,ne_ndot_aup_july_june_2025_2026,false
ne_ndot_version_0001.08_current,ne_ndot_0001.08,,,"BARRICADE, TYPE II",,BARR DAY,422.00,ne_ndot_english_standard_item_list_2010,true
ne_ndot_version_0001.09_historical,ne_ndot_0001.09,,,"BARRICADE, TYPE II",,BDAY,,ne_ndot_aup_july_june_2020_2021,false
ne_ndot_version_0001.10_current,ne_ndot_0001.10,,,"BARRICADE, TYPE III",,BARR DAY,422.00,ne_ndot_english_standard_item_list_2010,true
ne_ndot_version_0001.11_historical,ne_ndot_0001.11,,,PUBLIC RELATIONS SPOKESPERSON,,LS,,ne_ndot_aup_calendar_2022,false
ne_ndot_version_0001.20_current,ne_ndot_0001.20,,,"BARRICADE, TYPE III",,EACH,,ne_ndot_english_standard_item_list_2010,true
ne_ndot_version_0001.30_current,ne_ndot_0001.30,,,TYPE B HIGH INTENSITY WARNING LIGHT,,LIGHT DAY,422.00,ne_ndot_english_standard_item_list_2010,true
ne_ndot_version_0001.45_current,ne_ndot_0001.45,,,REFLECTORIZED PLASTIC DRUM,,BARR DAY,,ne_ndot_english_standard_item_list_2010,true
ne_ndot_version_0001.46_current,ne_ndot_0001.46,,,REFLECTORIZED CONE,,BARR DAY,,ne_ndot_english_standard_item_list_2010,true
ne_ndot_version_0001.50_historical,ne_ndot_0001.50,,,FLAGGING,,DAY,,ne_ndot_aup_july_june_2025_2026,false
ne_ndot_version_0001.51_historical,ne_ndot_0001.51,,,SHOULDER CLOSURE 2-LANE ROADWAY,,DAY,,ne_ndot_aup_calendar_2023,false
ne_ndot_version_0001.52_historical,ne_ndot_0001.52,,,SHOULDER CLOSURE 4-LANE ROADWAY,,DAY,,ne_ndot_aup_calendar_2023,false
ne_ndot_version_0001.53_historical,ne_ndot_0001.53,,,LANE CLOSURE 2-LANE ROADWAY,,DAY,,ne_ndot_aup_calendar_2023,false
ne_ndot_version_0001.54_historical,ne_ndot_0001.54,,,LANE CLOSURE 4-LANE ROADWAY,,DAY,,ne_ndot_aup_calendar_2023,false
ne_ndot_version_0001.75_current,ne_ndot_0001.75,,,TEMPORARY SIGN DAY,,EACH,422.00,ne_ndot_english_standard_item_list_2010,true
ne_ndot_version_0001.85_current,ne_ndot_0001.85,,,SIGN DAY,,EACH,,ne_ndot_english_standard_item_list_2010,true
ne_ndot_version_0001.90_current,ne_ndot_0001.90,,,SIGN DAY,,EACH,422.00,ne_ndot_english_standard_item_list_2010,true
ne_ndot_version_0001.91_historical,ne_ndot_0001.91,,,BARRICADE FURNISHED SIGN DAY,,EACH,,ne_ndot_aup_july_june_2025_2026,false
ne_ndot_version_0001.97_historical,ne_ndot_0001.97,,,BARRICADE SIGN DAY,,EACH,,ne_ndot_aup_july_june_2025_2026,false
ne_ndot_version_0001.99_current,ne_ndot_0001.99,,,CONTRACTOR FURNISHED SIGN DAY,,EACH,422.00,ne_ndot_english_standard_item_list_2010,true
ne_ndot_version_0002.01_historical,ne_ndot_0002.01,,,PERMANENT SIGNING,,EACH,,ne_ndot_aup_calendar_2023,false
ne_ndot_version_0002.08_historical,ne_ndot_0002.08,,,"4"" YELLOW REMOVABLE WET REFLECTIVE TAPE",,LF,,ne_ndot_aup_july_june_2018_2019,false
ne_ndot_version_0002.09_historical,ne_ndot_0002.09,,,"4"" WHITE REMOVABLE WET REFLECTIVE TAPE",,LF,,ne_ndot_aup_july_june_2018_2019,false
ne_ndot_version_0002.11_historical,ne_ndot_0002.11,,,"4"" BLACK REMOVABLE WET REFLECTIVE TAPE",,LF,,ne_ndot_aup_calendar_2020,false
ne_ndot_version_0002.12_current,ne_ndot_0002.12,,,INSTALL OVERHEAD DETOUR SIGN,,EACH,,ne_ndot_english_standard_item_list_2010,true
ne_ndot_version_0002.14_current,ne_ndot_0002.14,,,INSTALL DETOUR OVERLAY PANEL,,EACH,,ne_ndot_english_standard_item_list_2010,true
ne_ndot_version_0002.17_historical,ne_ndot_0002.17,,,"4"" BLACK REMOVABLE TAPE, TYPE 4",,LF,,ne_ndot_aup_july_june_2025_2026,false
ne_ndot_version_0002.18_historical,ne_ndot_0002.18,,,"4"" WHITE REMOVABLE WET REFLECTIVE TAPE, TYPE 4",,LF,,ne_ndot_aup_july_june_2025_2026,false
ne_ndot_version_0002.19_historical,ne_ndot_0002.19,,,"4"" YELLOW REMOVABLE WET REFLECTIVE TAPE, TYPE 4",,LF,,ne_ndot_aup_july_june_2025_2026,false
ne_ndot_version_0002.20_current,ne_ndot_0002.20,,,OBJECT MARKER,,EACH,,ne_ndot_english_standard_item_list_2010,true
ne_ndot_version_0002.26_current,ne_ndot_0002.26,,,"WRONG WAY ARROW, TEMPORARY PAVEMENT MARKING, TYPE 2",,EACH,,ne_ndot_english_standard_item_list_2010,true
ne_ndot_version_0002.27_current,ne_ndot_0002.27,,,REMOVABLE WET REFLECTIVE TAPE,,LIN FT,,ne_ndot_english_standard_item_list_2010,true
ne_ndot_version_0002.28_current,ne_ndot_0002.28,,,TEMPORARY PAVEMENT MARKING REMOVAL,,LIN FT,,ne_ndot_english_standard_item_list_2010,true
ne_ndot_version_0002.30_current,ne_ndot_0002.30,,,PAVEMENT MARKING REMOVAL,,LIN FT,422.00,ne_ndot_english_standard_item_list_2010,true
ne_ndot_version_0002.31_current,ne_ndot_0002.31,,,TEMPORARY PAVEMENT MARKING,,LIN FT,,ne_ndot_english_standard_item_list_2010,true
ne_ndot_version_0002.32_current,ne_ndot_0002.32,,,PAVEMENT MARKING REMOVAL,,SQ FT,422.00,ne_ndot_english_standard_item_list_2010,true
ne_ndot_version_0002.33_current,ne_ndot_0002.33,,,TEMPORARY PAVEMENT MARKING,,LIN FT,,ne_ndot_english_standard_item_list_2010,true
ne_ndot_version_0002.34_historical,ne_ndot_0002.34,,,"REMOVE MARKING LESS THAN 8""",,LF,,ne_ndot_aup_july_june_2025_2026,false
ne_ndot_version_0002.35_current,ne_ndot_0002.35,,,TEMPORARY PAVEMENT MARKING,,LIN FT,,ne_ndot_english_standard_item_list_2010,true
ne_ndot_version_0002.36_historical,ne_ndot_0002.36,,,"REMOVE MARKING GREATER THAN 8""",,LF,,ne_ndot_aup_july_june_2025_2026,false
ne_ndot_version_0002.37_current,ne_ndot_0002.37,,,TEMPORARY PAVEMENT MARKING,,LIN FT,,ne_ndot_english_standard_item_list_2010,true
ne_ndot_version_0002.38_current,ne_ndot_0002.38,,,"TEMPORARY PAVEMENT MARKING, TYPE I",,LIN FT,422.00,ne_ndot_english_standard_item_list_2010,true
ne_ndot_version_0002.39_current,ne_ndot_0002.39,,,"TEMPORARY PAVEMENT MARKING, TYPE II",,LIN FT,422.00,ne_ndot_english_standard_item_list_2010,true
ne_ndot_version_0002.40_current,ne_ndot_0002.40,,,TEMPORARY SOLID LINES,,STATION,,ne_ndot_english_standard_item_list_2010,true
ne_ndot_version_0002.41_current,ne_ndot_0002.41,,,"TEMPORARY PAVEMENT MARKING , TYPE III",,LIN FT,422.00,ne_ndot_english_standard_item_list_2010,true
ne_ndot_version_0002.43_current,ne_ndot_0002.43,,,"TEMPORARY PAVEMENT MARKING, TYPE II BLACK",,LIN FT,422.00,ne_ndot_english_standard_item_list_2010,true
ne_ndot_version_0002.44_current,ne_ndot_0002.44,,,"TEMPORARY PAVEMENT MARKING, TYPE PAINT",,LIN FT,422.00,ne_ndot_english_standard_item_list_2010,true
ne_ndot_version_0002.45_current,ne_ndot_0002.45,,,TEMPORARY BROKEN LINES,,STATION,,ne_ndot_english_standard_item_list_2010,true
ne_ndot_version_0002.46_current,ne_ndot_0002.46,,,"TEMPORARY PAVEMENT MARKING, TYPE RPM",,LIN FT,422.00,ne_ndot_english_standard_item_list_2010,true
ne_ndot_version_0002.47_current,ne_ndot_0002.47,,,TEMPORARY PAVEMENT MARKING SURFACE PREPARATION,,LIN FT,,ne_ndot_english_standard_item_list_2010,true
ne_ndot_version_0002.48_current,ne_ndot_0002.48,,,TEMPORARY RAISED PAVEMENT MARKER,,EACH,,ne_ndot_english_standard_item_list_2010,true
ne_ndot_version_0002.49_current,ne_ndot_0002.49,,,RAISED PAVEMENT MARKER,,LIN FT,422.00,ne_ndot_english_standard_item_list_2010,true
ne_ndot_version_0002.50_current,ne_ndot_0002.50,,,INSTALL RAISED PAVEMENT MARKER,,EACH,,ne_ndot_english_standard_item_list_2010,true
ne_ndot_version_0002.51_current,ne_ndot_0002.51,,,RAISED PAVEMENT MARKER ADHESIVE MATERIAL,,EACH,,ne_ndot_english_standard_item_list_2010,true
ne_ndot_version_0002.52_current,ne_ndot_0002.52,,,"TEMPORARY PAVEMENT MARKING, TYPE RPM",,EACH,,ne_ndot_english_standard_item_list_2010,true
ne_ndot_version_0002.53_current,ne_ndot_0002.53,,,RAISED PAVEMENT MARKER,,EACH,,ne_ndot_english_standard_item_list_2010,true
ne_ndot_version_0002.55_current,ne_ndot_0002.55,,,OVERLAY BROKEN LINES,,STATION,422.00,ne_ndot_english_standard_item_list_2010,true
ne_ndot_version_0002.60_current,ne_ndot_0002.60,,,OVERLAY SOLID LINES,,STATION,422.00,ne_ndot_english_standard_item_list_2010,true
ne_ndot_version_0002.61_current,ne_ndot_0002.61,,,PLOWABLE PAVEMENT MARKER,,EACH,419.00,ne_ndot_english_standard_item_list_2010,true
ne_ndot_version_0002.63_current,ne_ndot_0002.63,,,PLOWABLE PAVEMENT MARKER REFLECTOR,,EACH,419.00,ne_ndot_english_standard_item_list_2010,true
ne_ndot_version_0002.64_current,ne_ndot_0002.64,,,PLOWABLE RAISED PAVEMENT MARKER REFLECTOR,,EACH,,ne_ndot_english_standard_item_list_2010,true
ne_ndot_version_0002.68_historical,ne_ndot_0002.68,,,POTHOLING FOR UTILITIES,,HOUR,,ne_ndot_aup_july_june_2025_2026,false
ne_ndot_version_0002.70_current,ne_ndot_0002.70,,,PERMANENT PAVEMENT MARKING,,STATION,,ne_ndot_english_standard_item_list_2010,true
ne_ndot_version_0002.75_current,ne_ndot_0002.75,,,PERMANENT PAVEMENT MARKING,,LIN FT,,ne_ndot_english_standard_item_list_2010,true
ne_ndot_version_0002.76_current,ne_ndot_0002.76,,,"PERMANENT PAVEMENT MARKING, PAINT",,LIN FT,423.00,ne_ndot_english_standard_item_list_2010,true
ne_ndot_version_0002.77_historical,ne_ndot_0002.77,,,PERMANENT PAVEMENT MARKING,,SF,,ne_ndot_aup_july_june_2025_2026,false
ne_ndot_version_0002.78_current,ne_ndot_0002.78,,,PERMANENT PAVEMENT MARKING SURFACE PREPARATION,,LIN FT,,ne_ndot_english_standard_item_list_2010,true
ne_ndot_version_0002.79_historical,ne_ndot_0002.79,,,"PAVEMENT MARKING, SURFACE PREPARATION",,LF,,ne_ndot_aup_july_june_2019_2020,false
ne_ndot_version_0002.80_current,ne_ndot_0002.80,,,INSTALLING TUBULAR POST,,EACH,,ne_ndot_english_standard_item_list_2010,true
ne_ndot_version_0002.81_historical,ne_ndot_0002.81,,,REMOVE AND SALVAGE TUBULAR POST CURB SYSTEM,,LF,,ne_ndot_aup_calendar_2024,false
ne_ndot_version_0002.83_current,ne_ndot_0002.83,,,RELOCATE TUBULAR POST CURB SYSTEM,,LIN FT,,ne_ndot_english_standard_item_list_2010,true
ne_ndot_version_0002.84_current,ne_ndot_0002.84,,,TUBULAR POST CURB SYSTEM,,LIN FT,,ne_ndot_english_standard_item_list_2010,true
ne_ndot_version_0002.85_current,ne_ndot_0002.85,,,TUBULAR POST,,EACH,422.00,ne_ndot_english_standard_item_list_2010,true
ne_ndot_version_0002.86_current,ne_ndot_0002.86,,,OPPOSING LANE DIVIDER,,EACH,422.00,ne_ndot_english_standard_item_list_2010,true
ne_ndot_version_0002.87_current,ne_ndot_0002.87,,,CHANNELIZING BLOCK,,EACH,,ne_ndot_english_standard_item_list_2010,true
ne_ndot_version_0002.88_current,ne_ndot_0002.88,,,GROUND SLEEVE,,EACH,,ne_ndot_english_standard_item_list_2010,true
ne_ndot_version_0002.90_current,ne_ndot_0002.90,,,FLASHING ARROW PANEL,,EACH,,ne_ndot_english_standard_item_list_2010,true
ne_ndot_version_0002.97_current,ne_ndot_0002.97,,,FLASHING ARROW PANEL,,DAY,422.00,ne_ndot_english_standard_item_list_2010,true
ne_ndot_version_0003.00_current,ne_ndot_0003.00,,,SMARTZONE SYSTEM,,DAY,,ne_ndot_english_standard_item_list_2010,true
ne_ndot_version_0003.01_current,ne_ndot_0003.01,,,PORTABLE SMARTZONE VIDEO CAMERA,,DAY,,ne_ndot_english_standard_item_list_2010,true
ne_ndot_version_0003.02_current,ne_ndot_0003.02,,,SMARTZONE TECHNICIAN,,DAY,,ne_ndot_english_standard_item_list_2010,true
ne_ndot_version_0003.04_historical,ne_ndot_0003.04,,,PORTABLE DYNAMIC MESSAGE BOARDS,,DAY,,ne_ndot_aup_july_june_2025_2026,false
ne_ndot_version_0003.05_current,ne_ndot_0003.05,,,PORTABLE CHANGEABLE MESSAGE SIGN,,EACH,,ne_ndot_english_standard_item_list_2010,true
ne_ndot_version_0003.06_current,ne_ndot_0003.06,,,CHANGEABLE MESSAGE SIGN,,DAY,422.00,ne_ndot_english_standard_item_list_2010,true
ne_ndot_version_0003.10_current,ne_ndot_0003.10,,,FLAGGING,,DAY,422.00,ne_ndot_english_standard_item_list_2010,true
ne_ndot_version_0003.11_historical,ne_ndot_0003.11,,,FLAGGING 24 HOUR,,DAY,,ne_ndot_aup_july_june_2022_2023,false
ne_ndot_version_0003.12_current,ne_ndot_0003.12,,,RAILROAD FLAGGING,,DAY,,ne_ndot_english_standard_item_list_2010,true
ne_ndot_version_0003.13_current,ne_ndot_0003.13,,,RAILROAD FLAGGING,,HOUR,,ne_ndot_english_standard_item_list_2010,true
ne_ndot_version_0003.15_current,ne_ndot_0003.15,,,RAILROAD INSURANCE,,LUMP SUM,,ne_ndot_english_standard_item_list_2010,true
ne_ndot_version_0003.20_current,ne_ndot_0003.20,,,FURNISHING AND OPERATING PILOT VEHICLE,,DAY,422.00,ne_ndot_english_standard_item_list_2010,true
ne_ndot_version_0003.30_current,ne_ndot_0003.30,,,PORTABLE LIGHT PLANT,,EACH,,ne_ndot_english_standard_item_list_2010,true
ne_ndot_version_0003.34_current,ne_ndot_0003.34,,,MODIFIED CONCRETE PROTECTION BARRIERS,,EACH,,ne_ndot_english_standard_item_list_2010,true
ne_ndot_version_0003.35_current,ne_ndot_0003.35,,,MOBILE TRAFFIC CONTROL OPERATION,,DAY,,ne_ndot_english_standard_item_list_2010,true
ne_ndot_version_0003.38_current,ne_ndot_0003.38,,,FURNISHING AND OPERATING TRUCK MOUNTED ATTENUATOR SYSTEM,,DAY,,ne_ndot_english_standard_item_list_2010,true
ne_ndot_version_0003.39_historical,ne_ndot_0003.39,,,FURNISHING AND OPERATING TRUCK MOUNTED ATTENUATOR,,DAY,,ne_ndot_aup_july_june_2025_2026,false
ne_ndot_version_0003.40_current,ne_ndot_0003.40,,,TRUCK MOUNTED ATTENUATOR SYSTEM,,EACH,,ne_ndot_english_standard_item_list_2010,true
ne_ndot_version_0003.42_current,ne_ndot_0003.42,,,OPERATING TRUCK MOUNTED ATTENUATOR,,DAY,,ne_ndot_english_standard_item_list_2010,true
ne_ndot_version_0003.43_current,ne_ndot_0003.43,,,FURNISHING AND OPERATING TRUCK MOUNTED ATTENUATOR SYSTEM,,LUMP SUM,,ne_ndot_english_standard_item_list_2010,true
ne_ndot_version_0003.44_current,ne_ndot_0003.44,,,RESET CONCRETE PROTECTION BARRIER,,LIN FT,,ne_ndot_english_standard_item_list_2010,true
ne_ndot_version_0003.45_current,ne_ndot_0003.45,,,CONCRETE BARRIER TRANSITION,,EACH,,ne_ndot_english_standard_item_list_2010,true
ne_ndot_version_0003.47_current,ne_ndot_0003.47,,,REMOVE CONCRETE PROTECTION BARRIER,,LIN FT,,ne_ndot_english_standard_item_list_2010,true
ne_ndot_version_0003.48_current,ne_ndot_0003.48,,,REPAIR CONCRETE PROTECTION BARRIER,,EACH,,ne_ndot_english_standard_item_list_2010,true
ne_ndot_version_0003.49_current,ne_ndot_0003.49,,,REMOVE CONCRETE PROTECTION BARRIER,,LIN FT,,ne_ndot_english_standard_item_list_2010,true
ne_ndot_version_0003.50_current,ne_ndot_0003.50,,,CONCRETE PROTECTION BARRIER,,LIN FT,422.00,ne_ndot_english_standard_item_list_2010,true
ne_ndot_version_0003.51_current,ne_ndot_0003.51,,,INSTALL CONCRETE PROTECTION BARRIER,,LIN FT,422.00,ne_ndot_english_standard_item_list_2010,true
ne_ndot_version_0003.53_current,ne_ndot_0003.53,,,TEMPORARY GLARE SCREEN,,LIN FT,422.00,ne_ndot_english_standard_item_list_2010,true
ne_ndot_version_0003.54_current,ne_ndot_0003.54,,,INSTALL CONCRETE PROTECTION BARRIER,,LIN FT,422.00,ne_ndot_english_standard_item_list_2010,true
ne_ndot_version_0003.55_current,ne_ndot_0003.55,,,INSTALL GLARE SCREEN,,LIN FT,,ne_ndot_english_standard_item_list_2010,true
ne_ndot_version_0003.56_current,ne_ndot_0003.56,,,RELOCATE CONCRETE PROTECTION BARRIER,,LIN FT,422.00,ne_ndot_english_standard_item_list_2010,true
ne_ndot_version_0003.57_current,ne_ndot_0003.57,,,RELOCATE INERTIAL BARRIER SYSTEM,,EACH,,ne_ndot_english_standard_item_list_2010,true
ne_ndot_version_0003.58_current,ne_ndot_0003.58,,,INERTIAL BARRIER SYSTEM,,EACH,422.00,ne_ndot_english_standard_item_list_2010,true
ne_ndot_version_0003.60_current,ne_ndot_0003.60,,,INSTALL ENERGY ABSORPTION SYSTEM,,EACH,,ne_ndot_english_standard_item_list_2010,true
ne_ndot_version_0003.62_current,ne_ndot_0003.62,,,CONNECTING PINS FOR CONCRETE BARRIER,,EACH,,ne_ndot_english_standard_item_list_2010,true
ne_ndot_version_0003.63_current,ne_ndot_0003.63,,,GLARE SCREEN,,LIN FT,,ne_ndot_english_standard_item_list_2010,true
ne_ndot_version_0003.64_current,ne_ndot_0003.64,,,REPLACEMENT MODULE,,EACH,422.00,ne_ndot_english_standard_item_list_2010,true
ne_ndot_version_0003.65_current,ne_ndot_0003.65,,,ENERGY ABSORPTION SYSTEM,,EACH,,ne_ndot_english_standard_item_list_2010,true
ne_ndot_version_0003.66_current,ne_ndot_0003.66,,,INERTIAL BARRIER SYSTEM,,EACH,422.00,ne_ndot_english_standard_item_list_2010,true
ne_ndot_version_0003.67_historical,ne_ndot_0003.67,,,REPLACEMENT MODULE,,EACH,,ne_ndot_aup_calendar_2019,false
ne_ndot_version_0003.68_historical,ne_ndot_0003.68,,,MOVABLE BARRIER SYSTEM,,LF,,ne_ndot_aup_july_june_2025_2026,false
ne_ndot_version_0003.70_current,ne_ndot_0003.70,,,TEMPORARY RUMBLE STRIP,,EACH,422.00,ne_ndot_english_standard_item_list_2010,true
ne_ndot_version_0003.72_historical,ne_ndot_0003.72,,,SHORT TERM TEMPORARY TRAFFIC SIGNAL,,DAY,,ne_ndot_aup_july_june_2025_2026,false
ne_ndot_version_0003.73_historical,ne_ndot_0003.73,,,TEMPORARY TRAFFIC SIGNAL WITH WAIT TIME DISPLAY,,EACH,,ne_ndot_aup_july_june_2025_2026,false
ne_ndot_version_0003.74_current,ne_ndot_0003.74,,,TEMPORARY TRAFFIC SIGNAL,,EACH,422.00,ne_ndot_english_standard_item_list_2010,true
ne_ndot_version_0003.75_current,ne_ndot_0003.75,,,TEMPORARY TRAFFIC SIGNAL,,EACH,422.00,ne_ndot_english_standard_item_list_2010,true
ne_ndot_version_0003.76_current,ne_ndot_0003.76,,,TEMPORARY TRAFFIC SIGNAL,,EACH,422.00,ne_ndot_english_standard_item_list_2010,true
ne_ndot_version_0003.77_current,ne_ndot_0003.77,,,TEMPORARY TRAFFIC SIGNAL,,EACH,422.00,ne_ndot_english_standard_item_list_2010,true
ne_ndot_version_0003.78_current,ne_ndot_0003.78,,,TEMPORARY TRAFFIC SIGNAL,,EACH,422.00,ne_ndot_english_standard_item_list_2010,true
ne_ndot_version_0003.79_current,ne_ndot_0003.79,,,TEMPORARY TRAFFIC SIGNAL,,EACH,422.00,ne_ndot_english_standard_item_list_2010,true
ne_ndot_version_0003.81_current,ne_ndot_0003.81,,,RELOCATE TEMPORARY TRAFFIC SIGNAL,,EACH,,ne_ndot_english_standard_item_list_2010,true
ne_ndot_version_0003.82_historical,ne_ndot_0003.82,,,REMOVE TEMPORARY TRAFFIC SIGNAL,,LS,,ne_ndot_aup_july_june_2023_2024,false
ne_ndot_version_0003.83_historical,ne_ndot_0003.83,,,REMOVE TEMPORARY TRAFFIC SIGNAL,,LS,,ne_ndot_aup_july_june_2018_2019,false
ne_ndot_version_0003.84_historical,ne_ndot_0003.84,,,REMOVE TEMPORARY TRAFFIC SIGNAL,,LS,,ne_ndot_aup_july_june_2018_2019,false
ne_ndot_version_0003.85_historical,ne_ndot_0003.85,,,TEMPORARY RADAR VEHICLE-DETECTION SYSTEM AT,,LS,,ne_ndot_aup_july_june_2020_2021,false
ne_ndot_version_0003.86_historical,ne_ndot_0003.86,,,TEMPORARY RADAR VEHICLE-DETECTION SYSTEM AT,,LS,,ne_ndot_aup_calendar_2018,false
ne_ndot_version_0003.87_historical,ne_ndot_0003.87,,,TEMPORARY RADAR VEHICLE DETECTION SYSTEM AT,,LS,,ne_ndot_aup_calendar_2018,false
ne_ndot_version_0003.88_historical,ne_ndot_0003.88,,,TEMPORARY,,LS,,ne_ndot_aup_july_june_2022_2023,false
ne_ndot_version_0003.95_current,ne_ndot_0003.95,,,TOWING,,HOUR,,ne_ndot_english_standard_item_list_2010,true
ne_ndot_version_0003.99_historical,ne_ndot_0003.99,,,PEDESTRIAN SHUTTLE SERVICE,,DAY,,ne_ndot_aup_calendar_2025,false
ne_ndot_version_0005.00_current,ne_ndot_0005.00,,,TRAFFIC CONTROL,,EACH,,ne_ndot_english_standard_item_list_2010,true
ne_ndot_version_0005.01_historical,ne_ndot_0005.01,,,TRAFFIC CONTROL,,LS,,ne_ndot_aup_july_june_2025_2026,false
ne_ndot_version_0005.02_current,ne_ndot_0005.02,,,TRAFFIC CONTROL,,DAY,,ne_ndot_english_standard_item_list_2010,true
ne_ndot_version_0005.10_current,ne_ndot_0005.10,,,TRAFFIC CONTROL MANAGEMENT,,DAY,,ne_ndot_english_standard_item_list_2010,true
ne_ndot_version_0005.11_historical,ne_ndot_0005.11,,,TRAFFIC CONTROL MANAGEMENT DEFICIENCY,,DAY,,ne_ndot_aup_july_june_2025_2026,false
ne_ndot_version_0005.12_historical,ne_ndot_0005.12,,,SURVEILLANCE OF TEMPORARY TRAFFIC CONTROL DEVICES DEFICIENCY,,DAY,,ne_ndot_aup_july_june_2025_2026,false
ne_ndot_version_0005.50_current,ne_ndot_0005.50,,,TRAFFIC CONTROL MANAGEMENT ASSESSMENT,,EACH,,ne_ndot_english_standard_item_list_2010,true
ne_ndot_version_0005.90_current,ne_ndot_0005.90,,,SANDBLASTING,,LIN FT,,ne_ndot_english_standard_item_list_2010,true
ne_ndot_version_0005.91_historical,ne_ndot_0005.91,,,SANDBLASTING,,SF,,ne_ndot_aup_july_june_2023_2024,false
ne_ndot_version_0006.00_current,ne_ndot_0006.00,,,INCENTIVE - HEAD-TO-HEAD DAY,,DAY,,ne_ndot_english_standard_item_list_2010,true
ne_ndot_version_0006.01_historical,ne_ndot_0006.01,,,LANE RENTAL INCENTIVE,,EACH,,ne_ndot_aup_july_june_2020_2021,false
ne_ndot_version_0006.02_current,ne_ndot_0006.02,,,DISINCENTIVE - HEAD-TO-HEAD DAY,,DAY,,ne_ndot_english_standard_item_list_2010,true
ne_ndot_version_0006.03_historical,ne_ndot_0006.03,,,LANE RENTAL DISINCENTIVE,,EACH,,ne_ndot_aup_july_june_2020_2021,false
ne_ndot_version_0006.04_current,ne_ndot_0006.04,,,LANE CLOSURE,,EACH,,ne_ndot_english_standard_item_list_2010,true
ne_ndot_version_0006.06_current,ne_ndot_0006.06,,,INSTALL LANE CLOSURE,,EACH,,ne_ndot_english_standard_item_list_2010,true
ne_ndot_version_0006.07_historical,ne_ndot_0006.07,,,LANE RENTAL ASSESSMENT,,LMD,,ne_ndot_aup_july_june_2020_2021,false
ne_ndot_version_0006.08_current,ne_ndot_0006.08,,,REMOVE LANE CLOSURE,,EACH,,ne_ndot_english_standard_item_list_2010,true
ne_ndot_version_0006.09_current,ne_ndot_0006.09,,,INSTALLATION OF LANE CLOSURE,,EACH,,ne_ndot_english_standard_item_list_2010,true
ne_ndot_version_0006.10_current,ne_ndot_0006.10,,,LANE CLOSURE,,DAY,,ne_ndot_english_standard_item_list_2010,true
ne_ndot_version_0006.11_current,ne_ndot_0006.11,,,LANE CLOSURE SHIFT,,EACH,,ne_ndot_english_standard_item_list_2010,true
ne_ndot_version_0006.12_current,ne_ndot_0006.12,,,TEMPORARY CLOSURE,,DAY,,ne_ndot_english_standard_item_list_2010,true
ne_ndot_version_0006.15_current,ne_ndot_0006.15,,,HAUL,,LIN FT,,ne_ndot_english_standard_item_list_2010,true
ne_ndot_version_0006.25_current,ne_ndot_0006.25,,,STEEL COST ADJUSTMENT,,LUMP SUM,,ne_ndot_english_standard_item_list_2010,true
ne_ndot_version_0006.30_historical,ne_ndot_0006.30,,,ROAD CLOSURE INCENTIVE,,EACH,,ne_ndot_aup_july_june_2019_2020,false
ne_ndot_version_0006.31_historical,ne_ndot_0006.31,,,ROAD CLOSURE DISINCENTIVE,,EACH,,ne_ndot_aup_july_june_2019_2020,false
ne_ndot_version_0006.32_historical,ne_ndot_0006.32,,,ROAD CLOSURE ASSESSMENT,,DAY,,ne_ndot_aup_july_june_2019_2020,false
ne_ndot_version_0007.00_current,ne_ndot_0007.00,,,BONUS,,LUMP SUM,,ne_ndot_english_standard_item_list_2010,true
ne_ndot_version_0007.10_current,ne_ndot_0007.10,,,24 HOUR EMERGENCY MANAGEMENT,,DAY,,ne_ndot_english_standard_item_list_2010,true
ne_ndot_version_0009.00_current,ne_ndot_0009.00,,,PERMANENT BARRICADE,,EACH,,ne_ndot_english_standard_item_list_2010,true
ne_ndot_version_0010.04_current,ne_ndot_0010.04,,,FIELD OFFICE,,EACH,901.00,ne_ndot_english_standard_item_list_2010,true
ne_ndot_version_0020.00_current,ne_ndot_0020.00,,,TRAINING,,HOUR,,ne_ndot_english_standard_item_list_2010,true
ne_ndot_version_0024.00_current,ne_ndot_0024.00,,,TRIBAL EMPLOYMENT RIGHTS OFFICE (TERO) TAX,,LUMP SUM,,ne_ndot_english_standard_item_list_2010,true
ne_ndot_version_0024.02_current,ne_ndot_0024.02,,,TAX,,LUMP SUM,,ne_ndot_english_standard_item_list_2010,true
ne_ndot_version_0024.05_current,ne_ndot_0024.05,,,CONSTRUCTION TAX,,LUMP SUM,,ne_ndot_english_standard_item_list_2010,true
ne_ndot_version_0025.00_current,ne_ndot_0025.00,,,PARTNERING WORKSHOP,,EACH,,ne_ndot_english_standard_item_list_2010,true
ne_ndot_version_0025.01_current,ne_ndot_0025.01,,,PARTNERING WORKSHOP,,LUMP SUM,,ne_ndot_english_standard_item_list_2010,true
ne_ndot_version_0025.05_current,ne_ndot_0025.05,,,EEO/AA REPORTING,,LUMP SUM,,ne_ndot_english_standard_item_list_2010,true
ne_ndot_version_0025.10_current,ne_ndot_0025.10,,,VALUE ENGINEERING ADJUSTMENT,,LUMP SUM,,ne_ndot_english_standard_item_list_2010,true
ne_ndot_version_0025.11_current,ne_ndot_0025.11,,,VALUE ENGINEERING ADJUSTMENT,,SQ YD,,ne_ndot_english_standard_item_list_2010,true
ne_ndot_version_0025.12_current,ne_ndot_0025.12,,,VALUE ENGINEERING ADJUSTMENT,,ACRE,,ne_ndot_english_standard_item_list_2010,true
ne_ndot_version_0025.25_current,ne_ndot_0025.25,,,ENGINEERING COSTS,,LUMP SUM,,ne_ndot_english_standard_item_list_2010,true
ne_ndot_version_0030.00_current,ne_ndot_0030.00,,,MOBILIZATION,,LUMP SUM,112.00,ne_ndot_english_standard_item_list_2010,true
ne_ndot_version_0030.01_current,ne_ndot_0030.01,,,ADDITIONAL MOBILIZATION,,LUMP SUM,,ne_ndot_english_standard_item_list_2010,true
ne_ndot_version_0030.02_current,ne_ndot_0030.02,,,REMOBILIZATION,,LUMP SUM,,ne_ndot_english_standard_item_list_2010,true
ne_ndot_version_0030.10_current,ne_ndot_0030.10,,,MOBILIZATION,,LUMP SUM,112.00,ne_ndot_english_standard_item_list_2010,true
ne_ndot_version_0030.11_historical,ne_ndot_0030.11,,,MOBILIZATION,,LS,,ne_ndot_aup_july_june_2025_2026,false
ne_ndot_version_0030.20_current,ne_ndot_0030.20,,,MOBILIZATION,,LUMP SUM,112.00,ne_ndot_english_standard_item_list_2010,true
ne_ndot_version_0030.30_current,ne_ndot_0030.30,,,MOBILIZATION,,LUMP SUM,112.00,ne_ndot_english_standard_item_list_2010,true
ne_ndot_version_0030.40_current,ne_ndot_0030.40,,,MOBILIZATION,,LUMP SUM,112.00,ne_ndot_english_standard_item_list_2010,true
ne_ndot_version_0030.50_current,ne_ndot_0030.50,,,MOBILIZATION,,LUMP SUM,112.00,ne_ndot_english_standard_item_list_2010,true
ne_ndot_version_0030.51_current,ne_ndot_0030.51,,,MOBILIZATION,,LUMP SUM,112.00,ne_ndot_english_standard_item_list_2010,true
ne_ndot_version_0030.60_current,ne_ndot_0030.60,,,MOBILIZATION,,LUMP SUM,112.00,ne_ndot_english_standard_item_list_2010,true
ne_ndot_version_0030.70_current,ne_ndot_0030.70,,,MOBILIZATION,,LUMP SUM,112.00,ne_ndot_english_standard_item_list_2010,true
ne_ndot_version_0030.71_current,ne_ndot_0030.71,,,MOBILIZATION,,LUMP SUM,112.00,ne_ndot_english_standard_item_list_2010,true
ne_ndot_version_0030.80_current,ne_ndot_0030.80,,,MOBILIZATION,,LUMP SUM,112.00,ne_ndot_english_standard_item_list_2010,true
ne_ndot_version_0030.81_current,ne_ndot_0030.81,,,MOBILIZATION,,LUMP SUM,112.00,ne_ndot_english_standard_item_list_2010,true
ne_ndot_version_0030.82_current,ne_ndot_0030.82,,,MOBILIZATION,,LUMP SUM,112.00,ne_ndot_english_standard_item_list_2010,true
ne_ndot_version_0030.83_current,ne_ndot_0030.83,,,MOBILIZATION,,LUMP SUM,112.00,ne_ndot_english_standard_item_list_2010,true
ne_ndot_version_0030.84_current,ne_ndot_0030.84,,,MOBILIZATION,,LUMP SUM,112.00,ne_ndot_english_standard_item_list_2010,true
ne_ndot_version_0030.90_current,ne_ndot_0030.90,,,MOBILIZATION,,LUMP SUM,112.00,ne_ndot_english_standard_item_list_2010,true
ne_ndot_version_0030.99_historical,ne_ndot_0030.99,,,MOBILIZATION,,EACH,,ne_ndot_aup_calendar_2023,false
ne_ndot_version_0031.01_historical,ne_ndot_0031.01,,,MILEAGE FOR MOBILIZATION,,MILE,,ne_ndot_aup_calendar_2023,false
ne_ndot_version_0031.10_current,ne_ndot_0031.10,,,FORCE ACCOUNT - EQUIPMENT,,EACH,,ne_ndot_english_standard_item_list_2010,true
ne_ndot_version_0031.11_current,ne_ndot_0031.11,,,FORCE ACCOUNT - LABOR,,EACH,,ne_ndot_english_standard_item_list_2010,true
ne_ndot_version_0031.12_current,ne_ndot_0031.12,,,FORCE ACCOUNT - MATERIALS,,EACH,,ne_ndot_english_standard_item_list_2010,true
ne_ndot_version_0031.13_current,ne_ndot_0031.13,,,FORCE ACCOUNT - OTHER ADJUSTMENT,,EACH,,ne_ndot_english_standard_item_list_2010,true
ne_ndot_version_0090.00_current,ne_ndot_0090.00,,,COOPERATION IN RESEARCH WORK,,LUMP SUM,,ne_ndot_english_standard_item_list_2010,true
ne_ndot_version_0095.00_current,ne_ndot_0095.00,,,ADDITIONAL FREIGHT,,LUMP SUM,,ne_ndot_english_standard_item_list_2010,true
ne_ndot_version_0095.05_current,ne_ndot_0095.05,,,ADDITIONAL FREIGHT,,TON,,ne_ndot_english_standard_item_list_2010,true
ne_ndot_version_0095.10_current,ne_ndot_0095.10,,,TROUBLESHOOTING,,HOUR,,ne_ndot_english_standard_item_list_2010,true
ne_ndot_version_0096.00_current,ne_ndot_0096.00,,,DEDUCTION,,LUMP SUM,,ne_ndot_english_standard_item_list_2010,true
ne_ndot_version_0096.05_current,ne_ndot_0096.05,,,DEDUCTION,,HOUR,,ne_ndot_english_standard_item_list_2010,true
ne_ndot_version_0096.06_current,ne_ndot_0096.06,,,DEDUCTION,,DAY,,ne_ndot_english_standard_item_list_2010,true
ne_ndot_version_0096.07_current,ne_ndot_0096.07,,,DEDUCTION,,EACH,,ne_ndot_english_standard_item_list_2010,true
ne_ndot_version_0096.10_current,ne_ndot_0096.10,,,DEDUCTION,,TON,,ne_ndot_english_standard_item_list_2010,true
ne_ndot_version_0096.11_current,ne_ndot_0096.11,,,DEDUCTION FOR STATE FURNISHED BORROW,,CU YD,,ne_ndot_english_standard_item_list_2010,true
ne_ndot_version_0096.15_current,ne_ndot_0096.15,,,DELAY,,LUMP SUM,,ne_ndot_english_standard_item_list_2010,true
ne_ndot_version_0096.20_current,ne_ndot_0096.20,,,MOBILIZATION,,HOUR,,ne_ndot_english_standard_item_list_2010,true
ne_ndot_version_0096.21_current,ne_ndot_0096.21,,,MOBILIZATION,,EACH,,ne_ndot_english_standard_item_list_2010,true
ne_ndot_version_0097.00_current,ne_ndot_0097.00,,,GENERAL AND ADMINISTRATIVE EXPENSES,,LUMP SUM,,ne_ndot_english_standard_item_list_2010,true
ne_ndot_version_0097.10_current,ne_ndot_0097.10,,,RAILROAD PROTECTIVE POLICY,,LUMP SUM,,ne_ndot_english_standard_item_list_2010,true
ne_ndot_version_0099.00_current,ne_ndot_0099.00,,,GENERIC ITEM,,EACH,,ne_ndot_english_standard_item_list_2010,true
ne_ndot_version_0099.09_current,ne_ndot_0099.09,,,MATERIALS DIVISION USE ONLY,,EACH,,ne_ndot_english_standard_item_list_2010,true
ne_ndot_version_0810.01_historical,ne_ndot_0810.01,,,REST AREA,,LS,,ne_ndot_aup_calendar_2024,false
ne_ndot_version_1000.00_current,ne_ndot_1000.00,,,LARGE TREE REMOVAL,,EACH,202.00,ne_ndot_english_standard_item_list_2010,true
ne_ndot_version_1000.01_historical,ne_ndot_1000.01,,,"REMOVE TREE, 9""-18"" DIAMETER",,EACH,,ne_ndot_aup_july_june_2022_2023,false
ne_ndot_version_1000.02_historical,ne_ndot_1000.02,,,MEDIUM TREE REMOVAL,,EACH,,ne_ndot_aup_calendar_2018,false
ne_ndot_version_1000.03_historical,ne_ndot_1000.03,,,"REMOVE TREE, 18""-27"" DIAMETER",,EACH,,ne_ndot_aup_july_june_2022_2023,false
ne_ndot_version_1000.04_historical,ne_ndot_1000.04,,,"REMOVE TREE, 27""-36"" DIAMETER",,EACH,,ne_ndot_aup_july_june_2022_2023,false
ne_ndot_version_1000.05_historical,ne_ndot_1000.05,,,"REMOVE TREE, 36""-48"" DIAMETER",,EACH,,ne_ndot_aup_july_june_2022_2023,false
ne_ndot_version_1000.06_historical,ne_ndot_1000.06,,,"REMOVE TREE, OVER 48"" DIAMETER",,EACH,,ne_ndot_aup_july_june_2022_2023,false
ne_ndot_version_1000.07_historical,ne_ndot_1000.07,,,MEDIUM TREE TOPPING,,EACH,,ne_ndot_aup_calendar_2023,false
ne_ndot_version_1000.08_historical,ne_ndot_1000.08,,,LARGE TREE TOPPING,,EACH,,ne_ndot_aup_calendar_2023,false
ne_ndot_version_1008.01_historical,ne_ndot_1008.01,,,GRUBBING STUMPS,,EACH,,ne_ndot_aup_calendar_2023,false
ne_ndot_version_1009.00_current,ne_ndot_1009.00,,,GENERAL CLEARING AND GRUBBING,,LUMP SUM,202.00,ne_ndot_english_standard_item_list_2010,true
ne_ndot_version_1009.01_current,ne_ndot_1009.01,,,GENERAL CLEARING AND GRUBBING,,LUMP SUM,202.00,ne_ndot_english_standard_item_list_2010,true
ne_ndot_version_1009.04_historical,ne_ndot_1009.04,,,REMOVE SMALL TREES AND BRUSH,,ACRE,,ne_ndot_aup_calendar_2023,false
ne_ndot_version_1009.98_current,ne_ndot_1009.98,,,EXCAVATION (ESTABLISHED QUANTITY),,LUMP SUM,,ne_ndot_english_standard_item_list_2010,true
ne_ndot_version_1009.99_current,ne_ndot_1009.99,,,EXCAVATION,,LUMP SUM,,ne_ndot_english_standard_item_list_2010,true
ne_ndot_version_1010.00_current,ne_ndot_1010.00,,,EXCAVATION,,CU YD,205.00,ne_ndot_english_standard_item_list_2010,true
ne_ndot_version_1010.01_current,ne_ndot_1010.01,,,EXCAVATION (ESTABLISHED QUANTITY),,CU YD,205.00,ne_ndot_english_standard_item_list_2010,true
ne_ndot_version_1010.02_current,ne_ndot_1010.02,,,MUCK EXCAVATION,,CU YD,,ne_ndot_english_standard_item_list_2010,true
ne_ndot_version_1010.04_current,ne_ndot_1010.04,,,CHANNEL EXCAVATION,,CU YD,,ne_ndot_english_standard_item_list_2010,true
ne_ndot_version_1010.05_current,ne_ndot_1010.05,,,SPECIAL EXCAVATION,,CU YD,,ne_ndot_english_standard_item_list_2010,true
ne_ndot_version_1010.06_current,ne_ndot_1010.06,,,SPECIAL EXCAVATION,,LUMP SUM,,ne_ndot_english_standard_item_list_2010,true
ne_ndot_version_1010.09_current,ne_ndot_1010.09,,,SPECIAL EXCAVATION,,LUMP SUM,,ne_ndot_english_standard_item_list_2010,true
ne_ndot_version_1010.10_current,ne_ndot_1010.10,,,"EXCAVATION, BORROW",,CU YD,205.00,ne_ndot_english_standard_item_list_2010,true
ne_ndot_version_1010.12_current,ne_ndot_1010.12,,,"EXCAVATION, BORROW (EQ)",,CU YD,205.00,ne_ndot_english_standard_item_list_2010,true
ne_ndot_version_1010.14_current,ne_ndot_1010.14,,,ADDITIONAL COST,,CU YD,,ne_ndot_english_standard_item_list_2010,true
ne_ndot_version_1010.16_current,ne_ndot_1010.16,,,ADDITIONAL EXCAVATION,,CU YD,,ne_ndot_english_standard_item_list_2010,true
ne_ndot_version_1010.24_historical,ne_ndot_1010.24,,,CONSTRUCT TRENCH EXCAVATION,,CY,,ne_ndot_aup_calendar_2020,false
ne_ndot_version_1010.25_current,ne_ndot_1010.25,,,TRENCH EXCAVATION (E.Q.),,CU YD,,ne_ndot_english_standard_item_list_2010,true
ne_ndot_version_1010.26_current,ne_ndot_1010.26,,,EXCAVATION FOR MSE WALL,,CU YD,,ne_ndot_english_standard_item_list_2010,true
ne_ndot_version_1010.27_current,ne_ndot_1010.27,,,EXCAVATION FOR RETAINING WALL,,CU YD,,ne_ndot_english_standard_item_list_2010,true
ne_ndot_version_1010.28_historical,ne_ndot_1010.28,,,EXCAVATION FOR SOIL REINFORCEMENT,,CY,,ne_ndot_aup_july_june_2023_2024,false
ne_ndot_version_1010.29_historical,ne_ndot_1010.29,,,EXCAVATION FOR SOIL NAIL WALL,,CY,,ne_ndot_aup_july_june_2019_2020,false
ne_ndot_version_1010.30_current,ne_ndot_1010.30,,,REMOVAL,,CU YD,,ne_ndot_english_standard_item_list_2010,true
ne_ndot_version_1010.35_current,ne_ndot_1010.35,,,RUBBLE EXCAVATION,,CU YD,,ne_ndot_english_standard_item_list_2010,true
ne_ndot_version_1010.40_current,ne_ndot_1010.40,,,REMOVAL AND REPLACEMENT OF UNSUITABLE MATERIAL,,CU YD,,ne_ndot_english_standard_item_list_2010,true
ne_ndot_version_1010.42_current,ne_ndot_1010.42,,,REPLACEMENT OF UNSUITABLE MATERIAL,,CU YD,,ne_ndot_english_standard_item_list_2010,true
ne_ndot_version_1010.45_current,ne_ndot_1010.45,,,REMOVAL OF LIVESTOCK WASTE,,M GAL,,ne_ndot_english_standard_item_list_2010,true
ne_ndot_version_1010.46_current,ne_ndot_1010.46,,,REMOVAL OF UNSUITABLY WET SOIL,,CU YD,205.00,ne_ndot_english_standard_item_list_2010,true
ne_ndot_version_1010.47_current,ne_ndot_1010.47,,,CONTAINERIZED MATERIAL DISPOSAL,,CU YD,,ne_ndot_english_standard_item_list_2010,true
ne_ndot_version_1010.50_current,ne_ndot_1010.50,,,REMOVAL OF UNSUITABLE MATERIAL,,CU YD,,ne_ndot_english_standard_item_list_2010,true
ne_ndot_version_1010.53_current,ne_ndot_1010.53,,,REMOVAL OF UNSIUTABLE MATERIAL,,TON,,ne_ndot_english_standard_item_list_2010,true
ne_ndot_version_1010.62_current,ne_ndot_1010.62,,,BACKFILL MATERIAL,,CU YD,,ne_ndot_english_standard_item_list_2010,true
ne_ndot_version_1010.66_current,ne_ndot_1010.66,,,PERMEABLE SOIL,,CU YD,,ne_ndot_english_standard_item_list_2010,true
ne_ndot_version_1010.70_current,ne_ndot_1010.70,,,NON-ENGINEERED FILL REMOVAL,,CU YD,,ne_ndot_english_standard_item_list_2010,true
ne_ndot_version_1010.80_historical,ne_ndot_1010.80,,,FOUNDATION IMPROVEMENT AT STATION,,LF,,ne_ndot_aup_july_june_2019_2020,false
ne_ndot_version_1010.81_historical,ne_ndot_1010.81,,,FOUNDATION IMPROVEMENT AT STATION,,LF,,ne_ndot_aup_july_june_2019_2020,false
ne_ndot_version_1010.82_historical,ne_ndot_1010.82,,,FOUNDATION IMPROVEMENT AT STATION,,LF,,ne_ndot_aup_july_june_2019_2020,false
ne_ndot_version_1010.83_historical,ne_ndot_1010.83,,,FOUNDATION IMPROVEMENT AT STATION,,LF,,ne_ndot_aup_july_june_2019_2020,false
ne_ndot_version_1010.90_current,ne_ndot_1010.90,,,HAULING DIRT,,CU YD,,ne_ndot_english_standard_item_list_2010,true
ne_ndot_version_1010.97_current,ne_ndot_1010.97,,,REGRADE,,EACH,,ne_ndot_english_standard_item_list_2010,true
ne_ndot_version_1011.00_current,ne_ndot_1011.00,,,WATER,,M GAL,205.00,ne_ndot_english_standard_item_list_2010,true
ne_ndot_version_1011.02_current,ne_ndot_1011.02,,,WATER FOR DUST CONTROL,,M GAL,,ne_ndot_english_standard_item_list_2010,true
ne_ndot_version_1011.20_historical,ne_ndot_1011.20,,,FOUNDATION IMPROVEMENT VERIFICATION TESTING AT STATION,,LS,,ne_ndot_aup_july_june_2025_2026,false
ne_ndot_version_1011.21_historical,ne_ndot_1011.21,,,FOUNDATION IMPROVEMENT VERIFICATION TESTING AT STATION,,LS,,ne_ndot_aup_july_june_2019_2020,false
ne_ndot_version_1011.22_historical,ne_ndot_1011.22,,,FOUNDATION IMPROVEMENT VERIFICATION TESTING AT STATION,,LS,,ne_ndot_aup_july_june_2019_2020,false
ne_ndot_version_1011.23_historical,ne_ndot_1011.23,,,FOUNDATION IMPROVEMENT VERIFICATION TESTING AT STATION,,LS,,ne_ndot_aup_july_june_2019_2020,false
ne_ndot_version_1011.50_current,ne_ndot_1011.50,,,DISCING,,HOUR,205.00,ne_ndot_english_standard_item_list_2010,true
ne_ndot_version_1012.00_current,ne_ndot_1012.00,,,RIGHT-OF-WAY MARKERS,,EACH,913.00,ne_ndot_english_standard_item_list_2010,true
ne_ndot_version_1012.01_historical,ne_ndot_1012.01,,,RIGHT-OF-WAY POST,,EACH,,ne_ndot_aup_july_june_2025_2026,false
ne_ndot_version_1012.03_historical,ne_ndot_1012.03,,,FIBER MARKER,,EACH,,ne_ndot_aup_july_june_2025_2026,false
ne_ndot_version_1012.07_historical,ne_ndot_1012.07,,,TUBULAR MARKER,,EACH,,ne_ndot_aup_july_june_2025_2026,false
ne_ndot_version_1013.00_current,ne_ndot_1013.00,,,RESET RIGHT-OF-WAY MARKERS,,EACH,913.00,ne_ndot_english_standard_item_list_2010,true
ne_ndot_version_1014.00_current,ne_ndot_1014.00,,,INSTALL RIGHT-OF-WAY MARKERS,,EACH,,ne_ndot_english_standard_item_list_2010,true
ne_ndot_version_1015.00_current,ne_ndot_1015.00,,,REMOVE RIGHT-OF-WAY MARKERS,,EACH,203.00,ne_ndot_english_standard_item_list_2010,true
ne_ndot_version_1016.00_current,ne_ndot_1016.00,,,RE-ESTABLISH PROPERTY CORNER,,EACH,,ne_ndot_english_standard_item_list_2010,true
ne_ndot_version_1016.01_current,ne_ndot_1016.01,,,ESTABLISH PROPERTY CORNER,,EACH,,ne_ndot_english_standard_item_list_2010,true
ne_ndot_version_1017.00_current,ne_ndot_1017.00,,,CONSTRUCTION STAKING AND SURVEYING,,LUMP SUM,114.00,ne_ndot_english_standard_item_list_2010,true
ne_ndot_version_1017.05_historical,ne_ndot_1017.05,,,CONTRACTOR PROVIDED WIRELESS CONNECTIVITY,,EACH,,ne_ndot_aup_july_june_2025_2026,false
ne_ndot_version_1017.06_historical,ne_ndot_1017.06,,,INTELLIGENT COMPACTION,,LS,,ne_ndot_aup_july_june_2025_2026,false
ne_ndot_version_1017.10_current,ne_ndot_1017.10,,,ADDITIONAL SURVEYING,,HOUR,114.00,ne_ndot_english_standard_item_list_2010,true
ne_ndot_version_1017.12_current,ne_ndot_1017.12,,,CONSTRUCTION STAKING AND SURVEYING,,HOUR,,ne_ndot_english_standard_item_list_2010,true
ne_ndot_version_1017.15_historical,ne_ndot_1017.15,,,SURVEY MONUMENT AND BOX,,EACH,,ne_ndot_aup_calendar_2020,false
ne_ndot_version_1017.50_current,ne_ndot_1017.50,,,CONSTRUCTION STAKING AND SURVEYING,,LUMP SUM,114.00,ne_ndot_english_standard_item_list_2010,true
ne_ndot_version_1017.51_historical,ne_ndot_1017.51,,,CONSTRUCTION STAKING,,LS,,ne_ndot_aup_july_june_2025_2026,false
ne_ndot_version_1017.70_historical,ne_ndot_1017.70,,,CONSTRUCTION STAKING,,MILE,,ne_ndot_aup_july_june_2025_2026,false
ne_ndot_version_1018.00_current,ne_ndot_1018.00,,,PRECONSTRUCTION SURVEY,,LUMP SUM,,ne_ndot_english_standard_item_list_2010,true
ne_ndot_version_1020.01_current,ne_ndot_1020.01,,,"DELINEATOR, TYPE I",,EACH,420.00,ne_ndot_english_standard_item_list_2010,true
ne_ndot_version_1020.02_current,ne_ndot_1020.02,,,"DELINEATOR, TYPE II",,EACH,420.00,ne_ndot_english_standard_item_list_2010,true
ne_ndot_version_1020.03_current,ne_ndot_1020.03,,,"DELINEATOR, TYPE III",,EACH,420.00,ne_ndot_english_standard_item_list_2010,true
ne_ndot_version_1020.04_historical,ne_ndot_1020.04,,,"FLEXIBLE POST DELINEATOR, TYPE I/II",,EACH,,ne_ndot_aup_july_june_2025_2026,false
ne_ndot_version_1020.06_current,ne_ndot_1020.06,,,FLEXIBLE POST DELINEATOR,,EACH,420.00,ne_ndot_english_standard_item_list_2010,true
ne_ndot_version_1020.07_historical,ne_ndot_1020.07,,,"FLEXIBLE POST DELINEATOR, SURFACE MOUNT",,EACH,,ne_ndot_aup_july_june_2025_2026,false
ne_ndot_version_1020.08_historical,ne_ndot_1020.08,,,"FLEXIBLE POST DELINEATOR, TYPE III",,EACH,,ne_ndot_aup_july_june_2025_2026,false
ne_ndot_version_1020.09_historical,ne_ndot_1020.09,,,"FLEXIBLE POST DELINEATOR, TYPE I",,EACH,,ne_ndot_aup_july_june_2025_2026,false
ne_ndot_version_1020.10_historical,ne_ndot_1020.10,,,"FLEXIBLE POST DELINEATOR, TYPE II",,EACH,,ne_ndot_aup_calendar_2025,false
ne_ndot_version_1020.15_current,ne_ndot_1020.15,,,MEDIAN CHAIN DELINEATOR,,LIN FT,,ne_ndot_english_standard_item_list_2010,true
ne_ndot_version_1020.20_current,ne_ndot_1020.20,,,INSTALL CHEVRONS,,EACH,420.02,ne_ndot_english_standard_item_list_2010,true
ne_ndot_version_1020.21_current,ne_ndot_1020.21,,,REMOVE & RESET CHEVRONS,,EACH,,ne_ndot_english_standard_item_list_2010,true
ne_ndot_version_1020.90_current,ne_ndot_1020.90,,,REMOVE AND RESET FLAGPOLE,,EACH,,ne_ndot_english_standard_item_list_2010,true
ne_ndot_version_1021.00_current,ne_ndot_1021.00,,,REMOVE AND RESET DELINEATORS,,EACH,421.00,ne_ndot_english_standard_item_list_2010,true
ne_ndot_version_1021.10_current,ne_ndot_1021.10,,,REMOVE DELINEATOR UNITS,,EACH,203.00,ne_ndot_english_standard_item_list_2010,true
ne_ndot_version_1021.20_current,ne_ndot_1021.20,,,REMOVE AND RESET MILEAGE POST,,EACH,,ne_ndot_english_standard_item_list_2010,true
ne_ndot_version_1021.25_current,ne_ndot_1021.25,,,REMOVE AND RESET POST,,EACH,,ne_ndot_english_standard_item_list_2010,true
ne_ndot_version_1021.50_current,ne_ndot_1021.50,,,INSTALL CULVERT DELINEATOR,,EACH,,ne_ndot_english_standard_item_list_2010,true
ne_ndot_version_1021.60_current,ne_ndot_1021.60,,,"INSTALL DELINEATOR, TYPE 1",,EACH,,ne_ndot_english_standard_item_list_2010,true
ne_ndot_version_1030.00_current,ne_ndot_1030.00,,,EARTHWORK MEASURED IN EMBANKMENT,,CU YD,205.00,ne_ndot_english_standard_item_list_2010,true
ne_ndot_version_1030.02_current,ne_ndot_1030.02,,,EMBANKMENT FOR SURCHARGE (ESTABLISHED QUANTITY),,CU YD,,ne_ndot_english_standard_item_list_2010,true
ne_ndot_version_1030.03_historical,ne_ndot_1030.03,,,STRUCTURAL FILL,,CY,,ne_ndot_aup_calendar_2019,false
ne_ndot_version_1030.04_current,ne_ndot_1030.04,,,EMBANKMENT,,LUMP SUM,,ne_ndot_english_standard_item_list_2010,true
ne_ndot_version_1030.05_historical,ne_ndot_1030.05,,,FILL BASEMENT WALL OPENING,,EACH,,ne_ndot_aup_july_june_2025_2026,false
ne_ndot_version_1030.06_historical,ne_ndot_1030.06,,,BACKFILL UNDERGROUND FEATURE,,EACH,,ne_ndot_aup_july_june_2025_2026,false
ne_ndot_version_1030.07_historical,ne_ndot_1030.07,,,EARTHWORK OVER EXCAVATION (ESTABLISHED QUANTITY),,CY,,ne_ndot_aup_july_june_2025_2026,false
ne_ndot_version_1030.08_current,ne_ndot_1030.08,,,EMBANKMENT,,CU YD,,ne_ndot_english_standard_item_list_2010,true
ne_ndot_version_1030.10_current,ne_ndot_1030.10,,,EARTHWORK MEASURED IN EMBANKMENT,,CU YD,205.00,ne_ndot_english_standard_item_list_2010,true
ne_ndot_version_1030.20_current,ne_ndot_1030.20,,,EARTHWORK MEASURED IN EMBANKMENT,,CU YD,205.00,ne_ndot_english_standard_item_list_2010,true
ne_ndot_version_1030.31_current,ne_ndot_1030.31,,,OVERHAUL,,CU YD STATIO N,209.00,ne_ndot_english_standard_item_list_2010,true
ne_ndot_version_1031.00_current,ne_ndot_1031.00,,,"ROCK RIPRAP, TYPE B",,TON,905.00,ne_ndot_english_standard_item_list_2010,true
ne_ndot_version_1033.00_current,ne_ndot_1033.00,,,ROADWAY GRADING,,STATION,206.00,ne_ndot_english_standard_item_list_2010,true
ne_ndot_version_1033.01_current,ne_ndot_1033.01,,,ROADWAY GRADING,,STATION,206.00,ne_ndot_english_standard_item_list_2010,true
ne_ndot_version_1040.00_current,ne_ndot_1040.00,,,SLOPE PROTECTION,,SQ YD,810.00,ne_ndot_english_standard_item_list_2010,true
ne_ndot_version_1040.05_current,ne_ndot_1040.05,,,TEMPORARY SLOPE PROTECTION,,SQ YD,,ne_ndot_english_standard_item_list_2010,true
ne_ndot_version_1040.06_current,ne_ndot_1040.06,,,SLOPE PROTECTION MULCH,,TON,810.00,ne_ndot_english_standard_item_list_2010,true
ne_ndot_version_1040.50_current,ne_ndot_1040.50,,,STONE SLOPE PROTECTION,,SQ FT,,ne_ndot_english_standard_item_list_2010,true
ne_ndot_version_1041.00_current,ne_ndot_1041.00,,,SALVAGING AND PLACING TOPSOIL,,SQ YD,207.00,ne_ndot_english_standard_item_list_2010,true
ne_ndot_version_1041.02_current,ne_ndot_1041.02,,,SALVAGING AND PLACING TOPSOIL,,SQ YD,207.00,ne_ndot_english_standard_item_list_2010,true
ne_ndot_version_1041.08_historical,ne_ndot_1041.08,,,SALVAGING AND PLACING TOPSOIL,,CY,,ne_ndot_aup_july_june_2018_2019,false
ne_ndot_version_1041.10_current,ne_ndot_1041.10,,,SALVAGING AND STOCKPILING TOPSOIL,,CU YD,,ne_ndot_english_standard_item_list_2010,true
ne_ndot_version_1041.20_current,ne_ndot_1041.20,,,PLACING TOPSOIL,,SQ YD,,ne_ndot_english_standard_item_list_2010,true
ne_ndot_version_1041.21_current,ne_ndot_1041.21,,,PLACING TOPSOIL FOR RIPRAP,,SQ YD,,ne_ndot_english_standard_item_list_2010,true
ne_ndot_version_1041.22_current,ne_ndot_1041.22,,,FURNISHING AND PLACING TOPSOIL,,SQ YD,,ne_ndot_english_standard_item_list_2010,true
ne_ndot_version_1041.23_current,ne_ndot_1041.23,,,FURNISHING AND PLACING TOPSOIL,,CU YD,,ne_ndot_english_standard_item_list_2010,true
ne_ndot_version_1041.50_historical,ne_ndot_1041.50,,,SOIL TACKIFIER,,ACRE,,ne_ndot_aup_july_june_2025_2026,false
ne_ndot_version_1041.90_current,ne_ndot_1041.90,,,BENTONITE SEALANT,,POUND,,ne_ndot_english_standard_item_list_2010,true
ne_ndot_version_1042.00_current,ne_ndot_1042.00,,,SALVAGING AND PLACING HYDRIC SOIL,,SQ YD,,ne_ndot_english_standard_item_list_2010,true
ne_ndot_version_1042.01_current,ne_ndot_1042.01,,,PLACING HYDRIC SOIL,,SQ YD,,ne_ndot_english_standard_item_list_2010,true
ne_ndot_version_1042.02_current,ne_ndot_1042.02,,,RELOCATION OF WETLAND SOIL,,CU YD,,ne_ndot_english_standard_item_list_2010,true
ne_ndot_version_1042.10_current,ne_ndot_1042.10,,,SALVAGING AND STOCKPILING HYDRIC SOIL,,CU YD,,ne_ndot_english_standard_item_list_2010,true
ne_ndot_version_1043.50_current,ne_ndot_1043.50,,,RIPRAP FILTER FABRIC,,SQ YD,728.00,ne_ndot_english_standard_item_list_2010,true
ne_ndot_version_1043.56_historical,ne_ndot_1043.56,,,FILTER FABRIC,,SY,,ne_ndot_aup_july_june_2018_2019,false
ne_ndot_version_1043.57_current,ne_ndot_1043.57,,,FILTER FABRIC,,SQ YD,,ne_ndot_english_standard_item_list_2010,true
ne_ndot_version_1043.58_current,ne_ndot_1043.58,,,FILTER FABRIC,,EACH,,ne_ndot_english_standard_item_list_2010,true
ne_ndot_version_1043.60_current,ne_ndot_1043.60,,,STABILIZATION FABRIC,,SQ YD,,ne_ndot_english_standard_item_list_2010,true
ne_ndot_version_1043.61_current,ne_ndot_1043.61,,,GEOTEXTILE FABRIC,,SQ YD,,ne_ndot_english_standard_item_list_2010,true
ne_ndot_version_1043.63_historical,ne_ndot_1043.63,,,GEOSYNTHETIC CLAY LINER,,LF,,ne_ndot_aup_july_june_2020_2021,false
ne_ndot_version_1043.65_current,ne_ndot_1043.65,,,NON-WOVEN GEO-FABRIC,,SQ YD,,ne_ndot_english_standard_item_list_2010,true
ne_ndot_version_1043.70_current,ne_ndot_1043.70,,,BLANKET LINER PREPARATION,,SQ YD,,ne_ndot_english_standard_item_list_2010,true
ne_ndot_version_1044.00_current,ne_ndot_1044.00,,,DISPOSAL SITE,,EACH,,ne_ndot_english_standard_item_list_2010,true
ne_ndot_version_1044.05_current,ne_ndot_1044.05,,,DISPOSAL SITE FEE,,TON,,ne_ndot_english_standard_item_list_2010,true
ne_ndot_version_1044.10_current,ne_ndot_1044.10,,,DISPOSAL OF HAZARDOUS WASTE,,LUMP SUM,,ne_ndot_english_standard_item_list_2010,true
ne_ndot_version_1045.00_current,ne_ndot_1045.00,,,RESTORE BORROW PIT,,ACRE,208.00,ne_ndot_english_standard_item_list_2010,true
ne_ndot_version_1045.01_current,ne_ndot_1045.01,,,RESTORE BORROW PIT,,ACRE,208.00,ne_ndot_english_standard_item_list_2010,true
ne_ndot_version_1045.10_current,ne_ndot_1045.10,,,RESTORE WASTE SITE,,ACRE,208.00,ne_ndot_english_standard_item_list_2010,true
ne_ndot_version_1050.00_current,ne_ndot_1050.00,,,LINEAR GRADING,,MILE,,ne_ndot_english_standard_item_list_2010,true
ne_ndot_version_1050.01_current,ne_ndot_1050.01,,,LINEAR GRADING,,STATION,,ne_ndot_english_standard_item_list_2010,true
ne_ndot_version_1060.00_current,ne_ndot_1060.00,,,GABION STRUCTURE,,EACH,,ne_ndot_english_standard_item_list_2010,true
ne_ndot_version_1060.01_current,ne_ndot_1060.01,,,"GABION, TYPE A",,EACH,907.00,ne_ndot_english_standard_item_list_2010,true
ne_ndot_version_1060.02_current,ne_ndot_1060.02,,,"GABION, TYPE B",,EACH,907.00,ne_ndot_english_standard_item_list_2010,true
ne_ndot_version_1060.03_current,ne_ndot_1060.03,,,"GABION, TYPE C",,EACH,907.00,ne_ndot_english_standard_item_list_2010,true
ne_ndot_version_1060.04_current,ne_ndot_1060.04,,,"GABION, TYPE D",,EACH,907.00,ne_ndot_english_standard_item_list_2010,true
ne_ndot_version_1060.05_current,ne_ndot_1060.05,,,"GABION, TYPE E",,EACH,907.00,ne_ndot_english_standard_item_list_2010,true
ne_ndot_version_1060.06_current,ne_ndot_1060.06,,,"GABION, TYPE F",,EACH,907.00,ne_ndot_english_standard_item_list_2010,true
ne_ndot_version_1060.07_current,ne_ndot_1060.07,,,"GABION, TYPE G",,EACH,907.00,ne_ndot_english_standard_item_list_2010,true
ne_ndot_version_1060.08_current,ne_ndot_1060.08,,,"GABION, TYPE H",,EACH,907.00,ne_ndot_english_standard_item_list_2010,true
ne_ndot_version_1060.09_current,ne_ndot_1060.09,,,"GABION, TYPE I",,EACH,907.00,ne_ndot_english_standard_item_list_2010,true
ne_ndot_version_1060.10_current,ne_ndot_1060.10,,,"GABION, TYPE SI",,EACH,907.00,ne_ndot_english_standard_item_list_2010,true
ne_ndot_version_1060.11_current,ne_ndot_1060.11,,,"GABION, TYPE U",,EACH,907.00,ne_ndot_english_standard_item_list_2010,true
ne_ndot_version_1060.12_current,ne_ndot_1060.12,,,"GABION, TYPE",,EACH,907.00,ne_ndot_english_standard_item_list_2010,true
ne_ndot_version_1060.13_current,ne_ndot_1060.13,,,"GABION, TYPE",,EACH,907.00,ne_ndot_english_standard_item_list_2010,true
ne_ndot_version_1060.14_current,ne_ndot_1060.14,,,"GABION, TYPE",,EACH,907.00,ne_ndot_english_standard_item_list_2010,true
ne_ndot_version_1060.15_current,ne_ndot_1060.15,,,"GABION, TYPE",,EACH,907.00,ne_ndot_english_standard_item_list_2010,true
ne_ndot_version_1060.16_current,ne_ndot_1060.16,,,"GABION, TYPE",,EACH,907.00,ne_ndot_english_standard_item_list_2010,true
ne_ndot_version_1060.17_current,ne_ndot_1060.17,,,"GABION, TYPE",,EACH,907.00,ne_ndot_english_standard_item_list_2010,true
ne_ndot_version_1060.60_current,ne_ndot_1060.60,,,REVET MATTRESS,,EACH,,ne_ndot_english_standard_item_list_2010,true
ne_ndot_version_1060.70_current,ne_ndot_1060.70,,,"REVET MATTRESS, TYPE A",,EACH,907.00,ne_ndot_english_standard_item_list_2010,true
ne_ndot_version_1060.98_current,ne_ndot_1060.98,,,"REVET MATTRESS, TYPE Q",,EACH,907.00,ne_ndot_english_standard_item_list_2010,true
ne_ndot_version_1060.99_current,ne_ndot_1060.99,,,"REVET MATTRESS, TYPE R",,EACH,907.00,ne_ndot_english_standard_item_list_2010,true
ne_ndot_version_1061.00_current,ne_ndot_1061.00,,,"REVET MATTRESS, TYPE S",,EACH,907.00,ne_ndot_english_standard_item_list_2010,true
ne_ndot_version_1061.01_current,ne_ndot_1061.01,,,"REVET MATTRESS, TYPE T",,EACH,907.00,ne_ndot_english_standard_item_list_2010,true
ne_ndot_version_1061.02_current,ne_ndot_1061.02,,,"REVET MATTRESS, TYPE U",,EACH,907.00,ne_ndot_english_standard_item_list_2010,true
ne_ndot_version_1061.05_current,ne_ndot_1061.05,,,"RENO MATTRESS, TYPE R PVC COATED",,EACH,,ne_ndot_english_standard_item_list_2010,true
ne_ndot_version_1061.06_current,ne_ndot_1061.06,,,"RENO MATTRESS, TYPE U",,EACH,,ne_ndot_english_standard_item_list_2010,true
ne_ndot_version_1061.07_current,ne_ndot_1061.07,,,"RENO MATTRESS, TYPE R",,EACH,,ne_ndot_english_standard_item_list_2010,true
ne_ndot_version_1080.00_current,ne_ndot_1080.00,,,STEEL CATTLE GUARDS,,EACH,,ne_ndot_english_standard_item_list_2010,true
ne_ndot_version_1080.10_current,ne_ndot_1080.10,,,TURTLE GUARD CROSSING,,EACH,,ne_ndot_english_standard_item_list_2010,true
ne_ndot_version_1080.11_historical,ne_ndot_1080.11,,,ESCAPE TUNNEL,,EACH,,ne_ndot_aup_july_june_2025_2026,false
ne_ndot_version_1089.95_current,ne_ndot_1089.95,,,CAPPING EXISTING WELL,,EACH,,ne_ndot_english_standard_item_list_2010,true
ne_ndot_version_1089.97_current,ne_ndot_1089.97,,,MODIFY,,EACH,,ne_ndot_english_standard_item_list_2010,true
ne_ndot_version_1089.99_current,ne_ndot_1089.99,,,ABANDON WELLS,,EACH,,ne_ndot_english_standard_item_list_2010,true
ne_ndot_version_1090.00_current,ne_ndot_1090.00,,,ABANDON WELLS,,EACH,,ne_ndot_english_standard_item_list_2010,true
ne_ndot_version_1090.01_current,ne_ndot_1090.01,,,ABANDON MANHOLE,,EACH,918.00,ne_ndot_english_standard_item_list_2010,true
ne_ndot_version_1090.02_current,ne_ndot_1090.02,,,ABANDON INLET,,EACH,918.00,ne_ndot_english_standard_item_list_2010,true
ne_ndot_version_1090.03_current,ne_ndot_1090.03,,,ABANDON SEWER PIPE,,LIN FT,,ne_ndot_english_standard_item_list_2010,true
ne_ndot_version_1090.04_current,ne_ndot_1090.04,,,ABANDON WATER SERVICE,,EACH,,ne_ndot_english_standard_item_list_2010,true
ne_ndot_version_1090.05_historical,ne_ndot_1090.05,,,ABANDON,,LF,,ne_ndot_aup_july_june_2025_2026,false
ne_ndot_version_1090.10_current,ne_ndot_1090.10,,,ABANDON TANK,,EACH,,ne_ndot_english_standard_item_list_2010,true
ne_ndot_version_1090.50_current,ne_ndot_1090.50,,,ABANDON ELEVATOR SHAFT,,EACH,,ne_ndot_english_standard_item_list_2010,true
ne_ndot_version_1090.51_historical,ne_ndot_1090.51,,,ABANDONMENT TYPE SP-1 (MODIFIED),,EACH,,ne_ndot_aup_calendar_2018,false
ne_ndot_version_1090.52_current,ne_ndot_1090.52,,,ABANDON SUMP PIT,,EACH,,ne_ndot_english_standard_item_list_2010,true
ne_ndot_version_1090.53_historical,ne_ndot_1090.53,,,ABANDONMENT TYPE SP-1,,EACH,,ne_ndot_aup_calendar_2018,false
ne_ndot_version_1090.54_historical,ne_ndot_1090.54,,,ABANDON,,EACH,,ne_ndot_aup_july_june_2025_2026,false
ne_ndot_version_1090.55_historical,ne_ndot_1090.55,,,ABANDON,,EACH,,ne_ndot_aup_july_june_2017_2018,false
ne_ndot_version_1090.56_historical,ne_ndot_1090.56,,,ABANDON,,LS,,ne_ndot_aup_calendar_2024,false
ne_ndot_version_1090.57_historical,ne_ndot_1090.57,,,ABANDON,,EACH,,ne_ndot_aup_july_june_2018_2019,false
ne_ndot_version_1090.59_historical,ne_ndot_1090.59,,,ABANDONMENT TYPE SP-3 (MODIFIED),,EACH,,ne_ndot_aup_calendar_2018,false
ne_ndot_version_1090.60_historical,ne_ndot_1090.60,,,ABANDONMENT TYPE SP-3,,EACH,,ne_ndot_aup_calendar_2018,false
ne_ndot_version_1100.00_current,ne_ndot_1100.00,,,REMOVE SHEET PILE,,SQ FT,,ne_ndot_english_standard_item_list_2010,true
ne_ndot_version_1100.50_historical,ne_ndot_1100.50,,,SHEET PILE WALL,,LS,,ne_ndot_aup_july_june_2019_2020,false
ne_ndot_version_1101.00_current,ne_ndot_1101.00,,,REMOVE PAVEMENT,,SQ YD,203.00,ne_ndot_english_standard_item_list_2010,true
ne_ndot_version_1101.02_historical,ne_ndot_1101.02,,,REMOVE CONCRETE SURFACE,,SY,,ne_ndot_aup_july_june_2023_2024,false
ne_ndot_version_1101.10_current,ne_ndot_1101.10,,,REMOVE AND STOCKPILE PAVEMENT,,SQ YD,,ne_ndot_english_standard_item_list_2010,true
ne_ndot_version_1101.25_current,ne_ndot_1101.25,,,SAWING PAVEMENT,,LIN FT,203.00,ne_ndot_english_standard_item_list_2010,true
ne_ndot_version_1101.50_current,ne_ndot_1101.50,,,REMOVE BASE COURSE,,SQ YD,203.00,ne_ndot_english_standard_item_list_2010,true
ne_ndot_version_1101.75_current,ne_ndot_1101.75,,,REMOVE TEMPORARY SURFACING,,SQ YD,203.00,ne_ndot_english_standard_item_list_2010,true
ne_ndot_version_1102.00_current,ne_ndot_1102.00,,,REMOVE ASPHALT SURFACE,,SQ YD,203.00,ne_ndot_english_standard_item_list_2010,true
ne_ndot_version_1102.01_current,ne_ndot_1102.01,,,REMOVE ASPHALT SURFACE,,SQ YD,203.00,ne_ndot_english_standard_item_list_2010,true
ne_ndot_version_1102.05_current,ne_ndot_1102.05,,,REMOVE ASPHALT SURFACING FROM PAVEMENT,,SQ YD,,ne_ndot_english_standard_item_list_2010,true
ne_ndot_version_1102.10_current,ne_ndot_1102.10,,,REMOVE BITUMINOUS SURFACE COURSE,,SQ YD,203.00,ne_ndot_english_standard_item_list_2010,true
ne_ndot_version_1102.90_current,ne_ndot_1102.90,,,REMOVAL OF SURFACING MATERIAL,,CU YD,203.00,ne_ndot_english_standard_item_list_2010,true
ne_ndot_version_1103.00_current,ne_ndot_1103.00,,,REMOVE BRICK SURFACE,,SQ YD,203.00,ne_ndot_english_standard_item_list_2010,true
ne_ndot_version_1103.01_current,ne_ndot_1103.01,,,REMOVE BRICK PAVER,,SQ YD,,ne_ndot_english_standard_item_list_2010,true
ne_ndot_version_1103.10_historical,ne_ndot_1103.10,,,BRICK FACE PATTERN,,SF,,ne_ndot_aup_calendar_2020,false
ne_ndot_version_1103.20_current,ne_ndot_1103.20,,,HAULING AND STOCKPILING BRICK SURFACE,,SQ YD,,ne_ndot_english_standard_item_list_2010,true
ne_ndot_version_1104.00_current,ne_ndot_1104.00,,,REMOVE PUMP ISLAND,,EACH,,ne_ndot_english_standard_item_list_2010,true
ne_ndot_version_1105.00_current,ne_ndot_1105.00,,,REMOVE GUTTER,,SQ YD,203.00,ne_ndot_english_standard_item_list_2010,true
ne_ndot_version_1105.01_current,ne_ndot_1105.01,,,REMOVE CONCRETE GUTTER,,LIN FT,203.00,ne_ndot_english_standard_item_list_2010,true
ne_ndot_version_1105.05_historical,ne_ndot_1105.05,,,REPAIR DRAIN,,EACH,,ne_ndot_aup_calendar_2019,false
ne_ndot_version_1106.00_current,ne_ndot_1106.00,,,REMOVE DRIVEWAY,,SQ YD,203.00,ne_ndot_english_standard_item_list_2010,true
ne_ndot_version_1107.00_current,ne_ndot_1107.00,,,REMOVE WALK,,SQ YD,203.00,ne_ndot_english_standard_item_list_2010,true
ne_ndot_version_1107.01_current,ne_ndot_1107.01,,,REMOVE WALK,,SQ YD,203.00,ne_ndot_english_standard_item_list_2010,true
ne_ndot_version_1107.02_current,ne_ndot_1107.02,,,REMOVE BRICK WALK,,SQ YD,,ne_ndot_english_standard_item_list_2010,true
ne_ndot_version_1108.00_current,ne_ndot_1108.00,,,REMOVE COMBINATION CURB AND GUTTER,,LIN FT,203.00,ne_ndot_english_standard_item_list_2010,true
ne_ndot_version_1109.00_current,ne_ndot_1109.00,,,REMOVE CURB,,LIN FT,203.00,ne_ndot_english_standard_item_list_2010,true
ne_ndot_version_1109.20_current,ne_ndot_1109.20,,,REMOVE CONCRETE BARRIER,,LIN FT,203.00,ne_ndot_english_standard_item_list_2010,true
ne_ndot_version_1110.97_historical,ne_ndot_1110.97,,,REMOVE AND SALVAGE,,LF,,ne_ndot_aup_july_june_2025_2026,false
ne_ndot_version_1110.98_historical,ne_ndot_1110.98,,,REMOVE AND SALVAGE,,SY,,ne_ndot_aup_july_june_2025_2026,false
ne_ndot_version_1110.99_current,ne_ndot_1110.99,,,REMOVE AND SALVAGE FENCE,,LIN FT,,ne_ndot_english_standard_item_list_2010,true
ne_ndot_version_1111.00_current,ne_ndot_1111.00,,,REMOVE FENCE,,LIN FT,203.00,ne_ndot_english_standard_item_list_2010,true
ne_ndot_version_1111.01_current,ne_ndot_1111.01,,,REMOVE ORNAMENTAL IRON FENCE,,LIN FT,,ne_ndot_english_standard_item_list_2010,true
ne_ndot_version_1111.05_current,ne_ndot_1111.05,,,REMOVE SILT FENCE,,LIN FT,,ne_ndot_english_standard_item_list_2010,true
ne_ndot_version_1111.10_current,ne_ndot_1111.10,,,REMOVE BRICK WALL,,LIN FT,203.00,ne_ndot_english_standard_item_list_2010,true
ne_ndot_version_1111.14_current,ne_ndot_1111.14,,,REMOVE STONE PILLAR,,EACH,,ne_ndot_english_standard_item_list_2010,true
ne_ndot_version_1111.15_current,ne_ndot_1111.15,,,REMOVE BRICK PILLAR,,EACH,,ne_ndot_english_standard_item_list_2010,true
ne_ndot_version_1111.16_current,ne_ndot_1111.16,,,REMOVE PLANTER,,EACH,,ne_ndot_english_standard_item_list_2010,true
ne_ndot_version_1111.20_current,ne_ndot_1111.20,,,REMOVE PARKING METER BASE,,EACH,,ne_ndot_english_standard_item_list_2010,true
ne_ndot_version_1112.00_current,ne_ndot_1112.00,,,REMOVE HEADER,,EACH,,ne_ndot_english_standard_item_list_2010,true
ne_ndot_version_1113.00_current,ne_ndot_1113.00,,,REMOVE STEP,,EACH,203.00,ne_ndot_english_standard_item_list_2010,true
ne_ndot_version_1113.01_current,ne_ndot_1113.01,,,REMOVE STEP,,LIN FT,,ne_ndot_english_standard_item_list_2010,true
ne_ndot_version_1114.00_current,ne_ndot_1114.00,,,REMOVE RETAINING WALL,,EACH,203.00,ne_ndot_english_standard_item_list_2010,true
ne_ndot_version_1114.01_current,ne_ndot_1114.01,,,REMOVE RETAINING WALL,,EACH,,ne_ndot_english_standard_item_list_2010,true
ne_ndot_version_1114.02_current,ne_ndot_1114.02,,,REMOVE RETAINING WALL,,EACH,,ne_ndot_english_standard_item_list_2010,true
ne_ndot_version_1114.03_current,ne_ndot_1114.03,,,REMOVE RETAINING WALL,,EACH,,ne_ndot_english_standard_item_list_2010,true
ne_ndot_version_1114.04_current,ne_ndot_1114.04,,,REMOVE RETAINING WALL,,EACH,,ne_ndot_english_standard_item_list_2010,true
ne_ndot_version_1114.05_current,ne_ndot_1114.05,,,REMOVE RETAINING WALL,,EACH,,ne_ndot_english_standard_item_list_2010,true
ne_ndot_version_1114.06_current,ne_ndot_1114.06,,,REMOVE RETAINING WALL,,EACH,,ne_ndot_english_standard_item_list_2010,true
ne_ndot_version_1114.07_current,ne_ndot_1114.07,,,REMOVE RETAINING WALL,,EACH,,ne_ndot_english_standard_item_list_2010,true
ne_ndot_version_1114.08_current,ne_ndot_1114.08,,,REMOVE RETAINING WALL,,EACH,,ne_ndot_english_standard_item_list_2010,true
ne_ndot_version_1114.10_current,ne_ndot_1114.10,,,REMOVE RETAINING WALL,,LIN FT,203.00,ne_ndot_english_standard_item_list_2010,true
ne_ndot_version_1114.11_historical,ne_ndot_1114.11,,,REMOVE RETAINING WALL,,LS,,ne_ndot_aup_calendar_2023,false
ne_ndot_version_1114.15_current,ne_ndot_1114.15,,,REMOVE RAILROAD TIE WALL,,LIN FT,203.00,ne_ndot_english_standard_item_list_2010,true
ne_ndot_version_1114.17_historical,ne_ndot_1114.17,,,REMOVE RAILROAD TIE WALL,,EACH,,ne_ndot_aup_july_june_2020_2021,false
ne_ndot_version_1115.00_current,ne_ndot_1115.00,,,REMOVE DITCH CHECK,,EACH,203.00,ne_ndot_english_standard_item_list_2010,true
ne_ndot_version_1116.00_current,ne_ndot_1116.00,,,REMOVE GUARD POST,,EACH,203.00,ne_ndot_english_standard_item_list_2010,true
ne_ndot_version_1116.02_current,ne_ndot_1116.02,,,REMOVE CABLE,,LIN FT,,ne_ndot_english_standard_item_list_2010,true
ne_ndot_version_1116.03_historical,ne_ndot_1116.03,,,REMOVE 1-6 PR CABLE,,LF,,ne_ndot_aup_july_june_2025_2026,false
ne_ndot_version_1116.04_historical,ne_ndot_1116.04,,,REMOVE FIBER OPTIC CABLE,,LF,,ne_ndot_aup_july_june_2025_2026,false
ne_ndot_version_1116.10_current,ne_ndot_1116.10,,,REMOVE POST,,EACH,,ne_ndot_english_standard_item_list_2010,true
ne_ndot_version_1116.12_current,ne_ndot_1116.12,,,REMOVE BOLLARD,,EACH,,ne_ndot_english_standard_item_list_2010,true
ne_ndot_version_1116.15_current,ne_ndot_1116.15,,,REMOVE BARRICADE,,EACH,,ne_ndot_english_standard_item_list_2010,true
ne_ndot_version_1117.00_current,ne_ndot_1117.00,,,REMOVE MANHOLE,,EACH,203.00,ne_ndot_english_standard_item_list_2010,true
ne_ndot_version_1117.01_current,ne_ndot_1117.01,,,REMOVE MANHOLE,,EACH,203.00,ne_ndot_english_standard_item_list_2010,true
ne_ndot_version_1118.00_current,ne_ndot_1118.00,,,REMOVE CATCH BASIN,,EACH,,ne_ndot_english_standard_item_list_2010,true
ne_ndot_version_1118.25_current,ne_ndot_1118.25,,,REMOVE SPLASH BASIN,,EACH,203.00,ne_ndot_english_standard_item_list_2010,true
ne_ndot_version_1119.00_current,ne_ndot_1119.00,,,REMOVE INLET,,EACH,203.00,ne_ndot_english_standard_item_list_2010,true
ne_ndot_version_1119.01_current,ne_ndot_1119.01,,,REMOVE GRATE INLET,,EACH,203.00,ne_ndot_english_standard_item_list_2010,true
ne_ndot_version_1119.05_current,ne_ndot_1119.05,,,REMOVE AREA INLET,,EACH,203.00,ne_ndot_english_standard_item_list_2010,true
ne_ndot_version_1119.10_current,ne_ndot_1119.10,,,REMOVE GRATE,,EACH,,ne_ndot_english_standard_item_list_2010,true
ne_ndot_version_1119.50_current,ne_ndot_1119.50,,,REMOVE JUNCTION BOX,,EACH,203.00,ne_ndot_english_standard_item_list_2010,true
ne_ndot_version_1120.00_current,ne_ndot_1120.00,,,REMOVE DISCHARGE STRUCTURE,,EACH,203.00,ne_ndot_english_standard_item_list_2010,true
ne_ndot_version_1121.00_current,ne_ndot_1121.00,,,REMOVE CONCRETE FLUME,,EACH,203.00,ne_ndot_english_standard_item_list_2010,true
ne_ndot_version_1121.02_current,ne_ndot_1121.02,,,REMOVE CONCRETE FLUME,,SQ FT,,ne_ndot_english_standard_item_list_2010,true
ne_ndot_version_1121.10_current,ne_ndot_1121.10,,,REMOVE FLUME,,EACH,203.00,ne_ndot_english_standard_item_list_2010,true
ne_ndot_version_1121.20_current,ne_ndot_1121.20,,,REMOVE FLUME SPILLWAY,,LIN FT,,ne_ndot_english_standard_item_list_2010,true
ne_ndot_version_1122.01_current,ne_ndot_1122.01,,,REMOVE CONCRETE MEDIAN SURFACING,,SQ YD,203.00,ne_ndot_english_standard_item_list_2010,true
ne_ndot_version_1122.02_historical,ne_ndot_1122.02,,,REMOVE MEDIAN SURFACING,,SY,,ne_ndot_aup_july_june_2025_2026,false
ne_ndot_version_1122.20_current,ne_ndot_1122.20,,,REMOVE RAISED MEDIAN,,LIN FT,,ne_ndot_english_standard_item_list_2010,true
ne_ndot_version_1122.30_current,ne_ndot_1122.30,,,REMOVE ISLAND NOSE,,EACH,203.00,ne_ndot_english_standard_item_list_2010,true
ne_ndot_version_1122.85_current,ne_ndot_1122.85,,,REMOVE GABION,,CU YD,,ne_ndot_english_standard_item_list_2010,true
ne_ndot_version_1122.87_current,ne_ndot_1122.87,,,REMOVE GABION,,EACH,,ne_ndot_english_standard_item_list_2010,true
ne_ndot_version_1122.88_current,ne_ndot_1122.88,,,REMOVE GABION,,SQ YD,,ne_ndot_english_standard_item_list_2010,true
ne_ndot_version_1122.89_historical,ne_ndot_1122.89,,,REMOVE AND REPLACE GABION,,LS,,ne_ndot_aup_july_june_2020_2021,false
ne_ndot_version_1122.90_current,ne_ndot_1122.90,,,BREAKING CONCRETE DITCH LINER,,LIN FT,,ne_ndot_english_standard_item_list_2010,true
ne_ndot_version_1123.00_current,ne_ndot_1123.00,,,REMOVE CONCRETE DITCH LINER,,SQ YD,203.00,ne_ndot_english_standard_item_list_2010,true
ne_ndot_version_1123.10_current,ne_ndot_1123.10,,,REMOVE CONCRETE IRRIGATION LATERAL,,LIN FT,203.00,ne_ndot_english_standard_item_list_2010,true
ne_ndot_version_1123.25_historical,ne_ndot_1123.25,,,REMOVE CONCRETE SLOPE PROTECTION,,SF,,ne_ndot_aup_july_june_2025_2026,false
ne_ndot_version_1123.26_current,ne_ndot_1123.26,,,REMOVE CONCRETE SLOPE PROTECTION,,SQ YD,203.00,ne_ndot_english_standard_item_list_2010,true
ne_ndot_version_1123.30_current,ne_ndot_1123.30,,,REMOVE STONE SLOPE PROTECTION,,SQ YD,,ne_ndot_english_standard_item_list_2010,true
ne_ndot_version_1123.50_current,ne_ndot_1123.50,,,REMOVE CONCRETE FOUNDATION,,EACH,203.00,ne_ndot_english_standard_item_list_2010,true
ne_ndot_version_1123.51_historical,ne_ndot_1123.51,,,REMOVE CONCRETE PAD,,EACH,,ne_ndot_aup_july_june_2024_2025,false
ne_ndot_version_1123.55_current,ne_ndot_1123.55,,,REMOVE FOOTING,,EACH,,ne_ndot_english_standard_item_list_2010,true
ne_ndot_version_1123.75_current,ne_ndot_1123.75,,,REMOVE CONCRETE SIGN BASE,,EACH,203.00,ne_ndot_english_standard_item_list_2010,true
ne_ndot_version_1123.80_current,ne_ndot_1123.80,,,REMOVE CONCRETE GUARDRAIL TERMINAL ANCHOR,,EACH,,ne_ndot_english_standard_item_list_2010,true
ne_ndot_version_1123.85_current,ne_ndot_1123.85,,,REMOVE CONCRETE DOCK,,EACH,,ne_ndot_english_standard_item_list_2010,true
ne_ndot_version_1123.90_current,ne_ndot_1123.90,,,REMOVE CONCRETE DOCK,,SQ FT,,ne_ndot_english_standard_item_list_2010,true
ne_ndot_version_1123.95_current,ne_ndot_1123.95,,,REMOVE SCALE,,EACH,,ne_ndot_english_standard_item_list_2010,true
ne_ndot_version_1123.96_current,ne_ndot_1123.96,,,REMOVE SCALE,,EACH,,ne_ndot_english_standard_item_list_2010,true
ne_ndot_version_1124.00_current,ne_ndot_1124.00,,,REMOVE BUILDING,,EACH,203.00,ne_ndot_english_standard_item_list_2010,true
ne_ndot_version_1124.01_current,ne_ndot_1124.01,,,REMOVE BUILDING,,EACH,203.00,ne_ndot_english_standard_item_list_2010,true
ne_ndot_version_1124.02_current,ne_ndot_1124.02,,,REMOVE BUILDING,,EACH,203.00,ne_ndot_english_standard_item_list_2010,true
ne_ndot_version_1124.03_current,ne_ndot_1124.03,,,REMOVE BUILDING,,EACH,203.00,ne_ndot_english_standard_item_list_2010,true
ne_ndot_version_1124.04_current,ne_ndot_1124.04,,,REMOVE BUILDING,,EACH,203.00,ne_ndot_english_standard_item_list_2010,true
ne_ndot_version_1124.05_current,ne_ndot_1124.05,,,REMOVE BUILDING,,EACH,203.00,ne_ndot_english_standard_item_list_2010,true
ne_ndot_version_1124.06_current,ne_ndot_1124.06,,,REMOVE BUILDING,,EACH,203.00,ne_ndot_english_standard_item_list_2010,true
ne_ndot_version_1124.07_current,ne_ndot_1124.07,,,REMOVE BUILDING,,EACH,203.00,ne_ndot_english_standard_item_list_2010,true
ne_ndot_version_1124.08_current,ne_ndot_1124.08,,,REMOVE BUILDING,,EACH,203.00,ne_ndot_english_standard_item_list_2010,true
ne_ndot_version_1124.09_current,ne_ndot_1124.09,,,REMOVE BUILDING,,EACH,203.00,ne_ndot_english_standard_item_list_2010,true
ne_ndot_version_1124.10_current,ne_ndot_1124.10,,,REMOVE BUILDING,,EACH,203.00,ne_ndot_english_standard_item_list_2010,true
ne_ndot_version_1124.11_current,ne_ndot_1124.11,,,REMOVE BUILDING,,EACH,203.00,ne_ndot_english_standard_item_list_2010,true
ne_ndot_version_1124.12_current,ne_ndot_1124.12,,,REMOVE BUILDING,,EACH,203.00,ne_ndot_english_standard_item_list_2010,true
ne_ndot_version_1124.13_current,ne_ndot_1124.13,,,REMOVE BUILDING,,EACH,203.00,ne_ndot_english_standard_item_list_2010,true
ne_ndot_version_1124.14_current,ne_ndot_1124.14,,,REMOVE BUILDING,,EACH,203.00,ne_ndot_english_standard_item_list_2010,true
ne_ndot_version_1124.15_current,ne_ndot_1124.15,,,REMOVE BUILDING,,EACH,203.00,ne_ndot_english_standard_item_list_2010,true
ne_ndot_version_1124.16_current,ne_ndot_1124.16,,,REMOVE BUILDING,,EACH,203.00,ne_ndot_english_standard_item_list_2010,true
ne_ndot_version_1124.17_current,ne_ndot_1124.17,,,REMOVE BUILDING,,EACH,203.00,ne_ndot_english_standard_item_list_2010,true
ne_ndot_version_1124.18_current,ne_ndot_1124.18,,,REMOVE BUILDING,,EACH,203.00,ne_ndot_english_standard_item_list_2010,true
ne_ndot_version_1124.19_current,ne_ndot_1124.19,,,REMOVE BUILDING,,EACH,203.00,ne_ndot_english_standard_item_list_2010,true
ne_ndot_version_1124.20_current,ne_ndot_1124.20,,,REMOVE BUILDING,,EACH,203.00,ne_ndot_english_standard_item_list_2010,true
ne_ndot_version_1124.21_current,ne_ndot_1124.21,,,REMOVE BUILDING,,EACH,203.00,ne_ndot_english_standard_item_list_2010,true
ne_ndot_version_1124.22_current,ne_ndot_1124.22,,,REMOVE BUILDING,,EACH,203.00,ne_ndot_english_standard_item_list_2010,true
ne_ndot_version_1124.23_current,ne_ndot_1124.23,,,REMOVE BUILDING,,EACH,203.00,ne_ndot_english_standard_item_list_2010,true
ne_ndot_version_1124.24_current,ne_ndot_1124.24,,,REMOVE BUILDING,,EACH,203.00,ne_ndot_english_standard_item_list_2010,true
ne_ndot_version_1124.25_current,ne_ndot_1124.25,,,REMOVE BUILDING,,EACH,203.00,ne_ndot_english_standard_item_list_2010,true
ne_ndot_version_1124.26_current,ne_ndot_1124.26,,,REMOVE BUILDING,,EACH,203.00,ne_ndot_english_standard_item_list_2010,true
ne_ndot_version_1124.27_current,ne_ndot_1124.27,,,REMOVE BUILDING,,EACH,203.00,ne_ndot_english_standard_item_list_2010,true
ne_ndot_version_1124.28_current,ne_ndot_1124.28,,,REMOVE BUILDING,,EACH,203.00,ne_ndot_english_standard_item_list_2010,true
ne_ndot_version_1125.00_current,ne_ndot_1125.00,,,CLEAR TRACT,,EACH,203.00,ne_ndot_english_standard_item_list_2010,true
ne_ndot_version_1125.01_current,ne_ndot_1125.01,,,CLEAR TRACT,,EACH,203.00,ne_ndot_english_standard_item_list_2010,true
ne_ndot_version_1125.02_current,ne_ndot_1125.02,,,CLEAR TRACT,,EACH,203.00,ne_ndot_english_standard_item_list_2010,true
ne_ndot_version_1125.03_current,ne_ndot_1125.03,,,CLEAR TRACT,,EACH,203.00,ne_ndot_english_standard_item_list_2010,true
ne_ndot_version_1125.04_current,ne_ndot_1125.04,,,CLEAR TRACT,,EACH,203.00,ne_ndot_english_standard_item_list_2010,true
ne_ndot_version_1125.05_current,ne_ndot_1125.05,,,CLEAR TRACT,,EACH,203.00,ne_ndot_english_standard_item_list_2010,true
ne_ndot_version_1125.06_current,ne_ndot_1125.06,,,CLEAR TRACT,,EACH,203.00,ne_ndot_english_standard_item_list_2010,true
ne_ndot_version_1125.07_current,ne_ndot_1125.07,,,CLEAR TRACT,,EACH,203.00,ne_ndot_english_standard_item_list_2010,true
ne_ndot_version_1125.08_current,ne_ndot_1125.08,,,CLEAR TRACT,,EACH,203.00,ne_ndot_english_standard_item_list_2010,true
ne_ndot_version_1125.09_current,ne_ndot_1125.09,,,CLEAR TRACT,,EACH,203.00,ne_ndot_english_standard_item_list_2010,true
ne_ndot_version_1125.10_current,ne_ndot_1125.10,,,CLEAR TRACT,,EACH,203.00,ne_ndot_english_standard_item_list_2010,true
ne_ndot_version_1125.11_current,ne_ndot_1125.11,,,CLEAR TRACT,,EACH,203.00,ne_ndot_english_standard_item_list_2010,true
ne_ndot_version_1125.12_current,ne_ndot_1125.12,,,CLEAR TRACT,,EACH,203.00,ne_ndot_english_standard_item_list_2010,true
ne_ndot_version_1125.13_current,ne_ndot_1125.13,,,CLEAR TRACT,,EACH,203.00,ne_ndot_english_standard_item_list_2010,true
ne_ndot_version_1125.14_current,ne_ndot_1125.14,,,CLEAR TRACT,,EACH,203.00,ne_ndot_english_standard_item_list_2010,true
ne_ndot_version_1125.15_current,ne_ndot_1125.15,,,CLEAR TRACT,,EACH,203.00,ne_ndot_english_standard_item_list_2010,true
ne_ndot_version_1125.16_current,ne_ndot_1125.16,,,CLEAR TRACT,,EACH,203.00,ne_ndot_english_standard_item_list_2010,true
ne_ndot_version_1125.17_current,ne_ndot_1125.17,,,CLEAR TRACT,,EACH,203.00,ne_ndot_english_standard_item_list_2010,true
ne_ndot_version_1125.18_current,ne_ndot_1125.18,,,CLEAR TRACT,,EACH,203.00,ne_ndot_english_standard_item_list_2010,true
ne_ndot_version_1125.19_current,ne_ndot_1125.19,,,CLEAR TRACT,,EACH,203.00,ne_ndot_english_standard_item_list_2010,true
ne_ndot_version_1125.20_current,ne_ndot_1125.20,,,CLEAR TRACT,,EACH,203.00,ne_ndot_english_standard_item_list_2010,true
ne_ndot_version_1125.21_current,ne_ndot_1125.21,,,CLEAR TRACT,,EACH,203.00,ne_ndot_english_standard_item_list_2010,true
ne_ndot_version_1125.22_current,ne_ndot_1125.22,,,CLEAR TRACT,,EACH,203.00,ne_ndot_english_standard_item_list_2010,true
ne_ndot_version_1125.23_current,ne_ndot_1125.23,,,CLEAR TRACT,,EACH,203.00,ne_ndot_english_standard_item_list_2010,true
ne_ndot_version_1125.24_current,ne_ndot_1125.24,,,CLEAR TRACT,,EACH,203.00,ne_ndot_english_standard_item_list_2010,true
ne_ndot_version_1125.25_current,ne_ndot_1125.25,,,CLEAR TRACT,,EACH,203.00,ne_ndot_english_standard_item_list_2010,true
ne_ndot_version_1125.26_current,ne_ndot_1125.26,,,CLEAR TRACT,,EACH,203.00,ne_ndot_english_standard_item_list_2010,true
ne_ndot_version_1125.27_current,ne_ndot_1125.27,,,CLEAR TRACT,,EACH,203.00,ne_ndot_english_standard_item_list_2010,true
ne_ndot_version_1125.28_current,ne_ndot_1125.28,,,CLEAR TRACT,,EACH,203.00,ne_ndot_english_standard_item_list_2010,true
ne_ndot_version_1125.29_current,ne_ndot_1125.29,,,CLEAR TRACT,,EACH,203.00,ne_ndot_english_standard_item_list_2010,true
ne_ndot_version_1125.50_current,ne_ndot_1125.50,,,AREA CLEANUP,,EACH,,ne_ndot_english_standard_item_list_2010,true
ne_ndot_version_1125.75_current,ne_ndot_1125.75,,,DITCH CLEAN OUT,,LUMP SUM,,ne_ndot_english_standard_item_list_2010,true
ne_ndot_version_1125.76_current,ne_ndot_1125.76,,,DITCH CLEAN OUT,,LUMP SUM,,ne_ndot_english_standard_item_list_2010,true
ne_ndot_version_1125.77_current,ne_ndot_1125.77,,,DITCH CLEANOUT,,LIN FT,,ne_ndot_english_standard_item_list_2010,true
ne_ndot_version_1125.80_historical,ne_ndot_1125.80,,,REMOVE SHRUBS AND TOP TREES,,LS,,ne_ndot_aup_july_june_2017_2018,false
ne_ndot_version_1125.81_historical,ne_ndot_1125.81,,,REMOVE SHRUBS AND TOP TREES,,LS,,ne_ndot_aup_july_june_2017_2018,false
ne_ndot_version_1125.82_historical,ne_ndot_1125.82,,,REMOVE SHRUBS AND TOP TREES,,LS,,ne_ndot_aup_july_june_2017_2018,false
ne_ndot_version_1125.83_historical,ne_ndot_1125.83,,,REMOVE SHRUBS AND TOP TREES,,LS,,ne_ndot_aup_july_june_2017_2018,false
ne_ndot_version_1125.84_historical,ne_ndot_1125.84,,,REMOVE SHRUBS AND TOP TREES,,LS,,ne_ndot_aup_july_june_2017_2018,false
ne_ndot_version_1125.85_historical,ne_ndot_1125.85,,,REMOVE SHRUBS AND TOP TREES,,LS,,ne_ndot_aup_july_june_2017_2018,false
ne_ndot_version_1125.86_historical,ne_ndot_1125.86,,,REMOVE SHRUBS AND TOP TREES,,LS,,ne_ndot_aup_july_june_2017_2018,false
ne_ndot_version_1125.87_historical,ne_ndot_1125.87,,,REMOVE SHRUBS AND TOP TREES,,LS,,ne_ndot_aup_july_june_2017_2018,false
ne_ndot_version_1125.88_historical,ne_ndot_1125.88,,,REMOVE SHRUBS AND TOP TREES,,LS,,ne_ndot_aup_july_june_2017_2018,false
ne_ndot_version_1125.89_historical,ne_ndot_1125.89,,,REMOVE SHRUBS AND TOP TREES,,LS,,ne_ndot_aup_july_june_2017_2018,false
ne_ndot_version_1125.90_historical,ne_ndot_1125.90,,,REMOVE SHRUBS AND TOP TREES,,LS,,ne_ndot_aup_july_june_2017_2018,false
ne_ndot_version_1125.91_historical,ne_ndot_1125.91,,,REMOVE SHRUBS AND TOP TREES,,LS,,ne_ndot_aup_july_june_2017_2018,false
ne_ndot_version_1125.92_historical,ne_ndot_1125.92,,,REMOVE SHRUBS AND TOP TREES,,LS,,ne_ndot_aup_july_june_2017_2018,false
ne_ndot_version_1127.00_current,ne_ndot_1127.00,,,BEACON SYSTEM REMOVAL,,EACH,,ne_ndot_english_standard_item_list_2010,true
ne_ndot_version_1128.00_current,ne_ndot_1128.00,,,REMOVE SLAB,,EACH,203.00,ne_ndot_english_standard_item_list_2010,true
ne_ndot_version_1128.50_current,ne_ndot_1128.50,,,REMOVE SLAB,,SQ YD,203.00,ne_ndot_english_standard_item_list_2010,true
ne_ndot_version_1129.00_current,ne_ndot_1129.00,,,REMOVE TANK,,EACH,,ne_ndot_english_standard_item_list_2010,true
ne_ndot_version_1129.01_current,ne_ndot_1129.01,,,REMOVE TANK,,EACH,,ne_ndot_english_standard_item_list_2010,true
ne_ndot_version_1129.02_current,ne_ndot_1129.02,,,REMOVE TANK,,EACH,,ne_ndot_english_standard_item_list_2010,true
ne_ndot_version_1129.03_current,ne_ndot_1129.03,,,REMOVE TANK,,EACH,,ne_ndot_english_standard_item_list_2010,true
ne_ndot_version_1129.04_current,ne_ndot_1129.04,,,REMOVE TANK,,EACH,,ne_ndot_english_standard_item_list_2010,true
ne_ndot_version_1129.05_current,ne_ndot_1129.05,,,REMOVE TANK,,EACH,,ne_ndot_english_standard_item_list_2010,true
ne_ndot_version_1130.00_current,ne_ndot_1130.00,,,REMOVE UNDERGROUND TANK,,EACH,203.00,ne_ndot_english_standard_item_list_2010,true
ne_ndot_version_1130.30_current,ne_ndot_1130.30,,,RELIEF WELL,,EACH,,ne_ndot_english_standard_item_list_2010,true
ne_ndot_version_1130.35_current,ne_ndot_1130.35,,,ABANDON RELIEF WELL,,EACH,,ne_ndot_english_standard_item_list_2010,true
ne_ndot_version_1130.40_current,ne_ndot_1130.40,,,MONITORING WELL,,EACH,,ne_ndot_english_standard_item_list_2010,true
ne_ndot_version_1130.45_historical,ne_ndot_1130.45,,,LEVEE MONITORING,,LS,,ne_ndot_aup_calendar_2025,false
ne_ndot_version_1130.48_current,ne_ndot_1130.48,,,ADJUST MONITOR WELL,,EACH,,ne_ndot_english_standard_item_list_2010,true
ne_ndot_version_1130.50_current,ne_ndot_1130.50,,,ABANDON MONITOR WELL,,EACH,,ne_ndot_english_standard_item_list_2010,true
ne_ndot_version_1130.52_current,ne_ndot_1130.52,,,ABANDON RECOVERY WELL,,EACH,,ne_ndot_english_standard_item_list_2010,true
ne_ndot_version_1130.70_historical,ne_ndot_1130.70,,,POND SKIMMER,,EACH,,ne_ndot_aup_july_june_2021_2022,false
ne_ndot_version_1131.00_current,ne_ndot_1131.00,,,REMOVE PLOWABLE PAVEMENT MARKER,,EACH,,ne_ndot_english_standard_item_list_2010,true
ne_ndot_version_1131.01_current,ne_ndot_1131.01,,,INSTALL PAVEMENT MARKER,,EACH,419.00,ne_ndot_english_standard_item_list_2010,true
ne_ndot_version_1131.02_current,ne_ndot_1131.02,,,REMOVE AND REINSTALL PAVEMENT MARKER,,EACH,419.00,ne_ndot_english_standard_item_list_2010,true
ne_ndot_version_1133.00_current,ne_ndot_1133.00,,,REMOVE TRACK,,LIN FT,,ne_ndot_english_standard_item_list_2010,true
ne_ndot_version_1133.01_current,ne_ndot_1133.01,,,REMOVE TRACK,,TRACK FOOT,,ne_ndot_english_standard_item_list_2010,true
ne_ndot_version_1133.05_current,ne_ndot_1133.05,,,REMOVE RAILROAD CROSSING,,EACH,203.00,ne_ndot_english_standard_item_list_2010,true
ne_ndot_version_1133.10_current,ne_ndot_1133.10,,,REMOVE PEDESTRIAN RAILROAD CROSSING,,EACH,,ne_ndot_english_standard_item_list_2010,true
ne_ndot_version_1134.00_current,ne_ndot_1134.00,,,REMOVE AND RELOCATE GATE,,EACH,,ne_ndot_english_standard_item_list_2010,true
ne_ndot_version_1135.00_current,ne_ndot_1135.00,,,REMOVE STEEL CATTLE GUARD,,EACH,203.00,ne_ndot_english_standard_item_list_2010,true
ne_ndot_version_1135.25_historical,ne_ndot_1135.25,,,TRENCH DRAIN,,LF,,ne_ndot_aup_calendar_2021,false
ne_ndot_version_1135.27_current,ne_ndot_1135.27,,,TRENCH DRAIN,,EACH,,ne_ndot_english_standard_item_list_2010,true
ne_ndot_version_1135.28_current,ne_ndot_1135.28,,,DRAIN,,TON,,ne_ndot_english_standard_item_list_2010,true
ne_ndot_version_1135.40_current,ne_ndot_1135.40,,,TRUCK INSPECTION RAMP,,EACH,,ne_ndot_english_standard_item_list_2010,true
ne_ndot_version_1135.50_current,ne_ndot_1135.50,,,SCALE PIT,,EACH,,ne_ndot_english_standard_item_list_2010,true
ne_ndot_version_1135.51_current,ne_ndot_1135.51,,,SCALE PIT,,EACH,,ne_ndot_english_standard_item_list_2010,true
ne_ndot_version_1135.55_current,ne_ndot_1135.55,,,WEIGH-IN-MOTION DEVICE,,EACH,,ne_ndot_english_standard_item_list_2010,true
ne_ndot_version_1135.58_current,ne_ndot_1135.58,,,REMOVE CONCRETE OBSTRUCTION,,LUMP SUM,,ne_ndot_english_standard_item_list_2010,true
ne_ndot_version_1135.59_current,ne_ndot_1135.59,,,REMOVE CONCRETE BUNKER,,EACH,,ne_ndot_english_standard_item_list_2010,true
ne_ndot_version_1136.00_current,ne_ndot_1136.00,,,REMOVE CONCRETE WIER,,EACH,,ne_ndot_english_standard_item_list_2010,true
ne_ndot_version_1136.01_historical,ne_ndot_1136.01,,,REMOVE,,EACH,,ne_ndot_aup_july_june_2025_2026,false
ne_ndot_version_1136.02_historical,ne_ndot_1136.02,,,REMOVE,,EACH,,ne_ndot_aup_july_june_2019_2020,false
ne_ndot_version_1136.03_current,ne_ndot_1136.03,,,REMOVE,,EACH,203.00,ne_ndot_english_standard_item_list_2010,true
ne_ndot_version_1136.04_current,ne_ndot_1136.04,,,REMOVE,,EACH,203.00,ne_ndot_english_standard_item_list_2010,true
ne_ndot_version_1136.05_current,ne_ndot_1136.05,,,REMOVE,,EACH,203.00,ne_ndot_english_standard_item_list_2010,true
ne_ndot_version_1136.06_current,ne_ndot_1136.06,,,REMOVE,,EACH,203.00,ne_ndot_english_standard_item_list_2010,true
ne_ndot_version_1136.07_current,ne_ndot_1136.07,,,REMOVE,,LIN FT,203.00,ne_ndot_english_standard_item_list_2010,true
ne_ndot_version_1136.08_current,ne_ndot_1136.08,,,REMOVE,,CU YD,,ne_ndot_english_standard_item_list_2010,true
ne_ndot_version_1136.09_current,ne_ndot_1136.09,,,REMOVE,,LIN FT,203.00,ne_ndot_english_standard_item_list_2010,true
ne_ndot_version_1136.10_current,ne_ndot_1136.10,,,REMOVE,,LUMP SUM,203.00,ne_ndot_english_standard_item_list_2010,true
ne_ndot_version_1136.11_current,ne_ndot_1136.11,,,REMOVE,,SQ YD,203.00,ne_ndot_english_standard_item_list_2010,true
ne_ndot_version_1136.12_current,ne_ndot_1136.12,,,REMOVE,,STATION,,ne_ndot_english_standard_item_list_2010,true
ne_ndot_version_1136.14_historical,ne_ndot_1136.14,,,REMOVE,,EACH,,ne_ndot_aup_july_june_2017_2018,false
ne_ndot_version_1136.15_historical,ne_ndot_1136.15,,,REMOVE,,SF,,ne_ndot_aup_july_june_2018_2019,false
ne_ndot_version_1136.16_historical,ne_ndot_1136.16,,,REMOVE,,EACH,,ne_ndot_aup_july_june_2017_2018,false
ne_ndot_version_1136.50_historical,ne_ndot_1136.50,,,REMOVE AGGREGATE STOCKPILE,,LS,,ne_ndot_aup_july_june_2018_2019,false
ne_ndot_version_1137.00_current,ne_ndot_1137.00,,,REMOVE AND RESET HISTORICAL MARKER,,EACH,,ne_ndot_english_standard_item_list_2010,true
ne_ndot_version_1137.10_current,ne_ndot_1137.10,,,REMOVE AND RESET STONE PILLAR,,EACH,,ne_ndot_english_standard_item_list_2010,true
ne_ndot_version_1137.47_historical,ne_ndot_1137.47,,,REMOVE AND RESET,,LF,,ne_ndot_aup_july_june_2021_2022,false
ne_ndot_version_1137.50_current,ne_ndot_1137.50,,,REMOVE AND RESET,,LUMP SUM,,ne_ndot_english_standard_item_list_2010,true
ne_ndot_version_1137.51_current,ne_ndot_1137.51,,,REMOVE AND RESET,,EACH,,ne_ndot_english_standard_item_list_2010,true
ne_ndot_version_1137.52_current,ne_ndot_1137.52,,,REMOVE AND RESET,,EACH,,ne_ndot_english_standard_item_list_2010,true
ne_ndot_version_1143.00_current,ne_ndot_1143.00,,,REMOVE DRIVEWAY CULVERT PIPE,,LIN FT,203.00,ne_ndot_english_standard_item_list_2010,true
ne_ndot_version_1143.10_current,ne_ndot_1143.10,,,REMOVE CASING,,LIN FT,,ne_ndot_english_standard_item_list_2010,true
ne_ndot_version_1230.00_current,ne_ndot_1230.00,,,REMOVE AND RESET INERTIAL BARRIER,,EACH,,ne_ndot_english_standard_item_list_2010,true
ne_ndot_version_1230.50_current,ne_ndot_1230.50,,,REMOVE AND SALVAGE INERTIAL BARRIER,,EACH,,ne_ndot_english_standard_item_list_2010,true
ne_ndot_version_1300.12_current,ne_ndot_1300.12,,,"12"" DRIVEWAY CULVERT PIPE",,LIN FT,721.00,ne_ndot_english_standard_item_list_2010,true
ne_ndot_version_1300.15_current,ne_ndot_1300.15,,,"15"" DRIVEWAY CULVERT PIPE",,LIN FT,721.00,ne_ndot_english_standard_item_list_2010,true
ne_ndot_version_1300.18_current,ne_ndot_1300.18,,,"18"" DRIVEWAY CULVERT PIPE",,LIN FT,721.00,ne_ndot_english_standard_item_list_2010,true
ne_ndot_version_1300.21_current,ne_ndot_1300.21,,,"21"" DRIVEWAY CULVERT PIPE",,LIN FT,721.00,ne_ndot_english_standard_item_list_2010,true
ne_ndot_version_1300.24_current,ne_ndot_1300.24,,,"24"" DRIVEWAY CULVERT PIPE",,LIN FT,721.00,ne_ndot_english_standard_item_list_2010,true
ne_ndot_version_1300.30_current,ne_ndot_1300.30,,,"30"" DRIVEWAY CULVERT PIPE",,LIN FT,721.00,ne_ndot_english_standard_item_list_2010,true
ne_ndot_version_1300.36_current,ne_ndot_1300.36,,,"36"" DRIVEWAY CULVERT PIPE",,LIN FT,721.00,ne_ndot_english_standard_item_list_2010,true
ne_ndot_version_1300.42_current,ne_ndot_1300.42,,,"42"" DRIVEWAY CULVERT PIPE",,LIN FT,721.00,ne_ndot_english_standard_item_list_2010,true
ne_ndot_version_1300.48_current,ne_ndot_1300.48,,,"48"" DRIVEWAY CULVERT PIPE",,LIN FT,721.00,ne_ndot_english_standard_item_list_2010,true
ne_ndot_version_1300.54_current,ne_ndot_1300.54,,,"54"" DRIVEWAY CULVERT PIPE",,LIN FT,721.00,ne_ndot_english_standard_item_list_2010,true
ne_ndot_version_1300.60_current,ne_ndot_1300.60,,,"60"" DRIVEWAY CULVERT PIPE",,LIN FT,721.00,ne_ndot_english_standard_item_list_2010,true
ne_ndot_version_1300.66_current,ne_ndot_1300.66,,,"66"" DRIVEWAY CULVERT PIPE",,LIN FT,721.00,ne_ndot_english_standard_item_list_2010,true
ne_ndot_version_1300.72_current,ne_ndot_1300.72,,,"72"" DRIVEWAY CULVERT PIPE",,LIN FT,721.00,ne_ndot_english_standard_item_list_2010,true
ne_ndot_version_1300.84_current,ne_ndot_1300.84,,,"84"" DRIVEWAY CULVERT PIPE",,LIN FT,721.00,ne_ndot_english_standard_item_list_2010,true
ne_ndot_version_1305.15_current,ne_ndot_1305.15,,,"15"" ROUND EQUIVALENT DRIVEWAY CULVERT PIPE",,LIN FT,721.00,ne_ndot_english_standard_item_list_2010,true
ne_ndot_version_1305.18_current,ne_ndot_1305.18,,,"18"" ROUND EQUIVALENT DRIVEWAY CULVERT PIPE",,LIN FT,721.00,ne_ndot_english_standard_item_list_2010,true
ne_ndot_version_1305.24_current,ne_ndot_1305.24,,,"24"" ROUND EQUIVALENT DRIVEWAY CULVERT PIPE",,LIN FT,721.00,ne_ndot_english_standard_item_list_2010,true
ne_ndot_version_1305.30_current,ne_ndot_1305.30,,,"30"" ROUND EQUIVALENT DRIVEWAY CULVERT PIPE",,LIN FT,721.00,ne_ndot_english_standard_item_list_2010,true
ne_ndot_version_1305.36_current,ne_ndot_1305.36,,,"36"" ROUND EQUIVALENT DRIVEWAY CULVERT PIPE",,LIN FT,721.00,ne_ndot_english_standard_item_list_2010,true
ne_ndot_version_1305.42_current,ne_ndot_1305.42,,,"42"" ROUND EQUIVALENT DRIVEWAY CULVERT PIPE",,LIN FT,721.00,ne_ndot_english_standard_item_list_2010,true
ne_ndot_version_1305.48_current,ne_ndot_1305.48,,,"48"" ROUND EQUIVALENT DRIVEWAY CULVERT PIPE",,LIN FT,721.00,ne_ndot_english_standard_item_list_2010,true
ne_ndot_version_1305.54_current,ne_ndot_1305.54,,,"54"" ROUND EQUIVALENT DRIVEWAY CULVERT PIPE",,LIN FT,721.00,ne_ndot_english_standard_item_list_2010,true
ne_ndot_version_1305.60_current,ne_ndot_1305.60,,,"60"" ROUND EQUIVALENT DRIVEWAY CULVERT PIPE",,LIN FT,721.00,ne_ndot_english_standard_item_list_2010,true
ne_ndot_version_1305.61_current,ne_ndot_1305.61,,,"60"" ROUND EQUIVALENT CORRUGATED METAL PIPE",,LIN FT,721.00,ne_ndot_english_standard_item_list_2010,true
ne_ndot_version_1305.66_current,ne_ndot_1305.66,,,"66"" ROUND EQUIVALENT DRIVEWAY CULVERT PIPE",,LIN FT,721.00,ne_ndot_english_standard_item_list_2010,true
ne_ndot_version_1305.72_current,ne_ndot_1305.72,,,"72"" ROUND EQUIVALENT DRIVEWAY CULVERT PIPE",,LIN FT,721.00,ne_ndot_english_standard_item_list_2010,true
ne_ndot_version_1310.18_current,ne_ndot_1310.18,,,"18"" ROUND EQUIVALENT REINFORCED CONCRETE PIPE FOR DRIVEWAY CULVERT PIPE",,LIN FT,721.00,ne_ndot_english_standard_item_list_2010,true
ne_ndot_version_1310.24_current,ne_ndot_1310.24,,,"24"" ROUND EQUIVALENT REINFORCED CONCRETE PIPE FOR DRIVEWAY CULVERT PIPE",,LIN FT,721.00,ne_ndot_english_standard_item_list_2010,true
ne_ndot_version_1310.30_current,ne_ndot_1310.30,,,"30"" ROUND EQUIVALENT REINFORCED CONCRETE PIPE FOR DRIVEWAY CULVERT PIPE",,LIN FT,721.00,ne_ndot_english_standard_item_list_2010,true
ne_ndot_version_1310.36_current,ne_ndot_1310.36,,,"36"" ROUND EQUIVALENT REINFORCED CONCRETE PIPE FOR DRIVEWAY CULVERT PIPE",,LIN FT,721.00,ne_ndot_english_standard_item_list_2010,true
ne_ndot_version_1310.42_current,ne_ndot_1310.42,,,"42"" ROUND EQUIVALENT REINFORCED CONCRETE PIPE FOR DRIVEWAY CULVERT PIPE",,LIN FT,721.00,ne_ndot_english_standard_item_list_2010,true
ne_ndot_version_1310.48_current,ne_ndot_1310.48,,,"48"" ROUND EQUIVALENT REINFORCED CONCRETE PIPE FOR DRIVEWAY CULVERT PIPE",,LIN FT,721.00,ne_ndot_english_standard_item_list_2010,true
ne_ndot_version_1310.54_current,ne_ndot_1310.54,,,"54"" ROUND EQUIVALENT REINFORCED CONCRETE PIPE FOR DRIVEWAY CULVERT PIPE",,LIN FT,721.00,ne_ndot_english_standard_item_list_2010,true
ne_ndot_version_1315.12_current,ne_ndot_1315.12,,,"12"" REINFORCED CONCRETE PIPE FOR DRIVEWAY CULVERT PIPE",,LIN FT,721.00,ne_ndot_english_standard_item_list_2010,true
ne_ndot_version_1315.15_current,ne_ndot_1315.15,,,"15"" REINFORCED CONCRETE PIPE FOR DRIVEWAY CULVERT PIPE",,LIN FT,721.00,ne_ndot_english_standard_item_list_2010,true
ne_ndot_version_1315.18_current,ne_ndot_1315.18,,,"18"" REINFORCED CONCRETE PIPE FOR DRIVEWAY CULVERT PIPE",,LIN FT,721.00,ne_ndot_english_standard_item_list_2010,true
ne_ndot_version_1315.24_current,ne_ndot_1315.24,,,"24"" REINFORCED CONCRETE PIPE FOR DRIVEWAY CULVERT PIPE",,LIN FT,721.00,ne_ndot_english_standard_item_list_2010,true
ne_ndot_version_1315.30_current,ne_ndot_1315.30,,,"30"" REINFORCED CONCRETE PIPE FOR DRIVEWAY CULVERT PIPE",,LIN FT,721.00,ne_ndot_english_standard_item_list_2010,true
ne_ndot_version_1315.36_current,ne_ndot_1315.36,,,"36"" REINFORCED CONCRETE PIPE FOR DRIVEWAY CULVERT PIPE",,LIN FT,721.00,ne_ndot_english_standard_item_list_2010,true
ne_ndot_version_1315.42_current,ne_ndot_1315.42,,,"42"" REINFORCED CONCRETE PIPE FOR DRIVEWAY CULVERT PIPE",,LIN FT,721.00,ne_ndot_english_standard_item_list_2010,true
ne_ndot_version_1315.54_current,ne_ndot_1315.54,,,"54"" REINFORCED CONCRETE PIPE FOR DRIVEWAY CULVERT PIPE",,LIN FT,721.00,ne_ndot_english_standard_item_list_2010,true
ne_ndot_version_1320.12_current,ne_ndot_1320.12,,,"12"" CORRUGATED METAL PIPE FOR DRIVEWAY CULVERT PIPE",,LIN FT,721.00,ne_ndot_english_standard_item_list_2010,true
ne_ndot_version_1320.15_current,ne_ndot_1320.15,,,"15"" CORRUGATED METAL PIPE FOR DRIVEWAY CULVERT PIPE",,LIN FT,721.00,ne_ndot_english_standard_item_list_2010,true
ne_ndot_version_1320.18_current,ne_ndot_1320.18,,,"18"" CORRUGATED METAL PIPE FOR DRIVEWAY CULVERT PIPE",,LIN FT,721.00,ne_ndot_english_standard_item_list_2010,true
ne_ndot_version_1320.24_current,ne_ndot_1320.24,,,"24"" CORRUGATED METAL PIPE FOR DRIVEWAY CULVERT PIPE",,LIN FT,721.00,ne_ndot_english_standard_item_list_2010,true
ne_ndot_version_1320.30_current,ne_ndot_1320.30,,,"30"" CORRUGATED METAL PIPE FOR DRIVEWAY CULVERT PIPE",,LIN FT,721.00,ne_ndot_english_standard_item_list_2010,true
ne_ndot_version_1320.36_current,ne_ndot_1320.36,,,"36"" CORRUGATED METAL PIPE FOR DRIVEWAY CULVERT PIPE",,LIN FT,721.00,ne_ndot_english_standard_item_list_2010,true
ne_ndot_version_1320.42_current,ne_ndot_1320.42,,,"42"" CORRUGATED METAL PIPE FOR DRIVEWAY CULVERT PIPE",,LIN FT,721.00,ne_ndot_english_standard_item_list_2010,true
ne_ndot_version_1320.48_current,ne_ndot_1320.48,,,"48"" CORRUGATED METAL PIPE FOR DRIVEWAY CULVERT PIPE",,LIN FT,721.00,ne_ndot_english_standard_item_list_2010,true
ne_ndot_version_1320.54_current,ne_ndot_1320.54,,,"54"" CORRUGATED METAL PIPE FOR DRIVEWAY CULVERT PIPE",,LIN FT,721.00,ne_ndot_english_standard_item_list_2010,true
ne_ndot_version_1320.60_current,ne_ndot_1320.60,,,"60"" CORRUGATED METAL PIPE FOR DRIVEWAY CULVERT PIPE",,LIN FT,721.00,ne_ndot_english_standard_item_list_2010,true
ne_ndot_version_1320.66_current,ne_ndot_1320.66,,,"66"" CORRUGATED METAL PIPE FOR DRIVEWAY CULVERT PIPE",,LIN FT,721.00,ne_ndot_english_standard_item_list_2010,true
ne_ndot_version_1320.84_current,ne_ndot_1320.84,,,"84"" CORRUGATED METAL PIPE FOR DRIVEWAY CULVERT PIPE",,LIN FT,721.00,ne_ndot_english_standard_item_list_2010,true
ne_ndot_version_1321.18_historical,ne_ndot_1321.18,,,"18"" CURED IN PLACE PIPE LINER",,LF,,ne_ndot_aup_july_june_2025_2026,false
ne_ndot_version_1321.24_historical,ne_ndot_1321.24,,,"24"" CURED IN PLACE PIPE LINER",,LF,,ne_ndot_aup_july_june_2025_2026,false
ne_ndot_version_1321.30_historical,ne_ndot_1321.30,,,"30"" CURED IN PLACE PIPE LINER",,LF,,ne_ndot_aup_july_june_2025_2026,false
ne_ndot_version_1321.36_historical,ne_ndot_1321.36,,,"36"" CURED IN PLACE PIPE LINER",,LF,,ne_ndot_aup_july_june_2025_2026,false
ne_ndot_version_1321.42_historical,ne_ndot_1321.42,,,"42"" CURED IN PLACE PIPE LINER",,LF,,ne_ndot_aup_july_june_2025_2026,false
ne_ndot_version_1321.48_historical,ne_ndot_1321.48,,,"48"" CURED IN PLACE PIPE LINER",,LF,,ne_ndot_aup_july_june_2025_2026,false
ne_ndot_version_1321.54_historical,ne_ndot_1321.54,,,"54"" CURED IN PLACE PIPE LINER",,LF,,ne_ndot_aup_july_june_2025_2026,false
ne_ndot_version_1321.60_historical,ne_ndot_1321.60,,,"60"" CURED IN PLACE PIPE LINER",,LF,,ne_ndot_aup_july_june_2025_2026,false
ne_ndot_version_1321.72_historical,ne_ndot_1321.72,,,"72"" CURED IN PLACE PIPE LINER",,LF,,ne_ndot_aup_july_june_2025_2026,false
ne_ndot_version_1322.18_historical,ne_ndot_1322.18,,,"18"" ROUND EQUIVALENT CURED IN PLACE PIPE LINER",,LF,,ne_ndot_aup_july_june_2025_2026,false
ne_ndot_version_1322.24_historical,ne_ndot_1322.24,,,"24"" ROUND EQUIVALENT CURED IN PLACE PIPE LINER",,LF,,ne_ndot_aup_july_june_2025_2026,false
ne_ndot_version_1322.30_historical,ne_ndot_1322.30,,,"30"" ROUND EQUIVALENT CURED IN PLACE PIPE LINER",,LF,,ne_ndot_aup_july_june_2025_2026,false
ne_ndot_version_1322.54_historical,ne_ndot_1322.54,,,"54"" ROUND EQUIVALENT CURED IN PLACE PIPE LINER",,LF,,ne_ndot_aup_july_june_2025_2026,false
ne_ndot_version_1325.18_current,ne_ndot_1325.18,,,"18"" ROUND EQUIVALENT CORRUGATED METAL PIPE FOR DRIVEWAY CULVERT PIPE",,LIN FT,721.00,ne_ndot_english_standard_item_list_2010,true
ne_ndot_version_1325.21_current,ne_ndot_1325.21,,,"21"" ROUND EQUIVALENT CORRUGATED METAL PIPE FOR DRIVEWAY CULVERT PIPE",,LIN FT,721.00,ne_ndot_english_standard_item_list_2010,true
ne_ndot_version_1325.24_current,ne_ndot_1325.24,,,"24"" ROUND EQUIVALENT CORRUGATED METAL PIPE FOR DRIVEWAY CULVERT PIPE",,LIN FT,721.00,ne_ndot_english_standard_item_list_2010,true
ne_ndot_version_1340.24_current,ne_ndot_1340.24,,,"24"" REINFORCED CONCRETE PIPE FOR DRIVEWAY CULVERT PIPE",,LIN FT,721.00,ne_ndot_english_standard_item_list_2010,true
ne_ndot_version_1405.00_current,ne_ndot_1405.00,,,RELAYING DRIVEWAY CULVERT PIPE,,LIN FT,,ne_ndot_english_standard_item_list_2010,true
ne_ndot_version_1405.05_current,ne_ndot_1405.05,,,REMOVE AND REINSTALL DRIVEWAY CULVERT PIPE,,LIN FT,,ne_ndot_english_standard_item_list_2010,true
ne_ndot_version_1490.00_current,ne_ndot_1490.00,,,INSTALL DRIVEWAY CULVERT PIPE,,LIN FT,,ne_ndot_english_standard_item_list_2010,true
ne_ndot_version_1490.18_current,ne_ndot_1490.18,,,"INSTALL 18"" DRIVEWAY CULVERT PIPE",,LIN FT,,ne_ndot_english_standard_item_list_2010,true
ne_ndot_version_1490.24_current,ne_ndot_1490.24,,,"INSTALL 24"" DRIVEWAY CULVERT PIPE",,LIN FT,,ne_ndot_english_standard_item_list_2010,true
ne_ndot_version_1500.18_current,ne_ndot_1500.18,,,"INSTALL 18"" CORRUGATED METAL PIPE",,LIN FT,,ne_ndot_english_standard_item_list_2010,true
ne_ndot_version_1500.24_current,ne_ndot_1500.24,,,"INSTALL 24"" CORRUGATED METAL PIPE",,LIN FT,,ne_ndot_english_standard_item_list_2010,true
ne_ndot_version_1500.30_current,ne_ndot_1500.30,,,"INSTALL 30"" CORRUGATED METAL PIPE",,LIN FT,,ne_ndot_english_standard_item_list_2010,true
ne_ndot_version_1500.36_current,ne_ndot_1500.36,,,"INSTALL 36"" CORRUGATED METAL PIPE",,LIN FT,,ne_ndot_english_standard_item_list_2010,true
ne_ndot_version_1500.42_current,ne_ndot_1500.42,,,"INSTALL 42"" CORRUGATED METAL PIPE",,LIN FT,,ne_ndot_english_standard_item_list_2010,true
ne_ndot_version_1500.48_current,ne_ndot_1500.48,,,"INSTALL 48"" CORRUGATED METAL PIPE",,LIN FT,,ne_ndot_english_standard_item_list_2010,true
ne_ndot_version_1500.54_current,ne_ndot_1500.54,,,"INSTALL 54"" CORRUGATED METAL PIPE",,LIN FT,,ne_ndot_english_standard_item_list_2010,true
ne_ndot_version_1500.60_current,ne_ndot_1500.60,,,"INSTALL 60"" CORRUGATED METAL PIPE",,LIN FT,,ne_ndot_english_standard_item_list_2010,true
ne_ndot_version_1500.72_current,ne_ndot_1500.72,,,"INSTALL 72"" CORRUGATED METAL PIPE",,LIN FT,,ne_ndot_english_standard_item_list_2010,true
ne_ndot_version_1500.96_current,ne_ndot_1500.96,,,"INSTALL 96"" CORRUGATED METAL PIPE",,LIN FT,,ne_ndot_english_standard_item_list_2010,true
ne_ndot_version_1510.15_current,ne_ndot_1510.15,,,"INSTALL 15"" REINFORCED CONCRETE PIPE",,LIN FT,,ne_ndot_english_standard_item_list_2010,true
ne_ndot_version_1510.42_current,ne_ndot_1510.42,,,"INSTALL 42"" REINFORCED CONCRETE PIPE",,LIN FT,,ne_ndot_english_standard_item_list_2010,true
ne_ndot_version_1560.00_current,ne_ndot_1560.00,,,RAILROAD TRACK,,LIN FT,,ne_ndot_english_standard_item_list_2010,true
ne_ndot_version_1560.01_current,ne_ndot_1560.01,,,DOUBLE INSIDE GUARDRAIL,,TRACK FOOT,,ne_ndot_english_standard_item_list_2010,true
ne_ndot_version_1560.02_current,ne_ndot_1560.02,,,RAILROAD TRACK,,TRACK FOOT,,ne_ndot_english_standard_item_list_2010,true
ne_ndot_version_1570.00_current,ne_ndot_1570.00,,,RAILROAD WHEEL STOP,,EACH,,ne_ndot_english_standard_item_list_2010,true
ne_ndot_version_1570.50_historical,ne_ndot_1570.50,,,RAILROAD BUMPER STOP,,EACH,,ne_ndot_aup_july_june_2018_2019,false
ne_ndot_version_1571.00_current,ne_ndot_1571.00,,,TIMBER RAILROAD PEDESTRIAN CROSSING,,EACH,,ne_ndot_english_standard_item_list_2010,true
ne_ndot_version_1571.70_current,ne_ndot_1571.70,,,TEMPORARY RAILROAD CROSSING,,EACH,,ne_ndot_english_standard_item_list_2010,true
ne_ndot_version_1571.75_current,ne_ndot_1571.75,,,RAILROAD CROSSING,,EACH,,ne_ndot_english_standard_item_list_2010,true
ne_ndot_version_1572.00_current,ne_ndot_1572.00,,,TIMBER RAILROAD CROSSING,,EACH,,ne_ndot_english_standard_item_list_2010,true
ne_ndot_version_1572.25_current,ne_ndot_1572.25,,,CONCRETE RAILROAD CROSSING,,LIN FT,,ne_ndot_english_standard_item_list_2010,true
ne_ndot_version_1580.00_current,ne_ndot_1580.00,,,TEMPORARY ACCESS ROAD,,SQ YD,,ne_ndot_english_standard_item_list_2010,true
ne_ndot_version_1580.01_historical,ne_ndot_1580.01,,,TEMPORARY ACCESS SURFACING,,LS,,ne_ndot_aup_july_june_2017_2018,false
ne_ndot_version_1600.00_current,ne_ndot_1600.00,,,MONITORING INSTRUMENTATION,,LUMP SUM,,ne_ndot_english_standard_item_list_2010,true
ne_ndot_version_1600.10_current,ne_ndot_1600.10,,,REMOTE WEATHER INFORMATION SYSTEM,,LUMP SUM,,ne_ndot_english_standard_item_list_2010,true
ne_ndot_version_1600.30_current,ne_ndot_1600.30,,,REMOVE INSTRUMENTATION,,LUMP SUM,,ne_ndot_english_standard_item_list_2010,true
ne_ndot_version_1600.40_historical,ne_ndot_1600.40,,,VIBRATION MONITORING AND BUILDING CONDITION SURVEYS,,LS,,ne_ndot_aup_july_june_2020_2021,false
ne_ndot_version_1700.10_current,ne_ndot_1700.10,,,SUBGRADE REPAIR,,CU YD,,ne_ndot_english_standard_item_list_2010,true
ne_ndot_version_1700.24_current,ne_ndot_1700.24,,,"24"" DRIVEWAY CULVERT PIPE, TYPE 2 OR 5",,LIN FT,,ne_ndot_english_standard_item_list_2010,true
ne_ndot_version_1700.60_current,ne_ndot_1700.60,,,"60"" DRIVEWAY CULVERT PIPE, TYPE 2 OR 5",,LIN FT,,ne_ndot_english_standard_item_list_2010,true
ne_ndot_version_1701.12_current,ne_ndot_1701.12,,,"12"" DRIVEWAY CULVERT PIPE, TYPE 2,3,4,5,6,7 OR 8",,LIN FT,,ne_ndot_english_standard_item_list_2010,true
ne_ndot_version_1701.18_current,ne_ndot_1701.18,,,"18"" DRIVEWAY CULVERT PIPE, TYPE 2,3,4,5,6,7 OR 8",,LIN FT,721.00,ne_ndot_english_standard_item_list_2010,true
ne_ndot_version_1701.24_current,ne_ndot_1701.24,,,"24"" DRIVEWAY CULVERT PIPE, TYPE 2,3,4,5,6,7 OR 8",,LIN FT,721.00,ne_ndot_english_standard_item_list_2010,true
ne_ndot_version_1701.30_current,ne_ndot_1701.30,,,"30"" DRIVEWAY CULVERT PIPE, TYPE 2,3,4,5,6,7 OR 8",,LIN FT,721.00,ne_ndot_english_standard_item_list_2010,true
ne_ndot_version_1701.36_current,ne_ndot_1701.36,,,"36"" DRIVEWAY CULVERT PIPE, TYPE 2,3,4,5,6,7 OR 8",,LIN FT,721.00,ne_ndot_english_standard_item_list_2010,true
ne_ndot_version_1701.42_current,ne_ndot_1701.42,,,"42"" DRIVEWAY CULVERT PIPE, TYPE 2,3,4,5,6,7 OR 8",,LIN FT,721.00,ne_ndot_english_standard_item_list_2010,true
ne_ndot_version_1701.48_current,ne_ndot_1701.48,,,"48"" DRIVEWAY CULVERT PIPE, TYPE 2,3,4,5,6,7 OR 8",,LIN FT,721.00,ne_ndot_english_standard_item_list_2010,true
ne_ndot_version_1701.54_current,ne_ndot_1701.54,,,"54"" DRIVEWAY CULVERT PIPE, TYPE 2,3,4,5,6,7 OR 8",,LIN FT,721.00,ne_ndot_english_standard_item_list_2010,true
ne_ndot_version_1701.60_current,ne_ndot_1701.60,,,"60"" DRIVEWAY CULVERT PIPE, TYPE 2,3,4,5,6,7 OR 8",,LIN FT,721.00,ne_ndot_english_standard_item_list_2010,true
ne_ndot_version_1702.12_historical,ne_ndot_1702.12,,,"12"" DRIVEWAY CULVERT PIPE, TYPE 3,4 OR 5",,LF,,ne_ndot_aup_calendar_2021,false
ne_ndot_version_1702.18_current,ne_ndot_1702.18,,,"18"" DRIVEWAY CULVERT PIPE, TYPE 3,4 OR 5",,LIN FT,,ne_ndot_english_standard_item_list_2010,true
ne_ndot_version_1702.24_current,ne_ndot_1702.24,,,"24"" DRIVEWAY CULVERT PIPE, TYPE 3,4 OR 5",,LIN FT,,ne_ndot_english_standard_item_list_2010,true
ne_ndot_version_1702.30_current,ne_ndot_1702.30,,,"30"" DRIVEWAY CULVERT PIPE, TYPE 3,4 OR 5",,LIN FT,,ne_ndot_english_standard_item_list_2010,true
ne_ndot_version_1702.31_historical,ne_ndot_1702.31,,,"30"" DRIVEWAY CULVERT PIPE, TYPE 2,3,4,5,7 OR 8",,LF,,ne_ndot_aup_calendar_2019,false
ne_ndot_version_1702.35_historical,ne_ndot_1702.35,,,"36"" DRIVEWAY CULVERT PIPE, TYPE 2,3,4,5,7 OR 8",,LF,,ne_ndot_aup_july_june_2025_2026,false
ne_ndot_version_1702.36_current,ne_ndot_1702.36,,,"36"" DRIVEWAY CULVERT PIPE, TYPE 3,4 OR 5",,LIN FT,,ne_ndot_english_standard_item_list_2010,true
ne_ndot_version_1702.42_current,ne_ndot_1702.42,,,"42"" DRIVEWAY CULVERT PIPE, TYPE 3, 4, OR 5",,LIN FT,,ne_ndot_english_standard_item_list_2010,true
ne_ndot_version_1702.47_historical,ne_ndot_1702.47,,,"48"" DRIVEWAY CULVERT PIPE, TYPE 3,4 OR 5",,LF,,ne_ndot_aup_july_june_2023_2024,false
ne_ndot_version_1702.48_historical,ne_ndot_1702.48,,,"48"" DRIVEWAY CULVERT PIPE, TYPE 2,3,4,5,7 OR 8",,LF,,ne_ndot_aup_july_june_2024_2025,false
ne_ndot_version_1702.49_historical,ne_ndot_1702.49,,,"42"" DRIVEWAY CULVERT PIPE, TYPE 2,3,4,5,7 OR 8",,LF,,ne_ndot_aup_july_june_2021_2022,false
ne_ndot_version_1702.54_current,ne_ndot_1702.54,,,"54"" DRIVEWAY CULVERT PIPE, TYPE 3, 4, OR 5",,LIN FT,,ne_ndot_english_standard_item_list_2010,true
ne_ndot_version_1703.18_historical,ne_ndot_1703.18,,,"18"" DRIVEWAY CULVERT PIPE, TYPE 2,3,4 OR 5",,LF,,ne_ndot_aup_july_june_2025_2026,false
ne_ndot_version_1703.21_historical,ne_ndot_1703.21,,,"21"" ROUND EQUIVALENT DRIVEWAY CULVERT PIPE, TYPE 2,3,4 OR 5",,LF,,ne_ndot_aup_july_june_2025_2026,false
ne_ndot_version_1703.24_current,ne_ndot_1703.24,,,"24"" DRIVEWAY CULVERT PIPE, TYPE 2,3,4 OR 5",,LIN FT,,ne_ndot_english_standard_item_list_2010,true
ne_ndot_version_1703.30_historical,ne_ndot_1703.30,,,"30"" DRIVEWAY CULVERT PIPE, TYPE 2,3,4 OR 5",,LF,,ne_ndot_aup_july_june_2025_2026,false
ne_ndot_version_1703.36_historical,ne_ndot_1703.36,,,"36"" DRIVEWAY CULVERT PIPE, TYPE 2,3,4 OR 5",,LF,,ne_ndot_aup_july_june_2025_2026,false
ne_ndot_version_1703.42_current,ne_ndot_1703.42,,,"42"" DRIVEWAY CULVERT PIPE, TYPE 2,3,4 OR 5",,LIN FT,721.00,ne_ndot_english_standard_item_list_2010,true
ne_ndot_version_1703.48_current,ne_ndot_1703.48,,,"48"" DRIVEWAY CULVERT PIPE, TYPE 2,3,4 OR 5",,LIN FT,,ne_ndot_english_standard_item_list_2010,true
ne_ndot_version_1703.54_current,ne_ndot_1703.54,,,"54"" DRIVEWAY CULVERT PIPE, TYPE 2,3,4 OR 5",,LIN FT,,ne_ndot_english_standard_item_list_2010,true
ne_ndot_version_1703.60_current,ne_ndot_1703.60,,,"60"" DRIVEWAY CULVERT PIPE, TYPE 2,3,4 OR 5",,LIN FT,721.00,ne_ndot_english_standard_item_list_2010,true
ne_ndot_version_1703.66_current,ne_ndot_1703.66,,,"66"" DRIVEWAY CULVERT PIPE, TYPE 2,3,4 OR 5",,LIN FT,,ne_ndot_english_standard_item_list_2010,true
ne_ndot_version_1703.72_current,ne_ndot_1703.72,,,"72"" DRIVEWAY CULVERT PIPE 2,3,4 OR 5",,LIN FT,,ne_ndot_english_standard_item_list_2010,true
ne_ndot_version_1704.18_current,ne_ndot_1704.18,,,"18"" DRIVEWAY CULVERT PIPE, TYPE 2",,LIN FT,721.00,ne_ndot_english_standard_item_list_2010,true
ne_ndot_version_1704.24_current,ne_ndot_1704.24,,,"24"" DRIVEWAY CULVERT PIPE, TYPE 2",,LIN FT,,ne_ndot_english_standard_item_list_2010,true
ne_ndot_version_1704.30_current,ne_ndot_1704.30,,,"30"" DRIVEWAY CULVERT PIPE, TYPE 2",,LIN FT,,ne_ndot_english_standard_item_list_2010,true
ne_ndot_version_1704.36_current,ne_ndot_1704.36,,,"36"" DRIVEWAY CULVERT PIPE, TYPE 2",,LIN FT,,ne_ndot_english_standard_item_list_2010,true
ne_ndot_version_1704.42_current,ne_ndot_1704.42,,,"42"" DRIVEWAY CULVERT PIPE, TYPE 2",,LIN FT,,ne_ndot_english_standard_item_list_2010,true
ne_ndot_version_1704.48_current,ne_ndot_1704.48,,,"48"" DRIVEWAY CULVERT PIPE, TYPE 2",,LIN FT,,ne_ndot_english_standard_item_list_2010,true
ne_ndot_version_1705.18_historical,ne_ndot_1705.18,,,"18"" ROUND EQUIVALENT DRIVEWAY CULVERT PIPE, TYPE 2,3,4 OR 5",,LF,,ne_ndot_aup_july_june_2024_2025,false
ne_ndot_version_1705.24_current,ne_ndot_1705.24,,,"24"" ROUND EQUIVALENT DRIVEWAY CULVERT PIPE, TYPE 2,3,4 OR 5",,LIN FT,,ne_ndot_english_standard_item_list_2010,true
ne_ndot_version_1705.30_current,ne_ndot_1705.30,,,"30"" ROUND EQUIVALENT DRIVEWAY CULVERT PIPE, TYPE 2,3,4 OR 5",,LIN FT,,ne_ndot_english_standard_item_list_2010,true
ne_ndot_version_1705.36_current,ne_ndot_1705.36,,,"36"" ROUND EQUIVALENT DRIVEWAY CULVERT PIPE, TYPE 2,3,4 OR 5",,LIN FT,,ne_ndot_english_standard_item_list_2010,true
ne_ndot_version_1705.42_current,ne_ndot_1705.42,,,"42"" ROUND EQUIVALENT DRIVEWAY CULVERT PIPE, TYPE 2,3,4 OR 5",,LIN FT,,ne_ndot_english_standard_item_list_2010,true
ne_ndot_version_1705.48_current,ne_ndot_1705.48,,,"48"" ROUND EQUIVALENT DRIVEWAY CULVERT PIPE, TYPE 2,3,4 OR 5",,LIN FT,,ne_ndot_english_standard_item_list_2010,true
ne_ndot_version_1705.54_current,ne_ndot_1705.54,,,"54"" ROUND EQUIVALENT DRIVEWAY CULVERT PIPE, TYPE 2,3,4 OR 5",,LIN FT,,ne_ndot_english_standard_item_list_2010,true
ne_ndot_version_1705.60_historical,ne_ndot_1705.60,,,"60"" ROUND EQUIVALENT DRIVEWAY CULVERT PIPE, TYPE 2,3,4 OR 5",,LF,,ne_ndot_aup_july_june_2024_2025,false
ne_ndot_version_1706.18_historical,ne_ndot_1706.18,,,"18"" ROUND EQUIVALENT DRIVEWAY CULVERT PIPE, TYPE 2",,LF,,ne_ndot_aup_july_june_2025_2026,false
ne_ndot_version_1706.24_current,ne_ndot_1706.24,,,"24"" ROUND EQUIVALENT DRIVEWAY CULVERT PIPE, TYPE 2",,LIN FT,,ne_ndot_english_standard_item_list_2010,true
ne_ndot_version_1706.30_current,ne_ndot_1706.30,,,"30"" ROUND EQUIVALENT DRIVEWAY CULVERT PIPE, TYPE 2",,LIN FT,,ne_ndot_english_standard_item_list_2010,true
ne_ndot_version_1706.36_current,ne_ndot_1706.36,,,"36"" ROUND EQUIVALENT DRIVEWAY CULVERT PIPE, TYPE 2",,LIN FT,,ne_ndot_english_standard_item_list_2010,true
ne_ndot_version_1706.42_current,ne_ndot_1706.42,,,"42"" ROUND EQUIVALENT DRIVEWAY CULVERT PIPE, TYPE 2",,LIN FT,,ne_ndot_english_standard_item_list_2010,true
ne_ndot_version_1706.48_current,ne_ndot_1706.48,,,"48"" ROUND EQUIVALENT DRIVEWAY CULVERT PIPE, TYPE 2",,LIN FT,721.00,ne_ndot_english_standard_item_list_2010,true
ne_ndot_version_1706.54_current,ne_ndot_1706.54,,,"54"" ROUND EQUIVALENT DRIVEWAY CULVERT PIPE, TYPE 2",,LIN FT,721.00,ne_ndot_english_standard_item_list_2010,true
ne_ndot_version_1706.72_current,ne_ndot_1706.72,,,"72"" ROUND EQUIVALENT DRIVEWAY CULVERT PIPE, TYPE 2",,LIN FT,,ne_ndot_english_standard_item_list_2010,true
ne_ndot_version_1707.30_current,ne_ndot_1707.30,,,"30"" ROUND EQUIVALENT DRIVEWAY CULVERT PIPE, TYPE 3,4 OR 5",,LIN FT,721.05,ne_ndot_english_standard_item_list_2010,true
ne_ndot_version_1708.24_current,ne_ndot_1708.24,,,"24"" DRIVEWAY CULVERT PIPE, TYPE 3",,LIN FT,,ne_ndot_english_standard_item_list_2010,true
ne_ndot_version_1708.48_historical,ne_ndot_1708.48,,,"48"" ROUND EQUIVALENT DRIVEWAY CULVERT PIPE, TYPE 3, 4, OR 5",,LF,,ne_ndot_aup_july_june_2020_2021,false
ne_ndot_version_1710.24_historical,ne_ndot_1710.24,,,"24"" DRIVEWAY CULVERT PIPE, TYPE 2,5,6,7 OR 8",,LF,,ne_ndot_aup_july_june_2021_2022,false
ne_ndot_version_1710.36_historical,ne_ndot_1710.36,,,"36"" DRIVEWAY CULVERT PIPE, TYPE 2,5,6,7 OR 8",,LF,,ne_ndot_aup_calendar_2022,false
ne_ndot_version_1711.24_historical,ne_ndot_1711.24,,,"24"" DRIVEWAY CULVERT PIPE, TYPE 3,4,5 OR 6",,LF,,ne_ndot_aup_july_june_2022_2023,false
ne_ndot_version_1712.36_historical,ne_ndot_1712.36,,,"36"" DRIVEWAY CULVERT PIPE, TYPE 2,5,7 OR 8",,LF,,ne_ndot_aup_calendar_2024,false
ne_ndot_version_1800.01_current,ne_ndot_1800.01,,,RELOCATE,,LUMP SUM,,ne_ndot_english_standard_item_list_2010,true
ne_ndot_version_1800.03_current,ne_ndot_1800.03,,,RELOCATE BENCHMARK,,EACH,,ne_ndot_english_standard_item_list_2010,true
ne_ndot_version_1800.20_current,ne_ndot_1800.20,,,RELOCATE ASPHALT PAD,,EACH,,ne_ndot_english_standard_item_list_2010,true
ne_ndot_version_1900.00_current,ne_ndot_1900.00,,,FUEL COST ADJUSTMENT,,LUMP SUM,,ne_ndot_english_standard_item_list_2010,true
ne_ndot_version_1900.01_current,ne_ndot_1900.01,,,FUEL COST ADJUSTMENT,,CU YD,,ne_ndot_english_standard_item_list_2010,true
ne_ndot_version_1900.02_current,ne_ndot_1900.02,,,TRANSPORTATION CHARGES,,LUMP SUM,,ne_ndot_english_standard_item_list_2010,true
ne_ndot_version_1900.03_current,ne_ndot_1900.03,,,CREDIT FOR WORK NOT PERFORMED,,LUMP SUM,,ne_ndot_english_standard_item_list_2010,true
ne_ndot_version_1900.05_current,ne_ndot_1900.05,,,FORCE ACCOUNT AGREEMENT,,LUMP SUM,,ne_ndot_english_standard_item_list_2010,true
ne_ndot_version_1900.10_current,ne_ndot_1900.10,,,PLACING,,CU YD,,ne_ndot_english_standard_item_list_2010,true
ne_ndot_version_1900.11_current,ne_ndot_1900.11,,,REMOVAL,,EACH,,ne_ndot_english_standard_item_list_2010,true
ne_ndot_version_1900.12_current,ne_ndot_1900.12,,,ASBESTOS ABATEMENT,,LUMP SUM,,ne_ndot_english_standard_item_list_2010,true
ne_ndot_version_1900.13_current,ne_ndot_1900.13,,,ASBESTOS ABATEMENT,,LUMP SUM,,ne_ndot_english_standard_item_list_2010,true
ne_ndot_version_1900.80_current,ne_ndot_1900.80,,,ROCK CROSS VANE STRUCTURE,,EACH,,ne_ndot_english_standard_item_list_2010,true
ne_ndot_version_1900.81_historical,ne_ndot_1900.81,,,DROP J-HOOK VANE,,EACH,,ne_ndot_aup_july_june_2018_2019,false
ne_ndot_version_1900.82_current,ne_ndot_1900.82,,,BANK STABILIZATION,,LIN FT,,ne_ndot_english_standard_item_list_2010,true
ne_ndot_version_1900.85_historical,ne_ndot_1900.85,,,EXISTING CHANNEL STABILIZATION,,TON,,ne_ndot_aup_july_june_2018_2019,false
ne_ndot_version_1901.00_current,ne_ndot_1901.00,,,STORED MATERIAL,,EACH,,ne_ndot_english_standard_item_list_2010,true
ne_ndot_version_1901.01_current,ne_ndot_1901.01,,,STORED MATERIAL NOT INCORPORATED,,SQ YD,,ne_ndot_english_standard_item_list_2010,true
ne_ndot_version_1901.04_current,ne_ndot_1901.04,,,STORED MATERIAL,,LUMP SUM,,ne_ndot_english_standard_item_list_2010,true
ne_ndot_version_1905.00_current,ne_ndot_1905.00,,,MATERIAL DELIVERED NOT INCORPORATED,,LUMP SUM,,ne_ndot_english_standard_item_list_2010,true
ne_ndot_version_1905.15_current,ne_ndot_1905.15,,,CORRECTION,,LUMP SUM,,ne_ndot_english_standard_item_list_2010,true
ne_ndot_version_1910.00_current,ne_ndot_1910.00,,,DETOUR UTILIZATION,,CAL DAY,,ne_ndot_english_standard_item_list_2010,true
ne_ndot_version_1910.10_current,ne_ndot_1910.10,,,DETOUR UTILIZATION,,CAL DAY,,ne_ndot_english_standard_item_list_2010,true
ne_ndot_version_1910.15_current,ne_ndot_1910.15,,,MAINTAIN CONTRACTOR ACCESS ROAD,,LUMP SUM,,ne_ndot_english_standard_item_list_2010,true
ne_ndot_version_1910.16_current,ne_ndot_1910.16,,,CONSTRUCTION ENTRANCE,,LUMP SUM,,ne_ndot_english_standard_item_list_2010,true
ne_ndot_version_1910.18_historical,ne_ndot_1910.18,,,CONSTRUCTION ENTRANCE,,EACH,,ne_ndot_aup_july_june_2025_2026,false
ne_ndot_version_1950.50_historical,ne_ndot_1950.50,,,GRADE CONTROL STRUCTURE,,EACH,,ne_ndot_aup_calendar_2024,false
ne_ndot_version_1990.00_current,ne_ndot_1990.00,,,FOREMAN,,HOUR,,ne_ndot_english_standard_item_list_2010,true
ne_ndot_version_1990.01_current,ne_ndot_1990.01,,,LABOR,,HOUR,,ne_ndot_english_standard_item_list_2010,true
ne_ndot_version_1990.02_current,ne_ndot_1990.02,,,LABOR,,LUMP SUM,,ne_ndot_english_standard_item_list_2010,true
ne_ndot_version_1990.03_current,ne_ndot_1990.03,,,SECURITY GUARD,,HOUR,,ne_ndot_english_standard_item_list_2010,true
ne_ndot_version_1990.05_current,ne_ndot_1990.05,,,RENTAL OF STOCKPILE SITE,,LUMP SUM,,ne_ndot_english_standard_item_list_2010,true
ne_ndot_version_1990.06_current,ne_ndot_1990.06,,,EQUIPMENT RENTAL,,LUMP SUM,,ne_ndot_english_standard_item_list_2010,true
ne_ndot_version_1990.07_current,ne_ndot_1990.07,,,CHANNEL RELOCATION,,LUMP SUM,,ne_ndot_english_standard_item_list_2010,true
ne_ndot_version_1995.00_current,ne_ndot_1995.00,,,STABILIZED CONSTRUCTION EXIT,,EACH,,ne_ndot_english_standard_item_list_2010,true
ne_ndot_version_1995.01_historical,ne_ndot_1995.01,,,CONSTRUCTION EXIT,,LS,,ne_ndot_aup_calendar_2019,false
ne_ndot_version_2001.00_current,ne_ndot_2001.00,,,GRAVEL SURFACE COURSE,,CU YD,310.00,ne_ndot_english_standard_item_list_2010,true
ne_ndot_version_2001.03_current,ne_ndot_2001.03,,,GRAVEL SURFACE COURSE,,TON,310.00,ne_ndot_english_standard_item_list_2010,true
ne_ndot_version_2001.10_current,ne_ndot_2001.10,,,"GRAVEL SURFACE COURSE, CLASS X",,CU YD,,ne_ndot_english_standard_item_list_2010,true
ne_ndot_version_2001.20_current,ne_ndot_2001.20,,,GRAVEL FOR TEMPORARY SURFACING,,CU YD,,ne_ndot_english_standard_item_list_2010,true
ne_ndot_version_2002.00_current,ne_ndot_2002.00,,,FURNISH GRAVEL,,TON,311.00,ne_ndot_english_standard_item_list_2010,true
ne_ndot_version_2002.01_current,ne_ndot_2002.01,,,FURNISH GRAVEL,,CU YD,311.00,ne_ndot_english_standard_item_list_2010,true
ne_ndot_version_2002.02_historical,ne_ndot_2002.02,,,GRAVEL,,CY,,ne_ndot_aup_calendar_2018,false
ne_ndot_version_2005.50_current,ne_ndot_2005.50,,,CLAY SURFACE COURSE,,CU YD,,ne_ndot_english_standard_item_list_2010,true
ne_ndot_version_2005.55_current,ne_ndot_2005.55,,,CLAY SURFACE COURSE,,STATION,,ne_ndot_english_standard_item_list_2010,true
ne_ndot_version_2009.00_current,ne_ndot_2009.00,,,GRAVEL EMBEDMENT,,MILE,,ne_ndot_english_standard_item_list_2010,true
ne_ndot_version_2009.10_current,ne_ndot_2009.10,,,GRAVEL EMBEDMENT,,STATION,,ne_ndot_english_standard_item_list_2010,true
ne_ndot_version_2009.20_current,ne_ndot_2009.20,,,GRAVEL EMBEDMENT,,SQ YD,,ne_ndot_english_standard_item_list_2010,true
ne_ndot_version_2009.30_current,ne_ndot_2009.30,,,GRANULAR EMBEDMENT - EXTRA WORK,,LUMP SUM,,ne_ndot_english_standard_item_list_2010,true
ne_ndot_version_2009.50_current,ne_ndot_2009.50,,,CRUSHED ROCK EMBEDMENT,,MILE,,ne_ndot_english_standard_item_list_2010,true
ne_ndot_version_2009.51_current,ne_ndot_2009.51,,,CRUSHED ROCK EMBEDMENT,,STATION,,ne_ndot_english_standard_item_list_2010,true
ne_ndot_version_2009.52_current,ne_ndot_2009.52,,,CRUSHED ROCK EMBEDMENT,,SQ YD,,ne_ndot_english_standard_item_list_2010,true
ne_ndot_version_2010.00_current,ne_ndot_2010.00,,,CRUSHED ROCK SURFACE COURSE,,CU YD,310.00,ne_ndot_english_standard_item_list_2010,true
ne_ndot_version_2010.03_current,ne_ndot_2010.03,,,CRUSHED ROCK SURFACE COURSE,,TON,310.00,ne_ndot_english_standard_item_list_2010,true
ne_ndot_version_2010.25_current,ne_ndot_2010.25,,,ROCK SURFACE COURSE,,CU YD,,ne_ndot_english_standard_item_list_2010,true
ne_ndot_version_2011.05_current,ne_ndot_2011.05,,,CRUSHED ROCK FOR TEMPORARY SURFACING,,TON,,ne_ndot_english_standard_item_list_2010,true
ne_ndot_version_2012.00_current,ne_ndot_2012.00,,,ROCK SHOULDER CONSTRUCTION,,STATION,,ne_ndot_english_standard_item_list_2010,true
ne_ndot_version_2015.00_current,ne_ndot_2015.00,,,CRUSHED ROCK BEDDING,,TON,,ne_ndot_english_standard_item_list_2010,true
ne_ndot_version_2015.02_current,ne_ndot_2015.02,,,CRUSHED ROCK BEDDING,,CU YD,,ne_ndot_english_standard_item_list_2010,true
ne_ndot_version_2016.99_current,ne_ndot_2016.99,,,CRUSHED ROCK,,TON,,ne_ndot_english_standard_item_list_2010,true
ne_ndot_version_2017.00_current,ne_ndot_2017.00,,,CRUSHED ROCK,,TON,,ne_ndot_english_standard_item_list_2010,true
ne_ndot_version_2017.01_current,ne_ndot_2017.01,,,CRUSHED ROCK,,CU YD,,ne_ndot_english_standard_item_list_2010,true
ne_ndot_version_2017.04_historical,ne_ndot_2017.04,,,"LIMESTONE, 3/4"" CRUSHER RUN",,CY,,ne_ndot_aup_calendar_2018,false
ne_ndot_version_2017.05_current,ne_ndot_2017.05,,,FURNISH CRUSHED ROCK,,TON,311.00,ne_ndot_english_standard_item_list_2010,true
ne_ndot_version_2017.06_historical,ne_ndot_2017.06,,,"1"" WASHED STONE",,CY,,ne_ndot_aup_july_june_2023_2024,false
ne_ndot_version_2017.10_current,ne_ndot_2017.10,,,LIMESTONE SCREENINGS,,TON,,ne_ndot_english_standard_item_list_2010,true
ne_ndot_version_2018.00_current,ne_ndot_2018.00,,,CRUSHED CONCRETE FOR TEMPORARY SURFACING,,TON,,ne_ndot_english_standard_item_list_2010,true
ne_ndot_version_2018.02_current,ne_ndot_2018.02,,,CRUSHED CONCRETE SURFACE COURSE,,CU YD,,ne_ndot_english_standard_item_list_2010,true
ne_ndot_version_2018.05_current,ne_ndot_2018.05,,,CRUSHED CONCRETE SURFACE COURSE,,TON,,ne_ndot_english_standard_item_list_2010,true
ne_ndot_version_2018.15_current,ne_ndot_2018.15,,,"1 1/2"" CRUSHED CONCRETE FOR TEMPORARY SURFACING",,TON,,ne_ndot_english_standard_item_list_2010,true
ne_ndot_version_2018.20_current,ne_ndot_2018.20,,,COARSE CRUSHED CONCRETE,,TON,,ne_ndot_english_standard_item_list_2010,true
ne_ndot_version_2018.50_current,ne_ndot_2018.50,,,CRUSHING,,TON,,ne_ndot_english_standard_item_list_2010,true
ne_ndot_version_2019.00_current,ne_ndot_2019.00,,,QUARRY RUN MATERIAL,,TON,,ne_ndot_english_standard_item_list_2010,true
ne_ndot_version_2020.00_current,ne_ndot_2020.00,,,SPECIAL SURFACE COURSE FOR MAILBOX TURNOUTS,,SQ YD,912.00,ne_ndot_english_standard_item_list_2010,true
ne_ndot_version_2020.20_current,ne_ndot_2020.20,,,SPECIAL SURFACE COURSE,,SQ YD,,ne_ndot_english_standard_item_list_2010,true
ne_ndot_version_2020.22_current,ne_ndot_2020.22,,,SPECIAL SURFACE COURSE,,TON,,ne_ndot_english_standard_item_list_2010,true
ne_ndot_version_2020.50_current,ne_ndot_2020.50,,,SURFACING,,SQ YD,,ne_ndot_english_standard_item_list_2010,true
ne_ndot_version_2020.51_current,ne_ndot_2020.51,,,SURFACING,,SQ YD,,ne_ndot_english_standard_item_list_2010,true
ne_ndot_version_2020.75_current,ne_ndot_2020.75,,,CRUSHED CONCRETE SURFACING,,STATION,,ne_ndot_english_standard_item_list_2010,true
ne_ndot_version_2020.90_current,ne_ndot_2020.90,,,CONSTRUCTION ENTRANCE,,TON,,ne_ndot_english_standard_item_list_2010,true
ne_ndot_version_2021.00_current,ne_ndot_2021.00,,,MAILBOX POST,,EACH,921.00,ne_ndot_english_standard_item_list_2010,true
ne_ndot_version_2021.05_current,ne_ndot_2021.05,,,REMOVE AND RESET MAILBOX,,EACH,,ne_ndot_english_standard_item_list_2010,true
ne_ndot_version_2021.10_current,ne_ndot_2021.10,,,TEMPORARY MAILBOX POST,,EACH,,ne_ndot_english_standard_item_list_2010,true
ne_ndot_version_2021.15_historical,ne_ndot_2021.15,,,TEMPORARY MAILBOX,,EACH,,ne_ndot_aup_calendar_2020,false
ne_ndot_version_2040.00_current,ne_ndot_2040.00,,,CALCIUM CHLORIDE APPLIED,,TON,309.00,ne_ndot_english_standard_item_list_2010,true
ne_ndot_version_2040.01_current,ne_ndot_2040.01,,,CALCIUM CLORIDE APPLIED,,M GAL,,ne_ndot_english_standard_item_list_2010,true
ne_ndot_version_2040.02_current,ne_ndot_2040.02,,,"CALCIUM CLORIDE, TYPE II",,TON,,ne_ndot_english_standard_item_list_2010,true
ne_ndot_version_2040.03_historical,ne_ndot_2040.03,,,HERBICIDE APPLIED,,SY,,ne_ndot_aup_calendar_2025,false
ne_ndot_version_2090.00_current,ne_ndot_2090.00,,,COARSE AGGREGATE,,CU YD,,ne_ndot_english_standard_item_list_2010,true
ne_ndot_version_2090.01_current,ne_ndot_2090.01,,,COARSE AGGREGATE,,CU YD,,ne_ndot_english_standard_item_list_2010,true
ne_ndot_version_2090.02_current,ne_ndot_2090.02,,,COARSE AGGREGATE,,TON,,ne_ndot_english_standard_item_list_2010,true
ne_ndot_version_2090.03_historical,ne_ndot_2090.03,,,SAND BAG,,EACH,,ne_ndot_aup_july_june_2018_2019,false
ne_ndot_version_2090.05_current,ne_ndot_2090.05,,,AGGREGATES,,TON,,ne_ndot_english_standard_item_list_2010,true
ne_ndot_version_2090.10_current,ne_ndot_2090.10,,,SAND,,TON,,ne_ndot_english_standard_item_list_2010,true
ne_ndot_version_2800.00_current,ne_ndot_2800.00,,,HAULING,,TON,,ne_ndot_english_standard_item_list_2010,true
ne_ndot_version_3001.00_current,ne_ndot_3001.00,,,BREAK CONCRETE PAVEMENT,,SQ YD,203.00,ne_ndot_english_standard_item_list_2010,true
ne_ndot_version_3003.00_current,ne_ndot_3003.00,,,GLARE SCREEN BLADE,,EACH,,ne_ndot_english_standard_item_list_2010,true
ne_ndot_version_3008.00_current,ne_ndot_3008.00,,,"2"" EXPANSION JOINT",,LIN FT,,ne_ndot_english_standard_item_list_2010,true
ne_ndot_version_3008.02_current,ne_ndot_3008.02,,,METER SOCKET,,EACH,,ne_ndot_english_standard_item_list_2010,true
ne_ndot_version_3008.05_current,ne_ndot_3008.05,,,TIE BARS,,EACH,909.00,ne_ndot_english_standard_item_list_2010,true
ne_ndot_version_3008.10_current,ne_ndot_3008.10,,,"TIE BARS, TYPE A",,EACH,,ne_ndot_english_standard_item_list_2010,true
ne_ndot_version_3008.11_current,ne_ndot_3008.11,,,"TIE BARS, TYPE B",,EACH,,ne_ndot_english_standard_item_list_2010,true
ne_ndot_version_3008.15_current,ne_ndot_3008.15,,,DOWEL BAR RETROFIT,,EACH,,ne_ndot_english_standard_item_list_2010,true
ne_ndot_version_3008.16_current,ne_ndot_3008.16,,,DOWEL BAR,,EACH,,ne_ndot_english_standard_item_list_2010,true
ne_ndot_version_3008.18_current,ne_ndot_3008.18,,,DOWEL BAR BASKET,,EACH,,ne_ndot_english_standard_item_list_2010,true
ne_ndot_version_3008.20_current,ne_ndot_3008.20,,,CROSS STITCHING,,EACH,,ne_ndot_english_standard_item_list_2010,true
ne_ndot_version_3009.00_current,ne_ndot_3009.00,,,PRECAST CONCRETE CURB STOP,,EACH,,ne_ndot_english_standard_item_list_2010,true
ne_ndot_version_3009.10_current,ne_ndot_3009.10,,,PRECAST CONCRETE CURB,,LIN FT,,ne_ndot_english_standard_item_list_2010,true
ne_ndot_version_3009.50_current,ne_ndot_3009.50,,,CURB CUT,,EACH,,ne_ndot_english_standard_item_list_2010,true
ne_ndot_version_3009.64_historical,ne_ndot_3009.64,,,"PRECAST CONCRETE PANEL 10""",,SY,,ne_ndot_aup_july_june_2021_2022,false
ne_ndot_version_3009.65_historical,ne_ndot_3009.65,,,"PRECAST CONCRETE PANEL 12""",,SY,,ne_ndot_aup_july_june_2021_2022,false
ne_ndot_version_3009.95_historical,ne_ndot_3009.95,,,CONCRETE,,EACH,,ne_ndot_aup_july_june_2018_2019,false
ne_ndot_version_3009.99_historical,ne_ndot_3009.99,,,CONCRETE,,CY,,ne_ndot_aup_calendar_2018,false
ne_ndot_version_3010.03_current,ne_ndot_3010.03,,,CONCRETE CLASS 47B-3500 CURB,,LIN FT,606.00,ne_ndot_english_standard_item_list_2010,true
ne_ndot_version_3010.12_current,ne_ndot_3010.12,,,"CONCRETE CLASS 47B-3500 LIP CURB, TYPE II",,LIN FT,,ne_ndot_english_standard_item_list_2010,true
ne_ndot_version_3010.13_current,ne_ndot_3010.13,,,CONCRETE CLASS 47B-3500 LIP CURB,,LIN FT,,ne_ndot_english_standard_item_list_2010,true
ne_ndot_version_3010.40_current,ne_ndot_3010.40,,,CONCRETE CURB REPAIR,,SQ YD,,ne_ndot_english_standard_item_list_2010,true
ne_ndot_version_3010.41_current,ne_ndot_3010.41,,,CONCRETE CURB REPAIR TACK-ON CURB,,LIN FT,,ne_ndot_english_standard_item_list_2010,true
ne_ndot_version_3010.42_current,ne_ndot_3010.42,,,CONCRETE CURB REPAIR,,LIN FT,,ne_ndot_english_standard_item_list_2010,true
ne_ndot_version_3010.44_historical,ne_ndot_3010.44,,,REMOVE AND REPLACE SIDEWALK,,SF,,ne_ndot_aup_july_june_2025_2026,false
ne_ndot_version_3010.45_historical,ne_ndot_3010.45,,,REMOVE AND REPLACE ROADWAY,,SY,,ne_ndot_aup_july_june_2025_2026,false
ne_ndot_version_3010.46_current,ne_ndot_3010.46,,,REMOVE AND SALVAGE,,EACH,,ne_ndot_english_standard_item_list_2010,true
ne_ndot_version_3010.47_current,ne_ndot_3010.47,,,REMOVE AND REPLACE,,EACH,,ne_ndot_english_standard_item_list_2010,true
ne_ndot_version_3010.48_current,ne_ndot_3010.48,,,INSTALL GRANITE CURB,,LIN FT,,ne_ndot_english_standard_item_list_2010,true
ne_ndot_version_3010.49_current,ne_ndot_3010.49,,,CONCRETE DELINEATOR STRIP,,LIN FT,,ne_ndot_english_standard_item_list_2010,true
ne_ndot_version_3010.50_current,ne_ndot_3010.50,,,GRANITE CURB,,LIN FT,,ne_ndot_english_standard_item_list_2010,true
ne_ndot_version_3010.51_current,ne_ndot_3010.51,,,REMOVE & RESET GRANITE CURB,,LIN FT,,ne_ndot_english_standard_item_list_2010,true
ne_ndot_version_3010.52_current,ne_ndot_3010.52,,,INSTALL SANDSTONE CURB,,LIN FT,,ne_ndot_english_standard_item_list_2010,true
ne_ndot_version_3010.53_current,ne_ndot_3010.53,,,REMOVE & SALVAGE SANDSTONE CURB,,LIN FT,,ne_ndot_english_standard_item_list_2010,true
ne_ndot_version_3010.54_current,ne_ndot_3010.54,,,REMOVE & SALVAGE GRANITE CURB,,LIN FT,,ne_ndot_english_standard_item_list_2010,true
ne_ndot_version_3010.55_current,ne_ndot_3010.55,,,REMOVE & SALVAGE BRICK PAVERS,,SQ YD,,ne_ndot_english_standard_item_list_2010,true
ne_ndot_version_3010.57_historical,ne_ndot_3010.57,,,REMOVE AND SALVAGE,,EACH,,ne_ndot_aup_july_june_2018_2019,false
ne_ndot_version_3011.20_historical,ne_ndot_3011.20,,,CONCRETE CLASS 47B-3500 CURB TYPE II,,LF,,ne_ndot_aup_july_june_2018_2019,false
ne_ndot_version_3011.25_current,ne_ndot_3011.25,,,"CONCRETE CLASS 47B-3500 CURB, TYPE II",,LIN FT,606.00,ne_ndot_english_standard_item_list_2010,true
ne_ndot_version_3011.26_current,ne_ndot_3011.26,,,"CONCRETE CLASS 47B-3500 CURB, TYPE I",,LIN FT,606.05,ne_ndot_english_standard_item_list_2010,true
ne_ndot_version_3012.04_current,ne_ndot_3012.04,,,CONCRETE CLASS 47B-3500 MEDIAN CURB,,LIN FT,606.00,ne_ndot_english_standard_item_list_2010,true
ne_ndot_version_3012.05_historical,ne_ndot_3012.05,,,CONCRETE CLASS 47B-3000 MEDIAN CURB,,LF,,ne_ndot_aup_calendar_2022,false
ne_ndot_version_3012.08_current,ne_ndot_3012.08,,,CONCRETE CLASS 47B-3500 MEDIAN LIP CURB,,LIN FT,,ne_ndot_english_standard_item_list_2010,true
ne_ndot_version_3013.02_current,ne_ndot_3013.02,,,CONCRETE BARRIER CURB SPECIAL,,LIN FT,,ne_ndot_english_standard_item_list_2010,true
ne_ndot_version_3013.10_current,ne_ndot_3013.10,,,CONCRETE CLASS 47B-3000 BARRIER CURB,,LIN FT,606.00,ne_ndot_english_standard_item_list_2010,true
ne_ndot_version_3013.12_current,ne_ndot_3013.12,,,CONCRETE CLASS 47BD-4000 MEDIAN BARRIER CURB,,LIN FT,,ne_ndot_english_standard_item_list_2010,true
ne_ndot_version_3013.13_current,ne_ndot_3013.13,,,CONCRETE CLASS 47BD-4000 BARRIER CURB,,LIN FT,606.00,ne_ndot_english_standard_item_list_2010,true
ne_ndot_version_3013.14_current,ne_ndot_3013.14,,,CONCRETE CLASS 47BD-4000 BARRIER CURB,,LIN FT,606.00,ne_ndot_english_standard_item_list_2010,true
ne_ndot_version_3013.15_current,ne_ndot_3013.15,,,CONCRETE CLASS 47B-3500 BARRIER CURB,,LIN FT,606.00,ne_ndot_english_standard_item_list_2010,true
ne_ndot_version_3013.16_current,ne_ndot_3013.16,,,CONCRETE CLASS 47BD-4000 BARRIER CURB,,LIN FT,606.00,ne_ndot_english_standard_item_list_2010,true
ne_ndot_version_3013.17_current,ne_ndot_3013.17,,,"CONCRETE CLASS 47B-3500 BARRIER CURB, TYPE A",,LIN FT,606.00,ne_ndot_english_standard_item_list_2010,true
ne_ndot_version_3013.18_current,ne_ndot_3013.18,,,CONCRETE CLASS 47B-3500 BARRIER CURB,,LIN FT,606.00,ne_ndot_english_standard_item_list_2010,true
ne_ndot_version_3013.19_current,ne_ndot_3013.19,,,CONCRETE CLASS 47BD-4000 SEPARATION BARRIER RAIL,,LIN FT,,ne_ndot_english_standard_item_list_2010,true
ne_ndot_version_3013.20_historical,ne_ndot_3013.20,,,CONCRETE CLASS 47BD-4000 BARRIER RAIL,,LF,,ne_ndot_aup_july_june_2025_2026,false
ne_ndot_version_3013.25_current,ne_ndot_3013.25,,,CONCRETE CLASS 47BD-4000 BARRIER TERMINAL SECTION,,EACH,,ne_ndot_english_standard_item_list_2010,true
ne_ndot_version_3013.26_current,ne_ndot_3013.26,,,CONCRETE CLASS 47BD-4000 BARRIER TERMINAL SECTION,,EACH,,ne_ndot_english_standard_item_list_2010,true
ne_ndot_version_3013.30_current,ne_ndot_3013.30,,,CONCRETE CLASS 47BD-4000 BARRIER TRANSITION SECTION,,EACH,,ne_ndot_english_standard_item_list_2010,true
ne_ndot_version_3013.31_current,ne_ndot_3013.31,,,CONCRETE CLASS 47BD-4000 BARRIER TRANSITION SECTION,,EACH,,ne_ndot_english_standard_item_list_2010,true
ne_ndot_version_3013.32_current,ne_ndot_3013.32,,,CONCRETE CLASS 47BD-4000 BARRIER TRANSITION SECTION,,EACH,,ne_ndot_english_standard_item_list_2010,true
ne_ndot_version_3013.33_current,ne_ndot_3013.33,,,CONCRETE CLASS 47BD-4000 BARRIER TRANSITION SECTION,,EACH,,ne_ndot_english_standard_item_list_2010,true
ne_ndot_version_3013.34_current,ne_ndot_3013.34,,,CONCRETE CLASS 47BD-4000 BARRIER TRANSITION SECTION,,EACH,,ne_ndot_english_standard_item_list_2010,true
ne_ndot_version_3013.35_current,ne_ndot_3013.35,,,CONCRETE CLASS 47BD-4000 BARRIER TRANSITION SECTION,,EACH,,ne_ndot_english_standard_item_list_2010,true
ne_ndot_version_3013.36_current,ne_ndot_3013.36,,,CONCRETE CLASS 47BD-4000 BARRIER TRANSITION SECTION,,EACH,,ne_ndot_english_standard_item_list_2010,true
ne_ndot_version_3013.37_current,ne_ndot_3013.37,,,CONCRETE CLASS 47BD-4000 BARRIER TRANSITION SECTION,,EACH,,ne_ndot_english_standard_item_list_2010,true
ne_ndot_version_3013.50_current,ne_ndot_3013.50,,,CONCRETE CLASS 47BD-4000 MEDIAN BARRIER CURB,,LIN FT,,ne_ndot_english_standard_item_list_2010,true
ne_ndot_version_3013.55_current,ne_ndot_3013.55,,,CONCRETE CLASS 47BD-4000 SPLIT CONCRETE MEDIAN BARRIER,,LIN FT,,ne_ndot_english_standard_item_list_2010,true
ne_ndot_version_3013.80_current,ne_ndot_3013.80,,,SPECIAL CONCRETE 47BD-4000 MEDIAN BARRIER,,EACH,,ne_ndot_english_standard_item_list_2010,true
ne_ndot_version_3013.81_current,ne_ndot_3013.81,,,CONCRETE CLASS 47BD-4000 MEDIAN BARRIER,,EACH,,ne_ndot_english_standard_item_list_2010,true
ne_ndot_version_3014.09_historical,ne_ndot_3014.09,,,COMBINATION CONCRETE CURB AND GUTTER,,LF,,ne_ndot_aup_july_june_2024_2025,false
ne_ndot_version_3014.11_current,ne_ndot_3014.11,,,COMBINATION CONCRETE CLASS 47B-3500 CURB AND GUTTER,,LIN FT,606.00,ne_ndot_english_standard_item_list_2010,true
ne_ndot_version_3014.13_current,ne_ndot_3014.13,,,COMBINATION CONCRETE CLASS 47B-3500 CURB AND GUTTER,,LIN FT,606.00,ne_ndot_english_standard_item_list_2010,true
ne_ndot_version_3014.14_current,ne_ndot_3014.14,,,COMBINATION CONCRETE CLASS 47B-3500 CURB AND GUTTER,,LIN FT,606.00,ne_ndot_english_standard_item_list_2010,true
ne_ndot_version_3014.15_current,ne_ndot_3014.15,,,COMBINATION CONCRETE CLASS 47B-3500 CURB AND GUTTER,,SQ YD,,ne_ndot_english_standard_item_list_2010,true
ne_ndot_version_3014.16_current,ne_ndot_3014.16,,,COMBINATION CONCRETE CLASS 47B-3500 CURB AND GUTTER,,SQ YD,,ne_ndot_english_standard_item_list_2010,true
ne_ndot_version_3014.17_current,ne_ndot_3014.17,,,COMBINATION CONCRETE CLASS 47B-HE-3500 CURB AND GUTTER,,LIN FT,606.00,ne_ndot_english_standard_item_list_2010,true
ne_ndot_version_3014.18_current,ne_ndot_3014.18,,,COMBINATION CONCRETE CLASS 47B-4000 CURB AND GUTTER,,LIN FT,,ne_ndot_english_standard_item_list_2010,true
ne_ndot_version_3015.02_current,ne_ndot_3015.02,,,CONCRETE CLASS 47B-3500 GUTTER,,SQ YD,606.00,ne_ndot_english_standard_item_list_2010,true
ne_ndot_version_3015.51_historical,ne_ndot_3015.51,,,CONCRETE MOW STRIP,,SY,,ne_ndot_aup_july_june_2017_2018,false
ne_ndot_version_3016.03_current,ne_ndot_3016.03,,,"CONCRETE CLASS 47B-3000 SIDEWALK 5""",,SQ YD,607.00,ne_ndot_english_standard_item_list_2010,true
ne_ndot_version_3016.04_historical,ne_ndot_3016.04,,,"6"" CONCRETE CLASS 47B-3000 SIDEWALKS",,SF,,ne_ndot_aup_calendar_2023,false
ne_ndot_version_3016.05_current,ne_ndot_3016.05,,,"CONCRETE CLASS 47B-3000 SIDEWALK 5""",,SQ YD,,ne_ndot_english_standard_item_list_2010,true
ne_ndot_version_3016.15_historical,ne_ndot_3016.15,,,REINFORCED SHOULDER,,SY,,ne_ndot_aup_july_june_2018_2019,false
ne_ndot_version_3016.16_historical,ne_ndot_3016.16,,,CONCRETE CLASS 47B-3500 IMPRINTED SIDEWALK,,SY,,ne_ndot_aup_calendar_2020,false
ne_ndot_version_3016.17_historical,ne_ndot_3016.17,,,CONCRETE CLASS 47B-3500 SIDEWALKS,,SY,,ne_ndot_aup_calendar_2019,false
ne_ndot_version_3016.19_current,ne_ndot_3016.19,,,REINFORCED CONCRETE CLASS 47B-3000 SIDEWALK,,SQ YD,,ne_ndot_english_standard_item_list_2010,true
ne_ndot_version_3016.20_historical,ne_ndot_3016.20,,,"CONCRETE CLASS 47B-3500 IMPRINTED SIDEWALK 6""",,SY,,ne_ndot_aup_calendar_2020,false
ne_ndot_version_3016.21_current,ne_ndot_3016.21,,,CONCRETE CLASS 47B-3000 SIDEWALKS,,SQ YD,607.00,ne_ndot_english_standard_item_list_2010,true
ne_ndot_version_3016.22_current,ne_ndot_3016.22,,,CONCRETE CLASS 47B-3500 SIDEWALK,,SQ YD,,ne_ndot_english_standard_item_list_2010,true
ne_ndot_version_3016.23_current,ne_ndot_3016.23,,,"6"" CONCRETE CLASS 47B-3000 SIDEWALKS",,SQ YD,607.00,ne_ndot_english_standard_item_list_2010,true
ne_ndot_version_3016.24_current,ne_ndot_3016.24,,,"8"" CONCRETE CLASS 47B-3000 SIDEWALKS",,SQ YD,607.00,ne_ndot_english_standard_item_list_2010,true
ne_ndot_version_3016.25_current,ne_ndot_3016.25,,,CONCRETE CLASS 47B-3000 SIDEWALK,,SQ YD,,ne_ndot_english_standard_item_list_2010,true
ne_ndot_version_3016.26_current,ne_ndot_3016.26,,,CONCRETE CLASS 47B-3000 SIDEWALK,,CU YD,,ne_ndot_english_standard_item_list_2010,true
ne_ndot_version_3016.27_current,ne_ndot_3016.27,,,COLORED IMPRINTED CONCRETE 47B-3000 SIDEWALKS,,SQ YD,,ne_ndot_english_standard_item_list_2010,true
ne_ndot_version_3016.28_current,ne_ndot_3016.28,,,CONCRETE CLASS 47BX-3000 SIDEWALK,,SQ YD,,ne_ndot_english_standard_item_list_2010,true
ne_ndot_version_3016.29_current,ne_ndot_3016.29,,,"CONCRETE CLASS 47BX-3500 SIDEWALK, 7""",,SQ YD,607.00,ne_ndot_english_standard_item_list_2010,true
ne_ndot_version_3016.30_current,ne_ndot_3016.30,,,CONCRETE CLASS 47BX-3500 SIDEWALK,,SQ YD,607.00,ne_ndot_english_standard_item_list_2010,true
ne_ndot_version_3016.31_current,ne_ndot_3016.31,,,"6"" CONCRETE CLASS 47B-3000 SIDEWALKS",,SQ YD,607.00,ne_ndot_english_standard_item_list_2010,true
ne_ndot_version_3016.32_historical,ne_ndot_3016.32,,,CONCRETE CLASS 47B-4000 SIDEWALK,,SY,,ne_ndot_aup_july_june_2020_2021,false
ne_ndot_version_3016.33_historical,ne_ndot_3016.33,,,CONCRETE CLASS 47B-3500 SIDEWALK,,SY,,ne_ndot_aup_july_june_2025_2026,false
ne_ndot_version_3016.38_current,ne_ndot_3016.38,,,DETECTABLE WARNING PANEL,,EACH,,ne_ndot_english_standard_item_list_2010,true
ne_ndot_version_3016.39_current,ne_ndot_3016.39,,,DETECTABLE WARNING PANEL,,SQ FT,,ne_ndot_english_standard_item_list_2010,true
ne_ndot_version_3016.40_historical,ne_ndot_3016.40,,,CONCRETE CLASS 47B-3500 SIDEWALK,,SY,,ne_ndot_aup_july_june_2018_2019,false
ne_ndot_version_3016.43_historical,ne_ndot_3016.43,,,"8"" CONCRETE CLASS 47B-3500 SIDEWALKS",,SY,,ne_ndot_aup_calendar_2024,false
ne_ndot_version_3016.44_historical,ne_ndot_3016.44,,,"5"" CONCRETE CLASS 47B-3500 SIDEWALKS",,SY,,ne_ndot_aup_july_june_2022_2023,false
ne_ndot_version_3016.47_historical,ne_ndot_3016.47,,,CONCRETE CLASS 47B-4000 SIDEWALKS,,SY,,ne_ndot_aup_calendar_2023,false
ne_ndot_version_3016.48_historical,ne_ndot_3016.48,,,"CLASS 47BD-4000 CONCRETE SIDEWALK 8"" DOUBLE REINFORCED",,SY,,ne_ndot_aup_july_june_2018_2019,false
ne_ndot_version_3016.49_historical,ne_ndot_3016.49,,,"CLASS 47BD-4000 CONCRETE SIDEWALK 8"" SINGLE REINFORCED",,SY,,ne_ndot_aup_july_june_2018_2019,false
ne_ndot_version_3016.50_historical,ne_ndot_3016.50,,,"4"" CONCRETE CLASS 47B-3500 SIDEWALK",,SY,,ne_ndot_aup_july_june_2025_2026,false
ne_ndot_version_3016.51_historical,ne_ndot_3016.51,,,"6"" CONCRETE CLASS 47B-3500 SIDEWALK",,SY,,ne_ndot_aup_july_june_2025_2026,false
ne_ndot_version_3016.52_historical,ne_ndot_3016.52,,,"9"" CONCRETE CLASS 47B-3500 SIDEWALK",,SY,,ne_ndot_aup_july_june_2025_2026,false
ne_ndot_version_3016.53_historical,ne_ndot_3016.53,,,"SIDEWALK, REMOVAL AND REPAIR",,SF,,ne_ndot_aup_july_june_2021_2022,false
ne_ndot_version_3016.56_historical,ne_ndot_3016.56,,,"4"" CONCRETE SURFACING, CLASS 47B-3000",,SY,,ne_ndot_aup_calendar_2022,false
ne_ndot_version_3016.57_historical,ne_ndot_3016.57,,,COLORED CONCRETE CLASS 47B-3500 SIDEWALKS,,SY,,ne_ndot_aup_july_june_2018_2019,false
ne_ndot_version_3016.58_current,ne_ndot_3016.58,,,"4"" CONCRETE SURFACING",,SQ FT,,ne_ndot_english_standard_item_list_2010,true
ne_ndot_version_3016.59_current,ne_ndot_3016.59,,,"4"" CONCRETE SURFACING",,SQ YD,,ne_ndot_english_standard_item_list_2010,true
ne_ndot_version_3016.61_current,ne_ndot_3016.61,,,"5"" CONCRETE CLASS 47B-3000 BIKEWAY",,SQ YD,607.00,ne_ndot_english_standard_item_list_2010,true
ne_ndot_version_3016.62_current,ne_ndot_3016.62,,,"6"" CONCRETE CLASS 47B-3000 BIKEWAY",,SQ YD,607.00,ne_ndot_english_standard_item_list_2010,true
ne_ndot_version_3016.63_current,ne_ndot_3016.63,,,"7"" CONCRETE CLASS 47B-3000 BIKEWAY",,SQ YD,607.00,ne_ndot_english_standard_item_list_2010,true
ne_ndot_version_3016.64_current,ne_ndot_3016.64,,,"8"" CONCRETE CLASS 47B-3000 BIKEWAY",,SQ YD,607.00,ne_ndot_english_standard_item_list_2010,true
ne_ndot_version_3016.65_historical,ne_ndot_3016.65,,,"5"" CONCRETE CLASS 47B-3500 BIKEWAY",,SY,,ne_ndot_aup_calendar_2025,false
ne_ndot_version_3016.66_current,ne_ndot_3016.66,,,"4"" CONCRETE CLASS 47B-3000 BIKEWAY",,SQ YD,607.00,ne_ndot_english_standard_item_list_2010,true
ne_ndot_version_3016.68_current,ne_ndot_3016.68,,,"9"" CONCRETE CLASS 47B-3000 BIKEWAY",,SQ YD,607.00,ne_ndot_english_standard_item_list_2010,true
ne_ndot_version_3016.70_current,ne_ndot_3016.70,,,"10"" CONCRETE CLASS 47B-3000 BIKEWAY",,SQ YD,607.00,ne_ndot_english_standard_item_list_2010,true
ne_ndot_version_3016.71_current,ne_ndot_3016.71,,,"6"" CONCRETE CLASS 47B-3500 BIKEWAY",,SQ YD,607.00,ne_ndot_english_standard_item_list_2010,true
ne_ndot_version_3016.73_historical,ne_ndot_3016.73,,,"8"" CONCRETE CLASS 47B-3500 BIKEWAY",,SY,,ne_ndot_aup_calendar_2022,false
ne_ndot_version_3016.74_current,ne_ndot_3016.74,,,"9"" CONCRETE CLASS 47B-3500 BIKEWAY",,SQ YD,607.00,ne_ndot_english_standard_item_list_2010,true
ne_ndot_version_3016.81_historical,ne_ndot_3016.81,,,"CONCRETE CLASS 47B-3500 9"" IMPRINTED",,SY,,ne_ndot_aup_july_june_2017_2018,false
ne_ndot_version_3016.84_historical,ne_ndot_3016.84,,,"6"" CONCRETE CLASS 47B-4000 IMPRINTED SIDEWALKS",,SY,,ne_ndot_aup_july_june_2020_2021,false
ne_ndot_version_3016.85_historical,ne_ndot_3016.85,,,"10"" CONCRETE CLASS 47B-4000 IMPRINTED SIDEWALKS",,SY,,ne_ndot_aup_july_june_2020_2021,false
ne_ndot_version_3016.89_historical,ne_ndot_3016.89,,,"4"" CONCRETE CLASS 47B-3500 IMPRINTED SIDEWALK",,SY,,ne_ndot_aup_july_june_2019_2020,false
ne_ndot_version_3016.91_historical,ne_ndot_3016.91,,,"6"" CONCRETE CLASS 47B-3500 IMPRINTED SIDEWALK",,SY,,ne_ndot_aup_july_june_2019_2020,false
ne_ndot_version_3016.92_historical,ne_ndot_3016.92,,,SIDEWALK JOINT COVER,,EACH,,ne_ndot_aup_july_june_2020_2021,false
ne_ndot_version_3016.93_historical,ne_ndot_3016.93,,,"9"" CONCRETE CLASS 47B-3500 IMPRINTED SIDEWALK",,SY,,ne_ndot_aup_july_june_2020_2021,false
ne_ndot_version_3016.94_historical,ne_ndot_3016.94,,,"9"" CONCRETE CLASS 47B-4000 IMPRINTED SIDEWALKS",,SY,,ne_ndot_aup_july_june_2018_2019,false
ne_ndot_version_3016.95_historical,ne_ndot_3016.95,,,"9"" CONCRETE CLASS 47B-3500 IMPRINTED SIDEWALK",,SY,,ne_ndot_aup_july_june_2018_2019,false
ne_ndot_version_3016.96_historical,ne_ndot_3016.96,,,"9"" CONCRETE CLASS 47B-3500 IMPRINTED SIDEWALK",,SY,,ne_ndot_aup_calendar_2020,false
ne_ndot_version_3016.97_historical,ne_ndot_3016.97,,,"CONCRETE CLASS 47B-4000 SIDEWALKS, 9""",,SY,,ne_ndot_aup_calendar_2018,false
ne_ndot_version_3016.99_current,ne_ndot_3016.99,,,IMPRINTED CONCRETE,,SQ YD,,ne_ndot_english_standard_item_list_2010,true
ne_ndot_version_3017.03_historical,ne_ndot_3017.03,,,"6"" CONCRETE CLASS 47B-4000 IMPRINTED MEDIAN SURFACING",,SY,,ne_ndot_aup_july_june_2023_2024,false
ne_ndot_version_3017.05_historical,ne_ndot_3017.05,,,"4"" COLORED CONCRETE MEDIAN SURFACING",,SY,,ne_ndot_aup_july_june_2020_2021,false
ne_ndot_version_3017.06_historical,ne_ndot_3017.06,,,IMPRINTED COLORED PCC MEDIAN SURFACING,,SY,,ne_ndot_aup_july_june_2025_2026,false
ne_ndot_version_3017.07_current,ne_ndot_3017.07,,,TACK-ON CONCRETE CLASS 47B-3500 MEDIAN,,SQ YD,,ne_ndot_english_standard_item_list_2010,true
ne_ndot_version_3017.08_current,ne_ndot_3017.08,,,"8"" CONCRETE IMPRINTED MEDIAN SURFACING",,SQ FT,,ne_ndot_english_standard_item_list_2010,true
ne_ndot_version_3017.09_current,ne_ndot_3017.09,,,"9"" CONCRETE CLASS 47B-3000 MEDIAN SURFACING",,SQ YD,607.00,ne_ndot_english_standard_item_list_2010,true
ne_ndot_version_3017.11_current,ne_ndot_3017.11,,,"10"" CONCRETE PAVEMENT CLASS 47B-3000 FOR MEDIAN SURFACING",,SQ YD,,ne_ndot_english_standard_item_list_2010,true
ne_ndot_version_3017.12_current,ne_ndot_3017.12,,,"10"" CONCRETE PAVEMENT CLASS 47B-3000 FOR MEDIAN SURFACING",,SQ YD,,ne_ndot_english_standard_item_list_2010,true
ne_ndot_version_3017.13_current,ne_ndot_3017.13,,,TACK-ON CONCRETE CLASS 47B-HE-3500 MEDIAN,,SQ YD,,ne_ndot_english_standard_item_list_2010,true
ne_ndot_version_3017.15_historical,ne_ndot_3017.15,,,"4"" CONCRETE CLASS 47B-3000 IMPRINTED SURFACING",,SY,,ne_ndot_aup_july_june_2025_2026,false
ne_ndot_version_3017.16_current,ne_ndot_3017.16,,,"6"" CONCRETE CLASS 47B-3000 IMPRINTED SURFACING",,SQ FT,,ne_ndot_english_standard_item_list_2010,true
ne_ndot_version_3017.17_current,ne_ndot_3017.17,,,"6"" CONCRETE CLASS 47B-3000 IMPRINTED SURFACING",,SQ YD,,ne_ndot_english_standard_item_list_2010,true
ne_ndot_version_3017.19_current,ne_ndot_3017.19,,,CONCRETE CLASS 47B-3000 IMPRINTED SURFACING,,SQ YD,,ne_ndot_english_standard_item_list_2010,true
ne_ndot_version_3017.20_historical,ne_ndot_3017.20,,,"6"" CONCRETE CLASS 47B-4000 MEDIAN SURFACING",,SY,,ne_ndot_aup_calendar_2020,false
ne_ndot_version_3017.21_current,ne_ndot_3017.21,,,CONCRETE CLASS 47B-3500 IMPRINTED SURFACING,,SQ YD,,ne_ndot_english_standard_item_list_2010,true
ne_ndot_version_3017.22_current,ne_ndot_3017.22,,,"6"" CONCRETE CLASS 47BX-4000 MEDIAN SURFACING",,SQ YD,,ne_ndot_english_standard_item_list_2010,true
ne_ndot_version_3017.24_historical,ne_ndot_3017.24,,,CONCRETE CLASS 47B-4000 MEDIAN SURFACING,,SY,,ne_ndot_aup_calendar_2023,false
ne_ndot_version_3017.25_historical,ne_ndot_3017.25,,,"5"" CONCRETE CLASS 47B-3500 MEDIAN SURFACING",,SY,,ne_ndot_aup_calendar_2018,false
ne_ndot_version_3017.26_historical,ne_ndot_3017.26,,,"6"" CONCRETE CLASS 47B-3500 IMPRINTED MEDIAN SURFACING",,SY,,ne_ndot_aup_calendar_2024,false
ne_ndot_version_3017.28_historical,ne_ndot_3017.28,,,CONCRETE CLASS 47B-3500 MEDIAN SURFACING,,SY,,ne_ndot_aup_july_june_2025_2026,false
ne_ndot_version_3017.29_current,ne_ndot_3017.29,,,"9"" IMPRINTED DOWELED CONCRETE PAVEMENT, CLASS 47B-3500",,SQ YD,603.00,ne_ndot_english_standard_item_list_2010,true
ne_ndot_version_3017.30_historical,ne_ndot_3017.30,,,"10"" IMPRINTED DOWELED CONCRETE PAVEMENT, CLASS 47B-3500",,SY,,ne_ndot_aup_july_june_2025_2026,false
ne_ndot_version_3017.31_current,ne_ndot_3017.31,,,"9"" COLOR IMPRINTED CONCRETE PAVEMENT, CLASS 47B-3500",,SQ YD,,ne_ndot_english_standard_item_list_2010,true
ne_ndot_version_3017.32_current,ne_ndot_3017.32,,,"9"" IMPRINTED CONCRETE PAVEMENT",,SQ YD,603.00,ne_ndot_english_standard_item_list_2010,true
ne_ndot_version_3017.34_historical,ne_ndot_3017.34,,,"6"" CONCRETE CLASS 47B-4000 IMPRINTED MEDIAN SURFACING",,SY,,ne_ndot_aup_july_june_2019_2020,false
ne_ndot_version_3017.37_current,ne_ndot_3017.37,,,"7"" CONCRETE CLASS 47B-3000 MEDIAN SURFACING",,SQ YD,607.00,ne_ndot_english_standard_item_list_2010,true
ne_ndot_version_3017.38_current,ne_ndot_3017.38,,,"8"" REINFORCED CONCRETE CLASS 47B-3000 MEDIAN SURFACING",,SQ YD,,ne_ndot_english_standard_item_list_2010,true
ne_ndot_version_3017.39_current,ne_ndot_3017.39,,,CONCRETE CLASS 47B-3000 MEDIAN SURFACING,,SQ YD,607.00,ne_ndot_english_standard_item_list_2010,true
ne_ndot_version_3017.40_current,ne_ndot_3017.40,,,CONCRETE CLASS 47B-3000 MEDIAN SURFACING,,SQ YD,607.00,ne_ndot_english_standard_item_list_2010,true
ne_ndot_version_3017.41_current,ne_ndot_3017.41,,,CONCRETE CLASS 47B-3000 MEDIAN SURFACING,,SQ YD,607.00,ne_ndot_english_standard_item_list_2010,true
ne_ndot_version_3017.42_current,ne_ndot_3017.42,,,"8"" CONCRETE CLASS 47B-3000 MEDIAN SURFACING",,SQ YD,607.00,ne_ndot_english_standard_item_list_2010,true
ne_ndot_version_3017.43_current,ne_ndot_3017.43,,,"6"" CONCRETE CLASS 47B-3000 MEDIAN SURFACING",,SQ YD,607.00,ne_ndot_english_standard_item_list_2010,true
ne_ndot_version_3017.44_current,ne_ndot_3017.44,,,CONCRETE CLASS 47B-3000 IMPRINTED MEDIAN SURFACING,,SQ YD,,ne_ndot_english_standard_item_list_2010,true
ne_ndot_version_3017.45_current,ne_ndot_3017.45,,,"6"" CONCRETE IMPRINTED MEDIAN SURFACING",,SQ YD,,ne_ndot_english_standard_item_list_2010,true
ne_ndot_version_3017.46_current,ne_ndot_3017.46,,,"6"" CONCRETE CLASS 47B-3000 IMPRINTED MEDIAN SURFACING",,SQ YD,,ne_ndot_english_standard_item_list_2010,true
ne_ndot_version_3017.47_current,ne_ndot_3017.47,,,"6"" CONCRETE CLASS 47B-3000 IMPRINTED MEDIAN SURFACING",,SQ YD,,ne_ndot_english_standard_item_list_2010,true
ne_ndot_version_3017.48_current,ne_ndot_3017.48,,,"6"" REINFORCED CONCRETE CLASS 47B-3000 IMPRINTED MEDIAN SURFACING",,SQ YD,,ne_ndot_english_standard_item_list_2010,true
ne_ndot_version_3017.49_current,ne_ndot_3017.49,,,"10"" CONCRETE CLASS 47B-3000 IMPRINTED MEDIAN SURFACING",,SQ YD,,ne_ndot_english_standard_item_list_2010,true
ne_ndot_version_3017.50_current,ne_ndot_3017.50,,,INTERLOCKING CONCRETE PAVER BLOCK,,SQ FT,,ne_ndot_english_standard_item_list_2010,true
ne_ndot_version_3017.51_current,ne_ndot_3017.51,,,ARTICULATING CONCRETE BLOCK,,LUMP SUM,,ne_ndot_english_standard_item_list_2010,true
ne_ndot_version_3017.52_current,ne_ndot_3017.52,,,INTERLOCKING PAVER STONES,,SQ FT,,ne_ndot_english_standard_item_list_2010,true
ne_ndot_version_3017.53_current,ne_ndot_3017.53,,,RESET PAVER STONES,,SQ FT,,ne_ndot_english_standard_item_list_2010,true
ne_ndot_version_3017.54_current,ne_ndot_3017.54,,,GRASS PAVERS,,SQ FT,,ne_ndot_english_standard_item_list_2010,true
ne_ndot_version_3017.55_current,ne_ndot_3017.55,,,SOIL GRID CONFINEMENT SYSTEM,,SQ FT,,ne_ndot_english_standard_item_list_2010,true
ne_ndot_version_3017.56_current,ne_ndot_3017.56,,,PAVER STONES,,SQ YD,,ne_ndot_english_standard_item_list_2010,true
ne_ndot_version_3017.57_current,ne_ndot_3017.57,,,BRICK PAVERS,,EACH,,ne_ndot_english_standard_item_list_2010,true
ne_ndot_version_3017.58_current,ne_ndot_3017.58,,,BRICK PAVERS,,SQ YD,,ne_ndot_english_standard_item_list_2010,true
ne_ndot_version_3017.59_current,ne_ndot_3017.59,,,INSTALL BRICK PAVERS,,SQ YD,,ne_ndot_english_standard_item_list_2010,true
ne_ndot_version_3017.60_current,ne_ndot_3017.60,,,"6"" CONCRETE CLASS 47B-3500 MEDIAN SURFACING",,SQ YD,,ne_ndot_english_standard_item_list_2010,true
ne_ndot_version_3017.61_current,ne_ndot_3017.61,,,"6"" CONCRETE",,SQ YD,,ne_ndot_english_standard_item_list_2010,true
ne_ndot_version_3017.63_historical,ne_ndot_3017.63,,,ARTICULATING CONCRETE BLOCK,,SF,,ne_ndot_aup_calendar_2020,false
ne_ndot_version_3017.64_historical,ne_ndot_3017.64,,,INSTALL BRICK PAVERS,,SF,,ne_ndot_aup_calendar_2021,false
ne_ndot_version_3017.65_historical,ne_ndot_3017.65,,,"10"" CONCRETE CLASS 47B-3000 MEDIAN SURFACING",,SY,,ne_ndot_aup_calendar_2024,false
ne_ndot_version_3017.70_historical,ne_ndot_3017.70,,,PAVER,,SF,,ne_ndot_aup_july_june_2018_2019,false
ne_ndot_version_3019.24_current,ne_ndot_3019.24,,,CONCRETE CLASS 47B-3500 ISLAND NOSE,,EACH,608.00,ne_ndot_english_standard_item_list_2010,true
ne_ndot_version_3020.06_current,ne_ndot_3020.06,,,CONCRETE DRIVEWAY,,LUMP SUM,,ne_ndot_english_standard_item_list_2010,true
ne_ndot_version_3020.20_historical,ne_ndot_3020.20,,,"CONCRETE CLASS 47B-3500 DRIVEWAY 5""",,SY,,ne_ndot_aup_calendar_2025,false
ne_ndot_version_3020.22_historical,ne_ndot_3020.22,,,"CONCRETE CLASS 47B-3500 DRIVEWAY 7""",,SY,,ne_ndot_aup_july_june_2025_2026,false
ne_ndot_version_3020.23_current,ne_ndot_3020.23,,,"CONCRETE CLASS 47B-3500 DRIVEWAY 8""",,SQ YD,609.00,ne_ndot_english_standard_item_list_2010,true
ne_ndot_version_3020.24_current,ne_ndot_3020.24,,,CONCRETE CLASS 47B-3500 DRIVEWAY,,SQ YD,609.00,ne_ndot_english_standard_item_list_2010,true
ne_ndot_version_3020.31_current,ne_ndot_3020.31,,,CONCRETE CLASS PR-3500 DRIVEWAY,,SQ YD,609.00,ne_ndot_english_standard_item_list_2010,true
ne_ndot_version_3020.32_current,ne_ndot_3020.32,,,CONCRETE 47B-HE-3500 DRIVEWAY,,SQ YD,609.00,ne_ndot_english_standard_item_list_2010,true
ne_ndot_version_3020.33_current,ne_ndot_3020.33,,,"CONCRETE CLASS 47B-3500 DRIVEWAY 9""",,SQ YD,609.00,ne_ndot_english_standard_item_list_2010,true
ne_ndot_version_3020.34_current,ne_ndot_3020.34,,,"CONCRETE CLASS 47B-3500 DRIVEWAY 10""",,SQ YD,609.00,ne_ndot_english_standard_item_list_2010,true
ne_ndot_version_3020.35_current,ne_ndot_3020.35,,,CONCRETE CLASS 47B-4000 DRIVEWAY,,SQ YD,,ne_ndot_english_standard_item_list_2010,true
ne_ndot_version_3020.37_historical,ne_ndot_3020.37,,,"CONCRETE CLASS 47B-HE-3500 6"" DRIVEWAY",,SY,,ne_ndot_aup_july_june_2025_2026,false
ne_ndot_version_3020.38_historical,ne_ndot_3020.38,,,"CONCRETE CLASS 47B-HE-3500 7"" DRIVEWAY",,SY,,ne_ndot_aup_calendar_2018,false
ne_ndot_version_3020.39_historical,ne_ndot_3020.39,,,"CONCRETE CLASS 47B-4000 DRIVEWAY 6""",,SY,,ne_ndot_aup_calendar_2020,false
ne_ndot_version_3020.40_historical,ne_ndot_3020.40,,,"CONCRETE CLASS 47B-4000 DRIVEWAY 7""",,SY,,ne_ndot_aup_july_june_2022_2023,false
ne_ndot_version_3020.41_historical,ne_ndot_3020.41,,,"CONCRETE CLASS 47B-HE-4000 DRIVEWAY 7""",,SY,,ne_ndot_aup_july_june_2017_2018,false
ne_ndot_version_3025.00_current,ne_ndot_3025.00,,,CONCRETE CLASS 47BD-4000 MEDIAN BARRIER,,LIN FT,,ne_ndot_english_standard_item_list_2010,true
ne_ndot_version_3025.04_current,ne_ndot_3025.04,,,CONCRETE CLASS 47BD-4000 MEDIAN BARRIER,,LIN FT,,ne_ndot_english_standard_item_list_2010,true
ne_ndot_version_3025.05_current,ne_ndot_3025.05,,,CONCRETE CLASS 47BD-4000 MEDIAN BARRIER,,LIN FT,,ne_ndot_english_standard_item_list_2010,true
ne_ndot_version_3026.00_current,ne_ndot_3026.00,,,CONCRETE 47BD-4000 MEDIAN BARRIER END SECTION,,EACH,,ne_ndot_english_standard_item_list_2010,true
ne_ndot_version_3026.02_historical,ne_ndot_3026.02,,,CONCRETE CLASS 47B-3000 BARRIER END SECTION,,EACH,,ne_ndot_aup_july_june_2019_2020,false
ne_ndot_version_3026.05_current,ne_ndot_3026.05,,,CONCRETE CLASS 47BD-4000 BARRIER END SECTION,,EACH,,ne_ndot_english_standard_item_list_2010,true
ne_ndot_version_3026.06_historical,ne_ndot_3026.06,,,CONCRETE CLASS 47BD-4000 BARRIER TERMINAL SECTION,,EACH,,ne_ndot_aup_july_june_2023_2024,false
ne_ndot_version_3026.30_current,ne_ndot_3026.30,,,CONCRETE CLASS 47BD-4000 BARRIER CURB,,EACH,,ne_ndot_english_standard_item_list_2010,true
ne_ndot_version_3026.98_current,ne_ndot_3026.98,,,CONCRETE CLASS 47BD-4000 MEDIAN BARRIER TRANSITION SECTION FOR SIGN SUPPORT,,EACH,,ne_ndot_english_standard_item_list_2010,true
ne_ndot_version_3027.00_current,ne_ndot_3027.00,,,CONCRETE CLASS 47BD-4000 MEDIAN BARRIER TRANSITION SECTION,,EACH,,ne_ndot_english_standard_item_list_2010,true
ne_ndot_version_3027.03_current,ne_ndot_3027.03,,,CONCRETE CLASS 47BD-4000 MEDIAN BARRIER TRANSITION SECTION,,EACH,,ne_ndot_english_standard_item_list_2010,true
ne_ndot_version_3027.04_current,ne_ndot_3027.04,,,CONCRETE CLASS 47BD-4000 MEDIAN BARRIER TRANSITION SECTION,,EACH,,ne_ndot_english_standard_item_list_2010,true
ne_ndot_version_3027.05_current,ne_ndot_3027.05,,,CONCRETE CLASS 47BD-4000 MEDIAN BARRIER TRANSITION SECTION,,EACH,,ne_ndot_english_standard_item_list_2010,true
ne_ndot_version_3027.06_current,ne_ndot_3027.06,,,CONCRETE CLASS 47BD-4000 MEDIAN BARRIER TRANSITION SECTION,,EACH,,ne_ndot_english_standard_item_list_2010,true
ne_ndot_version_3027.07_historical,ne_ndot_3027.07,,,CONCRETE CLASS 47BD-4000 MEDIAN BARRIER TRANSITION,,EACH,,ne_ndot_aup_july_june_2023_2024,false
ne_ndot_version_3030.99_current,ne_ndot_3030.99,,,CRUSHED CONCRETE BASE COURSE,,TON,,ne_ndot_english_standard_item_list_2010,true
ne_ndot_version_3031.05_current,ne_ndot_3031.05,,,"5"" CONCRETE BASE COURSE",,SQ YD,604.00,ne_ndot_english_standard_item_list_2010,true
ne_ndot_version_3031.06_current,ne_ndot_3031.06,,,"6"" CONCRETE BASE COURSE",,SQ YD,604.00,ne_ndot_english_standard_item_list_2010,true
ne_ndot_version_3031.07_current,ne_ndot_3031.07,,,"7"" CONCRETE BASE COURSE",,SQ YD,604.00,ne_ndot_english_standard_item_list_2010,true
ne_ndot_version_3031.08_current,ne_ndot_3031.08,,,"8"" CONCRETE BASE COURSE",,SQ YD,604.00,ne_ndot_english_standard_item_list_2010,true
ne_ndot_version_3031.09_current,ne_ndot_3031.09,,,"9"" CONCRETE BASE COURSE",,SQ YD,604.00,ne_ndot_english_standard_item_list_2010,true
ne_ndot_version_3031.10_current,ne_ndot_3031.10,,,"10"" CONCRETE BASE COURSE",,SQ YD,604.00,ne_ndot_english_standard_item_list_2010,true
ne_ndot_version_3031.11_current,ne_ndot_3031.11,,,"11"" CONCRETE BASE COURSE",,SQ YD,604.00,ne_ndot_english_standard_item_list_2010,true
ne_ndot_version_3031.12_current,ne_ndot_3031.12,,,"12"" CONCRETE BASE COURSE",,SQ YD,604.00,ne_ndot_english_standard_item_list_2010,true
ne_ndot_version_3031.13_current,ne_ndot_3031.13,,,"14"" CONCRETE BASE COURSE",,SQ YD,604.00,ne_ndot_english_standard_item_list_2010,true
ne_ndot_version_3031.14_current,ne_ndot_3031.14,,,"8"" CONCRETE BASE COURSE",,SQ YD,604.00,ne_ndot_english_standard_item_list_2010,true
ne_ndot_version_3031.15_current,ne_ndot_3031.15,,,"15"" CONCRETE BASE COURSE",,SQ YD,604.00,ne_ndot_english_standard_item_list_2010,true
ne_ndot_version_3031.18_current,ne_ndot_3031.18,,,"8"" DOWELED CONCRETE BASE COURSE",,SQ YD,604.00,ne_ndot_english_standard_item_list_2010,true
ne_ndot_version_3031.19_current,ne_ndot_3031.19,,,"9"" DOWELED CONCRETE BASE COURSE",,SQ YD,604.00,ne_ndot_english_standard_item_list_2010,true
ne_ndot_version_3031.20_current,ne_ndot_3031.20,,,"10"" DOWELED CONCRETE BASE COURSE",,SQ YD,,ne_ndot_english_standard_item_list_2010,true
ne_ndot_version_3031.22_historical,ne_ndot_3031.22,,,"12"" DOWELED CONCRETE BASE COURSE",,SY,,ne_ndot_aup_july_june_2025_2026,false
ne_ndot_version_3031.23_current,ne_ndot_3031.23,,,"13"" DOWELED CONCRETE BASE COURSE",,SQ YD,604.00,ne_ndot_english_standard_item_list_2010,true
ne_ndot_version_3031.24_current,ne_ndot_3031.24,,,"14"" DOWELED CONCRETE BASE COURSE",,SQ YD,604.00,ne_ndot_english_standard_item_list_2010,true
ne_ndot_version_3031.33_current,ne_ndot_3031.33,,,"13"" CONCRETE BASE COURSE",,SQ YD,604.00,ne_ndot_english_standard_item_list_2010,true
ne_ndot_version_3031.80_current,ne_ndot_3031.80,,,"8"" CONCRETE BASE COURSE CLASS PR-3500",,SQ YD,604.00,ne_ndot_english_standard_item_list_2010,true
ne_ndot_version_3032.09_current,ne_ndot_3032.09,,,"9"" CONCRETE BASE COURSE, CLASS 47B-HE-3500",,SQ YD,604.00,ne_ndot_english_standard_item_list_2010,true
ne_ndot_version_3032.18_current,ne_ndot_3032.18,,,"8"" CONCRETE BASE COURSE, CLASS 47B-HE-3500",,SQ YD,604.00,ne_ndot_english_standard_item_list_2010,true
ne_ndot_version_3039.11_current,ne_ndot_3039.11,,,"CONCRETE PAVEMENT REPAIR, TYPE A, FULL DEPTH",,CU YD,,ne_ndot_english_standard_item_list_2010,true
ne_ndot_version_3039.12_current,ne_ndot_3039.12,,,"CONCRETE PAVEMENT REPAIR, TYPE B, FULL DEPTH",,CU YD,,ne_ndot_english_standard_item_list_2010,true
ne_ndot_version_3039.13_current,ne_ndot_3039.13,,,"CONCRETE PAVEMENT REPAIR, TYPE C, FULL DEPTH",,CU YD,,ne_ndot_english_standard_item_list_2010,true
ne_ndot_version_3039.14_current,ne_ndot_3039.14,,,"CONCRETE PAVEMENT REPAIR, TYPE A, PARTIAL DEPTH",,CU YD,,ne_ndot_english_standard_item_list_2010,true
ne_ndot_version_3039.15_current,ne_ndot_3039.15,,,"CONCRETE PAVEMENT REPAIR, TYPE B, PARTIAL DEPTH",,CU YD,,ne_ndot_english_standard_item_list_2010,true
ne_ndot_version_3039.16_current,ne_ndot_3039.16,,,"CONCRETE PAVEMENT REPAIR, TYPE C, PARTIAL DEPTH",,CU YD,,ne_ndot_english_standard_item_list_2010,true
ne_ndot_version_3039.18_current,ne_ndot_3039.18,,,"CONCRETE PAVEMENT REPAIR, TYPE B, FULL DEPTH",,CU YD,,ne_ndot_english_standard_item_list_2010,true
ne_ndot_version_3039.19_current,ne_ndot_3039.19,,,"CONCRETE PAVEMENT REPAIR, TYPE C, FULL DEPTH",,CU YD,,ne_ndot_english_standard_item_list_2010,true
ne_ndot_version_3039.20_current,ne_ndot_3039.20,,,"CONCRETE PAVEMENT REPAIR, TYPE A, FULL DEPTH, 6""",,CU YD,,ne_ndot_english_standard_item_list_2010,true
ne_ndot_version_3039.21_current,ne_ndot_3039.21,,,"CONCRETE PAVEMENT REPAIR, TYPE B, FULL DEPTH, 6""",,CU YD,,ne_ndot_english_standard_item_list_2010,true
ne_ndot_version_3039.22_current,ne_ndot_3039.22,,,"CONCRETE PAVEMENT REPAIR, TYPE C, FULL DEPTH, 6""",,CU YD,,ne_ndot_english_standard_item_list_2010,true
ne_ndot_version_3039.25_historical,ne_ndot_3039.25,,,"CONCRETE PAVEMENT REPAIR, TYPE A, PARTIAL DEPTH, CLASS PR-3500 CONCRETE",,CY,,ne_ndot_aup_july_june_2017_2018,false
ne_ndot_version_3039.26_historical,ne_ndot_3039.26,,,"CONCRETE PAVEMENT REPAIR, TYPE A, FULL DEPTH, CLASS PR3-4 CONCRETE",,CY,,ne_ndot_aup_july_june_2021_2022,false
ne_ndot_version_3039.27_historical,ne_ndot_3039.27,,,"CONCRETE PAVEMENT REPAIR, TYPE B, FULL DEPTH, CLASS PR3-4 CONCRETE",,CY,,ne_ndot_aup_july_june_2021_2022,false
ne_ndot_version_3039.28_historical,ne_ndot_3039.28,,,"CONCRETE PAVEMENT REPAIR, TYPE C, FULL DEPTH, CLASS PR3-4 CONCRETE",,CY,,ne_ndot_aup_july_june_2021_2022,false
ne_ndot_version_3039.29_historical,ne_ndot_3039.29,,,"CONCRETE PAVEMENT REPAIR, TYPE A, PARTIAL DEPTH, CLASS PR3-4 CONCRETE",,CY,,ne_ndot_aup_july_june_2021_2022,false
ne_ndot_version_3039.32_historical,ne_ndot_3039.32,,,"CONCRETE PAVEMENT REPAIR, TYPE C, FULL DEPTH, CLASS PR-3500 CONCRETE",,CY,,ne_ndot_aup_july_june_2017_2018,false
ne_ndot_version_3039.33_historical,ne_ndot_3039.33,,,"CONCRETE PAVEMENT REPAIR, TYPE A, FULL DEPTH, CLASS 47B-HE-3500 CONCRETE",,CY,,ne_ndot_aup_july_june_2017_2018,false
ne_ndot_version_3039.34_historical,ne_ndot_3039.34,,,"CONCRETE PAVEMENT REPAIR, TYPE B, FULL DEPTH, CLASS 47B-HE-3500 CONCRETE",,CY,,ne_ndot_aup_july_june_2017_2018,false
ne_ndot_version_3039.35_historical,ne_ndot_3039.35,,,"CONCRETE PAVEMENT REPAIR, TYPE C, FULL DEPTH, CLASS 47B-HE-3500 CONCRETE",,CY,,ne_ndot_aup_july_june_2017_2018,false
ne_ndot_version_3039.36_historical,ne_ndot_3039.36,,,"CONCRETE PAVEMENT REPAIR, TYPE A, PARTIAL DEPTH, CLASS 47B-HE-3500 CONCRETE",,CY,,ne_ndot_aup_july_june_2017_2018,false
ne_ndot_version_3039.37_historical,ne_ndot_3039.37,,,"PAVEMENT, REMOVAL AND REPAIR",,CY,,ne_ndot_aup_july_june_2021_2022,false
ne_ndot_version_3039.40_historical,ne_ndot_3039.40,,,POLYMER CONCRETE PARTIAL DEPTH REPAIR,,CY,,ne_ndot_aup_july_june_2025_2026,false
ne_ndot_version_3040.11_current,ne_ndot_3040.11,,,"CONCRETE PAVEMENT REPAIR, TYPE A, FULL DEPTH",,SQ YD,605.00,ne_ndot_english_standard_item_list_2010,true
ne_ndot_version_3040.12_current,ne_ndot_3040.12,,,"CONCRETE PAVEMENT REPAIR, TYPE B, FULL DEPTH",,SQ YD,605.00,ne_ndot_english_standard_item_list_2010,true
ne_ndot_version_3040.13_current,ne_ndot_3040.13,,,"CONCRETE PAVEMENT REPAIR, TYPE C, FULL DEPTH",,SQ YD,605.00,ne_ndot_english_standard_item_list_2010,true
ne_ndot_version_3040.14_current,ne_ndot_3040.14,,,"CONCRETE PAVEMENT REPAIR, TYPE C, FULL DEPTH",,SQ YD,605.00,ne_ndot_english_standard_item_list_2010,true
ne_ndot_version_3040.15_current,ne_ndot_3040.15,,,"CONCRETE PAVEMENT REPAIR, TYPE B, FULL DEPTH",,SQ YD,605.00,ne_ndot_english_standard_item_list_2010,true
ne_ndot_version_3040.16_current,ne_ndot_3040.16,,,"CONCRETE PAVEMENT REPAIR, TYPE B, PARTIAL DEPTH",,SQ YD,605.00,ne_ndot_english_standard_item_list_2010,true
ne_ndot_version_3040.17_current,ne_ndot_3040.17,,,"CONCRETE PAVEMENT REPAIR, TYPE C, PARTIAL DEPTH",,SQ YD,605.00,ne_ndot_english_standard_item_list_2010,true
ne_ndot_version_3040.18_current,ne_ndot_3040.18,,,"CONCRETE PAVEMENT REPAIR, TYPE A, PARTIAL DEPTH",,SQ YD,605.00,ne_ndot_english_standard_item_list_2010,true
ne_ndot_version_3040.20_current,ne_ndot_3040.20,,,"CONCRETE PAVEMENT PATCHING, CURB REPAIR",,SQ YD,,ne_ndot_english_standard_item_list_2010,true
ne_ndot_version_3041.02_historical,ne_ndot_3041.02,,,"ASPHALT PATCHING OF PORTLAND CEMENT CONCRETE PAVEMENT, TYPE B",,SY,,ne_ndot_aup_july_june_2017_2018,false
ne_ndot_version_3041.03_historical,ne_ndot_3041.03,,,"ASPHALT PATCHING OF PORTLAND CEMENT CONCRETE PAVEMENT, TYPE C",,SY,,ne_ndot_aup_july_june_2017_2018,false
ne_ndot_version_3041.10_current,ne_ndot_3041.10,,,PAVEMENT PATCHING,,SQ YD,,ne_ndot_english_standard_item_list_2010,true
ne_ndot_version_3041.25_current,ne_ndot_3041.25,,,BITUMINOUS PATCHING,,TON,520.00,ne_ndot_english_standard_item_list_2010,true
ne_ndot_version_3045.00_historical,ne_ndot_3045.00,,,MODULAR PANELS,,SF,,ne_ndot_aup_july_june_2022_2023,false
ne_ndot_version_3050.00_current,ne_ndot_3050.00,,,CONCRETE FOR PAVEMENT APPROACHES,,CU YD,,ne_ndot_english_standard_item_list_2010,true
ne_ndot_version_3050.14_historical,ne_ndot_3050.14,,,CONCRETE FOR PAVEMENT APPROACHES CLASS 47BD-IC-4000,,CY,,ne_ndot_aup_july_june_2025_2026,false
ne_ndot_version_3050.15_current,ne_ndot_3050.15,,,CONCRETE FOR PAVEMENT APPROACHES CLASS 47BD-4000,,CU YD,603.00,ne_ndot_english_standard_item_list_2010,true
ne_ndot_version_3050.16_current,ne_ndot_3050.16,,,CONCRETE FOR PAVEMENT APPROACHES CLASS 47BD-5000,,CU YD,603.00,ne_ndot_english_standard_item_list_2010,true
ne_ndot_version_3050.17_historical,ne_ndot_3050.17,,,CONCRETE FOR PAVEMENT APPROACHES CLASS 47BD-HE-4000,,CY,,ne_ndot_aup_calendar_2020,false
ne_ndot_version_3050.18_historical,ne_ndot_3050.18,,,CONCRETE FOR PAVEMENT APPROACHES CLASS IC20-4000,,CY,,ne_ndot_aup_july_june_2022_2023,false
ne_ndot_version_3050.19_historical,ne_ndot_3050.19,,,CONCRETE FOR PAVEMENT APPROACHES CLASS 47BD-R-4000,,CY,,ne_ndot_aup_calendar_2024,false
ne_ndot_version_3050.50_historical,ne_ndot_3050.50,,,PAVEMENT APPROACH SLAB,,EACH,,ne_ndot_aup_july_june_2018_2019,false
ne_ndot_version_3051.00_current,ne_ndot_3051.00,,,REINFORCING STEEL FOR PAVEMENT APPROACHES,,POUND,,ne_ndot_english_standard_item_list_2010,true
ne_ndot_version_3051.08_current,ne_ndot_3051.08,,,GALVANIZED REINFORCING STEEL FOR PAVEMENT APPROACHES,,POUND,,ne_ndot_english_standard_item_list_2010,true
ne_ndot_version_3051.10_current,ne_ndot_3051.10,,,EPOXY COATED REINFORCING STEEL FOR PAVEMENT APPROACHES,,POUND,603.00,ne_ndot_english_standard_item_list_2010,true
ne_ndot_version_3051.15_current,ne_ndot_3051.15,,,EPOXY COATED WELDED WIRE FABRIC FOR PAVEMENT APPROACHES,,POUND,,ne_ndot_english_standard_item_list_2010,true
ne_ndot_version_3070.01_current,ne_ndot_3070.01,,,47B-SG-3000 CONCRETE SLURRY,,CU YD,,ne_ndot_english_standard_item_list_2010,true
ne_ndot_version_3070.11_current,ne_ndot_3070.11,,,"CONCRETE FOR HEADERS, CLASS 47B-3500",,CU YD,603.00,ne_ndot_english_standard_item_list_2010,true
ne_ndot_version_3070.15_current,ne_ndot_3070.15,,,CONCRETE HEADER,,LIN FT,,ne_ndot_english_standard_item_list_2010,true
ne_ndot_version_3073.43_current,ne_ndot_3073.43,,,"9.5"" CONCRETE PAVEMENT, CLASS 47B-3500",,SQ YD,603.00,ne_ndot_english_standard_item_list_2010,true
ne_ndot_version_3075.00_historical,ne_ndot_3075.00,,,"5"" CONCRETE PAVEMENT, CLASS 47B-3000",,SY,,ne_ndot_aup_july_june_2023_2024,false
ne_ndot_version_3075.02_current,ne_ndot_3075.02,,,"5"" CONCRETE PAVEMENT, CLASS 47B-3500",,SQ YD,603.00,ne_ndot_english_standard_item_list_2010,true
ne_ndot_version_3075.04_historical,ne_ndot_3075.04,,,"5"" CONCRETE CLASS 47B-3000, IMPRINTED SURFACE",,SY,,ne_ndot_aup_july_june_2017_2018,false
ne_ndot_version_3075.10_historical,ne_ndot_3075.10,,,"6"" CONCRETE PAVEMENT, CLASS 47B-3000",,SY,,ne_ndot_aup_calendar_2025,false
ne_ndot_version_3075.12_current,ne_ndot_3075.12,,,"6"" CONCRETE PAVEMENT, CLASS 47B-3500",,SQ YD,603.00,ne_ndot_english_standard_item_list_2010,true
ne_ndot_version_3075.22_current,ne_ndot_3075.22,,,"7"" CONCRETE PAVEMENT, CLASS 47B-3500",,SQ YD,603.00,ne_ndot_english_standard_item_list_2010,true
ne_ndot_version_3075.23_historical,ne_ndot_3075.23,,,"7"" CONCRETE PAVEMENT, CLASS 47B-HE-3500",,SY,,ne_ndot_aup_july_june_2022_2023,false
ne_ndot_version_3075.24_historical,ne_ndot_3075.24,,,"7"" CONCRETE PAVEMENT, CLASS 47B-4000",,SY,,ne_ndot_aup_july_june_2022_2023,false
ne_ndot_version_3075.32_current,ne_ndot_3075.32,,,"8"" CONCRETE PAVEMENT, CLASS 47B-3500",,SQ YD,603.00,ne_ndot_english_standard_item_list_2010,true
ne_ndot_version_3075.33_current,ne_ndot_3075.33,,,"8"" CONCRETE PAVEMENT, CLASS 47B-3500",,SQ YD,603.00,ne_ndot_english_standard_item_list_2010,true
ne_ndot_version_3075.34_current,ne_ndot_3075.34,,,"8"" IMPRINTED CONCRETE PAVEMENT, CLASS 47B-3500",,SQ YD,,ne_ndot_english_standard_item_list_2010,true
ne_ndot_version_3075.35_historical,ne_ndot_3075.35,,,"8"" CONCRETE PAVEMENT, CLASS 47B-4000",,SY,,ne_ndot_aup_calendar_2025,false
ne_ndot_version_3075.36_current,ne_ndot_3075.36,,,"8"" DOWELED CONCRETE PAVEMENT, CLASS 47B-3500",,SQ YD,603.00,ne_ndot_english_standard_item_list_2010,true
ne_ndot_version_3075.39_historical,ne_ndot_3075.39,,,"9"" CONCRETE PAVEMENT CLASS 47B-4000",,SY,,ne_ndot_aup_calendar_2020,false
ne_ndot_version_3075.42_current,ne_ndot_3075.42,,,"9"" CONCRETE PAVEMENT, CLASS 47B-3500",,SQ YD,603.00,ne_ndot_english_standard_item_list_2010,true
ne_ndot_version_3075.43_historical,ne_ndot_3075.43,,,"9"" CONCRETE DRIVEWAY CLASS 47B-4000",,SY,,ne_ndot_aup_calendar_2020,false
ne_ndot_version_3075.44_historical,ne_ndot_3075.44,,,"9"" IMPRINTED CONCRETE PAVEMENT, CLASS 47B-3500",,SY,,ne_ndot_aup_july_june_2019_2020,false
ne_ndot_version_3075.46_current,ne_ndot_3075.46,,,"9"" DOWELED CONCRETE PAVEMENT, CLASS 47B-3500",,SQ YD,603.00,ne_ndot_english_standard_item_list_2010,true
ne_ndot_version_3075.47_historical,ne_ndot_3075.47,,,"9"" CONCRETE DRIVEWAY CLASS 47B-HE-4000",,SY,,ne_ndot_aup_july_june_2018_2019,false
ne_ndot_version_3075.48_historical,ne_ndot_3075.48,,,"7"" CONCRETE DRIVEWAY CLASS 47B-4000",,SY,,ne_ndot_aup_calendar_2020,false
ne_ndot_version_3075.51_current,ne_ndot_3075.51,,,"10"" CONCRETE PAVEMENT, CLASS 47B-3625",,SQ YD,603.00,ne_ndot_english_standard_item_list_2010,true
ne_ndot_version_3075.52_current,ne_ndot_3075.52,,,"10"" CONCRETE PAVEMENT, CLASS 47B-3500",,SQ YD,603.00,ne_ndot_english_standard_item_list_2010,true
ne_ndot_version_3075.53_current,ne_ndot_3075.53,,,"10"" IMPRINTED CONCRETE PAVEMENT, CLASS 47B-3500",,SQ YD,603.00,ne_ndot_english_standard_item_list_2010,true
ne_ndot_version_3075.54_historical,ne_ndot_3075.54,,,"10"" COLORED CONCRETE PAVEMENT, CLASS 47B-3500",,SY,,ne_ndot_aup_july_june_2025_2026,false
ne_ndot_version_3075.55_current,ne_ndot_3075.55,,,"10"" DOWELED CONCRETE PAVEMENT, CLASS 47B-3625",,SQ YD,,ne_ndot_english_standard_item_list_2010,true
ne_ndot_version_3075.56_current,ne_ndot_3075.56,,,"10"" DOWELED CONCRETE PAVEMENT, CLASS 47B-3500",,SQ YD,603.00,ne_ndot_english_standard_item_list_2010,true
ne_ndot_version_3075.58_historical,ne_ndot_3075.58,,,"REINFORCED CONCRETE PAVEMENT, CLASS 47B-3500",,SY,,ne_ndot_aup_july_june_2025_2026,false
ne_ndot_version_3075.59_historical,ne_ndot_3075.59,,,"10"" DOWELED CONCRETE PAVEMENT, CLASS 47B-4000",,SY,,ne_ndot_aup_july_june_2020_2021,false
ne_ndot_version_3075.62_current,ne_ndot_3075.62,,,"11"" CONCRETE PAVEMENT, CLASS 47B-3500",,SQ YD,603.00,ne_ndot_english_standard_item_list_2010,true
ne_ndot_version_3075.63_historical,ne_ndot_3075.63,,,PAVING REINFORCEMENT,,SY,,ne_ndot_aup_calendar_2023,false
ne_ndot_version_3075.66_current,ne_ndot_3075.66,,,"11"" DOWELED CONCRETE PAVEMENT, CLASS 47B-3500",,SQ YD,,ne_ndot_english_standard_item_list_2010,true
ne_ndot_version_3075.67_historical,ne_ndot_3075.67,,,"11"" IMPRINTED DOWELED CONCRETE PAVEMENT, CLASS 47B-3500",,SY,,ne_ndot_aup_july_june_2019_2020,false
ne_ndot_version_3075.72_current,ne_ndot_3075.72,,,"12"" CONCRETE PAVEMENT, CLASS 47B-3500",,SQ YD,603.00,ne_ndot_english_standard_item_list_2010,true
ne_ndot_version_3075.76_current,ne_ndot_3075.76,,,"12"" DOWELED CONCRETE PAVEMENT, CLASS 47B-3500",,SQ YD,603.00,ne_ndot_english_standard_item_list_2010,true
ne_ndot_version_3075.82_current,ne_ndot_3075.82,,,"13"" CONCRETE PAVEMENT, CLASS 47B-3500",,SQ YD,603.00,ne_ndot_english_standard_item_list_2010,true
ne_ndot_version_3075.86_current,ne_ndot_3075.86,,,"13"" DOWELED CONCRETE PAVEMENT, CLASS 47B-3500",,SQ YD,603.00,ne_ndot_english_standard_item_list_2010,true
ne_ndot_version_3075.92_current,ne_ndot_3075.92,,,"14"" CONCRETE PAVEMENT, CLASS 47B-3500",,SQ YD,603.00,ne_ndot_english_standard_item_list_2010,true
ne_ndot_version_3075.93_historical,ne_ndot_3075.93,,,"15"" CONCRETE PAVEMENT, CLASS 47B-3500",,SY,,ne_ndot_aup_calendar_2025,false
ne_ndot_version_3075.96_current,ne_ndot_3075.96,,,"14"" DOWELED CONCRETE PAVEMENT, CLASS 47B-3500",,SQ YD,603.00,ne_ndot_english_standard_item_list_2010,true
ne_ndot_version_3075.97_historical,ne_ndot_3075.97,,,"15"" DOWELED CONCRETE PAVEMENT, CLASS 47B-3500",,SY,,ne_ndot_aup_calendar_2025,false
ne_ndot_version_3075.98_historical,ne_ndot_3075.98,,,"16"" CONCRETE PAVEMENT, CLASS 47B-3500",,SY,,ne_ndot_aup_calendar_2020,false
ne_ndot_version_3076.48_current,ne_ndot_3076.48,,,"9"" CONCRETE PAVEMENT, CLASS BX-3000",,SQ YD,603.00,ne_ndot_english_standard_item_list_2010,true
ne_ndot_version_3076.50_current,ne_ndot_3076.50,,,"10"" CONCRETE PAVEMENT, CLASS 47BX-3000",,SQ YD,603.00,ne_ndot_english_standard_item_list_2010,true
ne_ndot_version_3076.51_current,ne_ndot_3076.51,,,"10"" CONCRETE PAVEMENT, CLASS BX-3000",,SQ YD,603.00,ne_ndot_english_standard_item_list_2010,true
ne_ndot_version_3076.60_historical,ne_ndot_3076.60,,,"10"" CONCRETE PAVEMENT, CLASS 47B-4000",,SY,,ne_ndot_aup_july_june_2020_2021,false
ne_ndot_version_3076.65_historical,ne_ndot_3076.65,,,"11"" DOWELED CONCRETE PAVEMENT, CLASS 47B-4000",,SY,,ne_ndot_aup_july_june_2022_2023,false
ne_ndot_version_3089.25_current,ne_ndot_3089.25,,,TEMPORARY SURFACING,,SQ YD,,ne_ndot_english_standard_item_list_2010,true
ne_ndot_version_3089.40_current,ne_ndot_3089.40,,,GROUT,,SQ YD,,ne_ndot_english_standard_item_list_2010,true
ne_ndot_version_3089.42_historical,ne_ndot_3089.42,,,PAVEMENT LIFTING AND STABILIZATION,,LB,,ne_ndot_aup_july_june_2024_2025,false
ne_ndot_version_3089.46_current,ne_ndot_3089.46,,,SHOT BLASTING,,SQ YD,,ne_ndot_english_standard_item_list_2010,true
ne_ndot_version_3089.50_current,ne_ndot_3089.50,,,SURFACE PREPARATION,,SQ YD,,ne_ndot_english_standard_item_list_2010,true
ne_ndot_version_3089.54_current,ne_ndot_3089.54,,,SECONDARY SURFACE PREPARATION,,SQ YD,,ne_ndot_english_standard_item_list_2010,true
ne_ndot_version_3089.65_current,ne_ndot_3089.65,,,UNBONDED CONCRETE OVERLAY,,CU YD,,ne_ndot_english_standard_item_list_2010,true
ne_ndot_version_3089.67_current,ne_ndot_3089.67,,,BONDED CONCRETE OVERLAY,,CU YD,,ne_ndot_english_standard_item_list_2010,true
ne_ndot_version_3089.70_current,ne_ndot_3089.70,,,FIBER REINFORCED CONCRETE OVERLAY,,CU YD,,ne_ndot_english_standard_item_list_2010,true
ne_ndot_version_3089.75_current,ne_ndot_3089.75,,,CONCRETE OVERLAY PLACEMENT,,SQ YD,,ne_ndot_english_standard_item_list_2010,true
ne_ndot_version_3089.76_current,ne_ndot_3089.76,,,PLACEMENT OF CONCRETE PAVEMENT,,SQ YD,,ne_ndot_english_standard_item_list_2010,true
ne_ndot_version_3089.80_current,ne_ndot_3089.80,,,FLOWABLE FILL CONCRETE,,CU YD,,ne_ndot_english_standard_item_list_2010,true
ne_ndot_version_3089.82_current,ne_ndot_3089.82,,,CULVERT FLOWABLE FILL,,LUMP SUM,,ne_ndot_english_standard_item_list_2010,true
ne_ndot_version_3090.10_current,ne_ndot_3090.10,,,"10"" CONCRETE PAVEMENT",,SQ YD,,ne_ndot_english_standard_item_list_2010,true
ne_ndot_version_3091.00_current,ne_ndot_3091.00,,,"CONCRETE PAVEMENT, CLASS 47B-HE-3500",,SQ YD,,ne_ndot_english_standard_item_list_2010,true
ne_ndot_version_3091.15_current,ne_ndot_3091.15,,,"8"" DOWELED CONCRETE PAVEMENT, CLASS 47B-HE-3500",,SQ YD,,ne_ndot_english_standard_item_list_2010,true
ne_ndot_version_3091.16_current,ne_ndot_3091.16,,,"14"" CONCRETE PAVEMENT, CLASS 47B-HE-3500",,SQ YD,603.00,ne_ndot_english_standard_item_list_2010,true
ne_ndot_version_3091.17_current,ne_ndot_3091.17,,,"11"" CONCRETE PAVEMENT, CLASS 47B-HE-3500",,SQ YD,603.00,ne_ndot_english_standard_item_list_2010,true
ne_ndot_version_3091.18_current,ne_ndot_3091.18,,,"8"" CONCRETE PAVEMENT CLASS 47B-HE-3500",,SQ YD,603.00,ne_ndot_english_standard_item_list_2010,true
ne_ndot_version_3091.19_current,ne_ndot_3091.19,,,"9"" CONCRETE PAVEMENT, CLASS 47B-HE-3500",,SQ YD,603.00,ne_ndot_english_standard_item_list_2010,true
ne_ndot_version_3091.20_current,ne_ndot_3091.20,,,"10"" CONCRETE PAVEMENT CLASS 47B-HE-3500",,SQ YD,603.00,ne_ndot_english_standard_item_list_2010,true
ne_ndot_version_3091.21_current,ne_ndot_3091.21,,,"12"" DOWELED CONCRETE PAVEMENT, CLASS 47B-HE-3500",,SQ YD,,ne_ndot_english_standard_item_list_2010,true
ne_ndot_version_3091.22_current,ne_ndot_3091.22,,,"12"" CONCRETE PAVEMENT, CLASS 47B-HE-3500",,SQ YD,,ne_ndot_english_standard_item_list_2010,true
ne_ndot_version_3091.23_current,ne_ndot_3091.23,,,"13"" CONCRETE PAVEMENT CLASS 47B-HE-3500",,SQ YD,603.00,ne_ndot_english_standard_item_list_2010,true
ne_ndot_version_3091.25_current,ne_ndot_3091.25,,,"9"" DOWELED CONCRETE PAVEMENT, CLASS 47B-HE-3500",,SQ YD,,ne_ndot_english_standard_item_list_2010,true
ne_ndot_version_3091.27_current,ne_ndot_3091.27,,,"10"" DOWELED CONCRETE PAVEMENT, CLASS 47B-HE-3500",,SQ YD,,ne_ndot_english_standard_item_list_2010,true
ne_ndot_version_3091.31_current,ne_ndot_3091.31,,,"14"" CONCRETE PAVEMENT, CLASS 47B-HE-3500",,SQ YD,,ne_ndot_english_standard_item_list_2010,true
ne_ndot_version_3091.32_current,ne_ndot_3091.32,,,"14"" DOWELED CONCRETE PAVEMENT, CLASS 47B-HE-3500",,SQ YD,,ne_ndot_english_standard_item_list_2010,true
ne_ndot_version_3095.07_current,ne_ndot_3095.07,,,"7"" CONCRETE PAVEMENT",,SQ YD,,ne_ndot_english_standard_item_list_2010,true
ne_ndot_version_3095.10_current,ne_ndot_3095.10,,,"10"" CONCRETE PAVEMENT",,SQ YD,,ne_ndot_english_standard_item_list_2010,true
ne_ndot_version_3098.14_current,ne_ndot_3098.14,,,"14"" CONCRETE PAVEMENT, CLASS PR-3500",,SQ YD,603.00,ne_ndot_english_standard_item_list_2010,true
ne_ndot_version_3099.05_historical,ne_ndot_3099.05,,,"5"" CONCRETE SURFACING",,SY,,ne_ndot_aup_july_june_2024_2025,false
ne_ndot_version_3099.06_current,ne_ndot_3099.06,,,"6"" CONCRETE SURFACING",,SQ YD,,ne_ndot_english_standard_item_list_2010,true
ne_ndot_version_3199.50_historical,ne_ndot_3199.50,,,CONCRETE PAVEMENT REPAIR,,SY,,ne_ndot_aup_july_june_2023_2024,false
ne_ndot_version_3205.00_current,ne_ndot_3205.00,,,CONCRETE PAVEMENT JOINT REPAIR,,CU YD,,ne_ndot_english_standard_item_list_2010,true
ne_ndot_version_3205.03_historical,ne_ndot_3205.03,,,"CONCRETE PAVEMENT JOINT REPAIR, CLASS PR3-4 CONCRETE",,CY,,ne_ndot_aup_july_june_2021_2022,false
ne_ndot_version_3210.10_current,ne_ndot_3210.10,,,DIAMOND GRINDING AND TEXTURING CONCRETE PAVEMENT,,SQ YD,,ne_ndot_english_standard_item_list_2010,true
ne_ndot_version_3210.50_current,ne_ndot_3210.50,,,POLYURETHANE PAVEMENT STABILIZATION,,POUND,,ne_ndot_english_standard_item_list_2010,true
ne_ndot_version_3211.00_current,ne_ndot_3211.00,,,SEALING TRANSVERSE JOINT,,LIN FT,,ne_ndot_english_standard_item_list_2010,true
ne_ndot_version_3211.05_current,ne_ndot_3211.05,,,SEALING TRANSVERSE AND LONGITUDINAL CRACK,,LIN FT,,ne_ndot_english_standard_item_list_2010,true
ne_ndot_version_3211.10_current,ne_ndot_3211.10,,,SEALING TRANSVERSE WORKING CRACK,,LIN FT,,ne_ndot_english_standard_item_list_2010,true
ne_ndot_version_3211.15_current,ne_ndot_3211.15,,,SEALING LONGITUDINAL CRACK,,LIN FT,,ne_ndot_english_standard_item_list_2010,true
ne_ndot_version_3211.17_current,ne_ndot_3211.17,,,SEALING LONGITUDINAL JOINT,,LIN FT,,ne_ndot_english_standard_item_list_2010,true
ne_ndot_version_3211.20_current,ne_ndot_3211.20,,,TRANSVERSE CRACK SEALING ON SURFACED SHOULDER,,LIN FT,,ne_ndot_english_standard_item_list_2010,true
ne_ndot_version_3211.25_current,ne_ndot_3211.25,,,SEALING CRACKS,,LIN FT,611.00,ne_ndot_english_standard_item_list_2010,true
ne_ndot_version_3211.30_current,ne_ndot_3211.30,,,SEALING JOINTS,,LIN FT,612.00,ne_ndot_english_standard_item_list_2010,true
ne_ndot_version_3211.35_current,ne_ndot_3211.35,,,SEALING CONCRETE REPAIR JOINT,,LIN FT,,ne_ndot_english_standard_item_list_2010,true
ne_ndot_version_3220.02_current,ne_ndot_3220.02,,,"CONCRETE PAVEMENT, CLASS ""PR""",,SQ YD,,ne_ndot_english_standard_item_list_2010,true
ne_ndot_version_3220.03_current,ne_ndot_3220.03,,,"CONCRETE PAVEMENT, CLASS ""PR""",,SQ YD,,ne_ndot_english_standard_item_list_2010,true
ne_ndot_version_3221.10_current,ne_ndot_3221.10,,,COMBINATION CONCRETE CURB AND GUTTER REPAIR,,LIN FT,,ne_ndot_english_standard_item_list_2010,true
ne_ndot_version_3221.12_current,ne_ndot_3221.12,,,CONCRETE CLASS 47B-3500 COMBINATION CONCRETE CURB AND GUTTER REPAIR,,LIN FT,,ne_ndot_english_standard_item_list_2010,true
ne_ndot_version_3221.13_current,ne_ndot_3221.13,,,"CONCRETE PAVEMENT, CLASS PR-3500",,CU YD,,ne_ndot_english_standard_item_list_2010,true
ne_ndot_version_3221.15_current,ne_ndot_3221.15,,,"CONCRETE PAVEMENT, CLASS PR-3500",,SQ YD,,ne_ndot_english_standard_item_list_2010,true
ne_ndot_version_3221.16_current,ne_ndot_3221.16,,,"CONCRETE PAVEMENT, CLASS PR-3500",,SQ YD,,ne_ndot_english_standard_item_list_2010,true
ne_ndot_version_3221.17_current,ne_ndot_3221.17,,,"CONCRETE PAVEMENT, CLASS 47B-3500",,CU YD,,ne_ndot_english_standard_item_list_2010,true
ne_ndot_version_3221.18_historical,ne_ndot_3221.18,,,"CONCRETE PAVEMENT, CLASS 47B-3500",,CY,,ne_ndot_aup_july_june_2017_2018,false
ne_ndot_version_3221.19_current,ne_ndot_3221.19,,,"CONCRETE PAVEMENT, CLASS HE-3500",,CU YD,,ne_ndot_english_standard_item_list_2010,true
ne_ndot_version_3221.20_current,ne_ndot_3221.20,,,"CONCRETE PAVEMENT, CLASS HE-3500",,SQ YD,,ne_ndot_english_standard_item_list_2010,true
ne_ndot_version_3221.21_historical,ne_ndot_3221.21,,,"CONCRETE PAVEMENT, CLASS 47B-HE-3500",,CY,,ne_ndot_aup_july_june_2017_2018,false
ne_ndot_version_3222.06_current,ne_ndot_3222.06,,,"8"" CONCRETE PAVEMENT, CLASS PR-3500",,SQ YD,,ne_ndot_english_standard_item_list_2010,true
ne_ndot_version_3222.09_current,ne_ndot_3222.09,,,"9"" CONCRETE PAVEMENT, CLASS PR-3500",,SQ YD,603.00,ne_ndot_english_standard_item_list_2010,true
ne_ndot_version_3223.10_current,ne_ndot_3223.10,,,"10"" CONCRETE PAVEMENT, CLASS PR-3500",,SQ YD,603.00,ne_ndot_english_standard_item_list_2010,true
ne_ndot_version_3223.15_current,ne_ndot_3223.15,,,"10"" DOWELED CONCRETE PAVEMENT, CLASS PR-3500",,SQ YD,603.00,ne_ndot_english_standard_item_list_2010,true
ne_ndot_version_3275.10_current,ne_ndot_3275.10,,,RUBBLIZATION OF CONCRETE PAVEMENT,,SQ YD,,ne_ndot_english_standard_item_list_2010,true
ne_ndot_version_3275.20_current,ne_ndot_3275.20,,,CRUSH CONCRETE PAVEMENT,,SQ YD,312.00,ne_ndot_english_standard_item_list_2010,true
ne_ndot_version_3275.21_current,ne_ndot_3275.21,,,CRUSH CONCRETE,,TON,312.00,ne_ndot_english_standard_item_list_2010,true
ne_ndot_version_3275.25_current,ne_ndot_3275.25,,,HAULING AND STOCKPILING CRUSHED CONCRETE,,TON,,ne_ndot_english_standard_item_list_2010,true
ne_ndot_version_3275.30_current,ne_ndot_3275.30,,,SALVAGING AND STOCKPILING CRUSHED CONCRETE,,TON,,ne_ndot_english_standard_item_list_2010,true
ne_ndot_version_3275.60_current,ne_ndot_3275.60,,,STOCKPILING CONCRETE RIPRAP,,SQ YD,,ne_ndot_english_standard_item_list_2010,true
ne_ndot_version_3275.70_current,ne_ndot_3275.70,,,CRUSHING OF CONCRETE PAVEMENT,,SQ YD,,ne_ndot_english_standard_item_list_2010,true
ne_ndot_version_3275.75_current,ne_ndot_3275.75,,,SCREENING CRUSHED CONCRETE,,TON,,ne_ndot_english_standard_item_list_2010,true
ne_ndot_version_3275.90_current,ne_ndot_3275.90,,,PREPARATION OF STOCKPILE AREA,,ACRE,,ne_ndot_english_standard_item_list_2010,true
ne_ndot_version_3275.91_current,ne_ndot_3275.91,,,PREPARATION OF STOCKPILE AREA,,ACRE,,ne_ndot_english_standard_item_list_2010,true
ne_ndot_version_3300.00_current,ne_ndot_3300.00,,,TINING,,SQ YD,,ne_ndot_english_standard_item_list_2010,true
ne_ndot_version_3300.03_current,ne_ndot_3300.03,,,DEDUCTION,,LUMP SUM,,ne_ndot_english_standard_item_list_2010,true
ne_ndot_version_3300.07_current,ne_ndot_3300.07,,,SAWING JOINTS REVISED,,SQ YD,,ne_ndot_english_standard_item_list_2010,true
ne_ndot_version_3300.15_current,ne_ndot_3300.15,,,TYPE A SAWING,,LIN FT,,ne_ndot_english_standard_item_list_2010,true
ne_ndot_version_3300.17_historical,ne_ndot_3300.17,,,TYPE C SAWING,,LF,,ne_ndot_aup_calendar_2020,false
ne_ndot_version_3300.27_current,ne_ndot_3300.27,,,LINSEED OIL BASE WHITE PIGMENTED CURING COMPOUND,,GALLON,,ne_ndot_english_standard_item_list_2010,true
ne_ndot_version_3300.40_current,ne_ndot_3300.40,,,CONCRETE PAD,,EACH,,ne_ndot_english_standard_item_list_2010,true
ne_ndot_version_3300.41_current,ne_ndot_3300.41,,,CONCRETE PAD,,SQ YD,,ne_ndot_english_standard_item_list_2010,true
ne_ndot_version_3300.44_current,ne_ndot_3300.44,,,CONCRETE TERRACE,,SQ YD,,ne_ndot_english_standard_item_list_2010,true
ne_ndot_version_3300.45_current,ne_ndot_3300.45,,,STONE PAVING,,SQ YD,,ne_ndot_english_standard_item_list_2010,true
ne_ndot_version_3300.46_current,ne_ndot_3300.46,,,TEMPORARY SLOPE PROTECTION,,SQ YD,,ne_ndot_english_standard_item_list_2010,true
ne_ndot_version_3300.49_historical,ne_ndot_3300.49,,,COBBLESTONE,,TON,,ne_ndot_aup_july_june_2018_2019,false
ne_ndot_version_3300.50_current,ne_ndot_3300.50,,,PORTLAND CEMENT CONCRETE SMOOTHNESS TESTING,,LUMP SUM,603.00,ne_ndot_english_standard_item_list_2010,true
ne_ndot_version_3300.60_current,ne_ndot_3300.60,,,SMOOTHNESS INCENTIVE - CONCRETE PAVEMENT,,SQ YD,,ne_ndot_english_standard_item_list_2010,true
ne_ndot_version_3300.62_current,ne_ndot_3300.62,,,SMOOTHNESS DISINCENTIVE - CONCRETE PAVEMENT,,SQ YD,,ne_ndot_english_standard_item_list_2010,true
ne_ndot_version_3300.63_current,ne_ndot_3300.63,,,THICKNESS DISINCENTIVE - CONCRETE PAVEMENT,,SQ YD,,ne_ndot_english_standard_item_list_2010,true
ne_ndot_version_3300.64_current,ne_ndot_3300.64,,,THICKNESS DISINCENTIVE - CONCRETE PAVEMENT,,LUMP SUM,,ne_ndot_english_standard_item_list_2010,true
ne_ndot_version_3300.65_current,ne_ndot_3300.65,,,CONCRETE PAVEMENT THICKNESS CORE,,EACH,,ne_ndot_english_standard_item_list_2010,true
ne_ndot_version_3300.66_current,ne_ndot_3300.66,,,CONCRETE PAVEMENT STRENGTH CORE,,EACH,,ne_ndot_english_standard_item_list_2010,true
ne_ndot_version_3300.85_current,ne_ndot_3300.85,,,CONCRETE QC/QA,,LUMP SUM,,ne_ndot_english_standard_item_list_2010,true
ne_ndot_version_3800.00_current,ne_ndot_3800.00,,,FINE AGGREGATE STOCKPILED,,CU YD,,ne_ndot_english_standard_item_list_2010,true
ne_ndot_version_3800.02_current,ne_ndot_3800.02,,,FINE AGGREGATE STOCKPILED,,TON,,ne_ndot_english_standard_item_list_2010,true
ne_ndot_version_3800.05_current,ne_ndot_3800.05,,,FINE AGGREGATE STOCKPILED,,SQ YD,,ne_ndot_english_standard_item_list_2010,true
ne_ndot_version_3800.10_current,ne_ndot_3800.10,,,COARSE AGGREGATE STOCKPILED,,CU YD,,ne_ndot_english_standard_item_list_2010,true
ne_ndot_version_3800.12_current,ne_ndot_3800.12,,,COARSE AGGREGATE STOCKPILED,,TON,,ne_ndot_english_standard_item_list_2010,true
ne_ndot_version_3800.14_current,ne_ndot_3800.14,,,COARSE AGGREGATE STOCKPILED,,SQ YD,,ne_ndot_english_standard_item_list_2010,true
ne_ndot_version_3800.30_current,ne_ndot_3800.30,,,PORTLAND CEMENT STOCKPILED,,TON,,ne_ndot_english_standard_item_list_2010,true
ne_ndot_version_3800.31_current,ne_ndot_3800.31,,,PORTLAND CEMENT STOCKPILED,,SQ YD,,ne_ndot_english_standard_item_list_2010,true
ne_ndot_version_3800.50_current,ne_ndot_3800.50,,,REINFORCING STEEL STOCKPILED,,POUND,,ne_ndot_english_standard_item_list_2010,true
ne_ndot_version_3900.00_current,ne_ndot_3900.00,,,EXTRA CEMENT,,SACK,,ne_ndot_english_standard_item_list_2010,true
ne_ndot_version_3900.02_historical,ne_ndot_3900.02,,,CEMENTITIOUS MATERIAL,,TON,,ne_ndot_aup_calendar_2021,false
ne_ndot_version_3900.12_current,ne_ndot_3900.12,,,ADDITIONAL REBAR,,LUMP SUM,,ne_ndot_english_standard_item_list_2010,true
ne_ndot_version_3900.15_current,ne_ndot_3900.15,,,DELAY CLAIMS - PRODUCTION,,LUMP SUM,,ne_ndot_english_standard_item_list_2010,true
ne_ndot_version_3900.18_current,ne_ndot_3900.18,,,ADDITIONAL WORK,,LUMP SUM,,ne_ndot_english_standard_item_list_2010,true
ne_ndot_version_3900.19_current,ne_ndot_3900.19,,,ADDITIONAL WORK,,HOUR,,ne_ndot_english_standard_item_list_2010,true
ne_ndot_version_3900.20_current,ne_ndot_3900.20,,,ADDITIONAL COST,,LUMP SUM,,ne_ndot_english_standard_item_list_2010,true
ne_ndot_version_3900.22_current,ne_ndot_3900.22,,,ADDITIONAL COST,,CU YD,,ne_ndot_english_standard_item_list_2010,true
ne_ndot_version_3900.25_current,ne_ndot_3900.25,,,ADDITIONAL COST,,SQ YD,,ne_ndot_english_standard_item_list_2010,true
ne_ndot_version_3900.26_current,ne_ndot_3900.26,,,ADDITIONAL COST,,SQ FT,,ne_ndot_english_standard_item_list_2010,true
ne_ndot_version_3900.27_current,ne_ndot_3900.27,,,ADDITIONAL COST,,EACH,,ne_ndot_english_standard_item_list_2010,true
ne_ndot_version_3900.29_current,ne_ndot_3900.29,,,TEMPORARY TRAIL COVER,,EACH,,ne_ndot_english_standard_item_list_2010,true
ne_ndot_version_3900.40_current,ne_ndot_3900.40,,,CONCRETE SAW BLADES,,EACH,,ne_ndot_english_standard_item_list_2010,true
ne_ndot_version_3905.00_current,ne_ndot_3905.00,,,PORTLAND CEMENT,,TON,,ne_ndot_english_standard_item_list_2010,true
ne_ndot_version_3905.10_historical,ne_ndot_3905.10,,,"QUICK SET CEMENT-CAN, BRUSH ON",,EACH,,ne_ndot_aup_calendar_2018,false
ne_ndot_version_3970.00_current,ne_ndot_3970.00,,,RELOCATION,,LUMP SUM,,ne_ndot_english_standard_item_list_2010,true
ne_ndot_version_3970.05_current,ne_ndot_3970.05,,,REPAIR,,LUMP SUM,,ne_ndot_english_standard_item_list_2010,true
ne_ndot_version_3970.07_current,ne_ndot_3970.07,,,REPAIR,,SQ YD,,ne_ndot_english_standard_item_list_2010,true
ne_ndot_version_3970.10_current,ne_ndot_3970.10,,,MATERIALS,,LUMP SUM,,ne_ndot_english_standard_item_list_2010,true
ne_ndot_version_3980.00_current,ne_ndot_3980.00,,,SHOULDER REPAIR,,LUMP SUM,,ne_ndot_english_standard_item_list_2010,true
ne_ndot_version_3985.00_current,ne_ndot_3985.00,,,MUD JACKING,,EACH,,ne_ndot_english_standard_item_list_2010,true
ne_ndot_version_3985.10_current,ne_ndot_3985.10,,,BOX OUT FOR GUARD RAIL POSTS,,EACH,,ne_ndot_english_standard_item_list_2010,true
ne_ndot_version_3989.01_historical,ne_ndot_3989.01,,,CONSTRUCT CURB RAMP,,SY,,ne_ndot_aup_july_june_2022_2023,false
ne_ndot_version_3989.02_historical,ne_ndot_3989.02,,,CONSTRUCT PCC CURB RAMP,,SF,,ne_ndot_aup_july_june_2025_2026,false
ne_ndot_version_3990.00_current,ne_ndot_3990.00,,,FREIGHT CLAIM ADJUSTMENT,,LUMP SUM,,ne_ndot_english_standard_item_list_2010,true
ne_ndot_version_3991.00_current,ne_ndot_3991.00,,,ADDITIONAL DEPTH OF SAW CUT,,LIN FT,,ne_ndot_english_standard_item_list_2010,true
ne_ndot_version_3995.00_current,ne_ndot_3995.00,,,CONSTRUCT,,LUMP SUM,,ne_ndot_english_standard_item_list_2010,true
ne_ndot_version_3995.10_historical,ne_ndot_3995.10,,,CONSTRUCT,,EACH,,ne_ndot_aup_july_june_2025_2026,false
ne_ndot_version_3995.20_historical,ne_ndot_3995.20,,,CONSTRUCT,,SY,,ne_ndot_aup_july_june_2025_2026,false
ne_ndot_version_3995.30_historical,ne_ndot_3995.30,,,CONSTRUCT,,LF,,ne_ndot_aup_july_june_2025_2026,false
ne_ndot_version_3995.40_historical,ne_ndot_3995.40,,,CONSTRUCT,,SF,,ne_ndot_aup_july_june_2025_2026,false
ne_ndot_version_3995.50_historical,ne_ndot_3995.50,,,CONSTRUCT,,VFT,,ne_ndot_aup_july_june_2025_2026,false
ne_ndot_version_3999.00_current,ne_ndot_3999.00,,,RECONSTRUCT,,LUMP SUM,,ne_ndot_english_standard_item_list_2010,true
ne_ndot_version_3999.10_current,ne_ndot_3999.10,,,RESTORATION,,LUMP SUM,,ne_ndot_english_standard_item_list_2010,true
ne_ndot_version_3999.81_current,ne_ndot_3999.81,,,BACKFILL,,LUMP SUM,,ne_ndot_english_standard_item_list_2010,true
ne_ndot_version_4001.00_current,ne_ndot_4001.00,,,CAST IRON COVER,,POUND,916.00,ne_ndot_english_standard_item_list_2010,true
ne_ndot_version_4001.10_historical,ne_ndot_4001.10,,,PROVIDE STEEL PLATES FOR EXCAVATIONS AS NEEDED,,EACH,,ne_ndot_aup_calendar_2018,false
ne_ndot_version_4002.00_current,ne_ndot_4002.00,,,CAST IRON COVER AND FRAME,,POUND,916.00,ne_ndot_english_standard_item_list_2010,true
ne_ndot_version_4002.01_historical,ne_ndot_4002.01,,,CAST IRON FRAME,,LB,,ne_ndot_aup_july_june_2019_2020,false
ne_ndot_version_4003.00_current,ne_ndot_4003.00,,,"CAST IRON COVER, FRAME, AND FLANGE",,POUND,916.00,ne_ndot_english_standard_item_list_2010,true
ne_ndot_version_4003.01_historical,ne_ndot_4003.01,,,CAST IRON FRAME AND FLANGE,,LB,,ne_ndot_aup_july_june_2021_2022,false
ne_ndot_version_4004.00_current,ne_ndot_4004.00,,,CAST IRON GRATE,,POUND,916.00,ne_ndot_english_standard_item_list_2010,true
ne_ndot_version_4004.10_current,ne_ndot_4004.10,,,CAST IRON COVER AND GRATE,,POUND,916.00,ne_ndot_english_standard_item_list_2010,true
ne_ndot_version_4004.50_current,ne_ndot_4004.50,,,CAST IRON GRATE AND FRAME,,POUND,916.00,ne_ndot_english_standard_item_list_2010,true
ne_ndot_version_4004.60_current,ne_ndot_4004.60,,,"CAST IRON COVER, GRATE, AND FRAME",,POUND,916.00,ne_ndot_english_standard_item_list_2010,true
ne_ndot_version_4004.75_current,ne_ndot_4004.75,,,CAST IRON CURB INLET GRATE AND FRAME,,POUND,916.00,ne_ndot_english_standard_item_list_2010,true
ne_ndot_version_4004.80_historical,ne_ndot_4004.80,,,STRUCTURAL STEEL FOR FACE ARMOR,,LB,,ne_ndot_aup_july_june_2025_2026,false
ne_ndot_version_4005.00_current,ne_ndot_4005.00,,,CAST IRON RING AND COVER,,POUND,916.00,ne_ndot_english_standard_item_list_2010,true
ne_ndot_version_4005.01_current,ne_ndot_4005.01,,,CAST IRON RING AND COVER,,POUND,916.00,ne_ndot_english_standard_item_list_2010,true
ne_ndot_version_4005.02_historical,ne_ndot_4005.02,,,CITY CAST IRON RING,,LB,,ne_ndot_aup_calendar_2018,false
ne_ndot_version_4005.03_current,ne_ndot_4005.03,,,VENTED RING AND COVER,,EACH,,ne_ndot_english_standard_item_list_2010,true
ne_ndot_version_4005.04_historical,ne_ndot_4005.04,,,CAST IRON RING,,LB,,ne_ndot_aup_july_june_2023_2024,false
ne_ndot_version_4005.05_historical,ne_ndot_4005.05,,,CAST IRON RING AND COVER,,EACH,,ne_ndot_aup_july_june_2025_2026,false
ne_ndot_version_4007.20_current,ne_ndot_4007.20,,,INSTALL CAST IRON RING AND COVER,,EACH,,ne_ndot_english_standard_item_list_2010,true
ne_ndot_version_4011.00_current,ne_ndot_4011.00,,,REMOVE AND REINSTALL GRATE AND FRAME,,EACH,,ne_ndot_english_standard_item_list_2010,true
ne_ndot_version_4011.10_current,ne_ndot_4011.10,,,REMOVE AND REINSTALL BAR GRATE,,EACH,,ne_ndot_english_standard_item_list_2010,true
ne_ndot_version_4011.14_historical,ne_ndot_4011.14,,,CURB INLET,,EACH,,ne_ndot_aup_july_june_2025_2026,false
ne_ndot_version_4011.15_historical,ne_ndot_4011.15,,,CURB INLET,,EACH,,ne_ndot_aup_july_june_2019_2020,false
ne_ndot_version_4011.16_historical,ne_ndot_4011.16,,,CURB INLET,,EACH,,ne_ndot_aup_july_june_2019_2020,false
ne_ndot_version_4011.17_historical,ne_ndot_4011.17,,,CURB INLET,,EACH,,ne_ndot_aup_july_june_2018_2019,false
ne_ndot_version_4011.42_historical,ne_ndot_4011.42,,,REINFORCED CURB INLET,,EACH,,ne_ndot_aup_july_june_2025_2026,false
ne_ndot_version_4011.43_historical,ne_ndot_4011.43,,,REINFORCED CURB INLET,,EACH,,ne_ndot_aup_july_june_2017_2018,false
ne_ndot_version_4011.45_current,ne_ndot_4011.45,,,SLOTTED VANE INLET,,EACH,,ne_ndot_english_standard_item_list_2010,true
ne_ndot_version_4011.46_current,ne_ndot_4011.46,,,SLOTTED VANE INLET,,EACH,,ne_ndot_english_standard_item_list_2010,true
ne_ndot_version_4011.60_current,ne_ndot_4011.60,,,AREA INLET,,EACH,,ne_ndot_english_standard_item_list_2010,true
ne_ndot_version_4011.61_current,ne_ndot_4011.61,,,AREA INLET,,EACH,,ne_ndot_english_standard_item_list_2010,true
ne_ndot_version_4011.62_current,ne_ndot_4011.62,,,AREA INLET,,EACH,,ne_ndot_english_standard_item_list_2010,true
ne_ndot_version_4011.64_current,ne_ndot_4011.64,,,AREA INLET,,EACH,,ne_ndot_english_standard_item_list_2010,true
ne_ndot_version_4011.66_current,ne_ndot_4011.66,,,AREA INLET,,EACH,,ne_ndot_english_standard_item_list_2010,true
ne_ndot_version_4011.68_current,ne_ndot_4011.68,,,AREA INLET,,EACH,,ne_ndot_english_standard_item_list_2010,true
ne_ndot_version_4011.71_historical,ne_ndot_4011.71,,,"TYPE ""A"" SINGLE INLET",,EACH,,ne_ndot_aup_july_june_2019_2020,false
ne_ndot_version_4011.72_historical,ne_ndot_4011.72,,,NDOT CURB INLET,,EACH,,ne_ndot_aup_july_june_2019_2020,false
ne_ndot_version_4011.74_historical,ne_ndot_4011.74,,,STORM DRAIN INLET,,EACH,,ne_ndot_aup_july_june_2024_2025,false
ne_ndot_version_4011.75_historical,ne_ndot_4011.75,,,STORM SEWER INLET,,EACH,,ne_ndot_aup_calendar_2020,false
ne_ndot_version_4011.76_current,ne_ndot_4011.76,,,INLET,,EACH,,ne_ndot_english_standard_item_list_2010,true
ne_ndot_version_4011.77_current,ne_ndot_4011.77,,,INLET,,EACH,,ne_ndot_english_standard_item_list_2010,true
ne_ndot_version_4011.78_current,ne_ndot_4011.78,,,INLET,,EACH,,ne_ndot_english_standard_item_list_2010,true
ne_ndot_version_4011.79_current,ne_ndot_4011.79,,,INLET,,EACH,,ne_ndot_english_standard_item_list_2010,true
ne_ndot_version_4011.80_current,ne_ndot_4011.80,,,INLET,,EACH,,ne_ndot_english_standard_item_list_2010,true
ne_ndot_version_4011.81_current,ne_ndot_4011.81,,,INLET,,EACH,,ne_ndot_english_standard_item_list_2010,true
ne_ndot_version_4011.82_current,ne_ndot_4011.82,,,INLET,,EACH,,ne_ndot_english_standard_item_list_2010,true
ne_ndot_version_4011.83_current,ne_ndot_4011.83,,,INLET,,EACH,,ne_ndot_english_standard_item_list_2010,true
ne_ndot_version_4011.84_current,ne_ndot_4011.84,,,INLET,,EACH,,ne_ndot_english_standard_item_list_2010,true
ne_ndot_version_4011.85_current,ne_ndot_4011.85,,,INLET,,EACH,,ne_ndot_english_standard_item_list_2010,true
ne_ndot_version_4011.86_current,ne_ndot_4011.86,,,INLET,,EACH,,ne_ndot_english_standard_item_list_2010,true
ne_ndot_version_4011.87_current,ne_ndot_4011.87,,,INLET,,EACH,,ne_ndot_english_standard_item_list_2010,true
ne_ndot_version_4011.88_current,ne_ndot_4011.88,,,INLET,,EACH,,ne_ndot_english_standard_item_list_2010,true
ne_ndot_version_4011.89_current,ne_ndot_4011.89,,,INLET,,EACH,,ne_ndot_english_standard_item_list_2010,true
ne_ndot_version_4011.90_current,ne_ndot_4011.90,,,INLET,,EACH,,ne_ndot_english_standard_item_list_2010,true
ne_ndot_version_4011.91_current,ne_ndot_4011.91,,,INLET,,EACH,,ne_ndot_english_standard_item_list_2010,true
ne_ndot_version_4011.92_current,ne_ndot_4011.92,,,INLET,,EACH,,ne_ndot_english_standard_item_list_2010,true
ne_ndot_version_4011.93_current,ne_ndot_4011.93,,,INLET,,EACH,,ne_ndot_english_standard_item_list_2010,true
ne_ndot_version_4011.94_current,ne_ndot_4011.94,,,INLET,,EACH,,ne_ndot_english_standard_item_list_2010,true
ne_ndot_version_4011.95_current,ne_ndot_4011.95,,,INLET,,EACH,,ne_ndot_english_standard_item_list_2010,true
ne_ndot_version_4011.96_current,ne_ndot_4011.96,,,INLET,,EACH,,ne_ndot_english_standard_item_list_2010,true
ne_ndot_version_4011.97_current,ne_ndot_4011.97,,,INLET,,EACH,,ne_ndot_english_standard_item_list_2010,true
ne_ndot_version_4011.98_current,ne_ndot_4011.98,,,INLET,,EACH,,ne_ndot_english_standard_item_list_2010,true
ne_ndot_version_4011.99_current,ne_ndot_4011.99,,,INLET,,EACH,,ne_ndot_english_standard_item_list_2010,true
ne_ndot_version_4012.00_current,ne_ndot_4012.00,,,INLET,,EACH,,ne_ndot_english_standard_item_list_2010,true
ne_ndot_version_4012.01_current,ne_ndot_4012.01,,,INLET,,EACH,,ne_ndot_english_standard_item_list_2010,true
ne_ndot_version_4012.02_current,ne_ndot_4012.02,,,INLET,,EACH,,ne_ndot_english_standard_item_list_2010,true
ne_ndot_version_4012.03_current,ne_ndot_4012.03,,,INLET,,EACH,,ne_ndot_english_standard_item_list_2010,true
ne_ndot_version_4012.04_current,ne_ndot_4012.04,,,INLET,,EACH,,ne_ndot_english_standard_item_list_2010,true
ne_ndot_version_4012.05_current,ne_ndot_4012.05,,,"INLET - 60"" STRAIGHT",,EACH,,ne_ndot_english_standard_item_list_2010,true
ne_ndot_version_4012.06_current,ne_ndot_4012.06,,,"INLET - 60"" CANTED",,EACH,,ne_ndot_english_standard_item_list_2010,true
ne_ndot_version_4012.07_current,ne_ndot_4012.07,,,"INLET-72"" STRAIGHT",,EACH,,ne_ndot_english_standard_item_list_2010,true
ne_ndot_version_4012.08_current,ne_ndot_4012.08,,,"INLET-72"" CANTED",,EACH,,ne_ndot_english_standard_item_list_2010,true
ne_ndot_version_4012.09_current,ne_ndot_4012.09,,,"INLET - 36"" STRAIGHT",,EACH,,ne_ndot_english_standard_item_list_2010,true
ne_ndot_version_4012.11_current,ne_ndot_4012.11,,,"INLET-72"" RADIUS",,EACH,,ne_ndot_english_standard_item_list_2010,true
ne_ndot_version_4012.12_current,ne_ndot_4012.12,,,CURB INLET,,EACH,,ne_ndot_english_standard_item_list_2010,true
ne_ndot_version_4012.13_current,ne_ndot_4012.13,,,CURB INLET,,EACH,,ne_ndot_english_standard_item_list_2010,true
ne_ndot_version_4012.14_current,ne_ndot_4012.14,,,CURB INLET,,EACH,,ne_ndot_english_standard_item_list_2010,true
ne_ndot_version_4012.15_current,ne_ndot_4012.15,,,MEDIAN INLET,,EACH,,ne_ndot_english_standard_item_list_2010,true
ne_ndot_version_4012.16_current,ne_ndot_4012.16,,,MODIFY INLET,,EACH,,ne_ndot_english_standard_item_list_2010,true
ne_ndot_version_4012.17_current,ne_ndot_4012.17,,,MODIFY MEDIAN INLET,,EACH,,ne_ndot_english_standard_item_list_2010,true
ne_ndot_version_4012.18_current,ne_ndot_4012.18,,,MODIFY CURB INLET,,EACH,,ne_ndot_english_standard_item_list_2010,true
ne_ndot_version_4012.19_current,ne_ndot_4012.19,,,RECONSTRUCT INLET,,EACH,,ne_ndot_english_standard_item_list_2010,true
ne_ndot_version_4012.20_current,ne_ndot_4012.20,,,DROP INLET,,EACH,,ne_ndot_english_standard_item_list_2010,true
ne_ndot_version_4012.21_current,ne_ndot_4012.21,,,RECONSTRUCT INLET,,EACH,,ne_ndot_english_standard_item_list_2010,true
ne_ndot_version_4012.22_current,ne_ndot_4012.22,,,RECONSTRUCT INLET,,EACH,,ne_ndot_english_standard_item_list_2010,true
ne_ndot_version_4012.23_current,ne_ndot_4012.23,,,RECONSTRUCT INLET,,EACH,,ne_ndot_english_standard_item_list_2010,true
ne_ndot_version_4012.24_current,ne_ndot_4012.24,,,RECONSTRUCT INLET,,EACH,,ne_ndot_english_standard_item_list_2010,true
ne_ndot_version_4012.25_current,ne_ndot_4012.25,,,RECONSTRUCT INLET,,EACH,,ne_ndot_english_standard_item_list_2010,true
ne_ndot_version_4012.26_current,ne_ndot_4012.26,,,RECONSTRUCT INLET,,EACH,,ne_ndot_english_standard_item_list_2010,true
ne_ndot_version_4012.27_current,ne_ndot_4012.27,,,RECONSTRUCT INLET,,EACH,,ne_ndot_english_standard_item_list_2010,true
ne_ndot_version_4012.28_current,ne_ndot_4012.28,,,RECONSTRUCT INLET,,EACH,,ne_ndot_english_standard_item_list_2010,true
ne_ndot_version_4012.29_current,ne_ndot_4012.29,,,RECONSTRUCT CURB INLET,,EACH,,ne_ndot_english_standard_item_list_2010,true
ne_ndot_version_4012.31_current,ne_ndot_4012.31,,,MODIFY JUNCTION BOX,,EACH,,ne_ndot_english_standard_item_list_2010,true
ne_ndot_version_4012.35_current,ne_ndot_4012.35,,,RECONSTRUCT INLET,,EACH,,ne_ndot_english_standard_item_list_2010,true
ne_ndot_version_4012.36_current,ne_ndot_4012.36,,,RECONSTRUCT INLET,,EACH,,ne_ndot_english_standard_item_list_2010,true
ne_ndot_version_4012.37_current,ne_ndot_4012.37,,,MODIFY INLET,,EACH,,ne_ndot_english_standard_item_list_2010,true
ne_ndot_version_4012.38_current,ne_ndot_4012.38,,,MODIFY INLET,,EACH,,ne_ndot_english_standard_item_list_2010,true
ne_ndot_version_4012.39_current,ne_ndot_4012.39,,,MODIFY INLET,,EACH,,ne_ndot_english_standard_item_list_2010,true
ne_ndot_version_4012.41_historical,ne_ndot_4012.41,,,CURB INLET,,EACH,,ne_ndot_aup_july_june_2018_2019,false
ne_ndot_version_4012.42_historical,ne_ndot_4012.42,,,CURB INLET X > 7',,EACH,,ne_ndot_aup_calendar_2018,false
ne_ndot_version_4012.50_current,ne_ndot_4012.50,,,JUNCTION BOX,,EACH,,ne_ndot_english_standard_item_list_2010,true
ne_ndot_version_4012.51_current,ne_ndot_4012.51,,,JUNCTION BOX,,EACH,,ne_ndot_english_standard_item_list_2010,true
ne_ndot_version_4012.52_current,ne_ndot_4012.52,,,JUNCTION BOX,,EACH,,ne_ndot_english_standard_item_list_2010,true
ne_ndot_version_4012.53_historical,ne_ndot_4012.53,,,TEMPORARY JUNCTION BOX,,EACH,,ne_ndot_aup_july_june_2019_2020,false
ne_ndot_version_4012.55_historical,ne_ndot_4012.55,,,ANTI-VORTEX DEVICE,,EACH,,ne_ndot_aup_july_june_2022_2023,false
ne_ndot_version_4012.80_current,ne_ndot_4012.80,,,RECONSTRUCT CURB INLET,,EACH,,ne_ndot_english_standard_item_list_2010,true
ne_ndot_version_4012.81_current,ne_ndot_4012.81,,,RECONSTRUCT CURB INLET,,EACH,,ne_ndot_english_standard_item_list_2010,true
ne_ndot_version_4012.82_current,ne_ndot_4012.82,,,RECONSTRUCT CURB INLET,,EACH,,ne_ndot_english_standard_item_list_2010,true
ne_ndot_version_4012.83_current,ne_ndot_4012.83,,,RECONSTRUCT CURB INLET,,EACH,,ne_ndot_english_standard_item_list_2010,true
ne_ndot_version_4012.84_current,ne_ndot_4012.84,,,RECONSTRUCT CURB INLET,,EACH,,ne_ndot_english_standard_item_list_2010,true
ne_ndot_version_4012.85_current,ne_ndot_4012.85,,,RECONSTRUCT CURB INLET,,EACH,,ne_ndot_english_standard_item_list_2010,true
ne_ndot_version_4012.86_current,ne_ndot_4012.86,,,RECONSTRUCT CURB INLET,,EACH,,ne_ndot_english_standard_item_list_2010,true
ne_ndot_version_4012.87_current,ne_ndot_4012.87,,,RECONSTRUCT CURB INLET,,EACH,,ne_ndot_english_standard_item_list_2010,true
ne_ndot_version_4012.88_current,ne_ndot_4012.88,,,RECONSTRUCT CURB INLET,,EACH,,ne_ndot_english_standard_item_list_2010,true
ne_ndot_version_4012.89_current,ne_ndot_4012.89,,,RECONSTRUCT CURB INLET,,EACH,,ne_ndot_english_standard_item_list_2010,true
ne_ndot_version_4013.00_current,ne_ndot_4013.00,,,TRASH GRATE,,EACH,,ne_ndot_english_standard_item_list_2010,true
ne_ndot_version_4013.01_current,ne_ndot_4013.01,,,TREE GRATE,,EACH,,ne_ndot_english_standard_item_list_2010,true
ne_ndot_version_4013.05_historical,ne_ndot_4013.05,,,CONCRETE SADDLE,,EACH,,ne_ndot_aup_july_june_2017_2018,false
ne_ndot_version_4014.00_current,ne_ndot_4014.00,,,ADJUSTING JUNCTION BOXES TO GRADE,,EACH,,ne_ndot_english_standard_item_list_2010,true
ne_ndot_version_4014.50_current,ne_ndot_4014.50,,,ADJUSTING PIEZOMETER TO GRADE,,EACH,,ne_ndot_english_standard_item_list_2010,true
ne_ndot_version_4014.66_current,ne_ndot_4014.66,,,ADJUST GRATE INLET TO GRADE,,EACH,,ne_ndot_english_standard_item_list_2010,true
ne_ndot_version_4014.68_current,ne_ndot_4014.68,,,ADJUST CURB INLET TO GRADE,,EACH,,ne_ndot_english_standard_item_list_2010,true
ne_ndot_version_4014.70_current,ne_ndot_4014.70,,,ADJUSTING INLET TO GRADE,,EACH,,ne_ndot_english_standard_item_list_2010,true
ne_ndot_version_4014.71_historical,ne_ndot_4014.71,,,ADJUST INLET TO GRADE,,EACH,,ne_ndot_aup_july_june_2025_2026,false
ne_ndot_version_4015.00_current,ne_ndot_4015.00,,,ADJUST MANHOLE TO GRADE,,EACH,917.00,ne_ndot_english_standard_item_list_2010,true
ne_ndot_version_4015.01_current,ne_ndot_4015.01,,,ADJUST MANHOLE TO GRADE,,EACH,917.00,ne_ndot_english_standard_item_list_2010,true
ne_ndot_version_4015.02_current,ne_ndot_4015.02,,,ADJUST MANHOLE TO GRADE,,EACH,917.00,ne_ndot_english_standard_item_list_2010,true
ne_ndot_version_4015.03_current,ne_ndot_4015.03,,,ADJUST MANHOLE TO GRADE,,EACH,917.00,ne_ndot_english_standard_item_list_2010,true
ne_ndot_version_4015.04_current,ne_ndot_4015.04,,,ADJUST MANHOLE TO GRADE,,EACH,917.00,ne_ndot_english_standard_item_list_2010,true
ne_ndot_version_4015.05_current,ne_ndot_4015.05,,,ADJUST MANHOLE TO GRADE,,EACH,917.00,ne_ndot_english_standard_item_list_2010,true
ne_ndot_version_4015.06_current,ne_ndot_4015.06,,,ADJUST MANHOLE TO GRADE,,EACH,917.00,ne_ndot_english_standard_item_list_2010,true
ne_ndot_version_4015.07_current,ne_ndot_4015.07,,,ADJUST MANHOLE TO GRADE,,EACH,917.00,ne_ndot_english_standard_item_list_2010,true
ne_ndot_version_4015.08_current,ne_ndot_4015.08,,,ADJUST MANHOLE TO GRADE,,EACH,917.00,ne_ndot_english_standard_item_list_2010,true
ne_ndot_version_4015.09_current,ne_ndot_4015.09,,,ADJUST MANHOLE TO GRADE,,EACH,917.00,ne_ndot_english_standard_item_list_2010,true
ne_ndot_version_4015.10_current,ne_ndot_4015.10,,,ADJUST MANHOLE TO GRADE,,EACH,917.00,ne_ndot_english_standard_item_list_2010,true
ne_ndot_version_4015.11_current,ne_ndot_4015.11,,,ADJUST MANHOLE TO GRADE,,EACH,917.00,ne_ndot_english_standard_item_list_2010,true
ne_ndot_version_4015.12_current,ne_ndot_4015.12,,,ADJUST MANHOLE TO GRADE,,EACH,917.00,ne_ndot_english_standard_item_list_2010,true
ne_ndot_version_4015.13_current,ne_ndot_4015.13,,,ADJUST MANHOLE TO GRADE,,EACH,917.00,ne_ndot_english_standard_item_list_2010,true
ne_ndot_version_4015.14_current,ne_ndot_4015.14,,,ADJUST MANHOLE TO GRADE,,EACH,917.00,ne_ndot_english_standard_item_list_2010,true
ne_ndot_version_4015.15_historical,ne_ndot_4015.15,,,ADJUST WASTEWATER MANHOLE TO GRADE,,EACH,,ne_ndot_aup_calendar_2025,false
ne_ndot_version_4015.40_current,ne_ndot_4015.40,,,RECONSTRUCT MANHOLE,,LIN FT,,ne_ndot_english_standard_item_list_2010,true
ne_ndot_version_4015.50_current,ne_ndot_4015.50,,,RECONSTRUCT MANHOLE,,EACH,917.00,ne_ndot_english_standard_item_list_2010,true
ne_ndot_version_4015.51_current,ne_ndot_4015.51,,,RECONSTRUCT MANHOLE,,EACH,917.00,ne_ndot_english_standard_item_list_2010,true
ne_ndot_version_4015.53_historical,ne_ndot_4015.53,,,RECONSTRUCT MANHOLE,,VFT,,ne_ndot_aup_july_june_2020_2021,false
ne_ndot_version_4015.60_current,ne_ndot_4015.60,,,MANHOLE CLEANOUT,,LUMP SUM,,ne_ndot_english_standard_item_list_2010,true
ne_ndot_version_4015.66_current,ne_ndot_4015.66,,,INSTALL MANHOLE,,EACH,,ne_ndot_english_standard_item_list_2010,true
ne_ndot_version_4015.70_historical,ne_ndot_4015.70,,,CAST IN PLACE MANHOLE,,EACH,,ne_ndot_aup_july_june_2018_2019,false
ne_ndot_version_4015.75_current,ne_ndot_4015.75,,,MANHOLE,,VERT FT,,ne_ndot_english_standard_item_list_2010,true
ne_ndot_version_4015.76_current,ne_ndot_4015.76,,,MANHOLE,,VERT FT,,ne_ndot_english_standard_item_list_2010,true
ne_ndot_version_4015.77_current,ne_ndot_4015.77,,,MANHOLE,,VERT FT,,ne_ndot_english_standard_item_list_2010,true
ne_ndot_version_4016.00_current,ne_ndot_4016.00,,,MANHOLE,,EACH,916.00,ne_ndot_english_standard_item_list_2010,true
ne_ndot_version_4016.01_current,ne_ndot_4016.01,,,MANHOLE,,EACH,916.00,ne_ndot_english_standard_item_list_2010,true
ne_ndot_version_4016.02_current,ne_ndot_4016.02,,,MANHOLE,,EACH,916.00,ne_ndot_english_standard_item_list_2010,true
ne_ndot_version_4016.03_current,ne_ndot_4016.03,,,MANHOLE,,EACH,916.00,ne_ndot_english_standard_item_list_2010,true
ne_ndot_version_4016.04_current,ne_ndot_4016.04,,,MANHOLE,,EACH,916.00,ne_ndot_english_standard_item_list_2010,true
ne_ndot_version_4016.05_current,ne_ndot_4016.05,,,MANHOLE,,EACH,916.00,ne_ndot_english_standard_item_list_2010,true
ne_ndot_version_4016.06_current,ne_ndot_4016.06,,,MANHOLE,,EACH,916.00,ne_ndot_english_standard_item_list_2010,true
ne_ndot_version_4016.07_current,ne_ndot_4016.07,,,MANHOLE,,EACH,916.00,ne_ndot_english_standard_item_list_2010,true
ne_ndot_version_4016.08_current,ne_ndot_4016.08,,,MANHOLE,,EACH,916.00,ne_ndot_english_standard_item_list_2010,true
ne_ndot_version_4016.09_current,ne_ndot_4016.09,,,MANHOLE,,EACH,916.00,ne_ndot_english_standard_item_list_2010,true
ne_ndot_version_4016.10_current,ne_ndot_4016.10,,,MANHOLE,,EACH,916.00,ne_ndot_english_standard_item_list_2010,true
ne_ndot_version_4016.11_current,ne_ndot_4016.11,,,MANHOLE,,EACH,916.00,ne_ndot_english_standard_item_list_2010,true
ne_ndot_version_4016.12_current,ne_ndot_4016.12,,,MANHOLE,,EACH,916.00,ne_ndot_english_standard_item_list_2010,true
ne_ndot_version_4016.13_current,ne_ndot_4016.13,,,MANHOLE,,EACH,916.00,ne_ndot_english_standard_item_list_2010,true
ne_ndot_version_4016.14_current,ne_ndot_4016.14,,,MANHOLE,,EACH,916.00,ne_ndot_english_standard_item_list_2010,true
ne_ndot_version_4016.15_current,ne_ndot_4016.15,,,MANHOLE,,EACH,916.00,ne_ndot_english_standard_item_list_2010,true
ne_ndot_version_4016.16_current,ne_ndot_4016.16,,,MANHOLE,,EACH,916.00,ne_ndot_english_standard_item_list_2010,true
ne_ndot_version_4016.17_current,ne_ndot_4016.17,,,MANHOLE,,EACH,916.00,ne_ndot_english_standard_item_list_2010,true
ne_ndot_version_4016.18_current,ne_ndot_4016.18,,,MANHOLE,,EACH,916.00,ne_ndot_english_standard_item_list_2010,true
ne_ndot_version_4016.19_current,ne_ndot_4016.19,,,MANHOLE,,EACH,916.00,ne_ndot_english_standard_item_list_2010,true
ne_ndot_version_4016.20_current,ne_ndot_4016.20,,,MANHOLE,,EACH,916.00,ne_ndot_english_standard_item_list_2010,true
ne_ndot_version_4016.21_current,ne_ndot_4016.21,,,MANHOLE,,EACH,916.00,ne_ndot_english_standard_item_list_2010,true
ne_ndot_version_4016.22_current,ne_ndot_4016.22,,,MANHOLE,,EACH,916.00,ne_ndot_english_standard_item_list_2010,true
ne_ndot_version_4016.23_current,ne_ndot_4016.23,,,MANHOLE,,EACH,916.00,ne_ndot_english_standard_item_list_2010,true
ne_ndot_version_4016.24_current,ne_ndot_4016.24,,,MANHOLE,,EACH,916.00,ne_ndot_english_standard_item_list_2010,true
ne_ndot_version_4016.25_current,ne_ndot_4016.25,,,MANHOLE,,EACH,916.00,ne_ndot_english_standard_item_list_2010,true
ne_ndot_version_4016.26_current,ne_ndot_4016.26,,,MANHOLE,,EACH,916.00,ne_ndot_english_standard_item_list_2010,true
ne_ndot_version_4016.27_current,ne_ndot_4016.27,,,MANHOLE,,EACH,916.00,ne_ndot_english_standard_item_list_2010,true
ne_ndot_version_4016.28_current,ne_ndot_4016.28,,,MANHOLE,,EACH,916.00,ne_ndot_english_standard_item_list_2010,true
ne_ndot_version_4016.29_current,ne_ndot_4016.29,,,MANHOLE,,EACH,916.00,ne_ndot_english_standard_item_list_2010,true
ne_ndot_version_4016.30_current,ne_ndot_4016.30,,,MANHOLE,,EACH,916.00,ne_ndot_english_standard_item_list_2010,true
ne_ndot_version_4016.31_current,ne_ndot_4016.31,,,MANHOLE,,EACH,916.00,ne_ndot_english_standard_item_list_2010,true
ne_ndot_version_4016.32_current,ne_ndot_4016.32,,,MANHOLE,,EACH,916.00,ne_ndot_english_standard_item_list_2010,true
ne_ndot_version_4016.33_current,ne_ndot_4016.33,,,MANHOLE,,EACH,916.00,ne_ndot_english_standard_item_list_2010,true
ne_ndot_version_4016.34_current,ne_ndot_4016.34,,,MANHOLE,,EACH,916.00,ne_ndot_english_standard_item_list_2010,true
ne_ndot_version_4016.35_current,ne_ndot_4016.35,,,MANHOLE,,EACH,916.00,ne_ndot_english_standard_item_list_2010,true
ne_ndot_version_4016.36_current,ne_ndot_4016.36,,,MANHOLE,,EACH,916.00,ne_ndot_english_standard_item_list_2010,true
ne_ndot_version_4016.37_current,ne_ndot_4016.37,,,MANHOLE,,EACH,916.00,ne_ndot_english_standard_item_list_2010,true
ne_ndot_version_4016.38_current,ne_ndot_4016.38,,,MANHOLE,,EACH,916.00,ne_ndot_english_standard_item_list_2010,true
ne_ndot_version_4016.39_current,ne_ndot_4016.39,,,MANHOLE,,EACH,916.00,ne_ndot_english_standard_item_list_2010,true
ne_ndot_version_4016.43_current,ne_ndot_4016.43,,,IRRIGATION STRUCTURE,,EACH,,ne_ndot_english_standard_item_list_2010,true
ne_ndot_version_4016.44_current,ne_ndot_4016.44,,,IRRIGATION STRUCTURE,,EACH,,ne_ndot_english_standard_item_list_2010,true
ne_ndot_version_4016.45_current,ne_ndot_4016.45,,,IRRIGATION STRUCTURE,,EACH,,ne_ndot_english_standard_item_list_2010,true
ne_ndot_version_4016.46_current,ne_ndot_4016.46,,,IRRIGATION STRUCTURE,,EACH,,ne_ndot_english_standard_item_list_2010,true
ne_ndot_version_4016.47_current,ne_ndot_4016.47,,,IRRIGATION STRUCTURE,,EACH,,ne_ndot_english_standard_item_list_2010,true
ne_ndot_version_4016.48_current,ne_ndot_4016.48,,,IRRIGATION STRUCTURE,,EACH,,ne_ndot_english_standard_item_list_2010,true
ne_ndot_version_4016.49_current,ne_ndot_4016.49,,,IRRIGATION STRUCTURE,,EACH,,ne_ndot_english_standard_item_list_2010,true
ne_ndot_version_4016.50_current,ne_ndot_4016.50,,,IRRIGATION STRUCTURE,,EACH,,ne_ndot_english_standard_item_list_2010,true
ne_ndot_version_4016.51_current,ne_ndot_4016.51,,,IRRIGATION STRUCTURE,,EACH,,ne_ndot_english_standard_item_list_2010,true
ne_ndot_version_4016.52_current,ne_ndot_4016.52,,,IRRIGATION STRUCTURE,,EACH,,ne_ndot_english_standard_item_list_2010,true
ne_ndot_version_4016.53_current,ne_ndot_4016.53,,,IRRIGATION STRUCTURE,,EACH,,ne_ndot_english_standard_item_list_2010,true
ne_ndot_version_4016.54_current,ne_ndot_4016.54,,,IRRIGATION STRUCTURE,,EACH,,ne_ndot_english_standard_item_list_2010,true
ne_ndot_version_4016.55_current,ne_ndot_4016.55,,,IRRIGATION STRUCTURE,,EACH,,ne_ndot_english_standard_item_list_2010,true
ne_ndot_version_4016.56_current,ne_ndot_4016.56,,,IRRIGATION STRUCTURE,,EACH,,ne_ndot_english_standard_item_list_2010,true
ne_ndot_version_4016.57_current,ne_ndot_4016.57,,,IRRIGATION STRUCTURE,,EACH,,ne_ndot_english_standard_item_list_2010,true
ne_ndot_version_4016.58_current,ne_ndot_4016.58,,,IRRIGATION STRUCTURE,,EACH,,ne_ndot_english_standard_item_list_2010,true
ne_ndot_version_4016.59_current,ne_ndot_4016.59,,,IRRIGATION STRUCTURE,,EACH,,ne_ndot_english_standard_item_list_2010,true
ne_ndot_version_4016.60_current,ne_ndot_4016.60,,,IRRIGATION STRUCTURE,,EACH,,ne_ndot_english_standard_item_list_2010,true
ne_ndot_version_4017.00_current,ne_ndot_4017.00,,,TAPPING EXISTING MANHOLE,,EACH,723.00,ne_ndot_english_standard_item_list_2010,true
ne_ndot_version_4017.10_historical,ne_ndot_4017.10,,,"54"" ID STORM MANHOLE",,EACH,,ne_ndot_aup_july_june_2025_2026,false
ne_ndot_version_4017.11_historical,ne_ndot_4017.11,,,"60"" ID STORM MANHOLE",,EACH,,ne_ndot_aup_july_june_2018_2019,false
ne_ndot_version_4017.12_historical,ne_ndot_4017.12,,,"54"" ID STORM MANHOLE",,VFT,,ne_ndot_aup_july_june_2025_2026,false
ne_ndot_version_4017.13_historical,ne_ndot_4017.13,,,"72"" ID STORM MANHOLE",,EACH,,ne_ndot_aup_july_june_2018_2019,false
ne_ndot_version_4017.14_historical,ne_ndot_4017.14,,,"84"" ID STORM MANHOLE",,EACH,,ne_ndot_aup_july_june_2025_2026,false
ne_ndot_version_4017.15_historical,ne_ndot_4017.15,,,"96"" ID STORM MANHOLE",,EACH,,ne_ndot_aup_july_june_2018_2019,false
ne_ndot_version_4017.16_historical,ne_ndot_4017.16,,,"60"" ID STORM MANHOLE",,VFT,,ne_ndot_aup_july_june_2025_2026,false
ne_ndot_version_4017.17_historical,ne_ndot_4017.17,,,"108"" ID STORM MANHOLE",,EACH,,ne_ndot_aup_july_june_2018_2019,false
ne_ndot_version_4017.18_historical,ne_ndot_4017.18,,,"72"" ID STORM MANHOLE",,VFT,,ne_ndot_aup_july_june_2025_2026,false
ne_ndot_version_4017.19_historical,ne_ndot_4017.19,,,"84"" ID STORM MANHOLE",,VFT,,ne_ndot_aup_july_june_2025_2026,false
ne_ndot_version_4017.20_historical,ne_ndot_4017.20,,,"96"" ID STORM MANHOLE",,VFT,,ne_ndot_aup_july_june_2025_2026,false
ne_ndot_version_4017.21_historical,ne_ndot_4017.21,,,"108"" ID STORM MANHOLE",,VFT,,ne_ndot_aup_july_june_2025_2026,false
ne_ndot_version_4018.00_current,ne_ndot_4018.00,,,TAPPING EXISTING STRUCTURE,,EACH,723.00,ne_ndot_english_standard_item_list_2010,true
ne_ndot_version_4018.50_current,ne_ndot_4018.50,,,TAPPING EXISTING PIPE,,EACH,723.00,ne_ndot_english_standard_item_list_2010,true
ne_ndot_version_4019.00_current,ne_ndot_4019.00,,,CONCRETE DISCHARGE STRUCTURE,,EACH,908.00,ne_ndot_english_standard_item_list_2010,true
ne_ndot_version_4019.01_current,ne_ndot_4019.01,,,CONCRETE DISCHARGE STRUCTURE,,EACH,908.00,ne_ndot_english_standard_item_list_2010,true
ne_ndot_version_4019.02_current,ne_ndot_4019.02,,,CONCRETE DISCHARGE STRUCTURE,,EACH,908.00,ne_ndot_english_standard_item_list_2010,true
ne_ndot_version_4019.03_current,ne_ndot_4019.03,,,CONCRETE DISCHARGE STRUCTURE,,EACH,908.00,ne_ndot_english_standard_item_list_2010,true
ne_ndot_version_4019.04_current,ne_ndot_4019.04,,,CONCRETE DISCHARGE STRUCTURE,,EACH,908.00,ne_ndot_english_standard_item_list_2010,true
ne_ndot_version_4019.05_current,ne_ndot_4019.05,,,CONCRETE DISCHARGE STRUCTURE,,EACH,908.00,ne_ndot_english_standard_item_list_2010,true
ne_ndot_version_4019.06_current,ne_ndot_4019.06,,,CONCRETE DISCHARGE STRUCTURE,,EACH,908.00,ne_ndot_english_standard_item_list_2010,true
ne_ndot_version_4019.07_current,ne_ndot_4019.07,,,CONCRETE DISCHARGE STRUCTURE,,EACH,908.00,ne_ndot_english_standard_item_list_2010,true
ne_ndot_version_4019.08_current,ne_ndot_4019.08,,,CONCRETE DISCHARGE STRUCTURE,,EACH,908.00,ne_ndot_english_standard_item_list_2010,true
ne_ndot_version_4019.09_current,ne_ndot_4019.09,,,CONCRETE DISCHARGE STRUCTURE,,EACH,908.00,ne_ndot_english_standard_item_list_2010,true
ne_ndot_version_4019.10_current,ne_ndot_4019.10,,,CONCRETE DISCHARGE STRUCTURE,,EACH,908.00,ne_ndot_english_standard_item_list_2010,true
ne_ndot_version_4019.11_current,ne_ndot_4019.11,,,CONCRETE DISCHARGE STRUCTURE,,EACH,908.00,ne_ndot_english_standard_item_list_2010,true
ne_ndot_version_4019.12_current,ne_ndot_4019.12,,,CONCRETE DISCHARGE STRUCTURE,,EACH,908.00,ne_ndot_english_standard_item_list_2010,true
ne_ndot_version_4019.13_current,ne_ndot_4019.13,,,CONCRETE DISCHARGE STRUCTURE,,EACH,908.00,ne_ndot_english_standard_item_list_2010,true
ne_ndot_version_4019.14_current,ne_ndot_4019.14,,,CONCRETE DISCHARGE STRUCTURE,,EACH,908.00,ne_ndot_english_standard_item_list_2010,true
ne_ndot_version_4019.15_current,ne_ndot_4019.15,,,CONCRETE DISCHARGE STRUCTURE,,EACH,908.00,ne_ndot_english_standard_item_list_2010,true
ne_ndot_version_4019.16_current,ne_ndot_4019.16,,,CONCRETE DISCHARGE STRUCTURE,,EACH,908.00,ne_ndot_english_standard_item_list_2010,true
ne_ndot_version_4019.17_current,ne_ndot_4019.17,,,CONCRETE DISCHARGE STRUCTURE,,EACH,908.00,ne_ndot_english_standard_item_list_2010,true
ne_ndot_version_4019.99_current,ne_ndot_4019.99,,,CONCRETE DITCH LINING - 2',,LIN FT,,ne_ndot_english_standard_item_list_2010,true
ne_ndot_version_4020.06_current,ne_ndot_4020.06,,,CONCRETE DITCH LINING - 3',,LIN FT,,ne_ndot_english_standard_item_list_2010,true
ne_ndot_version_4020.08_current,ne_ndot_4020.08,,,CONCRETE DITCH LINING - 4',,LIN FT,,ne_ndot_english_standard_item_list_2010,true
ne_ndot_version_4020.12_current,ne_ndot_4020.12,,,CONCRETE DITCH LINING - 6',,LIN FT,,ne_ndot_english_standard_item_list_2010,true
ne_ndot_version_4020.13_current,ne_ndot_4020.13,,,CONCRETE DITCH LINING -7',,LIN FT,,ne_ndot_english_standard_item_list_2010,true
ne_ndot_version_4020.14_current,ne_ndot_4020.14,,,CONCRETE DITCH LINING - 8',,LIN FT,,ne_ndot_english_standard_item_list_2010,true
ne_ndot_version_4020.15_current,ne_ndot_4020.15,,,CONCRETE DITCH LINING - 9',,LIN FT,,ne_ndot_english_standard_item_list_2010,true
ne_ndot_version_4020.16_current,ne_ndot_4020.16,,,CONCRETE DITCH LINING - 10',,LIN FT,,ne_ndot_english_standard_item_list_2010,true
ne_ndot_version_4020.18_current,ne_ndot_4020.18,,,CONCRETE DITCH LINING - 14.5',,LIN FT,,ne_ndot_english_standard_item_list_2010,true
ne_ndot_version_4020.19_current,ne_ndot_4020.19,,,CONCRETE DITCH LINING - 15.5',,LIN FT,,ne_ndot_english_standard_item_list_2010,true
ne_ndot_version_4020.22_current,ne_ndot_4020.22,,,CONCRETE DITCH LINING - 8.5',,LIN FT,,ne_ndot_english_standard_item_list_2010,true
ne_ndot_version_4020.23_current,ne_ndot_4020.23,,,CONCRETE DITCH LINING 17',,LIN FT,,ne_ndot_english_standard_item_list_2010,true
ne_ndot_version_4020.25_current,ne_ndot_4020.25,,,CONCRETE DITCH LINING,,SQ YD,908.00,ne_ndot_english_standard_item_list_2010,true
ne_ndot_version_4020.26_current,ne_ndot_4020.26,,,"6"" REINFORCED CONCRETE LOW FLOW LINER",,SQ YD,908.00,ne_ndot_english_standard_item_list_2010,true
ne_ndot_version_4020.30_current,ne_ndot_4020.30,,,CONCRETE DITCH LINING,,LIN FT,,ne_ndot_english_standard_item_list_2010,true
ne_ndot_version_4020.32_historical,ne_ndot_4020.32,,,CONCRETE DITCH CHANNEL,,LF,,ne_ndot_aup_july_june_2023_2024,false
ne_ndot_version_4020.40_historical,ne_ndot_4020.40,,,INFILTRATION TRENCH,,LF,,ne_ndot_aup_calendar_2021,false
ne_ndot_version_4020.55_current,ne_ndot_4020.55,,,CLASS 47B-3000 CONCRETE FOR DITCH LINER,,CU YD,,ne_ndot_english_standard_item_list_2010,true
ne_ndot_version_4020.56_current,ne_ndot_4020.56,,,CLASS 47B-3000 CONCRETE FOR DITCH LINER,,CU YD,,ne_ndot_english_standard_item_list_2010,true
ne_ndot_version_4020.60_current,ne_ndot_4020.60,,,REINFORCING STEEL FOR DITCH LINER,,POUND,,ne_ndot_english_standard_item_list_2010,true
ne_ndot_version_4020.61_current,ne_ndot_4020.61,,,EPOXY COATED REINFORCING STEEL FOR DITCH LINER,,POUND,,ne_ndot_english_standard_item_list_2010,true
ne_ndot_version_4020.75_current,ne_ndot_4020.75,,,DROP STRUCTURE,,EACH,,ne_ndot_english_standard_item_list_2010,true
ne_ndot_version_4020.76_historical,ne_ndot_4020.76,,,MANHOLE DROP,,EACH,,ne_ndot_aup_july_june_2025_2026,false
ne_ndot_version_4020.88_current,ne_ndot_4020.88,,,SIDEWALK TRENCH DRAIN,,LIN FT,,ne_ndot_english_standard_item_list_2010,true
ne_ndot_version_4020.90_current,ne_ndot_4020.90,,,COVERED SIDEWALK TRENCH DRAIN,,LIN FT,,ne_ndot_english_standard_item_list_2010,true
ne_ndot_version_4020.91_historical,ne_ndot_4020.91,,,CHANNEL DRAIN,,LF,,ne_ndot_aup_july_june_2021_2022,false
ne_ndot_version_4020.95_current,ne_ndot_4020.95,,,"SIDEWALK UNDERDRAIN, TYPE I",,LIN FT,,ne_ndot_english_standard_item_list_2010,true
ne_ndot_version_4020.96_current,ne_ndot_4020.96,,,"SIDEWALK UNDERDRAIN, TYPE II",,LIN FT,,ne_ndot_english_standard_item_list_2010,true
ne_ndot_version_4022.05_historical,ne_ndot_4022.05,,,TEMPORARY SLOPE DRAIN,,LF,,ne_ndot_aup_july_june_2025_2026,false
ne_ndot_version_4024.50_current,ne_ndot_4024.50,,,CONCRETE SPLASH BASIN,,EACH,,ne_ndot_english_standard_item_list_2010,true
ne_ndot_version_4024.55_current,ne_ndot_4024.55,,,FLUME SPILLWAY,,LIN FT,,ne_ndot_english_standard_item_list_2010,true
ne_ndot_version_4024.59_current,ne_ndot_4024.59,,,CONCRETE FLUME,,EACH,908.00,ne_ndot_english_standard_item_list_2010,true
ne_ndot_version_4024.60_current,ne_ndot_4024.60,,,CONCRETE FLUME,,EACH,908.00,ne_ndot_english_standard_item_list_2010,true
ne_ndot_version_4024.61_current,ne_ndot_4024.61,,,CONCRETE FLUME,,EACH,908.00,ne_ndot_english_standard_item_list_2010,true
ne_ndot_version_4024.64_current,ne_ndot_4024.64,,,CONCRETE FLUME,,EACH,908.00,ne_ndot_english_standard_item_list_2010,true
ne_ndot_version_4024.65_current,ne_ndot_4024.65,,,CONCRETE FLUME,,EACH,908.00,ne_ndot_english_standard_item_list_2010,true
ne_ndot_version_4024.66_current,ne_ndot_4024.66,,,CONCRETE FLUME STRUCTURE,,LUMP SUM,,ne_ndot_english_standard_item_list_2010,true
ne_ndot_version_4024.69_historical,ne_ndot_4024.69,,,MODIFIED CONCRETE FLUME,,EACH,,ne_ndot_aup_july_june_2024_2025,false
ne_ndot_version_4024.70_current,ne_ndot_4024.70,,,"CONCRETE FLUME, TYPE I",,EACH,908.00,ne_ndot_english_standard_item_list_2010,true
ne_ndot_version_4024.71_current,ne_ndot_4024.71,,,"CONCRETE FLUME, TYPE II",,EACH,908.00,ne_ndot_english_standard_item_list_2010,true
ne_ndot_version_4024.72_current,ne_ndot_4024.72,,,"CONCRETE FLUME, TYPE III",,EACH,908.00,ne_ndot_english_standard_item_list_2010,true
ne_ndot_version_4024.73_current,ne_ndot_4024.73,,,"CONCRETE FLUME, TYPE IV",,EACH,908.00,ne_ndot_english_standard_item_list_2010,true
ne_ndot_version_4024.74_current,ne_ndot_4024.74,,,"CONCRETE FLUME, TYPE V",,EACH,908.00,ne_ndot_english_standard_item_list_2010,true
ne_ndot_version_4024.75_current,ne_ndot_4024.75,,,"CONCRETE FLUME, TYPE VI",,EACH,908.00,ne_ndot_english_standard_item_list_2010,true
ne_ndot_version_4024.76_current,ne_ndot_4024.76,,,"CONCRETE FLUME, TYPE VII",,EACH,908.00,ne_ndot_english_standard_item_list_2010,true
ne_ndot_version_4024.77_current,ne_ndot_4024.77,,,"CONCRETE FLUME, TYPE VIII",,EACH,908.00,ne_ndot_english_standard_item_list_2010,true
ne_ndot_version_4024.78_current,ne_ndot_4024.78,,,"CONCRETE FLUME, TYPE IX",,EACH,908.00,ne_ndot_english_standard_item_list_2010,true
ne_ndot_version_4024.91_historical,ne_ndot_4024.91,,,"RECONSTRUCT FLUME INLET, TYPE VII",,EACH,,ne_ndot_aup_july_june_2024_2025,false
ne_ndot_version_4024.92_historical,ne_ndot_4024.92,,,"RECONSTRUCT FLUME INLET, TYPE VIII",,EACH,,ne_ndot_aup_calendar_2023,false
ne_ndot_version_4029.10_current,ne_ndot_4029.10,,,GRATE INLET,,EACH,,ne_ndot_english_standard_item_list_2010,true
ne_ndot_version_4029.11_current,ne_ndot_4029.11,,,GRATE INLET,,EACH,,ne_ndot_english_standard_item_list_2010,true
ne_ndot_version_4029.12_current,ne_ndot_4029.12,,,GRATE INLET,,EACH,,ne_ndot_english_standard_item_list_2010,true
ne_ndot_version_4029.13_current,ne_ndot_4029.13,,,GRATE INLET,,EACH,,ne_ndot_english_standard_item_list_2010,true
ne_ndot_version_4029.60_current,ne_ndot_4029.60,,,RISER INLET,,EACH,,ne_ndot_english_standard_item_list_2010,true
ne_ndot_version_4029.95_current,ne_ndot_4029.95,,,REMOVE AND RELAY CORRUGATED METAL PIPE,,LIN FT,,ne_ndot_english_standard_item_list_2010,true
ne_ndot_version_4029.97_current,ne_ndot_4029.97,,,REMOVE AND RELAY REINFORCED CONCRETE PIPE,,LIN FT,,ne_ndot_english_standard_item_list_2010,true
ne_ndot_version_4029.98_current,ne_ndot_4029.98,,,REMOVE AND RELAY REINFORCED CONCRETE PIPE,,LUMP SUM,,ne_ndot_english_standard_item_list_2010,true
ne_ndot_version_4030.00_current,ne_ndot_4030.00,,,RELAYING CORRUGATED METAL PIPE,,LIN FT,719.00,ne_ndot_english_standard_item_list_2010,true
ne_ndot_version_4030.01_current,ne_ndot_4030.01,,,RELAYING HIGH DENSITY POLYETHYLENE PIPE,,LIN FT,,ne_ndot_english_standard_item_list_2010,true
ne_ndot_version_4030.07_current,ne_ndot_4030.07,,,REMOVE AND RELAY,,LIN FT,,ne_ndot_english_standard_item_list_2010,true
ne_ndot_version_4030.08_current,ne_ndot_4030.08,,,REMOVE AND RELAY,,EACH,,ne_ndot_english_standard_item_list_2010,true
ne_ndot_version_4032.00_current,ne_ndot_4032.00,,,RELAYING REINFORCED CONCRETE PIPE,,LIN FT,720.00,ne_ndot_english_standard_item_list_2010,true
ne_ndot_version_4033.00_current,ne_ndot_4033.00,,,REMOVE AND REINSTALL AUTOMATIC FLOOD CONTROL GATE,,EACH,,ne_ndot_english_standard_item_list_2010,true
ne_ndot_version_4035.00_current,ne_ndot_4035.00,,,REMOVE FLARED-END SECTION,,EACH,724.00,ne_ndot_english_standard_item_list_2010,true
ne_ndot_version_4035.25_current,ne_ndot_4035.25,,,REMOVE AND SALVAGE FLARED-END SECTION,,EACH,724.00,ne_ndot_english_standard_item_list_2010,true
ne_ndot_version_4035.90_current,ne_ndot_4035.90,,,REMOVE AND REINSTALL FLARED-END SECTION,,EACH,,ne_ndot_english_standard_item_list_2010,true
ne_ndot_version_4036.00_current,ne_ndot_4036.00,,,REMOVE AND REINSTALL METAL FLARED END SECTIONS,,EACH,,ne_ndot_english_standard_item_list_2010,true
ne_ndot_version_4037.00_current,ne_ndot_4037.00,,,REMOVE AND REINSTALL CONCRETE FLARED END SECTIONS,,EACH,,ne_ndot_english_standard_item_list_2010,true
ne_ndot_version_4039.10_current,ne_ndot_4039.10,,,REMOVE AND RELAY REINFORCED CONCRETE SEWER PIPE,,LIN FT,,ne_ndot_english_standard_item_list_2010,true
ne_ndot_version_4039.20_current,ne_ndot_4039.20,,,REMOVE AND RELAY CULVERT PIPE,,LIN FT,,ne_ndot_english_standard_item_list_2010,true
ne_ndot_version_4039.50_current,ne_ndot_4039.50,,,REMOVING AND REINSTALLING MITERED ENDS,,EACH,,ne_ndot_english_standard_item_list_2010,true
ne_ndot_version_4039.90_current,ne_ndot_4039.90,,,LAY AND REMOVE CULVERT PIPE,,LIN FT,,ne_ndot_english_standard_item_list_2010,true
ne_ndot_version_4039.95_current,ne_ndot_4039.95,,,REMOVE PARAPET,,EACH,,ne_ndot_english_standard_item_list_2010,true
ne_ndot_version_4039.97_historical,ne_ndot_4039.97,,,CONCRETE PARAPET,,LF,,ne_ndot_aup_calendar_2019,false
ne_ndot_version_4040.00_current,ne_ndot_4040.00,,,REMOVE HEADWALLS FROM CULVERTS,,EACH,203.00,ne_ndot_english_standard_item_list_2010,true
ne_ndot_version_4040.01_current,ne_ndot_4040.01,,,REMOVE HEADWALLS FROM CULVERTS,,EACH,203.00,ne_ndot_english_standard_item_list_2010,true
ne_ndot_version_4040.10_current,ne_ndot_4040.10,,,REMOVE INLET TOP,,EACH,,ne_ndot_english_standard_item_list_2010,true
ne_ndot_version_4040.11_historical,ne_ndot_4040.11,,,RECONSTRUCT CURB INLET TOP,,EACH,,ne_ndot_aup_july_june_2025_2026,false
ne_ndot_version_4040.12_current,ne_ndot_4040.12,,,RESET INLET TOP,,EACH,,ne_ndot_english_standard_item_list_2010,true
ne_ndot_version_4041.00_current,ne_ndot_4041.00,,,CULVERT CLEANOUT,,EACH,,ne_ndot_english_standard_item_list_2010,true
ne_ndot_version_4041.01_current,ne_ndot_4041.01,,,CULVERT CLEANOUT,,EACH,,ne_ndot_english_standard_item_list_2010,true
ne_ndot_version_4041.02_current,ne_ndot_4041.02,,,CULVERT CLEANOUT,,EACH,,ne_ndot_english_standard_item_list_2010,true
ne_ndot_version_4041.03_current,ne_ndot_4041.03,,,CULVERT CLEANOUT,,EACH,,ne_ndot_english_standard_item_list_2010,true
ne_ndot_version_4041.04_current,ne_ndot_4041.04,,,CULVERT CLEANOUT,,EACH,,ne_ndot_english_standard_item_list_2010,true
ne_ndot_version_4041.05_current,ne_ndot_4041.05,,,CULVERT CLEANOUT,,EACH,,ne_ndot_english_standard_item_list_2010,true
ne_ndot_version_4041.06_current,ne_ndot_4041.06,,,CULVERT CLEANOUT,,EACH,,ne_ndot_english_standard_item_list_2010,true
ne_ndot_version_4041.07_current,ne_ndot_4041.07,,,CULVERT CLEANOUT,,EACH,,ne_ndot_english_standard_item_list_2010,true
ne_ndot_version_4041.08_current,ne_ndot_4041.08,,,CULVERT CLEANOUT,,EACH,,ne_ndot_english_standard_item_list_2010,true
ne_ndot_version_4041.09_current,ne_ndot_4041.09,,,CULVERT CLEANOUT,,EACH,,ne_ndot_english_standard_item_list_2010,true
ne_ndot_version_4041.10_current,ne_ndot_4041.10,,,CULVERT CLEANOUT,,EACH,,ne_ndot_english_standard_item_list_2010,true
ne_ndot_version_4041.11_current,ne_ndot_4041.11,,,CULVERT CLEANOUT,,EACH,,ne_ndot_english_standard_item_list_2010,true
ne_ndot_version_4041.12_current,ne_ndot_4041.12,,,CULVERT CLEANOUT,,EACH,,ne_ndot_english_standard_item_list_2010,true
ne_ndot_version_4041.13_current,ne_ndot_4041.13,,,CULVERT CLEANOUT,,EACH,,ne_ndot_english_standard_item_list_2010,true
ne_ndot_version_4041.25_historical,ne_ndot_4041.25,,,PIPE CLEANOUT,,EACH,,ne_ndot_aup_july_june_2022_2023,false
ne_ndot_version_4042.00_current,ne_ndot_4042.00,,,TAPPING EXISTING CULVERT,,EACH,723.00,ne_ndot_english_standard_item_list_2010,true
ne_ndot_version_4042.50_current,ne_ndot_4042.50,,,TAPPING EXISTING SANITARY SEWER LINE,,EACH,723.00,ne_ndot_english_standard_item_list_2010,true
ne_ndot_version_4042.51_current,ne_ndot_4042.51,,,TAPPING EXISTING SANITARY SEWER MANHOLE,,EACH,,ne_ndot_english_standard_item_list_2010,true
ne_ndot_version_4042.53_current,ne_ndot_4042.53,,,SANITARY SEWER SERVICE,,EACH,,ne_ndot_english_standard_item_list_2010,true
ne_ndot_version_4042.54_historical,ne_ndot_4042.54,,,SANITARY SEWER SERVICE,,LF,,ne_ndot_aup_july_june_2025_2026,false
ne_ndot_version_4042.55_current,ne_ndot_4042.55,,,CONNECT SANITARY SERVICE,,EACH,,ne_ndot_english_standard_item_list_2010,true
ne_ndot_version_4042.56_historical,ne_ndot_4042.56,,,"8""X4"" SERVICE TAP",,EACH,,ne_ndot_aup_july_june_2025_2026,false
ne_ndot_version_4042.60_current,ne_ndot_4042.60,,,RECONNECT SANITARY SERVICE,,EACH,,ne_ndot_english_standard_item_list_2010,true
ne_ndot_version_4042.62_current,ne_ndot_4042.62,,,RECONSTRUCT SEWER SERVICE,,LUMP SUM,,ne_ndot_english_standard_item_list_2010,true
ne_ndot_version_4042.65_current,ne_ndot_4042.65,,,RECONSTRUCT WATER SERVICE,,EACH,,ne_ndot_english_standard_item_list_2010,true
ne_ndot_version_4043.00_current,ne_ndot_4043.00,,,REMOVE CULVERT PIPE,,LIN FT,203.00,ne_ndot_english_standard_item_list_2010,true
ne_ndot_version_4043.50_current,ne_ndot_4043.50,,,REMOVE SEWER PIPE,,LIN FT,203.00,ne_ndot_english_standard_item_list_2010,true
ne_ndot_version_4043.51_current,ne_ndot_4043.51,,,REMOVE SANITARY SEWER PIPE,,LIN FT,,ne_ndot_english_standard_item_list_2010,true
ne_ndot_version_4043.52_historical,ne_ndot_4043.52,,,REMOVE SANITARY FORCE MAIN,,LF,,ne_ndot_aup_july_june_2022_2023,false
ne_ndot_version_4043.60_current,ne_ndot_4043.60,,,RELAYING SEWER PIPE,,LIN FT,,ne_ndot_english_standard_item_list_2010,true
ne_ndot_version_4043.70_current,ne_ndot_4043.70,,,SALVAGE SEWER PIPE,,LIN FT,203.00,ne_ndot_english_standard_item_list_2010,true
ne_ndot_version_4044.00_current,ne_ndot_4044.00,,,PREPARATION OF STRUCTURE,,EACH,203.00,ne_ndot_english_standard_item_list_2010,true
ne_ndot_version_4044.01_current,ne_ndot_4044.01,,,PREPARATION OF STRUCTURE,,EACH,203.00,ne_ndot_english_standard_item_list_2010,true
ne_ndot_version_4044.02_current,ne_ndot_4044.02,,,PREPARATION OF STRUCTURE,,EACH,203.00,ne_ndot_english_standard_item_list_2010,true
ne_ndot_version_4044.03_current,ne_ndot_4044.03,,,PREPARATION OF STRUCTURE,,EACH,203.00,ne_ndot_english_standard_item_list_2010,true
ne_ndot_version_4044.04_current,ne_ndot_4044.04,,,PREPARATION OF STRUCTURE,,EACH,203.00,ne_ndot_english_standard_item_list_2010,true
ne_ndot_version_4044.05_current,ne_ndot_4044.05,,,PREPARATION OF STRUCTURE,,EACH,203.00,ne_ndot_english_standard_item_list_2010,true
ne_ndot_version_4044.06_current,ne_ndot_4044.06,,,PREPARATION OF STRUCTURE,,EACH,203.00,ne_ndot_english_standard_item_list_2010,true
ne_ndot_version_4044.07_current,ne_ndot_4044.07,,,PREPARATION OF STRUCTURE,,EACH,203.00,ne_ndot_english_standard_item_list_2010,true
ne_ndot_version_4044.08_current,ne_ndot_4044.08,,,PREPARATION OF STRUCTURE,,EACH,203.00,ne_ndot_english_standard_item_list_2010,true
ne_ndot_version_4044.09_current,ne_ndot_4044.09,,,PREPARATION OF STRUCTURE,,EACH,203.00,ne_ndot_english_standard_item_list_2010,true
ne_ndot_version_4044.10_current,ne_ndot_4044.10,,,PREPARATION OF STRUCTURE,,EACH,203.00,ne_ndot_english_standard_item_list_2010,true
ne_ndot_version_4044.11_current,ne_ndot_4044.11,,,PREPARATION OF STRUCTURE,,EACH,203.00,ne_ndot_english_standard_item_list_2010,true
ne_ndot_version_4044.12_current,ne_ndot_4044.12,,,PREPARATION OF STRUCTURE,,EACH,203.00,ne_ndot_english_standard_item_list_2010,true
ne_ndot_version_4044.13_current,ne_ndot_4044.13,,,PREPARATION OF STRUCTURE,,EACH,203.00,ne_ndot_english_standard_item_list_2010,true
ne_ndot_version_4044.14_current,ne_ndot_4044.14,,,PREPARATION OF STRUCTURE,,EACH,203.00,ne_ndot_english_standard_item_list_2010,true
ne_ndot_version_4044.15_current,ne_ndot_4044.15,,,PREPARATION OF STRUCTURE,,EACH,203.00,ne_ndot_english_standard_item_list_2010,true
ne_ndot_version_4044.16_current,ne_ndot_4044.16,,,PREPARATION OF STRUCTURE,,EACH,203.00,ne_ndot_english_standard_item_list_2010,true
ne_ndot_version_4044.17_current,ne_ndot_4044.17,,,PREPARATION OF STRUCTURE,,EACH,203.00,ne_ndot_english_standard_item_list_2010,true
ne_ndot_version_4044.18_current,ne_ndot_4044.18,,,PREPARATION OF STRUCTURE,,EACH,203.00,ne_ndot_english_standard_item_list_2010,true
ne_ndot_version_4044.19_current,ne_ndot_4044.19,,,PREPARATION OF STRUCTURE,,EACH,203.00,ne_ndot_english_standard_item_list_2010,true
ne_ndot_version_4044.20_current,ne_ndot_4044.20,,,PREPARATION OF STRUCTURE,,EACH,203.00,ne_ndot_english_standard_item_list_2010,true
ne_ndot_version_4044.21_current,ne_ndot_4044.21,,,PREPARATION OF STRUCTURE,,EACH,203.00,ne_ndot_english_standard_item_list_2010,true
ne_ndot_version_4044.22_current,ne_ndot_4044.22,,,PREPARATION OF STRUCTURE,,EACH,203.00,ne_ndot_english_standard_item_list_2010,true
ne_ndot_version_4044.23_current,ne_ndot_4044.23,,,PREPARATION OF STRUCTURE,,EACH,203.00,ne_ndot_english_standard_item_list_2010,true
ne_ndot_version_4044.24_current,ne_ndot_4044.24,,,PREPARATION OF STRUCTURE,,EACH,203.00,ne_ndot_english_standard_item_list_2010,true
ne_ndot_version_4044.95_current,ne_ndot_4044.95,,,REMOVE BOX CULVERT,,LIN FT,203.00,ne_ndot_english_standard_item_list_2010,true
ne_ndot_version_4045.00_current,ne_ndot_4045.00,,,REMOVE STRUCTURE,,EACH,203.00,ne_ndot_english_standard_item_list_2010,true
ne_ndot_version_4045.01_current,ne_ndot_4045.01,,,REMOVE STRUCTURE,,EACH,203.00,ne_ndot_english_standard_item_list_2010,true
ne_ndot_version_4045.02_current,ne_ndot_4045.02,,,REMOVE STRUCTURE,,EACH,203.00,ne_ndot_english_standard_item_list_2010,true
ne_ndot_version_4045.03_current,ne_ndot_4045.03,,,REMOVE STRUCTURE,,EACH,203.00,ne_ndot_english_standard_item_list_2010,true
ne_ndot_version_4045.04_current,ne_ndot_4045.04,,,REMOVE STRUCTURE,,EACH,203.00,ne_ndot_english_standard_item_list_2010,true
ne_ndot_version_4045.05_current,ne_ndot_4045.05,,,REMOVE STRUCTURE,,EACH,203.00,ne_ndot_english_standard_item_list_2010,true
ne_ndot_version_4045.06_current,ne_ndot_4045.06,,,REMOVE STRUCTURE,,EACH,203.00,ne_ndot_english_standard_item_list_2010,true
ne_ndot_version_4045.07_current,ne_ndot_4045.07,,,REMOVE STRUCTURE,,EACH,203.00,ne_ndot_english_standard_item_list_2010,true
ne_ndot_version_4045.08_current,ne_ndot_4045.08,,,REMOVE STRUCTURE,,EACH,203.00,ne_ndot_english_standard_item_list_2010,true
ne_ndot_version_4045.09_current,ne_ndot_4045.09,,,REMOVE STRUCTURE,,EACH,203.00,ne_ndot_english_standard_item_list_2010,true
ne_ndot_version_4045.10_current,ne_ndot_4045.10,,,REMOVE STRUCTURE,,EACH,203.00,ne_ndot_english_standard_item_list_2010,true
ne_ndot_version_4045.11_current,ne_ndot_4045.11,,,REMOVE STRUCTURE,,EACH,203.00,ne_ndot_english_standard_item_list_2010,true
ne_ndot_version_4045.12_current,ne_ndot_4045.12,,,REMOVE STRUCTURE,,EACH,203.00,ne_ndot_english_standard_item_list_2010,true
ne_ndot_version_4045.13_current,ne_ndot_4045.13,,,REMOVE STRUCTURE,,EACH,203.00,ne_ndot_english_standard_item_list_2010,true
ne_ndot_version_4045.14_current,ne_ndot_4045.14,,,REMOVE STRUCTURE,,EACH,203.00,ne_ndot_english_standard_item_list_2010,true
ne_ndot_version_4045.15_current,ne_ndot_4045.15,,,REMOVE STRUCTURE,,EACH,203.00,ne_ndot_english_standard_item_list_2010,true
ne_ndot_version_4045.16_current,ne_ndot_4045.16,,,REMOVE STRUCTURE,,EACH,203.00,ne_ndot_english_standard_item_list_2010,true
ne_ndot_version_4045.17_current,ne_ndot_4045.17,,,REMOVE STRUCTURE,,EACH,203.00,ne_ndot_english_standard_item_list_2010,true
ne_ndot_version_4045.18_current,ne_ndot_4045.18,,,REMOVE STRUCTURE,,EACH,203.00,ne_ndot_english_standard_item_list_2010,true
ne_ndot_version_4045.19_current,ne_ndot_4045.19,,,REMOVE STRUCTURE,,EACH,203.00,ne_ndot_english_standard_item_list_2010,true
ne_ndot_version_4045.20_current,ne_ndot_4045.20,,,REMOVE STRUCTURE,,EACH,203.00,ne_ndot_english_standard_item_list_2010,true
ne_ndot_version_4045.21_current,ne_ndot_4045.21,,,REMOVE STRUCTURE,,EACH,203.00,ne_ndot_english_standard_item_list_2010,true
ne_ndot_version_4048.00_current,ne_ndot_4048.00,,,MODIFICATION OF STRUCTURE,,EACH,,ne_ndot_english_standard_item_list_2010,true
ne_ndot_version_4048.25_current,ne_ndot_4048.25,,,REMODEL,,EACH,,ne_ndot_english_standard_item_list_2010,true
ne_ndot_version_4048.50_current,ne_ndot_4048.50,,,RECONSTRUCT,,EACH,,ne_ndot_english_standard_item_list_2010,true
ne_ndot_version_4048.51_current,ne_ndot_4048.51,,,RECONSTRUCT,,EACH,,ne_ndot_english_standard_item_list_2010,true
ne_ndot_version_4048.52_current,ne_ndot_4048.52,,,RECONSTRUCT,,EACH,,ne_ndot_english_standard_item_list_2010,true
ne_ndot_version_4048.55_historical,ne_ndot_4048.55,,,RECONSTRUCT,,SY,,ne_ndot_aup_july_june_2018_2019,false
ne_ndot_version_4048.80_current,ne_ndot_4048.80,,,REMOVE AND RESET PRECAST CONCRETE STEPS AND LANDING,,EACH,,ne_ndot_english_standard_item_list_2010,true
ne_ndot_version_4048.90_current,ne_ndot_4048.90,,,PRECAST CONCRETE STEPS AND LANDING,,EACH,,ne_ndot_english_standard_item_list_2010,true
ne_ndot_version_4048.95_current,ne_ndot_4048.95,,,PRECAST CONCRETE POST,,EACH,,ne_ndot_english_standard_item_list_2010,true
ne_ndot_version_4048.96_current,ne_ndot_4048.96,,,PRECAST CONCRETE POST,,EACH,,ne_ndot_english_standard_item_list_2010,true
ne_ndot_version_4049.00_current,ne_ndot_4049.00,,,PRECAST REINFORCED CONCRETE BOX CULVERT,,LIN FT,,ne_ndot_english_standard_item_list_2010,true
ne_ndot_version_4049.01_current,ne_ndot_4049.01,,,PRECAST REINFORCED CONCRETE BOX CULVERT,,LIN FT,,ne_ndot_english_standard_item_list_2010,true
ne_ndot_version_4049.02_current,ne_ndot_4049.02,,,PRECAST REINFORCED CONCRETE BOX CULVERT,,LIN FT,,ne_ndot_english_standard_item_list_2010,true
ne_ndot_version_4049.03_current,ne_ndot_4049.03,,,PRECAST REINFORCED CONCRETE BOX CULVERT,,LIN FT,,ne_ndot_english_standard_item_list_2010,true
ne_ndot_version_4049.04_current,ne_ndot_4049.04,,,PRECAST REINFORCED CONCRETE BOX CULVERT,,LIN FT,,ne_ndot_english_standard_item_list_2010,true
ne_ndot_version_4049.05_current,ne_ndot_4049.05,,,PRECAST REINFORCED CONCRETE BOX CULVERT,,LIN FT,,ne_ndot_english_standard_item_list_2010,true
ne_ndot_version_4049.06_current,ne_ndot_4049.06,,,PRECAST REINFORCED CONCRETE BOX CULVERT,,LIN FT,,ne_ndot_english_standard_item_list_2010,true
ne_ndot_version_4049.10_current,ne_ndot_4049.10,,,PRECAST REINFORCED CONCRETE END SECTION,,EACH,,ne_ndot_english_standard_item_list_2010,true
ne_ndot_version_4049.11_current,ne_ndot_4049.11,,,PRECAST REINFORCED CONCRETE END SECTION,,EACH,,ne_ndot_english_standard_item_list_2010,true
ne_ndot_version_4049.25_current,ne_ndot_4049.25,,,JACKING PRECAST REINFORCED CONCRETE BOX CULVERT,,LIN FT,,ne_ndot_english_standard_item_list_2010,true
ne_ndot_version_4049.40_current,ne_ndot_4049.40,,,PRECAST CONCRETE ARCH CULVERT,,LIN FT,,ne_ndot_english_standard_item_list_2010,true
ne_ndot_version_4049.41_current,ne_ndot_4049.41,,,PRECAST CONCRETE ARCH CULVERT,,LIN FT,,ne_ndot_english_standard_item_list_2010,true
ne_ndot_version_4049.50_current,ne_ndot_4049.50,,,TRANSITION STRUCTURE,,EACH,,ne_ndot_english_standard_item_list_2010,true
ne_ndot_version_4049.51_current,ne_ndot_4049.51,,,TRANSITION STRUCTURE,,EACH,,ne_ndot_english_standard_item_list_2010,true
ne_ndot_version_4049.52_current,ne_ndot_4049.52,,,TRANSITION STRUCTURE,,EACH,,ne_ndot_english_standard_item_list_2010,true
ne_ndot_version_4049.75_current,ne_ndot_4049.75,,,OUTLET STRUCTURE,,EACH,,ne_ndot_english_standard_item_list_2010,true
ne_ndot_version_4049.76_current,ne_ndot_4049.76,,,OUTLET STRUCTURE,,EACH,,ne_ndot_english_standard_item_list_2010,true
ne_ndot_version_4049.77_current,ne_ndot_4049.77,,,OUTLET STRUCTURE,,EACH,,ne_ndot_english_standard_item_list_2010,true
ne_ndot_version_4049.90_current,ne_ndot_4049.90,,,OVERFLOW STRUCTURE,,EACH,,ne_ndot_english_standard_item_list_2010,true
ne_ndot_version_4049.91_current,ne_ndot_4049.91,,,OVERFLOW STRUCTURE,,EACH,,ne_ndot_english_standard_item_list_2010,true
ne_ndot_version_4050.00_current,ne_ndot_4050.00,,,TEMPORARY,,SQ FT,,ne_ndot_english_standard_item_list_2010,true
ne_ndot_version_4050.01_current,ne_ndot_4050.01,,,"EXCAVATION FOR PIPE, PIPE-ARCH CULVERTS, AND HEADWALLS",,CU YD,702.00,ne_ndot_english_standard_item_list_2010,true
ne_ndot_version_4050.02_current,ne_ndot_4050.02,,,ADDITIONAL EXCAVATION FOR BACKFILL AND EMBANKMENT FOR PIPE,,CU YD,702.00,ne_ndot_english_standard_item_list_2010,true
ne_ndot_version_4051.01_current,ne_ndot_4051.01,,,EXCAVATION FOR BOX CULVERTS,,CU YD,702.00,ne_ndot_english_standard_item_list_2010,true
ne_ndot_version_4051.02_current,ne_ndot_4051.02,,,ADDITIONAL EXCAVATION FOR BACKFILL AND EMBANKMENT FOR BOX CULVERT,,CU YD,,ne_ndot_english_standard_item_list_2010,true
ne_ndot_version_4051.10_current,ne_ndot_4051.10,,,GRANULAR BACKFILL FOR BOX CULVERT,,CU YD,,ne_ndot_english_standard_item_list_2010,true
ne_ndot_version_4051.12_current,ne_ndot_4051.12,,,GRANULAR MATERIAL FOR FOUNDATION OF BOX CULVERT,,CU YD,,ne_ndot_english_standard_item_list_2010,true
ne_ndot_version_4051.13_current,ne_ndot_4051.13,,,GRANULAR MATERIAL FOR FOUNDATION OF PIPE CULVERT AND HEADWALL,,CU YD,,ne_ndot_english_standard_item_list_2010,true
ne_ndot_version_4051.20_current,ne_ndot_4051.20,,,GRANULAR MATERIAL,,CU YD,,ne_ndot_english_standard_item_list_2010,true
ne_ndot_version_4054.60_current,ne_ndot_4054.60,,,TEMPORARY SHORING,,LIN FT,,ne_ndot_english_standard_item_list_2010,true
ne_ndot_version_4054.61_current,ne_ndot_4054.61,,,TEMPORARY SHORING,,LIN FT,,ne_ndot_english_standard_item_list_2010,true
ne_ndot_version_4054.65_current,ne_ndot_4054.65,,,TEMPORARY SHORING,,LUMP SUM,,ne_ndot_english_standard_item_list_2010,true
ne_ndot_version_4054.66_current,ne_ndot_4054.66,,,TEMPORARY SHORING,,LUMP SUM,,ne_ndot_english_standard_item_list_2010,true
ne_ndot_version_4054.67_current,ne_ndot_4054.67,,,TEMPORARY SHORING,,LUMP SUM,,ne_ndot_english_standard_item_list_2010,true
ne_ndot_version_4054.68_current,ne_ndot_4054.68,,,TEMPORARY SHORING,,LUMP SUM,,ne_ndot_english_standard_item_list_2010,true
ne_ndot_version_4054.69_current,ne_ndot_4054.69,,,TEMPORARY SHORING,,LUMP SUM,,ne_ndot_english_standard_item_list_2010,true
ne_ndot_version_4054.70_current,ne_ndot_4054.70,,,TEMPORARY SHORING,,LUMP SUM,,ne_ndot_english_standard_item_list_2010,true
ne_ndot_version_4054.71_current,ne_ndot_4054.71,,,TEMPORARY SHORING,,LUMP SUM,,ne_ndot_english_standard_item_list_2010,true
ne_ndot_version_4054.72_current,ne_ndot_4054.72,,,TEMPORARY SHORING,,LUMP SUM,,ne_ndot_english_standard_item_list_2010,true
ne_ndot_version_4054.73_current,ne_ndot_4054.73,,,TEMPORARY SHORING,,LUMP SUM,,ne_ndot_english_standard_item_list_2010,true
ne_ndot_version_4054.74_current,ne_ndot_4054.74,,,TEMPORARY SHORING,,LUMP SUM,,ne_ndot_english_standard_item_list_2010,true
ne_ndot_version_4054.75_current,ne_ndot_4054.75,,,TEMPORARY SHORING,,LUMP SUM,,ne_ndot_english_standard_item_list_2010,true
ne_ndot_version_4061.01_current,ne_ndot_4061.01,,,EXCAVATION OF UNSUITABLE MATERIAL,,CU YD,,ne_ndot_english_standard_item_list_2010,true
ne_ndot_version_4090.00_current,ne_ndot_4090.00,,,CONCRETE PLUG,,EACH,,ne_ndot_english_standard_item_list_2010,true
ne_ndot_version_4090.02_current,ne_ndot_4090.02,,,CAST IRON PLUG,,EACH,,ne_ndot_english_standard_item_list_2010,true
ne_ndot_version_4090.03_current,ne_ndot_4090.03,,,HAND TIGHT RUBBER PLUG,,EACH,,ne_ndot_english_standard_item_list_2010,true
ne_ndot_version_4090.04_current,ne_ndot_4090.04,,,HAND TIGHT RUBBER PLUG,,EACH,,ne_ndot_english_standard_item_list_2010,true
ne_ndot_version_4090.05_current,ne_ndot_4090.05,,,TEMPORARY PLUG,,EACH,,ne_ndot_english_standard_item_list_2010,true
ne_ndot_version_4090.09_current,ne_ndot_4090.09,,,PLUG VALVE,,EACH,,ne_ndot_english_standard_item_list_2010,true
ne_ndot_version_4090.10_current,ne_ndot_4090.10,,,PLUG VALVE,,EACH,,ne_ndot_english_standard_item_list_2010,true
ne_ndot_version_4090.15_current,ne_ndot_4090.15,,,PLUG SEWER PIPE,,EACH,,ne_ndot_english_standard_item_list_2010,true
ne_ndot_version_4092.90_current,ne_ndot_4092.90,,,STONE RETAINING WALL,,SQ FT,,ne_ndot_english_standard_item_list_2010,true
ne_ndot_version_4093.10_current,ne_ndot_4093.10,,,RESET STONE RETAINING WALL,,SQ FT,,ne_ndot_english_standard_item_list_2010,true
ne_ndot_version_4093.15_current,ne_ndot_4093.15,,,REMOVE AND RESET STONE RETAINING WALL,,LIN FT,,ne_ndot_english_standard_item_list_2010,true
ne_ndot_version_4093.17_current,ne_ndot_4093.17,,,REMOVE AND RESET TIMBER RETAINING WALL,,LIN FT,,ne_ndot_english_standard_item_list_2010,true
ne_ndot_version_4093.21_current,ne_ndot_4093.21,,,RAILROAD TIE RETAINING WALL,,SQ FT,,ne_ndot_english_standard_item_list_2010,true
ne_ndot_version_4093.23_current,ne_ndot_4093.23,,,TREATED TIMBER RETAINING WALL,,SQ FT,,ne_ndot_english_standard_item_list_2010,true
ne_ndot_version_4093.27_current,ne_ndot_4093.27,,,RETAINING WALL,,LUMP SUM,,ne_ndot_english_standard_item_list_2010,true
ne_ndot_version_4093.29_current,ne_ndot_4093.29,,,RETAINING WALL REPAIR,,SQ FT,,ne_ndot_english_standard_item_list_2010,true
ne_ndot_version_4093.40_historical,ne_ndot_4093.40,,,RETAINING WALL DRAIN,,EACH,,ne_ndot_aup_calendar_2018,false
ne_ndot_version_4093.70_current,ne_ndot_4093.70,,,WIREMESH MSE WALL,,SQ FT,,ne_ndot_english_standard_item_list_2010,true
ne_ndot_version_4093.80_current,ne_ndot_4093.80,,,WALL MATERIALS,,SQ FT,715.00,ne_ndot_english_standard_item_list_2010,true
ne_ndot_version_4093.85_current,ne_ndot_4093.85,,,GRAVITY BLOCK WALL,,SQ FT,,ne_ndot_english_standard_item_list_2010,true
ne_ndot_version_4093.90_current,ne_ndot_4093.90,,,STONE VENEER WALL WITH CAPSTONE,,EACH,,ne_ndot_english_standard_item_list_2010,true
ne_ndot_version_4093.92_current,ne_ndot_4093.92,,,STONE VENEER WALL WITH CAPSTONE,,EACH,,ne_ndot_english_standard_item_list_2010,true
ne_ndot_version_4094.01_current,ne_ndot_4094.01,,,CMU WALL,,SQ FT,,ne_ndot_english_standard_item_list_2010,true
ne_ndot_version_4094.03_current,ne_ndot_4094.03,,,MODULAR BLOCK WALL,,SQ FT,,ne_ndot_english_standard_item_list_2010,true
ne_ndot_version_4094.04_historical,ne_ndot_4094.04,,,CURB WALL,,SF,,ne_ndot_aup_july_june_2025_2026,false
ne_ndot_version_4094.07_historical,ne_ndot_4094.07,,,CURB WALL,,LF,,ne_ndot_aup_calendar_2021,false
ne_ndot_version_4094.50_current,ne_ndot_4094.50,,,TEMPORARY WALL,,SQ YD,,ne_ndot_english_standard_item_list_2010,true
ne_ndot_version_4094.51_current,ne_ndot_4094.51,,,TEMPORARY WALL,,EACH,,ne_ndot_english_standard_item_list_2010,true
ne_ndot_version_4094.52_current,ne_ndot_4094.52,,,TEMPORARY WALL,,EACH,,ne_ndot_english_standard_item_list_2010,true
ne_ndot_version_4094.75_current,ne_ndot_4094.75,,,CONCRETE PROTECTION BARRIER,,LIN FT,,ne_ndot_english_standard_item_list_2010,true
ne_ndot_version_4094.80_current,ne_ndot_4094.80,,,AESTHETIC TREATMENT,,SQ YD,,ne_ndot_english_standard_item_list_2010,true
ne_ndot_version_4095.00_current,ne_ndot_4095.00,,,CONCRETE FACE PANELS,,SQ FT,714.00,ne_ndot_english_standard_item_list_2010,true
ne_ndot_version_4095.03_historical,ne_ndot_4095.03,,,MODIFY CONCRETE FACE PANEL,,SF,,ne_ndot_aup_calendar_2020,false
ne_ndot_version_4095.04_historical,ne_ndot_4095.04,,,STRUCTURAL WALL,,SF,,ne_ndot_aup_calendar_2019,false
ne_ndot_version_4095.05_current,ne_ndot_4095.05,,,MSE WALL,,LIN FT,,ne_ndot_english_standard_item_list_2010,true
ne_ndot_version_4095.06_historical,ne_ndot_4095.06,,,WELDED WIRE MSE WALL AT STA,,SF,,ne_ndot_aup_calendar_2025,false
ne_ndot_version_4095.07_historical,ne_ndot_4095.07,,,WELDED WIRE MSE WALL AT STA,,LS,,ne_ndot_aup_july_june_2017_2018,false
ne_ndot_version_4095.09_current,ne_ndot_4095.09,,,CAST-IN-PLACE WALL FACING,,SQ FT,,ne_ndot_english_standard_item_list_2010,true
ne_ndot_version_4095.10_current,ne_ndot_4095.10,,,CONCRETE LEVELING PADS,,LIN FT,714.00,ne_ndot_english_standard_item_list_2010,true
ne_ndot_version_4095.12_current,ne_ndot_4095.12,,,LEVELING PAD,,LIN FT,,ne_ndot_english_standard_item_list_2010,true
ne_ndot_version_4095.15_current,ne_ndot_4095.15,,,COMPACTED EARTH LEVELING PAD,,LIN FT,715.00,ne_ndot_english_standard_item_list_2010,true
ne_ndot_version_4095.20_current,ne_ndot_4095.20,,,COPING,,LIN FT,714.00,ne_ndot_english_standard_item_list_2010,true
ne_ndot_version_4095.30_current,ne_ndot_4095.30,,,EXCAVATION FOR MSE WALL,,CU YD,,ne_ndot_english_standard_item_list_2010,true
ne_ndot_version_4095.34_historical,ne_ndot_4095.34,,,MSE WALL CONCRETE V-DITCH REPAIR,,LF,,ne_ndot_aup_july_june_2017_2018,false
ne_ndot_version_4095.35_historical,ne_ndot_4095.35,,,MSE WALL COPING REPAIR,,LF,,ne_ndot_aup_calendar_2019,false
ne_ndot_version_4095.36_historical,ne_ndot_4095.36,,,MSE WALL JOINT REPAIR,,LF,,ne_ndot_aup_july_june_2017_2018,false
ne_ndot_version_4095.37_historical,ne_ndot_4095.37,,,MSE WALL PANEL REPAIR,,CY,,ne_ndot_aup_july_june_2017_2018,false
ne_ndot_version_4095.40_historical,ne_ndot_4095.40,,,MSE WALL PANEL REPLACEMENT,,SF,,ne_ndot_aup_calendar_2019,false
ne_ndot_version_4095.45_current,ne_ndot_4095.45,,,CONCRETE V-DITCH,,LIN FT,,ne_ndot_english_standard_item_list_2010,true
ne_ndot_version_4095.46_current,ne_ndot_4095.46,,,MOWING LEDGE,,LIN FT,,ne_ndot_english_standard_item_list_2010,true
ne_ndot_version_4095.47_historical,ne_ndot_4095.47,,,MOWING LEDGE,,SY,,ne_ndot_aup_july_june_2017_2018,false
ne_ndot_version_4095.50_current,ne_ndot_4095.50,,,SHORING FOR MECHANICALLY STABILIZED EARTH STRUCTURES,,LUMP SUM,714.00,ne_ndot_english_standard_item_list_2010,true
ne_ndot_version_4095.51_current,ne_ndot_4095.51,,,SHORING FOR MECHANICALLY STABILIZED EARTH STRUCTURES,,LUMP SUM,714.00,ne_ndot_english_standard_item_list_2010,true
ne_ndot_version_4095.52_historical,ne_ndot_4095.52,,,SHORING FOR CAST IN PLACE RETAINING WALL,,SF,,ne_ndot_aup_july_june_2019_2020,false
ne_ndot_version_4095.60_current,ne_ndot_4095.60,,,PRECAST CONCRETE FASCIA PANEL,,SQ FT,,ne_ndot_english_standard_item_list_2010,true
ne_ndot_version_4095.62_historical,ne_ndot_4095.62,,,FASCIA BEAM,,EACH,,ne_ndot_aup_july_june_2025_2026,false
ne_ndot_version_4095.64_historical,ne_ndot_4095.64,,,PRECAST CAP,,LF,,ne_ndot_aup_calendar_2020,false
ne_ndot_version_4095.65_current,ne_ndot_4095.65,,,WIRE MESH,,SQ FT,,ne_ndot_english_standard_item_list_2010,true
ne_ndot_version_4095.68_current,ne_ndot_4095.68,,,VERIFICATION TEST NAIL,,EACH,,ne_ndot_english_standard_item_list_2010,true
ne_ndot_version_4095.70_current,ne_ndot_4095.70,,,CONSTRUCTION FACING TYPE A,,SQ FT,,ne_ndot_english_standard_item_list_2010,true
ne_ndot_version_4095.71_current,ne_ndot_4095.71,,,CONSTRUCTION FACING TYPE A,,SQ FT,,ne_ndot_english_standard_item_list_2010,true
ne_ndot_version_4095.72_current,ne_ndot_4095.72,,,CONSTRUCTION FACING TYPE A,,SQ FT,,ne_ndot_english_standard_item_list_2010,true
ne_ndot_version_4095.73_current,ne_ndot_4095.73,,,CONSTRUCTION FACING TYPE A,,SQ FT,,ne_ndot_english_standard_item_list_2010,true
ne_ndot_version_4095.74_current,ne_ndot_4095.74,,,CONSTRUCTION FACING TYPE A,,SQ FT,,ne_ndot_english_standard_item_list_2010,true
ne_ndot_version_4095.75_current,ne_ndot_4095.75,,,CONSTRUCTION FACING TYPE A,,SQ FT,,ne_ndot_english_standard_item_list_2010,true
ne_ndot_version_4095.76_current,ne_ndot_4095.76,,,CONSTRUCTION FACING TYPE A,,SQ FT,,ne_ndot_english_standard_item_list_2010,true
ne_ndot_version_4095.77_historical,ne_ndot_4095.77,,,CONSTRUCTION FACING,,SF,,ne_ndot_aup_july_june_2019_2020,false
ne_ndot_version_4095.78_historical,ne_ndot_4095.78,,,VERTICAL DRAIN STRIP,,LF,,ne_ndot_aup_calendar_2018,false
ne_ndot_version_4095.80_current,ne_ndot_4095.80,,,CONSTRUCTION FACING TYPE B,,SQ FT,,ne_ndot_english_standard_item_list_2010,true
ne_ndot_version_4095.81_current,ne_ndot_4095.81,,,CONSTRUCTION FACING TYPE B,,SQ FT,,ne_ndot_english_standard_item_list_2010,true
ne_ndot_version_4095.84_historical,ne_ndot_4095.84,,,FINISHED FACING,,SF,,ne_ndot_aup_calendar_2021,false
ne_ndot_version_4095.85_current,ne_ndot_4095.85,,,FINISHED FACING TYPE A,,SQ FT,,ne_ndot_english_standard_item_list_2010,true
ne_ndot_version_4095.86_current,ne_ndot_4095.86,,,FINISHED FACING TYPE A,,SQ FT,,ne_ndot_english_standard_item_list_2010,true
ne_ndot_version_4095.87_current,ne_ndot_4095.87,,,FINISHED FACING TYPE A,,SQ FT,,ne_ndot_english_standard_item_list_2010,true
ne_ndot_version_4095.88_current,ne_ndot_4095.88,,,FINISHED FACING TYPE A,,SQ FT,,ne_ndot_english_standard_item_list_2010,true
ne_ndot_version_4095.89_current,ne_ndot_4095.89,,,FINISHED FACING TYPE A,,SQ FT,,ne_ndot_english_standard_item_list_2010,true
ne_ndot_version_4095.90_current,ne_ndot_4095.90,,,FINISHED FACING TYPE A,,SQ FT,,ne_ndot_english_standard_item_list_2010,true
ne_ndot_version_4095.91_current,ne_ndot_4095.91,,,FINISHED FACING TYPE A,,SQ FT,,ne_ndot_english_standard_item_list_2010,true
ne_ndot_version_4095.95_current,ne_ndot_4095.95,,,FINISHED FACING TYPE B,,SQ FT,,ne_ndot_english_standard_item_list_2010,true
ne_ndot_version_4095.96_current,ne_ndot_4095.96,,,FINISHED FACING TYPE B,,SQ FT,,ne_ndot_english_standard_item_list_2010,true
ne_ndot_version_4096.00_current,ne_ndot_4096.00,,,SOLDIER PILE,,LIN FT,,ne_ndot_english_standard_item_list_2010,true
ne_ndot_version_4096.05_current,ne_ndot_4096.05,,,TIEBACKS,,EACH,,ne_ndot_english_standard_item_list_2010,true
ne_ndot_version_4096.10_current,ne_ndot_4096.10,,,DRAINAGE MATTING,,SQ YD,,ne_ndot_english_standard_item_list_2010,true
ne_ndot_version_4099.95_current,ne_ndot_4099.95,,,SEAL COURSE CONCRETE,,CU YD,702.00,ne_ndot_english_standard_item_list_2010,true
ne_ndot_version_4099.98_current,ne_ndot_4099.98,,,SEAL COURSE CONCRETE,,CU YD,702.00,ne_ndot_english_standard_item_list_2010,true
ne_ndot_version_4100.06_current,ne_ndot_4100.06,,,CLASS 47B-3000 CONCRETE FOR HEADWALL,,CU YD,704.00,ne_ndot_english_standard_item_list_2010,true
ne_ndot_version_4100.07_historical,ne_ndot_4100.07,,,CLASS 47B-3500 CONCRETE FOR HEADWALL,,CY,,ne_ndot_aup_july_june_2025_2026,false
ne_ndot_version_4101.04_current,ne_ndot_4101.04,,,CLASS 47B-4000 CONCRETE FOR BOX CULVERT,,CU YD,704.00,ne_ndot_english_standard_item_list_2010,true
ne_ndot_version_4101.06_current,ne_ndot_4101.06,,,CLASS 47B-3000 CONCRETE FOR BOX CULVERT,,CU YD,704.00,ne_ndot_english_standard_item_list_2010,true
ne_ndot_version_4101.09_current,ne_ndot_4101.09,,,CLASS 47B-HE-3000 CONCRETE FOR BOX CULVERT,,CU YD,704.00,ne_ndot_english_standard_item_list_2010,true
ne_ndot_version_4101.50_current,ne_ndot_4101.50,,,CLASS 47B-3000 CONCRETE FOR ENERGY DISSIPATOR,,CU YD,,ne_ndot_english_standard_item_list_2010,true
ne_ndot_version_4101.55_historical,ne_ndot_4101.55,,,CLASS 47B-4000 CONCRETE FOR ENERGY DISSIPATOR,,CY,,ne_ndot_aup_july_june_2025_2026,false
ne_ndot_version_4102.03_current,ne_ndot_4102.03,,,CLASS 47B-3000 CONCRETE FOR RETAINING WALL,,CU YD,704.00,ne_ndot_english_standard_item_list_2010,true
ne_ndot_version_4102.04_current,ne_ndot_4102.04,,,CLASS 47BD-4000 CONCRETE FOR RETAINING WALL,,CU YD,704.00,ne_ndot_english_standard_item_list_2010,true
ne_ndot_version_4102.08_current,ne_ndot_4102.08,,,CLASS 47BD-3500 CONCRETE FOR RETAINING WALL,,CU YD,704.00,ne_ndot_english_standard_item_list_2010,true
ne_ndot_version_4102.09_current,ne_ndot_4102.09,,,CLASS 47B-3500 CONCRETE FOR RETAINING WALL,,CU YD,704.00,ne_ndot_english_standard_item_list_2010,true
ne_ndot_version_4102.11_current,ne_ndot_4102.11,,,CLASS 47B-3000 CONCRETE FOR RETAINING WALL,,CU YD,704.00,ne_ndot_english_standard_item_list_2010,true
ne_ndot_version_4102.18_current,ne_ndot_4102.18,,,CLASS 47B-3500 CONCRETE FOR RETAINING WALL,,SQ YD,,ne_ndot_english_standard_item_list_2010,true
ne_ndot_version_4102.20_current,ne_ndot_4102.20,,,CLASS 47B-3000 CONCRETE FOR CURB WALL,,CU YD,704.00,ne_ndot_english_standard_item_list_2010,true
ne_ndot_version_4103.01_historical,ne_ndot_4103.01,,,CLASS 47B-3500 CONCRETE FOR STEP,,CY,,ne_ndot_aup_july_june_2023_2024,false
ne_ndot_version_4103.06_current,ne_ndot_4103.06,,,CLASS 47B-3000 CONCRETE FOR STEP,,CU YD,704.00,ne_ndot_english_standard_item_list_2010,true
ne_ndot_version_4103.20_current,ne_ndot_4103.20,,,CONCRETE STEPS,,EACH,,ne_ndot_english_standard_item_list_2010,true
ne_ndot_version_4103.21_historical,ne_ndot_4103.21,,,CONSTRUCT REINFORCED PCC STAIRS,,EACH,,ne_ndot_aup_calendar_2023,false
ne_ndot_version_4104.06_current,ne_ndot_4104.06,,,CONCRETE FOR CATCH BASIN,,CU YD,916.00,ne_ndot_english_standard_item_list_2010,true
ne_ndot_version_4105.06_current,ne_ndot_4105.06,,,CONCRETE FOR INLET,,CU YD,916.00,ne_ndot_english_standard_item_list_2010,true
ne_ndot_version_4105.59_current,ne_ndot_4105.59,,,CLASS 47B-3000 CONCRETE FOR INLET AND JUNCTION BOX,,CU YD,916.00,ne_ndot_english_standard_item_list_2010,true
ne_ndot_version_4107.02_historical,ne_ndot_4107.02,,,CONCRETE FOR COLLARS,,CY,,ne_ndot_aup_calendar_2020,false
ne_ndot_version_4107.04_historical,ne_ndot_4107.04,,,CLASS 47B-3000 CONCRETE FOR CONCRETE COLLARS,,CY,,ne_ndot_aup_july_june_2025_2026,false
ne_ndot_version_4107.07_current,ne_ndot_4107.07,,,CLASS 47B-3000 CONCRETE FOR CONCRETE COLLARS,,CU YD,720.00,ne_ndot_english_standard_item_list_2010,true
ne_ndot_version_4107.50_current,ne_ndot_4107.50,,,CLASS 47B-3000 CONCRETE FOR SPLASH BASIN,,CU YD,704.00,ne_ndot_english_standard_item_list_2010,true
ne_ndot_version_4109.05_current,ne_ndot_4109.05,,,CLASS 47B-3000 CONCRETE FOR RETAINING WALL AND ST,,CU YD,704.00,ne_ndot_english_standard_item_list_2010,true
ne_ndot_version_4109.20_current,ne_ndot_4109.20,,,CLASS 47B-3000 CONCRETE FOR RETAINING WALL AND STEP,,CU YD,704.00,ne_ndot_english_standard_item_list_2010,true
ne_ndot_version_4109.22_current,ne_ndot_4109.22,,,CLASS 47BD-3500 CONCRETE FOR RETAINING WALL AND STEP,,CU YD,704.00,ne_ndot_english_standard_item_list_2010,true
ne_ndot_version_4115.05_current,ne_ndot_4115.05,,,CLASS 47B-3000 CONCRETE FOR SLAB,,CU YD,,ne_ndot_english_standard_item_list_2010,true
ne_ndot_version_4115.20_historical,ne_ndot_4115.20,,,CLASS 47B-3500 CONCRETE,,CY,,ne_ndot_aup_july_june_2019_2020,false
ne_ndot_version_4115.24_current,ne_ndot_4115.24,,,CLASS 47B-3000 CONCRETE,,SQ YD,,ne_ndot_english_standard_item_list_2010,true
ne_ndot_version_4115.25_current,ne_ndot_4115.25,,,CLASS 47B-3000 CONCRETE,,CU YD,,ne_ndot_english_standard_item_list_2010,true
ne_ndot_version_4115.26_current,ne_ndot_4115.26,,,CLASS 47BD-4000 CONCRETE,,CU YD,,ne_ndot_english_standard_item_list_2010,true
ne_ndot_version_4115.27_current,ne_ndot_4115.27,,,CONCRETE CLASS 47B-3500,,CU YD,,ne_ndot_english_standard_item_list_2010,true
ne_ndot_version_4115.28_historical,ne_ndot_4115.28,,,CONCRETE CLASS 47B-4000,,CY,,ne_ndot_aup_july_june_2024_2025,false
ne_ndot_version_4115.29_historical,ne_ndot_4115.29,,,CONCRETE CLASS 47B-3500 SPEED TABLE,,EACH,,ne_ndot_aup_calendar_2019,false
ne_ndot_version_4115.30_current,ne_ndot_4115.30,,,CLASS 47B-3000 CONCRETE,,CU YD,,ne_ndot_english_standard_item_list_2010,true
ne_ndot_version_4115.50_current,ne_ndot_4115.50,,,FINE AGGREGATE FOR 47B CONCRETE (STOCKPILED),,CU YD,,ne_ndot_english_standard_item_list_2010,true
ne_ndot_version_4115.51_current,ne_ndot_4115.51,,,COARSE AGGREGATE FOR 47B CONCRETE (STOCKPILED),,CU YD,,ne_ndot_english_standard_item_list_2010,true
ne_ndot_version_4118.00_current,ne_ndot_4118.00,,,CONCRETE BACKING BLOCK,,EACH,,ne_ndot_english_standard_item_list_2010,true
ne_ndot_version_4120.06_current,ne_ndot_4120.06,,,CLASS 47B-3000 FOR CONCRETE BOX CULVERT PLUG,,CU YD,704.00,ne_ndot_english_standard_item_list_2010,true
ne_ndot_version_4130.06_current,ne_ndot_4130.06,,,CLASS 47B-3000 CONCRETE FOR PIPE CULVERT PLUG,,CU YD,704.00,ne_ndot_english_standard_item_list_2010,true
ne_ndot_version_4135.01_current,ne_ndot_4135.01,,,REINFORCING STEEL FOR PIPE CULVERT PLUG,,POUND,707.00,ne_ndot_english_standard_item_list_2010,true
ne_ndot_version_4136.01_current,ne_ndot_4136.01,,,REINFORCING STEEL FOR BOX CULVERT PLUG,,POUND,707.00,ne_ndot_english_standard_item_list_2010,true
ne_ndot_version_4150.00_current,ne_ndot_4150.00,,,REINFORCING STEEL FOR HEADWALL,,POUND,707.00,ne_ndot_english_standard_item_list_2010,true
ne_ndot_version_4150.02_current,ne_ndot_4150.02,,,EPOXY COATED REINFORCING STEEL FOR HEADWALL,,POUND,,ne_ndot_english_standard_item_list_2010,true
ne_ndot_version_4151.00_current,ne_ndot_4151.00,,,REINFORCING STEEL FOR BOX CULVERT,,POUND,707.00,ne_ndot_english_standard_item_list_2010,true
ne_ndot_version_4151.10_current,ne_ndot_4151.10,,,EPOXY COATED REINFORCING STEEL FOR BOX CULVERT,,POUND,,ne_ndot_english_standard_item_list_2010,true
ne_ndot_version_4151.50_current,ne_ndot_4151.50,,,REINFORCING STEEL FOR ENERGY DISSIPATOR,,POUND,,ne_ndot_english_standard_item_list_2010,true
ne_ndot_version_4152.00_current,ne_ndot_4152.00,,,REINFORCING STEEL FOR RETAINING WALL,,POUND,707.00,ne_ndot_english_standard_item_list_2010,true
ne_ndot_version_4152.20_current,ne_ndot_4152.20,,,EPOXY COATED REINFORCING STEEL FOR RETAINING WALL,,POUND,,ne_ndot_english_standard_item_list_2010,true
ne_ndot_version_4152.25_current,ne_ndot_4152.25,,,REINFORCING STEEL FOR CURB WALL,,POUND,707.00,ne_ndot_english_standard_item_list_2010,true
ne_ndot_version_4153.00_current,ne_ndot_4153.00,,,REINFORCING STEEL FOR STEP,,POUND,707.00,ne_ndot_english_standard_item_list_2010,true
ne_ndot_version_4153.01_historical,ne_ndot_4153.01,,,DEADMAN ANCHOR SYSTEM,,EACH,,ne_ndot_aup_july_june_2023_2024,false
ne_ndot_version_4154.00_current,ne_ndot_4154.00,,,REINFORCING STEEL FOR CATCH BASIN,,POUND,916.00,ne_ndot_english_standard_item_list_2010,true
ne_ndot_version_4154.50_current,ne_ndot_4154.50,,,REINFORCING STEEL FOR SPLASH BASIN,,POUND,707.00,ne_ndot_english_standard_item_list_2010,true
ne_ndot_version_4154.51_current,ne_ndot_4154.51,,,EPOXY COATED REINFORCING STEEL FOR SPLASH BASIN,,POUND,,ne_ndot_english_standard_item_list_2010,true
ne_ndot_version_4155.00_current,ne_ndot_4155.00,,,REINFORCING STEEL FOR INLET,,POUND,916.00,ne_ndot_english_standard_item_list_2010,true
ne_ndot_version_4155.50_current,ne_ndot_4155.50,,,REINFORCING STEEL FOR INLET AND JUNCTION BOX,,POUND,916.00,ne_ndot_english_standard_item_list_2010,true
ne_ndot_version_4155.55_current,ne_ndot_4155.55,,,EPOXY COATED REINFORCING STEEL FOR INLET AND JUNCTION BOX,,POUND,,ne_ndot_english_standard_item_list_2010,true
ne_ndot_version_4156.00_current,ne_ndot_4156.00,,,REINFORCING STEEL FOR JUNCTION BOX,,POUND,916.00,ne_ndot_english_standard_item_list_2010,true
ne_ndot_version_4157.00_current,ne_ndot_4157.00,,,REINFORCING STEEL FOR COLLARS,,POUND,720.00,ne_ndot_english_standard_item_list_2010,true
ne_ndot_version_4157.02_current,ne_ndot_4157.02,,,EPOXY COATED REINFORCING STEEL FOR COLLARS,,POUND,,ne_ndot_english_standard_item_list_2010,true
ne_ndot_version_4159.00_current,ne_ndot_4159.00,,,REINFORCING STEEL FOR RETAINING WALL AND STEP,,POUND,707.00,ne_ndot_english_standard_item_list_2010,true
ne_ndot_version_4159.50_current,ne_ndot_4159.50,,,SOIL REINFORCEMENT,,POUND,,ne_ndot_english_standard_item_list_2010,true
ne_ndot_version_4159.55_current,ne_ndot_4159.55,,,EPOXY COATED REINFORCING STEEL,,POUND,,ne_ndot_english_standard_item_list_2010,true
ne_ndot_version_4163.00_current,ne_ndot_4163.00,,,REINFORCING STEEL FOR SLAB,,POUND,,ne_ndot_english_standard_item_list_2010,true
ne_ndot_version_4163.25_current,ne_ndot_4163.25,,,REINFORCING STEEL,,POUND,,ne_ndot_english_standard_item_list_2010,true
ne_ndot_version_4165.00_current,ne_ndot_4165.00,,,HANDRAIL FOR STEP,,LIN FT,,ne_ndot_english_standard_item_list_2010,true
ne_ndot_version_4165.11_current,ne_ndot_4165.11,,,RAILING,,LIN FT,,ne_ndot_english_standard_item_list_2010,true
ne_ndot_version_4165.12_current,ne_ndot_4165.12,,,RAILING,,LIN FT,,ne_ndot_english_standard_item_list_2010,true
ne_ndot_version_4180.00_current,ne_ndot_4180.00,,,CONCRETE COLLAR,,EACH,,ne_ndot_english_standard_item_list_2010,true
ne_ndot_version_4180.01_current,ne_ndot_4180.01,,,CONCRETE COLLAR,,EACH,,ne_ndot_english_standard_item_list_2010,true
ne_ndot_version_4180.02_historical,ne_ndot_4180.02,,,CONCRETE COLLAR,,EACH,,ne_ndot_aup_july_june_2019_2020,false
ne_ndot_version_4180.03_historical,ne_ndot_4180.03,,,CONCRETE COLLAR,,EACH,,ne_ndot_aup_july_june_2020_2021,false
ne_ndot_version_4180.04_historical,ne_ndot_4180.04,,,CONCRETE COLLAR,,EACH,,ne_ndot_aup_july_june_2018_2019,false
ne_ndot_version_4180.05_historical,ne_ndot_4180.05,,,CONCRETE COLLAR,,EACH,,ne_ndot_aup_july_june_2018_2019,false
ne_ndot_version_4180.06_historical,ne_ndot_4180.06,,,CONCRETE COLLAR,,EACH,,ne_ndot_aup_july_june_2018_2019,false
ne_ndot_version_4180.07_historical,ne_ndot_4180.07,,,CONCRETE COLLAR,,EACH,,ne_ndot_aup_july_june_2018_2019,false
ne_ndot_version_4180.08_historical,ne_ndot_4180.08,,,CONCRETE COLLAR,,EACH,,ne_ndot_aup_july_june_2018_2019,false
ne_ndot_version_4180.09_historical,ne_ndot_4180.09,,,CONCRETE COLLAR,,EACH,,ne_ndot_aup_july_june_2018_2019,false
ne_ndot_version_4180.10_historical,ne_ndot_4180.10,,,CONCRETE MANHOLE COLLAR,,EACH,,ne_ndot_aup_july_june_2025_2026,false
ne_ndot_version_4180.36_current,ne_ndot_4180.36,,,"36"" ANTI-SEEP COLLAR",,EACH,,ne_ndot_english_standard_item_list_2010,true
ne_ndot_version_4200.00_current,ne_ndot_4200.00,,,WETLAND STOP GATE,,EACH,,ne_ndot_english_standard_item_list_2010,true
ne_ndot_version_4200.04_historical,ne_ndot_4200.04,,,"4"" AUTOMATIC FLOOD CONTROL GATE",,EACH,,ne_ndot_aup_calendar_2024,false
ne_ndot_version_4200.06_current,ne_ndot_4200.06,,,"6"" AUTOMATIC FLOOD CONTROL GATE",,EACH,719.00,ne_ndot_english_standard_item_list_2010,true
ne_ndot_version_4200.08_current,ne_ndot_4200.08,,,"8"" AUTOMATIC FLOOD CONTROL GATE",,EACH,719.00,ne_ndot_english_standard_item_list_2010,true
ne_ndot_version_4200.10_current,ne_ndot_4200.10,,,"10"" AUTOMATIC FLOOD CONTROL GATE",,EACH,719.00,ne_ndot_english_standard_item_list_2010,true
ne_ndot_version_4200.12_current,ne_ndot_4200.12,,,"12"" AUTOMATIC FLOOD CONTROL GATE",,EACH,719.00,ne_ndot_english_standard_item_list_2010,true
ne_ndot_version_4200.15_current,ne_ndot_4200.15,,,"15"" AUTOMATIC FLOOD CONTROL GATE",,EACH,719.00,ne_ndot_english_standard_item_list_2010,true
ne_ndot_version_4200.18_current,ne_ndot_4200.18,,,"18"" AUTOMATIC FLOOD CONTROL GATE",,EACH,719.00,ne_ndot_english_standard_item_list_2010,true
ne_ndot_version_4200.24_current,ne_ndot_4200.24,,,"24"" AUTOMATIC FLOOD CONTROL GATE",,EACH,719.00,ne_ndot_english_standard_item_list_2010,true
ne_ndot_version_4200.30_current,ne_ndot_4200.30,,,"30"" AUTOMATIC FLOOD CONTROL GATE",,EACH,719.00,ne_ndot_english_standard_item_list_2010,true
ne_ndot_version_4200.36_current,ne_ndot_4200.36,,,"36"" AUTOMATIC FLOOD CONTROL GATE",,EACH,719.00,ne_ndot_english_standard_item_list_2010,true
ne_ndot_version_4200.42_current,ne_ndot_4200.42,,,"42"" AUTOMATIC FLOOD CONTROL GATE",,EACH,719.00,ne_ndot_english_standard_item_list_2010,true
ne_ndot_version_4200.48_current,ne_ndot_4200.48,,,"48"" AUTOMATIC FLOOD CONTROL GATE",,EACH,719.00,ne_ndot_english_standard_item_list_2010,true
ne_ndot_version_4200.54_current,ne_ndot_4200.54,,,"54"" AUTOMATIC FLOOD CONTROL GATE",,EACH,719.00,ne_ndot_english_standard_item_list_2010,true
ne_ndot_version_4200.60_current,ne_ndot_4200.60,,,"60"" AUTOMATIC FLOOD CONTROL GATE",,EACH,719.00,ne_ndot_english_standard_item_list_2010,true
ne_ndot_version_4200.72_current,ne_ndot_4200.72,,,"72"" AUTOMATIC FLOOD CONTROL GATE",,EACH,719.00,ne_ndot_english_standard_item_list_2010,true
ne_ndot_version_4200.78_current,ne_ndot_4200.78,,,"78"" AUTOMATIC FLOOD CONTROL GATE",,EACH,719.00,ne_ndot_english_standard_item_list_2010,true
ne_ndot_version_4202.72_current,ne_ndot_4202.72,,,"72"" X 72"" AUTOMATIC FLOOD CONTROL GATE",,EACH,719.00,ne_ndot_english_standard_item_list_2010,true
ne_ndot_version_4203.30_current,ne_ndot_4203.30,,,"30"" SLUICE GATE",,EACH,,ne_ndot_english_standard_item_list_2010,true
ne_ndot_version_4205.00_current,ne_ndot_4205.00,,,BAR GRATE FOR CONCRETE BOX CULVERT,,EACH,,ne_ndot_english_standard_item_list_2010,true
ne_ndot_version_4205.02_current,ne_ndot_4205.02,,,BAR GRATE FOR CONCRETE BOX CULVERT,,POUND,,ne_ndot_english_standard_item_list_2010,true
ne_ndot_version_4210.12_current,ne_ndot_4210.12,,,"BAR GRATE FOR 12"" FLARED-END SECTION",,EACH,725.00,ne_ndot_english_standard_item_list_2010,true
ne_ndot_version_4210.15_current,ne_ndot_4210.15,,,"BAR GRATE FOR 15"" FLARED-END SECTION",,EACH,725.00,ne_ndot_english_standard_item_list_2010,true
ne_ndot_version_4210.18_current,ne_ndot_4210.18,,,"BAR GRATE FOR 18"" FLARED-END SECTION",,EACH,725.00,ne_ndot_english_standard_item_list_2010,true
ne_ndot_version_4210.21_current,ne_ndot_4210.21,,,"BAR GRATE FOR 21"" FLARED-END SECTION",,EACH,725.00,ne_ndot_english_standard_item_list_2010,true
ne_ndot_version_4210.24_current,ne_ndot_4210.24,,,"BAR GRATE FOR 24"" FLARED-END SECTION",,EACH,725.00,ne_ndot_english_standard_item_list_2010,true
ne_ndot_version_4210.30_current,ne_ndot_4210.30,,,"BAR GRATE FOR 30"" FLARED-END SECTION",,EACH,725.00,ne_ndot_english_standard_item_list_2010,true
ne_ndot_version_4210.36_current,ne_ndot_4210.36,,,"BAR GRATE FOR 36"" FLARED-END SECTION",,EACH,725.00,ne_ndot_english_standard_item_list_2010,true
ne_ndot_version_4210.42_current,ne_ndot_4210.42,,,"BAR GRATE FOR 42"" FLARED-END SECTION",,EACH,725.00,ne_ndot_english_standard_item_list_2010,true
ne_ndot_version_4210.48_current,ne_ndot_4210.48,,,"BAR GRATE FOR 48"" FLARED-END SECTION",,EACH,725.00,ne_ndot_english_standard_item_list_2010,true
ne_ndot_version_4210.54_current,ne_ndot_4210.54,,,"BAR GRATE FOR 54"" FLARED-END SECTION",,EACH,725.00,ne_ndot_english_standard_item_list_2010,true
ne_ndot_version_4210.60_current,ne_ndot_4210.60,,,"BAR GRATE FOR 60"" FLARED-END SECTION",,EACH,725.00,ne_ndot_english_standard_item_list_2010,true
ne_ndot_version_4210.72_current,ne_ndot_4210.72,,,"BAR GRATE FOR 72"" FLARED-END SECTION",,EACH,725.00,ne_ndot_english_standard_item_list_2010,true
ne_ndot_version_4220.12_current,ne_ndot_4220.12,,,"BAR GRATE FOR 12"" METAL FLARED-END SECTION",,EACH,725.00,ne_ndot_english_standard_item_list_2010,true
ne_ndot_version_4220.15_current,ne_ndot_4220.15,,,"BAR GRATE FOR 15"" METAL FLARED-END SECTION",,EACH,725.00,ne_ndot_english_standard_item_list_2010,true
ne_ndot_version_4220.18_current,ne_ndot_4220.18,,,"BAR GRATE FOR 18"" METAL FLARED-END SECTION",,EACH,725.00,ne_ndot_english_standard_item_list_2010,true
ne_ndot_version_4220.24_current,ne_ndot_4220.24,,,"BAR GRATE FOR 24"" METAL FLARED-END SECTION",,EACH,725.00,ne_ndot_english_standard_item_list_2010,true
ne_ndot_version_4220.30_current,ne_ndot_4220.30,,,"BAR GRATE FOR 30"" METAL FLARED-END SECTION",,EACH,725.00,ne_ndot_english_standard_item_list_2010,true
ne_ndot_version_4220.36_current,ne_ndot_4220.36,,,"BAR GRATE FOR 36"" METAL FLARED-END SECTION",,EACH,725.00,ne_ndot_english_standard_item_list_2010,true
ne_ndot_version_4220.42_current,ne_ndot_4220.42,,,"BAR GRATE FOR 42"" METAL FLARED-END SECTION",,EACH,725.00,ne_ndot_english_standard_item_list_2010,true
ne_ndot_version_4220.48_current,ne_ndot_4220.48,,,"BAR GRATE FOR 48"" METAL FLARED-END SECTION",,EACH,725.00,ne_ndot_english_standard_item_list_2010,true
ne_ndot_version_4220.54_current,ne_ndot_4220.54,,,"BAR GRATE FOR 54"" METAL FLARED-END SECTION",,EACH,725.00,ne_ndot_english_standard_item_list_2010,true
ne_ndot_version_4230.12_current,ne_ndot_4230.12,,,"BAR GRATE FOR 12"" CONCRETE FLARED-END SECTION",,EACH,725.00,ne_ndot_english_standard_item_list_2010,true
ne_ndot_version_4230.15_current,ne_ndot_4230.15,,,"BAR GRATE FOR 15"" CONCRETE FLARED-END SECTION",,EACH,725.00,ne_ndot_english_standard_item_list_2010,true
ne_ndot_version_4230.18_current,ne_ndot_4230.18,,,"BAR GRATE FOR 18"" CONCRETE FLARED-END SECTION",,EACH,725.00,ne_ndot_english_standard_item_list_2010,true
ne_ndot_version_4230.21_current,ne_ndot_4230.21,,,"BAR GRATE FOR 21"" CONCRETE FLARED-END SECTION",,EACH,725.00,ne_ndot_english_standard_item_list_2010,true
ne_ndot_version_4230.24_current,ne_ndot_4230.24,,,"BAR GRATE FOR 24"" CONCRETE FLARED-END SECTION",,EACH,725.00,ne_ndot_english_standard_item_list_2010,true
ne_ndot_version_4230.30_current,ne_ndot_4230.30,,,"BAR GRATE FOR 30"" CONCRETE FLARED-END SECTION",,EACH,725.00,ne_ndot_english_standard_item_list_2010,true
ne_ndot_version_4230.36_current,ne_ndot_4230.36,,,"BAR GRATE FOR 36"" CONCRETE FLARED-END SECTION",,EACH,725.00,ne_ndot_english_standard_item_list_2010,true
ne_ndot_version_4230.42_current,ne_ndot_4230.42,,,"BAR GRATE FOR 42"" CONCRETE FLARED-END SECTION",,EACH,725.00,ne_ndot_english_standard_item_list_2010,true
ne_ndot_version_4230.48_current,ne_ndot_4230.48,,,"BAR GRATE FOR 48"" CONCRETE FLARED-END SECTION",,EACH,725.00,ne_ndot_english_standard_item_list_2010,true
ne_ndot_version_4230.54_current,ne_ndot_4230.54,,,"BAR GRATE FOR 54"" CONCRETE FLARED-END SECTION",,EACH,725.00,ne_ndot_english_standard_item_list_2010,true
ne_ndot_version_4230.60_current,ne_ndot_4230.60,,,"BAR GRATE FOR 60"" CONCRETE FLARED-END SECTION",,EACH,725.00,ne_ndot_english_standard_item_list_2010,true
ne_ndot_version_4230.66_current,ne_ndot_4230.66,,,"BAR GRATE FOR 66"" CONCRETE FLARED-END SECTION",,EACH,725.00,ne_ndot_english_standard_item_list_2010,true
ne_ndot_version_4230.72_current,ne_ndot_4230.72,,,"BAR GRATE FOR 72"" CONCRETE FLARED-END SECTION",,EACH,725.00,ne_ndot_english_standard_item_list_2010,true
ne_ndot_version_4250.18_current,ne_ndot_4250.18,,,"BAR GRATE FOR 18"" ROUND EQUIVALENT CONCRETE FLARED-END SECTION",,EACH,725.00,ne_ndot_english_standard_item_list_2010,true
ne_ndot_version_4250.24_current,ne_ndot_4250.24,,,"BAR GRATE FOR 24"" ROUND EQUIVALENT CONCRETE FLARED-END SECTION",,EACH,725.00,ne_ndot_english_standard_item_list_2010,true
ne_ndot_version_4250.30_current,ne_ndot_4250.30,,,"BAR GRATE FOR 30"" ROUND EQUIVALENT CONCRETE FLARED-END SECTION",,EACH,725.00,ne_ndot_english_standard_item_list_2010,true
ne_ndot_version_4250.36_current,ne_ndot_4250.36,,,"BAR GRATE FOR 36"" ROUND EQUIVALENT CONCRETE FLARED-END SECTION",,EACH,725.00,ne_ndot_english_standard_item_list_2010,true
ne_ndot_version_4250.42_current,ne_ndot_4250.42,,,"BAR GRATE FOR 42"" ROUND EQUIVALENT CONCRETE FLARED-END SECTION",,EACH,725.00,ne_ndot_english_standard_item_list_2010,true
ne_ndot_version_4250.48_current,ne_ndot_4250.48,,,"BAR GRATE FOR 48"" ROUND EQUIVALENT CONCRETE FLARED-END SECTION",,EACH,725.00,ne_ndot_english_standard_item_list_2010,true
ne_ndot_version_4250.54_current,ne_ndot_4250.54,,,"BAR GRATE FOR 54"" ROUND EQUIVALENT CONCRETE FLARED-END SECTION",,EACH,725.00,ne_ndot_english_standard_item_list_2010,true
ne_ndot_version_4260.15_historical,ne_ndot_4260.15,,,"BAR GRATE FOR 15"" ROUND EQUIVALENT FLARED-END SECTION",,EACH,,ne_ndot_aup_july_june_2020_2021,false
ne_ndot_version_4260.18_historical,ne_ndot_4260.18,,,"BAR GRATE FOR 18"" ROUND EQUIVALENT FLARED-END SECTION",,EACH,,ne_ndot_aup_july_june_2020_2021,false
ne_ndot_version_4260.30_current,ne_ndot_4260.30,,,"BAR GRATE FOR 30"" ROUND EQUIVALENT FLARED-END SECTION",,EACH,725.00,ne_ndot_english_standard_item_list_2010,true
ne_ndot_version_4260.42_current,ne_ndot_4260.42,,,"BAR GRATE FOR 42"" ROUND EQUIVALENT FLARED-END SECTION",,EACH,725.00,ne_ndot_english_standard_item_list_2010,true
ne_ndot_version_4260.48_current,ne_ndot_4260.48,,,"BAR GRATE FOR 48"" ROUND EQUIVALENT FLARED-END SECTION",,EACH,725.00,ne_ndot_english_standard_item_list_2010,true
ne_ndot_version_4260.60_current,ne_ndot_4260.60,,,"BAR GRATE FOR 60"" ROUND EQUIVALENT FLARED-END SECTION",,EACH,725.00,ne_ndot_english_standard_item_list_2010,true
ne_ndot_version_4260.72_current,ne_ndot_4260.72,,,"BAR GRATE FOR 72"" ROUND EQUIVALENT FLARED-END SECTION",,EACH,725.00,ne_ndot_english_standard_item_list_2010,true
ne_ndot_version_4270.15_current,ne_ndot_4270.15,,,"BAR GRATE FOR 15"" ROUND EQUIVALENT METAL FLARED-END SECTION",,EACH,725.00,ne_ndot_english_standard_item_list_2010,true
ne_ndot_version_4270.24_current,ne_ndot_4270.24,,,"BAR GRATE FOR 24"" ROUND EQUIVALENT METAL FLARED-END SECTION",,EACH,725.00,ne_ndot_english_standard_item_list_2010,true
ne_ndot_version_4270.36_current,ne_ndot_4270.36,,,"BAR GRATE FOR 36"" ROUND EQUIVALENT METAL FLARED-END SECTION",,EACH,725.00,ne_ndot_english_standard_item_list_2010,true
ne_ndot_version_4270.48_current,ne_ndot_4270.48,,,"BAR GRATE FOR 48"" ROUND EQUIVALENT METAL FLARED-END SECTION",,EACH,725.00,ne_ndot_english_standard_item_list_2010,true
ne_ndot_version_4300.06_current,ne_ndot_4300.06,,,"6"" CULVERT PIPE",,LIN FT,718.00,ne_ndot_english_standard_item_list_2010,true
ne_ndot_version_4300.08_current,ne_ndot_4300.08,,,"8"" CULVERT PIPE",,LIN FT,718.00,ne_ndot_english_standard_item_list_2010,true
ne_ndot_version_4300.12_current,ne_ndot_4300.12,,,"12"" CULVERT PIPE",,LIN FT,718.00,ne_ndot_english_standard_item_list_2010,true
ne_ndot_version_4300.15_current,ne_ndot_4300.15,,,"15"" CULVERT PIPE",,LIN FT,718.00,ne_ndot_english_standard_item_list_2010,true
ne_ndot_version_4300.18_current,ne_ndot_4300.18,,,"18"" CULVERT PIPE",,LIN FT,718.00,ne_ndot_english_standard_item_list_2010,true
ne_ndot_version_4300.21_current,ne_ndot_4300.21,,,"21"" CULVERT PIPE",,LIN FT,718.00,ne_ndot_english_standard_item_list_2010,true
ne_ndot_version_4300.24_current,ne_ndot_4300.24,,,"24"" CULVERT PIPE",,LIN FT,718.00,ne_ndot_english_standard_item_list_2010,true
ne_ndot_version_4300.30_current,ne_ndot_4300.30,,,"30"" CULVERT PIPE",,LIN FT,718.00,ne_ndot_english_standard_item_list_2010,true
ne_ndot_version_4300.36_current,ne_ndot_4300.36,,,"36"" CULVERT PIPE",,LIN FT,718.00,ne_ndot_english_standard_item_list_2010,true
ne_ndot_version_4300.42_current,ne_ndot_4300.42,,,"42"" CULVERT PIPE",,LIN FT,718.00,ne_ndot_english_standard_item_list_2010,true
ne_ndot_version_4300.48_current,ne_ndot_4300.48,,,"48"" CULVERT PIPE",,LIN FT,718.00,ne_ndot_english_standard_item_list_2010,true
ne_ndot_version_4300.54_current,ne_ndot_4300.54,,,"54"" CULVERT PIPE",,LIN FT,718.00,ne_ndot_english_standard_item_list_2010,true
ne_ndot_version_4300.60_current,ne_ndot_4300.60,,,"60"" CULVERT PIPE",,LIN FT,718.00,ne_ndot_english_standard_item_list_2010,true
ne_ndot_version_4300.66_current,ne_ndot_4300.66,,,"66"" CULVERT PIPE",,LIN FT,718.00,ne_ndot_english_standard_item_list_2010,true
ne_ndot_version_4300.72_current,ne_ndot_4300.72,,,"72"" CULVERT PIPE",,LIN FT,718.00,ne_ndot_english_standard_item_list_2010,true
ne_ndot_version_4300.78_current,ne_ndot_4300.78,,,"78"" CULVERT PIPE",,LIN FT,718.00,ne_ndot_english_standard_item_list_2010,true
ne_ndot_version_4300.84_current,ne_ndot_4300.84,,,"84"" CULVERT PIPE",,LIN FT,718.00,ne_ndot_english_standard_item_list_2010,true
ne_ndot_version_4300.96_current,ne_ndot_4300.96,,,"96"" CULVERT PIPE",,LIN FT,718.00,ne_ndot_english_standard_item_list_2010,true
ne_ndot_version_4301.08_current,ne_ndot_4301.08,,,"108"" CULVERT PIPE",,LIN FT,718.00,ne_ndot_english_standard_item_list_2010,true
ne_ndot_version_4301.20_current,ne_ndot_4301.20,,,"120"" CULVERT PIPE",,LIN FT,718.00,ne_ndot_english_standard_item_list_2010,true
ne_ndot_version_4305.12_current,ne_ndot_4305.12,,,"12"" ROUND EQUIVALENT CULVERT PIPE",,LIN FT,718.00,ne_ndot_english_standard_item_list_2010,true
ne_ndot_version_4305.15_current,ne_ndot_4305.15,,,"15"" ROUND EQUIVALENT CULVERT PIPE",,LIN FT,719.00,ne_ndot_english_standard_item_list_2010,true
ne_ndot_version_4305.18_current,ne_ndot_4305.18,,,"18"" ROUND EQUIVALENT CULVERT PIPE",,LIN FT,718.00,ne_ndot_english_standard_item_list_2010,true
ne_ndot_version_4305.24_current,ne_ndot_4305.24,,,"24"" ROUND EQUIVALENT CULVERT PIPE",,LIN FT,718.00,ne_ndot_english_standard_item_list_2010,true
ne_ndot_version_4305.30_current,ne_ndot_4305.30,,,"30"" ROUND EQUIVALENT CULVERT PIPE",,LIN FT,718.00,ne_ndot_english_standard_item_list_2010,true
ne_ndot_version_4305.36_current,ne_ndot_4305.36,,,"36"" ROUND EQUIVALENT CULVERT PIPE",,LIN FT,718.00,ne_ndot_english_standard_item_list_2010,true
ne_ndot_version_4305.42_current,ne_ndot_4305.42,,,"42"" ROUND EQUIVALENT CULVERT PIPE",,LIN FT,718.00,ne_ndot_english_standard_item_list_2010,true
ne_ndot_version_4305.48_current,ne_ndot_4305.48,,,"48"" ROUND EQUIVALENT CULVERT PIPE",,LIN FT,718.00,ne_ndot_english_standard_item_list_2010,true
ne_ndot_version_4305.54_current,ne_ndot_4305.54,,,"54"" ROUND EQUIVALENT CULVERT PIPE",,LIN FT,718.00,ne_ndot_english_standard_item_list_2010,true
ne_ndot_version_4305.60_current,ne_ndot_4305.60,,,"60"" ROUND EQUIVALENT CULVERT PIPE",,LIN FT,718.00,ne_ndot_english_standard_item_list_2010,true
ne_ndot_version_4305.66_current,ne_ndot_4305.66,,,"66"" ROUND EQUIVALENT CULVERT PIPE",,LIN FT,718.00,ne_ndot_english_standard_item_list_2010,true
ne_ndot_version_4305.72_current,ne_ndot_4305.72,,,"72"" ROUND EQUIVALENT CULVERT PIPE",,LIN FT,718.00,ne_ndot_english_standard_item_list_2010,true
ne_ndot_version_4305.78_current,ne_ndot_4305.78,,,"78"" ROUND EQUIVALENT CULVERT PIPE",,LIN FT,718.00,ne_ndot_english_standard_item_list_2010,true
ne_ndot_version_4305.84_current,ne_ndot_4305.84,,,"84"" ROUND EQUIVALENT CULVERT PIPE",,LIN FT,718.00,ne_ndot_english_standard_item_list_2010,true
ne_ndot_version_4310.12_current,ne_ndot_4310.12,,,"12"" FLARED-END SECTION",,EACH,724.00,ne_ndot_english_standard_item_list_2010,true
ne_ndot_version_4310.15_current,ne_ndot_4310.15,,,"15"" FLARED-END SECTION",,EACH,724.00,ne_ndot_english_standard_item_list_2010,true
ne_ndot_version_4310.18_current,ne_ndot_4310.18,,,"18"" FLARED-END SECTION",,EACH,724.00,ne_ndot_english_standard_item_list_2010,true
ne_ndot_version_4310.21_current,ne_ndot_4310.21,,,"21"" FLARED-END SECTION",,EACH,724.00,ne_ndot_english_standard_item_list_2010,true
ne_ndot_version_4310.24_current,ne_ndot_4310.24,,,"24"" FLARED-END SECTION",,EACH,724.00,ne_ndot_english_standard_item_list_2010,true
ne_ndot_version_4310.30_current,ne_ndot_4310.30,,,"30"" FLARED-END SECTION",,EACH,724.00,ne_ndot_english_standard_item_list_2010,true
ne_ndot_version_4310.36_current,ne_ndot_4310.36,,,"36"" FLARED-END SECTION",,EACH,724.00,ne_ndot_english_standard_item_list_2010,true
ne_ndot_version_4310.42_current,ne_ndot_4310.42,,,"42"" FLARED-END SECTION",,EACH,724.00,ne_ndot_english_standard_item_list_2010,true
ne_ndot_version_4310.48_current,ne_ndot_4310.48,,,"48"" FLARED-END SECTION",,EACH,724.00,ne_ndot_english_standard_item_list_2010,true
ne_ndot_version_4310.54_current,ne_ndot_4310.54,,,"54"" FLARED-END SECTION",,EACH,724.00,ne_ndot_english_standard_item_list_2010,true
ne_ndot_version_4310.60_current,ne_ndot_4310.60,,,"60"" FLARED-END SECTION",,EACH,724.00,ne_ndot_english_standard_item_list_2010,true
ne_ndot_version_4310.66_current,ne_ndot_4310.66,,,"66"" FLARED-END SECTION",,EACH,724.00,ne_ndot_english_standard_item_list_2010,true
ne_ndot_version_4310.72_current,ne_ndot_4310.72,,,"72"" FLARED-END SECTION",,EACH,724.00,ne_ndot_english_standard_item_list_2010,true
ne_ndot_version_4310.78_current,ne_ndot_4310.78,,,"78"" FLARED-END SECTION",,EACH,724.00,ne_ndot_english_standard_item_list_2010,true
ne_ndot_version_4310.84_current,ne_ndot_4310.84,,,"84"" FLARED-END SECTION",,EACH,724.00,ne_ndot_english_standard_item_list_2010,true
ne_ndot_version_4310.96_current,ne_ndot_4310.96,,,"96"" FLARED-END SECTION",,EACH,724.00,ne_ndot_english_standard_item_list_2010,true
ne_ndot_version_4315.48_current,ne_ndot_4315.48,,,"METAL HEADWALL FOR 48"" CULVERT PIPE",,EACH,,ne_ndot_english_standard_item_list_2010,true
ne_ndot_version_4320.15_current,ne_ndot_4320.15,,,"15"" ROUND EQUIVALENT FLARED-END SECTION",,EACH,724.00,ne_ndot_english_standard_item_list_2010,true
ne_ndot_version_4320.18_current,ne_ndot_4320.18,,,"18"" ROUND EQUIVALENT FLARED-END SECTION",,EACH,724.00,ne_ndot_english_standard_item_list_2010,true
ne_ndot_version_4320.21_current,ne_ndot_4320.21,,,"21"" ROUND EQUIVALENT FLARED-END SECTION",,EACH,724.00,ne_ndot_english_standard_item_list_2010,true
ne_ndot_version_4320.24_current,ne_ndot_4320.24,,,"24"" ROUND EQUIVALENT FLARED-END SECTION",,EACH,724.00,ne_ndot_english_standard_item_list_2010,true
ne_ndot_version_4320.30_current,ne_ndot_4320.30,,,"30"" ROUND EQUIVALENT FLARED-END SECTION",,EACH,724.00,ne_ndot_english_standard_item_list_2010,true
ne_ndot_version_4320.36_current,ne_ndot_4320.36,,,"36"" ROUND EQUIVALENT FLARED-END SECTION",,EACH,724.00,ne_ndot_english_standard_item_list_2010,true
ne_ndot_version_4320.42_current,ne_ndot_4320.42,,,"42"" ROUND EQUIVALENT FLARED-END SECTION",,EACH,724.00,ne_ndot_english_standard_item_list_2010,true
ne_ndot_version_4320.48_current,ne_ndot_4320.48,,,"48"" ROUND EQUIVALENT FLARED-END SECTION",,EACH,724.00,ne_ndot_english_standard_item_list_2010,true
ne_ndot_version_4320.54_current,ne_ndot_4320.54,,,"54"" ROUND EQUIVALENT FLARED-END SECTION",,EACH,724.00,ne_ndot_english_standard_item_list_2010,true
ne_ndot_version_4320.60_current,ne_ndot_4320.60,,,"60"" ROUND EQUIVALENT FLARED-END SECTION",,EACH,724.00,ne_ndot_english_standard_item_list_2010,true
ne_ndot_version_4320.66_current,ne_ndot_4320.66,,,"66"" ROUND EQUIVALENT FLARED-END SECTION",,EACH,724.00,ne_ndot_english_standard_item_list_2010,true
ne_ndot_version_4320.72_current,ne_ndot_4320.72,,,"72"" ROUND EQUIVALENT FLARED-END SECTION",,EACH,724.00,ne_ndot_english_standard_item_list_2010,true
ne_ndot_version_4320.80_historical,ne_ndot_4320.80,,,"48"" ROUND EQUIVALENT METAL FLARED-END SECTION",,EACH,,ne_ndot_aup_july_june_2025_2026,false
ne_ndot_version_4325.15_current,ne_ndot_4325.15,,,"15"" SAFETY SLOPED END SECTION",,EACH,,ne_ndot_english_standard_item_list_2010,true
ne_ndot_version_4325.18_current,ne_ndot_4325.18,,,"18"" SAFETY SLOPED END SECTION",,EACH,,ne_ndot_english_standard_item_list_2010,true
ne_ndot_version_4325.24_current,ne_ndot_4325.24,,,"24"" SAFETY SLOPED END SECTION",,EACH,,ne_ndot_english_standard_item_list_2010,true
ne_ndot_version_4325.30_current,ne_ndot_4325.30,,,"30"" SAFETY SLOPED END SECTION",,EACH,,ne_ndot_english_standard_item_list_2010,true
ne_ndot_version_4325.36_current,ne_ndot_4325.36,,,"36"" SAFETY SLOPED END SECTION",,EACH,,ne_ndot_english_standard_item_list_2010,true
ne_ndot_version_4325.42_historical,ne_ndot_4325.42,,,"42"" SAFETY SLOPED END SECTION",,EACH,,ne_ndot_aup_july_june_2021_2022,false
ne_ndot_version_4325.48_current,ne_ndot_4325.48,,,"48"" SAFETY SLOPED END SECTION",,EACH,,ne_ndot_english_standard_item_list_2010,true
ne_ndot_version_4330.30_current,ne_ndot_4330.30,,,"30"" ROUND EQUIVALENT SAFETY SLOPED END SECTION",,EACH,,ne_ndot_english_standard_item_list_2010,true
ne_ndot_version_4330.36_current,ne_ndot_4330.36,,,"36"" ROUND EQUIVALENT SAFETY SLOPED END SECTION",,EACH,,ne_ndot_english_standard_item_list_2010,true
ne_ndot_version_4330.42_current,ne_ndot_4330.42,,,"42"" ROUND EQUIVALENT SAFETY SLOPED END SECTION",,EACH,,ne_ndot_english_standard_item_list_2010,true
ne_ndot_version_4330.48_current,ne_ndot_4330.48,,,"48"" ROUND EQUIVALENT SAFETY SLOPED END SECTION",,EACH,,ne_ndot_english_standard_item_list_2010,true
ne_ndot_version_4350.06_current,ne_ndot_4350.06,,,"6"" CORRUGATED METAL PIPE",,LIN FT,719.00,ne_ndot_english_standard_item_list_2010,true
ne_ndot_version_4350.08_current,ne_ndot_4350.08,,,"8"" CORRUGATED METAL PIPE",,LIN FT,719.00,ne_ndot_english_standard_item_list_2010,true
ne_ndot_version_4350.10_current,ne_ndot_4350.10,,,"10"" CORRUGATED METAL PIPE",,LIN FT,719.00,ne_ndot_english_standard_item_list_2010,true
ne_ndot_version_4350.12_current,ne_ndot_4350.12,,,"12"" CORRUGATED METAL PIPE",,LIN FT,719.00,ne_ndot_english_standard_item_list_2010,true
ne_ndot_version_4350.15_current,ne_ndot_4350.15,,,"15"" CORRUGATED METAL PIPE",,LIN FT,719.00,ne_ndot_english_standard_item_list_2010,true
ne_ndot_version_4350.18_current,ne_ndot_4350.18,,,"18"" CORRUGATED METAL PIPE",,LIN FT,719.00,ne_ndot_english_standard_item_list_2010,true
ne_ndot_version_4350.21_current,ne_ndot_4350.21,,,"21"" CORRUGATED METAL PIPE",,LIN FT,719.00,ne_ndot_english_standard_item_list_2010,true
ne_ndot_version_4350.24_current,ne_ndot_4350.24,,,"24"" CORRUGATED METAL PIPE",,LIN FT,719.00,ne_ndot_english_standard_item_list_2010,true
ne_ndot_version_4350.26_current,ne_ndot_4350.26,,,"24"" CORRUGATED METAL PIPE",,LIN FT,719.00,ne_ndot_english_standard_item_list_2010,true
ne_ndot_version_4350.30_current,ne_ndot_4350.30,,,"30"" CORRUGATED METAL PIPE",,LIN FT,719.00,ne_ndot_english_standard_item_list_2010,true
ne_ndot_version_4350.32_current,ne_ndot_4350.32,,,"30"" CORRUGATED METAL PIPE",,LIN FT,719.00,ne_ndot_english_standard_item_list_2010,true
ne_ndot_version_4350.36_current,ne_ndot_4350.36,,,"36"" CORRUGATED METAL PIPE",,LIN FT,719.00,ne_ndot_english_standard_item_list_2010,true
ne_ndot_version_4350.42_current,ne_ndot_4350.42,,,"42"" CORRUGATED METAL PIPE",,LIN FT,719.00,ne_ndot_english_standard_item_list_2010,true
ne_ndot_version_4350.48_current,ne_ndot_4350.48,,,"48"" CORRUGATED METAL PIPE",,LIN FT,719.00,ne_ndot_english_standard_item_list_2010,true
ne_ndot_version_4350.54_current,ne_ndot_4350.54,,,"54"" CORRUGATED METAL PIPE",,LIN FT,719.00,ne_ndot_english_standard_item_list_2010,true
ne_ndot_version_4350.60_current,ne_ndot_4350.60,,,"60"" CORRUGATED METAL PIPE",,LIN FT,719.00,ne_ndot_english_standard_item_list_2010,true
ne_ndot_version_4350.66_current,ne_ndot_4350.66,,,"66"" CORRUGATED METAL PIPE",,LIN FT,719.00,ne_ndot_english_standard_item_list_2010,true
ne_ndot_version_4350.72_current,ne_ndot_4350.72,,,"72"" CORRUGATED METAL PIPE",,LIN FT,719.00,ne_ndot_english_standard_item_list_2010,true
ne_ndot_version_4350.78_current,ne_ndot_4350.78,,,"78"" CORRUGATED METAL PIPE",,LIN FT,719.00,ne_ndot_english_standard_item_list_2010,true
ne_ndot_version_4350.84_current,ne_ndot_4350.84,,,"84"" CORRUGATED METAL PIPE",,LIN FT,719.00,ne_ndot_english_standard_item_list_2010,true
ne_ndot_version_4350.90_current,ne_ndot_4350.90,,,"90"" CORRUGATED METAL PIPE",,LIN FT,719.00,ne_ndot_english_standard_item_list_2010,true
ne_ndot_version_4350.96_current,ne_ndot_4350.96,,,"96"" CORRUGATED METAL PIPE",,LIN FT,719.00,ne_ndot_english_standard_item_list_2010,true
ne_ndot_version_4351.08_current,ne_ndot_4351.08,,,"108"" CORRUGATED METAL PIPE",,LIN FT,719.00,ne_ndot_english_standard_item_list_2010,true
ne_ndot_version_4351.20_current,ne_ndot_4351.20,,,"120"" CORRUGATED METAL PIPE",,LIN FT,719.00,ne_ndot_english_standard_item_list_2010,true
ne_ndot_version_4351.25_current,ne_ndot_4351.25,,,"144"" CORRUGATED METAL PIPE",,LIN FT,719.00,ne_ndot_english_standard_item_list_2010,true
ne_ndot_version_4355.32_historical,ne_ndot_4355.32,,,"132"" STRUCTURAL PLATE PIPE",,LF,,ne_ndot_aup_july_june_2021_2022,false
ne_ndot_version_4355.84_historical,ne_ndot_4355.84,,,"84"" STRUCTURAL PLATE PIPE",,LF,,ne_ndot_aup_july_june_2021_2022,false
ne_ndot_version_4355.96_current,ne_ndot_4355.96,,,"96"" STRUCTURAL PLATE PIPE",,LIN FT,,ne_ndot_english_standard_item_list_2010,true
ne_ndot_version_4359.54_current,ne_ndot_4359.54,,,"54"" TRIPLE METAL FLARED-END SECTION",,EACH,724.00,ne_ndot_english_standard_item_list_2010,true
ne_ndot_version_4360.12_current,ne_ndot_4360.12,,,"12"" METAL FLARED-END SECTION",,EACH,724.00,ne_ndot_english_standard_item_list_2010,true
ne_ndot_version_4360.15_current,ne_ndot_4360.15,,,"15"" METAL FLARED-END SECTION",,EACH,724.00,ne_ndot_english_standard_item_list_2010,true
ne_ndot_version_4360.18_current,ne_ndot_4360.18,,,"18"" METAL FLARED-END SECTION",,EACH,724.00,ne_ndot_english_standard_item_list_2010,true
ne_ndot_version_4360.24_current,ne_ndot_4360.24,,,"24"" METAL FLARED-END SECTION",,EACH,724.00,ne_ndot_english_standard_item_list_2010,true
ne_ndot_version_4360.30_current,ne_ndot_4360.30,,,"30"" METAL FLARED-END SECTION",,EACH,724.00,ne_ndot_english_standard_item_list_2010,true
ne_ndot_version_4360.36_current,ne_ndot_4360.36,,,"36"" METAL FLARED-END SECTION",,EACH,724.00,ne_ndot_english_standard_item_list_2010,true
ne_ndot_version_4360.42_current,ne_ndot_4360.42,,,"42"" METAL FLARED-END SECTION",,EACH,724.00,ne_ndot_english_standard_item_list_2010,true
ne_ndot_version_4360.48_current,ne_ndot_4360.48,,,"48"" METAL FLARED-END SECTION",,EACH,724.00,ne_ndot_english_standard_item_list_2010,true
ne_ndot_version_4360.54_current,ne_ndot_4360.54,,,"54"" METAL FLARED-END SECTION",,EACH,724.00,ne_ndot_english_standard_item_list_2010,true
ne_ndot_version_4360.60_current,ne_ndot_4360.60,,,"60"" METAL FLARED-END SECTION",,EACH,724.00,ne_ndot_english_standard_item_list_2010,true
ne_ndot_version_4360.66_current,ne_ndot_4360.66,,,"66"" METAL FLARED-END SECTION",,EACH,724.00,ne_ndot_english_standard_item_list_2010,true
ne_ndot_version_4360.72_current,ne_ndot_4360.72,,,"72"" METAL FLARED-END SECTION",,EACH,724.00,ne_ndot_english_standard_item_list_2010,true
ne_ndot_version_4360.78_current,ne_ndot_4360.78,,,"78"" METAL FLARED-END SECTION",,EACH,724.00,ne_ndot_english_standard_item_list_2010,true
ne_ndot_version_4360.84_current,ne_ndot_4360.84,,,"84"" METAL FLARED-END SECTION",,EACH,724.00,ne_ndot_english_standard_item_list_2010,true
ne_ndot_version_4361.08_current,ne_ndot_4361.08,,,"108"" METAL FLARED-END SECTION",,EACH,724.00,ne_ndot_english_standard_item_list_2010,true
ne_ndot_version_4362.15_historical,ne_ndot_4362.15,,,"INSTALL 15"" METAL FLARED-END SECTION",,EACH,,ne_ndot_aup_calendar_2022,false
ne_ndot_version_4362.18_current,ne_ndot_4362.18,,,"INSTALL 18"" METAL FLARED-END SECTION",,EACH,724.00,ne_ndot_english_standard_item_list_2010,true
ne_ndot_version_4362.24_current,ne_ndot_4362.24,,,"INSTALL 24"" METAL FLARED-END SECTION",,EACH,724.00,ne_ndot_english_standard_item_list_2010,true
ne_ndot_version_4362.30_current,ne_ndot_4362.30,,,"INSTALL 30"" METAL FLARED-END SECTION",,EACH,724.00,ne_ndot_english_standard_item_list_2010,true
ne_ndot_version_4362.36_current,ne_ndot_4362.36,,,"INSTALL 36"" METAL FLARED-END SECTION",,EACH,724.00,ne_ndot_english_standard_item_list_2010,true
ne_ndot_version_4362.42_current,ne_ndot_4362.42,,,"INSTALL 42"" METAL FLARED-END SECTION",,EACH,724.00,ne_ndot_english_standard_item_list_2010,true
ne_ndot_version_4362.48_current,ne_ndot_4362.48,,,"INSTALL 48"" METAL FLARED-END SECTION",,EACH,724.00,ne_ndot_english_standard_item_list_2010,true
ne_ndot_version_4362.54_current,ne_ndot_4362.54,,,"INSTALL 54"" METAL FLARED-END SECTION",,EACH,724.00,ne_ndot_english_standard_item_list_2010,true
ne_ndot_version_4362.60_current,ne_ndot_4362.60,,,"INSTALL 60"" METAL FLARED-END SECTION",,EACH,724.00,ne_ndot_english_standard_item_list_2010,true
ne_ndot_version_4362.72_current,ne_ndot_4362.72,,,"INSTALL 72"" METAL FLARED-END SECTION",,EACH,724.00,ne_ndot_english_standard_item_list_2010,true
ne_ndot_version_4365.00_current,ne_ndot_4365.00,,,PIPE LINER,,LIN FT,,ne_ndot_english_standard_item_list_2010,true
ne_ndot_version_4365.11_historical,ne_ndot_4365.11,,,INSTALL BENTOMAT CLAY LINER. CONTRACTOR TO INCLUDE SODIUM BENTONITE FOR INSTALLATION,,LF,,ne_ndot_aup_calendar_2018,false
ne_ndot_version_4370.24_historical,ne_ndot_4370.24,,,"24"" CULVERT LINER",,LF,,ne_ndot_aup_july_june_2020_2021,false
ne_ndot_version_4380.15_current,ne_ndot_4380.15,,,"15"" ROUND EQUIVALENT CORRUGATED METAL PIPE",,LIN FT,719.00,ne_ndot_english_standard_item_list_2010,true
ne_ndot_version_4380.18_current,ne_ndot_4380.18,,,"18"" ROUND EQUIVALENT CORRUGATED METAL PIPE",,LIN FT,719.00,ne_ndot_english_standard_item_list_2010,true
ne_ndot_version_4380.24_current,ne_ndot_4380.24,,,"24"" ROUND EQUIVALENT CORRUGATED METAL PIPE",,LIN FT,719.00,ne_ndot_english_standard_item_list_2010,true
ne_ndot_version_4380.30_current,ne_ndot_4380.30,,,"30"" ROUND EQUIVALENT CORRUGATED METAL PIPE",,LIN FT,719.00,ne_ndot_english_standard_item_list_2010,true
ne_ndot_version_4380.36_current,ne_ndot_4380.36,,,"36"" ROUND EQUIVALENT CORRUGATED METAL PIPE",,LIN FT,719.00,ne_ndot_english_standard_item_list_2010,true
ne_ndot_version_4380.42_current,ne_ndot_4380.42,,,"42"" ROUND EQUIVALENT CORRUGATED METAL PIPE",,LIN FT,719.00,ne_ndot_english_standard_item_list_2010,true
ne_ndot_version_4380.48_current,ne_ndot_4380.48,,,"48"" ROUND EQUIVALENT CORRUGATED METAL PIPE",,LIN FT,719.00,ne_ndot_english_standard_item_list_2010,true
ne_ndot_version_4380.54_current,ne_ndot_4380.54,,,"54"" ROUND EQUIVALENT CORRUGATED METAL PIPE",,LIN FT,719.00,ne_ndot_english_standard_item_list_2010,true
ne_ndot_version_4380.60_current,ne_ndot_4380.60,,,"60"" ROUND EQUIVALENT CORRUGATED METAL PIPE",,LIN FT,719.00,ne_ndot_english_standard_item_list_2010,true
ne_ndot_version_4380.72_current,ne_ndot_4380.72,,,"72"" ROUND EQUIVALENT CORRUGATED METAL PIPE",,LIN FT,719.00,ne_ndot_english_standard_item_list_2010,true
ne_ndot_version_4384.15_current,ne_ndot_4384.15,,,"15"" CORRUGATED METAL SEWER PIPE",,LIN FT,722.00,ne_ndot_english_standard_item_list_2010,true
ne_ndot_version_4384.18_current,ne_ndot_4384.18,,,"18"" CORRUGATED METAL SEWER PIPE",,LIN FT,722.00,ne_ndot_english_standard_item_list_2010,true
ne_ndot_version_4384.24_current,ne_ndot_4384.24,,,"24"" CORRUGATED METAL SEWER PIPE",,LIN FT,722.00,ne_ndot_english_standard_item_list_2010,true
ne_ndot_version_4384.30_current,ne_ndot_4384.30,,,"30"" CORRUGATED METAL SEWER PIPE",,LIN FT,,ne_ndot_english_standard_item_list_2010,true
ne_ndot_version_4384.54_current,ne_ndot_4384.54,,,"54"" CORRUGATED METAL SEWER PIPE",,LIN FT,722.00,ne_ndot_english_standard_item_list_2010,true
ne_ndot_version_4384.66_current,ne_ndot_4384.66,,,"66"" CORRUGATED METAL SEWER PIPE",,LIN FT,722.00,ne_ndot_english_standard_item_list_2010,true
ne_ndot_version_4385.15_current,ne_ndot_4385.15,,,"15"" ROUND EQUIVALENT CORRUGATED METAL SEWER PIPE",,LIN FT,,ne_ndot_english_standard_item_list_2010,true
ne_ndot_version_4385.30_current,ne_ndot_4385.30,,,"30"" ROUND EQUIVALENT CORRUGATED METAL SEWER PIPE",,LIN FT,,ne_ndot_english_standard_item_list_2010,true
ne_ndot_version_4390.15_current,ne_ndot_4390.15,,,"15"" ROUND EQUIVALENT METAL PIPE FLARED-END SECTION",,EACH,724.00,ne_ndot_english_standard_item_list_2010,true
ne_ndot_version_4390.18_current,ne_ndot_4390.18,,,"18"" ROUND EQUIVALENT METAL PIPE FLARED-END SECTION",,EACH,724.00,ne_ndot_english_standard_item_list_2010,true
ne_ndot_version_4390.21_current,ne_ndot_4390.21,,,"21"" ROUND EQUIVALENT METAL PIPE FLARED-END SECTION",,EACH,724.00,ne_ndot_english_standard_item_list_2010,true
ne_ndot_version_4390.24_current,ne_ndot_4390.24,,,"24"" ROUND EQUIVALENT METAL PIPE FLARED-END SECTION",,EACH,724.00,ne_ndot_english_standard_item_list_2010,true
ne_ndot_version_4390.30_current,ne_ndot_4390.30,,,"30"" ROUND EQUIVALENT METAL PIPE FLARED-END SECTION",,EACH,724.00,ne_ndot_english_standard_item_list_2010,true
ne_ndot_version_4390.36_current,ne_ndot_4390.36,,,"36"" ROUND EQUIVALENT METAL PIPE FLARED-END SECTION",,EACH,724.00,ne_ndot_english_standard_item_list_2010,true
ne_ndot_version_4390.42_current,ne_ndot_4390.42,,,"42"" ROUND EQUIVALENT METAL PIPE FLARED-END SECTION",,EACH,724.00,ne_ndot_english_standard_item_list_2010,true
ne_ndot_version_4390.48_current,ne_ndot_4390.48,,,"48"" ROUND EQUIVALENT METAL PIPE FLARED-END SECTION",,EACH,724.00,ne_ndot_english_standard_item_list_2010,true
ne_ndot_version_4390.54_current,ne_ndot_4390.54,,,"54"" ROUND EQUIVALENT METAL PIPE FLARED-END SECTION",,EACH,724.00,ne_ndot_english_standard_item_list_2010,true
ne_ndot_version_4390.60_current,ne_ndot_4390.60,,,"60"" ROUND EQUIVALENT METAL PIPE FLARED-END SECTION",,EACH,724.00,ne_ndot_english_standard_item_list_2010,true
ne_ndot_version_4390.72_current,ne_ndot_4390.72,,,"72"" ROUND EQUIVALENT METAL PIPE FLARED-END SECTION",,EACH,724.00,ne_ndot_english_standard_item_list_2010,true
ne_ndot_version_4392.30_current,ne_ndot_4392.30,,,"INSTALL 30"" ROUND EQUIVALENT METAL FLARED-END SECTION",,EACH,724.00,ne_ndot_english_standard_item_list_2010,true
ne_ndot_version_4392.36_current,ne_ndot_4392.36,,,"INSTALL 36"" ROUND EQUIVALENT METAL FLARED-END SECTION",,EACH,724.00,ne_ndot_english_standard_item_list_2010,true
ne_ndot_version_4392.42_current,ne_ndot_4392.42,,,"INSTALL 42"" ROUND EQUIVALENT METAL FLARED-END SECTION",,EACH,724.00,ne_ndot_english_standard_item_list_2010,true
ne_ndot_version_4392.48_current,ne_ndot_4392.48,,,"INSTALL 48"" ROUND EQUIVALENT METAL FLARED-END SECTION",,EACH,724.00,ne_ndot_english_standard_item_list_2010,true
ne_ndot_version_4392.54_current,ne_ndot_4392.54,,,"INSTALL 54"" ROUND EQUIVALENT METAL FLARED-END SECTION",,EACH,,ne_ndot_english_standard_item_list_2010,true
ne_ndot_version_4440.22_current,ne_ndot_4440.22,,,"24""-36"" T SECTION",,EACH,,ne_ndot_english_standard_item_list_2010,true
ne_ndot_version_4447.98_current,ne_ndot_4447.98,,,SIPHON HEADWALL,,EACH,,ne_ndot_english_standard_item_list_2010,true
ne_ndot_version_4447.99_current,ne_ndot_4447.99,,,SIPHON HEADWALL,,EACH,,ne_ndot_english_standard_item_list_2010,true
ne_ndot_version_4448.00_current,ne_ndot_4448.00,,,SIPHON HEADWALL,,EACH,,ne_ndot_english_standard_item_list_2010,true
ne_ndot_version_4448.01_current,ne_ndot_4448.01,,,SIPHON HEADWALL,,EACH,,ne_ndot_english_standard_item_list_2010,true
ne_ndot_version_4448.10_current,ne_ndot_4448.10,,,SIPHON INLET STRUCTURE,,EACH,,ne_ndot_english_standard_item_list_2010,true
ne_ndot_version_4450.08_current,ne_ndot_4450.08,,,"8"" REINFORCED CONCRETE PIPE",,LIN FT,720.00,ne_ndot_english_standard_item_list_2010,true
ne_ndot_version_4450.10_current,ne_ndot_4450.10,,,"10"" REINFORCED CONCRETE PIPE",,LIN FT,722.00,ne_ndot_english_standard_item_list_2010,true
ne_ndot_version_4450.12_current,ne_ndot_4450.12,,,"12"" REINFORCED CONCRETE PIPE",,LIN FT,720.00,ne_ndot_english_standard_item_list_2010,true
ne_ndot_version_4450.15_current,ne_ndot_4450.15,,,"15"" REINFORCED CONCRETE PIPE",,LIN FT,720.00,ne_ndot_english_standard_item_list_2010,true
ne_ndot_version_4450.18_current,ne_ndot_4450.18,,,"18"" REINFORCED CONCRETE PIPE",,LIN FT,720.00,ne_ndot_english_standard_item_list_2010,true
ne_ndot_version_4450.21_current,ne_ndot_4450.21,,,"21"" REINFORCED CONCRETE PIPE",,LIN FT,720.00,ne_ndot_english_standard_item_list_2010,true
ne_ndot_version_4450.24_current,ne_ndot_4450.24,,,"24"" REINFORCED CONCRETE PIPE",,LIN FT,720.00,ne_ndot_english_standard_item_list_2010,true
ne_ndot_version_4450.30_current,ne_ndot_4450.30,,,"30"" REINFORCED CONCRETE PIPE",,LIN FT,720.00,ne_ndot_english_standard_item_list_2010,true
ne_ndot_version_4450.36_current,ne_ndot_4450.36,,,"36"" REINFORCED CONCRETE PIPE",,LIN FT,720.00,ne_ndot_english_standard_item_list_2010,true
ne_ndot_version_4450.42_current,ne_ndot_4450.42,,,"42"" REINFORCED CONCRETE PIPE",,LIN FT,720.00,ne_ndot_english_standard_item_list_2010,true
ne_ndot_version_4450.48_current,ne_ndot_4450.48,,,"48"" REINFORCED CONCRETE PIPE",,LIN FT,720.00,ne_ndot_english_standard_item_list_2010,true
ne_ndot_version_4450.54_current,ne_ndot_4450.54,,,"54"" REINFORCED CONCRETE PIPE",,LIN FT,720.00,ne_ndot_english_standard_item_list_2010,true
ne_ndot_version_4450.60_current,ne_ndot_4450.60,,,"60"" REINFORCED CONCRETE PIPE",,LIN FT,720.00,ne_ndot_english_standard_item_list_2010,true
ne_ndot_version_4450.66_current,ne_ndot_4450.66,,,"66"" REINFORCED CONCRETE PIPE",,LIN FT,720.00,ne_ndot_english_standard_item_list_2010,true
ne_ndot_version_4450.72_current,ne_ndot_4450.72,,,"72"" REINFORCED CONCRETE PIPE",,LIN FT,720.00,ne_ndot_english_standard_item_list_2010,true
ne_ndot_version_4450.78_current,ne_ndot_4450.78,,,"78"" REINFORCED CONCRETE PIPE",,LIN FT,720.00,ne_ndot_english_standard_item_list_2010,true
ne_ndot_version_4450.84_current,ne_ndot_4450.84,,,"84"" REINFORCED CONCRETE PIPE",,LIN FT,720.00,ne_ndot_english_standard_item_list_2010,true
ne_ndot_version_4450.90_current,ne_ndot_4450.90,,,"90"" REINFORCED CONCRETE PIPE",,LIN FT,720.00,ne_ndot_english_standard_item_list_2010,true
ne_ndot_version_4450.96_current,ne_ndot_4450.96,,,"96"" REINFORCED CONCRETE PIPE",,LIN FT,720.00,ne_ndot_english_standard_item_list_2010,true
ne_ndot_version_4451.08_current,ne_ndot_4451.08,,,"108"" REINFORCED CONCRETE PIPE",,LIN FT,720.00,ne_ndot_english_standard_item_list_2010,true
ne_ndot_version_4451.12_current,ne_ndot_4451.12,,,"12"" REINFORCED CONCRETE PIPE CLASS IV",,LIN FT,,ne_ndot_english_standard_item_list_2010,true
ne_ndot_version_4451.15_current,ne_ndot_4451.15,,,"15"" REINFORCED CONCRETE PIPE CLASS IV",,LIN FT,,ne_ndot_english_standard_item_list_2010,true
ne_ndot_version_4451.18_current,ne_ndot_4451.18,,,"18"" REINFORCED CONCRETE PIPE CLASS IV",,LIN FT,720.00,ne_ndot_english_standard_item_list_2010,true
ne_ndot_version_4451.24_current,ne_ndot_4451.24,,,"24"" REINFORCED CONCRETE PIPE CLASS IV",,LIN FT,,ne_ndot_english_standard_item_list_2010,true
ne_ndot_version_4451.30_current,ne_ndot_4451.30,,,"30"" REINFORCED CONCRETE PIPE CLASS IV",,LIN FT,,ne_ndot_english_standard_item_list_2010,true
ne_ndot_version_4451.36_current,ne_ndot_4451.36,,,"36"" REINFORCED CONCRETE PIPE CLASS IV",,LIN FT,,ne_ndot_english_standard_item_list_2010,true
ne_ndot_version_4451.42_current,ne_ndot_4451.42,,,"42"" REINFORCED CONCRETE PIPE CLASS IV",,LIN FT,,ne_ndot_english_standard_item_list_2010,true
ne_ndot_version_4451.48_current,ne_ndot_4451.48,,,"48"" REINFORCED CONCRETE PIPE CLASS IV",,LIN FT,,ne_ndot_english_standard_item_list_2010,true
ne_ndot_version_4451.54_current,ne_ndot_4451.54,,,"54"" REINFORCED CONCRETE PIPE CLASS IV",,LIN FT,,ne_ndot_english_standard_item_list_2010,true
ne_ndot_version_4451.60_current,ne_ndot_4451.60,,,"60"" REINFORCED CONCRETE PIPE CLASS IV",,LIN FT,,ne_ndot_english_standard_item_list_2010,true
ne_ndot_version_4451.66_current,ne_ndot_4451.66,,,"66"" REINFORCED CONCRETE PIPE CLASS IV",,LIN FT,,ne_ndot_english_standard_item_list_2010,true
ne_ndot_version_4451.72_current,ne_ndot_4451.72,,,"72"" REINFORCED CONCRETE PIPE CLASS IV",,LIN FT,,ne_ndot_english_standard_item_list_2010,true
ne_ndot_version_4451.84_current,ne_ndot_4451.84,,,"84"" REINFORCED CONCRETE PIPE CLASS IV",,LIN FT,,ne_ndot_english_standard_item_list_2010,true
ne_ndot_version_4452.12_current,ne_ndot_4452.12,,,"12"" REINFORCED CONCRETE PIPE CLASS V",,LIN FT,,ne_ndot_english_standard_item_list_2010,true
ne_ndot_version_4452.15_current,ne_ndot_4452.15,,,"15"" REINFORCED CONCRETE PIPE CLASS V",,LIN FT,,ne_ndot_english_standard_item_list_2010,true
ne_ndot_version_4452.18_current,ne_ndot_4452.18,,,"18"" REINFORCED CONCRETE PIPE CLASS V",,LIN FT,,ne_ndot_english_standard_item_list_2010,true
ne_ndot_version_4452.24_current,ne_ndot_4452.24,,,"24"" REINFORCED CONCRETE PIPE CLASS V",,LIN FT,,ne_ndot_english_standard_item_list_2010,true
ne_ndot_version_4452.30_current,ne_ndot_4452.30,,,"30"" REINFORCED CONCRETE PIPE CLASS V",,LIN FT,,ne_ndot_english_standard_item_list_2010,true
ne_ndot_version_4452.36_current,ne_ndot_4452.36,,,"36"" REINFORCED CONCRETE PIPE CLASS V",,LIN FT,,ne_ndot_english_standard_item_list_2010,true
ne_ndot_version_4452.42_current,ne_ndot_4452.42,,,"42"" REINFORCED CONCRETE PIPE CLASS V",,LIN FT,,ne_ndot_english_standard_item_list_2010,true
ne_ndot_version_4452.48_current,ne_ndot_4452.48,,,"48"" REINFORCED CONCRETE PIPE CLASS V",,LIN FT,,ne_ndot_english_standard_item_list_2010,true
ne_ndot_version_4452.54_current,ne_ndot_4452.54,,,"54"" REINFORCED CONCRETE PIPE CLASS V",,LIN FT,,ne_ndot_english_standard_item_list_2010,true
ne_ndot_version_4452.60_current,ne_ndot_4452.60,,,"60"" REINFORCED CONCRETE PIPE CLASS V",,LIN FT,,ne_ndot_english_standard_item_list_2010,true
ne_ndot_version_4452.66_current,ne_ndot_4452.66,,,"66"" REINFORCED CONCRETE PIPE CLASS V",,LIN FT,,ne_ndot_english_standard_item_list_2010,true
ne_ndot_version_4452.72_current,ne_ndot_4452.72,,,"72"" REINFORCED CONCRETE PIPE CLASS V",,LIN FT,,ne_ndot_english_standard_item_list_2010,true
ne_ndot_version_4452.84_current,ne_ndot_4452.84,,,"84"" REINFORCED CONCRETE PIPE CLASS V",,LIN FT,,ne_ndot_english_standard_item_list_2010,true
ne_ndot_version_4460.12_current,ne_ndot_4460.12,,,"12"" CONCRETE FLARED-END SECTION",,EACH,724.00,ne_ndot_english_standard_item_list_2010,true
ne_ndot_version_4460.15_current,ne_ndot_4460.15,,,"15"" CONCRETE FLARED-END SECTION",,EACH,724.00,ne_ndot_english_standard_item_list_2010,true
ne_ndot_version_4460.18_current,ne_ndot_4460.18,,,"18"" CONCRETE FLARED-END SECTION",,EACH,724.00,ne_ndot_english_standard_item_list_2010,true
ne_ndot_version_4460.21_current,ne_ndot_4460.21,,,"21"" CONCRETE FLARED-END SECTION",,EACH,724.00,ne_ndot_english_standard_item_list_2010,true
ne_ndot_version_4460.24_current,ne_ndot_4460.24,,,"24"" CONCRETE FLARED-END SECTION",,EACH,724.00,ne_ndot_english_standard_item_list_2010,true
ne_ndot_version_4460.27_current,ne_ndot_4460.27,,,"27"" CONCRETE FLARED-END SECTION",,EACH,724.00,ne_ndot_english_standard_item_list_2010,true
ne_ndot_version_4460.30_current,ne_ndot_4460.30,,,"30"" CONCRETE FLARED-END SECTION",,EACH,724.00,ne_ndot_english_standard_item_list_2010,true
ne_ndot_version_4460.36_current,ne_ndot_4460.36,,,"36"" CONCRETE FLARED-END SECTION",,EACH,724.00,ne_ndot_english_standard_item_list_2010,true
ne_ndot_version_4460.42_current,ne_ndot_4460.42,,,"42"" CONCRETE FLARED-END SECTION",,EACH,724.00,ne_ndot_english_standard_item_list_2010,true
ne_ndot_version_4460.48_current,ne_ndot_4460.48,,,"48"" CONCRETE FLARED-END SECTION",,EACH,724.00,ne_ndot_english_standard_item_list_2010,true
ne_ndot_version_4460.54_current,ne_ndot_4460.54,,,"54"" CONCRETE FLARED-END SECTION",,EACH,724.00,ne_ndot_english_standard_item_list_2010,true
ne_ndot_version_4460.60_current,ne_ndot_4460.60,,,"60"" CONCRETE FLARED-END SECTION",,EACH,724.00,ne_ndot_english_standard_item_list_2010,true
ne_ndot_version_4460.66_current,ne_ndot_4460.66,,,"66"" CONCRETE FLARED-END SECTION",,EACH,724.00,ne_ndot_english_standard_item_list_2010,true
ne_ndot_version_4460.72_current,ne_ndot_4460.72,,,"72"" CONCRETE FLARED-END SECTION",,EACH,724.00,ne_ndot_english_standard_item_list_2010,true
ne_ndot_version_4460.84_current,ne_ndot_4460.84,,,"84"" CONCRETE FLARED-END SECTION",,EACH,724.00,ne_ndot_english_standard_item_list_2010,true
ne_ndot_version_4460.96_current,ne_ndot_4460.96,,,"96"" CONCRETE FLARED-END SECTION",,EACH,724.00,ne_ndot_english_standard_item_list_2010,true
ne_ndot_version_4461.12_current,ne_ndot_4461.12,,,"INSTALL 12"" CONCRETE FLARED-END SECTION",,EACH,724.00,ne_ndot_english_standard_item_list_2010,true
ne_ndot_version_4461.15_current,ne_ndot_4461.15,,,"INSTALL 15"" CONCRETE FLARED-END SECTION",,EACH,724.00,ne_ndot_english_standard_item_list_2010,true
ne_ndot_version_4461.18_current,ne_ndot_4461.18,,,"INSTALL 18"" CONCRETE FLARED-END SECTION",,EACH,724.00,ne_ndot_english_standard_item_list_2010,true
ne_ndot_version_4461.24_current,ne_ndot_4461.24,,,"INSTALL 24"" CONCRETE FLARED-END SECTION",,EACH,724.00,ne_ndot_english_standard_item_list_2010,true
ne_ndot_version_4461.30_current,ne_ndot_4461.30,,,"INSTALL 30"" CONCRETE FLARED-END SECTION",,EACH,724.00,ne_ndot_english_standard_item_list_2010,true
ne_ndot_version_4461.36_current,ne_ndot_4461.36,,,"INSTALL 36"" CONCRETE FLARED-END SECTION",,EACH,724.00,ne_ndot_english_standard_item_list_2010,true
ne_ndot_version_4461.42_current,ne_ndot_4461.42,,,"INSTALL 42"" CONCRETE FLARED-END SECTION",,EACH,724.00,ne_ndot_english_standard_item_list_2010,true
ne_ndot_version_4461.48_current,ne_ndot_4461.48,,,"INSTALL 48"" CONCRETE FLARED-END SECTION",,EACH,724.00,ne_ndot_english_standard_item_list_2010,true
ne_ndot_version_4461.54_current,ne_ndot_4461.54,,,"INSTALL 54"" CONCRETE FLARED-END SECTION",,EACH,724.00,ne_ndot_english_standard_item_list_2010,true
ne_ndot_version_4461.60_current,ne_ndot_4461.60,,,"INSTALL 60"" CONCRETE FLARED-END SECTION",,EACH,724.00,ne_ndot_english_standard_item_list_2010,true
ne_ndot_version_4461.72_current,ne_ndot_4461.72,,,"INSTALL 72"" CONCRETE FLARED-END SECTION",,EACH,724.00,ne_ndot_english_standard_item_list_2010,true
ne_ndot_version_4465.30_current,ne_ndot_4465.30,,,"INSTALL 30"" ROUND EQUIVALENT CONCRETE FLARED-END SECTION",,EACH,724.00,ne_ndot_english_standard_item_list_2010,true
ne_ndot_version_4465.36_current,ne_ndot_4465.36,,,"INSTALL 36"" ROUND EQUIVALENT CONCRETE FLARED-END SECTION",,EACH,724.00,ne_ndot_english_standard_item_list_2010,true
ne_ndot_version_4465.42_current,ne_ndot_4465.42,,,"INSTALL 42"" ROUND EQUIVALENT CONCRETE FLARED-END SECTION",,EACH,724.00,ne_ndot_english_standard_item_list_2010,true
ne_ndot_version_4465.48_current,ne_ndot_4465.48,,,"INSTALL 48"" ROUND EQUIVALENT CONCRETE FLARED-END SECTION",,EACH,724.00,ne_ndot_english_standard_item_list_2010,true
ne_ndot_version_4465.54_current,ne_ndot_4465.54,,,"INSTALL 54"" ROUND EQUIVALENT CONCRETE FLARED-END SECTION",,EACH,724.00,ne_ndot_english_standard_item_list_2010,true
ne_ndot_version_4500.15_current,ne_ndot_4500.15,,,"15"" ROUND EQUIVALENT REINFORCED CONCRETE PIPE",,LIN FT,720.00,ne_ndot_english_standard_item_list_2010,true
ne_ndot_version_4500.18_current,ne_ndot_4500.18,,,"18"" ROUND EQUIVALENT REINFORCED CONCRETE PIPE",,LIN FT,720.00,ne_ndot_english_standard_item_list_2010,true
ne_ndot_version_4500.24_current,ne_ndot_4500.24,,,"24"" ROUND EQUIVALENT REINFORCED CONCRETE PIPE",,LIN FT,720.00,ne_ndot_english_standard_item_list_2010,true
ne_ndot_version_4500.30_current,ne_ndot_4500.30,,,"30"" ROUND EQUIVALENT REINFORCED CONCRETE PIPE",,LIN FT,720.00,ne_ndot_english_standard_item_list_2010,true
ne_ndot_version_4500.36_current,ne_ndot_4500.36,,,"36"" ROUND EQUIVALENT REINFORCED CONCRETE PIPE",,LIN FT,720.00,ne_ndot_english_standard_item_list_2010,true
ne_ndot_version_4500.42_current,ne_ndot_4500.42,,,"42"" ROUND EQUIVALENT REINFORCED CONCRETE PIPE",,LIN FT,720.00,ne_ndot_english_standard_item_list_2010,true
ne_ndot_version_4500.48_current,ne_ndot_4500.48,,,"48"" ROUND EQUIVALENT REINFORCED CONCRETE PIPE",,LIN FT,720.00,ne_ndot_english_standard_item_list_2010,true
ne_ndot_version_4500.54_current,ne_ndot_4500.54,,,"54"" ROUND EQUIVALENT REINFORCED CONCRETE PIPE",,LIN FT,720.00,ne_ndot_english_standard_item_list_2010,true
ne_ndot_version_4500.60_current,ne_ndot_4500.60,,,"60"" ROUND EQUIVALENT REINFORCED CONCRETE PIPE",,LIN FT,720.00,ne_ndot_english_standard_item_list_2010,true
ne_ndot_version_4500.72_current,ne_ndot_4500.72,,,"72"" ROUND EQUIVALENT REINFORCED CONCRETE PIPE",,LIN FT,720.00,ne_ndot_english_standard_item_list_2010,true
ne_ndot_version_4501.30_current,ne_ndot_4501.30,,,"30"" ROUND EQUIVALENT REINFORCED CONCRETE PIPE CLASS IV",,LIN FT,,ne_ndot_english_standard_item_list_2010,true
ne_ndot_version_4501.36_current,ne_ndot_4501.36,,,"36"" ROUND EQUIVALENT REINFORCED CONCRETE PIPE CLASS IV",,LIN FT,,ne_ndot_english_standard_item_list_2010,true
ne_ndot_version_4502.18_current,ne_ndot_4502.18,,,"18"" ROUND EQUIVALENT REINFORCED CONCRETE PIPE CLASS V",,LIN FT,,ne_ndot_english_standard_item_list_2010,true
ne_ndot_version_4502.24_current,ne_ndot_4502.24,,,"24"" ROUND EQUIVALENT REINFORCED CONCRETE PIPE CLASS V",,LIN FT,,ne_ndot_english_standard_item_list_2010,true
ne_ndot_version_4502.54_current,ne_ndot_4502.54,,,"54"" ROUND EQUIVALENT REINFORCED CONCRETE PIPE CLASS V",,LIN FT,,ne_ndot_english_standard_item_list_2010,true
ne_ndot_version_4503.84_current,ne_ndot_4503.84,,,"84"" ROUND EQUIVALENT REINFORCED CONCRETE PIPE CLASS V",,LIN FT,,ne_ndot_english_standard_item_list_2010,true
ne_ndot_version_4510.15_current,ne_ndot_4510.15,,,"15"" ROUND EQUIVALENT CONCRETE FLARED-END SECTION",,EACH,724.00,ne_ndot_english_standard_item_list_2010,true
ne_ndot_version_4510.18_current,ne_ndot_4510.18,,,"18"" ROUND EQUIVALENT CONCRETE FLARED-END SECTION",,EACH,724.00,ne_ndot_english_standard_item_list_2010,true
ne_ndot_version_4510.24_current,ne_ndot_4510.24,,,"24"" ROUND EQUIVALENT CONCRETE FLARED-END SECTION",,EACH,724.00,ne_ndot_english_standard_item_list_2010,true
ne_ndot_version_4510.30_current,ne_ndot_4510.30,,,"30"" ROUND EQUIVALENT CONCRETE FLARED-END SECTION",,EACH,724.00,ne_ndot_english_standard_item_list_2010,true
ne_ndot_version_4510.36_current,ne_ndot_4510.36,,,"36"" ROUND EQUIVALENT CONCRETE FLARED-END SECTION",,EACH,724.00,ne_ndot_english_standard_item_list_2010,true
ne_ndot_version_4510.42_current,ne_ndot_4510.42,,,"42"" ROUND EQUIVALENT CONCRETE FLARED-END SECTION",,EACH,724.00,ne_ndot_english_standard_item_list_2010,true
ne_ndot_version_4510.48_current,ne_ndot_4510.48,,,"48"" ROUND EQUIVALENT CONCRETE FLARED-END SECTION",,EACH,724.00,ne_ndot_english_standard_item_list_2010,true
ne_ndot_version_4510.54_current,ne_ndot_4510.54,,,"54"" ROUND EQUIVALENT CONCRETE FLARED-END SECTION",,EACH,724.00,ne_ndot_english_standard_item_list_2010,true
ne_ndot_version_4510.60_current,ne_ndot_4510.60,,,"60"" ROUND EQUIVALENT CONCRETE FLARED-END SECTION",,EACH,724.00,ne_ndot_english_standard_item_list_2010,true
ne_ndot_version_4510.66_current,ne_ndot_4510.66,,,"66"" ROUND EQUIVALENT CONCRETE FLARED-END SECTION",,EACH,724.00,ne_ndot_english_standard_item_list_2010,true
ne_ndot_version_4510.72_current,ne_ndot_4510.72,,,"72"" ROUND EQUIVALENT CONCRETE FLARED-END SECTION",,EACH,724.00,ne_ndot_english_standard_item_list_2010,true
ne_ndot_version_4600.08_current,ne_ndot_4600.08,,,"8"" REINFORCED CONCRETE SEWER PIPE",,LIN FT,722.00,ne_ndot_english_standard_item_list_2010,true
ne_ndot_version_4600.10_current,ne_ndot_4600.10,,,"10"" REINFORCED CONCRETE SEWER PIPE",,LIN FT,722.00,ne_ndot_english_standard_item_list_2010,true
ne_ndot_version_4600.12_current,ne_ndot_4600.12,,,"12"" REINFORCED CONCRETE SEWER PIPE",,LIN FT,722.00,ne_ndot_english_standard_item_list_2010,true
ne_ndot_version_4600.15_current,ne_ndot_4600.15,,,"15"" REINFORCED CONCRETE SEWER PIPE",,LIN FT,722.00,ne_ndot_english_standard_item_list_2010,true
ne_ndot_version_4600.18_current,ne_ndot_4600.18,,,"18"" REINFORCED CONCRETE SEWER PIPE",,LIN FT,722.00,ne_ndot_english_standard_item_list_2010,true
ne_ndot_version_4600.21_current,ne_ndot_4600.21,,,"21"" REINFORCED CONCRETE SEWER PIPE",,LIN FT,722.00,ne_ndot_english_standard_item_list_2010,true
ne_ndot_version_4600.24_current,ne_ndot_4600.24,,,"24"" REINFORCED CONCRETE SEWER PIPE",,LIN FT,722.00,ne_ndot_english_standard_item_list_2010,true
ne_ndot_version_4600.27_current,ne_ndot_4600.27,,,"27"" REINFORCED CONCRETE SEWER PIPE",,LIN FT,722.00,ne_ndot_english_standard_item_list_2010,true
ne_ndot_version_4600.30_current,ne_ndot_4600.30,,,"30"" REINFORCED CONCRETE SEWER PIPE",,LIN FT,722.00,ne_ndot_english_standard_item_list_2010,true
ne_ndot_version_4600.33_current,ne_ndot_4600.33,,,"33"" REINFORCED CONCRETE SEWER PIPE",,LIN FT,722.00,ne_ndot_english_standard_item_list_2010,true
ne_ndot_version_4600.36_current,ne_ndot_4600.36,,,"36"" REINFORCED CONCRETE SEWER PIPE",,LIN FT,722.00,ne_ndot_english_standard_item_list_2010,true
ne_ndot_version_4600.42_current,ne_ndot_4600.42,,,"42"" REINFORCED CONCRETE SEWER PIPE",,LIN FT,722.00,ne_ndot_english_standard_item_list_2010,true
ne_ndot_version_4600.48_current,ne_ndot_4600.48,,,"48"" REINFORCED CONCRETE SEWER PIPE",,LIN FT,722.00,ne_ndot_english_standard_item_list_2010,true
ne_ndot_version_4600.54_current,ne_ndot_4600.54,,,"54"" REINFORCED CONCRETE SEWER PIPE",,LIN FT,722.00,ne_ndot_english_standard_item_list_2010,true
ne_ndot_version_4600.60_current,ne_ndot_4600.60,,,"60"" REINFORCED CONCRETE SEWER PIPE",,LIN FT,722.00,ne_ndot_english_standard_item_list_2010,true
ne_ndot_version_4600.66_current,ne_ndot_4600.66,,,"66"" REINFORCED CONCRETE SEWER PIPE",,LIN FT,722.00,ne_ndot_english_standard_item_list_2010,true
ne_ndot_version_4600.72_current,ne_ndot_4600.72,,,"72"" REINFORCED CONCRETE SEWER PIPE",,LIN FT,722.00,ne_ndot_english_standard_item_list_2010,true
ne_ndot_version_4600.78_current,ne_ndot_4600.78,,,"78"" REINFORCED CONCRETE SEWER PIPE",,LIN FT,722.00,ne_ndot_english_standard_item_list_2010,true
ne_ndot_version_4600.84_current,ne_ndot_4600.84,,,"84"" REINFORCED CONCRETE SEWER PIPE",,LIN FT,722.00,ne_ndot_english_standard_item_list_2010,true
ne_ndot_version_4600.90_current,ne_ndot_4600.90,,,"90"" REINFORCED CONCRETE SEWER PIPE",,LIN FT,722.00,ne_ndot_english_standard_item_list_2010,true
ne_ndot_version_4600.96_current,ne_ndot_4600.96,,,"96"" REINFORCED CONCRETE SEWER PIPE",,LIN FT,722.00,ne_ndot_english_standard_item_list_2010,true
ne_ndot_version_4601.02_current,ne_ndot_4601.02,,,"102"" REINFORCED CONCRETE SEWER PIPE",,LIN FT,722.00,ne_ndot_english_standard_item_list_2010,true
ne_ndot_version_4601.08_current,ne_ndot_4601.08,,,"108"" REINFORCED CONCRETE SEWER PIPE",,LIN FT,722.00,ne_ndot_english_standard_item_list_2010,true
ne_ndot_version_4601.09_current,ne_ndot_4601.09,,,"114"" REINFORCED CONCRETE SEWER PIPE",,LIN FT,722.00,ne_ndot_english_standard_item_list_2010,true
ne_ndot_version_4601.10_current,ne_ndot_4601.10,,,"120"" REINFORCED CONCRETE SEWER PIPE",,LIN FT,722.00,ne_ndot_english_standard_item_list_2010,true
ne_ndot_version_4601.15_current,ne_ndot_4601.15,,,"15"" REINFORCED CONCRETE SEWER PIPE CLASS IV",,LIN FT,,ne_ndot_english_standard_item_list_2010,true
ne_ndot_version_4601.18_current,ne_ndot_4601.18,,,"18"" REINFORCED CONCRETE SEWER PIPE CLASS IV",,LIN FT,,ne_ndot_english_standard_item_list_2010,true
ne_ndot_version_4601.21_current,ne_ndot_4601.21,,,"21"" REINFORCED CONCRETE SEWER PIPE CLASS IV",,LIN FT,,ne_ndot_english_standard_item_list_2010,true
ne_ndot_version_4601.24_current,ne_ndot_4601.24,,,"24"" REINFORCED CONCRETE SEWER PIPE CLASS IV",,LIN FT,,ne_ndot_english_standard_item_list_2010,true
ne_ndot_version_4601.27_current,ne_ndot_4601.27,,,"27"" REINFORCED CONCRETE SEWER PIPE CLASS IV",,LIN FT,,ne_ndot_english_standard_item_list_2010,true
ne_ndot_version_4601.30_current,ne_ndot_4601.30,,,"30"" REINFORCED CONCRETE SEWER PIPE CLASS IV",,LIN FT,,ne_ndot_english_standard_item_list_2010,true
ne_ndot_version_4601.36_current,ne_ndot_4601.36,,,"36"" REINFORCED CONCRETE SEWER PIPE CLASS IV",,LIN FT,,ne_ndot_english_standard_item_list_2010,true
ne_ndot_version_4601.42_current,ne_ndot_4601.42,,,"42"" REINFORCED CONCRETE SEWER PIPE CLASS IV",,LIN FT,,ne_ndot_english_standard_item_list_2010,true
ne_ndot_version_4601.48_current,ne_ndot_4601.48,,,"48"" REINFORCED CONCRETE SEWER PIPE CLASS IV",,LIN FT,,ne_ndot_english_standard_item_list_2010,true
ne_ndot_version_4601.54_current,ne_ndot_4601.54,,,"54"" REINFORCED CONCRETE SEWER PIPE CLASS IV",,LIN FT,,ne_ndot_english_standard_item_list_2010,true
ne_ndot_version_4601.60_current,ne_ndot_4601.60,,,"60"" REINFORCED CONCRETE SEWER PIPE CLASS IV",,LIN FT,,ne_ndot_english_standard_item_list_2010,true
ne_ndot_version_4601.72_current,ne_ndot_4601.72,,,"72"" REINFORCED CONCRETE SEWER PIPE CLASS IV",,LIN FT,,ne_ndot_english_standard_item_list_2010,true
ne_ndot_version_4601.84_current,ne_ndot_4601.84,,,"84"" REINFORCED CONCRETE SEWER PIPE CLASS IV",,LIN FT,,ne_ndot_english_standard_item_list_2010,true
ne_ndot_version_4601.96_current,ne_ndot_4601.96,,,"96"" REINFORCED CONCRETE SEWER PIPE CLASS IV",,LIN FT,,ne_ndot_english_standard_item_list_2010,true
ne_ndot_version_4602.02_current,ne_ndot_4602.02,,,"102"" REINFORCED CONCRETE SEWER PIPE CLASS IV",,LIN FT,,ne_ndot_english_standard_item_list_2010,true
ne_ndot_version_4602.12_current,ne_ndot_4602.12,,,"12"" REINFORCED CONCRETE SEWER PIPE CLASS V",,LIN FT,,ne_ndot_english_standard_item_list_2010,true
ne_ndot_version_4602.15_current,ne_ndot_4602.15,,,"15"" REINFORCED CONCRETE SEWER PIPE CLASS V",,LIN FT,,ne_ndot_english_standard_item_list_2010,true
ne_ndot_version_4602.18_current,ne_ndot_4602.18,,,"18"" REINFORCED CONCRETE SEWER PIPE CLASS V",,LIN FT,,ne_ndot_english_standard_item_list_2010,true
ne_ndot_version_4602.21_current,ne_ndot_4602.21,,,"21"" REINFORCED CONCRETE SEWER PIPE CLASS V",,LIN FT,,ne_ndot_english_standard_item_list_2010,true
ne_ndot_version_4602.24_current,ne_ndot_4602.24,,,"24"" REINFORCED CONCRETE SEWER PIPE CLASS V",,LIN FT,,ne_ndot_english_standard_item_list_2010,true
ne_ndot_version_4602.30_current,ne_ndot_4602.30,,,"30"" REINFORCED CONCRETE SEWER PIPE CLASS V",,LIN FT,,ne_ndot_english_standard_item_list_2010,true
ne_ndot_version_4602.36_current,ne_ndot_4602.36,,,"36"" REINFORCED CONCRETE SEWER PIPE CLASS V",,LIN FT,,ne_ndot_english_standard_item_list_2010,true
ne_ndot_version_4602.42_current,ne_ndot_4602.42,,,"42"" REINFORCED CONCRETE SEWER PIPE CLASS V",,LIN FT,,ne_ndot_english_standard_item_list_2010,true
ne_ndot_version_4602.48_current,ne_ndot_4602.48,,,"48"" REINFORCED CONCRETE SEWER PIPE CLASS V",,LIN FT,,ne_ndot_english_standard_item_list_2010,true
ne_ndot_version_4602.54_current,ne_ndot_4602.54,,,"54"" REINFORCED CONCRETE SEWER PIPE CLASS V",,LIN FT,,ne_ndot_english_standard_item_list_2010,true
ne_ndot_version_4602.60_current,ne_ndot_4602.60,,,"60"" REINFORCED CONCRETE SEWER PIPE CLASS V",,LIN FT,,ne_ndot_english_standard_item_list_2010,true
ne_ndot_version_4602.66_historical,ne_ndot_4602.66,,,"66"" REINFORCED CONCRETE SEWER PIPE CLASS V",,LF,,ne_ndot_aup_july_june_2018_2019,false
ne_ndot_version_4602.72_current,ne_ndot_4602.72,,,"72"" REINFORCED CONCRETE SEWER PIPE CLASS V",,LIN FT,,ne_ndot_english_standard_item_list_2010,true
ne_ndot_version_4602.84_current,ne_ndot_4602.84,,,"84"" REINFORCED CONCRETE SEWER PIPE CLASS V",,LIN FT,,ne_ndot_english_standard_item_list_2010,true
ne_ndot_version_4603.02_current,ne_ndot_4603.02,,,"102"" REINFORCED CONCRETE SEWER PIPE CLASS V",,LIN FT,,ne_ndot_english_standard_item_list_2010,true
ne_ndot_version_4605.15_current,ne_ndot_4605.15,,,"15"" ROUND EQUIVALENT REINFORCED CONCRETE SEWER PIPE",,LIN FT,722.00,ne_ndot_english_standard_item_list_2010,true
ne_ndot_version_4605.18_current,ne_ndot_4605.18,,,"18"" ROUND EQUIVALENT REINFORCED CONCRETE SEWER PIPE",,LIN FT,722.00,ne_ndot_english_standard_item_list_2010,true
ne_ndot_version_4605.21_current,ne_ndot_4605.21,,,"21"" ROUND EQUIVALENT REINFORCED CONCRETE SEWER PIPE",,LIN FT,722.00,ne_ndot_english_standard_item_list_2010,true
ne_ndot_version_4605.24_current,ne_ndot_4605.24,,,"24"" ROUND EQUIVALENT REINFORCED CONCRETE SEWER PIPE",,LIN FT,722.00,ne_ndot_english_standard_item_list_2010,true
ne_ndot_version_4605.27_current,ne_ndot_4605.27,,,"27"" ROUND EQUIVALENT REINFORCED CONCRETE SEWER PIPE",,LIN FT,722.00,ne_ndot_english_standard_item_list_2010,true
ne_ndot_version_4605.30_current,ne_ndot_4605.30,,,"30"" ROUND EQUIVALENT REINFORCED CONCRETE SEWER PIPE",,LIN FT,722.00,ne_ndot_english_standard_item_list_2010,true
ne_ndot_version_4605.36_current,ne_ndot_4605.36,,,"36"" ROUND EQUIVALENT REINFORCED CONCRETE SEWER PIPE",,LIN FT,722.00,ne_ndot_english_standard_item_list_2010,true
ne_ndot_version_4605.39_current,ne_ndot_4605.39,,,"39"" ROUND EQUIVALENT REINFORCED CONCRETE SEWER PIPE",,LIN FT,,ne_ndot_english_standard_item_list_2010,true
ne_ndot_version_4605.42_current,ne_ndot_4605.42,,,"42"" ROUND EQUIVALENT REINFORCED CONCRETE SEWER PIPE",,LIN FT,722.00,ne_ndot_english_standard_item_list_2010,true
ne_ndot_version_4605.48_current,ne_ndot_4605.48,,,"48"" ROUND EQUIVALENT REINFORCED CONCRETE SEWER PIPE",,LIN FT,722.00,ne_ndot_english_standard_item_list_2010,true
ne_ndot_version_4605.54_current,ne_ndot_4605.54,,,"48"" ROUND EQUIVALENT REINFORCED CONCRETE SEWER PIPE",,LIN FT,722.00,ne_ndot_english_standard_item_list_2010,true
ne_ndot_version_4605.60_current,ne_ndot_4605.60,,,"60"" ROUND EQUIVALENT REINFORCED CONCRETE SEWER PIPE",,LIN FT,722.00,ne_ndot_english_standard_item_list_2010,true
ne_ndot_version_4605.66_current,ne_ndot_4605.66,,,"66"" ROUND EQUIVALENT REINFORCED CONCRETE SEWER PIPE",,LIN FT,722.00,ne_ndot_english_standard_item_list_2010,true
ne_ndot_version_4605.72_current,ne_ndot_4605.72,,,"72"" ROUND EQUIVALENT REINFORCED CONCRETE SEWER PIPE",,LIN FT,722.00,ne_ndot_english_standard_item_list_2010,true
ne_ndot_version_4605.78_current,ne_ndot_4605.78,,,"78"" ROUND EQUIVALENT REINFORCED CONCRETE SEWER PIPE",,LIN FT,722.00,ne_ndot_english_standard_item_list_2010,true
ne_ndot_version_4605.84_current,ne_ndot_4605.84,,,"84"" ROUND EQUIVALENT REINFORCED CONCRETE SEWER PIPE",,LIN FT,722.00,ne_ndot_english_standard_item_list_2010,true
ne_ndot_version_4605.90_current,ne_ndot_4605.90,,,"90"" ROUND EQUIVALENT REINFORCED CONCRETE SEWER PIPE",,LIN FT,722.00,ne_ndot_english_standard_item_list_2010,true
ne_ndot_version_4605.99_current,ne_ndot_4605.99,,,"INSTALL 54"" ROUND EQUIVALENT REINFORCED CONCRETE SEWER PIPE",,LIN FT,,ne_ndot_english_standard_item_list_2010,true
ne_ndot_version_4610.18_current,ne_ndot_4610.18,,,"18"" ROUND EQUIVALENT REINFORCED CONCRETE SEWER PIPE CLASS IV",,LIN FT,,ne_ndot_english_standard_item_list_2010,true
ne_ndot_version_4610.30_current,ne_ndot_4610.30,,,"30"" ROUND EQUIVALENT REINFORCED CONCRETE SEWER PIPE CLASS IV",,LIN FT,,ne_ndot_english_standard_item_list_2010,true
ne_ndot_version_4610.42_current,ne_ndot_4610.42,,,"42"" ROUND EQUIVALENT REINFORCED CONCRETE SEWER PIPE CLASS IV",,LIN FT,,ne_ndot_english_standard_item_list_2010,true
ne_ndot_version_4610.54_current,ne_ndot_4610.54,,,"54"" ROUND EQUIVALENT REINFORCED CONCRETE SEWER PIPE CLASS IV",,LIN FT,,ne_ndot_english_standard_item_list_2010,true
ne_ndot_version_4615.48_current,ne_ndot_4615.48,,,"48"" ROUND EQUIVALENT REINFORCED CONCRETE SEWER PIPE CLASS V",,LIN FT,,ne_ndot_english_standard_item_list_2010,true
ne_ndot_version_4615.54_current,ne_ndot_4615.54,,,"54"" ROUND EQUIVALENT REINFORCED CONCRETE SEWER PIPE CLASS V",,LIN FT,,ne_ndot_english_standard_item_list_2010,true
ne_ndot_version_4615.60_current,ne_ndot_4615.60,,,"60"" ROUND EQUIVALENT REINFORCED CONCRETE SEWER PIPE CLASS V",,LIN FT,,ne_ndot_english_standard_item_list_2010,true
ne_ndot_version_4655.12_current,ne_ndot_4655.12,,,"12"" SEWER PIPE",,LIN FT,722.00,ne_ndot_english_standard_item_list_2010,true
ne_ndot_version_4660.18_current,ne_ndot_4660.18,,,"18"" REINFORCED CONCRETE SLOTTED PIPE",,LIN FT,720.00,ne_ndot_english_standard_item_list_2010,true
ne_ndot_version_4660.24_current,ne_ndot_4660.24,,,"24"" REINFORCED CONCRETE SLOTTED PIPE",,LIN FT,720.00,ne_ndot_english_standard_item_list_2010,true
ne_ndot_version_4670.00_current,ne_ndot_4670.00,,,CULVERT SANDFILL,,LIN FT,,ne_ndot_english_standard_item_list_2010,true
ne_ndot_version_4670.05_current,ne_ndot_4670.05,,,CULVERT SANDFILL,,CU YD,726.00,ne_ndot_english_standard_item_list_2010,true
ne_ndot_version_4674.75_current,ne_ndot_4674.75,,,"4"" P.V.C. SEWER PIPE",,LIN FT,722.00,ne_ndot_english_standard_item_list_2010,true
ne_ndot_version_4674.78_current,ne_ndot_4674.78,,,"8"" P.V.C. SEWER PIPE",,LIN FT,722.00,ne_ndot_english_standard_item_list_2010,true
ne_ndot_version_4674.82_current,ne_ndot_4674.82,,,"12"" P.V.C. SEWER PIPE",,LIN FT,722.00,ne_ndot_english_standard_item_list_2010,true
ne_ndot_version_4680.12_current,ne_ndot_4680.12,,,"12"" CORRUGATED METAL SLOTTED PIPE",,LIN FT,719.00,ne_ndot_english_standard_item_list_2010,true
ne_ndot_version_4680.15_current,ne_ndot_4680.15,,,"15"" CORRUGATED METAL SLOTTED PIPE",,LIN FT,719.00,ne_ndot_english_standard_item_list_2010,true
ne_ndot_version_4680.18_current,ne_ndot_4680.18,,,"18"" CORRUGATED METAL SLOTTED PIPE",,LIN FT,719.00,ne_ndot_english_standard_item_list_2010,true
ne_ndot_version_4680.24_current,ne_ndot_4680.24,,,"24"" CORRUGATED METAL SLOTTED PIPE",,LIN FT,719.00,ne_ndot_english_standard_item_list_2010,true
ne_ndot_version_4680.36_current,ne_ndot_4680.36,,,"36"" CORRUGATED METAL SLOTTED PIPE",,LIN FT,719.00,ne_ndot_english_standard_item_list_2010,true
ne_ndot_version_4700.08_historical,ne_ndot_4700.08,,,"TUNNEL 8"" SANITARY SEWER",,LF,,ne_ndot_aup_calendar_2020,false
ne_ndot_version_4700.12_current,ne_ndot_4700.12,,,"12"" CLAY SEWER PIPE",,LIN FT,,ne_ndot_english_standard_item_list_2010,true
ne_ndot_version_4700.14_historical,ne_ndot_4700.14,,,"10"" VCP SANITARY SEWER PIPE",,LF,,ne_ndot_aup_july_june_2018_2019,false
ne_ndot_version_4700.20_historical,ne_ndot_4700.20,,,"TUNNEL 10"" VCP SANITARY SEWER PIPE",,LF,,ne_ndot_aup_july_june_2018_2019,false
ne_ndot_version_4730.04_current,ne_ndot_4730.04,,,"4"" SEWER PIPE",,LIN FT,722.00,ne_ndot_english_standard_item_list_2010,true
ne_ndot_version_4730.06_current,ne_ndot_4730.06,,,"6"" SEWER PIPE",,LIN FT,722.00,ne_ndot_english_standard_item_list_2010,true
ne_ndot_version_4730.08_current,ne_ndot_4730.08,,,"8"" SEWER PIPE",,LIN FT,722.00,ne_ndot_english_standard_item_list_2010,true
ne_ndot_version_4730.12_current,ne_ndot_4730.12,,,"12"" SEWER PIPE",,LIN FT,722.00,ne_ndot_english_standard_item_list_2010,true
ne_ndot_version_4730.15_current,ne_ndot_4730.15,,,"15"" SEWER PIPE",,LIN FT,722.00,ne_ndot_english_standard_item_list_2010,true
ne_ndot_version_4730.18_current,ne_ndot_4730.18,,,"18"" SEWER PIPE",,LIN FT,722.00,ne_ndot_english_standard_item_list_2010,true
ne_ndot_version_4730.24_current,ne_ndot_4730.24,,,"24"" SEWER PIPE",,LIN FT,722.00,ne_ndot_english_standard_item_list_2010,true
ne_ndot_version_4730.30_current,ne_ndot_4730.30,,,"30"" SEWER PIPE",,LIN FT,722.00,ne_ndot_english_standard_item_list_2010,true
ne_ndot_version_4730.48_current,ne_ndot_4730.48,,,"48"" SEWER PIPE",,LIN FT,722.00,ne_ndot_english_standard_item_list_2010,true
ne_ndot_version_4731.04_current,ne_ndot_4731.04,,,"4"" SANITARY SEWER PIPE",,LIN FT,,ne_ndot_english_standard_item_list_2010,true
ne_ndot_version_4731.06_current,ne_ndot_4731.06,,,"6"" SANITARY SEWER PIPE",,LIN FT,722.00,ne_ndot_english_standard_item_list_2010,true
ne_ndot_version_4731.07_historical,ne_ndot_4731.07,,,"8"" SANITARY SEWER CURED IN PLACE PIPE",,LF,,ne_ndot_aup_calendar_2022,false
ne_ndot_version_4731.08_current,ne_ndot_4731.08,,,"8"" SANITARY SEWER PIPE",,LIN FT,722.00,ne_ndot_english_standard_item_list_2010,true
ne_ndot_version_4731.09_historical,ne_ndot_4731.09,,,"8"" VCP SANITARY SEWER PIPE",,LF,,ne_ndot_aup_july_june_2025_2026,false
ne_ndot_version_4731.10_current,ne_ndot_4731.10,,,"10"" SANITARY SEWER PIPE",,LIN FT,722.00,ne_ndot_english_standard_item_list_2010,true
ne_ndot_version_4731.11_historical,ne_ndot_4731.11,,,"12"" SANITARY SEWER CURED IN PLACE PIPE",,LF,,ne_ndot_aup_calendar_2022,false
ne_ndot_version_4731.12_current,ne_ndot_4731.12,,,"12"" SANITARY SEWER PIPE",,LIN FT,722.00,ne_ndot_english_standard_item_list_2010,true
ne_ndot_version_4731.13_current,ne_ndot_4731.13,,,"15"" SANITARY SEWER PIPE",,LIN FT,722.00,ne_ndot_english_standard_item_list_2010,true
ne_ndot_version_4731.14_current,ne_ndot_4731.14,,,PILOT TUBE MICRO TUNNELING,,LIN FT,722.00,ne_ndot_english_standard_item_list_2010,true
ne_ndot_version_4731.15_current,ne_ndot_4731.15,,,"15"" STORM SEWER PIPE",,LIN FT,722.00,ne_ndot_english_standard_item_list_2010,true
ne_ndot_version_4731.18_current,ne_ndot_4731.18,,,"18"" STORM SEWER PIPE",,LIN FT,,ne_ndot_english_standard_item_list_2010,true
ne_ndot_version_4731.20_historical,ne_ndot_4731.20,,,"12"" STORM SEWER PIPE",,LF,,ne_ndot_aup_july_june_2018_2019,false
ne_ndot_version_4731.21_historical,ne_ndot_4731.21,,,"15"" SANITARY SEWER CURED IN PLACE PIPE",,LF,,ne_ndot_aup_calendar_2022,false
ne_ndot_version_4731.24_historical,ne_ndot_4731.24,,,"24"" STORM SEWER PIPE",,LF,,ne_ndot_aup_july_june_2018_2019,false
ne_ndot_version_4731.36_current,ne_ndot_4731.36,,,"36"" STORM SEWER PIPE",,LIN FT,722.00,ne_ndot_english_standard_item_list_2010,true
ne_ndot_version_4732.04_current,ne_ndot_4732.04,,,"4"" P.V.C. SANITARY SEWER PIPE",,LIN FT,,ne_ndot_english_standard_item_list_2010,true
ne_ndot_version_4732.06_current,ne_ndot_4732.06,,,"6"" P.V.C. SANITARY SEWER PIPE",,LIN FT,,ne_ndot_english_standard_item_list_2010,true
ne_ndot_version_4732.08_current,ne_ndot_4732.08,,,"8"" P.V.C. SANITARY SEWER PIPE",,LIN FT,,ne_ndot_english_standard_item_list_2010,true
ne_ndot_version_4732.09_historical,ne_ndot_4732.09,,,"8"" SANITARY SEWER PLUG",,EACH,,ne_ndot_aup_calendar_2019,false
ne_ndot_version_4732.10_historical,ne_ndot_4732.10,,,"10"" P.V.C. SANITARY SEWER PIPE",,LF,,ne_ndot_aup_july_june_2023_2024,false
ne_ndot_version_4732.12_historical,ne_ndot_4732.12,,,"12"" P.V.C. SANITARY SEWER PIPE",,LF,,ne_ndot_aup_july_june_2023_2024,false
ne_ndot_version_4732.15_current,ne_ndot_4732.15,,,"15"" P.V.C. SANITARY SEWER PIPE",,LIN FT,,ne_ndot_english_standard_item_list_2010,true
ne_ndot_version_4732.21_historical,ne_ndot_4732.21,,,"21"" P.V.C. SANITARY SEWER PIPE",,LF,,ne_ndot_aup_calendar_2022,false
ne_ndot_version_4732.27_current,ne_ndot_4732.27,,,"27"" P.V.C. SANITARY SEWER PIPE",,LIN FT,,ne_ndot_english_standard_item_list_2010,true
ne_ndot_version_4733.40_historical,ne_ndot_4733.40,,,24 INCH DIRJ AND DIPJ PIPE,,LS,,ne_ndot_aup_calendar_2018,false
ne_ndot_version_4740.00_current,ne_ndot_4740.00,,,"2"" P.V.C. FORCE MAIN",,LIN FT,,ne_ndot_english_standard_item_list_2010,true
ne_ndot_version_4741.04_historical,ne_ndot_4741.04,,,"4"" FORCE MAIN",,LF,,ne_ndot_aup_calendar_2021,false
ne_ndot_version_4760.02_current,ne_ndot_4760.02,,,"2"" CAST IRON PIPE",,LIN FT,,ne_ndot_english_standard_item_list_2010,true
ne_ndot_version_4760.03_current,ne_ndot_4760.03,,,"3"" CAST IRON PIPE",,LIN FT,,ne_ndot_english_standard_item_list_2010,true
ne_ndot_version_4760.04_current,ne_ndot_4760.04,,,"4"" CAST IRON PIPE",,LIN FT,,ne_ndot_english_standard_item_list_2010,true
ne_ndot_version_4760.05_current,ne_ndot_4760.05,,,"5"" CAST IRON PIPE",,LIN FT,,ne_ndot_english_standard_item_list_2010,true
ne_ndot_version_4760.06_current,ne_ndot_4760.06,,,"6"" CAST IRON PIPE",,LIN FT,,ne_ndot_english_standard_item_list_2010,true
ne_ndot_version_4760.08_current,ne_ndot_4760.08,,,"8"" CAST IRON PIPE",,LIN FT,,ne_ndot_english_standard_item_list_2010,true
ne_ndot_version_4760.10_current,ne_ndot_4760.10,,,"10"" CAST IRON PIPE",,LIN FT,,ne_ndot_english_standard_item_list_2010,true
ne_ndot_version_4760.12_current,ne_ndot_4760.12,,,"12"" CAST IRON PIPE",,LIN FT,,ne_ndot_english_standard_item_list_2010,true
ne_ndot_version_4760.16_current,ne_ndot_4760.16,,,"16"" CAST IRON PIPE",,LIN FT,,ne_ndot_english_standard_item_list_2010,true
ne_ndot_version_4760.50_current,ne_ndot_4760.50,,,CAST IRON PIPE OFFSET,,EACH,,ne_ndot_english_standard_item_list_2010,true
ne_ndot_version_4762.04_current,ne_ndot_4762.04,,,"4"" DUCTILE IRON SEWER PIPE",,LIN FT,722.00,ne_ndot_english_standard_item_list_2010,true
ne_ndot_version_4762.06_current,ne_ndot_4762.06,,,"6"" DUCTILE IRON SEWER PIPE",,LIN FT,722.00,ne_ndot_english_standard_item_list_2010,true
ne_ndot_version_4762.08_current,ne_ndot_4762.08,,,"8"" DUCTILE IRON SEWER PIPE",,LIN FT,722.00,ne_ndot_english_standard_item_list_2010,true
ne_ndot_version_4762.10_current,ne_ndot_4762.10,,,"10"" DUCTILE IRON SEWER PIPE",,LIN FT,722.00,ne_ndot_english_standard_item_list_2010,true
ne_ndot_version_4762.12_current,ne_ndot_4762.12,,,"12"" DUCTILE IRON SEWER PIPE",,LIN FT,722.00,ne_ndot_english_standard_item_list_2010,true
ne_ndot_version_4762.14_current,ne_ndot_4762.14,,,"14"" DUCTILE IRON SEWER PIPE",,LIN FT,722.00,ne_ndot_english_standard_item_list_2010,true
ne_ndot_version_4762.15_current,ne_ndot_4762.15,,,"15"" DUCTILE IRON SEWER PIPE",,LIN FT,722.00,ne_ndot_english_standard_item_list_2010,true
ne_ndot_version_4762.16_current,ne_ndot_4762.16,,,"16"" DUCTILE IRON SEWER PIPE",,LIN FT,722.00,ne_ndot_english_standard_item_list_2010,true
ne_ndot_version_4762.18_current,ne_ndot_4762.18,,,"18"" DUCTILE IRON SEWER PIPE",,LIN FT,722.00,ne_ndot_english_standard_item_list_2010,true
ne_ndot_version_4762.24_current,ne_ndot_4762.24,,,"24"" DUCTILE IRON SEWER PIPE",,LIN FT,722.00,ne_ndot_english_standard_item_list_2010,true
ne_ndot_version_4762.30_current,ne_ndot_4762.30,,,"30"" DUCTILE IRON SEWER PIPE",,LIN FT,722.00,ne_ndot_english_standard_item_list_2010,true
ne_ndot_version_4762.54_current,ne_ndot_4762.54,,,"54"" DUCTILE IRON SEWER PIPE",,LIN FT,722.00,ne_ndot_english_standard_item_list_2010,true
ne_ndot_version_4762.68_current,ne_ndot_4762.68,,,"JACKING 8"" DUCTILE IRON SEWER PIPE",,LIN FT,731.00,ne_ndot_english_standard_item_list_2010,true
ne_ndot_version_4762.76_current,ne_ndot_4762.76,,,"JACKING 16"" DUCTILE IRON SEWER PIPE",,LIN FT,731.00,ne_ndot_english_standard_item_list_2010,true
ne_ndot_version_4763.00_current,ne_ndot_4763.00,,,BYPASS PUMPING,,LUMP SUM,,ne_ndot_english_standard_item_list_2010,true
ne_ndot_version_4763.10_current,ne_ndot_4763.10,,,SEWER CLEANOUT,,EACH,,ne_ndot_english_standard_item_list_2010,true
ne_ndot_version_4763.11_historical,ne_ndot_4763.11,,,DOUBLE SANITARY SEWER CLEANOUT,,EACH,,ne_ndot_aup_july_june_2019_2020,false
ne_ndot_version_4763.12_historical,ne_ndot_4763.12,,,REMOVE CLEANOUT STRUCTURE,,EACH,,ne_ndot_aup_july_june_2022_2023,false
ne_ndot_version_4763.13_historical,ne_ndot_4763.13,,,REMOVE TURNDOWN STRUCTURE,,EACH,,ne_ndot_aup_july_june_2022_2023,false
ne_ndot_version_4763.20_historical,ne_ndot_4763.20,,,CONCRETE CLEANOUT,,EACH,,ne_ndot_aup_july_june_2018_2019,false
ne_ndot_version_4763.25_current,ne_ndot_4763.25,,,UNDERDRAIN OUTLET STRUCTURE,,EACH,,ne_ndot_english_standard_item_list_2010,true
ne_ndot_version_4763.26_current,ne_ndot_4763.26,,,UNDERDRAIN HEADWALL,,EACH,914.00,ne_ndot_english_standard_item_list_2010,true
ne_ndot_version_4763.38_current,ne_ndot_4763.38,,,"4"" RODENT GUARD",,EACH,,ne_ndot_english_standard_item_list_2010,true
ne_ndot_version_4763.40_current,ne_ndot_4763.40,,,"8"" RODENT GUARD",,EACH,,ne_ndot_english_standard_item_list_2010,true
ne_ndot_version_4763.46_current,ne_ndot_4763.46,,,"6"" P.V.C. CHECK VALVE",,EACH,,ne_ndot_english_standard_item_list_2010,true
ne_ndot_version_4763.75_current,ne_ndot_4763.75,,,WICK DRAIN,,LIN FT,,ne_ndot_english_standard_item_list_2010,true
ne_ndot_version_4763.90_current,ne_ndot_4763.90,,,PREFABRICATED EDGE DRAIN,,LIN FT,,ne_ndot_english_standard_item_list_2010,true
ne_ndot_version_4764.03_current,ne_ndot_4764.03,,,"3"" NONPERFORATED P.V.C. PIPE UNDERDRAIN",,LIN FT,914.00,ne_ndot_english_standard_item_list_2010,true
ne_ndot_version_4764.04_current,ne_ndot_4764.04,,,"4"" NONPERFORATED P.V.C. PIPE UNDERDRAIN",,LIN FT,914.00,ne_ndot_english_standard_item_list_2010,true
ne_ndot_version_4764.06_current,ne_ndot_4764.06,,,"6"" NONPERFORATED P.V.C. PIPE UNDERDRAIN",,LIN FT,914.00,ne_ndot_english_standard_item_list_2010,true
ne_ndot_version_4764.12_current,ne_ndot_4764.12,,,"12"" NONPERFORATED P.V.C. PIPE UNDERDRAIN",,LIN FT,,ne_ndot_english_standard_item_list_2010,true
ne_ndot_version_4764.16_current,ne_ndot_4764.16,,,"6"" PERFORATED DRAIN PIPE",,LIN FT,,ne_ndot_english_standard_item_list_2010,true
ne_ndot_version_4764.20_current,ne_ndot_4764.20,,,PERFORATED DRAIN TILE,,LIN FT,,ne_ndot_english_standard_item_list_2010,true
ne_ndot_version_4764.25_current,ne_ndot_4764.25,,,DRAIN TILE,,LUMP SUM,,ne_ndot_english_standard_item_list_2010,true
ne_ndot_version_4764.27_current,ne_ndot_4764.27,,,"6"" PERFORATED P.V.C. TIER DRAIN",,LIN FT,,ne_ndot_english_standard_item_list_2010,true
ne_ndot_version_4764.28_current,ne_ndot_4764.28,,,"6"" P.V.C. VERTICAL DRAIN",,LIN FT,,ne_ndot_english_standard_item_list_2010,true
ne_ndot_version_4764.32_current,ne_ndot_4764.32,,,"3"" PERFORATED PIPE UNDERDRAIN",,LIN FT,914.00,ne_ndot_english_standard_item_list_2010,true
ne_ndot_version_4764.33_current,ne_ndot_4764.33,,,"3"" NONPERFORATED PIPE UNDERDRAIN",,LIN FT,914.00,ne_ndot_english_standard_item_list_2010,true
ne_ndot_version_4764.34_current,ne_ndot_4764.34,,,"4"" NONPERFORATED PIPE UNDERDRAIN",,LIN FT,914.00,ne_ndot_english_standard_item_list_2010,true
ne_ndot_version_4764.35_current,ne_ndot_4764.35,,,"4"" PERFORATED PIPE UNDERDRAIN",,LIN FT,914.00,ne_ndot_english_standard_item_list_2010,true
ne_ndot_version_4764.36_current,ne_ndot_4764.36,,,"6"" NONPERFORATED PIPE UNDERDRAIN",,LIN FT,914.00,ne_ndot_english_standard_item_list_2010,true
ne_ndot_version_4764.37_current,ne_ndot_4764.37,,,"6"" PERFORATED PIPE UNDERDRAIN",,LIN FT,914.00,ne_ndot_english_standard_item_list_2010,true
ne_ndot_version_4764.38_current,ne_ndot_4764.38,,,"8"" NONPERFORATED PIPE UNDERDRAIN",,LIN FT,914.00,ne_ndot_english_standard_item_list_2010,true
ne_ndot_version_4764.39_current,ne_ndot_4764.39,,,"8"" PERFORATED PIPE UNDERDRAIN",,LIN FT,914.00,ne_ndot_english_standard_item_list_2010,true
ne_ndot_version_4764.40_historical,ne_ndot_4764.40,,,"NON-PERFORATED SQUARE STEEL TUBE POST 4""",,LF,,ne_ndot_aup_july_june_2025_2026,false
ne_ndot_version_4764.54_current,ne_ndot_4764.54,,,"4"" PERFORATED P.V.C. PIPE UNDERDRAIN",,LIN FT,914.00,ne_ndot_english_standard_item_list_2010,true
ne_ndot_version_4764.56_current,ne_ndot_4764.56,,,"6"" PERFORATED P.V.C. PIPE UNDERDRAIN",,LIN FT,914.00,ne_ndot_english_standard_item_list_2010,true
ne_ndot_version_4764.58_current,ne_ndot_4764.58,,,"8"" PERFORATED P.V.C. PIPE UNDERDRAIN",,LIN FT,914.00,ne_ndot_english_standard_item_list_2010,true
ne_ndot_version_4764.74_current,ne_ndot_4764.74,,,"4"" P.V.C. SEWER PIPE",,LIN FT,722.00,ne_ndot_english_standard_item_list_2010,true
ne_ndot_version_4764.76_current,ne_ndot_4764.76,,,"6"" P.V.C. SEWER PIPE",,LIN FT,722.00,ne_ndot_english_standard_item_list_2010,true
ne_ndot_version_4764.78_current,ne_ndot_4764.78,,,"8"" P.V.C. SEWER PIPE",,LIN FT,722.00,ne_ndot_english_standard_item_list_2010,true
ne_ndot_version_4764.80_current,ne_ndot_4764.80,,,"10"" P.V.C. SEWER PIPE",,LIN FT,722.00,ne_ndot_english_standard_item_list_2010,true
ne_ndot_version_4764.82_current,ne_ndot_4764.82,,,"12"" P.V.C. SEWER PIPE",,LIN FT,722.00,ne_ndot_english_standard_item_list_2010,true
ne_ndot_version_4764.85_current,ne_ndot_4764.85,,,"15"" P.V.C. SEWER PIPE",,LIN FT,722.00,ne_ndot_english_standard_item_list_2010,true
ne_ndot_version_4764.87_current,ne_ndot_4764.87,,,"18"" P.V.C. SEWER PIPE",,LIN FT,722.00,ne_ndot_english_standard_item_list_2010,true
ne_ndot_version_4764.94_current,ne_ndot_4764.94,,,"24"" P.V.C. SEWER PIPE",,LIN FT,722.00,ne_ndot_english_standard_item_list_2010,true
ne_ndot_version_4765.02_current,ne_ndot_4765.02,,,"4"" NON-PERFORATED CORRUGATED POLYETHYLENE PIPE UNDERDRAIN",,LIN FT,914.00,ne_ndot_english_standard_item_list_2010,true
ne_ndot_version_4765.03_current,ne_ndot_4765.03,,,"4"" PERFORATED CORRUGATED POLYETHYLENE PIPE UNDERDRAIN",,LIN FT,914.00,ne_ndot_english_standard_item_list_2010,true
ne_ndot_version_4765.04_current,ne_ndot_4765.04,,,"4"" NONPERFORATED CORRUGATED POLYETHYLENE PIPE UNDERDRAIN",,LIN FT,914.00,ne_ndot_english_standard_item_list_2010,true
ne_ndot_version_4765.05_current,ne_ndot_4765.05,,,"4"" NONPERFORATED CORRUGATED POLYETHYLENE PIPE UNDERDRAIN",,LIN FT,914.00,ne_ndot_english_standard_item_list_2010,true
ne_ndot_version_4765.06_current,ne_ndot_4765.06,,,"6"" NONPERFORATED CORRUGATED POLYETHYLENE PIPE UNDERDRAIN",,LIN FT,914.00,ne_ndot_english_standard_item_list_2010,true
ne_ndot_version_4765.07_current,ne_ndot_4765.07,,,"6"" PERFORATED CORRUGATED POLYETHYLENE PIPE UNDERDRAIN",,LIN FT,914.00,ne_ndot_english_standard_item_list_2010,true
ne_ndot_version_4765.13_current,ne_ndot_4765.13,,,"3"" PERFORATED CORRUGATED POLYETHYLENE PIPE UNDERDRAIN",,LIN FT,914.00,ne_ndot_english_standard_item_list_2010,true
ne_ndot_version_4766.04_current,ne_ndot_4766.04,,,"4"" DUCTILE IRON PIPE",,LIN FT,,ne_ndot_english_standard_item_list_2010,true
ne_ndot_version_4766.06_current,ne_ndot_4766.06,,,"6"" DUCTILE IRON PIPE",,LIN FT,,ne_ndot_english_standard_item_list_2010,true
ne_ndot_version_4766.08_current,ne_ndot_4766.08,,,"8"" DUCTILE IRON PIPE",,LIN FT,,ne_ndot_english_standard_item_list_2010,true
ne_ndot_version_4766.12_current,ne_ndot_4766.12,,,"12"" DUCTILE IRON PIPE",,LIN FT,,ne_ndot_english_standard_item_list_2010,true
ne_ndot_version_4766.24_current,ne_ndot_4766.24,,,"24"" DUCTILE IRON PIPE",,LIN FT,,ne_ndot_english_standard_item_list_2010,true
ne_ndot_version_4766.40_historical,ne_ndot_4766.40,,,"8"" RESTRAINED JOINT DUCTILE IRON PIPE",,LF,,ne_ndot_aup_calendar_2020,false
ne_ndot_version_4766.50_historical,ne_ndot_4766.50,,,"6"" RESTRAINED JOINT DUCTILE IRON PIPE",,LF,,ne_ndot_aup_calendar_2020,false
ne_ndot_version_4766.69_historical,ne_ndot_4766.69,,,6 INCH DIPJ PIPE,,LF,,ne_ndot_aup_calendar_2018,false
ne_ndot_version_4766.70_historical,ne_ndot_4766.70,,,6 INCH DIRJ PIPE,,LF,,ne_ndot_aup_calendar_2018,false
ne_ndot_version_4766.71_historical,ne_ndot_4766.71,,,8 INCH DIRJ PIPE,,LF,,ne_ndot_aup_calendar_2018,false
ne_ndot_version_4766.72_historical,ne_ndot_4766.72,,,8 INCH DIPJ PIPE,,LF,,ne_ndot_aup_calendar_2018,false
ne_ndot_version_4766.73_historical,ne_ndot_4766.73,,,12 INCH DIPJ PIPE,,LF,,ne_ndot_aup_calendar_2018,false
ne_ndot_version_4766.74_historical,ne_ndot_4766.74,,,12 INCH DIRJ PIPE,,LF,,ne_ndot_aup_calendar_2018,false
ne_ndot_version_4766.75_current,ne_ndot_4766.75,,,"16"" RESTRAINED JOINT DUCTILE IRON PIPE",,LIN FT,,ne_ndot_english_standard_item_list_2010,true
ne_ndot_version_4766.76_historical,ne_ndot_4766.76,,,16 INCH DIRJ PIPE,,LF,,ne_ndot_aup_calendar_2018,false
ne_ndot_version_4766.77_historical,ne_ndot_4766.77,,,16 INCH DIPJ PIPE,,LF,,ne_ndot_aup_calendar_2018,false
ne_ndot_version_4767.02_historical,ne_ndot_4767.02,,,"2"" DUCTILE IRON WATER PIPE",,LF,,ne_ndot_aup_calendar_2023,false
ne_ndot_version_4767.22_current,ne_ndot_4767.22,,,"22"" POLYETHYLENE PIPE",,LIN FT,,ne_ndot_english_standard_item_list_2010,true
ne_ndot_version_4767.32_current,ne_ndot_4767.32,,,"INSTALL 22"" POLYETHYLENE PIPE",,LIN FT,,ne_ndot_english_standard_item_list_2010,true
ne_ndot_version_4767.50_historical,ne_ndot_4767.50,,,"2"" DUCTILE IRON 45-DEGREE BEND",,EACH,,ne_ndot_aup_calendar_2023,false
ne_ndot_version_4767.75_historical,ne_ndot_4767.75,,,"REMOVE 2"" DUCTILE IRON WATER PIPE",,LF,,ne_ndot_aup_calendar_2023,false
ne_ndot_version_4770.00_current,ne_ndot_4770.00,,,PRECAST REINFORCED CONCRETE TRANSITION SECTION,,EACH,,ne_ndot_english_standard_item_list_2010,true
ne_ndot_version_4770.42_current,ne_ndot_4770.42,,,"42"" TO 54"" REINFORCED CONCRETE TRANSITION SECTION",,EACH,,ne_ndot_english_standard_item_list_2010,true
ne_ndot_version_4770.54_current,ne_ndot_4770.54,,,"54"" TO 60"" REINFORCED CONCRETE TRANSITION SECTION",,EACH,,ne_ndot_english_standard_item_list_2010,true
ne_ndot_version_4770.60_current,ne_ndot_4770.60,,,"60"" TO 72"" REINFORCED CONCRETE TRANSITION SECTION",,EACH,,ne_ndot_english_standard_item_list_2010,true
ne_ndot_version_4770.72_current,ne_ndot_4770.72,,,"72"" TO 78"" REINFORCED CONCRETE TRANSITION SECTION",,EACH,,ne_ndot_english_standard_item_list_2010,true
ne_ndot_version_4770.78_current,ne_ndot_4770.78,,,"78"" TO 84"" REINFORCED CONCRETE TRANSITION SECTION",,EACH,,ne_ndot_english_standard_item_list_2010,true
ne_ndot_version_4770.84_current,ne_ndot_4770.84,,,"84"" TO 90"" REINFORCED CONCRETE TRANSITION SECTION",,EACH,,ne_ndot_english_standard_item_list_2010,true
ne_ndot_version_4770.86_current,ne_ndot_4770.86,,,"84"" TO 120"" REINFORCED CONCRETE TRANSITION SECTION",,EACH,,ne_ndot_english_standard_item_list_2010,true
ne_ndot_version_4780.01_historical,ne_ndot_4780.01,,,HHS VARIANCE INSTALLATION,,SY,,ne_ndot_aup_calendar_2024,false
ne_ndot_version_4780.54_current,ne_ndot_4780.54,,,"54"" REINFORCED CONCRETE TEE MANHOLE SECTION",,EACH,,ne_ndot_english_standard_item_list_2010,true
ne_ndot_version_4780.60_current,ne_ndot_4780.60,,,"60"" REINFORCED CONCRETE TEE MANHOLE SECTION",,EACH,,ne_ndot_english_standard_item_list_2010,true
ne_ndot_version_4780.72_current,ne_ndot_4780.72,,,"72"" REINFORCED CONCRETE TEE MANHOLE SECTION",,EACH,,ne_ndot_english_standard_item_list_2010,true
ne_ndot_version_4780.78_current,ne_ndot_4780.78,,,"78"" REINFORCED CONCRETE TEE MANHOLE SECTION",,EACH,,ne_ndot_english_standard_item_list_2010,true
ne_ndot_version_4780.84_current,ne_ndot_4780.84,,,"84"" REINFORCED CONCRETE TEE MANHOLE SECTION",,EACH,,ne_ndot_english_standard_item_list_2010,true
ne_ndot_version_4780.90_current,ne_ndot_4780.90,,,"90"" REINFORCED CONCRETE TEE MANHOLE SECTION",,EACH,,ne_ndot_english_standard_item_list_2010,true
ne_ndot_version_4790.00_current,ne_ndot_4790.00,,,SANITARY SEWER CROSSING,,EACH,,ne_ndot_english_standard_item_list_2010,true
ne_ndot_version_4790.02_current,ne_ndot_4790.02,,,EXTERNAL FRAME SEALS,,EACH,,ne_ndot_english_standard_item_list_2010,true
ne_ndot_version_4790.05_historical,ne_ndot_4790.05,,,WATER QUALITY STRUCTURE TYPE I,,EACH,,ne_ndot_aup_july_june_2025_2026,false
ne_ndot_version_4790.06_historical,ne_ndot_4790.06,,,WATER QUALITY STRUCTURE TYPE II,,EACH,,ne_ndot_aup_july_june_2025_2026,false
ne_ndot_version_4790.10_current,ne_ndot_4790.10,,,SANITARY MANHOLE,,EACH,,ne_ndot_english_standard_item_list_2010,true
ne_ndot_version_4790.11_current,ne_ndot_4790.11,,,SANITARY MANHOLE,,EACH,,ne_ndot_english_standard_item_list_2010,true
ne_ndot_version_4790.12_current,ne_ndot_4790.12,,,SANITARY MANHOLE,,EACH,,ne_ndot_english_standard_item_list_2010,true
ne_ndot_version_4790.13_historical,ne_ndot_4790.13,,,SANITARY MANHOLE,,EACH,,ne_ndot_aup_july_june_2018_2019,false
ne_ndot_version_4790.14_historical,ne_ndot_4790.14,,,SANITARY MANHOLE,,EACH,,ne_ndot_aup_calendar_2018,false
ne_ndot_version_4790.15_historical,ne_ndot_4790.15,,,SANITARY MANHOLE,,EACH,,ne_ndot_aup_calendar_2018,false
ne_ndot_version_4790.16_historical,ne_ndot_4790.16,,,SANITARY MANHOLE,,EACH,,ne_ndot_aup_calendar_2018,false
ne_ndot_version_4790.26_historical,ne_ndot_4790.26,,,SANITARY MANHOLE,,VFT,,ne_ndot_aup_july_june_2025_2026,false
ne_ndot_version_4790.27_historical,ne_ndot_4790.27,,,CEMENTICIOUS LINING,,VFT,,ne_ndot_aup_calendar_2022,false
ne_ndot_version_4790.30_historical,ne_ndot_4790.30,,,"INSTALL, STARTUP, AND REMOVE TEMPORARY SANITARY BYPASS SYSTEM",,LS,,ne_ndot_aup_july_june_2022_2023,false
ne_ndot_version_4790.31_historical,ne_ndot_4790.31,,,OPERATE AND MONITOR TEMPORARY SANITARY BYPASS SYSTEM,,MON,,ne_ndot_aup_july_june_2022_2023,false
ne_ndot_version_4795.00_current,ne_ndot_4795.00,,,P.V.C. WYE,,EACH,,ne_ndot_english_standard_item_list_2010,true
ne_ndot_version_4795.02_current,ne_ndot_4795.02,,,REINFORCED CONCRETE WYE,,EACH,,ne_ndot_english_standard_item_list_2010,true
ne_ndot_version_4795.04_historical,ne_ndot_4795.04,,,"8"" X 4"" P.V.C. WYE",,EACH,,ne_ndot_aup_calendar_2019,false
ne_ndot_version_4795.06_historical,ne_ndot_4795.06,,,"8"" X 6"" P.V.C. WYE",,EACH,,ne_ndot_aup_calendar_2019,false
ne_ndot_version_4795.93_historical,ne_ndot_4795.93,,,"12"" AND LARGER PLUGS OR CAPS",,EACH,,ne_ndot_aup_calendar_2018,false
ne_ndot_version_4795.94_historical,ne_ndot_4795.94,,,"16"" PLUG",,EACH,,ne_ndot_aup_calendar_2020,false
ne_ndot_version_4795.98_current,ne_ndot_4795.98,,,"12"" PLUG",,EACH,,ne_ndot_english_standard_item_list_2010,true
ne_ndot_version_4795.99_current,ne_ndot_4795.99,,,"4"" PLUG",,EACH,,ne_ndot_english_standard_item_list_2010,true
ne_ndot_version_4796.00_current,ne_ndot_4796.00,,,"6"" PLUG",,EACH,,ne_ndot_english_standard_item_list_2010,true
ne_ndot_version_4796.01_current,ne_ndot_4796.01,,,"8"" PLUG",,EACH,,ne_ndot_english_standard_item_list_2010,true
ne_ndot_version_4796.02_current,ne_ndot_4796.02,,,"10"" PLUG",,EACH,,ne_ndot_english_standard_item_list_2010,true
ne_ndot_version_4796.03_current,ne_ndot_4796.03,,,"3"" P.V.C. PLUG",,EACH,,ne_ndot_english_standard_item_list_2010,true
ne_ndot_version_4796.04_current,ne_ndot_4796.04,,,"4"" P.V.C. PLUG",,EACH,,ne_ndot_english_standard_item_list_2010,true
ne_ndot_version_4796.06_current,ne_ndot_4796.06,,,"6"" P.V.C. PLUG",,EACH,,ne_ndot_english_standard_item_list_2010,true
ne_ndot_version_4796.10_current,ne_ndot_4796.10,,,"2"" P.V.C. PLUG",,EACH,,ne_ndot_english_standard_item_list_2010,true
ne_ndot_version_4796.11_current,ne_ndot_4796.11,,,"2 1/2"" P.V.C. PLUG",,EACH,,ne_ndot_english_standard_item_list_2010,true
ne_ndot_version_4796.13_historical,ne_ndot_4796.13,,,"12"" BENDS (HORIZONTAL OR VERTICAL)",,EACH,,ne_ndot_aup_calendar_2018,false
ne_ndot_version_4796.15_historical,ne_ndot_4796.15,,,"16"" BENDS (HORIZONTAL OR VERTICAL)",,EACH,,ne_ndot_aup_calendar_2018,false
ne_ndot_version_4796.20_historical,ne_ndot_4796.20,,,"10"" AND LARGER PLUGS OR CAPS",,EACH,,ne_ndot_aup_calendar_2018,false
ne_ndot_version_4796.23_historical,ne_ndot_4796.23,,,"3/4"" PLUG",,EACH,,ne_ndot_aup_calendar_2019,false
ne_ndot_version_4796.25_current,ne_ndot_4796.25,,,PLUG,,EACH,,ne_ndot_english_standard_item_list_2010,true
ne_ndot_version_4796.26_historical,ne_ndot_4796.26,,,"8"" PIPE PLUG",,EACH,,ne_ndot_aup_calendar_2018,false
ne_ndot_version_4796.27_historical,ne_ndot_4796.27,,,"10"" PIPE PLUG",,EACH,,ne_ndot_aup_july_june_2018_2019,false
ne_ndot_version_4796.28_historical,ne_ndot_4796.28,,,"12"" PIPE PLUG",,EACH,,ne_ndot_aup_calendar_2018,false
ne_ndot_version_4796.29_historical,ne_ndot_4796.29,,,"15"" PIPE PLUG",,EACH,,ne_ndot_aup_calendar_2018,false
ne_ndot_version_4796.30_historical,ne_ndot_4796.30,,,"18"" PIPE PLUG",,EACH,,ne_ndot_aup_july_june_2020_2021,false
ne_ndot_version_4796.31_historical,ne_ndot_4796.31,,,"24"" PIPE PLUG",,EACH,,ne_ndot_aup_calendar_2018,false
ne_ndot_version_4796.32_historical,ne_ndot_4796.32,,,"36"" PIPE PLUG",,EACH,,ne_ndot_aup_calendar_2018,false
ne_ndot_version_4796.33_historical,ne_ndot_4796.33,,,"72"" PIPE PLUG",,EACH,,ne_ndot_aup_calendar_2018,false
ne_ndot_version_4796.40_current,ne_ndot_4796.40,,,"15"" BEND",,EACH,,ne_ndot_english_standard_item_list_2010,true
ne_ndot_version_4796.41_current,ne_ndot_4796.41,,,"18"" BEND",,EACH,,ne_ndot_english_standard_item_list_2010,true
ne_ndot_version_4796.47_historical,ne_ndot_4796.47,,,"6"" BENDS (HORIZONTAL OR VERTICAL)",,EACH,,ne_ndot_aup_calendar_2018,false
ne_ndot_version_4796.49_historical,ne_ndot_4796.49,,,"8"" BENDS (HORIZONTAL OR VERTICAL)",,EACH,,ne_ndot_aup_calendar_2018,false
ne_ndot_version_4800.02_current,ne_ndot_4800.02,,,"2"" STEEL PIPE",,LIN FT,,ne_ndot_english_standard_item_list_2010,true
ne_ndot_version_4800.03_current,ne_ndot_4800.03,,,"3"" STEEL PIPE",,LIN FT,,ne_ndot_english_standard_item_list_2010,true
ne_ndot_version_4800.06_current,ne_ndot_4800.06,,,"6"" STEEL PIPE",,LIN FT,,ne_ndot_english_standard_item_list_2010,true
ne_ndot_version_4800.08_current,ne_ndot_4800.08,,,"8"" STEEL PIPE",,LIN FT,,ne_ndot_english_standard_item_list_2010,true
ne_ndot_version_4800.24_current,ne_ndot_4800.24,,,"24"" STEEL PIPE",,LIN FT,,ne_ndot_english_standard_item_list_2010,true
ne_ndot_version_4800.30_current,ne_ndot_4800.30,,,"30"" STEEL PIPE",,LIN FT,,ne_ndot_english_standard_item_list_2010,true
ne_ndot_version_4800.36_current,ne_ndot_4800.36,,,"36"" STEEL PIPE",,LIN FT,,ne_ndot_english_standard_item_list_2010,true
ne_ndot_version_4800.96_current,ne_ndot_4800.96,,,"96"" STEEL PIPE",,LIN FT,,ne_ndot_english_standard_item_list_2010,true
ne_ndot_version_4802.01_current,ne_ndot_4802.01,,,LEVEE GATE,,EACH,,ne_ndot_english_standard_item_list_2010,true
ne_ndot_version_4803.00_historical,ne_ndot_4803.00,,,"1"" P.V.C. PIPE",,LF,,ne_ndot_aup_july_june_2023_2024,false
ne_ndot_version_4803.01_historical,ne_ndot_4803.01,,,"1 1/2"" P.V.C. PIPE",,LF,,ne_ndot_aup_july_june_2023_2024,false
ne_ndot_version_4803.02_current,ne_ndot_4803.02,,,"2"" P.V.C. PIPE",,LIN FT,,ne_ndot_english_standard_item_list_2010,true
ne_ndot_version_4803.04_current,ne_ndot_4803.04,,,"4"" P.V.C. PIPE",,LIN FT,,ne_ndot_english_standard_item_list_2010,true
ne_ndot_version_4803.06_current,ne_ndot_4803.06,,,"6"" P.V.C. PIPE",,LIN FT,,ne_ndot_english_standard_item_list_2010,true
ne_ndot_version_4803.08_current,ne_ndot_4803.08,,,"8"" P.V.C. PIPE",,LIN FT,,ne_ndot_english_standard_item_list_2010,true
ne_ndot_version_4803.10_current,ne_ndot_4803.10,,,"10"" P.V.C. PIPE",,LIN FT,,ne_ndot_english_standard_item_list_2010,true
ne_ndot_version_4803.12_current,ne_ndot_4803.12,,,"12"" P.V.C. PIPE",,LIN FT,,ne_ndot_english_standard_item_list_2010,true
ne_ndot_version_4803.15_current,ne_ndot_4803.15,,,"15"" P.V.C. PIPE",,LIN FT,,ne_ndot_english_standard_item_list_2010,true
ne_ndot_version_4803.18_current,ne_ndot_4803.18,,,"18"" P.V.C. PIPE",,LIN FT,,ne_ndot_english_standard_item_list_2010,true
ne_ndot_version_4804.02_current,ne_ndot_4804.02,,,"2"" P.V.C. CASING",,LIN FT,,ne_ndot_english_standard_item_list_2010,true
ne_ndot_version_4804.04_current,ne_ndot_4804.04,,,"4"" CASING",,LIN FT,,ne_ndot_english_standard_item_list_2010,true
ne_ndot_version_4804.05_current,ne_ndot_4804.05,,,"4"" CASING (JACKED)",,LIN FT,,ne_ndot_english_standard_item_list_2010,true
ne_ndot_version_4804.08_current,ne_ndot_4804.08,,,"8"" P.V.C. CASING",,LIN FT,,ne_ndot_english_standard_item_list_2010,true
ne_ndot_version_4804.12_current,ne_ndot_4804.12,,,"12"" P.V.C. CASING",,LIN FT,,ne_ndot_english_standard_item_list_2010,true
ne_ndot_version_4805.04_current,ne_ndot_4805.04,,,"4"" STEEL CASING",,LIN FT,,ne_ndot_english_standard_item_list_2010,true
ne_ndot_version_4805.08_current,ne_ndot_4805.08,,,"8"" STEEL CASING",,LIN FT,,ne_ndot_english_standard_item_list_2010,true
ne_ndot_version_4805.10_current,ne_ndot_4805.10,,,"10"" STEEL CASING",,LIN FT,,ne_ndot_english_standard_item_list_2010,true
ne_ndot_version_4805.12_current,ne_ndot_4805.12,,,"12"" STEEL CASING",,LIN FT,,ne_ndot_english_standard_item_list_2010,true
ne_ndot_version_4805.14_current,ne_ndot_4805.14,,,"14"" STEEL CASING",,LIN FT,,ne_ndot_english_standard_item_list_2010,true
ne_ndot_version_4805.15_historical,ne_ndot_4805.15,,,"CONSTRUCT 14"" STEEL CASING",,LF,,ne_ndot_aup_july_june_2022_2023,false
ne_ndot_version_4805.16_current,ne_ndot_4805.16,,,"16"" STEEL CASING",,LIN FT,,ne_ndot_english_standard_item_list_2010,true
ne_ndot_version_4805.17_historical,ne_ndot_4805.17,,,"15"" STEEL CASING",,LF,,ne_ndot_aup_july_june_2023_2024,false
ne_ndot_version_4805.18_current,ne_ndot_4805.18,,,"18"" STEEL CASING",,LIN FT,,ne_ndot_english_standard_item_list_2010,true
ne_ndot_version_4805.20_current,ne_ndot_4805.20,,,"20"" STEEL CASING",,LIN FT,,ne_ndot_english_standard_item_list_2010,true
ne_ndot_version_4805.22_current,ne_ndot_4805.22,,,"22"" STEEL CASING",,LIN FT,,ne_ndot_english_standard_item_list_2010,true
ne_ndot_version_4805.24_current,ne_ndot_4805.24,,,"24"" STEEL CASING",,LIN FT,,ne_ndot_english_standard_item_list_2010,true
ne_ndot_version_4805.26_current,ne_ndot_4805.26,,,"26"" STEEL CASING",,LIN FT,,ne_ndot_english_standard_item_list_2010,true
ne_ndot_version_4805.27_historical,ne_ndot_4805.27,,,"CONSTRUCT 26"" STEEL CASING",,LF,,ne_ndot_aup_july_june_2022_2023,false
ne_ndot_version_4805.28_current,ne_ndot_4805.28,,,"28"" STEEL CASING",,LIN FT,,ne_ndot_english_standard_item_list_2010,true
ne_ndot_version_4805.30_current,ne_ndot_4805.30,,,"30"" STEEL CASING",,LIN FT,,ne_ndot_english_standard_item_list_2010,true
ne_ndot_version_4805.36_current,ne_ndot_4805.36,,,"36"" STEEL CASING",,LIN FT,,ne_ndot_english_standard_item_list_2010,true
ne_ndot_version_4805.38_current,ne_ndot_4805.38,,,"38"" STEEL CASING",,LIN FT,,ne_ndot_english_standard_item_list_2010,true
ne_ndot_version_4805.42_current,ne_ndot_4805.42,,,"42"" STEEL CASING",,LIN FT,,ne_ndot_english_standard_item_list_2010,true
ne_ndot_version_4805.46_current,ne_ndot_4805.46,,,"46"" STEEL CASING",,LIN FT,,ne_ndot_english_standard_item_list_2010,true
ne_ndot_version_4805.48_current,ne_ndot_4805.48,,,"48"" STEEL CASING",,LIN FT,,ne_ndot_english_standard_item_list_2010,true
ne_ndot_version_4805.60_current,ne_ndot_4805.60,,,"60"" STEEL CASING",,LIN FT,,ne_ndot_english_standard_item_list_2010,true
ne_ndot_version_4806.20_current,ne_ndot_4806.20,,,REMOVE AND RESET TRANSITION,,EACH,,ne_ndot_english_standard_item_list_2010,true
ne_ndot_version_4806.21_current,ne_ndot_4806.21,,,REMOVE AND RESET CONCRETE DITCH CHECK,,EACH,,ne_ndot_english_standard_item_list_2010,true
ne_ndot_version_4806.22_current,ne_ndot_4806.22,,,REMOVE AND RESET CONTROL GATE,,EACH,,ne_ndot_english_standard_item_list_2010,true
ne_ndot_version_4807.00_current,ne_ndot_4807.00,,,LATERAL TURNOUT,,EACH,,ne_ndot_english_standard_item_list_2010,true
ne_ndot_version_4808.08_historical,ne_ndot_4808.08,,,"BORING 12"" PVC CASING",,LF,,ne_ndot_aup_calendar_2019,false
ne_ndot_version_4808.10_historical,ne_ndot_4808.10,,,"BORING 10"" STEEL CASING",,LF,,ne_ndot_aup_july_june_2018_2019,false
ne_ndot_version_4808.12_current,ne_ndot_4808.12,,,"BORING 12"" STEEL CASING",,LIN FT,,ne_ndot_english_standard_item_list_2010,true
ne_ndot_version_4808.14_current,ne_ndot_4808.14,,,"BORING 14"" STEEL CASING",,LIN FT,,ne_ndot_english_standard_item_list_2010,true
ne_ndot_version_4808.16_current,ne_ndot_4808.16,,,"BORING 16"" STEEL CASING",,LIN FT,,ne_ndot_english_standard_item_list_2010,true
ne_ndot_version_4808.17_current,ne_ndot_4808.17,,,"BORING 18"" STEEL CASING",,LIN FT,,ne_ndot_english_standard_item_list_2010,true
ne_ndot_version_4808.18_current,ne_ndot_4808.18,,,"INSTALL 18"" STEEL CASING",,LIN FT,,ne_ndot_english_standard_item_list_2010,true
ne_ndot_version_4808.19_historical,ne_ndot_4808.19,,,"BORING 20"" STEEL CASING",,LF,,ne_ndot_aup_calendar_2024,false
ne_ndot_version_4808.20_current,ne_ndot_4808.20,,,"INSTALL 20"" STELL CASING",,LIN FT,,ne_ndot_english_standard_item_list_2010,true
ne_ndot_version_4809.00_historical,ne_ndot_4809.00,,,"JACKING 12"" SANITARY SEWER PIPE",,LF,,ne_ndot_aup_calendar_2018,false
ne_ndot_version_4810.12_current,ne_ndot_4810.12,,,"JACKING 12"" STEEL CASING PIPE",,LIN FT,731.00,ne_ndot_english_standard_item_list_2010,true
ne_ndot_version_4810.14_current,ne_ndot_4810.14,,,"JACKING 14"" STEEL CASING PIPE",,LIN FT,731.00,ne_ndot_english_standard_item_list_2010,true
ne_ndot_version_4810.16_current,ne_ndot_4810.16,,,"JACKING 16"" STEEL CASING PIPE",,LIN FT,731.00,ne_ndot_english_standard_item_list_2010,true
ne_ndot_version_4810.18_current,ne_ndot_4810.18,,,"JACKING 18"" STEEL CASING PIPE",,LIN FT,731.00,ne_ndot_english_standard_item_list_2010,true
ne_ndot_version_4810.22_current,ne_ndot_4810.22,,,"JACKING 22"" STEEL CASING PIPE",,LIN FT,731.00,ne_ndot_english_standard_item_list_2010,true
ne_ndot_version_4810.24_current,ne_ndot_4810.24,,,"JACKING 24"" STEEL CASING PIPE",,LIN FT,731.00,ne_ndot_english_standard_item_list_2010,true
ne_ndot_version_4810.28_current,ne_ndot_4810.28,,,"JACKING 28"" STEEL CASING PIPE",,LIN FT,731.00,ne_ndot_english_standard_item_list_2010,true
ne_ndot_version_4810.30_current,ne_ndot_4810.30,,,"JACKING 30"" STEEL CASING PIPE",,LIN FT,731.00,ne_ndot_english_standard_item_list_2010,true
ne_ndot_version_4810.34_current,ne_ndot_4810.34,,,"JACKING 34"" STEEL CASING PIPE",,LIN FT,731.00,ne_ndot_english_standard_item_list_2010,true
ne_ndot_version_4810.36_current,ne_ndot_4810.36,,,"JACKING 36"" STEEL CASING PIPE",,LIN FT,731.00,ne_ndot_english_standard_item_list_2010,true
ne_ndot_version_4810.42_current,ne_ndot_4810.42,,,"JACKING 42"" STEEL CASING PIPE",,LIN FT,731.00,ne_ndot_english_standard_item_list_2010,true
ne_ndot_version_4810.46_current,ne_ndot_4810.46,,,"JACKING 46"" STEEL CASING PIPE",,LIN FT,,ne_ndot_english_standard_item_list_2010,true
ne_ndot_version_4810.48_current,ne_ndot_4810.48,,,"JACKING 48"" STEEL CASING PIPE",,LIN FT,731.00,ne_ndot_english_standard_item_list_2010,true
ne_ndot_version_4810.60_current,ne_ndot_4810.60,,,"JACKING 48"" STEEL CASING",,LIN FT,,ne_ndot_english_standard_item_list_2010,true
ne_ndot_version_4810.62_current,ne_ndot_4810.62,,,"JACKING 60"" STEEL CASING PIPE",,LIN FT,731.00,ne_ndot_english_standard_item_list_2010,true
ne_ndot_version_4815.30_current,ne_ndot_4815.30,,,"JACKING 30"" STEEL PIPE",,LIN FT,,ne_ndot_english_standard_item_list_2010,true
ne_ndot_version_4815.96_current,ne_ndot_4815.96,,,"JACKING 96"" STEEL PIPE",,LIN FT,,ne_ndot_english_standard_item_list_2010,true
ne_ndot_version_4820.08_current,ne_ndot_4820.08,,,"JACKING 8"" REINFORCED CONCRETE SEWER PIPE",,LIN FT,731.00,ne_ndot_english_standard_item_list_2010,true
ne_ndot_version_4820.15_current,ne_ndot_4820.15,,,"JACKING 15"" REINFORCED CONCRETE SEWER PIPE",,LIN FT,731.00,ne_ndot_english_standard_item_list_2010,true
ne_ndot_version_4820.18_current,ne_ndot_4820.18,,,"JACKING 18"" REINFORCED CONCRETE SEWER PIPE",,LIN FT,731.00,ne_ndot_english_standard_item_list_2010,true
ne_ndot_version_4820.21_current,ne_ndot_4820.21,,,"JACKING 21"" REINFORCED CONCRETE SEWER PIPE",,LIN FT,731.00,ne_ndot_english_standard_item_list_2010,true
ne_ndot_version_4820.24_current,ne_ndot_4820.24,,,"JACKING 24"" REINFORCED CONCRETE SEWER PIPE",,LIN FT,731.00,ne_ndot_english_standard_item_list_2010,true
ne_ndot_version_4820.36_current,ne_ndot_4820.36,,,"JACKING 36"" REINFORCED CONCRETE SEWER PIPE",,LIN FT,731.00,ne_ndot_english_standard_item_list_2010,true
ne_ndot_version_4820.48_current,ne_ndot_4820.48,,,"JACKING 48"" REINFORCED CONCRETE SEWER PIPE",,LIN FT,731.00,ne_ndot_english_standard_item_list_2010,true
ne_ndot_version_4820.54_current,ne_ndot_4820.54,,,"JACKING 54"" REINFORCED CONCRETE SEWER PIPE",,LIN FT,731.00,ne_ndot_english_standard_item_list_2010,true
ne_ndot_version_4820.60_current,ne_ndot_4820.60,,,"JACKING 60"" REINFORCED CONCRETE SEWER PIPE",,LIN FT,731.00,ne_ndot_english_standard_item_list_2010,true
ne_ndot_version_4822.15_current,ne_ndot_4822.15,,,"JACKING 15"" REINFORCED CONCRETE SEWER PIPE, CLASS IV",,LIN FT,,ne_ndot_english_standard_item_list_2010,true
ne_ndot_version_4822.18_current,ne_ndot_4822.18,,,"JACKING 18"" REINFORCED CONCRETE SEWER PIPE, CLASS IV",,LIN FT,,ne_ndot_english_standard_item_list_2010,true
ne_ndot_version_4822.24_current,ne_ndot_4822.24,,,"JACKING 24"" REINFORCED CONCRETE SEWER PIPE, CLASS IV",,LIN FT,,ne_ndot_english_standard_item_list_2010,true
ne_ndot_version_4822.30_current,ne_ndot_4822.30,,,"JACKING 30"" REINFORCED CONCRETE SEWER PIPE, CLASS IV",,LIN FT,,ne_ndot_english_standard_item_list_2010,true
ne_ndot_version_4822.36_current,ne_ndot_4822.36,,,"JACKING 36"" REINFORCED CONCRETE SEWER PIPE, CLASS IV",,LIN FT,,ne_ndot_english_standard_item_list_2010,true
ne_ndot_version_4822.42_current,ne_ndot_4822.42,,,"JACKING 42"" REINFORCED CONCRETE SEWER PIPE, CLASS IV",,LIN FT,729.00,ne_ndot_english_standard_item_list_2010,true
ne_ndot_version_4822.48_current,ne_ndot_4822.48,,,"JACKING 48"" REINFORCED CONCRETE SEWER PIPE, CLASS IV",,LIN FT,,ne_ndot_english_standard_item_list_2010,true
ne_ndot_version_4822.54_current,ne_ndot_4822.54,,,"JACKING 54"" REINFORCED CONCRETE SEWER PIPE, CLASS IV",,LIN FT,729.00,ne_ndot_english_standard_item_list_2010,true
ne_ndot_version_4822.72_current,ne_ndot_4822.72,,,"JACKING 72"" REINFORCED CONCRETE SEWER PIPE, CLASS IV",,LIN FT,729.00,ne_ndot_english_standard_item_list_2010,true
ne_ndot_version_4823.15_current,ne_ndot_4823.15,,,"JACKING 15"" REINFORCED CONCRETE SEWER PIPE, CLASS V",,LIN FT,,ne_ndot_english_standard_item_list_2010,true
ne_ndot_version_4823.18_current,ne_ndot_4823.18,,,"JACKING 18"" REINFORCED CONCRETE SEWER PIPE, CLASS V",,LIN FT,,ne_ndot_english_standard_item_list_2010,true
ne_ndot_version_4823.24_current,ne_ndot_4823.24,,,"JACKING 24"" REINFORCED CONCRETE SEWER PIPE, CLASS V",,LIN FT,,ne_ndot_english_standard_item_list_2010,true
ne_ndot_version_4823.30_current,ne_ndot_4823.30,,,"JACKING 30"" REINFORCED CONCRETE SEWER PIPE, CLASS V",,LIN FT,,ne_ndot_english_standard_item_list_2010,true
ne_ndot_version_4823.36_current,ne_ndot_4823.36,,,"JACKING 36"" REINFORCED CONCRETE SEWER PIPE, CLASS V",,LIN FT,,ne_ndot_english_standard_item_list_2010,true
ne_ndot_version_4823.42_current,ne_ndot_4823.42,,,"JACKING 42"" REINFORCED CONCRETE SEWER PIPE, CLASS V",,LIN FT,,ne_ndot_english_standard_item_list_2010,true
ne_ndot_version_4823.48_current,ne_ndot_4823.48,,,"JACKING 48"" REINFORCED CONCRETE SEWER PIPE, CLASS V",,LIN FT,,ne_ndot_english_standard_item_list_2010,true
ne_ndot_version_4823.54_current,ne_ndot_4823.54,,,"JACKING 54"" REINFORCED CONCRETE SEWER PIPE, CLASS V",,LIN FT,,ne_ndot_english_standard_item_list_2010,true
ne_ndot_version_4823.84_current,ne_ndot_4823.84,,,"JACKING 84"" REINFORCED CONCRETE SEWER PIPE, CLASS V",,LIN FT,,ne_ndot_english_standard_item_list_2010,true
ne_ndot_version_4824.02_current,ne_ndot_4824.02,,,"JACKING 102"" REINFORCED CONCRETE SEWER PIPE, CLASS V",,LIN FT,,ne_ndot_english_standard_item_list_2010,true
ne_ndot_version_4825.30_current,ne_ndot_4825.30,,,"JACKING 30"" ROUUND EQUIVALENT REINFORCED CONCRETE SEWER PIPE",,LIN FT,731.00,ne_ndot_english_standard_item_list_2010,true
ne_ndot_version_4825.42_current,ne_ndot_4825.42,,,"JACKING 42"" ROUND EQUIVALENT REINFORCED CONCRETE SEWER PIPE",,LIN FT,731.00,ne_ndot_english_standard_item_list_2010,true
ne_ndot_version_4825.54_current,ne_ndot_4825.54,,,"JACKING 54"" ROUND EQUIVALENT REINFORCED CONCRETE SEWER PIPE",,LIN FT,731.00,ne_ndot_english_standard_item_list_2010,true
ne_ndot_version_4826.54_current,ne_ndot_4826.54,,,"JACKING 54"" ROUND EQUIVALENT REINFORCED CONCRETE PIPE",,LIN FT,731.00,ne_ndot_english_standard_item_list_2010,true
ne_ndot_version_4829.24_current,ne_ndot_4829.24,,,"JACKING 24"" REINFORCED CONCRETE PIPE",,LIN FT,731.00,ne_ndot_english_standard_item_list_2010,true
ne_ndot_version_4829.30_current,ne_ndot_4829.30,,,"JACKING 30"" REINFORCED CONCRETE PIPE",,LIN FT,731.00,ne_ndot_english_standard_item_list_2010,true
ne_ndot_version_4829.36_current,ne_ndot_4829.36,,,"JACKING 36"" REINFORCED CONCRETE PIPE",,LIN FT,731.00,ne_ndot_english_standard_item_list_2010,true
ne_ndot_version_4829.42_current,ne_ndot_4829.42,,,"JACKING 42"" REINFORCED CONCRETE PIPE",,LIN FT,731.00,ne_ndot_english_standard_item_list_2010,true
ne_ndot_version_4829.48_current,ne_ndot_4829.48,,,"JACKING 48"" REINFORCED CONCRETE PIPE",,LIN FT,731.00,ne_ndot_english_standard_item_list_2010,true
ne_ndot_version_4829.54_current,ne_ndot_4829.54,,,"JACKING 54"" REINFORCED CONCRETE PIPE",,LIN FT,731.00,ne_ndot_english_standard_item_list_2010,true
ne_ndot_version_4830.15_current,ne_ndot_4830.15,,,"JACKING 15"" REINFORCED CONCRETE PIPE CLASS IV",,LIN FT,,ne_ndot_english_standard_item_list_2010,true
ne_ndot_version_4830.18_current,ne_ndot_4830.18,,,"JACKING 18"" REINFORCED CONCRETE PIPE CLASS IV",,LIN FT,731.00,ne_ndot_english_standard_item_list_2010,true
ne_ndot_version_4830.24_current,ne_ndot_4830.24,,,"JACKING 24"" REINFORCED CONCRETE PIPE CLASS IV",,LIN FT,,ne_ndot_english_standard_item_list_2010,true
ne_ndot_version_4830.30_current,ne_ndot_4830.30,,,"JACKING 30"" REINFORCED CONCRETE PIPE CLASS IV",,LIN FT,,ne_ndot_english_standard_item_list_2010,true
ne_ndot_version_4830.36_current,ne_ndot_4830.36,,,"JACKING 36"" REINFORCED CONCRETE PIPE CLASS IV",,LIN FT,,ne_ndot_english_standard_item_list_2010,true
ne_ndot_version_4830.42_current,ne_ndot_4830.42,,,"JACKING 42"" REINFORCED CONCRETE PIPE CLASS IV",,LIN FT,,ne_ndot_english_standard_item_list_2010,true
ne_ndot_version_4830.48_current,ne_ndot_4830.48,,,"JACKING 48"" REINFORCED CONCRETE PIPE, CLASS IV",,LIN FT,,ne_ndot_english_standard_item_list_2010,true
ne_ndot_version_4830.54_current,ne_ndot_4830.54,,,"JACKING 54"" REINFORCED CONCRETE PIPE CLASS IV",,LIN FT,,ne_ndot_english_standard_item_list_2010,true
ne_ndot_version_4830.60_current,ne_ndot_4830.60,,,"JACKING 60"" REINFORCED CONCRETE PIPE, CLASS IV",,LIN FT,,ne_ndot_english_standard_item_list_2010,true
ne_ndot_version_4830.66_current,ne_ndot_4830.66,,,"JACKING 66"" REINFORCED CONCRETE PIPE, CLASS IV",,LIN FT,,ne_ndot_english_standard_item_list_2010,true
ne_ndot_version_4830.72_current,ne_ndot_4830.72,,,"JACKING 72"" REINFORCED CONCRETE PIPE, CLASS IV",,LIN FT,,ne_ndot_english_standard_item_list_2010,true
ne_ndot_version_4830.84_current,ne_ndot_4830.84,,,"JACKING 84"" REINFORCED CONCRETE PIPE CLASS IV",,LIN FT,,ne_ndot_english_standard_item_list_2010,true
ne_ndot_version_4831.15_current,ne_ndot_4831.15,,,"JACKING 15"" REINFORCED CONCRETE PIPE CLASS V",,LIN FT,,ne_ndot_english_standard_item_list_2010,true
ne_ndot_version_4831.18_current,ne_ndot_4831.18,,,"JACKING 18"" REINFORCED CONCRETE PIPE CLASS V",,LIN FT,,ne_ndot_english_standard_item_list_2010,true
ne_ndot_version_4831.24_current,ne_ndot_4831.24,,,"JACKING 24"" REINFORCED CONCRETE PIPE CLASS V",,LIN FT,,ne_ndot_english_standard_item_list_2010,true
ne_ndot_version_4831.30_current,ne_ndot_4831.30,,,"JACKING 30"" REINFORCED CONCRETE PIPE CLASS V",,LIN FT,,ne_ndot_english_standard_item_list_2010,true
ne_ndot_version_4831.36_current,ne_ndot_4831.36,,,"JACKING 36"" REINFORCED CONCRETE PIPE CLASS V",,LIN FT,,ne_ndot_english_standard_item_list_2010,true
ne_ndot_version_4831.42_current,ne_ndot_4831.42,,,"JACKING 42"" REINFORCED CONCRETE PIPE CLASS V",,LIN FT,,ne_ndot_english_standard_item_list_2010,true
ne_ndot_version_4831.48_current,ne_ndot_4831.48,,,"JACKING 48"" REINFORCED CONCRETE PIPE CLASS V",,LIN FT,,ne_ndot_english_standard_item_list_2010,true
ne_ndot_version_4831.54_current,ne_ndot_4831.54,,,"JACKING 54"" REINFORCED CONCRETE PIPE CLASS V",,LIN FT,,ne_ndot_english_standard_item_list_2010,true
ne_ndot_version_4831.72_current,ne_ndot_4831.72,,,"JACKING 72"" REINFORCED CONCRETE PIPE CLASS V",,LIN FT,,ne_ndot_english_standard_item_list_2010,true
ne_ndot_version_4840.12_current,ne_ndot_4840.12,,,"JACKING 12"" CORRUGATED METAL PIPE",,LIN FT,731.00,ne_ndot_english_standard_item_list_2010,true
ne_ndot_version_4840.30_current,ne_ndot_4840.30,,,"JACKING 30"" CORRUGATED METAL PIPE",,LIN FT,731.00,ne_ndot_english_standard_item_list_2010,true
ne_ndot_version_4850.15_current,ne_ndot_4850.15,,,"JACKING 15"" CULVERT PIPE, TYPE",,LIN FT,,ne_ndot_english_standard_item_list_2010,true
ne_ndot_version_4850.18_current,ne_ndot_4850.18,,,"JACKING 18"" CULVERT PIPE, TYPE",,LIN FT,,ne_ndot_english_standard_item_list_2010,true
ne_ndot_version_4850.24_current,ne_ndot_4850.24,,,"JACKING 24"" CULVERT PIPE, TYPE",,LIN FT,731.00,ne_ndot_english_standard_item_list_2010,true
ne_ndot_version_4850.30_current,ne_ndot_4850.30,,,"JACKING 30"" CULVERT PIPE, TYPE",,LIN FT,731.00,ne_ndot_english_standard_item_list_2010,true
ne_ndot_version_4850.36_current,ne_ndot_4850.36,,,"JACKING 36"" CULVERT PIPE, TYPE",,LIN FT,731.00,ne_ndot_english_standard_item_list_2010,true
ne_ndot_version_4850.42_current,ne_ndot_4850.42,,,"JACKING 42"" CULVERT PIPE, TYPE",,LIN FT,731.00,ne_ndot_english_standard_item_list_2010,true
ne_ndot_version_4850.48_current,ne_ndot_4850.48,,,"JACKING 48"" CULVERT PIPE, TYPE",,LIN FT,,ne_ndot_english_standard_item_list_2010,true
ne_ndot_version_4850.54_current,ne_ndot_4850.54,,,"JACKING 54"" CULVERT PIPE, TYPE",,LIN FT,731.00,ne_ndot_english_standard_item_list_2010,true
ne_ndot_version_4850.55_current,ne_ndot_4850.55,,,"JACKING 54"" CULVERT PIPE, TYPE",,LIN FT,,ne_ndot_english_standard_item_list_2010,true
ne_ndot_version_4850.60_current,ne_ndot_4850.60,,,"JACKING 60"" CULVERT PIPE, TYPE",,LIN FT,,ne_ndot_english_standard_item_list_2010,true
ne_ndot_version_4850.66_current,ne_ndot_4850.66,,,"JACKING 66"" CULVERT PIPE, TYPE",,LIN FT,731.00,ne_ndot_english_standard_item_list_2010,true
ne_ndot_version_4850.72_current,ne_ndot_4850.72,,,"JACKING 72"" CULVERT PIPE, TYPE",,LIN FT,731.00,ne_ndot_english_standard_item_list_2010,true
ne_ndot_version_4850.84_current,ne_ndot_4850.84,,,"JACKING 84"" CULVERT PIPE, TYPE",,LIN FT,731.00,ne_ndot_english_standard_item_list_2010,true
ne_ndot_version_4851.08_current,ne_ndot_4851.08,,,"JACKING 108"" CULVERT PIPE, TYPE",,LIN FT,731.00,ne_ndot_english_standard_item_list_2010,true
ne_ndot_version_4852.15_current,ne_ndot_4852.15,,,"JACKING 15"" STORM SEWER PIPE, TYPE",,LIN FT,,ne_ndot_english_standard_item_list_2010,true
ne_ndot_version_4852.18_current,ne_ndot_4852.18,,,"JACKING 18"" STORM SEWER PIPE, TYPE",,LIN FT,,ne_ndot_english_standard_item_list_2010,true
ne_ndot_version_4852.24_current,ne_ndot_4852.24,,,"JACKING 24"" STORM SEWER PIPE, TYPE",,LIN FT,,ne_ndot_english_standard_item_list_2010,true
ne_ndot_version_4852.30_current,ne_ndot_4852.30,,,"JACKING 30"" STORM SEWER PIPE, TYPE",,LIN FT,,ne_ndot_english_standard_item_list_2010,true
ne_ndot_version_4852.36_current,ne_ndot_4852.36,,,"JACKING 36"" STORM SEWER PIPE, TYPE",,LIN FT,,ne_ndot_english_standard_item_list_2010,true
ne_ndot_version_4852.42_current,ne_ndot_4852.42,,,"JACKING 42"" STORM SEWER PIPE, TYPE",,LIN FT,,ne_ndot_english_standard_item_list_2010,true
ne_ndot_version_4852.48_current,ne_ndot_4852.48,,,"JACKING 48"" STORM SEWER PIPE, TYPE",,LIN FT,,ne_ndot_english_standard_item_list_2010,true
ne_ndot_version_4852.54_current,ne_ndot_4852.54,,,"JACKING 54"" STORM SEWER PIPE, TYPE",,LIN FT,,ne_ndot_english_standard_item_list_2010,true
ne_ndot_version_4852.60_current,ne_ndot_4852.60,,,"JACKING 60"" STORM SEWER PIPE, TYPE",,LIN FT,,ne_ndot_english_standard_item_list_2010,true
ne_ndot_version_4852.66_current,ne_ndot_4852.66,,,"JACKING 66"" STORM SEWER PIPE, TYPE",,LIN FT,,ne_ndot_english_standard_item_list_2010,true
ne_ndot_version_4852.72_current,ne_ndot_4852.72,,,"JACKING 72"" STORM SEWER PIPE, TYPE",,LIN FT,,ne_ndot_english_standard_item_list_2010,true
ne_ndot_version_4860.24_current,ne_ndot_4860.24,,,"JACKING 24"" CULVERT PIPE, TYPE 2",,LIN FT,,ne_ndot_english_standard_item_list_2010,true
ne_ndot_version_4860.36_current,ne_ndot_4860.36,,,"JACKING 36"" CULVERT PIPE, TYPE 2",,LIN FT,,ne_ndot_english_standard_item_list_2010,true
ne_ndot_version_4860.42_current,ne_ndot_4860.42,,,"JACKING 42"" CULVERT PIPE, TYPE 2",,LIN FT,,ne_ndot_english_standard_item_list_2010,true
ne_ndot_version_4860.48_current,ne_ndot_4860.48,,,"JACKING 48"" CULVERT PIPE, TYPE 2",,LIN FT,,ne_ndot_english_standard_item_list_2010,true
ne_ndot_version_4870.15_current,ne_ndot_4870.15,,,"JACKING 15"" STORM SEWER PIPE, TYPE 1 CLASS IV",,LIN FT,,ne_ndot_english_standard_item_list_2010,true
ne_ndot_version_4875.18_current,ne_ndot_4875.18,,,"JACKING 18"" STORM SEWER PIPE, TYPE 1 CLASS IV",,LIN FT,,ne_ndot_english_standard_item_list_2010,true
ne_ndot_version_4875.24_current,ne_ndot_4875.24,,,"JACKING 24"" STORM SEWER PIPE, TYPE 1 CLASS IV",,LIN FT,,ne_ndot_english_standard_item_list_2010,true
ne_ndot_version_4875.30_current,ne_ndot_4875.30,,,"JACKING 30"" STORM SEWER PIPE, TYPE 1 CLASS IV",,LIN FT,,ne_ndot_english_standard_item_list_2010,true
ne_ndot_version_4875.36_current,ne_ndot_4875.36,,,"JACKING 36"" STORM SEWER PIPE, TYPE 1, CLASS IV",,LIN FT,,ne_ndot_english_standard_item_list_2010,true
ne_ndot_version_4875.42_current,ne_ndot_4875.42,,,"JACKING 42"" STORM SEWER PIPE, TYPE 1 CLASS IV",,LIN FT,,ne_ndot_english_standard_item_list_2010,true
ne_ndot_version_4875.48_current,ne_ndot_4875.48,,,"JACKING 48"" STORM SEWER PIPE, TYPE 1 CLASS IV",,LIN FT,,ne_ndot_english_standard_item_list_2010,true
ne_ndot_version_4875.54_current,ne_ndot_4875.54,,,"JACKING 54"" STORM SEWER PIPE, TYPE 1 CLASS IV",,LIN FT,,ne_ndot_english_standard_item_list_2010,true
ne_ndot_version_4876.48_historical,ne_ndot_4876.48,,,"JACKING 48"" STORM SEWER PIPE, TYPE 1 CLASS V",,LF,,ne_ndot_aup_calendar_2021,false
ne_ndot_version_4876.54_historical,ne_ndot_4876.54,,,"JACKING 54"" STORM SEWER PIPE, TYPE 1 CLASS V",,LF,,ne_ndot_aup_july_june_2017_2018,false
ne_ndot_version_4880.12_current,ne_ndot_4880.12,,,"JACKING 12"" CULVERT PIPE, TYPE 2 CLASS IV",,LIN FT,,ne_ndot_english_standard_item_list_2010,true
ne_ndot_version_4880.15_historical,ne_ndot_4880.15,,,"JACKING 15"" CULVERT PIPE, TYPE 2 CLASS IV",,LF,,ne_ndot_aup_calendar_2019,false
ne_ndot_version_4880.18_historical,ne_ndot_4880.18,,,"JACKING 18"" CULVERT PIPE, TYPE 2 CLASS IV",,LF,,ne_ndot_aup_july_june_2025_2026,false
ne_ndot_version_4880.24_current,ne_ndot_4880.24,,,"JACKING 24"" CULVERT PIPE, TYPE 2 CLASS IV",,LIN FT,,ne_ndot_english_standard_item_list_2010,true
ne_ndot_version_4880.30_current,ne_ndot_4880.30,,,"JACKING 30"" CULVERT PIPE, TYPE 2 CLASS IV",,LIN FT,,ne_ndot_english_standard_item_list_2010,true
ne_ndot_version_4880.36_current,ne_ndot_4880.36,,,"JACKING 36"" CULVERT PIPE, TYPE 2 CLASS IV",,LIN FT,,ne_ndot_english_standard_item_list_2010,true
ne_ndot_version_4880.42_current,ne_ndot_4880.42,,,"JACKING 42"" CULVERT PIPE, TYPE 2 CLASS IV",,LIN FT,,ne_ndot_english_standard_item_list_2010,true
ne_ndot_version_4880.48_current,ne_ndot_4880.48,,,"JACKING 48"" CULVERT PIPE, TYPE 2 CLASS IV",,LIN FT,,ne_ndot_english_standard_item_list_2010,true
ne_ndot_version_4880.54_current,ne_ndot_4880.54,,,"JACKING 54"" CULVERT PIPE, TYPE 2 CLASS IV",,LIN FT,,ne_ndot_english_standard_item_list_2010,true
ne_ndot_version_4880.60_current,ne_ndot_4880.60,,,"JACKING 60"" CULVERT PIPE, TYPE 2 CLASS IV",,LIN FT,,ne_ndot_english_standard_item_list_2010,true
ne_ndot_version_4880.66_current,ne_ndot_4880.66,,,"JACKING 66"" CULVERT PIPE, TYPE 2 CLASS IV",,LIN FT,,ne_ndot_english_standard_item_list_2010,true
ne_ndot_version_4880.72_current,ne_ndot_4880.72,,,"JACKING 72"" CULVERT PIPE, TYPE 2 CLASS IV",,LIN FT,,ne_ndot_english_standard_item_list_2010,true
ne_ndot_version_4880.84_current,ne_ndot_4880.84,,,"JACKING 84"" CULVERT PIPE, TYPE 2 CLASS IV",,LIN FT,,ne_ndot_english_standard_item_list_2010,true
ne_ndot_version_4885.42_current,ne_ndot_4885.42,,,"JACKING 42"" CULVERT PIPE, TYPE 2 CLASS V",,LIN FT,,ne_ndot_english_standard_item_list_2010,true
ne_ndot_version_4885.48_current,ne_ndot_4885.48,,,"JACKING 48"" CULVERT PIPE, TYPE 2 CLASS V",,LIN FT,,ne_ndot_english_standard_item_list_2010,true
ne_ndot_version_4885.78_current,ne_ndot_4885.78,,,"JACKING 78"" CULVERT PIPE, TYPE 2 CLASS V",,LIN FT,,ne_ndot_english_standard_item_list_2010,true
ne_ndot_version_4890.24_current,ne_ndot_4890.24,,,"JACKING 24"" ROUND EQUIVALENT CULVERT PIPE, TYPE 2, CLASS IV",,LIN FT,,ne_ndot_english_standard_item_list_2010,true
ne_ndot_version_4890.30_current,ne_ndot_4890.30,,,"JACKING 30"" ROUND EQUIVALENT CULVERT PIPE, TYPE 2 CLASS IV",,LIN FT,,ne_ndot_english_standard_item_list_2010,true
ne_ndot_version_4890.36_current,ne_ndot_4890.36,,,"JACKING 36"" ROUND EQUIVALENT CULVERT PIPE, TYPE 2 CLASS IV",,LIN FT,,ne_ndot_english_standard_item_list_2010,true
ne_ndot_version_4890.42_current,ne_ndot_4890.42,,,"JACKING 42"" ROUND EQUIVALENT CULVERT PIPE, TYPE 2, CLASS IV",,LIN FT,,ne_ndot_english_standard_item_list_2010,true
ne_ndot_version_4890.48_historical,ne_ndot_4890.48,,,"JACKING 48"" ROUND EQUIVALENT CULVERT PIPE, TYPE 2, CLASS IV",,LF,,ne_ndot_aup_july_june_2019_2020,false
ne_ndot_version_4900.05_current,ne_ndot_4900.05,,,CURED IN PLACE PIPE,,LIN FT,,ne_ndot_english_standard_item_list_2010,true
ne_ndot_version_4900.10_current,ne_ndot_4900.10,,,GASKET,,EACH,,ne_ndot_english_standard_item_list_2010,true
ne_ndot_version_4900.11_current,ne_ndot_4900.11,,,CONCRETE CULVERT REPAIR,,SQ YD,,ne_ndot_english_standard_item_list_2010,true
ne_ndot_version_4900.12_current,ne_ndot_4900.12,,,SHOTCRETE REPAIR,,SQ YD,,ne_ndot_english_standard_item_list_2010,true
ne_ndot_version_4900.13_current,ne_ndot_4900.13,,,SHOTCRETE,,SQ YD,,ne_ndot_english_standard_item_list_2010,true
ne_ndot_version_4900.15_current,ne_ndot_4900.15,,,STEEL DIAPHRAGM,,EACH,,ne_ndot_english_standard_item_list_2010,true
ne_ndot_version_4900.20_current,ne_ndot_4900.20,,,STILLING BASIN,,EACH,,ne_ndot_english_standard_item_list_2010,true
ne_ndot_version_4900.21_current,ne_ndot_4900.21,,,CATCH BASIN,,EACH,,ne_ndot_english_standard_item_list_2010,true
ne_ndot_version_4900.23_historical,ne_ndot_4900.23,,,IMPACT STILLING BASIN,,EACH,,ne_ndot_aup_july_june_2020_2021,false
ne_ndot_version_4900.24_current,ne_ndot_4900.24,,,AREA INLET SEDIMENT FILTER,,EACH,,ne_ndot_english_standard_item_list_2010,true
ne_ndot_version_4900.25_current,ne_ndot_4900.25,,,CURB INLET SEDIMENT FILTER,,EACH,,ne_ndot_english_standard_item_list_2010,true
ne_ndot_version_4900.26_current,ne_ndot_4900.26,,,CONCRETE HEADWALL,,EACH,,ne_ndot_english_standard_item_list_2010,true
ne_ndot_version_4900.27_current,ne_ndot_4900.27,,,CURB INLET SEDIMENT FILTER,,LIN FT,,ne_ndot_english_standard_item_list_2010,true
ne_ndot_version_4900.28_historical,ne_ndot_4900.28,,,STEEL HEADWALL,,EACH,,ne_ndot_aup_july_june_2024_2025,false
ne_ndot_version_4900.31_current,ne_ndot_4900.31,,,ELBOW,,EACH,,ne_ndot_english_standard_item_list_2010,true
ne_ndot_version_4900.33_current,ne_ndot_4900.33,,,REDUCTION,,LUMP SUM,,ne_ndot_english_standard_item_list_2010,true
ne_ndot_version_4900.50_current,ne_ndot_4900.50,,,RETROFITTING,,EACH,,ne_ndot_english_standard_item_list_2010,true
ne_ndot_version_4900.52_historical,ne_ndot_4900.52,,,INSTALL,,EACH,,ne_ndot_aup_july_june_2025_2026,false
ne_ndot_version_4900.53_historical,ne_ndot_4900.53,,,CONNECT,,EACH,,ne_ndot_aup_calendar_2024,false
ne_ndot_version_4900.54_current,ne_ndot_4900.54,,,CONNECT,,EACH,,ne_ndot_english_standard_item_list_2010,true
ne_ndot_version_4900.55_current,ne_ndot_4900.55,,,INSTALL,,EACH,,ne_ndot_english_standard_item_list_2010,true
ne_ndot_version_4900.56_current,ne_ndot_4900.56,,,ADJUST,,EACH,,ne_ndot_english_standard_item_list_2010,true
ne_ndot_version_4900.57_current,ne_ndot_4900.57,,,CONNECT,,LIN FT,,ne_ndot_english_standard_item_list_2010,true
ne_ndot_version_4900.58_current,ne_ndot_4900.58,,,RECONNECT,,EACH,,ne_ndot_english_standard_item_list_2010,true
ne_ndot_version_4900.59_current,ne_ndot_4900.59,,,REINSTATE,,EACH,,ne_ndot_english_standard_item_list_2010,true
ne_ndot_version_4900.60_current,ne_ndot_4900.60,,,CONNECT,,LUMP SUM,,ne_ndot_english_standard_item_list_2010,true
ne_ndot_version_4900.65_current,ne_ndot_4900.65,,,GATEWELL STRUCTURE,,LUMP SUM,,ne_ndot_english_standard_item_list_2010,true
ne_ndot_version_4900.66_current,ne_ndot_4900.66,,,CONCRETE CRADLE,,LIN FT,,ne_ndot_english_standard_item_list_2010,true
ne_ndot_version_4900.75_current,ne_ndot_4900.75,,,CONCRETE DRAINAGE SPREADER,,EACH,,ne_ndot_english_standard_item_list_2010,true
ne_ndot_version_4900.90_historical,ne_ndot_4900.90,,,PROVIDE,,LS,,ne_ndot_aup_calendar_2019,false
ne_ndot_version_4901.02_current,ne_ndot_4901.02,,,PUMPING SEPTIC TANK,,EACH,,ne_ndot_english_standard_item_list_2010,true
ne_ndot_version_4910.00_current,ne_ndot_4910.00,,,TELEVISION INSPECTION,,LIN FT,,ne_ndot_english_standard_item_list_2010,true
ne_ndot_version_4910.25_current,ne_ndot_4910.25,,,DEWATERING,,LIN FT,,ne_ndot_english_standard_item_list_2010,true
ne_ndot_version_4910.30_current,ne_ndot_4910.30,,,TRENCH STABILIZATION,,TON,,ne_ndot_english_standard_item_list_2010,true
ne_ndot_version_4910.35_historical,ne_ndot_4910.35,,,CONSTRUCT FOUNDATION ROCK FOR TRENCH STABILIZATION,,CY,,ne_ndot_aup_july_june_2020_2021,false
ne_ndot_version_4910.40_historical,ne_ndot_4910.40,,,CONSTRUCT AGGREGATE BEDDING FOR TRENCH STABILIZATION,,CY,,ne_ndot_aup_july_june_2020_2021,false
ne_ndot_version_4910.50_current,ne_ndot_4910.50,,,LOW PRESSURE TESTING,,LUMP SUM,,ne_ndot_english_standard_item_list_2010,true
ne_ndot_version_4911.00_historical,ne_ndot_4911.00,,,PERFORM CCTV PIPELINE INSPECTION,,LF,,ne_ndot_aup_july_june_2025_2026,false
ne_ndot_version_4911.01_historical,ne_ndot_4911.01,,,HEAVY OR MECHANICAL CLEANING,,LF,,ne_ndot_aup_calendar_2022,false
ne_ndot_version_4920.00_current,ne_ndot_4920.00,,,INLINE WATER CONTROL STRUCTURE,,EACH,,ne_ndot_english_standard_item_list_2010,true
ne_ndot_version_4920.02_current,ne_ndot_4920.02,,,INLET WATER CONTROL STRUCTURE,,EACH,,ne_ndot_english_standard_item_list_2010,true
ne_ndot_version_4920.10_current,ne_ndot_4920.10,,,REMOVE AND SALVAGE INLET CONTROL STRUCTURE,,EACH,,ne_ndot_english_standard_item_list_2010,true
ne_ndot_version_4925.00_current,ne_ndot_4925.00,,,NOISE BARRIER,,SQ FT,,ne_ndot_english_standard_item_list_2010,true
ne_ndot_version_4925.01_current,ne_ndot_4925.01,,,NOISE BARRIER,,SQ FT,,ne_ndot_english_standard_item_list_2010,true
ne_ndot_version_4940.05_current,ne_ndot_4940.05,,,DEDUCTION,,LIN FT,,ne_ndot_english_standard_item_list_2010,true
ne_ndot_version_4940.10_current,ne_ndot_4940.10,,,LOCATE,,EACH,,ne_ndot_english_standard_item_list_2010,true
ne_ndot_version_4955.00_current,ne_ndot_4955.00,,,STORM WATER DRAIN,,EACH,,ne_ndot_english_standard_item_list_2010,true
ne_ndot_version_4972.04_current,ne_ndot_4972.04,,,RESTOCK,,EACH,,ne_ndot_english_standard_item_list_2010,true
ne_ndot_version_4974.00_current,ne_ndot_4974.00,,,GROUT FOR PATCHING,,SACK,,ne_ndot_english_standard_item_list_2010,true
ne_ndot_version_4975.00_current,ne_ndot_4975.00,,,LEFTOVER CONCRETE MIX,,CU YD,,ne_ndot_english_standard_item_list_2010,true
ne_ndot_version_4976.05_current,ne_ndot_4976.05,,,ADDITIONAL WORK,,LUMP SUM,,ne_ndot_english_standard_item_list_2010,true
ne_ndot_version_4976.08_current,ne_ndot_4976.08,,,ADDITIONAL COST,,LIN FT,,ne_ndot_english_standard_item_list_2010,true
ne_ndot_version_4976.10_current,ne_ndot_4976.10,,,MODIFICATION,,LUMP SUM,,ne_ndot_english_standard_item_list_2010,true
ne_ndot_version_4976.20_current,ne_ndot_4976.20,,,SANITARY SEWER MODIFICATION,,EACH,,ne_ndot_english_standard_item_list_2010,true
ne_ndot_version_4977.00_current,ne_ndot_4977.00,,,DELIVERED NOT USED,,EACH,,ne_ndot_english_standard_item_list_2010,true
ne_ndot_version_4977.02_current,ne_ndot_4977.02,,,DELIVERY,,LUMP SUM,,ne_ndot_english_standard_item_list_2010,true
ne_ndot_version_4977.03_current,ne_ndot_4977.03,,,SPECIAL DELIVERY,,EACH,,ne_ndot_english_standard_item_list_2010,true
ne_ndot_version_4977.04_current,ne_ndot_4977.04,,,RESTOCK,,EACH,,ne_ndot_english_standard_item_list_2010,true
ne_ndot_version_4977.10_current,ne_ndot_4977.10,,,COMPRESSIVE STRENGTH BREAK,,EACH,,ne_ndot_english_standard_item_list_2010,true
ne_ndot_version_4990.00_current,ne_ndot_4990.00,,,FORCE ACCOUNT CULVERT WORK,,LUMP SUM,,ne_ndot_english_standard_item_list_2010,true
ne_ndot_version_4990.01_current,ne_ndot_4990.01,,,FORCE ACCOUNT IRRIGATION STRUCTURE WORK,,LUMP SUM,,ne_ndot_english_standard_item_list_2010,true
ne_ndot_version_4990.10_current,ne_ndot_4990.10,,,HAUL,,LUMP SUM,,ne_ndot_english_standard_item_list_2010,true
ne_ndot_version_4998.00_current,ne_ndot_4998.00,,,REMOVE LIFT STATION,,EACH,,ne_ndot_english_standard_item_list_2010,true
ne_ndot_version_4998.10_current,ne_ndot_4998.10,,,LIFT STATION,,EACH,,ne_ndot_english_standard_item_list_2010,true
ne_ndot_version_4999.02_current,ne_ndot_4999.02,,,CONTROL JOINT,,EACH,,ne_ndot_english_standard_item_list_2010,true
ne_ndot_version_4999.30_current,ne_ndot_4999.30,,,REPLACE CONCRETE INLET STRUCTURE,,EACH,,ne_ndot_english_standard_item_list_2010,true
ne_ndot_version_5006.00_current,ne_ndot_5006.00,,,PUMPING STATION,,EACH,,ne_ndot_english_standard_item_list_2010,true
ne_ndot_version_5006.01_historical,ne_ndot_5006.01,,,SUMP PUMP,,EACH,,ne_ndot_aup_july_june_2025_2026,false
ne_ndot_version_5100.00_current,ne_ndot_5100.00,,,REMOVAL OF EXISTING STRUCTURES,,EACH,,ne_ndot_english_standard_item_list_2010,true
ne_ndot_version_5500.00_current,ne_ndot_5500.00,,,SCALE BUILDING,,EACH,,ne_ndot_english_standard_item_list_2010,true
ne_ndot_version_5500.01_current,ne_ndot_5500.01,,,SCALE BUILDING,,EACH,,ne_ndot_english_standard_item_list_2010,true
ne_ndot_version_5500.05_current,ne_ndot_5500.05,,,LINK BUILDING,,EACH,,ne_ndot_english_standard_item_list_2010,true
ne_ndot_version_5500.06_current,ne_ndot_5500.06,,,LINK BUILDING,,EACH,,ne_ndot_english_standard_item_list_2010,true
ne_ndot_version_5500.10_current,ne_ndot_5500.10,,,INSPECTION BUILDING,,EACH,,ne_ndot_english_standard_item_list_2010,true
ne_ndot_version_5500.11_current,ne_ndot_5500.11,,,INSPECTION BUILDING,,EACH,,ne_ndot_english_standard_item_list_2010,true
ne_ndot_version_5500.50_current,ne_ndot_5500.50,,,ELEVATOR BUILDING,,LUMP SUM,,ne_ndot_english_standard_item_list_2010,true
ne_ndot_version_5800.00_current,ne_ndot_5800.00,,,CONTOUR GRADING,,EACH,,ne_ndot_english_standard_item_list_2010,true
ne_ndot_version_5805.00_current,ne_ndot_5805.00,,,FINISH GRADING,,EACH,,ne_ndot_english_standard_item_list_2010,true
ne_ndot_version_5805.01_current,ne_ndot_5805.01,,,FINISH GRADING,,EACH,,ne_ndot_english_standard_item_list_2010,true
ne_ndot_version_5811.00_current,ne_ndot_5811.00,,,VIEWING DECK,,LUMP SUM,,ne_ndot_english_standard_item_list_2010,true
ne_ndot_version_5811.01_current,ne_ndot_5811.01,,,VIEWING DECK,,LUMP SUM,,ne_ndot_english_standard_item_list_2010,true
ne_ndot_version_5811.02_current,ne_ndot_5811.02,,,VIEWING DECK,,LUMP SUM,,ne_ndot_english_standard_item_list_2010,true
ne_ndot_version_5811.03_current,ne_ndot_5811.03,,,CONCRETE VIEWING PLATFORM,,EACH,,ne_ndot_english_standard_item_list_2010,true
ne_ndot_version_5811.04_current,ne_ndot_5811.04,,,WOOD DECK,,LUMP SUM,,ne_ndot_english_standard_item_list_2010,true
ne_ndot_version_5812.00_current,ne_ndot_5812.00,,,EXHIBIT BASE,,EACH,,ne_ndot_english_standard_item_list_2010,true
ne_ndot_version_5812.01_current,ne_ndot_5812.01,,,PILLAR BASE,,EACH,,ne_ndot_english_standard_item_list_2010,true
ne_ndot_version_5812.03_historical,ne_ndot_5812.03,,,AESTHETIC PILLAR,,EACH,,ne_ndot_aup_july_june_2025_2026,false
ne_ndot_version_5815.00_current,ne_ndot_5815.00,,,GENERAL RESTROOM BUILDING CONSTRUCTION,,EACH,,ne_ndot_english_standard_item_list_2010,true
ne_ndot_version_5816.00_current,ne_ndot_5816.00,,,RESTROOM BUILDING MODIFICATION,,EACH,,ne_ndot_english_standard_item_list_2010,true
ne_ndot_version_5816.01_current,ne_ndot_5816.01,,,RESTROOM BUILDING MODIFICATION,,EACH,,ne_ndot_english_standard_item_list_2010,true
ne_ndot_version_5816.02_current,ne_ndot_5816.02,,,RESTROOM BUILDING MODIFICATION,,EACH,,ne_ndot_english_standard_item_list_2010,true
ne_ndot_version_5816.03_current,ne_ndot_5816.03,,,RESTROOM BUILDING MODIFICATION,,EACH,,ne_ndot_english_standard_item_list_2010,true
ne_ndot_version_5816.04_current,ne_ndot_5816.04,,,RESTROOM BUILDING MODIFICATION,,EACH,,ne_ndot_english_standard_item_list_2010,true
ne_ndot_version_5816.05_current,ne_ndot_5816.05,,,RESTROOM BUILDING MODIFICATION,,EACH,,ne_ndot_english_standard_item_list_2010,true
ne_ndot_version_5817.00_current,ne_ndot_5817.00,,,HISTORICAL MARKER WALL,,EACH,,ne_ndot_english_standard_item_list_2010,true
ne_ndot_version_5818.00_current,ne_ndot_5818.00,,,PLAY AREA,,EACH,,ne_ndot_english_standard_item_list_2010,true
ne_ndot_version_5819.00_current,ne_ndot_5819.00,,,BUILDING HEATER,,EACH,,ne_ndot_english_standard_item_list_2010,true
ne_ndot_version_5820.00_current,ne_ndot_5820.00,,,GENERAL CONSTRUCTION FOR SCALE BUILDING,,LUMP SUM,,ne_ndot_english_standard_item_list_2010,true
ne_ndot_version_5820.01_current,ne_ndot_5820.01,,,GENERAL CONSTRUCTION,,LUMP SUM,,ne_ndot_english_standard_item_list_2010,true
ne_ndot_version_5820.02_historical,ne_ndot_5820.02,,,GENERAL CONSTRUCTION,,LS,,ne_ndot_aup_july_june_2017_2018,false
ne_ndot_version_5820.10_current,ne_ndot_5820.10,,,MECHANICAL WORK FOR SCALE BUILDING,,LUMP SUM,,ne_ndot_english_standard_item_list_2010,true
ne_ndot_version_5820.20_current,ne_ndot_5820.20,,,ELECTRICAL WORK FOR SCALE BUILDING,,LUMP SUM,,ne_ndot_english_standard_item_list_2010,true
ne_ndot_version_5820.30_current,ne_ndot_5820.30,,,"TRUCK SCALE, WEIGH BRIDGE, PIT AND APPROACHES",,LUMP SUM,,ne_ndot_english_standard_item_list_2010,true
ne_ndot_version_5820.35_current,ne_ndot_5820.35,,,GENERAL SCALE BUILDING CONSTRUCTION,,EACH,,ne_ndot_english_standard_item_list_2010,true
ne_ndot_version_5820.40_current,ne_ndot_5820.40,,,MECHANICAL WORK FOR SCALE BUILDING,,EACH,,ne_ndot_english_standard_item_list_2010,true
ne_ndot_version_5820.45_current,ne_ndot_5820.45,,,ELECTRICAL WORK FOR SCALE BUILDING,,EACH,,ne_ndot_english_standard_item_list_2010,true
ne_ndot_version_5820.50_current,ne_ndot_5820.50,,,WEIGH BRIDGE CONSTRUCTION AND INSTRUMENTS,,EACH,,ne_ndot_english_standard_item_list_2010,true
ne_ndot_version_5820.52_current,ne_ndot_5820.52,,,SPLIT SCALE DECK AND INSTRUMENTS,,EACH,,ne_ndot_english_standard_item_list_2010,true
ne_ndot_version_5820.55_current,ne_ndot_5820.55,,,STATIC TRUCK SCALE,,EACH,,ne_ndot_english_standard_item_list_2010,true
ne_ndot_version_5820.60_current,ne_ndot_5820.60,,,TRACKING SYSTEM,,EACH,,ne_ndot_english_standard_item_list_2010,true
ne_ndot_version_5821.00_current,ne_ndot_5821.00,,,WEIGH-IN-MOTION BUILDING,,LUMP SUM,,ne_ndot_english_standard_item_list_2010,true
ne_ndot_version_5821.10_current,ne_ndot_5821.10,,,WEIGH-IN-MOTION SYSTEM,,EACH,,ne_ndot_english_standard_item_list_2010,true
ne_ndot_version_5821.11_current,ne_ndot_5821.11,,,WEIGH-IN-MOTION SYSTEM,,EACH,,ne_ndot_english_standard_item_list_2010,true
ne_ndot_version_5822.00_current,ne_ndot_5822.00,,,DEWATERING EASTBOUND SCALE PIT,,LUMP SUM,,ne_ndot_english_standard_item_list_2010,true
ne_ndot_version_5822.02_current,ne_ndot_5822.02,,,DEWATERING EASTBOUND INSPECTION PIT,,LUMP SUM,,ne_ndot_english_standard_item_list_2010,true
ne_ndot_version_5822.03_current,ne_ndot_5822.03,,,DEWATERING WESTBOUND INSPECTION PIT,,LUMP SUM,,ne_ndot_english_standard_item_list_2010,true
ne_ndot_version_5825.00_current,ne_ndot_5825.00,,,MECHANICAL WORK FOR RESTROOM BUILDING,,EACH,,ne_ndot_english_standard_item_list_2010,true
ne_ndot_version_5830.00_current,ne_ndot_5830.00,,,ELECTRICAL WORK FOR RESTROOM BUILDING,,EACH,,ne_ndot_english_standard_item_list_2010,true
ne_ndot_version_5850.00_current,ne_ndot_5850.00,,,TRASH ENCLOSURE,,EACH,,ne_ndot_english_standard_item_list_2010,true
ne_ndot_version_5850.01_historical,ne_ndot_5850.01,,,LITTER RECEPTACLE,,EACH,,ne_ndot_aup_calendar_2023,false
ne_ndot_version_5850.12_historical,ne_ndot_5850.12,,,BENCH,,EACH,,ne_ndot_aup_calendar_2023,false
ne_ndot_version_5860.00_current,ne_ndot_5860.00,,,REMOVE AND REINSTALL BUS STOP ENCLOSURE,,EACH,,ne_ndot_english_standard_item_list_2010,true
ne_ndot_version_5860.02_current,ne_ndot_5860.02,,,BUS SHELTERS,,LUMP SUM,,ne_ndot_english_standard_item_list_2010,true
ne_ndot_version_5860.10_current,ne_ndot_5860.10,,,SITE FURNISHINGS,,LUMP SUM,,ne_ndot_english_standard_item_list_2010,true
ne_ndot_version_5875.00_current,ne_ndot_5875.00,,,SOLAR ENERGY SYSTEM,,EACH,,ne_ndot_english_standard_item_list_2010,true
ne_ndot_version_5875.10_current,ne_ndot_5875.10,,,SPRINKLER SYSTEM,,EACH,,ne_ndot_english_standard_item_list_2010,true
ne_ndot_version_5875.14_historical,ne_ndot_5875.14,,,SPRINKLER,,LS,,ne_ndot_aup_july_june_2025_2026,false
ne_ndot_version_5875.15_current,ne_ndot_5875.15,,,SPRINKLER SYSTEM,,LUMP SUM,,ne_ndot_english_standard_item_list_2010,true
ne_ndot_version_5875.50_current,ne_ndot_5875.50,,,MONITORING SYSTEM,,EACH,,ne_ndot_english_standard_item_list_2010,true
ne_ndot_version_5875.60_current,ne_ndot_5875.60,,,AREA LIGHTING,,EACH,,ne_ndot_english_standard_item_list_2010,true
ne_ndot_version_5875.75_current,ne_ndot_5875.75,,,TREATMENT SYSTEM,,EACH,,ne_ndot_english_standard_item_list_2010,true
ne_ndot_version_5875.76_current,ne_ndot_5875.76,,,VALVE PIT/CONTROL BUILDING,,EACH,,ne_ndot_english_standard_item_list_2010,true
ne_ndot_version_5875.77_current,ne_ndot_5875.77,,,ELECTRICAL WORK FOR TREATMENT SYSTEM,,EACH,,ne_ndot_english_standard_item_list_2010,true
ne_ndot_version_5875.78_current,ne_ndot_5875.78,,,ABANDONMENT OF TREATMENT PLANT,,EACH,,ne_ndot_english_standard_item_list_2010,true
ne_ndot_version_5875.79_current,ne_ndot_5875.79,,,ABSORPTION FIELD,,EACH,,ne_ndot_english_standard_item_list_2010,true
ne_ndot_version_5875.80_current,ne_ndot_5875.80,,,RECIRCULATING SAND FILTER,,EACH,,ne_ndot_english_standard_item_list_2010,true
ne_ndot_version_5875.85_current,ne_ndot_5875.85,,,ADDITIONAL SAND FILL,,EACH,,ne_ndot_english_standard_item_list_2010,true
ne_ndot_version_5876.00_current,ne_ndot_5876.00,,,REPLACE,,LUMP SUM,,ne_ndot_english_standard_item_list_2010,true
ne_ndot_version_5876.02_current,ne_ndot_5876.02,,,DELETE,,LUMP SUM,,ne_ndot_english_standard_item_list_2010,true
ne_ndot_version_5879.00_current,ne_ndot_5879.00,,,DOOR,,EACH,,ne_ndot_english_standard_item_list_2010,true
ne_ndot_version_5880.00_current,ne_ndot_5880.00,,,OVERHEAD DOOR,,EACH,,ne_ndot_english_standard_item_list_2010,true
ne_ndot_version_5881.00_current,ne_ndot_5881.00,,,WALL MODIFICATION,,EACH,,ne_ndot_english_standard_item_list_2010,true
ne_ndot_version_5881.01_current,ne_ndot_5881.01,,,WALL MODIFICATION,,EACH,,ne_ndot_english_standard_item_list_2010,true
ne_ndot_version_5881.02_current,ne_ndot_5881.02,,,WALL MODIFICATION,,EACH,,ne_ndot_english_standard_item_list_2010,true
ne_ndot_version_5881.10_current,ne_ndot_5881.10,,,MONUMENT WALL,,LUMP SUM,,ne_ndot_english_standard_item_list_2010,true
ne_ndot_version_5885.00_current,ne_ndot_5885.00,,,DOCK MODIFICATION,,EACH,,ne_ndot_english_standard_item_list_2010,true
ne_ndot_version_5895.00_current,ne_ndot_5895.00,,,SITE RESTORATION,,LUMP SUM,,ne_ndot_english_standard_item_list_2010,true
ne_ndot_version_5895.25_current,ne_ndot_5895.25,,,SITE WORK,,EACH,,ne_ndot_english_standard_item_list_2010,true
ne_ndot_version_5896.00_current,ne_ndot_5896.00,,,SCULPTURE RESTORATION,,EACH,,ne_ndot_english_standard_item_list_2010,true
ne_ndot_version_5896.05_current,ne_ndot_5896.05,,,MISCELLANEOUS CONCRETE REPLACEMENT,,SQ YD,,ne_ndot_english_standard_item_list_2010,true
ne_ndot_version_5899.01_current,ne_ndot_5899.01,,,GENERAL CONDITIONS,,EACH,,ne_ndot_english_standard_item_list_2010,true
ne_ndot_version_5899.02_current,ne_ndot_5899.02,,,EXISTING CONDITIONS,,EACH,,ne_ndot_english_standard_item_list_2010,true
ne_ndot_version_5899.03_current,ne_ndot_5899.03,,,CONCRETE,,EACH,,ne_ndot_english_standard_item_list_2010,true
ne_ndot_version_5899.04_current,ne_ndot_5899.04,,,MASONRY,,EACH,,ne_ndot_english_standard_item_list_2010,true
ne_ndot_version_5899.05_current,ne_ndot_5899.05,,,METALS,,EACH,,ne_ndot_english_standard_item_list_2010,true
ne_ndot_version_5899.06_current,ne_ndot_5899.06,,,"WOOD, PLASTICS AND COMPOSITIES",,EACH,,ne_ndot_english_standard_item_list_2010,true
ne_ndot_version_5899.07_current,ne_ndot_5899.07,,,THERMAL AND MOISTURE PROTECTION,,EACH,,ne_ndot_english_standard_item_list_2010,true
ne_ndot_version_5899.08_current,ne_ndot_5899.08,,,OPENINGS,,EACH,,ne_ndot_english_standard_item_list_2010,true
ne_ndot_version_5899.09_current,ne_ndot_5899.09,,,FINISHES,,EACH,,ne_ndot_english_standard_item_list_2010,true
ne_ndot_version_5899.10_current,ne_ndot_5899.10,,,SPECIALTIES,,EACH,,ne_ndot_english_standard_item_list_2010,true
ne_ndot_version_5899.11_current,ne_ndot_5899.11,,,EQUIPMENT,,EACH,,ne_ndot_english_standard_item_list_2010,true
ne_ndot_version_5899.12_current,ne_ndot_5899.12,,,FURNISHINGS,,EACH,,ne_ndot_english_standard_item_list_2010,true
ne_ndot_version_5899.13_current,ne_ndot_5899.13,,,SPECIAL CONSTRUCTION,,EACH,,ne_ndot_english_standard_item_list_2010,true
ne_ndot_version_5899.14_current,ne_ndot_5899.14,,,CONVEYING EQUIPMENT,,EACH,,ne_ndot_english_standard_item_list_2010,true
ne_ndot_version_5899.21_current,ne_ndot_5899.21,,,FIRE SUPRESSION,,EACH,,ne_ndot_english_standard_item_list_2010,true
ne_ndot_version_5899.22_current,ne_ndot_5899.22,,,"PLUMBING, HEATING, VENTILATING AND AIR CONDITIONING",,EACH,,ne_ndot_english_standard_item_list_2010,true
ne_ndot_version_5899.24_current,ne_ndot_5899.24,,,WATER HEATER EXPANSION TANK,,LUMP SUM,,ne_ndot_english_standard_item_list_2010,true
ne_ndot_version_5899.25_current,ne_ndot_5899.25,,,INTEGRATED AUTOMATION,,EACH,,ne_ndot_english_standard_item_list_2010,true
ne_ndot_version_5899.26_current,ne_ndot_5899.26,,,ELECTRICAL,,EACH,,ne_ndot_english_standard_item_list_2010,true
ne_ndot_version_5899.27_current,ne_ndot_5899.27,,,COMMUNICATIONS,,EACH,,ne_ndot_english_standard_item_list_2010,true
ne_ndot_version_5899.28_current,ne_ndot_5899.28,,,ELECTRONIC SAFETY AND SECURITY,,EACH,,ne_ndot_english_standard_item_list_2010,true
ne_ndot_version_5899.29_historical,ne_ndot_5899.29,,,CONSTRUCTION PHASING AND SAFETY,,LS,,ne_ndot_aup_july_june_2025_2026,false
ne_ndot_version_5899.31_current,ne_ndot_5899.31,,,EARTHWORK,,EACH,,ne_ndot_english_standard_item_list_2010,true
ne_ndot_version_5899.32_current,ne_ndot_5899.32,,,EXTERIOR IMPROVEMENTS,,EACH,,ne_ndot_english_standard_item_list_2010,true
ne_ndot_version_5899.33_current,ne_ndot_5899.33,,,UTILITIES,,EACH,,ne_ndot_english_standard_item_list_2010,true
ne_ndot_version_5899.35_current,ne_ndot_5899.35,,,EXIT SIGN,,EACH,,ne_ndot_english_standard_item_list_2010,true
ne_ndot_version_5899.49_historical,ne_ndot_5899.49,,,PIPE RAILING,,LF,,ne_ndot_aup_july_june_2023_2024,false
ne_ndot_version_5899.55_historical,ne_ndot_5899.55,,,CONSTRUCT STEEL PIPE HANDRAIL,,LF,,ne_ndot_aup_calendar_2023,false
ne_ndot_version_5899.56_historical,ne_ndot_5899.56,,,AESTHETIC RAILING,,LF,,ne_ndot_aup_july_june_2023_2024,false
ne_ndot_version_5899.57_historical,ne_ndot_5899.57,,,OVERLOOKS,,EACH,,ne_ndot_aup_july_june_2023_2024,false
ne_ndot_version_5900.00_historical,ne_ndot_5900.00,,,BUILDING ENTRANCE,,EACH,,ne_ndot_aup_july_june_2019_2020,false
ne_ndot_version_5999.10_current,ne_ndot_5999.10,,,ABUTMENT A EXCAVATION,,LUMP SUM,702.00,ne_ndot_english_standard_item_list_2010,true
ne_ndot_version_5999.11_current,ne_ndot_5999.11,,,ABUTMENT B EXCAVATION,,LUMP SUM,702.00,ne_ndot_english_standard_item_list_2010,true
ne_ndot_version_5999.12_current,ne_ndot_5999.12,,,ABUTMENT NO. 2C EXCAVATION,,LUMP SUM,702.00,ne_ndot_english_standard_item_list_2010,true
ne_ndot_version_5999.25_historical,ne_ndot_5999.25,,,COORDINATE WITH OPPD,,LS,,ne_ndot_aup_calendar_2018,false
ne_ndot_version_5999.60_current,ne_ndot_5999.60,,,PIER A EXCAVATION,,LUMP SUM,702.00,ne_ndot_english_standard_item_list_2010,true
ne_ndot_version_5999.61_current,ne_ndot_5999.61,,,PIER B EXCAVATION,,LUMP SUM,702.00,ne_ndot_english_standard_item_list_2010,true
ne_ndot_version_5999.62_current,ne_ndot_5999.62,,,PIER C EXCAVATION,,LUMP SUM,702.00,ne_ndot_english_standard_item_list_2010,true
ne_ndot_version_5999.63_current,ne_ndot_5999.63,,,PIER D EXCAVATION,,LUMP SUM,702.00,ne_ndot_english_standard_item_list_2010,true
ne_ndot_version_5999.64_current,ne_ndot_5999.64,,,PIER E EXCAVATION,,LUMP SUM,702.00,ne_ndot_english_standard_item_list_2010,true
ne_ndot_version_5999.65_current,ne_ndot_5999.65,,,PIER F EXCAVATION,,LUMP SUM,702.00,ne_ndot_english_standard_item_list_2010,true
ne_ndot_version_5999.66_current,ne_ndot_5999.66,,,PIER G EXCAVATION,,LUMP SUM,702.00,ne_ndot_english_standard_item_list_2010,true
ne_ndot_version_5999.67_current,ne_ndot_5999.67,,,PIER H EXCAVATION,,LUMP SUM,702.00,ne_ndot_english_standard_item_list_2010,true
ne_ndot_version_5999.68_current,ne_ndot_5999.68,,,PIER I EXCAVATION,,LUMP SUM,702.00,ne_ndot_english_standard_item_list_2010,true
ne_ndot_version_5999.70_historical,ne_ndot_5999.70,,,STRUCTURAL STEEL,,EACH,,ne_ndot_aup_july_june_2025_2026,false
ne_ndot_version_5999.72_current,ne_ndot_5999.72,,,SPECIAL CONSTRUCTION,,LUMP SUM,,ne_ndot_english_standard_item_list_2010,true
ne_ndot_version_5999.73_current,ne_ndot_5999.73,,,CONVEYING EQUIPMENT,,LUMP SUM,,ne_ndot_english_standard_item_list_2010,true
ne_ndot_version_5999.74_current,ne_ndot_5999.74,,,FURNISHINGS,,LUMP SUM,,ne_ndot_english_standard_item_list_2010,true
ne_ndot_version_5999.75_current,ne_ndot_5999.75,,,GENERAL CONTRACT WORK,,EACH,,ne_ndot_english_standard_item_list_2010,true
ne_ndot_version_5999.76_current,ne_ndot_5999.76,,,METALS,,LUMP SUM,,ne_ndot_english_standard_item_list_2010,true
ne_ndot_version_5999.77_current,ne_ndot_5999.77,,,FLOORING,,LUMP SUM,,ne_ndot_english_standard_item_list_2010,true
ne_ndot_version_5999.78_current,ne_ndot_5999.78,,,CEILINGS,,LUMP SUM,,ne_ndot_english_standard_item_list_2010,true
ne_ndot_version_5999.80_current,ne_ndot_5999.80,,,PERMITS AND BONDS,,LUMP SUM,,ne_ndot_english_standard_item_list_2010,true
ne_ndot_version_5999.81_current,ne_ndot_5999.81,,,GENERAL CONDITIONS,,LUMP SUM,,ne_ndot_english_standard_item_list_2010,true
ne_ndot_version_5999.82_current,ne_ndot_5999.82,,,SITE WORK,,LUMP SUM,,ne_ndot_english_standard_item_list_2010,true
ne_ndot_version_5999.83_current,ne_ndot_5999.83,,,CONCRETE,,LUMP SUM,,ne_ndot_english_standard_item_list_2010,true
ne_ndot_version_5999.84_current,ne_ndot_5999.84,,,MASONRY,,LUMP SUM,,ne_ndot_english_standard_item_list_2010,true
ne_ndot_version_5999.85_current,ne_ndot_5999.85,,,STEEL,,LUMP SUM,,ne_ndot_english_standard_item_list_2010,true
ne_ndot_version_5999.86_current,ne_ndot_5999.86,,,WOODS & PLASTICS,,LUMP SUM,,ne_ndot_english_standard_item_list_2010,true
ne_ndot_version_5999.87_current,ne_ndot_5999.87,,,THERMAL & MOISTURE,,LUMP SUM,,ne_ndot_english_standard_item_list_2010,true
ne_ndot_version_5999.88_current,ne_ndot_5999.88,,,DOORS & WINDOWS,,LUMP SUM,,ne_ndot_english_standard_item_list_2010,true
ne_ndot_version_5999.89_current,ne_ndot_5999.89,,,FINISHES,,LUMP SUM,,ne_ndot_english_standard_item_list_2010,true
ne_ndot_version_5999.90_current,ne_ndot_5999.90,,,SPECIALTIES,,LUMP SUM,,ne_ndot_english_standard_item_list_2010,true
ne_ndot_version_5999.91_current,ne_ndot_5999.91,,,MECHANICAL,,LUMP SUM,,ne_ndot_english_standard_item_list_2010,true
ne_ndot_version_5999.92_current,ne_ndot_5999.92,,,ELECTRICAL,,LUMP SUM,,ne_ndot_english_standard_item_list_2010,true
ne_ndot_version_5999.93_current,ne_ndot_5999.93,,,FRAMING,,LUMP SUM,,ne_ndot_english_standard_item_list_2010,true
ne_ndot_version_5999.94_current,ne_ndot_5999.94,,,ROOFING,,LUMP SUM,,ne_ndot_english_standard_item_list_2010,true
ne_ndot_version_5999.95_current,ne_ndot_5999.95,,,SIDING,,LUMP SUM,,ne_ndot_english_standard_item_list_2010,true
ne_ndot_version_5999.96_current,ne_ndot_5999.96,,,WINDOWS,,LUMP SUM,,ne_ndot_english_standard_item_list_2010,true
ne_ndot_version_5999.97_current,ne_ndot_5999.97,,,DOORS,,LUMP SUM,,ne_ndot_english_standard_item_list_2010,true
ne_ndot_version_5999.98_current,ne_ndot_5999.98,,,DRYWALL,,LUMP SUM,,ne_ndot_english_standard_item_list_2010,true
ne_ndot_version_5999.99_current,ne_ndot_5999.99,,,CASEMENT WORK,,LUMP SUM,,ne_ndot_english_standard_item_list_2010,true
ne_ndot_version_6000.02_historical,ne_ndot_6000.02,,,WARRANTY FOR PAINTING STRUCTURE AT STATION,,LS,,ne_ndot_aup_calendar_2025,false
ne_ndot_version_6000.09_current,ne_ndot_6000.09,,,ADDITIONAL EXCAVATION FOR BACKFILL OR EMBANKMENT FOR BRIDGES,,CU YD,,ne_ndot_english_standard_item_list_2010,true
ne_ndot_version_6000.10_current,ne_ndot_6000.10,,,ABUTMENT NO.1 EXCAVATION,,LUMP SUM,702.00,ne_ndot_english_standard_item_list_2010,true
ne_ndot_version_6000.11_current,ne_ndot_6000.11,,,ABUTMENT NO.2 EXCAVATION,,LUMP SUM,702.00,ne_ndot_english_standard_item_list_2010,true
ne_ndot_version_6000.13_current,ne_ndot_6000.13,,,ABUTMENT NO. 2 EXCAVATION,,LUMP SUM,702.00,ne_ndot_english_standard_item_list_2010,true
ne_ndot_version_6000.14_historical,ne_ndot_6000.14,,,ABUTMENT NO.1 EXCAVATION,,LS,,ne_ndot_aup_july_june_2025_2026,false
ne_ndot_version_6000.15_historical,ne_ndot_6000.15,,,ABUTMENT NO.2 EXCAVATION,,LS,,ne_ndot_aup_july_june_2025_2026,false
ne_ndot_version_6000.17_historical,ne_ndot_6000.17,,,ABUTMENT,,LS,,ne_ndot_aup_july_june_2020_2021,false
ne_ndot_version_6000.18_current,ne_ndot_6000.18,,,ABUTMENT,,LUMP SUM,,ne_ndot_english_standard_item_list_2010,true
ne_ndot_version_6000.19_current,ne_ndot_6000.19,,,ABUTMENT,,LUMP SUM,,ne_ndot_english_standard_item_list_2010,true
ne_ndot_version_6000.20_current,ne_ndot_6000.20,,,PIER NO.1 EXCAVATION,,LUMP SUM,702.00,ne_ndot_english_standard_item_list_2010,true
ne_ndot_version_6000.21_current,ne_ndot_6000.21,,,PIER NO.2 EXCAVATION,,LUMP SUM,702.00,ne_ndot_english_standard_item_list_2010,true
ne_ndot_version_6000.22_current,ne_ndot_6000.22,,,PIER NO.3 EXCAVATION,,LUMP SUM,702.00,ne_ndot_english_standard_item_list_2010,true
ne_ndot_version_6000.23_current,ne_ndot_6000.23,,,PIER NO.4 EXCAVATION,,LUMP SUM,702.00,ne_ndot_english_standard_item_list_2010,true
ne_ndot_version_6000.24_current,ne_ndot_6000.24,,,PIER NO.5 EXCAVATION,,LUMP SUM,702.00,ne_ndot_english_standard_item_list_2010,true
ne_ndot_version_6000.25_current,ne_ndot_6000.25,,,PIER NO.6 EXCAVATION,,LUMP SUM,702.00,ne_ndot_english_standard_item_list_2010,true
ne_ndot_version_6000.26_current,ne_ndot_6000.26,,,PIER NO.7 EXCAVATION,,LUMP SUM,702.00,ne_ndot_english_standard_item_list_2010,true
ne_ndot_version_6000.27_current,ne_ndot_6000.27,,,PIER NO.8 EXCAVATION,,LUMP SUM,702.00,ne_ndot_english_standard_item_list_2010,true
ne_ndot_version_6000.28_current,ne_ndot_6000.28,,,PIER NO.9 EXCAVATION,,LUMP SUM,702.00,ne_ndot_english_standard_item_list_2010,true
ne_ndot_version_6000.29_current,ne_ndot_6000.29,,,PIER NO.10 EXCAVATION,,LUMP SUM,702.00,ne_ndot_english_standard_item_list_2010,true
ne_ndot_version_6000.30_current,ne_ndot_6000.30,,,PIER NO.11 EXCAVATION,,LUMP SUM,702.00,ne_ndot_english_standard_item_list_2010,true
ne_ndot_version_6000.31_current,ne_ndot_6000.31,,,PIER NO.12 EXCAVATION,,LUMP SUM,702.00,ne_ndot_english_standard_item_list_2010,true
ne_ndot_version_6000.32_current,ne_ndot_6000.32,,,PIER NO.13 EXCAVATION,,LUMP SUM,702.00,ne_ndot_english_standard_item_list_2010,true
ne_ndot_version_6000.33_current,ne_ndot_6000.33,,,PIER NO.14 EXCAVATION,,LUMP SUM,702.00,ne_ndot_english_standard_item_list_2010,true
ne_ndot_version_6000.34_current,ne_ndot_6000.34,,,PIER NO.15 EXCAVATION,,LUMP SUM,702.00,ne_ndot_english_standard_item_list_2010,true
ne_ndot_version_6000.35_current,ne_ndot_6000.35,,,PIER NO.16 EXCAVATION,,LUMP SUM,702.00,ne_ndot_english_standard_item_list_2010,true
ne_ndot_version_6000.36_current,ne_ndot_6000.36,,,PIER NO.17 EXCAVATION,,LUMP SUM,702.00,ne_ndot_english_standard_item_list_2010,true
ne_ndot_version_6000.37_current,ne_ndot_6000.37,,,PIER NO.18 EXCAVATION,,LUMP SUM,702.00,ne_ndot_english_standard_item_list_2010,true
ne_ndot_version_6000.38_current,ne_ndot_6000.38,,,PIER NO.19 EXCAVATION,,LUMP SUM,702.00,ne_ndot_english_standard_item_list_2010,true
ne_ndot_version_6000.39_current,ne_ndot_6000.39,,,PIER NO.20 EXCAVATION,,LUMP SUM,702.00,ne_ndot_english_standard_item_list_2010,true
ne_ndot_version_6000.40_current,ne_ndot_6000.40,,,PIER NO.21 EXCAVATION,,LUMP SUM,702.00,ne_ndot_english_standard_item_list_2010,true
ne_ndot_version_6000.41_current,ne_ndot_6000.41,,,PIER NO.22 EXCAVATION,,LUMP SUM,702.00,ne_ndot_english_standard_item_list_2010,true
ne_ndot_version_6000.42_current,ne_ndot_6000.42,,,PIER NO.23 EXCAVATION,,LUMP SUM,702.00,ne_ndot_english_standard_item_list_2010,true
ne_ndot_version_6000.43_current,ne_ndot_6000.43,,,PIER NO.24 EXCAVATION,,LUMP SUM,702.00,ne_ndot_english_standard_item_list_2010,true
ne_ndot_version_6000.44_current,ne_ndot_6000.44,,,PIER NO.25 EXCAVATION,,LUMP SUM,702.00,ne_ndot_english_standard_item_list_2010,true
ne_ndot_version_6000.45_current,ne_ndot_6000.45,,,PIER NO.26 EXCAVATION,,LUMP SUM,702.00,ne_ndot_english_standard_item_list_2010,true
ne_ndot_version_6000.46_current,ne_ndot_6000.46,,,PIER NO.27 EXCAVATION,,LUMP SUM,702.00,ne_ndot_english_standard_item_list_2010,true
ne_ndot_version_6000.47_current,ne_ndot_6000.47,,,PIER NO.28 EXCAVATION,,LUMP SUM,702.00,ne_ndot_english_standard_item_list_2010,true
ne_ndot_version_6000.48_current,ne_ndot_6000.48,,,PIER NO.29 EXCAVATION,,LUMP SUM,702.00,ne_ndot_english_standard_item_list_2010,true
ne_ndot_version_6000.49_current,ne_ndot_6000.49,,,PIER NO.30 EXCAVATION,,LUMP SUM,702.00,ne_ndot_english_standard_item_list_2010,true
ne_ndot_version_6000.50_current,ne_ndot_6000.50,,,PIER NO.31 EXCAVATION,,LUMP SUM,702.00,ne_ndot_english_standard_item_list_2010,true
ne_ndot_version_6000.51_current,ne_ndot_6000.51,,,PIER NO.32 EXCAVATION,,LUMP SUM,702.00,ne_ndot_english_standard_item_list_2010,true
ne_ndot_version_6000.52_current,ne_ndot_6000.52,,,PIER NO.33 EXCAVATION,,LUMP SUM,702.00,ne_ndot_english_standard_item_list_2010,true
ne_ndot_version_6000.53_current,ne_ndot_6000.53,,,PIER NO. 34 EXCAVATION,,LUMP SUM,702.00,ne_ndot_english_standard_item_list_2010,true
ne_ndot_version_6000.54_current,ne_ndot_6000.54,,,PIER NO. 35 EXCAVATION,,LUMP SUM,702.00,ne_ndot_english_standard_item_list_2010,true
ne_ndot_version_6000.55_current,ne_ndot_6000.55,,,PIER NO. 36 EXCAVATION,,LUMP SUM,702.00,ne_ndot_english_standard_item_list_2010,true
ne_ndot_version_6000.56_current,ne_ndot_6000.56,,,PIER NO. 37 EXCAVATION,,LUMP SUM,702.00,ne_ndot_english_standard_item_list_2010,true
ne_ndot_version_6000.57_current,ne_ndot_6000.57,,,PIER NO. 37 EXCAVATION,,LUMP SUM,702.00,ne_ndot_english_standard_item_list_2010,true
ne_ndot_version_6000.58_current,ne_ndot_6000.58,,,PIER NO. 38 EXCAVATION,,LUMP SUM,702.00,ne_ndot_english_standard_item_list_2010,true
ne_ndot_version_6000.59_current,ne_ndot_6000.59,,,PIER NO. 38 EXCAVATION,,LUMP SUM,702.00,ne_ndot_english_standard_item_list_2010,true
ne_ndot_version_6000.60_current,ne_ndot_6000.60,,,PIER NO.1 EXCAVATION,,LUMP SUM,702.00,ne_ndot_english_standard_item_list_2010,true
ne_ndot_version_6000.61_current,ne_ndot_6000.61,,,PIER NO.2 EXCAVATION,,LUMP SUM,702.00,ne_ndot_english_standard_item_list_2010,true
ne_ndot_version_6000.62_current,ne_ndot_6000.62,,,PIER NO.3 EXCAVATION,,LUMP SUM,702.00,ne_ndot_english_standard_item_list_2010,true
ne_ndot_version_6000.63_current,ne_ndot_6000.63,,,PIER NO.4 EXCAVATION,,LUMP SUM,702.00,ne_ndot_english_standard_item_list_2010,true
ne_ndot_version_6000.64_current,ne_ndot_6000.64,,,PIER NO.5 EXCAVATION,,LUMP SUM,702.00,ne_ndot_english_standard_item_list_2010,true
ne_ndot_version_6000.65_current,ne_ndot_6000.65,,,PIER NO.6 EXCAVATION,,LUMP SUM,702.00,ne_ndot_english_standard_item_list_2010,true
ne_ndot_version_6000.66_current,ne_ndot_6000.66,,,PIER NO.7 EXCAVATION,,LUMP SUM,702.00,ne_ndot_english_standard_item_list_2010,true
ne_ndot_version_6000.67_current,ne_ndot_6000.67,,,PIER NO.8 EXCAVATION,,LUMP SUM,702.00,ne_ndot_english_standard_item_list_2010,true
ne_ndot_version_6000.68_current,ne_ndot_6000.68,,,PIER NO.9 EXCAVATION,,LUMP SUM,702.00,ne_ndot_english_standard_item_list_2010,true
ne_ndot_version_6000.69_current,ne_ndot_6000.69,,,PIER NO.10 EXCAVATION,,LUMP SUM,702.00,ne_ndot_english_standard_item_list_2010,true
ne_ndot_version_6000.70_current,ne_ndot_6000.70,,,PIER NO.11 EXCAVATION,,LUMP SUM,702.00,ne_ndot_english_standard_item_list_2010,true
ne_ndot_version_6000.71_current,ne_ndot_6000.71,,,PIER NO.12 EXCAVATION,,LUMP SUM,702.00,ne_ndot_english_standard_item_list_2010,true
ne_ndot_version_6000.72_current,ne_ndot_6000.72,,,PIER NO.13 EXCAVATION,,LUMP SUM,702.00,ne_ndot_english_standard_item_list_2010,true
ne_ndot_version_6000.73_current,ne_ndot_6000.73,,,PIER NO.14 EXCAVATION,,LUMP SUM,702.00,ne_ndot_english_standard_item_list_2010,true
ne_ndot_version_6000.74_current,ne_ndot_6000.74,,,PIER NO.15 EXCAVATION,,LUMP SUM,702.00,ne_ndot_english_standard_item_list_2010,true
ne_ndot_version_6000.75_current,ne_ndot_6000.75,,,PIER NO.16 EXCAVATION,,LUMP SUM,702.00,ne_ndot_english_standard_item_list_2010,true
ne_ndot_version_6000.76_current,ne_ndot_6000.76,,,PIER NO.17 EXCAVATION,,LUMP SUM,702.00,ne_ndot_english_standard_item_list_2010,true
ne_ndot_version_6000.77_historical,ne_ndot_6000.77,,,PIER NO.1 EXCAVATION,,LS,,ne_ndot_aup_july_june_2022_2023,false
ne_ndot_version_6000.78_historical,ne_ndot_6000.78,,,PIER NO.2 EXCAVATION,,LS,,ne_ndot_aup_july_june_2022_2023,false
ne_ndot_version_6001.00_current,ne_ndot_6001.00,,,BENT NO.1 EXCAVATION,,LUMP SUM,702.00,ne_ndot_english_standard_item_list_2010,true
ne_ndot_version_6001.01_current,ne_ndot_6001.01,,,BENT NO.2 EXCAVATION,,LUMP SUM,702.00,ne_ndot_english_standard_item_list_2010,true
ne_ndot_version_6001.02_current,ne_ndot_6001.02,,,BENT NO.3 EXCAVATION,,LUMP SUM,702.00,ne_ndot_english_standard_item_list_2010,true
ne_ndot_version_6001.03_current,ne_ndot_6001.03,,,BENT NO.4 EXCAVATION,,LUMP SUM,,ne_ndot_english_standard_item_list_2010,true
ne_ndot_version_6001.04_current,ne_ndot_6001.04,,,BENT NO.5 EXCAVATION,,LUMP SUM,702.00,ne_ndot_english_standard_item_list_2010,true
ne_ndot_version_6001.50_current,ne_ndot_6001.50,,,BENT NO.1 EXCAVATION,,LUMP SUM,702.00,ne_ndot_english_standard_item_list_2010,true
ne_ndot_version_6001.51_current,ne_ndot_6001.51,,,BENT NO.2 EXCAVATION,,LUMP SUM,702.00,ne_ndot_english_standard_item_list_2010,true
ne_ndot_version_6001.52_current,ne_ndot_6001.52,,,BENT NO.3 EXCAVATION,,LUMP SUM,702.00,ne_ndot_english_standard_item_list_2010,true
ne_ndot_version_6001.53_current,ne_ndot_6001.53,,,BENT NO.4 EXCAVATION,,LUMP SUM,702.00,ne_ndot_english_standard_item_list_2010,true
ne_ndot_version_6001.54_current,ne_ndot_6001.54,,,BENT NO.5 EXCAVATION,,LUMP SUM,702.00,ne_ndot_english_standard_item_list_2010,true
ne_ndot_version_6001.55_current,ne_ndot_6001.55,,,BENT NO.6 EXCAVATION,,LUMP SUM,702.00,ne_ndot_english_standard_item_list_2010,true
ne_ndot_version_6001.56_current,ne_ndot_6001.56,,,BENT NO.7 EXCAVATION,,LUMP SUM,702.00,ne_ndot_english_standard_item_list_2010,true
ne_ndot_version_6001.57_current,ne_ndot_6001.57,,,BENT NO.8 EXCAVATION,,LUMP SUM,702.00,ne_ndot_english_standard_item_list_2010,true
ne_ndot_version_6001.58_current,ne_ndot_6001.58,,,BENT NO.9 EXCAVATION,,LUMP SUM,702.00,ne_ndot_english_standard_item_list_2010,true
ne_ndot_version_6001.59_current,ne_ndot_6001.59,,,BENT NO.10 EXCAVATION,,LUMP SUM,702.00,ne_ndot_english_standard_item_list_2010,true
ne_ndot_version_6001.85_historical,ne_ndot_6001.85,,,PIER,,LS,,ne_ndot_aup_calendar_2023,false
ne_ndot_version_6001.86_current,ne_ndot_6001.86,,,PIER,,LUMP SUM,,ne_ndot_english_standard_item_list_2010,true
ne_ndot_version_6001.87_current,ne_ndot_6001.87,,,PIER,,LUMP SUM,,ne_ndot_english_standard_item_list_2010,true
ne_ndot_version_6001.88_current,ne_ndot_6001.88,,,PIER,,LUMP SUM,,ne_ndot_english_standard_item_list_2010,true
ne_ndot_version_6001.89_current,ne_ndot_6001.89,,,PIER,,LUMP SUM,,ne_ndot_english_standard_item_list_2010,true
ne_ndot_version_6001.90_current,ne_ndot_6001.90,,,PIER NO. 39 EXCAVATION,,LUMP SUM,702.00,ne_ndot_english_standard_item_list_2010,true
ne_ndot_version_6001.91_current,ne_ndot_6001.91,,,PIER NO. 39 EXCAVATION,,LUMP SUM,702.00,ne_ndot_english_standard_item_list_2010,true
ne_ndot_version_6001.92_current,ne_ndot_6001.92,,,PIER NO. 40 EXCAVATION,,LUMP SUM,702.00,ne_ndot_english_standard_item_list_2010,true
ne_ndot_version_6001.93_current,ne_ndot_6001.93,,,PIER NO. 40 EXCAVATION,,LUMP SUM,702.00,ne_ndot_english_standard_item_list_2010,true
ne_ndot_version_6001.95_current,ne_ndot_6001.95,,,PIER NO. 1A EXCAVATION,,LUMP SUM,702.00,ne_ndot_english_standard_item_list_2010,true
ne_ndot_version_6001.96_current,ne_ndot_6001.96,,,PIER NO. 2A EXCAVATION,,LUMP SUM,702.00,ne_ndot_english_standard_item_list_2010,true
ne_ndot_version_6001.97_current,ne_ndot_6001.97,,,PIER NO. 3B EXCAVATION,,LUMP SUM,702.00,ne_ndot_english_standard_item_list_2010,true
ne_ndot_version_6001.98_current,ne_ndot_6001.98,,,PIER NO. 5A EXCAVATION,,LUMP SUM,702.00,ne_ndot_english_standard_item_list_2010,true
ne_ndot_version_6002.00_current,ne_ndot_6002.00,,,COLUMN FOOTING NO.1 EXCAVATION,,LUMP SUM,,ne_ndot_english_standard_item_list_2010,true
ne_ndot_version_6002.01_current,ne_ndot_6002.01,,,COLUMN FOOTING NO.2 EXCAVATION,,LUMP SUM,,ne_ndot_english_standard_item_list_2010,true
ne_ndot_version_6002.02_current,ne_ndot_6002.02,,,COLUMN FOOTING NO.3 EXCAVATION,,LUMP SUM,,ne_ndot_english_standard_item_list_2010,true
ne_ndot_version_6002.03_current,ne_ndot_6002.03,,,COLUMN FOOTING NO.4 EXCAVATION,,LUMP SUM,,ne_ndot_english_standard_item_list_2010,true
ne_ndot_version_6002.04_current,ne_ndot_6002.04,,,COLUMN FOOTING NO.5 EXCAVATION,,LUMP SUM,,ne_ndot_english_standard_item_list_2010,true
ne_ndot_version_6002.05_current,ne_ndot_6002.05,,,COLUMN FOOTING NO.6 EXCAVATION,,LUMP SUM,,ne_ndot_english_standard_item_list_2010,true
ne_ndot_version_6002.06_current,ne_ndot_6002.06,,,COLUMN FOOTING NO.7 EXCAVATION,,LUMP SUM,,ne_ndot_english_standard_item_list_2010,true
ne_ndot_version_6002.07_current,ne_ndot_6002.07,,,COLUMN FOOTING NO.8 EXCAVATION,,LUMP SUM,,ne_ndot_english_standard_item_list_2010,true
ne_ndot_version_6003.00_current,ne_ndot_6003.00,,,GRANULAR MATERIAL FOR BRIDGE FOUNDATIONS,,CU YD,,ne_ndot_english_standard_item_list_2010,true
ne_ndot_version_6004.00_current,ne_ndot_6004.00,,,SAND FILL,,CU YD,,ne_ndot_english_standard_item_list_2010,true
ne_ndot_version_6004.01_current,ne_ndot_6004.01,,,SAND FILL,,LUMP SUM,,ne_ndot_english_standard_item_list_2010,true
ne_ndot_version_6004.02_current,ne_ndot_6004.02,,,SAND FILL,,TON,,ne_ndot_english_standard_item_list_2010,true
ne_ndot_version_6004.05_historical,ne_ndot_6004.05,,,SAND BEDDING,,CY,,ne_ndot_aup_july_june_2018_2019,false
ne_ndot_version_6004.48_historical,ne_ndot_6004.48,,,BRIDGE JOINT NOSING,,CF,,ne_ndot_aup_july_june_2025_2026,false
ne_ndot_version_6004.50_current,ne_ndot_6004.50,,,EXPANSION JOINT,,LIN FT,,ne_ndot_english_standard_item_list_2010,true
ne_ndot_version_6004.51_current,ne_ndot_6004.51,,,EXPANSION JOINT,,LIN FT,,ne_ndot_english_standard_item_list_2010,true
ne_ndot_version_6004.52_current,ne_ndot_6004.52,,,EXPANSION JOINT,,LIN FT,,ne_ndot_english_standard_item_list_2010,true
ne_ndot_version_6004.55_current,ne_ndot_6004.55,,,FINGER EXPANSION JOINT,,LIN FT,,ne_ndot_english_standard_item_list_2010,true
ne_ndot_version_6004.59_current,ne_ndot_6004.59,,,EXPANSION JOINT SEAL,,LIN FT,,ne_ndot_english_standard_item_list_2010,true
ne_ndot_version_6004.60_current,ne_ndot_6004.60,,,EXPANSION JOINT REPAIR,,LIN FT,,ne_ndot_english_standard_item_list_2010,true
ne_ndot_version_6004.80_current,ne_ndot_6004.80,,,RESET DECK JOINT SEALS,,LIN FT,,ne_ndot_english_standard_item_list_2010,true
ne_ndot_version_6004.90_current,ne_ndot_6004.90,,,REPLACING DECK JOINT SEALS,,LIN FT,,ne_ndot_english_standard_item_list_2010,true
ne_ndot_version_6004.98_historical,ne_ndot_6004.98,,,ASPHALT PLUG JOINT SYSTEM,,LF,,ne_ndot_aup_july_june_2025_2026,false
ne_ndot_version_6005.00_current,ne_ndot_6005.00,,,DECK JOINT SEALS,,LIN FT,,ne_ndot_english_standard_item_list_2010,true
ne_ndot_version_6005.10_current,ne_ndot_6005.10,,,"DECK JOINT SEAL, TYPE I",,LIN FT,729.00,ne_ndot_english_standard_item_list_2010,true
ne_ndot_version_6005.11_current,ne_ndot_6005.11,,,"DECK JOINT SEAL, TYPE II",,LIN FT,729.00,ne_ndot_english_standard_item_list_2010,true
ne_ndot_version_6005.12_current,ne_ndot_6005.12,,,"DECK JOINT SEAL, TYPE III",,LIN FT,729.00,ne_ndot_english_standard_item_list_2010,true
ne_ndot_version_6005.13_current,ne_ndot_6005.13,,,"DECK JOINT SEAL, TYPE IV",,LIN FT,729.00,ne_ndot_english_standard_item_list_2010,true
ne_ndot_version_6005.14_current,ne_ndot_6005.14,,,"DECK JOINT SEAL, TYPE IV",,LIN FT,729.00,ne_ndot_english_standard_item_list_2010,true
ne_ndot_version_6005.15_current,ne_ndot_6005.15,,,"DECK JOINT SEAL, TYPE IV",,LIN FT,729.00,ne_ndot_english_standard_item_list_2010,true
ne_ndot_version_6005.20_current,ne_ndot_6005.20,,,"DECK JOINT SEAL, TYPE A",,LIN FT,729.00,ne_ndot_english_standard_item_list_2010,true
ne_ndot_version_6005.25_current,ne_ndot_6005.25,,,ELASTOMERIC COMPRESSION SEAL,,LIN FT,,ne_ndot_english_standard_item_list_2010,true
ne_ndot_version_6005.26_historical,ne_ndot_6005.26,,,SEGMENTAL JOINT SEAL,,LF,,ne_ndot_aup_july_june_2022_2023,false
ne_ndot_version_6005.27_current,ne_ndot_6005.27,,,COMPRESSION JOINT SEAL,,LIN FT,,ne_ndot_english_standard_item_list_2010,true
ne_ndot_version_6005.28_current,ne_ndot_6005.28,,,"PREFORMED SILICONE JOINT, TYPE B",,LIN FT,,ne_ndot_english_standard_item_list_2010,true
ne_ndot_version_6005.30_current,ne_ndot_6005.30,,,"DECK JOINT SEAL, TYPE 650",,LIN FT,729.00,ne_ndot_english_standard_item_list_2010,true
ne_ndot_version_6005.31_current,ne_ndot_6005.31,,,"PREFORMED SILICONE JOINT, TYPE A",,LIN FT,,ne_ndot_english_standard_item_list_2010,true
ne_ndot_version_6005.32_current,ne_ndot_6005.32,,,"PREFORMED EXPANSION JOINT, TYPE A",,LIN FT,,ne_ndot_english_standard_item_list_2010,true
ne_ndot_version_6005.33_current,ne_ndot_6005.33,,,"PREFORMED EXPANSION JOINT, TYPE B",,LIN FT,,ne_ndot_english_standard_item_list_2010,true
ne_ndot_version_6005.34_current,ne_ndot_6005.34,,,SILICONE JOINT SEALER,,LIN FT,,ne_ndot_english_standard_item_list_2010,true
ne_ndot_version_6005.35_current,ne_ndot_6005.35,,,PRECOMPRESSED POLYURETHANE FOAM JOINT,,LIN FT,734.00,ne_ndot_english_standard_item_list_2010,true
ne_ndot_version_6005.36_current,ne_ndot_6005.36,,,"PRECOMPRESSED POLYURETHANE FOAM JOINT, TYPE A",,LIN FT,,ne_ndot_english_standard_item_list_2010,true
ne_ndot_version_6005.37_current,ne_ndot_6005.37,,,"PRECOMPRESSED POLYURETHANE FOAM JOINT, TYPE B",,LIN FT,,ne_ndot_english_standard_item_list_2010,true
ne_ndot_version_6005.38_current,ne_ndot_6005.38,,,STEEL TAPERED FILL PLATE,,EACH,,ne_ndot_english_standard_item_list_2010,true
ne_ndot_version_6005.39_current,ne_ndot_6005.39,,,SHIM PLATE,,EACH,,ne_ndot_english_standard_item_list_2010,true
ne_ndot_version_6005.60_current,ne_ndot_6005.60,,,ELASTOMERIC BEARING,,EACH,,ne_ndot_english_standard_item_list_2010,true
ne_ndot_version_6005.65_historical,ne_ndot_6005.65,,,"EXPANSION BEARING, PTFE TYPE",,EACH,,ne_ndot_aup_july_june_2025_2026,false
ne_ndot_version_6005.78_current,ne_ndot_6005.78,,,"EXPANSION BEARING, TFE TYPE",,EACH,712.00,ne_ndot_english_standard_item_list_2010,true
ne_ndot_version_6005.79_current,ne_ndot_6005.79,,,"EXPANSION BEARINGS, TFE TYPE (MODIFIED)",,EACH,,ne_ndot_english_standard_item_list_2010,true
ne_ndot_version_6005.80_current,ne_ndot_6005.80,,,"FIXED BEARING DEVICE, TYPE I",,EACH,713.00,ne_ndot_english_standard_item_list_2010,true
ne_ndot_version_6005.83_current,ne_ndot_6005.83,,,FIXED BEARING,,EACH,712.00,ne_ndot_english_standard_item_list_2010,true
ne_ndot_version_6005.84_current,ne_ndot_6005.84,,,FIXED BEARINGS (MODIFIED),,EACH,,ne_ndot_english_standard_item_list_2010,true
ne_ndot_version_6005.85_current,ne_ndot_6005.85,,,"GUIDED BEARING DEVICE, TYPE II",,EACH,713.00,ne_ndot_english_standard_item_list_2010,true
ne_ndot_version_6005.88_current,ne_ndot_6005.88,,,GUIDED DISC BEARING DEVICE,,EACH,,ne_ndot_english_standard_item_list_2010,true
ne_ndot_version_6005.90_current,ne_ndot_6005.90,,,"NON-GUIDED BEARING DEVICE, TYPE III",,EACH,713.00,ne_ndot_english_standard_item_list_2010,true
ne_ndot_version_6005.92_historical,ne_ndot_6005.92,,,DISC BEARING,,EACH,,ne_ndot_aup_july_june_2025_2026,false
ne_ndot_version_6005.93_historical,ne_ndot_6005.93,,,DISC BEARING,,EACH,,ne_ndot_aup_july_june_2019_2020,false
ne_ndot_version_6005.95_current,ne_ndot_6005.95,,,RESETTING BEARING DEVICE,,EACH,,ne_ndot_english_standard_item_list_2010,true
ne_ndot_version_6005.99_current,ne_ndot_6005.99,,,"FABRICATING EXPANSION BEARING, TFE TYPE",,EACH,,ne_ndot_english_standard_item_list_2010,true
ne_ndot_version_6006.50_current,ne_ndot_6006.50,,,DIAMOND GRINDING,,SQ YD,,ne_ndot_english_standard_item_list_2010,true
ne_ndot_version_6006.51_current,ne_ndot_6006.51,,,DIAMOND GRINDING,,LUMP SUM,,ne_ndot_english_standard_item_list_2010,true
ne_ndot_version_6006.52_historical,ne_ndot_6006.52,,,GRIND CONCRETE CURB,,LF,,ne_ndot_aup_calendar_2024,false
ne_ndot_version_6006.55_current,ne_ndot_6006.55,,,DIAMOND GRINDING AND TEXTURING CONCRETE BRIDGE DECK,,SQ YD,,ne_ndot_english_standard_item_list_2010,true
ne_ndot_version_6006.56_current,ne_ndot_6006.56,,,BRIDGE DECK GROOVING,,SQ YD,,ne_ndot_english_standard_item_list_2010,true
ne_ndot_version_6007.01_current,ne_ndot_6007.01,,,CLASS I REPAIR,,SQ YD,710.00,ne_ndot_english_standard_item_list_2010,true
ne_ndot_version_6007.02_current,ne_ndot_6007.02,,,CLASS II REPAIR,,SQ YD,710.00,ne_ndot_english_standard_item_list_2010,true
ne_ndot_version_6007.03_current,ne_ndot_6007.03,,,CLASS III REPAIR,,SQ YD,710.00,ne_ndot_english_standard_item_list_2010,true
ne_ndot_version_6007.10_current,ne_ndot_6007.10,,,CONCRETE DECK PATCHING,,SQ YD,,ne_ndot_english_standard_item_list_2010,true
ne_ndot_version_6007.11_historical,ne_ndot_6007.11,,,POLYMER CONCRETE FOR JOINT REPAIRS,,CY,,ne_ndot_aup_july_june_2025_2026,false
ne_ndot_version_6007.12_current,ne_ndot_6007.12,,,CONCRETE BRIDGE DECK REPAIR,,SQ YD,,ne_ndot_english_standard_item_list_2010,true
ne_ndot_version_6007.13_historical,ne_ndot_6007.13,,,POLYMER CONCRETE BRIDGE DECK REPAIR,,SY,,ne_ndot_aup_july_june_2025_2026,false
ne_ndot_version_6007.14_historical,ne_ndot_6007.14,,,POLYMER CONCRETE BRIDGE APPROACH REPAIR,,SY,,ne_ndot_aup_july_june_2025_2026,false
ne_ndot_version_6007.22_historical,ne_ndot_6007.22,,,"BRIDGE DECK REPAIR, PARTIAL DEPTH",,SY,,ne_ndot_aup_calendar_2018,false
ne_ndot_version_6008.00_current,ne_ndot_6008.00,,,RAILROAD APPROACH SPANS,,EACH,,ne_ndot_english_standard_item_list_2010,true
ne_ndot_version_6008.40_current,ne_ndot_6008.40,,,"PLACING, FINISHING, AND CURING CONCRETE OVERLAY-SF",,SQ YD,710.00,ne_ndot_english_standard_item_list_2010,true
ne_ndot_version_6008.45_current,ne_ndot_6008.45,,,"PLACING, FINISHING, AND CURING CONDUCTIVE CONCRETE",,SQ YD,,ne_ndot_english_standard_item_list_2010,true
ne_ndot_version_6008.47_historical,ne_ndot_6008.47,,,"PLACING, FINISHING AND CURING CONCRETE OVERLAY-47B-OL",,SY,,ne_ndot_aup_july_june_2025_2026,false
ne_ndot_version_6008.50_current,ne_ndot_6008.50,,,"PLACING, FINISHING, AND CURING HD CONCRETE OVERLAY",,SQ YD,711.00,ne_ndot_english_standard_item_list_2010,true
ne_ndot_version_6008.55_current,ne_ndot_6008.55,,,"PLACING, FINISHING, AND CURING TYPE K CONCRETE OVERLAY",,SQ YD,,ne_ndot_english_standard_item_list_2010,true
ne_ndot_version_6008.60_historical,ne_ndot_6008.60,,,HIGH FRICTION SURFACE TREATMENT(1-LAYER),,SY,,ne_ndot_aup_july_june_2024_2025,false
ne_ndot_version_6008.61_historical,ne_ndot_6008.61,,,HIGH FRICTION SURFACE TREATMENT(2-LAYER),,SY,,ne_ndot_aup_calendar_2021,false
ne_ndot_version_6008.63_historical,ne_ndot_6008.63,,,DECK SURFACE TREATMENT,,SF,,ne_ndot_aup_july_june_2025_2026,false
ne_ndot_version_6008.64_historical,ne_ndot_6008.64,,,FURNISHING RESIN FOR FLOOD COAT,,GAL,,ne_ndot_aup_july_june_2025_2026,false
ne_ndot_version_6009.00_current,ne_ndot_6009.00,,,PRECAST CONCRETE TOWERS,,LIN FT,,ne_ndot_english_standard_item_list_2010,true
ne_ndot_version_6009.94_current,ne_ndot_6009.94,,,CLASS 47B-HE-4000 CONCRETE FOR BRIDGE,,CU YD,,ne_ndot_english_standard_item_list_2010,true
ne_ndot_version_6010.03_current,ne_ndot_6010.03,,,LIGHTWEIGHT CONCRETE,,CU YD,,ne_ndot_english_standard_item_list_2010,true
ne_ndot_version_6010.05_historical,ne_ndot_6010.05,,,ULTRA-HIGH PERFORMANCE CONCRETE FOR BRIDGE,,LF,,ne_ndot_aup_july_june_2017_2018,false
ne_ndot_version_6010.06_historical,ne_ndot_6010.06,,,ULTRA-HIGH PERFORMANCE CONCRETE FOR BRIDGE,,CY,,ne_ndot_aup_july_june_2025_2026,false
ne_ndot_version_6010.12_historical,ne_ndot_6010.12,,,CLASS 47B-4000 CONCRETE FOR BRIDGE,,CY,,ne_ndot_aup_calendar_2023,false
ne_ndot_version_6010.13_current,ne_ndot_6010.13,,,CLASS PR-4000 CONCRETE FOR BRIDGE,,CU YD,,ne_ndot_english_standard_item_list_2010,true
ne_ndot_version_6010.15_current,ne_ndot_6010.15,,,CLASS PR1-3500 CONCRETE FOR BRIDGE,,CU YD,,ne_ndot_english_standard_item_list_2010,true
ne_ndot_version_6010.17_current,ne_ndot_6010.17,,,CLASS 47BD-4000 CONCRETE FOR BRIDGE,,SQ YD,704.00,ne_ndot_english_standard_item_list_2010,true
ne_ndot_version_6010.18_current,ne_ndot_6010.18,,,CLASS 47B-3500 CONCRETE FOR BRIDGE,,SQ YD,704.00,ne_ndot_english_standard_item_list_2010,true
ne_ndot_version_6010.20_current,ne_ndot_6010.20,,,CLASS 47B-3500 CONCRETE FOR BRIDGE,,CU YD,704.00,ne_ndot_english_standard_item_list_2010,true
ne_ndot_version_6010.22_current,ne_ndot_6010.22,,,CLASS 47B-3000 CONCRETE FOR BRIDGE,,CU YD,704.00,ne_ndot_english_standard_item_list_2010,true
ne_ndot_version_6010.26_current,ne_ndot_6010.26,,,CLASS 47BD-4000 CONCRETE FOR BRIDGE,,CU YD,704.00,ne_ndot_english_standard_item_list_2010,true
ne_ndot_version_6010.27_current,ne_ndot_6010.27,,,CLASS 47BD-3500 CONCRETE FOR BRIDGE,,CU YD,704.00,ne_ndot_english_standard_item_list_2010,true
ne_ndot_version_6010.28_current,ne_ndot_6010.28,,,CLASS 47BD-5000 CONCRETE FOR BRIDGE,,CU YD,704.00,ne_ndot_english_standard_item_list_2010,true
ne_ndot_version_6010.29_current,ne_ndot_6010.29,,,CLASS 47BD-3500 CONCRETE FOR BRIDGE,,SQ YD,704.00,ne_ndot_english_standard_item_list_2010,true
ne_ndot_version_6010.30_current,ne_ndot_6010.30,,,CLASS 47B-4000 CONCRETE FOR BRIDGE TYPE IP,,CU YD,,ne_ndot_english_standard_item_list_2010,true
ne_ndot_version_6010.31_current,ne_ndot_6010.31,,,CLASS 47B-P-6000 CONCRETE FOR BRIDGE,,CU YD,704.00,ne_ndot_english_standard_item_list_2010,true
ne_ndot_version_6010.32_historical,ne_ndot_6010.32,,,CLASS 47BD-R-4000 CONCRETE FOR BRIDGE,,CY,,ne_ndot_aup_calendar_2024,false
ne_ndot_version_6010.33_current,ne_ndot_6010.33,,,CLASS 47BD-6000 CONCRETE FOR BRIDGE,,CU YD,704.00,ne_ndot_english_standard_item_list_2010,true
ne_ndot_version_6010.34_current,ne_ndot_6010.34,,,CLASS 47BD-8000 CONCRETE FOR BRIDGE,,CU YD,704.00,ne_ndot_english_standard_item_list_2010,true
ne_ndot_version_6010.35_current,ne_ndot_6010.35,,,CONDUCTIVE CONCRETE,,CU YD,,ne_ndot_english_standard_item_list_2010,true
ne_ndot_version_6010.36_current,ne_ndot_6010.36,,,SELF CONSOLIDATING CONCRETE,,CU YD,,ne_ndot_english_standard_item_list_2010,true
ne_ndot_version_6010.37_current,ne_ndot_6010.37,,,SELF CONSOLIDATING CONCRETE - TYPE K CEMENT,,CU YD,,ne_ndot_english_standard_item_list_2010,true
ne_ndot_version_6010.38_current,ne_ndot_6010.38,,,CLASS 47BD-5500 CONCRETE FOR BRIDGE,,CU YD,704.00,ne_ndot_english_standard_item_list_2010,true
ne_ndot_version_6010.39_historical,ne_ndot_6010.39,,,CLASS IC20-4000 CONCRETE FOR BRIDGE,,CY,,ne_ndot_aup_july_june_2022_2023,false
ne_ndot_version_6010.40_current,ne_ndot_6010.40,,,CLASS 47BD-4000 CONCRETE FOR BARRIER,,CU YD,704.00,ne_ndot_english_standard_item_list_2010,true
ne_ndot_version_6010.41_historical,ne_ndot_6010.41,,,CLASS 47BD-IC-4000 CONCRETE FOR BRIDGE,,CY,,ne_ndot_aup_july_june_2025_2026,false
ne_ndot_version_6010.42_current,ne_ndot_6010.42,,,CLASS 47BD-4000 CONCRETE FOR BARRIER TYPE F,,CU YD,,ne_ndot_english_standard_item_list_2010,true
ne_ndot_version_6010.45_current,ne_ndot_6010.45,,,CLASS 47BD-3000 CONCRETE FOR RAMPS,,SQ FT,,ne_ndot_english_standard_item_list_2010,true
ne_ndot_version_6010.46_current,ne_ndot_6010.46,,,CLASS 47BD-3500 CONCRETE FOR RAMPS,,SQ FT,,ne_ndot_english_standard_item_list_2010,true
ne_ndot_version_6010.47_current,ne_ndot_6010.47,,,CLASS 47B-3500 CONCRETE FOR RAMPS,,SQ FT,,ne_ndot_english_standard_item_list_2010,true
ne_ndot_version_6010.48_current,ne_ndot_6010.48,,,CLASS 47BD-4000 CONCRETE FOR RAMPS,,SQ FT,,ne_ndot_english_standard_item_list_2010,true
ne_ndot_version_6010.51_historical,ne_ndot_6010.51,,,CLASS 47B-3000 CONCRETE FOR PRECAST ABUTMENT CAPS,,CY,,ne_ndot_aup_calendar_2019,false
ne_ndot_version_6010.52_historical,ne_ndot_6010.52,,,CLASS 47B-3000 CONCRETE FOR PRECAST ABUTMENT WINGS,,CY,,ne_ndot_aup_calendar_2019,false
ne_ndot_version_6010.53_historical,ne_ndot_6010.53,,,CLASS 47B-3000 CONCRETE FOR PRECAST GRADE BEAMS,,CY,,ne_ndot_aup_calendar_2019,false
ne_ndot_version_6010.54_historical,ne_ndot_6010.54,,,CLASS 47B-3000 CONCRETE FOR PRECAST PIER CAPS,,CY,,ne_ndot_aup_calendar_2019,false
ne_ndot_version_6010.61_historical,ne_ndot_6010.61,,,CLASS 47BD-4000 CONCRETE FOR PRECAST APPROACH SECTION PANELS,,CY,,ne_ndot_aup_calendar_2019,false
ne_ndot_version_6010.62_historical,ne_ndot_6010.62,,,CLASS 47BD-4000 CONCRETE FOR PRECAST PAVING SECTION PANEL,,CY,,ne_ndot_aup_calendar_2019,false
ne_ndot_version_6010.75_current,ne_ndot_6010.75,,,CLASS 47BD-4000 CONCRETE FOR PIER PROTECTION,,CU YD,704.00,ne_ndot_english_standard_item_list_2010,true
ne_ndot_version_6010.78_current,ne_ndot_6010.78,,,CLASS 47BD-4000 CONCRETE FOR CONCRETE RAIL,,CU YD,704.00,ne_ndot_english_standard_item_list_2010,true
ne_ndot_version_6010.80_current,ne_ndot_6010.80,,,CLASS 47BD-4000 CONCRETE FOR BRIDGE,,CU YD,704.00,ne_ndot_english_standard_item_list_2010,true
ne_ndot_version_6010.81_current,ne_ndot_6010.81,,,CLASS 47BD-4000 CONCRETE FOR BRIDGE,,CU YD,704.00,ne_ndot_english_standard_item_list_2010,true
ne_ndot_version_6010.82_current,ne_ndot_6010.82,,,CLASS 47BD-4000 CONCRETE FOR BRIDGE,,CU YD,704.00,ne_ndot_english_standard_item_list_2010,true
ne_ndot_version_6010.83_historical,ne_ndot_6010.83,,,CONCRETE CLASS 47BD-4000 SIDEWALK,,SY,,ne_ndot_aup_calendar_2019,false
ne_ndot_version_6010.84_historical,ne_ndot_6010.84,,,CONCRETE CLASS 47BD-4000 SIDEWALK,,SY,,ne_ndot_aup_calendar_2019,false
ne_ndot_version_6010.85_historical,ne_ndot_6010.85,,,REINFORCED CONCRETE PAVEMENT CLASS 47BD-4000,,SY,,ne_ndot_aup_july_june_2023_2024,false
ne_ndot_version_6010.94_current,ne_ndot_6010.94,,,"4"" CONCRETE CLASS 47BD-4000 IMPRINTED MEDIAN SURFACING",,SQ YD,,ne_ndot_english_standard_item_list_2010,true
ne_ndot_version_6011.11_current,ne_ndot_6011.11,,,PRECAST/PRESTRESSED CONCRETE SUPERSTRUCTURE AT STATION,,LUMP SUM,705.00,ne_ndot_english_standard_item_list_2010,true
ne_ndot_version_6011.12_current,ne_ndot_6011.12,,,PRECAST-PRESTRESSED/POST-TENSIONED CONCRETE SUPERSTRUCTURE AT STATION,,LUMP SUM,,ne_ndot_english_standard_item_list_2010,true
ne_ndot_version_6011.13_historical,ne_ndot_6011.13,,,PRECAST/PRESTRESSED CONCRETE SUPERSTRUCTURE,,LS,,ne_ndot_aup_july_june_2017_2018,false
ne_ndot_version_6011.16_historical,ne_ndot_6011.16,,,PRECAST/PRESTRESSED CONCRETE SUPERSTRUCTURE,,LS,,ne_ndot_aup_july_june_2017_2018,false
ne_ndot_version_6011.19_historical,ne_ndot_6011.19,,,PRECAST/PRESTRESSED ULTRA-HIGH PERFORMANCE CONCRETE SPUOPSET-RTSETNRSUIOCNTIUNRGE,,CY,,ne_ndot_aup_calendar_2024,false
ne_ndot_version_6011.25_current,ne_ndot_6011.25,,,NU-DECK PANELS,,LUMP SUM,,ne_ndot_english_standard_item_list_2010,true
ne_ndot_version_6011.27_current,ne_ndot_6011.27,,,PRECAST DECK PANELS,,LUMP SUM,,ne_ndot_english_standard_item_list_2010,true
ne_ndot_version_6011.28_current,ne_ndot_6011.28,,,PRECAST DECK PANELS,,LUMP SUM,,ne_ndot_english_standard_item_list_2010,true
ne_ndot_version_6011.30_current,ne_ndot_6011.30,,,CAST GIRDER UNIT,,CU YD,,ne_ndot_english_standard_item_list_2010,true
ne_ndot_version_6012.02_current,ne_ndot_6012.02,,,PRESTRESSED CONCRETE CLASS 47B-P-6500 OR 47B-PHE-6500,,CU YD,,ne_ndot_english_standard_item_list_2010,true
ne_ndot_version_6013.00_current,ne_ndot_6013.00,,,SPLICE PRESTRESSED CONCRETE GIRDER,,EACH,,ne_ndot_english_standard_item_list_2010,true
ne_ndot_version_6013.25_current,ne_ndot_6013.25,,,"1/2"" DIAMETER POST-TENSIONING STRAND",,LIN FT,,ne_ndot_english_standard_item_list_2010,true
ne_ndot_version_6013.50_current,ne_ndot_6013.50,,,FKT COUPLING SYSTEM,,EACH,,ne_ndot_english_standard_item_list_2010,true
ne_ndot_version_6013.70_current,ne_ndot_6013.70,,,CABLE STAYS,,POUND,,ne_ndot_english_standard_item_list_2010,true
ne_ndot_version_6013.72_current,ne_ndot_6013.72,,,POST-TENSIONING BARS,,POUND,,ne_ndot_english_standard_item_list_2010,true
ne_ndot_version_6013.75_current,ne_ndot_6013.75,,,POST-TENSIONING,,POUND,,ne_ndot_english_standard_item_list_2010,true
ne_ndot_version_6013.76_current,ne_ndot_6013.76,,,POST-TENSIONING,,LIN FT,,ne_ndot_english_standard_item_list_2010,true
ne_ndot_version_6013.77_historical,ne_ndot_6013.77,,,SPUOPSET-RTSETNRSUIOCNTIUNRGE,,LS,,ne_ndot_aup_calendar_2024,false
ne_ndot_version_6016.00_current,ne_ndot_6016.00,,,CONCRETE FOR OVERLAYS-HD,,CU YD,711.00,ne_ndot_english_standard_item_list_2010,true
ne_ndot_version_6016.02_current,ne_ndot_6016.02,,,CONCRETE FOR OVERLAYS-SF,,CU YD,710.00,ne_ndot_english_standard_item_list_2010,true
ne_ndot_version_6016.04_current,ne_ndot_6016.04,,,CONCRETE FOR OVERLAYS-TYPE K,,CU YD,,ne_ndot_english_standard_item_list_2010,true
ne_ndot_version_6016.06_historical,ne_ndot_6016.06,,,CONCRETE FOR OVERLAYS-47B-OL,,CY,,ne_ndot_aup_july_june_2025_2026,false
ne_ndot_version_6016.09_current,ne_ndot_6016.09,,,CONCRETE FOR BRIDGES SF,,CU YD,,ne_ndot_english_standard_item_list_2010,true
ne_ndot_version_6016.10_current,ne_ndot_6016.10,,,CLASS 47BD-SF MODIFIED CONCRETE,,CU YD,,ne_ndot_english_standard_item_list_2010,true
ne_ndot_version_6016.12_historical,ne_ndot_6016.12,,,POLYESTER CONCRETE OVERLAY,,CY,,ne_ndot_aup_calendar_2025,false
ne_ndot_version_6016.13_historical,ne_ndot_6016.13,,,POLYESTER POLYMER CONCRETE OVERLAY,,CY,,ne_ndot_aup_calendar_2025,false
ne_ndot_version_6016.14_historical,ne_ndot_6016.14,,,PLACING AND FINISHING POLYESTER POLYMER CONCRETE OVERLAY,,SY,,ne_ndot_aup_calendar_2025,false
ne_ndot_version_6016.15_historical,ne_ndot_6016.15,,,PCC OVERLAY TRIAL PLACEMENT,,LS,,ne_ndot_aup_calendar_2025,false
ne_ndot_version_6016.16_historical,ne_ndot_6016.16,,,PPC OVERLAY TRIAL PLACEMENT,,LS,,ne_ndot_aup_july_june_2024_2025,false
ne_ndot_version_6016.20_historical,ne_ndot_6016.20,,,MULTI-LAYER EPOXY POLYMER OVERLAY,,SY,,ne_ndot_aup_calendar_2025,false
ne_ndot_version_6016.50_current,ne_ndot_6016.50,,,SIDEWALK OVERLAY,,SQ YD,,ne_ndot_english_standard_item_list_2010,true
ne_ndot_version_6017.00_current,ne_ndot_6017.00,,,TRIAL PLACEMENT,,LUMP SUM,710.00,ne_ndot_english_standard_item_list_2010,true
ne_ndot_version_6017.10_current,ne_ndot_6017.10,,,CORR-STOPS CORROSION MITIGATION ANODE INSTALLATION,,LUMP SUM,,ne_ndot_english_standard_item_list_2010,true
ne_ndot_version_6019.00_current,ne_ndot_6019.00,,,BIRD SPIKES,,LIN FT,,ne_ndot_english_standard_item_list_2010,true
ne_ndot_version_6019.97_historical,ne_ndot_6019.97,,,FRP ANGLE,,LF,,ne_ndot_aup_july_june_2025_2026,false
ne_ndot_version_6020.00_current,ne_ndot_6020.00,,,REINFORCING STEEL FOR BRIDGE,,POUND,707.00,ne_ndot_english_standard_item_list_2010,true
ne_ndot_version_6020.01_historical,ne_ndot_6020.01,,,HIGH STRENGTH REINFORCING STEEL MMFX CS,,LB,,ne_ndot_aup_calendar_2024,false
ne_ndot_version_6020.03_current,ne_ndot_6020.03,,,EPOXY COATED REINFORCING STEEL FOR CONCRETE RAIL,,POUND,,ne_ndot_english_standard_item_list_2010,true
ne_ndot_version_6020.04_current,ne_ndot_6020.04,,,REINFORCING STEEL FOR CONCRETE RAIL,,POUND,707.00,ne_ndot_english_standard_item_list_2010,true
ne_ndot_version_6020.11_current,ne_ndot_6020.11,,,MODIFICATION OF REINFORCING STEEL,,EACH,,ne_ndot_english_standard_item_list_2010,true
ne_ndot_version_6020.15_current,ne_ndot_6020.15,,,REINFORCING STEEL FOR BARRIER,,POUND,707.00,ne_ndot_english_standard_item_list_2010,true
ne_ndot_version_6020.20_current,ne_ndot_6020.20,,,DRILL AND PLACE REBAR,,EACH,,ne_ndot_english_standard_item_list_2010,true
ne_ndot_version_6020.25_current,ne_ndot_6020.25,,,DRILL AND DOWEL BARS,,EACH,,ne_ndot_english_standard_item_list_2010,true
ne_ndot_version_6025.00_current,ne_ndot_6025.00,,,INSPECT BRIDGE DECK UNDERSURFACE,,SQ FT,,ne_ndot_english_standard_item_list_2010,true
ne_ndot_version_6025.20_current,ne_ndot_6025.20,,,REPAIR BRIDGE DECK UNDERSURFACE,,SQ FT,,ne_ndot_english_standard_item_list_2010,true
ne_ndot_version_6030.00_current,ne_ndot_6030.00,,,PREPARATION OF BRIDGE AT STATION,,EACH,704.00,ne_ndot_english_standard_item_list_2010,true
ne_ndot_version_6030.01_current,ne_ndot_6030.01,,,PREPARATION OF BRIDGE AT STATION,,EACH,704.00,ne_ndot_english_standard_item_list_2010,true
ne_ndot_version_6030.02_current,ne_ndot_6030.02,,,PREPARATION OF BRIDGE AT STATION,,EACH,704.00,ne_ndot_english_standard_item_list_2010,true
ne_ndot_version_6030.03_current,ne_ndot_6030.03,,,PREPARATION OF BRIDGE AT STATION,,EACH,704.00,ne_ndot_english_standard_item_list_2010,true
ne_ndot_version_6030.04_current,ne_ndot_6030.04,,,PREPARATION OF BRIDGE AT STATION,,EACH,704.00,ne_ndot_english_standard_item_list_2010,true
ne_ndot_version_6030.05_current,ne_ndot_6030.05,,,PREPARATION OF BRIDGE,,EACH,,ne_ndot_english_standard_item_list_2010,true
ne_ndot_version_6030.06_current,ne_ndot_6030.06,,,PREPARATION OF BRIDGE,,EACH,,ne_ndot_english_standard_item_list_2010,true
ne_ndot_version_6030.07_current,ne_ndot_6030.07,,,PREPARATION OF BRIDGE,,EACH,,ne_ndot_english_standard_item_list_2010,true
ne_ndot_version_6030.16_historical,ne_ndot_6030.16,,,BRIDGE DECK PREPARATION,,SY,,ne_ndot_aup_july_june_2025_2026,false
ne_ndot_version_6030.17_historical,ne_ndot_6030.17,,,BRIDGE DECK PREPARATION,,SF,,ne_ndot_aup_calendar_2024,false
ne_ndot_version_6040.00_current,ne_ndot_6040.00,,,REMOVE STRUCTURE,,EACH,203.00,ne_ndot_english_standard_item_list_2010,true
ne_ndot_version_6040.01_current,ne_ndot_6040.01,,,REMOVE STRUCTURE,,EACH,203.00,ne_ndot_english_standard_item_list_2010,true
ne_ndot_version_6040.02_current,ne_ndot_6040.02,,,REMOVE STRUCTURE,,EACH,203.00,ne_ndot_english_standard_item_list_2010,true
ne_ndot_version_6040.03_current,ne_ndot_6040.03,,,REMOVE STRUCTURE,,EACH,203.00,ne_ndot_english_standard_item_list_2010,true
ne_ndot_version_6040.04_current,ne_ndot_6040.04,,,REMOVE STRUCTURE,,EACH,203.00,ne_ndot_english_standard_item_list_2010,true
ne_ndot_version_6040.05_current,ne_ndot_6040.05,,,REMOVE STRUCTURE,,EACH,203.00,ne_ndot_english_standard_item_list_2010,true
ne_ndot_version_6040.40_historical,ne_ndot_6040.40,,,HYDRO-DEMOLITION,,SY,,ne_ndot_aup_july_june_2025_2026,false
ne_ndot_version_6040.50_current,ne_ndot_6040.50,,,REMOVE CAISSON,,EACH,203.00,ne_ndot_english_standard_item_list_2010,true
ne_ndot_version_6040.60_current,ne_ndot_6040.60,,,REMOVE CONCRETE ABUTMENT,,EACH,203.00,ne_ndot_english_standard_item_list_2010,true
ne_ndot_version_6041.00_current,ne_ndot_6041.00,,,REMOVE DETOUR BRIDGE,,EACH,,ne_ndot_english_standard_item_list_2010,true
ne_ndot_version_6042.00_current,ne_ndot_6042.00,,,REMOVE BANK PROTECTION JETTIES,,EACH,,ne_ndot_english_standard_item_list_2010,true
ne_ndot_version_6045.00_current,ne_ndot_6045.00,,,ERECT GIRDER,,EACH,,ne_ndot_english_standard_item_list_2010,true
ne_ndot_version_6045.10_current,ne_ndot_6045.10,,,GIRDER INSTALLATION,,LUMP SUM,,ne_ndot_english_standard_item_list_2010,true
ne_ndot_version_6049.50_historical,ne_ndot_6049.50,,,BRIDGE TRANSITION STRUCTURE,,EACH,,ne_ndot_aup_july_june_2025_2026,false
ne_ndot_version_6051.00_current,ne_ndot_6051.00,,,STEEL GRID FLOOR,,SQ FT,,ne_ndot_english_standard_item_list_2010,true
ne_ndot_version_6052.00_current,ne_ndot_6052.00,,,ERECTING DETOUR BRIDGE,,EACH,,ne_ndot_english_standard_item_list_2010,true
ne_ndot_version_6052.51_historical,ne_ndot_6052.51,,,ACCESS BRIDGE,,SF,,ne_ndot_aup_calendar_2020,false
ne_ndot_version_6052.52_current,ne_ndot_6052.52,,,ACCESS BRIDGE,,LUMP SUM,,ne_ndot_english_standard_item_list_2010,true
ne_ndot_version_6052.53_historical,ne_ndot_6052.53,,,ACCESS BRIDGE,,SF,,ne_ndot_aup_calendar_2019,false
ne_ndot_version_6052.54_historical,ne_ndot_6052.54,,,ACCESS BRIDGE,,SF,,ne_ndot_aup_calendar_2019,false
ne_ndot_version_6052.55_current,ne_ndot_6052.55,,,ACCESS CROSSING,,LUMP SUM,,ne_ndot_english_standard_item_list_2010,true
ne_ndot_version_6052.56_historical,ne_ndot_6052.56,,,ACCESS CROSSING,,LS,,ne_ndot_aup_july_june_2019_2020,false
ne_ndot_version_6052.58_historical,ne_ndot_6052.58,,,ACCESS BRIDGE,,LS,,ne_ndot_aup_july_june_2025_2026,false
ne_ndot_version_6052.59_historical,ne_ndot_6052.59,,,TEMPORARY BRIDGE,,LS,,ne_ndot_aup_calendar_2024,false
ne_ndot_version_6052.71_historical,ne_ndot_6052.71,,,ACCESS PLATFORM,,LS,,ne_ndot_aup_july_june_2023_2024,false
ne_ndot_version_6053.00_current,ne_ndot_6053.00,,,STEEL BRIDGE PLANK,,SQ FT,,ne_ndot_english_standard_item_list_2010,true
ne_ndot_version_6060.00_current,ne_ndot_6060.00,,,UNTREATED BRIDGE TIMBER,,CU YD,,ne_ndot_english_standard_item_list_2010,true
ne_ndot_version_6061.00_current,ne_ndot_6061.00,,,TREATED BRIDGE TIMBER,,CU YD,,ne_ndot_english_standard_item_list_2010,true
ne_ndot_version_6061.01_historical,ne_ndot_6061.01,,,TREATED TIMBER,,LF,,ne_ndot_aup_july_june_2023_2024,false
ne_ndot_version_6062.00_current,ne_ndot_6062.00,,,TREATED TIMBER RETAINING WALL,,SQ FT,,ne_ndot_english_standard_item_list_2010,true
ne_ndot_version_6070.00_current,ne_ndot_6070.00,,,PRECAST CONCRETE PIER WALLS,,LUMP SUM,,ne_ndot_english_standard_item_list_2010,true
ne_ndot_version_6070.50_current,ne_ndot_6070.50,,,PEDESTRIAN BRIDGE,,LUMP SUM,,ne_ndot_english_standard_item_list_2010,true
ne_ndot_version_6070.51_current,ne_ndot_6070.51,,,PEDESTRIAN BRIDGE,,LUMP SUM,,ne_ndot_english_standard_item_list_2010,true
ne_ndot_version_6070.53_historical,ne_ndot_6070.53,,,PEDESTRIAN BRIDGE,,LS,,ne_ndot_aup_july_june_2020_2021,false
ne_ndot_version_6070.54_historical,ne_ndot_6070.54,,,PEDESTRIAN RAMP STRUCTURE,,EACH,,ne_ndot_aup_july_june_2025_2026,false
ne_ndot_version_6070.55_current,ne_ndot_6070.55,,,PEDESTRIAN BRIDGE REDECKING,,LUMP SUM,,ne_ndot_english_standard_item_list_2010,true
ne_ndot_version_6070.70_current,ne_ndot_6070.70,,,WOOD PEDESTRIAN BRIDGE,,LUMP SUM,,ne_ndot_english_standard_item_list_2010,true
ne_ndot_version_6070.71_current,ne_ndot_6070.71,,,WOOD PEDESTRIAN BRIDGE,,LUMP SUM,,ne_ndot_english_standard_item_list_2010,true
ne_ndot_version_6070.80_current,ne_ndot_6070.80,,,PRECAST/PRESTRESSED CONCRETE RAMP STRUCTURE,,LUMP SUM,,ne_ndot_english_standard_item_list_2010,true
ne_ndot_version_6070.90_current,ne_ndot_6070.90,,,PREFABRICATED STEEL RAMP STRUCTURE,,LUMP SUM,,ne_ndot_english_standard_item_list_2010,true
ne_ndot_version_6070.94_current,ne_ndot_6070.94,,,STRUCTURAL STEEL FRAME FOR RAMPS,,LUMP SUM,,ne_ndot_english_standard_item_list_2010,true
ne_ndot_version_6071.10_current,ne_ndot_6071.10,,,STEEL SUPERSTRUCTURE AT STATION,,LUMP SUM,708.00,ne_ndot_english_standard_item_list_2010,true
ne_ndot_version_6071.11_current,ne_ndot_6071.11,,,STEEL SUPERSTRUCTURE AT STATION,,LUMP SUM,708.00,ne_ndot_english_standard_item_list_2010,true
ne_ndot_version_6071.12_current,ne_ndot_6071.12,,,STEEL SUPERSTRUCTURE AT STATION,,LUMP SUM,708.00,ne_ndot_english_standard_item_list_2010,true
ne_ndot_version_6071.13_current,ne_ndot_6071.13,,,STEEL SUPERSTRUCTURE AT STATION,,LUMP SUM,708.00,ne_ndot_english_standard_item_list_2010,true
ne_ndot_version_6071.14_historical,ne_ndot_6071.14,,,STEEL SUPERSTRUCTURE AT STATION,,LS,,ne_ndot_aup_july_june_2025_2026,false
ne_ndot_version_6071.16_historical,ne_ndot_6071.16,,,STEEL SUPERSTRUCTURE,,LS,,ne_ndot_aup_calendar_2023,false
ne_ndot_version_6071.20_current,ne_ndot_6071.20,,,FABRICATING STEEL SUPERSTRUCTURE,,LUMP SUM,,ne_ndot_english_standard_item_list_2010,true
ne_ndot_version_6071.25_current,ne_ndot_6071.25,,,TIMBER SUPERSTRUCTURE,,LUMP SUM,,ne_ndot_english_standard_item_list_2010,true
ne_ndot_version_6080.00_current,ne_ndot_6080.00,,,STRUCTURAL STEEL FOR SUBSTRUCTURE,,POUND,708.00,ne_ndot_english_standard_item_list_2010,true
ne_ndot_version_6081.00_current,ne_ndot_6081.00,,,STRUCTURAL STEEL FOR SUPERSTRUCTURE,,POUND,708.00,ne_ndot_english_standard_item_list_2010,true
ne_ndot_version_6082.00_current,ne_ndot_6082.00,,,STRUCTURAL STEEL FOR HANDRAIL,,POUND,716.00,ne_ndot_english_standard_item_list_2010,true
ne_ndot_version_6082.01_current,ne_ndot_6082.01,,,STRUCTURAL STEEL FOR BRIDGE RAIL,,POUND,716.00,ne_ndot_english_standard_item_list_2010,true
ne_ndot_version_6086.00_current,ne_ndot_6086.00,,,STRUCTURAL STEEL,,POUND,916.00,ne_ndot_english_standard_item_list_2010,true
ne_ndot_version_6090.00_current,ne_ndot_6090.00,,,STRUCTURAL STEEL FOR PAVEMENT APPROACHES,,POUND,,ne_ndot_english_standard_item_list_2010,true
ne_ndot_version_6094.90_current,ne_ndot_6094.90,,,EXPANDED POLYSTYRENE GEOFOAM,,CU YD,,ne_ndot_english_standard_item_list_2010,true
ne_ndot_version_6095.00_current,ne_ndot_6095.00,,,STEEL DIAPHRAGM,,EACH,708.00,ne_ndot_english_standard_item_list_2010,true
ne_ndot_version_6095.02_current,ne_ndot_6095.02,,,STEEL EXPANSION DIAPHRAGM,,EACH,,ne_ndot_english_standard_item_list_2010,true
ne_ndot_version_6100.00_current,ne_ndot_6100.00,,,FLOOR DRAINS,,EACH,706.00,ne_ndot_english_standard_item_list_2010,true
ne_ndot_version_6100.02_current,ne_ndot_6100.02,,,FLOOR DRAINS,,EACH,,ne_ndot_english_standard_item_list_2010,true
ne_ndot_version_6100.05_historical,ne_ndot_6100.05,,,INSTALL FLOOR GRATE,,EACH,,ne_ndot_aup_july_june_2021_2022,false
ne_ndot_version_6100.06_historical,ne_ndot_6100.06,,,TEMPORARY HALF PANEL FLOOR GRATE,,EACH,,ne_ndot_aup_july_june_2021_2022,false
ne_ndot_version_6100.10_current,ne_ndot_6100.10,,,"6"" DRAIN PIPE",,LIN FT,,ne_ndot_english_standard_item_list_2010,true
ne_ndot_version_6100.11_historical,ne_ndot_6100.11,,,WALL DRAIN,,EACH,,ne_ndot_aup_july_june_2025_2026,false
ne_ndot_version_6100.12_historical,ne_ndot_6100.12,,,SHEET PILE WEEP HOLE FILTER DRAIN,,EACH,,ne_ndot_aup_calendar_2025,false
ne_ndot_version_6102.10_current,ne_ndot_6102.10,,,GRANULAR FILL 47B FINE AGGREGATE,,CU YD,,ne_ndot_english_standard_item_list_2010,true
ne_ndot_version_6102.11_current,ne_ndot_6102.11,,,GRANULAR FILL 47B FINE AGGREGATE,,TON,,ne_ndot_english_standard_item_list_2010,true
ne_ndot_version_6103.00_current,ne_ndot_6103.00,,,GEOGRID,,SQ YD,,ne_ndot_english_standard_item_list_2010,true
ne_ndot_version_6103.01_historical,ne_ndot_6103.01,,,GEOGRID,,SY,,ne_ndot_aup_calendar_2018,false
ne_ndot_version_6103.02_historical,ne_ndot_6103.02,,,GEOGRID,,SY,,ne_ndot_aup_july_june_2018_2019,false
ne_ndot_version_6103.05_current,ne_ndot_6103.05,,,GEOGRID,,LIN FT,,ne_ndot_english_standard_item_list_2010,true
ne_ndot_version_6103.07_historical,ne_ndot_6103.07,,,GEOGRID BIAXIAL,,SY,,ne_ndot_aup_july_june_2025_2026,false
ne_ndot_version_6103.08_historical,ne_ndot_6103.08,,,REINFORCED EARTHWORK,,SY,,ne_ndot_aup_july_june_2023_2024,false
ne_ndot_version_6103.09_historical,ne_ndot_6103.09,,,GEOGRID UNIAXIAL,,SY,,ne_ndot_aup_calendar_2024,false
ne_ndot_version_6104.00_current,ne_ndot_6104.00,,,BROKEN CONCRETE RIPRAP,,TON,906.00,ne_ndot_english_standard_item_list_2010,true
ne_ndot_version_6105.01_current,ne_ndot_6105.01,,,"ROCK RIPRAP, TYPE A",,TON,905.00,ne_ndot_english_standard_item_list_2010,true
ne_ndot_version_6105.02_current,ne_ndot_6105.02,,,"ROCK RIPRAP, TYPE B",,TON,905.00,ne_ndot_english_standard_item_list_2010,true
ne_ndot_version_6105.03_current,ne_ndot_6105.03,,,"ROCK RIPRAP, TYPE C",,TON,905.00,ne_ndot_english_standard_item_list_2010,true
ne_ndot_version_6105.10_current,ne_ndot_6105.10,,,ROCK RIPRAP,,TON,,ne_ndot_english_standard_item_list_2010,true
ne_ndot_version_6105.20_historical,ne_ndot_6105.20,,,ROCK RIPRAP APRON,,TON,,ne_ndot_aup_july_june_2018_2019,false
ne_ndot_version_6105.24_current,ne_ndot_6105.24,,,"24"" CONCRETE ARMOR UNITS",,EACH,,ne_ndot_english_standard_item_list_2010,true
ne_ndot_version_6105.25_historical,ne_ndot_6105.25,,,RIPRAP STABILIZATION,,TON,,ne_ndot_aup_july_june_2018_2019,false
ne_ndot_version_6105.27_historical,ne_ndot_6105.27,,,ROCK SILL,,TON,,ne_ndot_aup_july_june_2018_2019,false
ne_ndot_version_6105.28_historical,ne_ndot_6105.28,,,ROCK RIFFLE,,TON,,ne_ndot_aup_july_june_2018_2019,false
ne_ndot_version_6105.30_current,ne_ndot_6105.30,,,SALVAGING AND PLACING TOPSOIL ON RIPRAP,,SQ YD,,ne_ndot_english_standard_item_list_2010,true
ne_ndot_version_6106.00_current,ne_ndot_6106.00,,,PLACING RIPRAP,,TON,,ne_ndot_english_standard_item_list_2010,true
ne_ndot_version_6106.20_current,ne_ndot_6106.20,,,REMOVE AND REPLACE RIPRAP,,TON,,ne_ndot_english_standard_item_list_2010,true
ne_ndot_version_6106.25_current,ne_ndot_6106.25,,,REMOVE RIPRAP,,TON,,ne_ndot_english_standard_item_list_2010,true
ne_ndot_version_6106.26_current,ne_ndot_6106.26,,,REMOVE AND SALVAGE RIPRAP,,CU YD,,ne_ndot_english_standard_item_list_2010,true
ne_ndot_version_6106.27_current,ne_ndot_6106.27,,,REMOVE REVETMENT MATTRESS,,TON,,ne_ndot_english_standard_item_list_2010,true
ne_ndot_version_6106.31_current,ne_ndot_6106.31,,,ADDITIONAL HAUL,,LUMP SUM,,ne_ndot_english_standard_item_list_2010,true
ne_ndot_version_6106.32_current,ne_ndot_6106.32,,,ADDITIONAL HAUL,,TON,,ne_ndot_english_standard_item_list_2010,true
ne_ndot_version_6107.00_current,ne_ndot_6107.00,,,CONCRETE SLOPE PROTECTION,,SQ YD,908.00,ne_ndot_english_standard_item_list_2010,true
ne_ndot_version_6107.10_current,ne_ndot_6107.10,,,CONCRETE SLOPE PROTECTION REPAIR,,SQ YD,,ne_ndot_english_standard_item_list_2010,true
ne_ndot_version_6107.11_current,ne_ndot_6107.11,,,CONCRETE SLOPE PROTECTION REPAIR,,POUND,,ne_ndot_english_standard_item_list_2010,true
ne_ndot_version_6131.22_current,ne_ndot_6131.22,,,SURFACE COATING,,SQ YD,,ne_ndot_english_standard_item_list_2010,true
ne_ndot_version_6131.23_historical,ne_ndot_6131.23,,,PENETRATING CONCRETE SEALER,,SF,,ne_ndot_aup_july_june_2025_2026,false
ne_ndot_version_6131.24_historical,ne_ndot_6131.24,,,PENETRATING CONCRETE SEALER,,GAL,,ne_ndot_aup_july_june_2025_2026,false
ne_ndot_version_6131.26_historical,ne_ndot_6131.26,,,COLOR SEALER,,SF,,ne_ndot_aup_july_june_2019_2020,false
ne_ndot_version_6131.27_current,ne_ndot_6131.27,,,LITHIUM TREATMENT,,SQ FT,,ne_ndot_english_standard_item_list_2010,true
ne_ndot_version_6131.30_current,ne_ndot_6131.30,,,"DECORATIVE SAW CUTTING, STAIN AND SEALER",,SQ FT,,ne_ndot_english_standard_item_list_2010,true
ne_ndot_version_6131.32_current,ne_ndot_6131.32,,,BRIDGE DECK STAIN & SEALER,,SQ FT,,ne_ndot_english_standard_item_list_2010,true
ne_ndot_version_6131.33_historical,ne_ndot_6131.33,,,STAIN & SEAL,,SF,,ne_ndot_aup_july_june_2020_2021,false
ne_ndot_version_6131.45_current,ne_ndot_6131.45,,,EPOXY COATED WELDED WIRE FABRIC,,POUND,,ne_ndot_english_standard_item_list_2010,true
ne_ndot_version_6131.50_current,ne_ndot_6131.50,,,EPOXY COATED REINFORCING STEEL,,POUND,707.00,ne_ndot_english_standard_item_list_2010,true
ne_ndot_version_6131.52_current,ne_ndot_6131.52,,,GALVANIZED REINFORCING STEEL,,POUND,,ne_ndot_english_standard_item_list_2010,true
ne_ndot_version_6131.53_current,ne_ndot_6131.53,,,EPOXY COATED HEADED REINFORCING STEEL,,POUND,707.00,ne_ndot_english_standard_item_list_2010,true
ne_ndot_version_6131.61_current,ne_ndot_6131.61,,,EPOXY COATED REINFORCING STEEL FOR BARRIER,,POUND,707.00,ne_ndot_english_standard_item_list_2010,true
ne_ndot_version_6131.65_current,ne_ndot_6131.65,,,CUT AND EPOXY REINFORCING STEEL,,LUMP SUM,,ne_ndot_english_standard_item_list_2010,true
ne_ndot_version_6131.75_current,ne_ndot_6131.75,,,EPOXY COATED REINFORCING STEEL FOR PIER PROTECTION,,POUND,,ne_ndot_english_standard_item_list_2010,true
ne_ndot_version_6131.81_historical,ne_ndot_6131.81,,,EPOXY COATED REINFORCING STEEL FOR PRECAST ABUTMENT CAPS,,LB,,ne_ndot_aup_calendar_2019,false
ne_ndot_version_6131.82_historical,ne_ndot_6131.82,,,EPOXY COATED REINFORCING STEEL FOR PRECAST ABUTMENT WINGS,,LB,,ne_ndot_aup_calendar_2019,false
ne_ndot_version_6131.83_historical,ne_ndot_6131.83,,,EPOXY COATED REINFORCING STEEL FOR PRECAST GRADE BEAMS,,LB,,ne_ndot_aup_calendar_2019,false
ne_ndot_version_6131.84_historical,ne_ndot_6131.84,,,EPOXY COATED REINFORCING STEEL FOR PRECAST PIER CAPS,,LB,,ne_ndot_aup_calendar_2019,false
ne_ndot_version_6131.91_historical,ne_ndot_6131.91,,,EPOXY COATED REINFORCING STEEL FOR PRECAST APPROACH SECTION PANELS,,LB,,ne_ndot_aup_calendar_2019,false
ne_ndot_version_6131.92_historical,ne_ndot_6131.92,,,EPOXY COATED REINFORCING STEEL FOR PRECAST PAVING SECTION PANELS,,LB,,ne_ndot_aup_calendar_2019,false
ne_ndot_version_6132.90_current,ne_ndot_6132.90,,,WATERPROOFING,,SQ YD,,ne_ndot_english_standard_item_list_2010,true
ne_ndot_version_6133.00_current,ne_ndot_6133.00,,,MEMBRANE WATERPROOFING,,SQ YD,,ne_ndot_english_standard_item_list_2010,true
ne_ndot_version_6133.02_historical,ne_ndot_6133.02,,,"PREFORMED WATERPROOFING MEMBRANE, TYPE 1",,SY,,ne_ndot_aup_july_june_2022_2023,false
ne_ndot_version_6133.03_historical,ne_ndot_6133.03,,,"PREFORMED WATERPROOFING MEMBRANE, TYPE 2",,SY,,ne_ndot_aup_july_june_2025_2026,false
ne_ndot_version_6133.05_historical,ne_ndot_6133.05,,,"PREFORMED WATERPROOFING MEMBRANE, TYPE 3",,SY,,ne_ndot_aup_july_june_2025_2026,false
ne_ndot_version_6133.07_historical,ne_ndot_6133.07,,,HOT LIQUID - APPLIED MEMBRANE WATERPROOFING,,SF,,ne_ndot_aup_july_june_2025_2026,false
ne_ndot_version_6133.08_current,ne_ndot_6133.08,,,COLD LIQUID - APPLIED MEMBRANE WATERPROOFING,,SQ FT,,ne_ndot_english_standard_item_list_2010,true
ne_ndot_version_6133.09_current,ne_ndot_6133.09,,,BUTYL OR EPDM MEMBRANE WATERPROOFING,,SQ FT,,ne_ndot_english_standard_item_list_2010,true
ne_ndot_version_6133.10_current,ne_ndot_6133.10,,,BRIDGE DECK WATERPROOFING,,SQ YD,,ne_ndot_english_standard_item_list_2010,true
ne_ndot_version_6133.12_current,ne_ndot_6133.12,,,DECK WATERPROOFING,,SQ YD,,ne_ndot_english_standard_item_list_2010,true
ne_ndot_version_6133.13_current,ne_ndot_6133.13,,,ANTI-GRAFFITI COATING,,LUMP SUM,,ne_ndot_english_standard_item_list_2010,true
ne_ndot_version_6133.14_current,ne_ndot_6133.14,,,ANTI-GRAFFITI COATING,,LUMP SUM,,ne_ndot_english_standard_item_list_2010,true
ne_ndot_version_6133.15_current,ne_ndot_6133.15,,,ANTI-GRAFFITI COATING,,SQ YD,,ne_ndot_english_standard_item_list_2010,true
ne_ndot_version_6133.16_current,ne_ndot_6133.16,,,E.I.F. CLADDING,,SQ YD,,ne_ndot_english_standard_item_list_2010,true
ne_ndot_version_6133.17_historical,ne_ndot_6133.17,,,ANTI-GRAFFITI COATING,,LS,,ne_ndot_aup_july_june_2022_2023,false
ne_ndot_version_6133.50_current,ne_ndot_6133.50,,,WATERPROOFING PROTECTIVE COURSE,,SQ YD,,ne_ndot_english_standard_item_list_2010,true
ne_ndot_version_6137.00_current,ne_ndot_6137.00,,,CONCRETE SURFACE PREPARATION,,EACH,,ne_ndot_english_standard_item_list_2010,true
ne_ndot_version_6139.25_current,ne_ndot_6139.25,,,SUBSTRUCTURE WATERPROOFING,,SQ YD,,ne_ndot_english_standard_item_list_2010,true
ne_ndot_version_6139.50_current,ne_ndot_6139.50,,,SUBSURFACE DRAINAGE MATTING,,SQ YD,727.00,ne_ndot_english_standard_item_list_2010,true
ne_ndot_version_6139.60_historical,ne_ndot_6139.60,,,FIBER REINFORCED POLYMER,,SF,,ne_ndot_aup_july_june_2017_2018,false
ne_ndot_version_6139.61_historical,ne_ndot_6139.61,,,CARBON FIBER REINFORCED POLYMER,,SF,,ne_ndot_aup_july_june_2024_2025,false
ne_ndot_version_6140.00_current,ne_ndot_6140.00,,,DAMPPROOFING,,SQ YD,920.00,ne_ndot_english_standard_item_list_2010,true
ne_ndot_version_6175.00_current,ne_ndot_6175.00,,,PILE TIPS,,EACH,,ne_ndot_english_standard_item_list_2010,true
ne_ndot_version_6180.00_current,ne_ndot_6180.00,,,PILE JACKET,,EACH,,ne_ndot_english_standard_item_list_2010,true
ne_ndot_version_6190.00_current,ne_ndot_6190.00,,,BEARING PILING,,LIN FT,,ne_ndot_english_standard_item_list_2010,true
ne_ndot_version_6200.00_current,ne_ndot_6200.00,,,CONCRETE PILING,,LIN FT,703.00,ne_ndot_english_standard_item_list_2010,true
ne_ndot_version_6200.45_current,ne_ndot_6200.45,,,"SPLICES, CONCRETE PILING",,EACH,,ne_ndot_english_standard_item_list_2010,true
ne_ndot_version_6200.50_current,ne_ndot_6200.50,,,PAY CUT-OFF FOR CONCRETE PILING,,LIN FT,,ne_ndot_english_standard_item_list_2010,true
ne_ndot_version_6202.10_current,ne_ndot_6202.10,,,"12"" CAST-IN-PLACE CONCRETE PILING",,LIN FT,,ne_ndot_english_standard_item_list_2010,true
ne_ndot_version_6202.14_current,ne_ndot_6202.14,,,"14"" CAST-IN-PLACE AUGERED CONCRETE PILING",,LIN FT,,ne_ndot_english_standard_item_list_2010,true
ne_ndot_version_6202.16_current,ne_ndot_6202.16,,,"16"" CAST-IN-PLACE AUGERED CONCRETE PILING",,LIN FT,,ne_ndot_english_standard_item_list_2010,true
ne_ndot_version_6202.17_current,ne_ndot_6202.17,,,"16"" CAST-IN-PLACE CONCRETE PILING",,LIN FT,,ne_ndot_english_standard_item_list_2010,true
ne_ndot_version_6202.50_current,ne_ndot_6202.50,,,"12"" CAST-IN-PLACE PILE CASING",,LIN FT,,ne_ndot_english_standard_item_list_2010,true
ne_ndot_version_6205.12_current,ne_ndot_6205.12,,,"12"" PRESTRESSED CONCRETE PILING",,LIN FT,,ne_ndot_english_standard_item_list_2010,true
ne_ndot_version_6205.40_current,ne_ndot_6205.40,,,"PRESTRESSED CONCRETE PILES, TYPE I",,LIN FT,,ne_ndot_english_standard_item_list_2010,true
ne_ndot_version_6205.42_current,ne_ndot_6205.42,,,"PRESTRESSED CONCRETE PILES, TYPE II",,LIN FT,,ne_ndot_english_standard_item_list_2010,true
ne_ndot_version_6205.50_current,ne_ndot_6205.50,,,"PRESTRESSED CONCRETE PILES, TYPE IV",,LIN FT,,ne_ndot_english_standard_item_list_2010,true
ne_ndot_version_6208.02_historical,ne_ndot_6208.02,,,HELICAL PILE,,LF,,ne_ndot_aup_july_june_2025_2026,false
ne_ndot_version_6208.04_historical,ne_ndot_6208.04,,,HELICAL PILE LEAD SECTION,,EACH,,ne_ndot_aup_july_june_2025_2026,false
ne_ndot_version_6208.06_historical,ne_ndot_6208.06,,,HELICAL ANCHORS,,LF,,ne_ndot_aup_calendar_2025,false
ne_ndot_version_6208.08_historical,ne_ndot_6208.08,,,HELICAL ANCHOR LEAD SECTION,,EACH,,ne_ndot_aup_calendar_2025,false
ne_ndot_version_6210.10_current,ne_ndot_6210.10,,,HP 10 INCH X 42 LB STEEL PILING,,LIN FT,703.00,ne_ndot_english_standard_item_list_2010,true
ne_ndot_version_6210.11_current,ne_ndot_6210.11,,,HP 8 INCH X 36 LB STEEL PILING,,LIN FT,703.00,ne_ndot_english_standard_item_list_2010,true
ne_ndot_version_6210.12_current,ne_ndot_6210.12,,,HP 10 INCH X 42 LB STEEL PILING,,LIN FT,703.00,ne_ndot_english_standard_item_list_2010,true
ne_ndot_version_6210.13_current,ne_ndot_6210.13,,,HP 10 INCH X 57 LB STEEL PILING,,LIN FT,703.00,ne_ndot_english_standard_item_list_2010,true
ne_ndot_version_6210.14_current,ne_ndot_6210.14,,,HP 12 INCH X 53 LB STEEL PILING,,LIN FT,703.00,ne_ndot_english_standard_item_list_2010,true
ne_ndot_version_6210.16_current,ne_ndot_6210.16,,,HP 12 INCH X 63 LB STEEL PILING,,LIN FT,703.00,ne_ndot_english_standard_item_list_2010,true
ne_ndot_version_6210.18_current,ne_ndot_6210.18,,,HP 12 INCH X 74 LB STEEL PILING,,LIN FT,703.00,ne_ndot_english_standard_item_list_2010,true
ne_ndot_version_6210.19_current,ne_ndot_6210.19,,,HP 12 INCH X 84 LB STEEL PILING,,LIN FT,703.00,ne_ndot_english_standard_item_list_2010,true
ne_ndot_version_6210.20_current,ne_ndot_6210.20,,,HP 14 INCH X 73 LB STEEL PILING,,LIN FT,703.00,ne_ndot_english_standard_item_list_2010,true
ne_ndot_version_6210.21_current,ne_ndot_6210.21,,,HP 14 INCH X 89 LB STEEL PILING,,LIN FT,703.00,ne_ndot_english_standard_item_list_2010,true
ne_ndot_version_6210.22_historical,ne_ndot_6210.22,,,HP 14 INCH X 102 LB STEEL PILING,,LF,,ne_ndot_aup_july_june_2019_2020,false
ne_ndot_version_6210.24_current,ne_ndot_6210.24,,,HP 14 INCH X 117 LB STEEL PILING,,LIN FT,703.00,ne_ndot_english_standard_item_list_2010,true
ne_ndot_version_6210.32_current,ne_ndot_6210.32,,,PAY CUT-OFF 10 INCH X 42 LB STEEL PILING,,LIN FT,,ne_ndot_english_standard_item_list_2010,true
ne_ndot_version_6210.34_current,ne_ndot_6210.34,,,PAY CUT-OFF FOR 12 INCH X 53 LB STEEL PILING,,LIN FT,,ne_ndot_english_standard_item_list_2010,true
ne_ndot_version_6210.42_current,ne_ndot_6210.42,,,"HP 10""X42#, PILE SPLICES",,EACH,,ne_ndot_english_standard_item_list_2010,true
ne_ndot_version_6210.44_current,ne_ndot_6210.44,,,"HP 12""X53#, PILE SPLICE",,EACH,,ne_ndot_english_standard_item_list_2010,true
ne_ndot_version_6210.50_current,ne_ndot_6210.50,,,PIPE PILING,,LIN FT,703.00,ne_ndot_english_standard_item_list_2010,true
ne_ndot_version_6210.55_current,ne_ndot_6210.55,,,STEEL PILING,,LIN FT,,ne_ndot_english_standard_item_list_2010,true
ne_ndot_version_6210.57_current,ne_ndot_6210.57,,,SOIL-SETUP FACTOR,,EACH,,ne_ndot_english_standard_item_list_2010,true
ne_ndot_version_6210.58_current,ne_ndot_6210.58,,,SOIL-SETUP FACTOR,,EACH,,ne_ndot_english_standard_item_list_2010,true
ne_ndot_version_6210.59_current,ne_ndot_6210.59,,,PAY CUT-OFF,,LIN FT,,ne_ndot_english_standard_item_list_2010,true
ne_ndot_version_6210.60_current,ne_ndot_6210.60,,,PAY CUT-OFF FOR PIPE PILE,,LIN FT,,ne_ndot_english_standard_item_list_2010,true
ne_ndot_version_6210.61_current,ne_ndot_6210.61,,,PILE SPLICE,,EACH,,ne_ndot_english_standard_item_list_2010,true
ne_ndot_version_6210.70_historical,ne_ndot_6210.70,,,PILE CAP,,CY,,ne_ndot_aup_july_june_2020_2021,false
ne_ndot_version_6211.75_current,ne_ndot_6211.75,,,OVERDRIVING OF BEARING PILE,,LIN FT,,ne_ndot_english_standard_item_list_2010,true
ne_ndot_version_6212.00_current,ne_ndot_6212.00,,,BITUMEN COATING,,LIN FT,,ne_ndot_english_standard_item_list_2010,true
ne_ndot_version_6220.00_current,ne_ndot_6220.00,,,TREATED TIMBER PILING,,LIN FT,,ne_ndot_english_standard_item_list_2010,true
ne_ndot_version_6225.00_current,ne_ndot_6225.00,,,STEEL RETARD,,LIN FT,,ne_ndot_english_standard_item_list_2010,true
ne_ndot_version_6250.18_current,ne_ndot_6250.18,,,"18"" PREDRILLED HOLE CASING",,LIN FT,,ne_ndot_english_standard_item_list_2010,true
ne_ndot_version_6251.00_current,ne_ndot_6251.00,,,TEST PILE,,EACH,703.00,ne_ndot_english_standard_item_list_2010,true
ne_ndot_version_6251.01_current,ne_ndot_6251.01,,,TEST PILE,,EACH,703.00,ne_ndot_english_standard_item_list_2010,true
ne_ndot_version_6251.02_current,ne_ndot_6251.02,,,TEST PILE,,EACH,703.00,ne_ndot_english_standard_item_list_2010,true
ne_ndot_version_6251.03_current,ne_ndot_6251.03,,,TEST PILE,,EACH,703.00,ne_ndot_english_standard_item_list_2010,true
ne_ndot_version_6251.06_current,ne_ndot_6251.06,,,BEARING LOAD TEST,,EACH,,ne_ndot_english_standard_item_list_2010,true
ne_ndot_version_6251.10_current,ne_ndot_6251.10,,,STATIC PILE LOAD TEST,,EACH,703.00,ne_ndot_english_standard_item_list_2010,true
ne_ndot_version_6251.15_current,ne_ndot_6251.15,,,"14"" CAST-IN-PLACE AUGERED CONCRETE PILING STATIC PILE LOAD TEST",,EACH,,ne_ndot_english_standard_item_list_2010,true
ne_ndot_version_6251.16_current,ne_ndot_6251.16,,,"16"" CAST-IN-PLACE AUGERED CONCRETE PILING STATIC PILE LOAD TEST",,EACH,,ne_ndot_english_standard_item_list_2010,true
ne_ndot_version_6251.17_current,ne_ndot_6251.17,,,TEST DRILLED SHAFT,,EACH,,ne_ndot_english_standard_item_list_2010,true
ne_ndot_version_6251.18_current,ne_ndot_6251.18,,,TEST DRILLED SHAFT,,EACH,,ne_ndot_english_standard_item_list_2010,true
ne_ndot_version_6251.19_current,ne_ndot_6251.19,,,LOAD CELL FOR DRILLED SHAFT,,EACH,,ne_ndot_english_standard_item_list_2010,true
ne_ndot_version_6251.30_current,ne_ndot_6251.30,,,ANCHOR PILE,,EACH,,ne_ndot_english_standard_item_list_2010,true
ne_ndot_version_6251.39_current,ne_ndot_6251.39,,,ROCK SOCKET,,LIN FT,,ne_ndot_english_standard_item_list_2010,true
ne_ndot_version_6251.40_current,ne_ndot_6251.40,,,ROCK SOCKET,,LIN FT,,ne_ndot_english_standard_item_list_2010,true
ne_ndot_version_6251.41_current,ne_ndot_6251.41,,,ROCK SOCKET,,LIN FT,,ne_ndot_english_standard_item_list_2010,true
ne_ndot_version_6251.42_current,ne_ndot_6251.42,,,ROCK SOCKET,,LIN FT,,ne_ndot_english_standard_item_list_2010,true
ne_ndot_version_6251.43_current,ne_ndot_6251.43,,,ROCK SOCKET,,LIN FT,,ne_ndot_english_standard_item_list_2010,true
ne_ndot_version_6251.44_current,ne_ndot_6251.44,,,SOCKET,,LIN FT,,ne_ndot_english_standard_item_list_2010,true
ne_ndot_version_6251.45_current,ne_ndot_6251.45,,,SOCKET,,LIN FT,,ne_ndot_english_standard_item_list_2010,true
ne_ndot_version_6251.47_current,ne_ndot_6251.47,,,DRILLED SHAFT,,LIN FT,,ne_ndot_english_standard_item_list_2010,true
ne_ndot_version_6251.48_current,ne_ndot_6251.48,,,DRILLED SHAFT,,LIN FT,,ne_ndot_english_standard_item_list_2010,true
ne_ndot_version_6251.49_current,ne_ndot_6251.49,,,DRILLED SHAFT,,LIN FT,,ne_ndot_english_standard_item_list_2010,true
ne_ndot_version_6251.50_current,ne_ndot_6251.50,,,DRILLED SHAFT,,LIN FT,,ne_ndot_english_standard_item_list_2010,true
ne_ndot_version_6251.51_current,ne_ndot_6251.51,,,DRILLED SHAFT,,LIN FT,,ne_ndot_english_standard_item_list_2010,true
ne_ndot_version_6251.52_current,ne_ndot_6251.52,,,DRILLED SHAFT,,EACH,,ne_ndot_english_standard_item_list_2010,true
ne_ndot_version_6251.55_historical,ne_ndot_6251.55,,,BI-DIRECTIONAL STATIC LOAD TEST OF DRILLED SHAFTS,,EACH,,ne_ndot_aup_july_june_2021_2022,false
ne_ndot_version_6251.60_current,ne_ndot_6251.60,,,PREDRILLING,,EACH,,ne_ndot_english_standard_item_list_2010,true
ne_ndot_version_6252.00_current,ne_ndot_6252.00,,,FOUNDATION INSPECTION HOLES,,LIN FT,,ne_ndot_english_standard_item_list_2010,true
ne_ndot_version_6255.00_current,ne_ndot_6255.00,,,DRILLED CAISSON,,LIN FT,,ne_ndot_english_standard_item_list_2010,true
ne_ndot_version_6300.00_current,ne_ndot_6300.00,,,CONCRETE SHEET PILING,,SQ FT,703.00,ne_ndot_english_standard_item_list_2010,true
ne_ndot_version_6300.01_current,ne_ndot_6300.01,,,CONCRETE SHEET PILING,,SQ FT,703.00,ne_ndot_english_standard_item_list_2010,true
ne_ndot_version_6300.15_current,ne_ndot_6300.15,,,PAY CUT-OFF FOR CONCRETE SHEET PILING,,SQ FT,,ne_ndot_english_standard_item_list_2010,true
ne_ndot_version_6310.00_current,ne_ndot_6310.00,,,STEEL SHEET PILING,,SQ FT,703.00,ne_ndot_english_standard_item_list_2010,true
ne_ndot_version_6310.01_current,ne_ndot_6310.01,,,STEEL SHEET PILING,,SQ FT,703.00,ne_ndot_english_standard_item_list_2010,true
ne_ndot_version_6310.08_current,ne_ndot_6310.08,,,STEEL SHEET PILING,,TON,,ne_ndot_english_standard_item_list_2010,true
ne_ndot_version_6310.11_current,ne_ndot_6310.11,,,STEEL SHEET PILING,,LUMP SUM,,ne_ndot_english_standard_item_list_2010,true
ne_ndot_version_6310.12_current,ne_ndot_6310.12,,,STEEL SHEET PILING,,MONTH,,ne_ndot_english_standard_item_list_2010,true
ne_ndot_version_6310.15_current,ne_ndot_6310.15,,,PAY CUT-OFF FOR STEEL SHEET PILING,,SQ FT,,ne_ndot_english_standard_item_list_2010,true
ne_ndot_version_6310.20_current,ne_ndot_6310.20,,,DRIVING STEEL H PILING,,LIN FT,,ne_ndot_english_standard_item_list_2010,true
ne_ndot_version_6310.21_current,ne_ndot_6310.21,,,DRIVING STEEL SHEET PILING,,SQ FT,,ne_ndot_english_standard_item_list_2010,true
ne_ndot_version_6310.30_current,ne_ndot_6310.30,,,TEMPORARY SHEET PILING,,LIN FT,,ne_ndot_english_standard_item_list_2010,true
ne_ndot_version_6321.04_current,ne_ndot_6321.04,,,TREATED TIMBER SHEET PILING,,SQ FT,,ne_ndot_english_standard_item_list_2010,true
ne_ndot_version_6322.00_current,ne_ndot_6322.00,,,VINYL SHEET PILING,,SQ FT,,ne_ndot_english_standard_item_list_2010,true
ne_ndot_version_6322.01_historical,ne_ndot_6322.01,,,SHEET PILE WALL CAP,,CY,,ne_ndot_aup_july_june_2022_2023,false
ne_ndot_version_6390.00_current,ne_ndot_6390.00,,,BRIDGE RAIL,,LIN FT,,ne_ndot_english_standard_item_list_2010,true
ne_ndot_version_6390.10_current,ne_ndot_6390.10,,,REMOVING AND RESETTING BRIDGE RAIL,,LIN FT,,ne_ndot_english_standard_item_list_2010,true
ne_ndot_version_6390.12_current,ne_ndot_6390.12,,,REMOVE BRIDGE RAIL,,LIN FT,,ne_ndot_english_standard_item_list_2010,true
ne_ndot_version_6390.13_current,ne_ndot_6390.13,,,REMOVE BRIDGE CURB,,LIN FT,,ne_ndot_english_standard_item_list_2010,true
ne_ndot_version_6390.15_current,ne_ndot_6390.15,,,REMOVAL OF CONCRETE BUTTRESSES,,EACH,,ne_ndot_english_standard_item_list_2010,true
ne_ndot_version_6390.50_current,ne_ndot_6390.50,,,CONCRETE RAIL,,LIN FT,,ne_ndot_english_standard_item_list_2010,true
ne_ndot_version_6390.55_current,ne_ndot_6390.55,,,METAL RAILING,,LIN FT,,ne_ndot_english_standard_item_list_2010,true
ne_ndot_version_6390.56_current,ne_ndot_6390.56,,,METAL RAILING,,LIN FT,,ne_ndot_english_standard_item_list_2010,true
ne_ndot_version_6401.00_current,ne_ndot_6401.00,,,PEDESTRIAN BARRIER RAIL,,LIN FT,716.00,ne_ndot_english_standard_item_list_2010,true
ne_ndot_version_6401.50_current,ne_ndot_6401.50,,,PEDESTRIAN BARRIER FENCE,,LIN FT,,ne_ndot_english_standard_item_list_2010,true
ne_ndot_version_6404.00_current,ne_ndot_6404.00,,,PEDESTRIAN RAILING (CHAIN LINK TYPE),,LIN FT,716.00,ne_ndot_english_standard_item_list_2010,true
ne_ndot_version_6404.02_current,ne_ndot_6404.02,,,PEDESTRIAN RAILING (CHAIN LINK TYPE),,LIN FT,716.00,ne_ndot_english_standard_item_list_2010,true
ne_ndot_version_6404.06_current,ne_ndot_6404.06,,,PEDESTRIAN RAILING (CHAIN LINK TYPE-VINYL COATED),,LIN FT,,ne_ndot_english_standard_item_list_2010,true
ne_ndot_version_6404.10_current,ne_ndot_6404.10,,,SUPERSTRUCTURE FENCE ENCLOSURE,,LIN FT,,ne_ndot_english_standard_item_list_2010,true
ne_ndot_version_6404.13_historical,ne_ndot_6404.13,,,3' PEDESTRIAN RAILING (CHAIN LINK TYPE-VINYL COATED),,LF,,ne_ndot_aup_july_june_2019_2020,false
ne_ndot_version_6404.15_current,ne_ndot_6404.15,,,5' PEDESTRIAN RAILING (CHAIN LINK TYPE),,LIN FT,,ne_ndot_english_standard_item_list_2010,true
ne_ndot_version_6404.16_current,ne_ndot_6404.16,,,6' PEDESTRIAN RAILING (CHAIN LINK TYPE),,LIN FT,,ne_ndot_english_standard_item_list_2010,true
ne_ndot_version_6404.17_current,ne_ndot_6404.17,,,7' PEDESTRIAN RAILING (CHAIN LINK TYPE),,LIN FT,,ne_ndot_english_standard_item_list_2010,true
ne_ndot_version_6404.18_historical,ne_ndot_6404.18,,,10' PEDESTRIAN RAILING (WELDED WIRE TYPE),,LF,,ne_ndot_aup_july_june_2020_2021,false
ne_ndot_version_6404.19_historical,ne_ndot_6404.19,,,6' PEDESTRIAN RAILING (WELDED WIRE TYPE),,LF,,ne_ndot_aup_july_june_2020_2021,false
ne_ndot_version_6404.25_current,ne_ndot_6404.25,,,5' PEDESTRIAN RAILING (CHAIN LINK TYPE-VINYL COATED),,LIN FT,,ne_ndot_english_standard_item_list_2010,true
ne_ndot_version_6404.26_current,ne_ndot_6404.26,,,6' PEDESTRIAN RAILING (CHAIN LINK TYPE-VINYL COATED),,LIN FT,,ne_ndot_english_standard_item_list_2010,true
ne_ndot_version_6404.28_historical,ne_ndot_6404.28,,,"6'-6"" PEDESTRIAN RAILING (CHAIN LINK TYPE-VINYL COATED)",,LF,,ne_ndot_aup_july_june_2019_2020,false
ne_ndot_version_6404.29_historical,ne_ndot_6404.29,,,8' PEDESTRIAN RAILING (CHAIN LINK TYPE-VINYL COATED),,LF,,ne_ndot_aup_july_june_2019_2020,false
ne_ndot_version_6404.30_current,ne_ndot_6404.30,,,10' PEDESTRIAN RAILING (CHAIN LINK TYPE-VINYL COATED),,LIN FT,,ne_ndot_english_standard_item_list_2010,true
ne_ndot_version_6404.45_current,ne_ndot_6404.45,,,PEDESTRIAN CONCRETE RAILING,,LIN FT,,ne_ndot_english_standard_item_list_2010,true
ne_ndot_version_6404.46_current,ne_ndot_6404.46,,,PEDESTRIAN STEEL RAILING,,LIN FT,,ne_ndot_english_standard_item_list_2010,true
ne_ndot_version_6404.50_current,ne_ndot_6404.50,,,PEDESTRIAN RAILING,,LIN FT,,ne_ndot_english_standard_item_list_2010,true
ne_ndot_version_6404.52_current,ne_ndot_6404.52,,,PEDESTRIAN RAILING,,LIN FT,,ne_ndot_english_standard_item_list_2010,true
ne_ndot_version_6404.54_current,ne_ndot_6404.54,,,PEDESTRIAN RAILING,,LIN FT,,ne_ndot_english_standard_item_list_2010,true
ne_ndot_version_6404.56_historical,ne_ndot_6404.56,,,PEDESTRIAN SAFETY RAIL,,LF,,ne_ndot_aup_july_june_2022_2023,false
ne_ndot_version_6404.60_historical,ne_ndot_6404.60,,,TEMPORARY PEDESTRIAN BARRIER,,LF,,ne_ndot_aup_calendar_2021,false
ne_ndot_version_6404.61_historical,ne_ndot_6404.61,,,TEMPORARY PEDESTRIAN CHANNELIZER,,LF,,ne_ndot_aup_july_june_2025_2026,false
ne_ndot_version_6406.00_current,ne_ndot_6406.00,,,PEDESTRIAN HANDRAIL,,LIN FT,716.00,ne_ndot_english_standard_item_list_2010,true
ne_ndot_version_6406.02_historical,ne_ndot_6406.02,,,HANDRAIL,,LF,,ne_ndot_aup_calendar_2020,false
ne_ndot_version_6406.05_current,ne_ndot_6406.05,,,METAL HANDRAIL,,LIN FT,,ne_ndot_english_standard_item_list_2010,true
ne_ndot_version_6406.06_current,ne_ndot_6406.06,,,METAL HANDRAIL,,LIN FT,,ne_ndot_english_standard_item_list_2010,true
ne_ndot_version_6406.20_current,ne_ndot_6406.20,,,HANDRAIL REPAIR,,LUMP SUM,,ne_ndot_english_standard_item_list_2010,true
ne_ndot_version_6406.25_current,ne_ndot_6406.25,,,REMOVING AND RESETTING HAND RAIL,,LIN FT,,ne_ndot_english_standard_item_list_2010,true
ne_ndot_version_6406.27_historical,ne_ndot_6406.27,,,REMOVE AND REINSTALL FENCE,,LF,,ne_ndot_aup_calendar_2020,false
ne_ndot_version_6406.30_current,ne_ndot_6406.30,,,BIKEWAY HANDRAIL,,LIN FT,,ne_ndot_english_standard_item_list_2010,true
ne_ndot_version_6415.00_current,ne_ndot_6415.00,,,DRAINAGE SYSTEM AT STATION,,EACH,706.00,ne_ndot_english_standard_item_list_2010,true
ne_ndot_version_6415.01_current,ne_ndot_6415.01,,,DRAINAGE SYSTEM AT STATION,,EACH,706.00,ne_ndot_english_standard_item_list_2010,true
ne_ndot_version_6415.02_current,ne_ndot_6415.02,,,DRAINAGE SYSTEM,,EACH,706.00,ne_ndot_english_standard_item_list_2010,true
ne_ndot_version_6415.03_current,ne_ndot_6415.03,,,DRAINAGE SYSTEM,,EACH,706.00,ne_ndot_english_standard_item_list_2010,true
ne_ndot_version_6415.04_historical,ne_ndot_6415.04,,,REPLACE DRAIN BASIN,,EACH,,ne_ndot_aup_calendar_2020,false
ne_ndot_version_6415.26_historical,ne_ndot_6415.26,,,DECK DRAINAGE SYSTEM,,LF,,ne_ndot_aup_july_june_2024_2025,false
ne_ndot_version_6430.00_current,ne_ndot_6430.00,,,PAINTING STRUCTURE AT,,LUMP SUM,709.00,ne_ndot_english_standard_item_list_2010,true
ne_ndot_version_6430.01_current,ne_ndot_6430.01,,,PAINTING STRUCTURE AT,,LUMP SUM,709.00,ne_ndot_english_standard_item_list_2010,true
ne_ndot_version_6430.02_current,ne_ndot_6430.02,,,PAINTING STRUCTURE AT,,LUMP SUM,709.00,ne_ndot_english_standard_item_list_2010,true
ne_ndot_version_6430.03_current,ne_ndot_6430.03,,,PAINTING STRUCTURE AT,,LUMP SUM,709.00,ne_ndot_english_standard_item_list_2010,true
ne_ndot_version_6430.05_historical,ne_ndot_6430.05,,,PILE PROTECTIVE COATING,,LF,,ne_ndot_aup_july_june_2017_2018,false
ne_ndot_version_6430.20_current,ne_ndot_6430.20,,,PAINTING STRUCTURE (OVER COAT) AT,,SQ FT,,ne_ndot_english_standard_item_list_2010,true
ne_ndot_version_6430.21_current,ne_ndot_6430.21,,,PAINTING STRUCTURE (OVER COAT) AT,,SQ FT,,ne_ndot_english_standard_item_list_2010,true
ne_ndot_version_6430.22_current,ne_ndot_6430.22,,,PAINTING STRUCTURE (OVER COAT) AT,,SQ FT,,ne_ndot_english_standard_item_list_2010,true
ne_ndot_version_6430.23_current,ne_ndot_6430.23,,,PAINTING STRUCTURE (OVER COAT) AT,,SQ FT,,ne_ndot_english_standard_item_list_2010,true
ne_ndot_version_6430.24_current,ne_ndot_6430.24,,,PAINTING STRUCTURE (OVER COAT) AT,,SQ FT,,ne_ndot_english_standard_item_list_2010,true
ne_ndot_version_6430.25_current,ne_ndot_6430.25,,,PAINTING STRUCTURE (OVER COAT) AT,,SQ FT,,ne_ndot_english_standard_item_list_2010,true
ne_ndot_version_6430.26_current,ne_ndot_6430.26,,,PAINTING STRUCTURE (OVER COAT) AT,,SQ FT,,ne_ndot_english_standard_item_list_2010,true
ne_ndot_version_6430.27_current,ne_ndot_6430.27,,,PAINTING STRUCTURE (OVER COAT) AT,,SQ FT,,ne_ndot_english_standard_item_list_2010,true
ne_ndot_version_6430.28_current,ne_ndot_6430.28,,,PAINTING STRUCTURE (OVER COAT) AT,,SQ FT,,ne_ndot_english_standard_item_list_2010,true
ne_ndot_version_6430.30_current,ne_ndot_6430.30,,,PAINTING STRUCTURE (FULL REMOVAL) AT,,SQ FT,,ne_ndot_english_standard_item_list_2010,true
ne_ndot_version_6430.31_current,ne_ndot_6430.31,,,PAINTING STRUCTURE (FULL REMOVAL) AT,,SQ FT,,ne_ndot_english_standard_item_list_2010,true
ne_ndot_version_6430.40_current,ne_ndot_6430.40,,,PAINTING STRUCTURE (ZONE COAT) AT,,SQ FT,,ne_ndot_english_standard_item_list_2010,true
ne_ndot_version_6430.41_current,ne_ndot_6430.41,,,PAINTING STRUCTURE (ZONE COAT) AT,,SQ FT,,ne_ndot_english_standard_item_list_2010,true
ne_ndot_version_6430.42_current,ne_ndot_6430.42,,,PAINTING STRUCTURE (ZONE COAT) AT,,SQ FT,,ne_ndot_english_standard_item_list_2010,true
ne_ndot_version_6430.43_current,ne_ndot_6430.43,,,PAINTING STRUCTURE (ZONE COAT) AT,,SQ FT,,ne_ndot_english_standard_item_list_2010,true
ne_ndot_version_6430.44_current,ne_ndot_6430.44,,,PAINTING STRUCTURE (ZONE COAT) AT,,SQ FT,,ne_ndot_english_standard_item_list_2010,true
ne_ndot_version_6430.45_current,ne_ndot_6430.45,,,PAINTING STRUCTURE (ZONE COAT) AT,,SQ FT,,ne_ndot_english_standard_item_list_2010,true
ne_ndot_version_6430.46_current,ne_ndot_6430.46,,,PAINTING STRUCTURE (ZONE COAT) AT,,SQ FT,,ne_ndot_english_standard_item_list_2010,true
ne_ndot_version_6430.47_current,ne_ndot_6430.47,,,PAINTING STRUCTURE (ZONE COAT) AT,,SQ FT,,ne_ndot_english_standard_item_list_2010,true
ne_ndot_version_6430.48_current,ne_ndot_6430.48,,,PAINTING STRUCTURE (ZONE COAT) AT,,SQ FT,,ne_ndot_english_standard_item_list_2010,true
ne_ndot_version_6430.49_current,ne_ndot_6430.49,,,PAINTING STRUCTURE (ZONE COAT) AT,,LUMP SUM,,ne_ndot_english_standard_item_list_2010,true
ne_ndot_version_6430.50_historical,ne_ndot_6430.50,,,PAINTING BEARINGS,,EACH,,ne_ndot_aup_calendar_2025,false
ne_ndot_version_6431.00_current,ne_ndot_6431.00,,,PAINTING STRUCTURAL STEEL,,SQ FT,,ne_ndot_english_standard_item_list_2010,true
ne_ndot_version_6433.00_current,ne_ndot_6433.00,,,PAINTING PILES AND MISCELLANEOUS STEEL,,LUMP SUM,709.00,ne_ndot_english_standard_item_list_2010,true
ne_ndot_version_6434.90_current,ne_ndot_6434.90,,,ENVIRONMENTAL PROTECTION,,LUMP SUM,,ne_ndot_english_standard_item_list_2010,true
ne_ndot_version_6434.93_current,ne_ndot_6434.93,,,ENVIRONMENTAL PROTECTION,,SQ FT,,ne_ndot_english_standard_item_list_2010,true
ne_ndot_version_6434.95_current,ne_ndot_6434.95,,,CASTING CONCRETE BLOCKS,,EACH,,ne_ndot_english_standard_item_list_2010,true
ne_ndot_version_6434.96_current,ne_ndot_6434.96,,,TCLP TESTS,,EACH,,ne_ndot_english_standard_item_list_2010,true
ne_ndot_version_6451.00_current,ne_ndot_6451.00,,,PAINTING RAIL AT,,EACH,,ne_ndot_english_standard_item_list_2010,true
ne_ndot_version_6451.01_current,ne_ndot_6451.01,,,PAINTING RAIL AT,,EACH,,ne_ndot_english_standard_item_list_2010,true
ne_ndot_version_6451.02_current,ne_ndot_6451.02,,,PAINTING RAIL AT,,EACH,,ne_ndot_english_standard_item_list_2010,true
ne_ndot_version_6451.05_current,ne_ndot_6451.05,,,PAINTING BARRIER RAIL AND FASCIA PANEL,,SQ FT,,ne_ndot_english_standard_item_list_2010,true
ne_ndot_version_6452.00_current,ne_ndot_6452.00,,,WASTE MATERIAL CONTAINMENT,,EACH,,ne_ndot_english_standard_item_list_2010,true
ne_ndot_version_6500.00_current,ne_ndot_6500.00,,,LINSEED OIL PROTECTIVE COATING,,SQ YD,,ne_ndot_english_standard_item_list_2010,true
ne_ndot_version_6501.00_current,ne_ndot_6501.00,,,PENETRATING PROTECTIVE CONCRETE SEALANT,,LUMP SUM,,ne_ndot_english_standard_item_list_2010,true
ne_ndot_version_6510.00_current,ne_ndot_6510.00,,,RAISING EXISTING STRUCTURE,,EACH,,ne_ndot_english_standard_item_list_2010,true
ne_ndot_version_6510.50_current,ne_ndot_6510.50,,,TEMPORARY BRIDGE SHORING,,EACH,,ne_ndot_english_standard_item_list_2010,true
ne_ndot_version_6510.51_current,ne_ndot_6510.51,,,TEMPORARY BRIDGE SHORING,,LUMP SUM,,ne_ndot_english_standard_item_list_2010,true
ne_ndot_version_6510.55_current,ne_ndot_6510.55,,,TEMPORARY BRIDGE SHORING,,LUMP SUM,,ne_ndot_english_standard_item_list_2010,true
ne_ndot_version_6510.60_current,ne_ndot_6510.60,,,BRIDGE SHORING,,LUMP SUM,,ne_ndot_english_standard_item_list_2010,true
ne_ndot_version_6510.65_current,ne_ndot_6510.65,,,BRIDGE SHORING,,LUMP SUM,,ne_ndot_english_standard_item_list_2010,true
ne_ndot_version_6600.01_current,ne_ndot_6600.01,,,"1"" CONDUIT IN BRIDGE",,LIN FT,405.00,ne_ndot_english_standard_item_list_2010,true
ne_ndot_version_6600.02_current,ne_ndot_6600.02,,,"2"" CONDUIT IN BRIDGE",,LIN FT,405.00,ne_ndot_english_standard_item_list_2010,true
ne_ndot_version_6600.03_current,ne_ndot_6600.03,,,"3"" CONDUIT IN BRIDGE",,LIN FT,405.00,ne_ndot_english_standard_item_list_2010,true
ne_ndot_version_6600.04_current,ne_ndot_6600.04,,,"4"" CONDUIT IN BRIDGE",,LIN FT,405.00,ne_ndot_english_standard_item_list_2010,true
ne_ndot_version_6600.05_current,ne_ndot_6600.05,,,"5"" CONDUIT IN BRIDGE",,LIN FT,405.00,ne_ndot_english_standard_item_list_2010,true
ne_ndot_version_6600.06_current,ne_ndot_6600.06,,,"6"" CONDUIT IN BRIDGE",,LIN FT,405.00,ne_ndot_english_standard_item_list_2010,true
ne_ndot_version_6600.08_historical,ne_ndot_6600.08,,,CONDUIT,,LF,,ne_ndot_aup_july_june_2025_2026,false
ne_ndot_version_6600.22_historical,ne_ndot_6600.22,,,"INSTALL 2"" STREET LIGHT CONDUIT, BORE",,LF,,ne_ndot_aup_july_june_2019_2020,false
ne_ndot_version_6600.23_historical,ne_ndot_6600.23,,,"INSTALL 2"" STREET LIGHT CONDUIT, TRENCH",,LF,,ne_ndot_aup_july_june_2019_2020,false
ne_ndot_version_6600.25_historical,ne_ndot_6600.25,,,INSTALL STREET LIGHT CONDUIT AND CABLE,,LF,,ne_ndot_aup_july_june_2022_2023,false
ne_ndot_version_6601.03_current,ne_ndot_6601.03,,,"3/4"" CONDUIT IN BRIDGE",,LIN FT,405.00,ne_ndot_english_standard_item_list_2010,true
ne_ndot_version_6601.04_current,ne_ndot_6601.04,,,"3/4"" CONDUIT IN BRIDGE",,LIN FT,405.00,ne_ndot_english_standard_item_list_2010,true
ne_ndot_version_6601.14_current,ne_ndot_6601.14,,,"1 1/4"" CONDUIT IN BRIDGE",,LIN FT,405.00,ne_ndot_english_standard_item_list_2010,true
ne_ndot_version_6601.15_current,ne_ndot_6601.15,,,"1 1/2"" CONDUIT IN BRIDGE",,LIN FT,405.00,ne_ndot_english_standard_item_list_2010,true
ne_ndot_version_6601.20_current,ne_ndot_6601.20,,,EXPANSION FITTING,,EACH,,ne_ndot_english_standard_item_list_2010,true
ne_ndot_version_6602.00_current,ne_ndot_6602.00,,,CATHODIC PROTECTION,,EACH,,ne_ndot_english_standard_item_list_2010,true
ne_ndot_version_6602.10_current,ne_ndot_6602.10,,,DEICING SYSTEM,,LUMP SUM,,ne_ndot_english_standard_item_list_2010,true
ne_ndot_version_6602.11_current,ne_ndot_6602.11,,,INSTALL ANTI-ICING SYSTEM,,EACH,,ne_ndot_english_standard_item_list_2010,true
ne_ndot_version_6602.12_current,ne_ndot_6602.12,,,ANTI-ICING SYSTEM,,EACH,,ne_ndot_english_standard_item_list_2010,true
ne_ndot_version_6602.13_current,ne_ndot_6602.13,,,INSTALL ANTI-ICING SYSTEM,,EACH,,ne_ndot_english_standard_item_list_2010,true
ne_ndot_version_6602.14_current,ne_ndot_6602.14,,,ANTI-ICING SYSTEM,,EACH,,ne_ndot_english_standard_item_list_2010,true
ne_ndot_version_6602.16_current,ne_ndot_6602.16,,,ANTI-ICING SENSOR SYSTEM,,EACH,,ne_ndot_english_standard_item_list_2010,true
ne_ndot_version_6602.24_current,ne_ndot_6602.24,,,ELECTROCHEMICAL CHLORIDE EXTRACTION,,SQ FT,,ne_ndot_english_standard_item_list_2010,true
ne_ndot_version_6602.25_current,ne_ndot_6602.25,,,ELECTROCHEMICAL CHLORIDE EXTRACTION,,EACH,,ne_ndot_english_standard_item_list_2010,true
ne_ndot_version_6602.29_historical,ne_ndot_6602.29,,,SPECIAL SURFACE COATING,,LS,,ne_ndot_aup_july_june_2022_2023,false
ne_ndot_version_6602.30_current,ne_ndot_6602.30,,,CONCRETE COATING,,SQ FT,,ne_ndot_english_standard_item_list_2010,true
ne_ndot_version_6602.31_current,ne_ndot_6602.31,,,CONCRETE COATING,,LUMP SUM,,ne_ndot_english_standard_item_list_2010,true
ne_ndot_version_6602.32_current,ne_ndot_6602.32,,,CONCRETE COATING,,LUMP SUM,,ne_ndot_english_standard_item_list_2010,true
ne_ndot_version_6602.33_current,ne_ndot_6602.33,,,CONCRETE COATING,,LUMP SUM,,ne_ndot_english_standard_item_list_2010,true
ne_ndot_version_6602.34_current,ne_ndot_6602.34,,,CONCRETE COATING,,LUMP SUM,,ne_ndot_english_standard_item_list_2010,true
ne_ndot_version_6602.35_current,ne_ndot_6602.35,,,SPECIAL SURFACE COATING,,LUMP SUM,,ne_ndot_english_standard_item_list_2010,true
ne_ndot_version_6602.36_current,ne_ndot_6602.36,,,CONCRETE COATING,,LUMP SUM,,ne_ndot_english_standard_item_list_2010,true
ne_ndot_version_6602.37_current,ne_ndot_6602.37,,,CONCRETE COATING,,LUMP SUM,,ne_ndot_english_standard_item_list_2010,true
ne_ndot_version_6602.38_current,ne_ndot_6602.38,,,CONCRETE COATING,,LUMP SUM,,ne_ndot_english_standard_item_list_2010,true
ne_ndot_version_6602.39_current,ne_ndot_6602.39,,,CONCRETE COATING,,LUMP SUM,,ne_ndot_english_standard_item_list_2010,true
ne_ndot_version_6602.40_current,ne_ndot_6602.40,,,CONCRETE COATING,,LUMP SUM,,ne_ndot_english_standard_item_list_2010,true
ne_ndot_version_6602.41_historical,ne_ndot_6602.41,,,CONCRETE COATING,,LS,,ne_ndot_aup_july_june_2023_2024,false
ne_ndot_version_6602.42_historical,ne_ndot_6602.42,,,SPECIAL CONCRETE COATING,,SF,,ne_ndot_aup_calendar_2021,false
ne_ndot_version_6603.00_current,ne_ndot_6603.00,,,DEWATERING,,LUMP SUM,,ne_ndot_english_standard_item_list_2010,true
ne_ndot_version_6609.90_current,ne_ndot_6609.90,,,REMODEL ROADWAY FIXED DEVICE,,EACH,,ne_ndot_english_standard_item_list_2010,true
ne_ndot_version_6610.00_current,ne_ndot_6610.00,,,RESET ROADWAY DEVICES,,EACH,,ne_ndot_english_standard_item_list_2010,true
ne_ndot_version_6610.16_current,ne_ndot_6610.16,,,REMODEL ROADWAY JOINTS,,EACH,,ne_ndot_english_standard_item_list_2010,true
ne_ndot_version_6610.20_current,ne_ndot_6610.20,,,REMODEL AND RESET EXPANSION JOINT,,EACH,,ne_ndot_english_standard_item_list_2010,true
ne_ndot_version_6610.25_current,ne_ndot_6610.25,,,REMODEL ROADWAY EXPANSION DEVICE,,EACH,,ne_ndot_english_standard_item_list_2010,true
ne_ndot_version_6610.27_current,ne_ndot_6610.27,,,REMODEL SEPARATORS,,EACH,,ne_ndot_english_standard_item_list_2010,true
ne_ndot_version_6610.30_current,ne_ndot_6610.30,,,RESET EXPANSION ROLLERS,,EACH,,ne_ndot_english_standard_item_list_2010,true
ne_ndot_version_6610.32_historical,ne_ndot_6610.32,,,CLEAN AND LUBRICATE EXPANSION ROLLER AND JOINTS,,LS,,ne_ndot_aup_calendar_2025,false
ne_ndot_version_6610.35_current,ne_ndot_6610.35,,,REMODEL ROADWAY FIXED DEVICE,,EACH,,ne_ndot_english_standard_item_list_2010,true
ne_ndot_version_6610.40_current,ne_ndot_6610.40,,,REPLACE ROLLER NEST,,EACH,,ne_ndot_english_standard_item_list_2010,true
ne_ndot_version_6610.45_current,ne_ndot_6610.45,,,STRIP SEALS,,LIN FT,730.00,ne_ndot_english_standard_item_list_2010,true
ne_ndot_version_6610.48_current,ne_ndot_6610.48,,,ROADWAY JOINTS,,LIN FT,,ne_ndot_english_standard_item_list_2010,true
ne_ndot_version_6610.60_current,ne_ndot_6610.60,,,METAL BOND BREAKER,,EACH,,ne_ndot_english_standard_item_list_2010,true
ne_ndot_version_6612.00_current,ne_ndot_6612.00,,,TEMPORARY PIER SUPPORT,,EACH,,ne_ndot_english_standard_item_list_2010,true
ne_ndot_version_6613.00_current,ne_ndot_6613.00,,,BACKWALL RECONSTRUCTION,,EACH,,ne_ndot_english_standard_item_list_2010,true
ne_ndot_version_6613.50_current,ne_ndot_6613.50,,,SOIL ANCHORS,,EACH,,ne_ndot_english_standard_item_list_2010,true
ne_ndot_version_6614.00_current,ne_ndot_6614.00,,,TEMPORARY SUPPORT AND ANCHORAGE,,EACH,,ne_ndot_english_standard_item_list_2010,true
ne_ndot_version_6614.05_current,ne_ndot_6614.05,,,TEMPORARY WALKWAY,,LIN FT,,ne_ndot_english_standard_item_list_2010,true
ne_ndot_version_6614.07_current,ne_ndot_6614.07,,,TEMPORARY BRIDGE RAIL,,LIN FT,,ne_ndot_english_standard_item_list_2010,true
ne_ndot_version_6614.09_current,ne_ndot_6614.09,,,TEMPORARY SUPPORT,,LUMP SUM,,ne_ndot_english_standard_item_list_2010,true
ne_ndot_version_6614.10_current,ne_ndot_6614.10,,,TEMPORARY SUPPORTS,,EACH,,ne_ndot_english_standard_item_list_2010,true
ne_ndot_version_6614.25_current,ne_ndot_6614.25,,,REPAIR SUPERSTRUCTURE,,EACH,,ne_ndot_english_standard_item_list_2010,true
ne_ndot_version_6614.26_current,ne_ndot_6614.26,,,REPAIR SUPERSTRUCTURE,,EACH,,ne_ndot_english_standard_item_list_2010,true
ne_ndot_version_6615.00_current,ne_ndot_6615.00,,,SUBSTRUCTURE REPAIR,,CU YD,,ne_ndot_english_standard_item_list_2010,true
ne_ndot_version_6615.20_current,ne_ndot_6615.20,,,SUBSTRUCTURE REPAIR,,EACH,,ne_ndot_english_standard_item_list_2010,true
ne_ndot_version_6615.30_current,ne_ndot_6615.30,,,BRIDGE REPAIR,,EACH,,ne_ndot_english_standard_item_list_2010,true
ne_ndot_version_6615.35_historical,ne_ndot_6615.35,,,TIMBER PILE SUPPORT,,EACH,,ne_ndot_aup_july_june_2020_2021,false
ne_ndot_version_6615.40_current,ne_ndot_6615.40,,,TIMBER PILE REPAIR,,EACH,,ne_ndot_english_standard_item_list_2010,true
ne_ndot_version_6615.45_current,ne_ndot_6615.45,,,STRENGTHEN TRUSS MEMBERS,,EACH,,ne_ndot_english_standard_item_list_2010,true
ne_ndot_version_6615.50_current,ne_ndot_6615.50,,,STRAIGHTEN TRUSS MEMBERS,,EACH,,ne_ndot_english_standard_item_list_2010,true
ne_ndot_version_6616.60_current,ne_ndot_6616.60,,,PIN REPLACEMENT,,EACH,,ne_ndot_english_standard_item_list_2010,true
ne_ndot_version_6616.65_current,ne_ndot_6616.65,,,BEARING DEVICE REPLACEMENT,,EACH,,ne_ndot_english_standard_item_list_2010,true
ne_ndot_version_6616.80_current,ne_ndot_6616.80,,,HANGER REPLACEMENT,,EACH,,ne_ndot_english_standard_item_list_2010,true
ne_ndot_version_6616.90_historical,ne_ndot_6616.90,,,CLEAN PIN AND HANGER,,EACH,,ne_ndot_aup_july_june_2019_2020,false
ne_ndot_version_6617.00_current,ne_ndot_6617.00,,,ABUTMENT REPAIR,,EACH,,ne_ndot_english_standard_item_list_2010,true
ne_ndot_version_6617.02_current,ne_ndot_6617.02,,,ABUTMENT REPAIR,,SQ FT,,ne_ndot_english_standard_item_list_2010,true
ne_ndot_version_6617.25_current,ne_ndot_6617.25,,,CONCRETE REPAIR,,SQ FT,,ne_ndot_english_standard_item_list_2010,true
ne_ndot_version_6617.26_current,ne_ndot_6617.26,,,CONCRETE REPAIR,,SQ YD,,ne_ndot_english_standard_item_list_2010,true
ne_ndot_version_6617.30_historical,ne_ndot_6617.30,,,CONCRETE PATCHING,,SF,,ne_ndot_aup_july_june_2025_2026,false
ne_ndot_version_6617.31_historical,ne_ndot_6617.31,,,CONCRETE PATCHING FOR SUPERSTRUCTURE,,SF,,ne_ndot_aup_calendar_2025,false
ne_ndot_version_6617.32_historical,ne_ndot_6617.32,,,CONCRETE PATCHING FOR SUBSTRUCTURE,,SF,,ne_ndot_aup_calendar_2025,false
ne_ndot_version_6617.50_current,ne_ndot_6617.50,,,PIER REPAIR,,EACH,,ne_ndot_english_standard_item_list_2010,true
ne_ndot_version_6617.52_historical,ne_ndot_6617.52,,,PIER REPAIR,,SF,,ne_ndot_aup_july_june_2018_2019,false
ne_ndot_version_6617.60_current,ne_ndot_6617.60,,,BENT REPAIR,,EACH,,ne_ndot_english_standard_item_list_2010,true
ne_ndot_version_6617.70_current,ne_ndot_6617.70,,,REPAIR WINGWALL,,EACH,,ne_ndot_english_standard_item_list_2010,true
ne_ndot_version_6618.00_current,ne_ndot_6618.00,,,GIRDER SEAT REPAIR,,EACH,,ne_ndot_english_standard_item_list_2010,true
ne_ndot_version_6618.02_historical,ne_ndot_6618.02,,,BEARING DEVICE REPAIR,,EACH,,ne_ndot_aup_july_june_2024_2025,false
ne_ndot_version_6618.03_historical,ne_ndot_6618.03,,,CLEAN BEARING,,EACH,,ne_ndot_aup_july_june_2025_2026,false
ne_ndot_version_6618.05_current,ne_ndot_6618.05,,,REPAIR,,SQ FT,,ne_ndot_english_standard_item_list_2010,true
ne_ndot_version_6618.06_current,ne_ndot_6618.06,,,REPAIR,,EACH,,ne_ndot_english_standard_item_list_2010,true
ne_ndot_version_6618.07_current,ne_ndot_6618.07,,,REPAIR,,EACH,,ne_ndot_english_standard_item_list_2010,true
ne_ndot_version_6618.08_current,ne_ndot_6618.08,,,REPAIR,,EACH,,ne_ndot_english_standard_item_list_2010,true
ne_ndot_version_6618.09_current,ne_ndot_6618.09,,,REPAIR,,EACH,,ne_ndot_english_standard_item_list_2010,true
ne_ndot_version_6618.10_current,ne_ndot_6618.10,,,REPAIR,,EACH,,ne_ndot_english_standard_item_list_2010,true
ne_ndot_version_6618.11_current,ne_ndot_6618.11,,,REPAIR,,EACH,,ne_ndot_english_standard_item_list_2010,true
ne_ndot_version_6618.12_current,ne_ndot_6618.12,,,REPAIR,,EACH,,ne_ndot_english_standard_item_list_2010,true
ne_ndot_version_6618.13_current,ne_ndot_6618.13,,,REPAIR,,EACH,,ne_ndot_english_standard_item_list_2010,true
ne_ndot_version_6618.20_current,ne_ndot_6618.20,,,GIRDER REPAIR,,EACH,,ne_ndot_english_standard_item_list_2010,true
ne_ndot_version_6618.21_current,ne_ndot_6618.21,,,GIRDER REPAIR,,EACH,,ne_ndot_english_standard_item_list_2010,true
ne_ndot_version_6618.24_historical,ne_ndot_6618.24,,,GIRDER,,EACH,,ne_ndot_aup_calendar_2020,false
ne_ndot_version_6618.25_current,ne_ndot_6618.25,,,GIRDER REPAIR,,LUMP SUM,,ne_ndot_english_standard_item_list_2010,true
ne_ndot_version_6618.30_current,ne_ndot_6618.30,,,FLOOR BEAM REPAIR,,EACH,,ne_ndot_english_standard_item_list_2010,true
ne_ndot_version_6618.35_current,ne_ndot_6618.35,,,STRINGER REPAIR,,EACH,,ne_ndot_english_standard_item_list_2010,true
ne_ndot_version_6619.00_current,ne_ndot_6619.00,,,DECK REPAIR,,SQ FT,,ne_ndot_english_standard_item_list_2010,true
ne_ndot_version_6619.20_current,ne_ndot_6619.20,,,REPAIR DECK JOINT SEALS,,LIN FT,,ne_ndot_english_standard_item_list_2010,true
ne_ndot_version_6619.30_current,ne_ndot_6619.30,,,DECK JOINT REPAIR,,EACH,,ne_ndot_english_standard_item_list_2010,true
ne_ndot_version_6619.40_current,ne_ndot_6619.40,,,METAL DECKING,,SQ FT,,ne_ndot_english_standard_item_list_2010,true
ne_ndot_version_6619.50_current,ne_ndot_6619.50,,,REPAIR FLOOR DRAIN,,EACH,,ne_ndot_english_standard_item_list_2010,true
ne_ndot_version_6620.00_current,ne_ndot_6620.00,,,CONCRETE END DAM,,SQ FT,,ne_ndot_english_standard_item_list_2010,true
ne_ndot_version_6630.00_current,ne_ndot_6630.00,,,PREPARATION OF ABUTMENT PILE,,LUMP SUM,,ne_ndot_english_standard_item_list_2010,true
ne_ndot_version_6650.50_current,ne_ndot_6650.50,,,CURB REPAIR,,SQ FT,,ne_ndot_english_standard_item_list_2010,true
ne_ndot_version_6650.52_historical,ne_ndot_6650.52,,,CURB REPAIR,,LF,,ne_ndot_aup_calendar_2018,false
ne_ndot_version_6650.55_current,ne_ndot_6650.55,,,REPAIR BRIDGE CURB,,LIN FT,,ne_ndot_english_standard_item_list_2010,true
ne_ndot_version_6650.60_current,ne_ndot_6650.60,,,CURB REPAIR,,EACH,,ne_ndot_english_standard_item_list_2010,true
ne_ndot_version_6650.90_current,ne_ndot_6650.90,,,HAUNCH REPAIR,,LIN FT,,ne_ndot_english_standard_item_list_2010,true
ne_ndot_version_6651.00_current,ne_ndot_6651.00,,,REMODEL BRIDGE CURB,,LIN FT,,ne_ndot_english_standard_item_list_2010,true
ne_ndot_version_6651.02_current,ne_ndot_6651.02,,,REMODEL BRIDGE CURB,,LIN FT,,ne_ndot_english_standard_item_list_2010,true
ne_ndot_version_6651.50_current,ne_ndot_6651.50,,,CURB REMODELING,,EACH,,ne_ndot_english_standard_item_list_2010,true
ne_ndot_version_6652.00_current,ne_ndot_6652.00,,,SHOTCRETE FOR CURBS,,SQ FT,,ne_ndot_english_standard_item_list_2010,true
ne_ndot_version_6660.00_current,ne_ndot_6660.00,,,PIER PROTECTION WALL,,EACH,,ne_ndot_english_standard_item_list_2010,true
ne_ndot_version_6670.00_current,ne_ndot_6670.00,,,SEALING DECK CRACKS,,LIN FT,,ne_ndot_english_standard_item_list_2010,true
ne_ndot_version_6670.10_current,ne_ndot_6670.10,,,CRACK ARRESTING HOLE,,EACH,,ne_ndot_english_standard_item_list_2010,true
ne_ndot_version_6670.25_current,ne_ndot_6670.25,,,SEALING JOINT,,EACH,,ne_ndot_english_standard_item_list_2010,true
ne_ndot_version_6670.28_historical,ne_ndot_6670.28,,,SAW AND SEAL JOINT,,LF,,ne_ndot_aup_july_june_2025_2026,false
ne_ndot_version_6671.00_current,ne_ndot_6671.00,,,SEALING CONCRETE SURFACES,,SQ YD,,ne_ndot_english_standard_item_list_2010,true
ne_ndot_version_6680.51_current,ne_ndot_6680.51,,,REVISED FLOOR SHIM WORK,,LUMP SUM,,ne_ndot_english_standard_item_list_2010,true
ne_ndot_version_6680.60_current,ne_ndot_6680.60,,,COLUMN MODIFICATION,,EACH,,ne_ndot_english_standard_item_list_2010,true
ne_ndot_version_6681.02_current,ne_ndot_6681.02,,,WELDING,,EACH,,ne_ndot_english_standard_item_list_2010,true
ne_ndot_version_6700.00_current,ne_ndot_6700.00,,,NAVIGATION LIGHTING SYSTEM,,EACH,,ne_ndot_english_standard_item_list_2010,true
ne_ndot_version_6700.01_current,ne_ndot_6700.01,,,TEMPORARY NAVIGATION LIGHTING SYSTEM,,EACH,,ne_ndot_english_standard_item_list_2010,true
ne_ndot_version_6700.02_current,ne_ndot_6700.02,,,WALKWAY LIGHTING SYSTEM,,LUMP SUM,,ne_ndot_english_standard_item_list_2010,true
ne_ndot_version_6700.04_current,ne_ndot_6700.04,,,CABLE STAY LIGHTING SYSTEM,,LUMP SUM,,ne_ndot_english_standard_item_list_2010,true
ne_ndot_version_6700.06_current,ne_ndot_6700.06,,,PYLON LIGHTING SYSTEM,,LUMP SUM,,ne_ndot_english_standard_item_list_2010,true
ne_ndot_version_6700.08_current,ne_ndot_6700.08,,,COLORED PYLON LIGHTING SYSTEM,,LUMP SUM,,ne_ndot_english_standard_item_list_2010,true
ne_ndot_version_6700.10_current,ne_ndot_6700.10,,,BRIDGE LIGHTING SYSTEM,,EACH,,ne_ndot_english_standard_item_list_2010,true
ne_ndot_version_6700.11_historical,ne_ndot_6700.11,,,BRIDGE LIGHTING SYSTEM,,LS,,ne_ndot_aup_july_june_2025_2026,false
ne_ndot_version_6700.13_historical,ne_ndot_6700.13,,,MODIFY BRIDGE NAVIGATIONAL LIGHTING,,LS,,ne_ndot_aup_july_june_2024_2025,false
ne_ndot_version_6700.15_current,ne_ndot_6700.15,,,LIGHTING SYSTEM,,EACH,,ne_ndot_english_standard_item_list_2010,true
ne_ndot_version_6700.19_current,ne_ndot_6700.19,,,INSTALL TYPE SF LIGHT FIXTURES,,EACH,,ne_ndot_english_standard_item_list_2010,true
ne_ndot_version_6700.20_current,ne_ndot_6700.20,,,TYPE A LIGHT FIXTURES,,EACH,,ne_ndot_english_standard_item_list_2010,true
ne_ndot_version_6700.21_current,ne_ndot_6700.21,,,TYPE AC LIGHT FIXTURES,,EACH,,ne_ndot_english_standard_item_list_2010,true
ne_ndot_version_6700.22_current,ne_ndot_6700.22,,,TYPE AW LIGHT FIXTURES,,EACH,,ne_ndot_english_standard_item_list_2010,true
ne_ndot_version_6700.25_current,ne_ndot_6700.25,,,TYPE B LIGHT FIXTURES,,EACH,,ne_ndot_english_standard_item_list_2010,true
ne_ndot_version_6700.30_current,ne_ndot_6700.30,,,TYPE B LIGHT POLES,,EACH,,ne_ndot_english_standard_item_list_2010,true
ne_ndot_version_6700.40_current,ne_ndot_6700.40,,,EVENT POWER OUTLET SYSTEM,,LUMP SUM,,ne_ndot_english_standard_item_list_2010,true
ne_ndot_version_6700.42_current,ne_ndot_6700.42,,,ELECTRICAL DISTRIBUTION SYSTEM,,LUMP SUM,,ne_ndot_english_standard_item_list_2010,true
ne_ndot_version_6700.44_current,ne_ndot_6700.44,,,LIGHTING PROTECTION SYSTEM,,LUMP SUM,,ne_ndot_english_standard_item_list_2010,true
ne_ndot_version_6700.45_historical,ne_ndot_6700.45,,,ASCT TRAINING,,LS,,ne_ndot_aup_july_june_2021_2022,false
ne_ndot_version_6700.46_current,ne_ndot_6700.46,,,MISCELLANEOUS ELECTRICAL AND COMMUNICATION SYSTEMS,,LUMP SUM,,ne_ndot_english_standard_item_list_2010,true
ne_ndot_version_6700.47_historical,ne_ndot_6700.47,,,ASCT TECHNICAL SUPPORT,,LS,,ne_ndot_aup_july_june_2021_2022,false
ne_ndot_version_6700.48_current,ne_ndot_6700.48,,,PYLON 3 PLAZA,,LUMP SUM,,ne_ndot_english_standard_item_list_2010,true
ne_ndot_version_6700.50_current,ne_ndot_6700.50,,,LIGHTNING PROTECTION SYSTEM,,EACH,,ne_ndot_english_standard_item_list_2010,true
ne_ndot_version_6701.00_current,ne_ndot_6701.00,,,CLEARANCE GAUGE,,LUMP SUM,,ne_ndot_english_standard_item_list_2010,true
ne_ndot_version_6701.02_current,ne_ndot_6701.02,,,STREAM FLOW GAUGE,,LUMP SUM,,ne_ndot_english_standard_item_list_2010,true
ne_ndot_version_6801.10_current,ne_ndot_6801.10,,,SCALE AND CLEAN ABUTMENT WALLS,,SQ FT,,ne_ndot_english_standard_item_list_2010,true
ne_ndot_version_6801.20_current,ne_ndot_6801.20,,,SPALL GROUT PATCH,,SQ FT,,ne_ndot_english_standard_item_list_2010,true
ne_ndot_version_6801.21_current,ne_ndot_6801.21,,,GROUT FOR NU-DECK PANELS,,CU YD,,ne_ndot_english_standard_item_list_2010,true
ne_ndot_version_6801.22_current,ne_ndot_6801.22,,,GROUT FOR PRECAST DECK PANELS,,CU YD,,ne_ndot_english_standard_item_list_2010,true
ne_ndot_version_6801.25_current,ne_ndot_6801.25,,,EPOXY GROUT,,GALLON,,ne_ndot_english_standard_item_list_2010,true
ne_ndot_version_6801.27_current,ne_ndot_6801.27,,,INJECT EPOXY GROUT,,DAY,,ne_ndot_english_standard_item_list_2010,true
ne_ndot_version_6801.28_current,ne_ndot_6801.28,,,CRACK EPOXY INJECTION,,LIN FT,,ne_ndot_english_standard_item_list_2010,true
ne_ndot_version_6801.29_historical,ne_ndot_6801.29,,,SUBSTRUCTURE CRACK SEALING,,LF,,ne_ndot_aup_calendar_2025,false
ne_ndot_version_6802.00_current,ne_ndot_6802.00,,,INSTALL REINFORCING STEEL FOR ABUTMENT WALLS,,EACH,,ne_ndot_english_standard_item_list_2010,true
ne_ndot_version_6810.00_current,ne_ndot_6810.00,,,CEMENT BAG RIPRAP,,EACH,,ne_ndot_english_standard_item_list_2010,true
ne_ndot_version_6810.10_current,ne_ndot_6810.10,,,REINFORCING STEEL FOR CEMENT BAG RIPRAP,,POUND,,ne_ndot_english_standard_item_list_2010,true
ne_ndot_version_6820.00_current,ne_ndot_6820.00,,,REPLACE RIVET,,EACH,,ne_ndot_english_standard_item_list_2010,true
ne_ndot_version_6820.02_current,ne_ndot_6820.02,,,REPLACE BOLT,,EACH,,ne_ndot_english_standard_item_list_2010,true
ne_ndot_version_6820.05_historical,ne_ndot_6820.05,,,"3/4"" X 2"" BOLT, NUT AND WASHERS, A325 GALVANIZED",,EACH,,ne_ndot_aup_july_june_2021_2022,false
ne_ndot_version_6820.06_historical,ne_ndot_6820.06,,,"3/4"" X 3"" BOLT, NUT AND WASHERS, A325 GALVANIZED",,EACH,,ne_ndot_aup_july_june_2021_2022,false
ne_ndot_version_6930.10_current,ne_ndot_6930.10,,,CONCRETE CAP,,SQ YD,,ne_ndot_english_standard_item_list_2010,true
ne_ndot_version_6951.06_current,ne_ndot_6951.06,,,REMOVE REINFORCING STEEL,,LUMP SUM,,ne_ndot_english_standard_item_list_2010,true
ne_ndot_version_6951.10_current,ne_ndot_6951.10,,,CONNECTOR,,EACH,,ne_ndot_english_standard_item_list_2010,true
ne_ndot_version_6951.12_current,ne_ndot_6951.12,,,SHEAR CONNECTORS,,EACH,,ne_ndot_english_standard_item_list_2010,true
ne_ndot_version_6951.15_current,ne_ndot_6951.15,,,BRIDGE DECK CURING,,EACH,,ne_ndot_english_standard_item_list_2010,true
ne_ndot_version_6952.01_current,ne_ndot_6952.01,,,EROSION PROTECTION DROPWALL,,EACH,,ne_ndot_english_standard_item_list_2010,true
ne_ndot_version_6952.02_current,ne_ndot_6952.02,,,SHOO-FLY,,EACH,,ne_ndot_english_standard_item_list_2010,true
ne_ndot_version_6952.11_current,ne_ndot_6952.11,,,COST OF EXTRA PILING,,LIN FT,,ne_ndot_english_standard_item_list_2010,true
ne_ndot_version_6953.00_current,ne_ndot_6953.00,,,"1"" JOINT FILLER, SPONGE RUBBER TYPE",,SQ YD,,ne_ndot_english_standard_item_list_2010,true
ne_ndot_version_6960.01_current,ne_ndot_6960.01,,,ADDITIONAL,,LUMP SUM,,ne_ndot_english_standard_item_list_2010,true
ne_ndot_version_6960.02_current,ne_ndot_6960.02,,,ADDITIONAL WORK,,LUMP SUM,,ne_ndot_english_standard_item_list_2010,true
ne_ndot_version_6960.03_current,ne_ndot_6960.03,,,ADDITIONAL SOIL-SETUP FACTOR,,EACH,,ne_ndot_english_standard_item_list_2010,true
ne_ndot_version_6960.04_current,ne_ndot_6960.04,,,CREDIT,,LUMP SUM,,ne_ndot_english_standard_item_list_2010,true
ne_ndot_version_6960.06_current,ne_ndot_6960.06,,,ADDITIONAL WORK,,LIN FT,,ne_ndot_english_standard_item_list_2010,true
ne_ndot_version_6960.11_current,ne_ndot_6960.11,,,BRIDGE APPROACH REPAIR,,SQ YD,,ne_ndot_english_standard_item_list_2010,true
ne_ndot_version_6960.15_current,ne_ndot_6960.15,,,BRIDGE APPROACH REPAIR,,CU YD,,ne_ndot_english_standard_item_list_2010,true
ne_ndot_version_6960.20_current,ne_ndot_6960.20,,,SUPPORT CAP FOR GRADE BEAM,,EACH,,ne_ndot_english_standard_item_list_2010,true
ne_ndot_version_6960.51_current,ne_ndot_6960.51,,,COMPENSATION FOR ADDITIONAL COST,,LUMP SUM,,ne_ndot_english_standard_item_list_2010,true
ne_ndot_version_6960.60_current,ne_ndot_6960.60,,,MATERIAL COST DIFFERENTIAL,,LUMP SUM,,ne_ndot_english_standard_item_list_2010,true
ne_ndot_version_6961.00_current,ne_ndot_6961.00,,,QUICK BOLT,,EACH,,ne_ndot_english_standard_item_list_2010,true
ne_ndot_version_6961.01_current,ne_ndot_6961.01,,,QUICK BOLT,,EACH,,ne_ndot_english_standard_item_list_2010,true
ne_ndot_version_6961.15_current,ne_ndot_6961.15,,,ANCHOR BOLT,,EACH,,ne_ndot_english_standard_item_list_2010,true
ne_ndot_version_6961.17_current,ne_ndot_6961.17,,,EPOXY COATED REBAR SPLICES,,EACH,,ne_ndot_english_standard_item_list_2010,true
ne_ndot_version_6961.18_current,ne_ndot_6961.18,,,REBAR SPLICE,,EACH,,ne_ndot_english_standard_item_list_2010,true
ne_ndot_version_6961.20_current,ne_ndot_6961.20,,,COFFERDAM,,EACH,,ne_ndot_english_standard_item_list_2010,true
ne_ndot_version_6961.25_current,ne_ndot_6961.25,,,STORED MATERIAL,,LIN FT,,ne_ndot_english_standard_item_list_2010,true
ne_ndot_version_6961.26_current,ne_ndot_6961.26,,,STORED MATERIAL,,SQ FT,,ne_ndot_english_standard_item_list_2010,true
ne_ndot_version_6970.00_current,ne_ndot_6970.00,,,FREIGHT,,LUMP SUM,,ne_ndot_english_standard_item_list_2010,true
ne_ndot_version_6970.01_current,ne_ndot_6970.01,,,FREIGHT,,EACH,,ne_ndot_english_standard_item_list_2010,true
ne_ndot_version_6980.00_current,ne_ndot_6980.00,,,STATE FURNISHED,,LUMP SUM,,ne_ndot_english_standard_item_list_2010,true
ne_ndot_version_6990.00_current,ne_ndot_6990.00,,,SALVAGE,,POUND,,ne_ndot_english_standard_item_list_2010,true
ne_ndot_version_6990.01_current,ne_ndot_6990.01,,,MODIFY,,LUMP SUM,,ne_ndot_english_standard_item_list_2010,true
ne_ndot_version_6990.02_current,ne_ndot_6990.02,,,SHIPPING COST,,LUMP SUM,,ne_ndot_english_standard_item_list_2010,true
ne_ndot_version_6990.03_current,ne_ndot_6990.03,,,TEMPORARY,,EACH,,ne_ndot_english_standard_item_list_2010,true
ne_ndot_version_6990.04_historical,ne_ndot_6990.04,,,TEMPORARY,,LS,,ne_ndot_aup_calendar_2021,false
ne_ndot_version_6990.05_current,ne_ndot_6990.05,,,REVISE,,LUMP SUM,,ne_ndot_english_standard_item_list_2010,true
ne_ndot_version_6990.07_current,ne_ndot_6990.07,,,REINSTALL,,LUMP SUM,,ne_ndot_english_standard_item_list_2010,true
ne_ndot_version_6990.11_current,ne_ndot_6990.11,,,LOWER,,EACH,,ne_ndot_english_standard_item_list_2010,true
ne_ndot_version_6990.15_current,ne_ndot_6990.15,,,UPPER FOOTING AND CORE WALL,,EACH,,ne_ndot_english_standard_item_list_2010,true
ne_ndot_version_6999.00_current,ne_ndot_6999.00,,,STOCKPILED MATERIAL,,LUMP SUM,,ne_ndot_english_standard_item_list_2010,true
ne_ndot_version_6999.02_current,ne_ndot_6999.02,,,STOCKPILED MATERIAL,,EACH,,ne_ndot_english_standard_item_list_2010,true
ne_ndot_version_7001.00_current,ne_ndot_7001.00,,,SPECIAL GUARDRAIL POST,,EACH,,ne_ndot_english_standard_item_list_2010,true
ne_ndot_version_7001.50_current,ne_ndot_7001.50,,,CULVERT MOUNTED GUARDRAIL POST,,EACH,,ne_ndot_english_standard_item_list_2010,true
ne_ndot_version_7002.00_current,ne_ndot_7002.00,,,REMOVE AND RESET GUARD POST,,EACH,,ne_ndot_english_standard_item_list_2010,true
ne_ndot_version_7002.05_current,ne_ndot_7002.05,,,REMOVE AND RESET GUARD POST WITH STEEL CABLE,,LIN FT,,ne_ndot_english_standard_item_list_2010,true
ne_ndot_version_7005.00_current,ne_ndot_7005.00,,,ATTACH,,LUMP SUM,,ne_ndot_english_standard_item_list_2010,true
ne_ndot_version_7011.20_current,ne_ndot_7011.20,,,W-BEAM GUARDRAIL,,LIN FT,902.00,ne_ndot_english_standard_item_list_2010,true
ne_ndot_version_7011.26_historical,ne_ndot_7011.26,,,W-BEAM GUARDRAIL,,LF,,ne_ndot_aup_july_june_2018_2019,false
ne_ndot_version_7011.30_current,ne_ndot_7011.30,,,THRIE-BEAM GUARDRAIL,,LIN FT,902.00,ne_ndot_english_standard_item_list_2010,true
ne_ndot_version_7011.70_historical,ne_ndot_7011.70,,,STEEL BACKED TIMBER GUARDRAIL,,LF,,ne_ndot_aup_calendar_2023,false
ne_ndot_version_7012.00_current,ne_ndot_7012.00,,,CONCRETE GUARDRAIL,,LIN FT,,ne_ndot_english_standard_item_list_2010,true
ne_ndot_version_7015.00_current,ne_ndot_7015.00,,,CABLE GUARDRAIL,,LIN FT,902.00,ne_ndot_english_standard_item_list_2010,true
ne_ndot_version_7015.25_current,ne_ndot_7015.25,,,HIGH TENSION CABLE GUARDRAIL,,LIN FT,,ne_ndot_english_standard_item_list_2010,true
ne_ndot_version_7016.00_current,ne_ndot_7016.00,,,REMOVE AND RESET GUARDRAIL,,LIN FT,,ne_ndot_english_standard_item_list_2010,true
ne_ndot_version_7016.02_current,ne_ndot_7016.02,,,INSTALL AND REMOVE,,LIN FT,,ne_ndot_english_standard_item_list_2010,true
ne_ndot_version_7017.00_current,ne_ndot_7017.00,,,REMOVE GUARDRAIL,,LIN FT,903.00,ne_ndot_english_standard_item_list_2010,true
ne_ndot_version_7017.50_current,ne_ndot_7017.50,,,REMOVE & SALVAGE GUARDRAIL,,LIN FT,903.03,ne_ndot_english_standard_item_list_2010,true
ne_ndot_version_7018.01_current,ne_ndot_7018.01,,,RESET GUARDRAIL,,LIN FT,903.00,ne_ndot_english_standard_item_list_2010,true
ne_ndot_version_7018.10_current,ne_ndot_7018.10,,,RESET GUARD POST,,EACH,,ne_ndot_english_standard_item_list_2010,true
ne_ndot_version_7018.50_current,ne_ndot_7018.50,,,TEMPORARY GUARDRAIL,,LUMP SUM,,ne_ndot_english_standard_item_list_2010,true
ne_ndot_version_7018.51_historical,ne_ndot_7018.51,,,TEMPORARY,,LF,,ne_ndot_aup_calendar_2023,false
ne_ndot_version_7019.01_current,ne_ndot_7019.01,,,GUARDRAIL ADJUSTMENT,,LIN FT,,ne_ndot_english_standard_item_list_2010,true
ne_ndot_version_7019.02_current,ne_ndot_7019.02,,,GUARDRAIL ADJUSTMENT,,LUMP SUM,,ne_ndot_english_standard_item_list_2010,true
ne_ndot_version_7019.10_current,ne_ndot_7019.10,,,REMODEL RAIL,,LIN FT,,ne_ndot_english_standard_item_list_2010,true
ne_ndot_version_7019.40_current,ne_ndot_7019.40,,,VEHICLE ARRESTING BARRIER,,EACH,,ne_ndot_english_standard_item_list_2010,true
ne_ndot_version_7019.50_current,ne_ndot_7019.50,,,IMPACT ATTENUATOR,,EACH,,ne_ndot_english_standard_item_list_2010,true
ne_ndot_version_7019.51_current,ne_ndot_7019.51,,,IMPACT ATTENUATOR,,EACH,,ne_ndot_english_standard_item_list_2010,true
ne_ndot_version_7019.52_historical,ne_ndot_7019.52,,,RESET,,EACH,,ne_ndot_aup_july_june_2021_2022,false
ne_ndot_version_7019.55_historical,ne_ndot_7019.55,,,REMOVE & SALVAGE IMPACT ATTENUATOR,,EACH,,ne_ndot_aup_july_june_2021_2022,false
ne_ndot_version_7019.60_current,ne_ndot_7019.60,,,INSTALL IMPACT ATTENUATOR,,EACH,422.00,ne_ndot_english_standard_item_list_2010,true
ne_ndot_version_7019.64_current,ne_ndot_7019.64,,,TEMPORARY IMPACT ATTENUATOR,,EACH,,ne_ndot_english_standard_item_list_2010,true
ne_ndot_version_7019.65_current,ne_ndot_7019.65,,,RELOCATE IMPACT ATTENUATOR,,EACH,,ne_ndot_english_standard_item_list_2010,true
ne_ndot_version_7019.70_current,ne_ndot_7019.70,,,REMOVE IMPACT ATTENUATOR,,EACH,203.00,ne_ndot_english_standard_item_list_2010,true
ne_ndot_version_7019.75_current,ne_ndot_7019.75,,,"IMPACT ATTENUATOR, REACT 350",,EACH,,ne_ndot_english_standard_item_list_2010,true
ne_ndot_version_7019.80_current,ne_ndot_7019.80,,,PERMANENT INERTIAL BARRIER SYSTEM,,EACH,,ne_ndot_english_standard_item_list_2010,true
ne_ndot_version_7020.00_current,ne_ndot_7020.00,,,BRIDGE APPROACH SECTIONS,,EACH,902.00,ne_ndot_english_standard_item_list_2010,true
ne_ndot_version_7020.05_historical,ne_ndot_7020.05,,,BRIDGE APPROACH SECTIONS,,EACH,,ne_ndot_aup_july_june_2019_2020,false
ne_ndot_version_7020.30_current,ne_ndot_7020.30,,,BRIDGE APPROACH SECTION (MODIFIED),,EACH,,ne_ndot_english_standard_item_list_2010,true
ne_ndot_version_7020.60_current,ne_ndot_7020.60,,,SPECIAL BRIDGE APPROACH SECTION,,EACH,902.00,ne_ndot_english_standard_item_list_2010,true
ne_ndot_version_7020.61_historical,ne_ndot_7020.61,,,THRIE-BEAM BRIDGE APPROACH SECTION,,EACH,,ne_ndot_aup_july_june_2025_2026,false
ne_ndot_version_7020.95_current,ne_ndot_7020.95,,,CRASH-CUSHION ATTENUATING TERMINAL,,EACH,,ne_ndot_english_standard_item_list_2010,true
ne_ndot_version_7021.15_historical,ne_ndot_7021.15,,,15 FOOT VEHICLE GATE FOR 6 FOOT CHAIN-LINK FENCE,,EACH,,ne_ndot_aup_july_june_2018_2019,false
ne_ndot_version_7021.44_current,ne_ndot_7021.44,,,BREAKAWAY CABLE TERMINAL,,EACH,,ne_ndot_english_standard_item_list_2010,true
ne_ndot_version_7021.45_current,ne_ndot_7021.45,,,BREAKAWAY CABLE TERMINAL,,EACH,,ne_ndot_english_standard_item_list_2010,true
ne_ndot_version_7021.47_current,ne_ndot_7021.47,,,MELT,,EACH,,ne_ndot_english_standard_item_list_2010,true
ne_ndot_version_7021.48_current,ne_ndot_7021.48,,,"MELT, TYPE I",,EACH,,ne_ndot_english_standard_item_list_2010,true
ne_ndot_version_7021.58_current,ne_ndot_7021.58,,,"GUARDRAIL END TREATMENT, SRT-75",,EACH,902.00,ne_ndot_english_standard_item_list_2010,true
ne_ndot_version_7021.70_current,ne_ndot_7021.70,,,"GUARDRAIL END TREATMENT, SRT-350",,EACH,902.00,ne_ndot_english_standard_item_list_2010,true
ne_ndot_version_7021.80_current,ne_ndot_7021.80,,,"GUARDRAIL END TREATMENT, ET-2000",,EACH,902.00,ne_ndot_english_standard_item_list_2010,true
ne_ndot_version_7022.00_current,ne_ndot_7022.00,,,END ANCHORAGE ASSEMBLY,,EACH,,ne_ndot_english_standard_item_list_2010,true
ne_ndot_version_7022.01_current,ne_ndot_7022.01,,,END ANCHORAGE ASSEMBLY,,EACH,,ne_ndot_english_standard_item_list_2010,true
ne_ndot_version_7022.06_historical,ne_ndot_7022.06,,,MODIFIED THRIE-BEAM END SHOE,,EACH,,ne_ndot_aup_july_june_2025_2026,false
ne_ndot_version_7022.07_current,ne_ndot_7022.07,,,THRIE-BEAM END ANCHORAGE ASSEMBLY,,EACH,,ne_ndot_english_standard_item_list_2010,true
ne_ndot_version_7022.08_historical,ne_ndot_7022.08,,,SPECIAL THRIE-BEAM END SHOE,,EACH,,ne_ndot_aup_calendar_2019,false
ne_ndot_version_7022.09_historical,ne_ndot_7022.09,,,THRIE-BEAM END SHOE,,EACH,,ne_ndot_aup_july_june_2025_2026,false
ne_ndot_version_7022.25_current,ne_ndot_7022.25,,,HIGH TENSION END ANCHORAGE ASSEMBLY,,EACH,,ne_ndot_english_standard_item_list_2010,true
ne_ndot_version_7022.26_historical,ne_ndot_7022.26,,,HIGH TENSION END TERMINAL SECTION,,EACH,,ne_ndot_aup_july_june_2025_2026,false
ne_ndot_version_7022.50_current,ne_ndot_7022.50,,,BULLNOSE-12.5',,EACH,,ne_ndot_english_standard_item_list_2010,true
ne_ndot_version_7022.51_current,ne_ndot_7022.51,,,BULLNOSE-25',,EACH,,ne_ndot_english_standard_item_list_2010,true
ne_ndot_version_7022.52_current,ne_ndot_7022.52,,,BULLNOSE-18.75',,EACH,,ne_ndot_english_standard_item_list_2010,true
ne_ndot_version_7023.00_current,ne_ndot_7023.00,,,TERMINAL ANCHORAGE SECTIONS,,EACH,902.00,ne_ndot_english_standard_item_list_2010,true
ne_ndot_version_7023.25_historical,ne_ndot_7023.25,,,CABLE GUARDRAIL TO W-BEAM TRANSITION SECTION,,EACH,,ne_ndot_aup_calendar_2023,false
ne_ndot_version_7023.50_current,ne_ndot_7023.50,,,SPECIAL ANCHORAGE SECTION,,EACH,,ne_ndot_english_standard_item_list_2010,true
ne_ndot_version_7024.00_current,ne_ndot_7024.00,,,INTERMEDIATE ANCHORAGE SECTIONS,,EACH,902.00,ne_ndot_english_standard_item_list_2010,true
ne_ndot_version_7024.25_current,ne_ndot_7024.25,,,"GUARDRAIL END TREATMENT, TYPE I",,EACH,,ne_ndot_english_standard_item_list_2010,true
ne_ndot_version_7024.26_historical,ne_ndot_7024.26,,,"GUARDRAIL END TREATMENT, TYPE I",,EACH,,ne_ndot_aup_july_june_2019_2020,false
ne_ndot_version_7024.27_current,ne_ndot_7024.27,,,"GUARDRAIL END TREATMENT, TYPE II",,EACH,,ne_ndot_english_standard_item_list_2010,true
ne_ndot_version_7024.50_current,ne_ndot_7024.50,,,GUARDRAIL END TREATMENT,,EACH,902.00,ne_ndot_english_standard_item_list_2010,true
ne_ndot_version_7024.55_historical,ne_ndot_7024.55,,,"GUARDRAIL END TREATMENT, TYPE TL-2",,EACH,,ne_ndot_aup_july_june_2025_2026,false
ne_ndot_version_7025.15_current,ne_ndot_7025.15,,,REMODEL RAIL,,EACH,,ne_ndot_english_standard_item_list_2010,true
ne_ndot_version_7025.48_current,ne_ndot_7025.48,,,GUARDRAIL POSTS,,EACH,902.00,ne_ndot_english_standard_item_list_2010,true
ne_ndot_version_7025.50_current,ne_ndot_7025.50,,,OFFSET BLOCK,,EACH,,ne_ndot_english_standard_item_list_2010,true
ne_ndot_version_7026.05_current,ne_ndot_7026.05,,,W-THRIE BEAM TRANSITION SECTION,,EACH,,ne_ndot_english_standard_item_list_2010,true
ne_ndot_version_7030.04_current,ne_ndot_7030.04,,,SPECIAL ANCHOR,,EACH,,ne_ndot_english_standard_item_list_2010,true
ne_ndot_version_7040.00_current,ne_ndot_7040.00,,,CABLE GUARDRAIL POST,,EACH,,ne_ndot_english_standard_item_list_2010,true
ne_ndot_version_7040.10_current,ne_ndot_7040.10,,,CABLE SPLICES,,EACH,,ne_ndot_english_standard_item_list_2010,true
ne_ndot_version_7050.00_current,ne_ndot_7050.00,,,ADDITIONAL COMPENSATION,,EACH,,ne_ndot_english_standard_item_list_2010,true
ne_ndot_version_7050.02_current,ne_ndot_7050.02,,,ADDITIONAL COMPENSATION,,LUMP SUM,,ne_ndot_english_standard_item_list_2010,true
ne_ndot_version_7050.05_current,ne_ndot_7050.05,,,ADDITIONAL WORK,,LUMP SUM,,ne_ndot_english_standard_item_list_2010,true
ne_ndot_version_7050.06_current,ne_ndot_7050.06,,,ADDITIONAL COST,,LUMP SUM,,ne_ndot_english_standard_item_list_2010,true
ne_ndot_version_7075.10_current,ne_ndot_7075.10,,,PERSONNEL GATE,,EACH,,ne_ndot_english_standard_item_list_2010,true
ne_ndot_version_7075.15_current,ne_ndot_7075.15,,,VEHICLE GATE,,EACH,,ne_ndot_english_standard_item_list_2010,true
ne_ndot_version_7100.00_current,ne_ndot_7100.00,,,RIGHT-OF-WAY FENCE,,LIN FT,910.00,ne_ndot_english_standard_item_list_2010,true
ne_ndot_version_7101.00_current,ne_ndot_7101.00,,,PRIVATE FENCE TERMINALS,,EACH,910.00,ne_ndot_english_standard_item_list_2010,true
ne_ndot_version_7102.01_current,ne_ndot_7102.01,,,"CHANNEL CROSSING, TYPE A",,EACH,910.00,ne_ndot_english_standard_item_list_2010,true
ne_ndot_version_7102.02_current,ne_ndot_7102.02,,,"CHANNEL CROSSING, TYPE B",,EACH,910.00,ne_ndot_english_standard_item_list_2010,true
ne_ndot_version_7103.00_current,ne_ndot_7103.00,,,END POSTS,,EACH,910.00,ne_ndot_english_standard_item_list_2010,true
ne_ndot_version_7103.01_current,ne_ndot_7103.01,,,END POSTS,,EACH,910.00,ne_ndot_english_standard_item_list_2010,true
ne_ndot_version_7103.02_current,ne_ndot_7103.02,,,END POSTS FOR DEER FENCE,,EACH,,ne_ndot_english_standard_item_list_2010,true
ne_ndot_version_7104.00_current,ne_ndot_7104.00,,,PULL POSTS,,EACH,910.00,ne_ndot_english_standard_item_list_2010,true
ne_ndot_version_7104.01_current,ne_ndot_7104.01,,,PULL POSTS,,EACH,910.00,ne_ndot_english_standard_item_list_2010,true
ne_ndot_version_7104.02_current,ne_ndot_7104.02,,,PULL POSTS FOR DEER FENCE,,EACH,,ne_ndot_english_standard_item_list_2010,true
ne_ndot_version_7105.00_current,ne_ndot_7105.00,,,CORNER POSTS,,EACH,910.00,ne_ndot_english_standard_item_list_2010,true
ne_ndot_version_7105.01_current,ne_ndot_7105.01,,,CORNER POSTS,,EACH,910.00,ne_ndot_english_standard_item_list_2010,true
ne_ndot_version_7105.02_current,ne_ndot_7105.02,,,CORNER POSTS FOR DEER FENCE,,EACH,,ne_ndot_english_standard_item_list_2010,true
ne_ndot_version_7105.03_current,ne_ndot_7105.03,,,MASONRY COLUMN,,EACH,910.00,ne_ndot_english_standard_item_list_2010,true
ne_ndot_version_7105.04_current,ne_ndot_7105.04,,,MASONRY COLUMN,,EACH,910.00,ne_ndot_english_standard_item_list_2010,true
ne_ndot_version_7105.94_current,ne_ndot_7105.94,,,4' GATE,,EACH,,ne_ndot_english_standard_item_list_2010,true
ne_ndot_version_7105.95_historical,ne_ndot_7105.95,,,5' GATE,,EACH,,ne_ndot_aup_calendar_2020,false
ne_ndot_version_7105.96_historical,ne_ndot_7105.96,,,6' GATE,,EACH,,ne_ndot_aup_calendar_2020,false
ne_ndot_version_7106.00_current,ne_ndot_7106.00,,,12' GATE,,EACH,,ne_ndot_english_standard_item_list_2010,true
ne_ndot_version_7106.01_current,ne_ndot_7106.01,,,14' GATE,,EACH,,ne_ndot_english_standard_item_list_2010,true
ne_ndot_version_7106.02_current,ne_ndot_7106.02,,,30' GATE,,EACH,,ne_ndot_english_standard_item_list_2010,true
ne_ndot_version_7106.03_current,ne_ndot_7106.03,,,20' GATE,,EACH,,ne_ndot_english_standard_item_list_2010,true
ne_ndot_version_7106.08_current,ne_ndot_7106.08,,,25' DOUBLE GATE,,EACH,,ne_ndot_english_standard_item_list_2010,true
ne_ndot_version_7106.09_current,ne_ndot_7106.09,,,26' DOUBLE GATE,,EACH,,ne_ndot_english_standard_item_list_2010,true
ne_ndot_version_7106.12_current,ne_ndot_7106.12,,,12' VEHICLE GATE,,EACH,,ne_ndot_english_standard_item_list_2010,true
ne_ndot_version_7106.14_current,ne_ndot_7106.14,,,14' VEHICLE GATE,,EACH,,ne_ndot_english_standard_item_list_2010,true
ne_ndot_version_7106.15_current,ne_ndot_7106.15,,,15' VEHICLE GATE,,EACH,,ne_ndot_english_standard_item_list_2010,true
ne_ndot_version_7106.16_current,ne_ndot_7106.16,,,16' VEHICLE GATE,,EACH,,ne_ndot_english_standard_item_list_2010,true
ne_ndot_version_7106.20_current,ne_ndot_7106.20,,,20' VEHICLE GATE,,EACH,,ne_ndot_english_standard_item_list_2010,true
ne_ndot_version_7106.24_current,ne_ndot_7106.24,,,24' VEHICLE GATE,,EACH,,ne_ndot_english_standard_item_list_2010,true
ne_ndot_version_7106.30_current,ne_ndot_7106.30,,,30' VEHICLE GATE,,EACH,,ne_ndot_english_standard_item_list_2010,true
ne_ndot_version_7106.32_current,ne_ndot_7106.32,,,32' VEHICLE GATE,,EACH,,ne_ndot_english_standard_item_list_2010,true
ne_ndot_version_7106.36_current,ne_ndot_7106.36,,,36' VEHICLE GATE,,EACH,,ne_ndot_english_standard_item_list_2010,true
ne_ndot_version_7106.92_historical,ne_ndot_7106.92,,,SWING GATE,,EACH,,ne_ndot_aup_calendar_2023,false
ne_ndot_version_7107.28_current,ne_ndot_7107.28,,,INSTALL 28' GATE,,EACH,,ne_ndot_english_standard_item_list_2010,true
ne_ndot_version_7107.36_current,ne_ndot_7107.36,,,INSTALL 36' GATE,,EACH,,ne_ndot_english_standard_item_list_2010,true
ne_ndot_version_7107.50_current,ne_ndot_7107.50,,,SALVAGE,,EACH,,ne_ndot_english_standard_item_list_2010,true
ne_ndot_version_7107.51_current,ne_ndot_7107.51,,,SALVAGE,,EACH,,ne_ndot_english_standard_item_list_2010,true
ne_ndot_version_7108.00_current,ne_ndot_7108.00,,,DRAINAGE STRUCTURE TERMINALS,,EACH,910.00,ne_ndot_english_standard_item_list_2010,true
ne_ndot_version_7109.90_current,ne_ndot_7109.90,,,SPECIAL POST,,EACH,,ne_ndot_english_standard_item_list_2010,true
ne_ndot_version_7109.96_historical,ne_ndot_7109.96,,,SECURITY FENCE,,LF,,ne_ndot_aup_july_june_2019_2020,false
ne_ndot_version_7109.97_current,ne_ndot_7109.97,,,SECURITY FENCE,,LUMP SUM,,ne_ndot_english_standard_item_list_2010,true
ne_ndot_version_7109.98_current,ne_ndot_7109.98,,,SECURITY FENCE,,EACH,,ne_ndot_english_standard_item_list_2010,true
ne_ndot_version_7109.99_current,ne_ndot_7109.99,,,INSTALL TEMPORARY FENCE,,LIN FT,,ne_ndot_english_standard_item_list_2010,true
ne_ndot_version_7110.00_current,ne_ndot_7110.00,,,TEMPORARY FENCE,,LIN FT,,ne_ndot_english_standard_item_list_2010,true
ne_ndot_version_7110.01_historical,ne_ndot_7110.01,,,CONSTRUCTION FENCING,,LF,,ne_ndot_aup_july_june_2023_2024,false
ne_ndot_version_7110.02_current,ne_ndot_7110.02,,,3 FOOT CHAIN-LINK FENCE,,LIN FT,911.00,ne_ndot_english_standard_item_list_2010,true
ne_ndot_version_7110.03_current,ne_ndot_7110.03,,,3.5 FOOT CHAIN-LINK FENCE,,LIN FT,911.00,ne_ndot_english_standard_item_list_2010,true
ne_ndot_version_7110.04_current,ne_ndot_7110.04,,,4 FOOT CHAIN-LINK FENCE,,LIN FT,911.00,ne_ndot_english_standard_item_list_2010,true
ne_ndot_version_7110.05_current,ne_ndot_7110.05,,,5 FOOT CHAIN-LINK FENCE,,LIN FT,911.00,ne_ndot_english_standard_item_list_2010,true
ne_ndot_version_7110.06_current,ne_ndot_7110.06,,,6 FOOT CHAIN-LINK FENCE,,LIN FT,911.00,ne_ndot_english_standard_item_list_2010,true
ne_ndot_version_7110.07_current,ne_ndot_7110.07,,,7 FOOT CHAIN-LINK FENCE,,LIN FT,911.00,ne_ndot_english_standard_item_list_2010,true
ne_ndot_version_7110.08_current,ne_ndot_7110.08,,,8 FOOT CHAIN-LINK FENCE,,LIN FT,911.00,ne_ndot_english_standard_item_list_2010,true
ne_ndot_version_7110.09_current,ne_ndot_7110.09,,,7 FOOT 3 INCH CHAIN-LINK FENCE,,LIN FT,911.00,ne_ndot_english_standard_item_list_2010,true
ne_ndot_version_7110.10_current,ne_ndot_7110.10,,,7 FOOT 4 INCH CHAIN-LINK FENCE,,LIN FT,911.00,ne_ndot_english_standard_item_list_2010,true
ne_ndot_version_7110.20_current,ne_ndot_7110.20,,,6 FOOT CHAIN-LINK FENCE WITH SECURITY TOP,,LIN FT,,ne_ndot_english_standard_item_list_2010,true
ne_ndot_version_7110.53_historical,ne_ndot_7110.53,,,3.5 FOOT CHAIN-LINK FENCE VINYL COATED,,LF,,ne_ndot_aup_calendar_2020,false
ne_ndot_version_7110.54_current,ne_ndot_7110.54,,,4 FOOT CHAIN-LINK FENCE VINYL COATED,,LIN FT,,ne_ndot_english_standard_item_list_2010,true
ne_ndot_version_7110.55_current,ne_ndot_7110.55,,,5 FOOT CHAIN-LINK VINYL COATED,,LIN FT,,ne_ndot_english_standard_item_list_2010,true
ne_ndot_version_7110.56_current,ne_ndot_7110.56,,,6 FOOT CHAIN-LINK FENCE VINYL COATED,,LIN FT,,ne_ndot_english_standard_item_list_2010,true
ne_ndot_version_7110.58_current,ne_ndot_7110.58,,,8 FOOT CHAIN-LINK FENCE VINYL COATED,,LIN FT,,ne_ndot_english_standard_item_list_2010,true
ne_ndot_version_7110.84_historical,ne_ndot_7110.84,,,5 FOOT WELDED WIRE FABRIC FENCE-VINYL COATED,,LF,,ne_ndot_aup_july_june_2019_2020,false
ne_ndot_version_7110.85_historical,ne_ndot_7110.85,,,5 FOOT WELDED WIRE FABRIC FENCE,,LF,,ne_ndot_aup_july_june_2018_2019,false
ne_ndot_version_7110.86_current,ne_ndot_7110.86,,,6 FOOT WELDED WIRE FABRIC FENCE,,LIN FT,,ne_ndot_english_standard_item_list_2010,true
ne_ndot_version_7110.87_current,ne_ndot_7110.87,,,6 FOOT WELDED WIRE FABRIC FENCE-VINYL COATED,,LIN FT,,ne_ndot_english_standard_item_list_2010,true
ne_ndot_version_7110.88_current,ne_ndot_7110.88,,,8 FOOT WELDED WIRE FABRIC FENCE,,LIN FT,,ne_ndot_english_standard_item_list_2010,true
ne_ndot_version_7110.89_current,ne_ndot_7110.89,,,10 FOOT WELDED WIRE FABRIC FENCE-VINYL COATED,,LIN FT,,ne_ndot_english_standard_item_list_2010,true
ne_ndot_version_7110.90_historical,ne_ndot_7110.90,,,10 FOOT WELDED WIRE FABRIC FENCE,,LF,,ne_ndot_aup_july_june_2020_2021,false
ne_ndot_version_7111.04_current,ne_ndot_7111.04,,,PRIVATE FENCE TERMINALS FOR 4 FOOT CHAIN-LINK FENCE,,EACH,911.00,ne_ndot_english_standard_item_list_2010,true
ne_ndot_version_7111.05_current,ne_ndot_7111.05,,,PRIVATE FENCE TERMINALS FOR 5 FOOT CHAIN-LINK FENCE,,EACH,911.00,ne_ndot_english_standard_item_list_2010,true
ne_ndot_version_7111.06_current,ne_ndot_7111.06,,,PRIVATE FENCE TERMINALS FOR 6 FOOT CHAIN-LINK FENCE,,EACH,911.00,ne_ndot_english_standard_item_list_2010,true
ne_ndot_version_7112.03_current,ne_ndot_7112.03,,,TAKE DOWN PANEL FOR 3 FOOT CHAIN-LINK FENCE,,EACH,911.00,ne_ndot_english_standard_item_list_2010,true
ne_ndot_version_7112.04_current,ne_ndot_7112.04,,,TAKE DOWN PANEL FOR 4 FOOT CHAIN-LINK FENCE,,EACH,911.00,ne_ndot_english_standard_item_list_2010,true
ne_ndot_version_7112.05_current,ne_ndot_7112.05,,,TAKE DOWN PANEL FOR 5 FOOT CHAIN-LINK FENCE,,EACH,911.00,ne_ndot_english_standard_item_list_2010,true
ne_ndot_version_7112.06_current,ne_ndot_7112.06,,,TAKE DOWN PANEL FOR 6 FOOT CHAIN-LINK FENCE,,EACH,911.00,ne_ndot_english_standard_item_list_2010,true
ne_ndot_version_7114.14_current,ne_ndot_7114.14,,,"CHANNEL CROSSING, TYPE A FOR 4 FOOT CHAIN-LINK FENCE",,EACH,911.00,ne_ndot_english_standard_item_list_2010,true
ne_ndot_version_7114.15_current,ne_ndot_7114.15,,,"CHANNEL CROSSING, TYPE A FOR 5 FOOT CHAIN-LINK FENCE",,EACH,911.00,ne_ndot_english_standard_item_list_2010,true
ne_ndot_version_7114.16_current,ne_ndot_7114.16,,,"CHANNEL CROSSING, TYPE A FOR 6 FOOT CHAIN-LINK FENCE",,EACH,911.00,ne_ndot_english_standard_item_list_2010,true
ne_ndot_version_7114.24_current,ne_ndot_7114.24,,,"CHANNEL CROSSING, TYPE B FOR 4 FOOT CHAIN-LINK FENCE",,EACH,911.00,ne_ndot_english_standard_item_list_2010,true
ne_ndot_version_7114.25_current,ne_ndot_7114.25,,,"CHANNEL CROSSING, TYPE B FOR 5 FOOT CHAIN-LINK FENCE",,EACH,911.00,ne_ndot_english_standard_item_list_2010,true
ne_ndot_version_7114.26_current,ne_ndot_7114.26,,,"CHANNEL CROSSING, TYPE B FOR 6 FOOT CHAIN-LINK FENCE",,EACH,911.00,ne_ndot_english_standard_item_list_2010,true
ne_ndot_version_7114.27_current,ne_ndot_7114.27,,,"CHANNEL CROSSING, TYPE B FOR 7 FOOT CHAIN-LINK FENCE",,EACH,911.00,ne_ndot_english_standard_item_list_2010,true
ne_ndot_version_7115.00_current,ne_ndot_7115.00,,,TEMPORARY END POST,,EACH,,ne_ndot_english_standard_item_list_2010,true
ne_ndot_version_7115.02_current,ne_ndot_7115.02,,,END POST FOR 3 FOOT CHAIN-LINK FENCE,,EACH,911.00,ne_ndot_english_standard_item_list_2010,true
ne_ndot_version_7115.03_current,ne_ndot_7115.03,,,END POST FOR 3.5 FOOT CHAIN-LINK FENCE,,EACH,911.00,ne_ndot_english_standard_item_list_2010,true
ne_ndot_version_7115.04_current,ne_ndot_7115.04,,,END POST FOR 4 FOOT CHAIN-LINK FENCE,,EACH,911.00,ne_ndot_english_standard_item_list_2010,true
ne_ndot_version_7115.05_current,ne_ndot_7115.05,,,END POST FOR 5 FOOT CHAIN-LINK FENCE,,EACH,911.00,ne_ndot_english_standard_item_list_2010,true
ne_ndot_version_7115.06_current,ne_ndot_7115.06,,,END POST FOR 6 FOOT CHAIN-LINK FENCE,,EACH,911.00,ne_ndot_english_standard_item_list_2010,true
ne_ndot_version_7115.07_current,ne_ndot_7115.07,,,END POST FOR 7 FOOT CHAIN-LINK FENCE,,EACH,911.00,ne_ndot_english_standard_item_list_2010,true
ne_ndot_version_7115.08_current,ne_ndot_7115.08,,,END POST FOR 8 FOOT CHAIN-LINK FENCE,,EACH,911.00,ne_ndot_english_standard_item_list_2010,true
ne_ndot_version_7115.54_current,ne_ndot_7115.54,,,END POST FOR 4 FOOT CHAIN-LINK FENCE VINYL COATED,,EACH,,ne_ndot_english_standard_item_list_2010,true
ne_ndot_version_7116.00_current,ne_ndot_7116.00,,,TEMPORARY CORNER POST,,EACH,,ne_ndot_english_standard_item_list_2010,true
ne_ndot_version_7116.02_current,ne_ndot_7116.02,,,CORNER POST FOR 3.0 FOOT CHAIN-LINK FENCE,,EACH,911.00,ne_ndot_english_standard_item_list_2010,true
ne_ndot_version_7116.03_current,ne_ndot_7116.03,,,CORNER POST FOR 3.5 FOOT CHAIN-LINK FENCE,,EACH,911.00,ne_ndot_english_standard_item_list_2010,true
ne_ndot_version_7116.04_current,ne_ndot_7116.04,,,CORNER POST FOR 4 FOOT CHAIN-LINK FENCE,,EACH,911.00,ne_ndot_english_standard_item_list_2010,true
ne_ndot_version_7116.05_current,ne_ndot_7116.05,,,CORNER POST FOR 5 FOOT CHAIN-LINK FENCE,,EACH,911.00,ne_ndot_english_standard_item_list_2010,true
ne_ndot_version_7116.06_current,ne_ndot_7116.06,,,CORNER POST FOR 6 FOOT CHAIN-LINK FENCE,,EACH,911.00,ne_ndot_english_standard_item_list_2010,true
ne_ndot_version_7116.07_current,ne_ndot_7116.07,,,CORNER POST FOR 7 FOOT CHAIN-LINK FENCE,,EACH,911.00,ne_ndot_english_standard_item_list_2010,true
ne_ndot_version_7116.08_current,ne_ndot_7116.08,,,CORNER POST FOR 8 FOOT CHAIN-LINK FENCE,,EACH,911.00,ne_ndot_english_standard_item_list_2010,true
ne_ndot_version_7116.54_current,ne_ndot_7116.54,,,CORNER POST FOR 4 FOOT CHAIN-LINK FENCE VINYL COATED,,EACH,,ne_ndot_english_standard_item_list_2010,true
ne_ndot_version_7117.00_current,ne_ndot_7117.00,,,TEMPORARY PULL POST,,EACH,,ne_ndot_english_standard_item_list_2010,true
ne_ndot_version_7117.02_current,ne_ndot_7117.02,,,PULL POST FOR 3 FOOT CHAIN-LINK FENCE,,EACH,911.00,ne_ndot_english_standard_item_list_2010,true
ne_ndot_version_7117.03_current,ne_ndot_7117.03,,,PULL POST FOR 3.5 FOOT CHAIN-LINK FENCE,,EACH,911.00,ne_ndot_english_standard_item_list_2010,true
ne_ndot_version_7117.04_current,ne_ndot_7117.04,,,PULL POST FOR 4 FOOT CHAIN-LINK FENCE,,EACH,911.00,ne_ndot_english_standard_item_list_2010,true
ne_ndot_version_7117.05_current,ne_ndot_7117.05,,,PULL POST FOR 5 FOOT CHAIN-LINK FENCE,,EACH,911.00,ne_ndot_english_standard_item_list_2010,true
ne_ndot_version_7117.06_current,ne_ndot_7117.06,,,PULL POST FOR 6 FOOT CHAIN-LINK FENCE,,EACH,911.00,ne_ndot_english_standard_item_list_2010,true
ne_ndot_version_7117.07_current,ne_ndot_7117.07,,,PULL POST FOR 7 FOOT CHAIN-LINK FENCE,,EACH,911.00,ne_ndot_english_standard_item_list_2010,true
ne_ndot_version_7117.08_current,ne_ndot_7117.08,,,PULL POST FOR 8 FOOT CHAIN-LINK FENCE,,EACH,911.00,ne_ndot_english_standard_item_list_2010,true
ne_ndot_version_7117.54_current,ne_ndot_7117.54,,,PULL POST FOR 4 FOOT CHAIN-LINK FENCE VINYL COATED,,EACH,911.00,ne_ndot_english_standard_item_list_2010,true
ne_ndot_version_7118.05_current,ne_ndot_7118.05,,,DRAINAGE STRUCTURE TERMINAL FOR 5 FOOT CHAIN-LINK FENCE,,EACH,911.00,ne_ndot_english_standard_item_list_2010,true
ne_ndot_version_7119.05_current,ne_ndot_7119.05,,,GATE POST FOR 5 FOOT CHAIN LINK FENCE,,EACH,,ne_ndot_english_standard_item_list_2010,true
ne_ndot_version_7119.06_current,ne_ndot_7119.06,,,GATE POST FOR 6 FOOT CHAIN LINK FENCE,,EACH,,ne_ndot_english_standard_item_list_2010,true
ne_ndot_version_7120.05_current,ne_ndot_7120.05,,,20 FOOT GATE FOR 5 FOOT CHAIN-LINK FENCE,,EACH,911.00,ne_ndot_english_standard_item_list_2010,true
ne_ndot_version_7121.03_current,ne_ndot_7121.03,,,12' VEHICLE GATE FOR 5' CHAIN-LINK FENCE,,EACH,911.00,ne_ndot_english_standard_item_list_2010,true
ne_ndot_version_7121.05_current,ne_ndot_7121.05,,,24 FOOT VEHICLE GATE FOR 5 FOOT CHAIN-LINK FENCE,,EACH,911.00,ne_ndot_english_standard_item_list_2010,true
ne_ndot_version_7121.10_current,ne_ndot_7121.10,,,30 FOOT VEHICLE GATE FOR 6 FOOT CHAIN-LINK FENCE,,EACH,911.00,ne_ndot_english_standard_item_list_2010,true
ne_ndot_version_7121.20_current,ne_ndot_7121.20,,,12' VEHICLE GATE FOR 8' CHAIN-LINK FENCE,,EACH,911.00,ne_ndot_english_standard_item_list_2010,true
ne_ndot_version_7121.30_current,ne_ndot_7121.30,,,14' VEHICLE GATE FOR 3' CHAIN-LINK FENCE,,EACH,911.00,ne_ndot_english_standard_item_list_2010,true
ne_ndot_version_7121.63_current,ne_ndot_7121.63,,,3 FOOT GATE FOR 6 FOOT CHAIN-LINK FENCE,,EACH,911.00,ne_ndot_english_standard_item_list_2010,true
ne_ndot_version_7121.64_historical,ne_ndot_7121.64,,,4 FOOT GATE FOR 6 FOOT CHAIN-LINK FENCE,,EACH,,ne_ndot_aup_calendar_2023,false
ne_ndot_version_7121.65_current,ne_ndot_7121.65,,,5 FOOT GATE FOR 6 FOOT CHAIN-LINK FENCE,,EACH,911.00,ne_ndot_english_standard_item_list_2010,true
ne_ndot_version_7121.70_current,ne_ndot_7121.70,,,40 FOOT VEHICLE GATE FOR 3 FOOT CHAIN-LINK FENCE,,EACH,911.00,ne_ndot_english_standard_item_list_2010,true
ne_ndot_version_7122.00_current,ne_ndot_7122.00,,,GATE PANEL FOR CHAIN LINK FENCE,,EACH,,ne_ndot_english_standard_item_list_2010,true
ne_ndot_version_7125.00_current,ne_ndot_7125.00,,,DEER FENCE,,LIN FT,,ne_ndot_english_standard_item_list_2010,true
ne_ndot_version_7125.10_current,ne_ndot_7125.10,,,7' PROTECTIVE FENCE,,LIN FT,,ne_ndot_english_standard_item_list_2010,true
ne_ndot_version_7130.00_current,ne_ndot_7130.00,,,BARBED WIRE FENCE,,LIN FT,910.00,ne_ndot_english_standard_item_list_2010,true
ne_ndot_version_7130.10_current,ne_ndot_7130.10,,,FENCE,,LIN FT,,ne_ndot_english_standard_item_list_2010,true
ne_ndot_version_7130.12_current,ne_ndot_7130.12,,,FENCE,,LIN FT,,ne_ndot_english_standard_item_list_2010,true
ne_ndot_version_7130.14_current,ne_ndot_7130.14,,,FENCE,,LIN FT,,ne_ndot_english_standard_item_list_2010,true
ne_ndot_version_7130.20_current,ne_ndot_7130.20,,,DECORATIVE FENCE,,LIN FT,,ne_ndot_english_standard_item_list_2010,true
ne_ndot_version_7130.21_current,ne_ndot_7130.21,,,GOLF COURSE SAFETY NETTING,,LIN FT,,ne_ndot_english_standard_item_list_2010,true
ne_ndot_version_7130.50_current,ne_ndot_7130.50,,,SMOOTH WIRE FENCE,,LIN FT,,ne_ndot_english_standard_item_list_2010,true
ne_ndot_version_7130.54_current,ne_ndot_7130.54,,,CABLE FENCE,,LIN FT,,ne_ndot_english_standard_item_list_2010,true
ne_ndot_version_7130.55_current,ne_ndot_7130.55,,,WOVEN WIRE FENCE,,LIN FT,,ne_ndot_english_standard_item_list_2010,true
ne_ndot_version_7130.85_current,ne_ndot_7130.85,,,VINYL FENCE,,LIN FT,,ne_ndot_english_standard_item_list_2010,true
ne_ndot_version_7130.90_current,ne_ndot_7130.90,,,4 FOOT ORNAMENTAL FENCE,,LIN FT,,ne_ndot_english_standard_item_list_2010,true
ne_ndot_version_7130.92_current,ne_ndot_7130.92,,,6 FOOT ORNAMENTAL FENCE,,LIN FT,,ne_ndot_english_standard_item_list_2010,true
ne_ndot_version_7130.93_historical,ne_ndot_7130.93,,,8 FOOT ORNAMENTAL FENCE,,LF,,ne_ndot_aup_july_june_2020_2021,false
ne_ndot_version_7130.94_historical,ne_ndot_7130.94,,,"TYPE 1 FENCE, 4 FOOT ORNAMENTAL STEEL",,LF,,ne_ndot_aup_july_june_2019_2020,false
ne_ndot_version_7130.95_current,ne_ndot_7130.95,,,WOOD FENCE,,LIN FT,,ne_ndot_english_standard_item_list_2010,true
ne_ndot_version_7130.96_historical,ne_ndot_7130.96,,,4 FOOT ORNAMENTAL FENCE,,LF,,ne_ndot_aup_calendar_2020,false
ne_ndot_version_7130.97_current,ne_ndot_7130.97,,,ROUND RAIL FENCE,,LIN FT,,ne_ndot_english_standard_item_list_2010,true
ne_ndot_version_7131.00_current,ne_ndot_7131.00,,,FENCE POST,,EACH,,ne_ndot_english_standard_item_list_2010,true
ne_ndot_version_7131.01_current,ne_ndot_7131.01,,,FENCE POST,,EACH,,ne_ndot_english_standard_item_list_2010,true
ne_ndot_version_7131.50_current,ne_ndot_7131.50,,,RESET POST,,EACH,,ne_ndot_english_standard_item_list_2010,true
ne_ndot_version_7131.90_current,ne_ndot_7131.90,,,CHAIN LINK FENCE,,LIN FT,,ne_ndot_english_standard_item_list_2010,true
ne_ndot_version_7150.00_current,ne_ndot_7150.00,,,REMOVE AND RESET R.O.W. FENCE,,LIN FT,,ne_ndot_english_standard_item_list_2010,true
ne_ndot_version_7150.50_current,ne_ndot_7150.50,,,REMOVE AND RESET CHAIN-LINK FENCE,,LIN FT,,ne_ndot_english_standard_item_list_2010,true
ne_ndot_version_7150.51_current,ne_ndot_7150.51,,,REMOVE AND RESET CHAIN-LINK FENCE,,LUMP SUM,,ne_ndot_english_standard_item_list_2010,true
ne_ndot_version_7151.00_current,ne_ndot_7151.00,,,REMOVE AND RESET FENCE,,LIN FT,,ne_ndot_english_standard_item_list_2010,true
ne_ndot_version_7151.02_historical,ne_ndot_7151.02,,,"REMOVE, SALVAGE AND RESET INTERSTATE CLOSURE GATE AND BASE",,EACH,,ne_ndot_aup_july_june_2021_2022,false
ne_ndot_version_7151.03_historical,ne_ndot_7151.03,,,"REMOVE, SALVAGE AND RESET INTERSTATE CLOSURE GATE",,EACH,,ne_ndot_aup_calendar_2025,false
ne_ndot_version_7151.05_historical,ne_ndot_7151.05,,,"REMOVE, SALVAGE AND RESET GATE",,EACH,,ne_ndot_aup_july_june_2020_2021,false
ne_ndot_version_7151.20_current,ne_ndot_7151.20,,,RESET FENCE,,LIN FT,,ne_ndot_english_standard_item_list_2010,true
ne_ndot_version_7151.60_current,ne_ndot_7151.60,,,REMOVE AND RESET STEEL GATE,,EACH,,ne_ndot_english_standard_item_list_2010,true
ne_ndot_version_7151.65_current,ne_ndot_7151.65,,,REMOVE AND RESET CATTLE GUARD,,EACH,,ne_ndot_english_standard_item_list_2010,true
ne_ndot_version_7152.00_current,ne_ndot_7152.00,,,REMOVE AND RESET PULL POST,,EACH,,ne_ndot_english_standard_item_list_2010,true
ne_ndot_version_7153.00_current,ne_ndot_7153.00,,,REMOVE AND RESET CORNER POST,,EACH,,ne_ndot_english_standard_item_list_2010,true
ne_ndot_version_7190.00_current,ne_ndot_7190.00,,,DEDUCTION FOR DEFICIENT FENCE MATERIALS,,LUMP SUM,,ne_ndot_english_standard_item_list_2010,true
ne_ndot_version_7305.00_current,ne_ndot_7305.00,,,REMOVE OVERHEAD STRUCTURE,,EACH,,ne_ndot_english_standard_item_list_2010,true
ne_ndot_version_7305.01_historical,ne_ndot_7305.01,,,REMOVE OVERHEAD STRUCTURE,,EACH,,ne_ndot_aup_calendar_2019,false
ne_ndot_version_7305.02_current,ne_ndot_7305.02,,,REMOVE OVERHEAD STRUCTURE,,EACH,,ne_ndot_english_standard_item_list_2010,true
ne_ndot_version_7305.03_historical,ne_ndot_7305.03,,,REMOVE OVERHEAD STRUCTURE,,EACH,,ne_ndot_aup_calendar_2019,false
ne_ndot_version_7305.04_historical,ne_ndot_7305.04,,,REMOVE OVERHEAD STRUCTURE,,EACH,,ne_ndot_aup_calendar_2019,false
ne_ndot_version_7308.00_current,ne_ndot_7308.00,,,"REMOVE SIGN, STRUCTURE, AND FOUNDATION",,EACH,203.00,ne_ndot_english_standard_item_list_2010,true
ne_ndot_version_7308.10_current,ne_ndot_7308.10,,,REMOVE SIGN,,EACH,203.00,ne_ndot_english_standard_item_list_2010,true
ne_ndot_version_7309.00_current,ne_ndot_7309.00,,,REMOVE POLE FOUNDATION,,EACH,,ne_ndot_english_standard_item_list_2010,true
ne_ndot_version_7309.01_current,ne_ndot_7309.01,,,REMOVE POLE FOUNDATION,,EACH,,ne_ndot_english_standard_item_list_2010,true
ne_ndot_version_7309.02_current,ne_ndot_7309.02,,,REMOVE POLE FOUNDATION,,EACH,,ne_ndot_english_standard_item_list_2010,true
ne_ndot_version_7309.03_current,ne_ndot_7309.03,,,REMOVE POLE FOUNDATION,,EACH,,ne_ndot_english_standard_item_list_2010,true
ne_ndot_version_7309.04_current,ne_ndot_7309.04,,,REMOVE POLE FOUNDATION,,EACH,,ne_ndot_english_standard_item_list_2010,true
ne_ndot_version_7309.10_current,ne_ndot_7309.10,,,REMOVE AND REPLACE POLE FOUNDATION,,EACH,,ne_ndot_english_standard_item_list_2010,true
ne_ndot_version_7309.50_current,ne_ndot_7309.50,,,REMOVE AND REINSTALL SIGN STRUCTURE,,EACH,,ne_ndot_english_standard_item_list_2010,true
ne_ndot_version_7309.90_current,ne_ndot_7309.90,,,REMOVE AND REINSTALL,,EACH,,ne_ndot_english_standard_item_list_2010,true
ne_ndot_version_7309.91_current,ne_ndot_7309.91,,,REMOVE AND REINSTALL,,EACH,,ne_ndot_english_standard_item_list_2010,true
ne_ndot_version_7310.00_current,ne_ndot_7310.00,,,RELOCATE SIGN STRUCTURE,,EACH,,ne_ndot_english_standard_item_list_2010,true
ne_ndot_version_7310.01_current,ne_ndot_7310.01,,,RELOCATE SIGN STRUCTURE,,EACH,,ne_ndot_english_standard_item_list_2010,true
ne_ndot_version_7310.02_current,ne_ndot_7310.02,,,RELOCATE SIGN STRUCTURE,,EACH,,ne_ndot_english_standard_item_list_2010,true
ne_ndot_version_7310.05_current,ne_ndot_7310.05,,,REMOVE SIGN STRUCTURE,,EACH,203.00,ne_ndot_english_standard_item_list_2010,true
ne_ndot_version_7310.06_current,ne_ndot_7310.06,,,REMOVE SIGN STRUCTURE,,EACH,,ne_ndot_english_standard_item_list_2010,true
ne_ndot_version_7310.07_current,ne_ndot_7310.07,,,REMOVE SIGN STRUCTURE,,EACH,,ne_ndot_english_standard_item_list_2010,true
ne_ndot_version_7310.08_current,ne_ndot_7310.08,,,REMOVE SIGN STRUCTURE,,EACH,,ne_ndot_english_standard_item_list_2010,true
ne_ndot_version_7310.09_current,ne_ndot_7310.09,,,REMOVE SIGN STRUCTURE,,EACH,,ne_ndot_english_standard_item_list_2010,true
ne_ndot_version_7311.00_current,ne_ndot_7311.00,,,CONCRETE FOR FOUNDATION,,CU YD,418.00,ne_ndot_english_standard_item_list_2010,true
ne_ndot_version_7311.02_historical,ne_ndot_7311.02,,,CLASS 47B-3000 CONCRETE FOR SIGN SUPPORT FOUNDATIONS,,CY,,ne_ndot_aup_july_june_2025_2026,false
ne_ndot_version_7311.10_current,ne_ndot_7311.10,,,REINFORCING STEEL,,POUND,418.00,ne_ndot_english_standard_item_list_2010,true
ne_ndot_version_7311.11_historical,ne_ndot_7311.11,,,REINFORCING STEEL FOR SIGN SUPPORT FOUNDATIONS,,LB,,ne_ndot_aup_july_june_2025_2026,false
ne_ndot_version_7311.20_current,ne_ndot_7311.20,,,"SIGN STRUCTURE FOUNDATION DESIGN, LOCATION",,EACH,418.00,ne_ndot_english_standard_item_list_2010,true
ne_ndot_version_7311.21_current,ne_ndot_7311.21,,,"SIGN STRUCTURE FOUNDATION DESIGN, LOCATION",,EACH,418.00,ne_ndot_english_standard_item_list_2010,true
ne_ndot_version_7311.22_current,ne_ndot_7311.22,,,"SIGN STRUCTURE FOUNDATION DESIGN, LOCATION",,EACH,418.00,ne_ndot_english_standard_item_list_2010,true
ne_ndot_version_7311.23_current,ne_ndot_7311.23,,,"SIGN STRUCTURE FOUNDATION DESIGN, LOCATION",,EACH,418.00,ne_ndot_english_standard_item_list_2010,true
ne_ndot_version_7311.24_current,ne_ndot_7311.24,,,"SIGN STRUCTURE FOUNDATION DESIGN, LOCATION",,EACH,418.00,ne_ndot_english_standard_item_list_2010,true
ne_ndot_version_7311.25_current,ne_ndot_7311.25,,,"SIGN STRUCTURE FOUNDATION DESIGN, LOCATION",,EACH,418.00,ne_ndot_english_standard_item_list_2010,true
ne_ndot_version_7311.26_current,ne_ndot_7311.26,,,"SIGN STRUCTURE FOUNDATION DESIGN, LOCATION",,EACH,418.00,ne_ndot_english_standard_item_list_2010,true
ne_ndot_version_7311.27_historical,ne_ndot_7311.27,,,"SIGN STRUCTURE FOUNDATION DESIGN, LOCATION",,EACH,,ne_ndot_aup_july_june_2019_2020,false
ne_ndot_version_7311.28_historical,ne_ndot_7311.28,,,"SIGN STRUCTURE FOUNDATION DESIGN, LOCATION",,EACH,,ne_ndot_aup_july_june_2019_2020,false
ne_ndot_version_7311.29_historical,ne_ndot_7311.29,,,"SIGN STRUCTURE FOUNDATION DESIGN, LOCATION",,EACH,,ne_ndot_aup_july_june_2019_2020,false
ne_ndot_version_7311.30_historical,ne_ndot_7311.30,,,"SIGN STRUCTURE FOUNDATION DESIGN, LOCATION",,EACH,,ne_ndot_aup_july_june_2019_2020,false
ne_ndot_version_7311.50_current,ne_ndot_7311.50,,,FLAG POLE FOUNDATION,,EACH,,ne_ndot_english_standard_item_list_2010,true
ne_ndot_version_7311.51_current,ne_ndot_7311.51,,,FLAG POLE BASE,,EACH,,ne_ndot_english_standard_item_list_2010,true
ne_ndot_version_7312.00_current,ne_ndot_7312.00,,,"OVERHEAD SIGN SUPPORT, LOCATION",,EACH,418.00,ne_ndot_english_standard_item_list_2010,true
ne_ndot_version_7312.01_current,ne_ndot_7312.01,,,"OVERHEAD SIGN SUPPORT, LOCATION",,EACH,418.00,ne_ndot_english_standard_item_list_2010,true
ne_ndot_version_7312.02_current,ne_ndot_7312.02,,,"OVERHEAD SIGN SUPPORT, LOCATION",,EACH,418.00,ne_ndot_english_standard_item_list_2010,true
ne_ndot_version_7312.03_current,ne_ndot_7312.03,,,"OVERHEAD SIGN SUPPORT, LOCATION",,EACH,418.00,ne_ndot_english_standard_item_list_2010,true
ne_ndot_version_7312.04_current,ne_ndot_7312.04,,,"OVERHEAD SIGN SUPPORT, LOCATION",,EACH,418.00,ne_ndot_english_standard_item_list_2010,true
ne_ndot_version_7312.05_current,ne_ndot_7312.05,,,"OVERHEAD SIGN SUPPORT, LOCATION",,EACH,418.00,ne_ndot_english_standard_item_list_2010,true
ne_ndot_version_7312.06_current,ne_ndot_7312.06,,,"OVERHEAD SIGN SUPPORT, LOCATION",,EACH,418.00,ne_ndot_english_standard_item_list_2010,true
ne_ndot_version_7312.07_current,ne_ndot_7312.07,,,"OVERHEAD SIGN SUPPORT, LOCATION",,EACH,418.00,ne_ndot_english_standard_item_list_2010,true
ne_ndot_version_7312.08_current,ne_ndot_7312.08,,,"OVERHEAD SIGN SUPPORT, LOCATION",,EACH,418.00,ne_ndot_english_standard_item_list_2010,true
ne_ndot_version_7312.09_current,ne_ndot_7312.09,,,"OVERHEAD SIGN SUPPORT, LOCATION",,EACH,418.00,ne_ndot_english_standard_item_list_2010,true
ne_ndot_version_7312.10_current,ne_ndot_7312.10,,,"OVERHEAD SIGN SUPPORT, LOCATION",,EACH,418.00,ne_ndot_english_standard_item_list_2010,true
ne_ndot_version_7312.11_current,ne_ndot_7312.11,,,"OVERHEAD SIGN SUPPORT, LOCATION",,EACH,418.00,ne_ndot_english_standard_item_list_2010,true
ne_ndot_version_7312.12_current,ne_ndot_7312.12,,,"OVERHEAD SIGN SUPPORT, LOCATION",,EACH,418.00,ne_ndot_english_standard_item_list_2010,true
ne_ndot_version_7312.13_current,ne_ndot_7312.13,,,"OVERHEAD SIGN SUPPORT, LOCATION",,EACH,418.00,ne_ndot_english_standard_item_list_2010,true
ne_ndot_version_7312.14_current,ne_ndot_7312.14,,,"OVERHEAD SIGN SUPPORT, LOCATION",,EACH,418.00,ne_ndot_english_standard_item_list_2010,true
ne_ndot_version_7312.15_current,ne_ndot_7312.15,,,"OVERHEAD SIGN SUPPORT, LOCATION",,EACH,418.00,ne_ndot_english_standard_item_list_2010,true
ne_ndot_version_7312.16_current,ne_ndot_7312.16,,,"OVERHEAD SIGN SUPPORT, LOCATION",,EACH,418.00,ne_ndot_english_standard_item_list_2010,true
ne_ndot_version_7312.17_current,ne_ndot_7312.17,,,"OVERHEAD SIGN SUPPORT, LOCATION",,EACH,418.00,ne_ndot_english_standard_item_list_2010,true
ne_ndot_version_7312.18_current,ne_ndot_7312.18,,,"OVERHEAD SIGN SUPPORT, LOCATION",,EACH,418.00,ne_ndot_english_standard_item_list_2010,true
ne_ndot_version_7312.19_current,ne_ndot_7312.19,,,"OVERHEAD SIGN SUPPORT, LOCATION",,EACH,418.00,ne_ndot_english_standard_item_list_2010,true
ne_ndot_version_7312.20_current,ne_ndot_7312.20,,,"OVERHEAD SIGN SUPPORT, LOCATION",,EACH,418.00,ne_ndot_english_standard_item_list_2010,true
ne_ndot_version_7312.21_current,ne_ndot_7312.21,,,"OVERHEAD SIGN SUPPORT, LOCATION",,EACH,418.00,ne_ndot_english_standard_item_list_2010,true
ne_ndot_version_7312.22_historical,ne_ndot_7312.22,,,"MODIFY OVERHEAD SIGN SUPPORT, LOCATION",,EACH,,ne_ndot_aup_calendar_2020,false
ne_ndot_version_7312.25_historical,ne_ndot_7312.25,,,WOOD SIGN SUPPORT,,LF,,ne_ndot_aup_july_june_2018_2019,false
ne_ndot_version_7312.30_historical,ne_ndot_7312.30,,,"SIGN SUPPORT, LOCATION",,EACH,,ne_ndot_aup_july_june_2025_2026,false
ne_ndot_version_7313.99_current,ne_ndot_7313.99,,,INSTALL ILLUMINATED SIGN,,EACH,,ne_ndot_english_standard_item_list_2010,true
ne_ndot_version_7314.00_current,ne_ndot_7314.00,,,ILLUMINATED SIGN,,EACH,,ne_ndot_english_standard_item_list_2010,true
ne_ndot_version_7314.01_historical,ne_ndot_7314.01,,,"18"" ILLUMINATED STREET NAME SIGN",,EACH,,ne_ndot_aup_calendar_2020,false
ne_ndot_version_7314.10_current,ne_ndot_7314.10,,,FIBER OPTIC BLANK OUT SIGN,,EACH,,ne_ndot_english_standard_item_list_2010,true
ne_ndot_version_7314.11_current,ne_ndot_7314.11,,,LED BLANK OUT SIGN,,EACH,,ne_ndot_english_standard_item_list_2010,true
ne_ndot_version_7314.20_current,ne_ndot_7314.20,,,LED SIGN,,EACH,,ne_ndot_english_standard_item_list_2010,true
ne_ndot_version_7315.90_current,ne_ndot_7315.90,,,INSTALL OVERHEAD SIGNS,,LUMP SUM,,ne_ndot_english_standard_item_list_2010,true
ne_ndot_version_7315.91_current,ne_ndot_7315.91,,,INSTALL OVERHEAD SIGNS,,LUMP SUM,,ne_ndot_english_standard_item_list_2010,true
ne_ndot_version_7315.92_current,ne_ndot_7315.92,,,INSTALL OVERHEAD SIGNS,,LUMP SUM,,ne_ndot_english_standard_item_list_2010,true
ne_ndot_version_7315.95_current,ne_ndot_7315.95,,,OVERHEAD SIGNS,,LUMP SUM,,ne_ndot_english_standard_item_list_2010,true
ne_ndot_version_7315.97_historical,ne_ndot_7315.97,,,OVERHEAD SIGN,,SF,,ne_ndot_aup_july_june_2025_2026,false
ne_ndot_version_7316.00_current,ne_ndot_7316.00,,,SIGN,,EACH,,ne_ndot_english_standard_item_list_2010,true
ne_ndot_version_7316.01_current,ne_ndot_7316.01,,,SIGN,,EACH,,ne_ndot_english_standard_item_list_2010,true
ne_ndot_version_7316.02_current,ne_ndot_7316.02,,,SIGN,,EACH,,ne_ndot_english_standard_item_list_2010,true
ne_ndot_version_7316.03_current,ne_ndot_7316.03,,,SIGN,,EACH,,ne_ndot_english_standard_item_list_2010,true
ne_ndot_version_7316.04_current,ne_ndot_7316.04,,,SIGN,,EACH,,ne_ndot_english_standard_item_list_2010,true
ne_ndot_version_7316.05_current,ne_ndot_7316.05,,,SIGN,,EACH,,ne_ndot_english_standard_item_list_2010,true
ne_ndot_version_7316.06_current,ne_ndot_7316.06,,,SIGN,,EACH,,ne_ndot_english_standard_item_list_2010,true
ne_ndot_version_7316.07_current,ne_ndot_7316.07,,,SIGN,,EACH,,ne_ndot_english_standard_item_list_2010,true
ne_ndot_version_7316.08_current,ne_ndot_7316.08,,,SIGN,,EACH,,ne_ndot_english_standard_item_list_2010,true
ne_ndot_version_7316.09_current,ne_ndot_7316.09,,,SIGN,,EACH,,ne_ndot_english_standard_item_list_2010,true
ne_ndot_version_7316.10_current,ne_ndot_7316.10,,,SIGN,,EACH,,ne_ndot_english_standard_item_list_2010,true
ne_ndot_version_7316.11_current,ne_ndot_7316.11,,,SIGN,,EACH,,ne_ndot_english_standard_item_list_2010,true
ne_ndot_version_7316.12_historical,ne_ndot_7316.12,,,SWPPP SIGN,,EACH,,ne_ndot_aup_july_june_2025_2026,false
ne_ndot_version_7316.13_historical,ne_ndot_7316.13,,,TRAFFIC SIGN,,EACH,,ne_ndot_aup_calendar_2020,false
ne_ndot_version_7316.16_historical,ne_ndot_7316.16,,,INSTALL SWPPP NOTIFICATION SIGN,,EACH,,ne_ndot_aup_july_june_2025_2026,false
ne_ndot_version_7316.17_historical,ne_ndot_7316.17,,,SWPPP,,LS,,ne_ndot_aup_july_june_2025_2026,false
ne_ndot_version_7316.25_historical,ne_ndot_7316.25,,,BLANK OUT SIGN,,EACH,,ne_ndot_aup_july_june_2025_2026,false
ne_ndot_version_7316.99_current,ne_ndot_7316.99,,,"FLAT ALUMINUM SIGN,",,SQ FT,,ne_ndot_english_standard_item_list_2010,true
ne_ndot_version_7317.00_current,ne_ndot_7317.00,,,STORED MATERIAL,,LUMP SUM,,ne_ndot_english_standard_item_list_2010,true
ne_ndot_version_7319.90_current,ne_ndot_7319.90,,,INSTALL DYNAMIC MESSAGE SIGN,,EACH,425.00,ne_ndot_english_standard_item_list_2010,true
ne_ndot_version_7319.92_historical,ne_ndot_7319.92,,,DYNAMIC MESSAGE SIGN,,EACH,,ne_ndot_aup_calendar_2020,false
ne_ndot_version_7319.95_historical,ne_ndot_7319.95,,,REMOVE DYNAMIC MESSAGE SIGN SYSTEM,,EACH,,ne_ndot_aup_july_june_2023_2024,false
ne_ndot_version_7320.00_current,ne_ndot_7320.00,,,INSTALL SIGN,,EACH,,ne_ndot_english_standard_item_list_2010,true
ne_ndot_version_7320.01_historical,ne_ndot_7320.01,,,INSTALL OVERLAY SIGN,,EACH,,ne_ndot_aup_july_june_2021_2022,false
ne_ndot_version_7320.05_current,ne_ndot_7320.05,,,INSTALL OVERHEAD SIGN,,EACH,,ne_ndot_english_standard_item_list_2010,true
ne_ndot_version_7320.07_current,ne_ndot_7320.07,,,OVERHEAD SIGN,,EACH,,ne_ndot_english_standard_item_list_2010,true
ne_ndot_version_7320.10_current,ne_ndot_7320.10,,,INSTALL OVERHEAD SIGN STRUCTURE,,EACH,,ne_ndot_english_standard_item_list_2010,true
ne_ndot_version_7320.14_historical,ne_ndot_7320.14,,,REINSTALL TRAFFIC SIGN,,EACH,,ne_ndot_aup_july_june_2021_2022,false
ne_ndot_version_7320.15_current,ne_ndot_7320.15,,,INSTALL TRAFFIC SIGN AND POST,,EACH,,ne_ndot_english_standard_item_list_2010,true
ne_ndot_version_7320.16_historical,ne_ndot_7320.16,,,RELOCATE TRAFFIC SIGN AND POST,,EACH,,ne_ndot_aup_july_june_2022_2023,false
ne_ndot_version_7320.20_current,ne_ndot_7320.20,,,INSTALL TRAFFIC SIGN AND POST,,LUMP SUM,,ne_ndot_english_standard_item_list_2010,true
ne_ndot_version_7320.25_current,ne_ndot_7320.25,,,TRAFFIC SIGN AND POST,,LUMP SUM,,ne_ndot_english_standard_item_list_2010,true
ne_ndot_version_7320.27_current,ne_ndot_7320.27,,,TRAFFIC SIGN AND POST,,EACH,,ne_ndot_english_standard_item_list_2010,true
ne_ndot_version_7320.30_current,ne_ndot_7320.30,,,INSTALL SIGN AND POST,,EACH,,ne_ndot_english_standard_item_list_2010,true
ne_ndot_version_7320.40_current,ne_ndot_7320.40,,,INSTALL STREET NAME SIGN,,EACH,,ne_ndot_english_standard_item_list_2010,true
ne_ndot_version_7320.41_current,ne_ndot_7320.41,,,INSTALL STREET NAME SIGN,,EACH,,ne_ndot_english_standard_item_list_2010,true
ne_ndot_version_7320.50_current,ne_ndot_7320.50,,,STREET NAME SIGN,,EACH,,ne_ndot_english_standard_item_list_2010,true
ne_ndot_version_7320.51_current,ne_ndot_7320.51,,,STREET NAME SIGN,,EACH,,ne_ndot_english_standard_item_list_2010,true
ne_ndot_version_7320.52_historical,ne_ndot_7320.52,,,"18"" STREET NAME SIGN",,EACH,,ne_ndot_aup_july_june_2022_2023,false
ne_ndot_version_7320.60_current,ne_ndot_7320.60,,,ROUTE MARKER ASSEMBLY,,EACH,,ne_ndot_english_standard_item_list_2010,true
ne_ndot_version_7320.90_current,ne_ndot_7320.90,,,SIGN BRACKET,,EACH,,ne_ndot_english_standard_item_list_2010,true
ne_ndot_version_7320.95_current,ne_ndot_7320.95,,,FIBER OPTIC SIGN,,EACH,,ne_ndot_english_standard_item_list_2010,true
ne_ndot_version_7320.99_current,ne_ndot_7320.99,,,TEMPORARY ADVERTISING SIGN,,EACH,,ne_ndot_english_standard_item_list_2010,true
ne_ndot_version_7321.00_current,ne_ndot_7321.00,,,TYPE A SIGN,,SQ FT,417.00,ne_ndot_english_standard_item_list_2010,true
ne_ndot_version_7321.02_historical,ne_ndot_7321.02,,,"18"" STREET NAME SIGN",,EACH,,ne_ndot_aup_calendar_2020,false
ne_ndot_version_7321.03_historical,ne_ndot_7321.03,,,"TYPE A 30"" STREET NAME SIGN",,EACH,,ne_ndot_aup_july_june_2025_2026,false
ne_ndot_version_7321.04_historical,ne_ndot_7321.04,,,"STREET NAME SIGN 18""",,EACH,,ne_ndot_aup_july_june_2019_2020,false
ne_ndot_version_7321.05_current,ne_ndot_7321.05,,,INSTALL TYPE A SIGN,,SQ FT,417.00,ne_ndot_english_standard_item_list_2010,true
ne_ndot_version_7321.06_historical,ne_ndot_7321.06,,,"TYPE A 18"" STREET NAME SIGN",,EACH,,ne_ndot_aup_july_june_2025_2026,false
ne_ndot_version_7321.07_historical,ne_ndot_7321.07,,,RAMP CLOSED SIGN,,EACH,,ne_ndot_aup_july_june_2025_2026,false
ne_ndot_version_7321.08_historical,ne_ndot_7321.08,,,TYPE A SIGN,,EACH,,ne_ndot_aup_july_june_2025_2026,false
ne_ndot_version_7322.00_current,ne_ndot_7322.00,,,TYPE B SIGN,,SQ FT,417.00,ne_ndot_english_standard_item_list_2010,true
ne_ndot_version_7322.05_current,ne_ndot_7322.05,,,INSTALL TYPE B SIGN,,SQ FT,417.00,ne_ndot_english_standard_item_list_2010,true
ne_ndot_version_7322.10_historical,ne_ndot_7322.10,,,TYPE B SIGN,,EACH,,ne_ndot_aup_july_june_2018_2019,false
ne_ndot_version_7323.00_current,ne_ndot_7323.00,,,TYPE C SIGN,,SQ FT,,ne_ndot_english_standard_item_list_2010,true
ne_ndot_version_7323.05_current,ne_ndot_7323.05,,,INSTALL TYPE C SIGN,,SQ FT,,ne_ndot_english_standard_item_list_2010,true
ne_ndot_version_7327.00_current,ne_ndot_7327.00,,,FURNISH AND INSTALL,,EACH,,ne_ndot_english_standard_item_list_2010,true
ne_ndot_version_7327.01_current,ne_ndot_7327.01,,,FURNISH AND INSTALL,,EACH,,ne_ndot_english_standard_item_list_2010,true
ne_ndot_version_7327.02_current,ne_ndot_7327.02,,,FURNISH AND INSTALL,,EACH,,ne_ndot_english_standard_item_list_2010,true
ne_ndot_version_7327.03_current,ne_ndot_7327.03,,,FURNISH AND INSTALL,,EACH,,ne_ndot_english_standard_item_list_2010,true
ne_ndot_version_7327.04_current,ne_ndot_7327.04,,,FURNISH AND INSTALL,,EACH,,ne_ndot_english_standard_item_list_2010,true
ne_ndot_version_7327.05_current,ne_ndot_7327.05,,,FURNISH AND INSTALL,,EACH,,ne_ndot_english_standard_item_list_2010,true
ne_ndot_version_7327.06_current,ne_ndot_7327.06,,,FURNISH AND INSTALL,,EACH,,ne_ndot_english_standard_item_list_2010,true
ne_ndot_version_7330.00_current,ne_ndot_7330.00,,,ACCESSIBLE PARKING SIGN,,EACH,,ne_ndot_english_standard_item_list_2010,true
ne_ndot_version_7333.00_current,ne_ndot_7333.00,,,SIGN POST,,EACH,,ne_ndot_english_standard_item_list_2010,true
ne_ndot_version_7333.01_current,ne_ndot_7333.01,,,SIGN POST,,EACH,,ne_ndot_english_standard_item_list_2010,true
ne_ndot_version_7333.03_historical,ne_ndot_7333.03,,,SIGN POST,,LF,,ne_ndot_aup_calendar_2025,false
ne_ndot_version_7334.04_current,ne_ndot_7334.04,,,"4"" X 4"" WOOD SIGN SUPPORT",,LIN FT,417.00,ne_ndot_english_standard_item_list_2010,true
ne_ndot_version_7336.04_current,ne_ndot_7336.04,,,"4"" X 6"" WOOD SIGN SUPPORT",,LIN FT,417.00,ne_ndot_english_standard_item_list_2010,true
ne_ndot_version_7340.00_current,ne_ndot_7340.00,,,STRUCTURAL STEEL FOR SIGN SUPPORTS,,POUND,417.00,ne_ndot_english_standard_item_list_2010,true
ne_ndot_version_7360.12_current,ne_ndot_7360.12,,,"12"" SIGN SUPPORT FOOTING",,EACH,417.00,ne_ndot_english_standard_item_list_2010,true
ne_ndot_version_7360.18_current,ne_ndot_7360.18,,,"18"" SIGN SUPPORT FOOTING",,EACH,417.00,ne_ndot_english_standard_item_list_2010,true
ne_ndot_version_7360.24_current,ne_ndot_7360.24,,,"24"" SIGN SUPPORT FOOTING",,EACH,417.00,ne_ndot_english_standard_item_list_2010,true
ne_ndot_version_7360.30_current,ne_ndot_7360.30,,,"30"" SIGN SUPPORT FOOTING",,EACH,417.00,ne_ndot_english_standard_item_list_2010,true
ne_ndot_version_7360.36_current,ne_ndot_7360.36,,,"36"" SIGN SUPPORT FOOTING",,EACH,417.00,ne_ndot_english_standard_item_list_2010,true
ne_ndot_version_7370.00_current,ne_ndot_7370.00,,,FOOTING REMOVAL,,EACH,,ne_ndot_english_standard_item_list_2010,true
ne_ndot_version_7380.00_current,ne_ndot_7380.00,,,SIGNING FOR BIKE PATH,,LUMP SUM,,ne_ndot_english_standard_item_list_2010,true
ne_ndot_version_7380.01_current,ne_ndot_7380.01,,,SIGNING FOR TRAIL,,LUMP SUM,,ne_ndot_english_standard_item_list_2010,true
ne_ndot_version_7380.02_current,ne_ndot_7380.02,,,TRAIL MILEAGE MARKER,,EACH,,ne_ndot_english_standard_item_list_2010,true
ne_ndot_version_7380.05_historical,ne_ndot_7380.05,,,THREE SIDED BANNER,,EACH,,ne_ndot_aup_calendar_2022,false
ne_ndot_version_7380.10_current,ne_ndot_7380.10,,,BARRIER POST,,EACH,,ne_ndot_english_standard_item_list_2010,true
ne_ndot_version_7380.12_current,ne_ndot_7380.12,,,BIKEPATH BARRIER ASSEMBLY,,EACH,,ne_ndot_english_standard_item_list_2010,true
ne_ndot_version_7380.19_current,ne_ndot_7380.19,,,BOLLARD GATE,,EACH,,ne_ndot_english_standard_item_list_2010,true
ne_ndot_version_7380.20_current,ne_ndot_7380.20,,,REMOVABLE BOLLARD,,EACH,,ne_ndot_english_standard_item_list_2010,true
ne_ndot_version_7380.22_current,ne_ndot_7380.22,,,COLLAPSIBLE BOLLARD,,EACH,,ne_ndot_english_standard_item_list_2010,true
ne_ndot_version_7380.25_current,ne_ndot_7380.25,,,BOLLARD,,EACH,,ne_ndot_english_standard_item_list_2010,true
ne_ndot_version_7389.01_historical,ne_ndot_7389.01,,,REMOVE TRAFFIC SIGN,,EACH,,ne_ndot_aup_july_june_2025_2026,false
ne_ndot_version_7390.00_current,ne_ndot_7390.00,,,REMOVE SIGN AND POST,,EACH,203.00,ne_ndot_english_standard_item_list_2010,true
ne_ndot_version_7390.01_current,ne_ndot_7390.01,,,REPLACE POST,,EACH,,ne_ndot_english_standard_item_list_2010,true
ne_ndot_version_7390.02_current,ne_ndot_7390.02,,,RELOCATE SIGN,,EACH,,ne_ndot_english_standard_item_list_2010,true
ne_ndot_version_7390.03_historical,ne_ndot_7390.03,,,RELOCATE TRAFFIC SIGN,,EACH,,ne_ndot_aup_july_june_2025_2026,false
ne_ndot_version_7390.10_current,ne_ndot_7390.10,,,"REMOVE SIGN, POST, AND FOOTING",,EACH,203.00,ne_ndot_english_standard_item_list_2010,true
ne_ndot_version_7390.20_current,ne_ndot_7390.20,,,REVISION,,LUMP SUM,,ne_ndot_english_standard_item_list_2010,true
ne_ndot_version_7487.20_historical,ne_ndot_7487.20,,,"24"" WHITE PERMANENT PAVEMENT MARKING, GROOVED",,LF,,ne_ndot_aup_july_june_2021_2022,false
ne_ndot_version_7488.04_current,ne_ndot_7488.04,,,"4"" WHITE WET REFLECTIVE THERMOPLASTIC PAVEMENT MARKING, GROOVED",,LIN FT,,ne_ndot_english_standard_item_list_2010,true
ne_ndot_version_7488.05_current,ne_ndot_7488.05,,,"4"" YELLOW WET REFLECTIVE THERMOPLASTIC PAVEMENT MARKING, GROOVED",,LIN FT,,ne_ndot_english_standard_item_list_2010,true
ne_ndot_version_7488.06_historical,ne_ndot_7488.06,,,"5"" WHITE WET REFLECTIVE THERMOPLASTIC PAVEMENT MARKING, GROOVED",,LF,,ne_ndot_aup_july_june_2021_2022,false
ne_ndot_version_7488.07_historical,ne_ndot_7488.07,,,"5"" YELLOW WET REFLECTIVE THERMOPLASTIC PAVEMENT MARKING, GROOVED",,LF,,ne_ndot_aup_july_june_2021_2022,false
ne_ndot_version_7488.08_historical,ne_ndot_7488.08,,,"6"" WHITE WET REFLECTIVE THERMOPLASTIC PAVEMENT MARKING, GROOVED",,LF,,ne_ndot_aup_july_june_2025_2026,false
ne_ndot_version_7488.11_historical,ne_ndot_7488.11,,,"6"" YELLOW WET REFLECTIVE THERMOPLASTIC PAVEMENT MARKING, GROOVED",,LF,,ne_ndot_aup_july_june_2025_2026,false
ne_ndot_version_7488.14_historical,ne_ndot_7488.14,,,"4"" WHITE WET REFLECTIVE THERMOPLASTIC PAVEMENT MARKING",,LF,,ne_ndot_aup_calendar_2020,false
ne_ndot_version_7488.15_historical,ne_ndot_7488.15,,,"4"" YELLOW WET REFLECTIVE THERMOPLASTIC PAVEMENT MARKING",,LF,,ne_ndot_aup_calendar_2020,false
ne_ndot_version_7488.17_historical,ne_ndot_7488.17,,,"4"" WHITE WET REFLECTIVE THERMOPLASTIC",,LF,,ne_ndot_aup_july_june_2025_2026,false
ne_ndot_version_7489.04_current,ne_ndot_7489.04,,,"4"" WHITE THERMOPLASTIC, GROOVED",,LIN FT,,ne_ndot_english_standard_item_list_2010,true
ne_ndot_version_7489.05_current,ne_ndot_7489.05,,,"4"" YELLOW THERMOPLASTIC, GROOVED",,LIN FT,,ne_ndot_english_standard_item_list_2010,true
ne_ndot_version_7489.06_current,ne_ndot_7489.06,,,"5"" WHITE THERMOPLASTIC, GROOVED",,LIN FT,,ne_ndot_english_standard_item_list_2010,true
ne_ndot_version_7489.07_current,ne_ndot_7489.07,,,"5"" YELLOW THERMOPLASTIC, GROOVED",,LIN FT,,ne_ndot_english_standard_item_list_2010,true
ne_ndot_version_7489.08_current,ne_ndot_7489.08,,,"8"" WHITE THERMOPLASTIC, GROOVED",,LIN FT,,ne_ndot_english_standard_item_list_2010,true
ne_ndot_version_7489.09_current,ne_ndot_7489.09,,,"8"" YELLOW THERMOPLASTIC, GROOVED",,LIN FT,,ne_ndot_english_standard_item_list_2010,true
ne_ndot_version_7489.12_current,ne_ndot_7489.12,,,"12"" WHITE THERMOPLASTIC, GROOVED",,LIN FT,,ne_ndot_english_standard_item_list_2010,true
ne_ndot_version_7489.13_current,ne_ndot_7489.13,,,"12"" YELLOW THERMOPLASTIC, GROOVED",,LIN FT,,ne_ndot_english_standard_item_list_2010,true
ne_ndot_version_7489.15_current,ne_ndot_7489.15,,,"16"" WHITE THERMOPLASTIC, GROOVED",,LIN FT,,ne_ndot_english_standard_item_list_2010,true
ne_ndot_version_7489.24_current,ne_ndot_7489.24,,,"24"" WHITE THERMOPLASTIC, GROOVED",,LIN FT,,ne_ndot_english_standard_item_list_2010,true
ne_ndot_version_7489.25_current,ne_ndot_7489.25,,,"ARROW, THERMOPLASTIC, GROOVED",,EACH,,ne_ndot_english_standard_item_list_2010,true
ne_ndot_version_7489.26_current,ne_ndot_7489.26,,,"ONLY, THERMOPLASTIC, GROOVED",,EACH,,ne_ndot_english_standard_item_list_2010,true
ne_ndot_version_7489.31_historical,ne_ndot_7489.31,,,INTERCONNECTED PREFORMED THERMOPLASTIC PAVEMENT MARKING,,SF,,ne_ndot_aup_calendar_2022,false
ne_ndot_version_7490.03_current,ne_ndot_7490.03,,,"4"" YELLOW THERMOPLASTIC",,LIN FT,423.00,ne_ndot_english_standard_item_list_2010,true
ne_ndot_version_7490.04_current,ne_ndot_7490.04,,,"4"" WHITE THERMOPLASTIC",,LIN FT,423.00,ne_ndot_english_standard_item_list_2010,true
ne_ndot_version_7490.05_current,ne_ndot_7490.05,,,"5"" WHITE THERMOPLASTIC",,LIN FT,423.00,ne_ndot_english_standard_item_list_2010,true
ne_ndot_version_7490.06_current,ne_ndot_7490.06,,,"5"" YELLOW THERMOPLASTIC",,LIN FT,423.00,ne_ndot_english_standard_item_list_2010,true
ne_ndot_version_7490.08_current,ne_ndot_7490.08,,,"8"" WHITE THERMOPLASTIC",,LIN FT,423.00,ne_ndot_english_standard_item_list_2010,true
ne_ndot_version_7490.12_current,ne_ndot_7490.12,,,"12"" WHITE THERMOPLASTIC",,LIN FT,423.00,ne_ndot_english_standard_item_list_2010,true
ne_ndot_version_7490.13_current,ne_ndot_7490.13,,,"12"" YELLOW THERMOPLASTIC",,LIN FT,423.00,ne_ndot_english_standard_item_list_2010,true
ne_ndot_version_7490.18_historical,ne_ndot_7490.18,,,"18"" WHITE THERMOPLASTIC",,LF,,ne_ndot_aup_calendar_2020,false
ne_ndot_version_7490.24_current,ne_ndot_7490.24,,,"24"" WHITE THERMOPLASTIC",,LIN FT,423.00,ne_ndot_english_standard_item_list_2010,true
ne_ndot_version_7490.50_current,ne_ndot_7490.50,,,"5"" WHITE WET REFLECTIVE PREFORMED PAVEMENT MARKING, TYPE 4 INLAID",,LIN FT,423.00,ne_ndot_english_standard_item_list_2010,true
ne_ndot_version_7490.51_current,ne_ndot_7490.51,,,"5"" YELLOW WET REFLECTIVE PREFORMED PAVEMENT MARKING, TYPE 4 INLAID",,LIN FT,423.00,ne_ndot_english_standard_item_list_2010,true
ne_ndot_version_7490.55_current,ne_ndot_7490.55,,,"ARROW, WET REFLECTIVE PREFORMED PAVEMENT MARKING, TYPE 4 INLAID",,EACH,423.00,ne_ndot_english_standard_item_list_2010,true
ne_ndot_version_7490.58_current,ne_ndot_7490.58,,,"ONLY, WET REFLECTIVE PREFORMED PAVEMENT MARKING, TYPE 4 INLAID",,EACH,423.00,ne_ndot_english_standard_item_list_2010,true
ne_ndot_version_7490.71_historical,ne_ndot_7490.71,,,"10"" WHITE PREFORMED PAVEMENT MARKING, TYPE 4",,LF,,ne_ndot_aup_july_june_2025_2026,false
ne_ndot_version_7491.00_current,ne_ndot_7491.00,,,"THERMOPLASTIC, TYPE SPRAY",,LIN FT,423.00,ne_ndot_english_standard_item_list_2010,true
ne_ndot_version_7491.04_current,ne_ndot_7491.04,,,"4"" WHITE THERMOPLASTIC, TYPE SPRAY",,LIN FT,423.00,ne_ndot_english_standard_item_list_2010,true
ne_ndot_version_7491.05_current,ne_ndot_7491.05,,,"4"" YELLOW THERMOPLASTIC, TYPE SPRAY",,LIN FT,423.00,ne_ndot_english_standard_item_list_2010,true
ne_ndot_version_7491.06_current,ne_ndot_7491.06,,,"5"" YELLOW THERMOPLASTIC, TYPE SPRAY",,LIN FT,423.00,ne_ndot_english_standard_item_list_2010,true
ne_ndot_version_7491.07_current,ne_ndot_7491.07,,,"5"" WHITE THERMOPLASTIC, TYPE SPRAY",,LIN FT,423.00,ne_ndot_english_standard_item_list_2010,true
ne_ndot_version_7491.12_current,ne_ndot_7491.12,,,"12"" WHITE THERMOPLASTIC, TYPE SPRAY",,LIN FT,423.00,ne_ndot_english_standard_item_list_2010,true
ne_ndot_version_7491.13_current,ne_ndot_7491.13,,,"12"" YELLOW THERMOPLASTIC, TYPE SPRAY",,LIN FT,423.00,ne_ndot_english_standard_item_list_2010,true
ne_ndot_version_7491.24_current,ne_ndot_7491.24,,,"4"" WHITE THERMOPLASTIC, TYPE SPRAY GROOVED",,LIN FT,,ne_ndot_english_standard_item_list_2010,true
ne_ndot_version_7491.25_current,ne_ndot_7491.25,,,"4"" YELLOW THERMOPLASTIC, TYPE SPRAY GROOVED",,LIN FT,,ne_ndot_english_standard_item_list_2010,true
ne_ndot_version_7492.04_current,ne_ndot_7492.04,,,"4"" WHITE THERMOPLASTIC, TYPE C",,LIN FT,423.00,ne_ndot_english_standard_item_list_2010,true
ne_ndot_version_7492.05_current,ne_ndot_7492.05,,,"4"" YELLOW THERMOPLASTIC, TYPE C",,LIN FT,423.00,ne_ndot_english_standard_item_list_2010,true
ne_ndot_version_7492.12_current,ne_ndot_7492.12,,,"12"" YELLOW THERMOPLASTIC, TYPE C",,LIN FT,423.00,ne_ndot_english_standard_item_list_2010,true
ne_ndot_version_7492.13_current,ne_ndot_7492.13,,,"4"" WHITE DURABLE LIQUID PAVEMENT MARKING, GROOVED",,LIN FT,,ne_ndot_english_standard_item_list_2010,true
ne_ndot_version_7492.14_current,ne_ndot_7492.14,,,"4"" WHITE DURABLE LIQUID PAVEMENT MARKING",,LIN FT,,ne_ndot_english_standard_item_list_2010,true
ne_ndot_version_7492.15_current,ne_ndot_7492.15,,,"5"" WHITE DURABLE LIQUID PAVEMENT MARKING, GROOVED",,LIN FT,,ne_ndot_english_standard_item_list_2010,true
ne_ndot_version_7492.23_current,ne_ndot_7492.23,,,"4"" YELLOW DURABLE LIQUID PAVEMENT MARKING, GROOVED",,LIN FT,,ne_ndot_english_standard_item_list_2010,true
ne_ndot_version_7492.24_current,ne_ndot_7492.24,,,"4"" YELLOW DURABLE LIQUID PAVEMENT MARKING",,LIN FT,,ne_ndot_english_standard_item_list_2010,true
ne_ndot_version_7492.25_current,ne_ndot_7492.25,,,"5"" YELLOW DURABLE LIQUID PAVEMENT MARKING, GROOVED",,LIN FT,,ne_ndot_english_standard_item_list_2010,true
ne_ndot_version_7492.32_current,ne_ndot_7492.32,,,"12"" YELLOW DURABLE LIQUID PAVEMENT MARKING, GROOVED",,LIN FT,,ne_ndot_english_standard_item_list_2010,true
ne_ndot_version_7492.42_current,ne_ndot_7492.42,,,"12"" YELLOW DURABLE LIQUID PAVEMENT MARKING",,LIN FT,,ne_ndot_english_standard_item_list_2010,true
ne_ndot_version_7493.04_current,ne_ndot_7493.04,,,"4"" WHITE THERMOPLASTIC PAINT",,LIN FT,,ne_ndot_english_standard_item_list_2010,true
ne_ndot_version_7493.05_current,ne_ndot_7493.05,,,"4"" YELLOW THERMOPLASTIC PAINT",,LIN FT,,ne_ndot_english_standard_item_list_2010,true
ne_ndot_version_7493.12_current,ne_ndot_7493.12,,,"12"" WHITE THERMOPLASTIC PAINT",,LIN FT,,ne_ndot_english_standard_item_list_2010,true
ne_ndot_version_7493.13_current,ne_ndot_7493.13,,,"12"" YELLOW THERMOPLASTIC PAINT",,LIN FT,,ne_ndot_english_standard_item_list_2010,true
ne_ndot_version_7494.04_current,ne_ndot_7494.04,,,"4"" THERMOPLASTIC PAINT",,LIN FT,,ne_ndot_english_standard_item_list_2010,true
ne_ndot_version_7495.03_historical,ne_ndot_7495.03,,,"4"" BLUE PERMANENT PAVEMENT MARKING PAINT",,LF,,ne_ndot_aup_july_june_2023_2024,false
ne_ndot_version_7495.04_current,ne_ndot_7495.04,,,"4"" WHITE PERMANENT PAVEMENT MARKING PAINT",,LIN FT,,ne_ndot_english_standard_item_list_2010,true
ne_ndot_version_7495.05_current,ne_ndot_7495.05,,,"4"" YELLOW PERMANENT PAVEMENT MARKING PAINT",,LIN FT,,ne_ndot_english_standard_item_list_2010,true
ne_ndot_version_7495.06_historical,ne_ndot_7495.06,,,"4"" RED PERMANENT PAVEMENT MARKING PAINT",,LF,,ne_ndot_aup_calendar_2021,false
ne_ndot_version_7495.08_historical,ne_ndot_7495.08,,,"8"" WHITE PERMANENT PAVEMENT MARKING PAINT",,LF,,ne_ndot_aup_july_june_2022_2023,false
ne_ndot_version_7495.10_historical,ne_ndot_7495.10,,,"10"" WHITE PERMANENT PAVEMENT MARKING PAINT",,LF,,ne_ndot_aup_july_june_2019_2020,false
ne_ndot_version_7495.11_historical,ne_ndot_7495.11,,,"12"" PERMANENT PAVEMENT MARKING, PAINT",,LF,,ne_ndot_aup_july_june_2020_2021,false
ne_ndot_version_7495.12_current,ne_ndot_7495.12,,,"12"" WHITE PERMANENT PAVEMENT MARKING PAINT",,LIN FT,,ne_ndot_english_standard_item_list_2010,true
ne_ndot_version_7495.13_historical,ne_ndot_7495.13,,,"12"" YELLOW PERMANENT PAVEMENT MARKING PAINT",,LF,,ne_ndot_aup_calendar_2025,false
ne_ndot_version_7495.14_historical,ne_ndot_7495.14,,,"24"" PERMANENT PAVEMENT MARKING",,LF,,ne_ndot_aup_july_june_2025_2026,false
ne_ndot_version_7495.15_historical,ne_ndot_7495.15,,,"24"" PERMANENT PAVEMENT MARKING, PAINT",,LF,,ne_ndot_aup_calendar_2020,false
ne_ndot_version_7495.18_historical,ne_ndot_7495.18,,,"18"" WHITE PERMANENT PAVEMENT MARKING PAINT",,LF,,ne_ndot_aup_july_june_2022_2023,false
ne_ndot_version_7495.24_current,ne_ndot_7495.24,,,"24"" WHITE PERMANENT PAVEMENT MARKING PAINT",,LIN FT,,ne_ndot_english_standard_item_list_2010,true
ne_ndot_version_7495.54_historical,ne_ndot_7495.54,,,"5"" PERMANENT PAVEMENT MARKING PAINT",,LF,,ne_ndot_aup_july_june_2022_2023,false
ne_ndot_version_7495.55_current,ne_ndot_7495.55,,,"5"" WHITE PERMANENT PAVEMENT MARKING PAINT",,LIN FT,,ne_ndot_english_standard_item_list_2010,true
ne_ndot_version_7495.56_historical,ne_ndot_7495.56,,,"6"" PERMANENT PAVEMENT MARKING PAINT",,LF,,ne_ndot_aup_july_june_2020_2021,false
ne_ndot_version_7495.57_historical,ne_ndot_7495.57,,,"6"" WHITE PERMANENT PAVEMENT MARKING PAINT",,LF,,ne_ndot_aup_calendar_2024,false
ne_ndot_version_7496.05_current,ne_ndot_7496.05,,,"5"" YELLOW PERMANENT PAVEMENT MARKING PAINT",,LIN FT,,ne_ndot_english_standard_item_list_2010,true
ne_ndot_version_7500.00_historical,ne_ndot_7500.00,,,HANDICAPPED SYMBOL PERMANENT PAVEMENT MARKING,,EACH,,ne_ndot_aup_july_june_2025_2026,false
ne_ndot_version_7500.03_current,ne_ndot_7500.03,,,"4"" YELLOW LINE",,LIN FT,,ne_ndot_english_standard_item_list_2010,true
ne_ndot_version_7500.04_current,ne_ndot_7500.04,,,"4"" WHITE LINE",,LIN FT,,ne_ndot_english_standard_item_list_2010,true
ne_ndot_version_7500.05_current,ne_ndot_7500.05,,,"4"" LINE, TYPE 2",,LIN FT,,ne_ndot_english_standard_item_list_2010,true
ne_ndot_version_7500.06_current,ne_ndot_7500.06,,,"6"" WHITE LINE",,LIN FT,,ne_ndot_english_standard_item_list_2010,true
ne_ndot_version_7500.07_historical,ne_ndot_7500.07,,,"LEFT/RIGHT ARROW, PREFORMED PAVEMENT MARKING TYPE 4",,EACH,,ne_ndot_aup_calendar_2020,false
ne_ndot_version_7500.08_current,ne_ndot_7500.08,,,"8"" YELLOW LINE",,LIN FT,,ne_ndot_english_standard_item_list_2010,true
ne_ndot_version_7500.09_current,ne_ndot_7500.09,,,"8"" WHITE LINE",,LIN FT,,ne_ndot_english_standard_item_list_2010,true
ne_ndot_version_7500.10_current,ne_ndot_7500.10,,,CENTERLINE,,MILE,,ne_ndot_english_standard_item_list_2010,true
ne_ndot_version_7500.12_current,ne_ndot_7500.12,,,"12"" WHITE LINE",,LIN FT,,ne_ndot_english_standard_item_list_2010,true
ne_ndot_version_7500.13_current,ne_ndot_7500.13,,,"12"" YELLOW LINE",,LIN FT,,ne_ndot_english_standard_item_list_2010,true
ne_ndot_version_7500.14_current,ne_ndot_7500.14,,,"12"" LINE, TYPE 2",,LIN FT,,ne_ndot_english_standard_item_list_2010,true
ne_ndot_version_7500.15_historical,ne_ndot_7500.15,,,"RIGHT ARROW, PREFORMED PAVEMENT MARKING TYPE 4",,EACH,,ne_ndot_aup_calendar_2020,false
ne_ndot_version_7500.16_current,ne_ndot_7500.16,,,"16"" WHITE LINE",,LIN FT,,ne_ndot_english_standard_item_list_2010,true
ne_ndot_version_7500.17_historical,ne_ndot_7500.17,,,"HANDICAPPED SYMBOL, TYPE PAINT",,EACH,,ne_ndot_aup_calendar_2023,false
ne_ndot_version_7500.18_current,ne_ndot_7500.18,,,"THRU ARROW, PREFORMED PAVEMENT MARKING, TYPE 4, GROOVED",,EACH,,ne_ndot_english_standard_item_list_2010,true
ne_ndot_version_7500.19_current,ne_ndot_7500.19,,,"THRU ARROW, PREFORMED PAVEMENT MARKING, TYPE 4",,EACH,423.00,ne_ndot_english_standard_item_list_2010,true
ne_ndot_version_7500.20_current,ne_ndot_7500.20,,,EDGE LINE,,MILE,,ne_ndot_english_standard_item_list_2010,true
ne_ndot_version_7500.21_current,ne_ndot_7500.21,,,"RIGHT/THRU ARROW, PREFORMED PAVEMENT MARKING, TYPE 4",,EACH,423.00,ne_ndot_english_standard_item_list_2010,true
ne_ndot_version_7500.22_current,ne_ndot_7500.22,,,"RIGHT ARROW, PREFORMED PAVEMENT MARKING, TYPE 3",,EACH,423.00,ne_ndot_english_standard_item_list_2010,true
ne_ndot_version_7500.23_current,ne_ndot_7500.23,,,"LEFT ARROW, PREFORMED PAVEMENT MARKING, TYPE 3",,EACH,423.00,ne_ndot_english_standard_item_list_2010,true
ne_ndot_version_7500.24_current,ne_ndot_7500.24,,,"24"" WHITE LINE",,LIN FT,,ne_ndot_english_standard_item_list_2010,true
ne_ndot_version_7500.25_current,ne_ndot_7500.25,,,"LEFT/THRU ARROW, PREFORMED PAVEMENT MARKING, TYPE 4",,EACH,423.00,ne_ndot_english_standard_item_list_2010,true
ne_ndot_version_7500.26_current,ne_ndot_7500.26,,,"LEFT ARROW, PREFORMED PAVEMENT MARKING, TYPE 4",,EACH,423.00,ne_ndot_english_standard_item_list_2010,true
ne_ndot_version_7500.27_current,ne_ndot_7500.27,,,"WRONG WAY ARROW, PREFORMED PAVEMENT MARKING, TYPE 4",,EACH,423.00,ne_ndot_english_standard_item_list_2010,true
ne_ndot_version_7500.28_current,ne_ndot_7500.28,,,"ARROW, PREFORMED PAVEMENT MARKING, TYPE 1",,EACH,423.00,ne_ndot_english_standard_item_list_2010,true
ne_ndot_version_7500.29_current,ne_ndot_7500.29,,,STOP LINE,,LIN FT,,ne_ndot_english_standard_item_list_2010,true
ne_ndot_version_7500.30_current,ne_ndot_7500.30,,,STOP LINE,,EACH,,ne_ndot_english_standard_item_list_2010,true
ne_ndot_version_7500.31_current,ne_ndot_7500.31,,,"ARROW, PREFORMED PAVEMENT MARKING, TYPE 3",,EACH,423.00,ne_ndot_english_standard_item_list_2010,true
ne_ndot_version_7500.32_current,ne_ndot_7500.32,,,"ARROW, PREFORMED PAVEMENT MARKING, TYPE 4",,EACH,423.00,ne_ndot_english_standard_item_list_2010,true
ne_ndot_version_7500.33_current,ne_ndot_7500.33,,,ARROW,,EACH,423.00,ne_ndot_english_standard_item_list_2010,true
ne_ndot_version_7500.34_current,ne_ndot_7500.34,,,ARROW,,EACH,423.00,ne_ndot_english_standard_item_list_2010,true
ne_ndot_version_7500.35_current,ne_ndot_7500.35,,,ARROW,,EACH,423.00,ne_ndot_english_standard_item_list_2010,true
ne_ndot_version_7500.36_current,ne_ndot_7500.36,,,ARROW,,EACH,423.00,ne_ndot_english_standard_item_list_2010,true
ne_ndot_version_7500.37_current,ne_ndot_7500.37,,,ONLY,,EACH,423.00,ne_ndot_english_standard_item_list_2010,true
ne_ndot_version_7500.38_current,ne_ndot_7500.38,,,"ONLY, PREFORMED PAVEMENT MARKING, TYPE 4",,EACH,423.00,ne_ndot_english_standard_item_list_2010,true
ne_ndot_version_7500.39_current,ne_ndot_7500.39,,,"ONLY, PREFORMED PAVEMENT MARKING, TYPE-3",,EACH,423.00,ne_ndot_english_standard_item_list_2010,true
ne_ndot_version_7500.40_current,ne_ndot_7500.40,,,HANDICAPPED SYMBOL,,EACH,423.00,ne_ndot_english_standard_item_list_2010,true
ne_ndot_version_7500.41_current,ne_ndot_7500.41,,,"ONLY, PREFORMED PAVEMENT MARKING, TYPE 4, GROOVED",,EACH,423.00,ne_ndot_english_standard_item_list_2010,true
ne_ndot_version_7500.42_current,ne_ndot_7500.42,,,"HANDICAPPED SYMBOL PREFORMED PAVEMENT MARKING, TYPE 4",,EACH,423.00,ne_ndot_english_standard_item_list_2010,true
ne_ndot_version_7500.43_current,ne_ndot_7500.43,,,"ARROW, PREFORMED PAVEMENT MARKING, TYPE 4 GROOVED",,EACH,423.00,ne_ndot_english_standard_item_list_2010,true
ne_ndot_version_7500.44_current,ne_ndot_7500.44,,,"LEFT ARROW, PREFORMED PAVEMENT MARKING, TYPE 4 GROOVED",,EACH,423.00,ne_ndot_english_standard_item_list_2010,true
ne_ndot_version_7500.45_current,ne_ndot_7500.45,,,RAILROAD CROSSING SYMBOL,,EACH,,ne_ndot_english_standard_item_list_2010,true
ne_ndot_version_7500.46_current,ne_ndot_7500.46,,,"STOP AHEAD SYMBOL, PREFORMED PAVEMENT MARKING, TYPE 4",,EACH,423.00,ne_ndot_english_standard_item_list_2010,true
ne_ndot_version_7500.47_current,ne_ndot_7500.47,,,STOP AHEAD SYMBOL,,EACH,423.00,ne_ndot_english_standard_item_list_2010,true
ne_ndot_version_7500.48_current,ne_ndot_7500.48,,,"YIELD PREFORMED PAVEMENT MARKING, TYPE 4",,EACH,,ne_ndot_english_standard_item_list_2010,true
ne_ndot_version_7500.49_current,ne_ndot_7500.49,,,"YIELD, PREFORMED PAVEMENT MARKING, TYPE 4, GROOVED",,EACH,423.00,ne_ndot_english_standard_item_list_2010,true
ne_ndot_version_7500.50_current,ne_ndot_7500.50,,,CROSSWALK,,EACH,,ne_ndot_english_standard_item_list_2010,true
ne_ndot_version_7500.51_current,ne_ndot_7500.51,,,CROSSWALK LINE,,LIN FT,,ne_ndot_english_standard_item_list_2010,true
ne_ndot_version_7500.52_current,ne_ndot_7500.52,,,"YIELD LINE, PREFORMED PAVEMENT MARKING, TYPE 4, GROOVED",,EACH,,ne_ndot_english_standard_item_list_2010,true
ne_ndot_version_7500.53_current,ne_ndot_7500.53,,,"HANDICAPPED SYMBOL PREFORMED PAVEMENT MARKING, TYPE 4 GROOVED",,EACH,423.00,ne_ndot_english_standard_item_list_2010,true
ne_ndot_version_7500.54_current,ne_ndot_7500.54,,,"RUMBLE STRIPS, STOP AHEAD",,LUMP SUM,,ne_ndot_english_standard_item_list_2010,true
ne_ndot_version_7500.56_historical,ne_ndot_7500.56,,,"CHEVRON PREFORMED PAVEMENT MARKING, TYPE 4 GROOVED",,EACH,,ne_ndot_aup_calendar_2020,false
ne_ndot_version_7500.57_historical,ne_ndot_7500.57,,,"STOP AHEAD SYMBOL, WET REFLECTIVE PREFORMED PAVEMENT MARKING, TYPE 4, GROOVED",,EACH,,ne_ndot_aup_july_june_2022_2023,false
ne_ndot_version_7500.60_current,ne_ndot_7500.60,,,"ARROW, POLYUREA PAVEMENT MARKING, GROOVED",,EACH,,ne_ndot_english_standard_item_list_2010,true
ne_ndot_version_7500.63_current,ne_ndot_7500.63,,,"ONLY, POLYUREA PAVEMENT MARKING, GROOVED",,EACH,,ne_ndot_english_standard_item_list_2010,true
ne_ndot_version_7500.64_historical,ne_ndot_7500.64,,,"STOP AHEAD SYMBOL, PERMANENT PAVEMENT MARKING",,EACH,,ne_ndot_aup_july_june_2025_2026,false
ne_ndot_version_7500.65_current,ne_ndot_7500.65,,,"YIELD, POLYUREA PAVEMENT MARKING, GROOVED",,EACH,,ne_ndot_english_standard_item_list_2010,true
ne_ndot_version_7500.66_current,ne_ndot_7500.66,,,"LANE DROP ARROW RIGHT, PREFORMED PAVEMENT MARKING, TYPE 4 GROOVED",,EACH,,ne_ndot_english_standard_item_list_2010,true
ne_ndot_version_7500.69_historical,ne_ndot_7500.69,,,"YIELD LINE, PERMANENT PAVEMENT MARKING",,EACH,,ne_ndot_aup_july_june_2025_2026,false
ne_ndot_version_7500.70_historical,ne_ndot_7500.70,,,"RIGHT ARROW, PREFORMED PAVEMENT MARKING, TYPE 4 GROOVED",,EACH,,ne_ndot_aup_july_june_2023_2024,false
ne_ndot_version_7500.71_historical,ne_ndot_7500.71,,,"RIGHT/THRU ARROW, PREFORMED PAVEMENT MARKING, TYPE 4, GROOVED",,EACH,,ne_ndot_aup_july_june_2018_2019,false
ne_ndot_version_7500.72_historical,ne_ndot_7500.72,,,"LEFT/THRU ARROW, PREFORMED PAVEMENT MARKING, TYPE 4, GROOVED",,EACH,,ne_ndot_aup_july_june_2018_2019,false
ne_ndot_version_7500.74_historical,ne_ndot_7500.74,,,"BIKE SYMBOL, PREFORMED PAVEMENT MARKING, TYPE 4, GROOVED",,EACH,,ne_ndot_aup_calendar_2022,false
ne_ndot_version_7500.76_historical,ne_ndot_7500.76,,,"BIKE SYMBOL, PREFORMED PAVEMENT MARKING, TYPE 4",,EACH,,ne_ndot_aup_calendar_2022,false
ne_ndot_version_7500.77_historical,ne_ndot_7500.77,,,"BIKE ARROW, PREFORMED PAVEMENT MARKING, TYPE 4",,EACH,,ne_ndot_aup_calendar_2020,false
ne_ndot_version_7500.82_historical,ne_ndot_7500.82,,,"ONLY, PERMANENT PAVEMENT MARKING",,EACH,,ne_ndot_aup_july_june_2025_2026,false
ne_ndot_version_7500.85_historical,ne_ndot_7500.85,,,"PASS, PREFORMED PAVEMENT MARKING, TYPE 4",,EACH,,ne_ndot_aup_july_june_2021_2022,false
ne_ndot_version_7500.86_historical,ne_ndot_7500.86,,,"LANE, PREFORMED PAVEMENT MARKING, TYPE 4",,EACH,,ne_ndot_aup_july_june_2021_2022,false
ne_ndot_version_7500.87_historical,ne_ndot_7500.87,,,"RIGHT ARROW, PREFORMED PAVEMENT MARKING, TYPE 4",,EACH,,ne_ndot_aup_july_june_2021_2022,false
ne_ndot_version_7500.90_historical,ne_ndot_7500.90,,,ARROW,,EACH,,ne_ndot_aup_calendar_2020,false
ne_ndot_version_7500.92_historical,ne_ndot_7500.92,,,"LEFT ARROW, WET REFLECTIVE PREFORMED PAVEMENT MARKING, TYPE 4 RGIRGOHOTV AERDROW,",,EACH,,ne_ndot_aup_july_june_2023_2024,false
ne_ndot_version_7500.93_historical,ne_ndot_7500.93,,,"RIGHT ARROW, WET REFLECTIVE PREFORMED PAVEMENT MARKING, TYPE 4",,EACH,,ne_ndot_aup_july_june_2023_2024,false
ne_ndot_version_7500.96_historical,ne_ndot_7500.96,,,RIGHT ARROW,,EACH,,ne_ndot_aup_calendar_2020,false
ne_ndot_version_7501.00_current,ne_ndot_7501.00,,,STRIPING LAYOUT,,LUMP SUM,,ne_ndot_english_standard_item_list_2010,true
ne_ndot_version_7501.02_historical,ne_ndot_7501.02,,,"WRONG WAY ARROW, PERMANENT PAVEMENT MARKING",,EACH,,ne_ndot_aup_calendar_2024,false
ne_ndot_version_7502.01_current,ne_ndot_7502.01,,,"4"" WHITE PREFORMED PAVEMENT MARKING, TYPE 1",,LIN FT,423.00,ne_ndot_english_standard_item_list_2010,true
ne_ndot_version_7502.02_current,ne_ndot_7502.02,,,"4"" WHITE PREFORMED PAVEMENT MARKING, TYPE 2",,LIN FT,423.00,ne_ndot_english_standard_item_list_2010,true
ne_ndot_version_7502.03_current,ne_ndot_7502.03,,,"4"" WHITE PREFORMED PAVEMENT MARKING, TYPE 3",,LIN FT,423.00,ne_ndot_english_standard_item_list_2010,true
ne_ndot_version_7502.04_current,ne_ndot_7502.04,,,"4"" WHITE PREFORMED PAVEMENT MARKING, TYPE 4",,LIN FT,423.00,ne_ndot_english_standard_item_list_2010,true
ne_ndot_version_7502.12_current,ne_ndot_7502.12,,,"4"" WHITE PREFORMED PAVEMENT MARKING, TYPE 2, GROOVED",,LIN FT,,ne_ndot_english_standard_item_list_2010,true
ne_ndot_version_7502.13_current,ne_ndot_7502.13,,,"4"" WHITE PREFORMED PAVEMENT MARKING, TYPE 3, GROOVED",,LIN FT,,ne_ndot_english_standard_item_list_2010,true
ne_ndot_version_7502.14_current,ne_ndot_7502.14,,,"4"" WHITE PREFORMED PAVEMENT MARKING, TYPE 4, GROOVED",,LIN FT,423.00,ne_ndot_english_standard_item_list_2010,true
ne_ndot_version_7503.01_current,ne_ndot_7503.01,,,"4"" YELLOW PREFORMED PAVEMENT MARKING, TYPE 1",,LIN FT,423.00,ne_ndot_english_standard_item_list_2010,true
ne_ndot_version_7503.02_current,ne_ndot_7503.02,,,"4"" YELLOW PREFORMED PAVEMENT MARKING, TYPE 2",,LIN FT,423.00,ne_ndot_english_standard_item_list_2010,true
ne_ndot_version_7503.03_current,ne_ndot_7503.03,,,"4"" YELLOW PREFORMED PAVEMENT MARKING, TYPE 3",,LIN FT,423.00,ne_ndot_english_standard_item_list_2010,true
ne_ndot_version_7503.04_current,ne_ndot_7503.04,,,"4"" YELLOW PREFORMED PAVEMENT MARKING, TYPE 4",,LIN FT,423.00,ne_ndot_english_standard_item_list_2010,true
ne_ndot_version_7503.12_current,ne_ndot_7503.12,,,"4"" YELLOW PREFORMED PAVEMENT MARKING, TYPE 2, GROOVED",,LIN FT,,ne_ndot_english_standard_item_list_2010,true
ne_ndot_version_7503.14_current,ne_ndot_7503.14,,,"4"" YELLOW PREFORMED PAVEMENT MARKING, TYPE 4, GROOVED",,LIN FT,423.00,ne_ndot_english_standard_item_list_2010,true
ne_ndot_version_7503.50_current,ne_ndot_7503.50,,,"5"" WHITE PREFORMED PAVEMENT MARKING, TYPE 4",,LIN FT,423.00,ne_ndot_english_standard_item_list_2010,true
ne_ndot_version_7503.51_current,ne_ndot_7503.51,,,"5"" YELLOW PREFORMED PAVEMENT MARKING, TYPE 4",,LIN FT,423.00,ne_ndot_english_standard_item_list_2010,true
ne_ndot_version_7503.52_historical,ne_ndot_7503.52,,,"5"" WHITE PREFORMED PAVEMENT MARKING, TYPE 4, GROOVED",,LF,,ne_ndot_aup_july_june_2017_2018,false
ne_ndot_version_7503.53_historical,ne_ndot_7503.53,,,"5"" YELLOW PREFORMED PAVEMENT MARKING, TYPE 4, GROOVED",,LF,,ne_ndot_aup_july_june_2017_2018,false
ne_ndot_version_7503.54_historical,ne_ndot_7503.54,,,"6"" YELLOW PREFORMED PAVEMENT MARKING, TYPE 4, GROOVED",,LF,,ne_ndot_aup_july_june_2024_2025,false
ne_ndot_version_7504.03_current,ne_ndot_7504.03,,,"6"" WHITE PREFORMED PAVEMENT MARKING, TYPE 3",,LIN FT,423.00,ne_ndot_english_standard_item_list_2010,true
ne_ndot_version_7504.04_current,ne_ndot_7504.04,,,"6"" WHITE PREFORMED PAVEMENT MARKING, TYPE 4",,LIN FT,423.00,ne_ndot_english_standard_item_list_2010,true
ne_ndot_version_7504.05_historical,ne_ndot_7504.05,,,"6"" WHITE PREFORMED PAVEMENT MARKING, TYPE 4, GROOVED",,LF,,ne_ndot_aup_july_june_2024_2025,false
ne_ndot_version_7506.01_current,ne_ndot_7506.01,,,"8"" WHITE PREFORMED PAVEMENT MARKING, TYPE 1",,LIN FT,423.00,ne_ndot_english_standard_item_list_2010,true
ne_ndot_version_7506.03_current,ne_ndot_7506.03,,,"8"" WHITE PREFORMED PAVEMENT MARKING, TYPE 3",,LIN FT,423.00,ne_ndot_english_standard_item_list_2010,true
ne_ndot_version_7506.04_current,ne_ndot_7506.04,,,"8"" WHITE PREFORMED PAVEMENT MARKING, TYPE 4",,LIN FT,423.00,ne_ndot_english_standard_item_list_2010,true
ne_ndot_version_7506.12_current,ne_ndot_7506.12,,,"12"" WHITE PREFORMED PAVEMENT MARKING, TYPE 4",,LIN FT,423.00,ne_ndot_english_standard_item_list_2010,true
ne_ndot_version_7506.14_current,ne_ndot_7506.14,,,"8"" WHITE PREFORMED PAVEMENT MARKING, TYPE 4, GROOVED",,LIN FT,423.00,ne_ndot_english_standard_item_list_2010,true
ne_ndot_version_7507.04_current,ne_ndot_7507.04,,,"4"" YELLOW POLYUREA PAVEMENT MARKING",,LIN FT,,ne_ndot_english_standard_item_list_2010,true
ne_ndot_version_7507.14_current,ne_ndot_7507.14,,,"8"" YELLOW PREFORMED PAVEMENT MARKING, TYPE 4, GROOVED",,LIN FT,423.00,ne_ndot_english_standard_item_list_2010,true
ne_ndot_version_7507.15_current,ne_ndot_7507.15,,,"8"" YELLOW POLYUREA PAVEMENT MARKING",,LIN FT,,ne_ndot_english_standard_item_list_2010,true
ne_ndot_version_7507.16_historical,ne_ndot_7507.16,,,"8"" WHITE POLYUREA PAVEMENT MARKING",,LF,,ne_ndot_aup_calendar_2025,false
ne_ndot_version_7507.18_historical,ne_ndot_7507.18,,,"18"" WHITE POLYUREA PAVEMENT MARKING",,LF,,ne_ndot_aup_calendar_2025,false
ne_ndot_version_7507.24_historical,ne_ndot_7507.24,,,"24"" WHITE POLYUREA PAVEMENT MARKING",,LF,,ne_ndot_aup_calendar_2025,false
ne_ndot_version_7508.01_current,ne_ndot_7508.01,,,"12"" WHITE PREFORMED PAVMENT MARKING, TYPE 1",,LIN FT,423.00,ne_ndot_english_standard_item_list_2010,true
ne_ndot_version_7508.03_current,ne_ndot_7508.03,,,"12"" WHITE PREFORMED PAVEMENT MARKING, TYPE 3",,LIN FT,423.00,ne_ndot_english_standard_item_list_2010,true
ne_ndot_version_7508.04_current,ne_ndot_7508.04,,,"12"" WHITE PREFORMED PAVEMENT MARKING, TYPE 4",,LIN FT,423.00,ne_ndot_english_standard_item_list_2010,true
ne_ndot_version_7508.06_current,ne_ndot_7508.06,,,"12"" WHITE PREFORMED PAVEMENT MARKING, TYPE 3, GROOVED",,LIN FT,,ne_ndot_english_standard_item_list_2010,true
ne_ndot_version_7508.14_current,ne_ndot_7508.14,,,"12"" WHITE PREFORMED PAVEMENT MARKING, TYPE 4, GROOVED",,LIN FT,423.00,ne_ndot_english_standard_item_list_2010,true
ne_ndot_version_7509.01_current,ne_ndot_7509.01,,,"12"" YELLOW PREFORMED PAVEMENT MARKING, TYPE 1",,LIN FT,423.00,ne_ndot_english_standard_item_list_2010,true
ne_ndot_version_7509.02_current,ne_ndot_7509.02,,,"12"" YELLOW PREFORMED PAVEMENT MARKING, TYPE 2",,LIN FT,423.00,ne_ndot_english_standard_item_list_2010,true
ne_ndot_version_7509.03_current,ne_ndot_7509.03,,,"12"" YELLOW PREFORMED PAVEMENT MARKING, TYPE 3",,LIN FT,423.00,ne_ndot_english_standard_item_list_2010,true
ne_ndot_version_7509.04_current,ne_ndot_7509.04,,,"12"" YELLOW PREFORMED PAVEMENT MARKING, TYPE 4",,LIN FT,423.00,ne_ndot_english_standard_item_list_2010,true
ne_ndot_version_7509.12_current,ne_ndot_7509.12,,,"12"" YELLOW PREFORMED PAVEMENT MARKING, TYPE 2, GROOVED",,LIN FT,,ne_ndot_english_standard_item_list_2010,true
ne_ndot_version_7509.14_current,ne_ndot_7509.14,,,"12"" YELLOW PREFORMED PAVEMENT MARKING, TYPE 4, GROOVED",,LIN FT,423.00,ne_ndot_english_standard_item_list_2010,true
ne_ndot_version_7512.03_current,ne_ndot_7512.03,,,"24"" WHITE PREFORMED PAVEMENT MARKING, TYPE 3",,LIN FT,423.00,ne_ndot_english_standard_item_list_2010,true
ne_ndot_version_7512.04_current,ne_ndot_7512.04,,,"24"" WHITE PREFORMED PAVEMENT MARKING, TYPE 4",,LIN FT,423.00,ne_ndot_english_standard_item_list_2010,true
ne_ndot_version_7512.13_current,ne_ndot_7512.13,,,"24"" WHITE PREFORMED PAVEMENT MARKING, TYPE 3, GROOVED",,LIN FT,,ne_ndot_english_standard_item_list_2010,true
ne_ndot_version_7512.14_current,ne_ndot_7512.14,,,"24"" WHITE PREFORMED PAVEMENT MARKING, TYPE 4, GROOVED",,LIN FT,423.00,ne_ndot_english_standard_item_list_2010,true
ne_ndot_version_7513.14_current,ne_ndot_7513.14,,,"24"" YELLOW PREFORMED PAVEMENT MARKING, TYPE 4 GROOVED",,LIN FT,,ne_ndot_english_standard_item_list_2010,true
ne_ndot_version_7515.03_historical,ne_ndot_7515.03,,,"5"" BLACK POLYUREA PAVEMENT MARKING, GROOVED",,LF,,ne_ndot_aup_calendar_2019,false
ne_ndot_version_7515.04_current,ne_ndot_7515.04,,,"4"" WHITE POLYUREA PAVEMENT MARKING, GROOVED",,LIN FT,,ne_ndot_english_standard_item_list_2010,true
ne_ndot_version_7515.05_current,ne_ndot_7515.05,,,"5"" WHITE POLYUREA PAVEMENT MARKING, GROOVED",,LIN FT,,ne_ndot_english_standard_item_list_2010,true
ne_ndot_version_7515.06_historical,ne_ndot_7515.06,,,"6"" WHITE POLYUREA PAVEMENT MARKING, GROOVED",,LF,,ne_ndot_aup_calendar_2018,false
ne_ndot_version_7515.07_historical,ne_ndot_7515.07,,,"8"" YELLOW POLYUREA PAVEMENT MARKING, GROOVED",,LF,,ne_ndot_aup_calendar_2018,false
ne_ndot_version_7515.08_current,ne_ndot_7515.08,,,"8"" WHITE POLYUREA PAVEMENT MARKING, GROOVED",,LIN FT,,ne_ndot_english_standard_item_list_2010,true
ne_ndot_version_7515.09_current,ne_ndot_7515.09,,,"8"" WHITE WET REFLECTIVE POLYUREA PAVEMENT MARKING, GROOVED",,LIN FT,,ne_ndot_english_standard_item_list_2010,true
ne_ndot_version_7515.10_historical,ne_ndot_7515.10,,,"4"" WHITE POLYUREA PAVEMENT MARKING",,LF,,ne_ndot_aup_calendar_2025,false
ne_ndot_version_7515.12_current,ne_ndot_7515.12,,,"12"" WHITE POLYUREA PAVEMENT MARKING, GROOVED",,LIN FT,,ne_ndot_english_standard_item_list_2010,true
ne_ndot_version_7515.13_historical,ne_ndot_7515.13,,,"5"" BLACK WET REFLECTIVE POLYUREA PAVEMENT MARKING, GROOVED",,LF,,ne_ndot_aup_calendar_2019,false
ne_ndot_version_7515.16_historical,ne_ndot_7515.16,,,"6"" BLACK POLYUREA PAVEMENT MARKING, GROOVED",,LF,,ne_ndot_aup_july_june_2025_2026,false
ne_ndot_version_7515.17_historical,ne_ndot_7515.17,,,"6"" BLACK POLYUREA PAVEMENT MARKING",,LF,,ne_ndot_aup_july_june_2025_2026,false
ne_ndot_version_7515.20_historical,ne_ndot_7515.20,,,"6"" YELLOW POLYUREA CURB PAVEMENT MARKING",,LF,,ne_ndot_aup_july_june_2025_2026,false
ne_ndot_version_7515.22_historical,ne_ndot_7515.22,,,"18"" WHITE POLYUREA PAVEMENT MARKING, GROOVED",,LF,,ne_ndot_aup_july_june_2023_2024,false
ne_ndot_version_7515.24_current,ne_ndot_7515.24,,,"24"" WHITE POLYUREA PAVEMENT MARKING, GROOVED",,LIN FT,,ne_ndot_english_standard_item_list_2010,true
ne_ndot_version_7515.25_current,ne_ndot_7515.25,,,"24"" WHITE WET REFLECTIVE POLYUREA PAVEMENT MARKING, GROOVED",,LIN FT,,ne_ndot_english_standard_item_list_2010,true
ne_ndot_version_7515.26_historical,ne_ndot_7515.26,,,"24"" WHITE WET REFLECTIVE POLYUREA PAVEMENT MARKING",,LF,,ne_ndot_aup_calendar_2025,false
ne_ndot_version_7515.27_historical,ne_ndot_7515.27,,,"6"" WHITE WET REFLECTIVE POLYUREA PAVEMENT MARKING, GROOVED",,LF,,ne_ndot_aup_july_june_2025_2026,false
ne_ndot_version_7515.28_historical,ne_ndot_7515.28,,,"6"" YELLOW WET REFLECTIVE POLYUREA PAVEMENT MARKING, GROOVED",,LF,,ne_ndot_aup_july_june_2025_2026,false
ne_ndot_version_7515.29_historical,ne_ndot_7515.29,,,"6"" BLACK WET REFLECTIVE POLYUREA PAVEMENT MARKING, GROOVED",,LF,,ne_ndot_aup_july_june_2025_2026,false
ne_ndot_version_7515.30_historical,ne_ndot_7515.30,,,"24"" WHITE POLYUREA PAVEMENT MARKING",,LF,,ne_ndot_aup_calendar_2025,false
ne_ndot_version_7515.32_historical,ne_ndot_7515.32,,,"6"" WHITE WET REFLECTIVE POLYUREA PAVEMENT MARKING",,LF,,ne_ndot_aup_july_june_2025_2026,false
ne_ndot_version_7515.34_current,ne_ndot_7515.34,,,"4"" WHITE WET REFLECTIVE POLYUREA PAVEMENT MARKING, GROOVED",,LIN FT,,ne_ndot_english_standard_item_list_2010,true
ne_ndot_version_7515.35_current,ne_ndot_7515.35,,,"5"" WHITE WET REFLECTIVE THERMOPLASTIC PAVEMENT MARKING, GROOVED",,LIN FT,,ne_ndot_english_standard_item_list_2010,true
ne_ndot_version_7515.36_current,ne_ndot_7515.36,,,"5"" WHITE WET REFLECTIVE POLYUREA PAVEMENT MARKING, GROOVED",,LIN FT,,ne_ndot_english_standard_item_list_2010,true
ne_ndot_version_7515.37_historical,ne_ndot_7515.37,,,"5"" WHITE WET REFLECTIVE POLYUREA PAVEMENT MARKING",,LF,,ne_ndot_aup_calendar_2020,false
ne_ndot_version_7515.38_current,ne_ndot_7515.38,,,"12"" WHITE WET REFLECTIVE POLYUREA PAVEMENT MARKING, GROOVED",,LIN FT,,ne_ndot_english_standard_item_list_2010,true
ne_ndot_version_7515.39_historical,ne_ndot_7515.39,,,"12"" WHITE WET REFLECTIVE POLYUREA PAVEMENT MARKING",,LF,,ne_ndot_aup_july_june_2025_2026,false
ne_ndot_version_7515.40_historical,ne_ndot_7515.40,,,"18"" WHITE WET REFLECTIVE POLYUREA PAVEMENT MARKING, GROOVED",,LF,,ne_ndot_aup_calendar_2024,false
ne_ndot_version_7515.41_historical,ne_ndot_7515.41,,,"10"" WHITE WET REFLECTIVE POLYUREA PAVEMENT MARKING, GROOVED",,LF,,ne_ndot_aup_july_june_2023_2024,false
ne_ndot_version_7515.42_current,ne_ndot_7515.42,,,"12"" WHITE WET REFLECTIVE THERMOPLASTIC PAVEMENT MARKING, GROOVED",,LIN FT,,ne_ndot_english_standard_item_list_2010,true
ne_ndot_version_7515.44_historical,ne_ndot_7515.44,,,"16"" WHITE WET REFLECTIVE POLYUREA PAVEMENT MARKING, GROOVED",,LF,,ne_ndot_aup_july_june_2023_2024,false
ne_ndot_version_7515.45_historical,ne_ndot_7515.45,,,"24"" WHITE WET REFLECTIVE THERMOPLASTIC PAVEMENT MARKING, GROOVED",,LF,,ne_ndot_aup_july_june_2025_2026,false
ne_ndot_version_7516.04_current,ne_ndot_7516.04,,,"4"" YELLOW POLYUREA PAVEMENT MARKING, GROOVED",,LIN FT,,ne_ndot_english_standard_item_list_2010,true
ne_ndot_version_7516.05_current,ne_ndot_7516.05,,,"5"" YELLOW POLYUREA PAVEMENT MARKING, GROOVED",,LIN FT,,ne_ndot_english_standard_item_list_2010,true
ne_ndot_version_7516.12_current,ne_ndot_7516.12,,,"12"" YELLOW POLYUREA PAVEMENT MARKING, GROOVED",,LIN FT,,ne_ndot_english_standard_item_list_2010,true
ne_ndot_version_7516.13_current,ne_ndot_7516.13,,,"12"" YELLOW WET REFLECTIVE POLYUREA PAVEMENT MARKING, GROOVED",,LIN FT,,ne_ndot_english_standard_item_list_2010,true
ne_ndot_version_7516.14_historical,ne_ndot_7516.14,,,"12"" YELLOW WET REFLECTIVE POLYUREA PAVEMENT MARKING",,LF,,ne_ndot_aup_july_june_2025_2026,false
ne_ndot_version_7516.34_current,ne_ndot_7516.34,,,"4"" YELLOW WET REFLECTIVE POLYUREA PAVEMENT MARKING, GROOVED",,LIN FT,,ne_ndot_english_standard_item_list_2010,true
ne_ndot_version_7516.35_current,ne_ndot_7516.35,,,"5"" YELLOW WET REFLECTIVE POLYUREA PAVEMENT MARKING, GROOVED",,LIN FT,,ne_ndot_english_standard_item_list_2010,true
ne_ndot_version_7516.36_current,ne_ndot_7516.36,,,"5"" YELLOW WET REFLECTIVE THERMOPLASTIC PAVEMENT MARKING, GROOVED",,LIN FT,,ne_ndot_english_standard_item_list_2010,true
ne_ndot_version_7516.37_historical,ne_ndot_7516.37,,,"5"" YELLOW WET REFLECTIVE POLYUREA PAVEMENT MARKING",,LF,,ne_ndot_aup_july_june_2020_2021,false
ne_ndot_version_7516.38_historical,ne_ndot_7516.38,,,"6"" YELLOW WET REFLECTIVE POLYUREA PAVEMENT MARKING",,LF,,ne_ndot_aup_july_june_2025_2026,false
ne_ndot_version_7516.42_current,ne_ndot_7516.42,,,"12"" YELLOW WET REFLECTIVE THERMOPLASTIC PAVEMENT MARKING, GROOVED",,LIN FT,,ne_ndot_english_standard_item_list_2010,true
ne_ndot_version_7517.00_current,ne_ndot_7517.00,,,"7"" PREFORMED WET REFLECTIVE CONTRAST PAVEMENT MARKING, TYPE 4, GROOVED",,LIN FT,,ne_ndot_english_standard_item_list_2010,true
ne_ndot_version_7517.01_historical,ne_ndot_7517.01,,,"5"" WHITE WET REFLECTIVE PERMANENT PAVEMENT MARKING, GROOVED",,LF,,ne_ndot_aup_july_june_2018_2019,false
ne_ndot_version_7517.02_historical,ne_ndot_7517.02,,,"12"" WHITE WET REFLECTIVE PERMANENT PAVEMENT MARKING, GROOVED",,LF,,ne_ndot_aup_july_june_2025_2026,false
ne_ndot_version_7517.03_historical,ne_ndot_7517.03,,,"6"" WHITE WET REFLECTIVE PERMANENT PAVEMENT MARKING, GROOVED",,LF,,ne_ndot_aup_july_june_2025_2026,false
ne_ndot_version_7517.04_current,ne_ndot_7517.04,,,"4"" WHITE WET REFLECTIVE PREFORMED PAVEMENT MARKING, TYPE 4, GROOVED",,LIN FT,,ne_ndot_english_standard_item_list_2010,true
ne_ndot_version_7517.05_current,ne_ndot_7517.05,,,"5"" WHITE WET REFLECTIVE PREFORMED PAVEMENT MARKING, TYPE 4, GROOVED",,LIN FT,,ne_ndot_english_standard_item_list_2010,true
ne_ndot_version_7517.06_current,ne_ndot_7517.06,,,"6"" WHITE WET REFLECTIVE PREFORMED PAVEMENT MARKING, TYPE 4, GROOVED",,LIN FT,,ne_ndot_english_standard_item_list_2010,true
ne_ndot_version_7517.07_historical,ne_ndot_7517.07,,,"6"" YELLOW WET REFLECTIVE PREFORMED PAVEMENT MARKING, TYPE 4 GROOVED",,LF,,ne_ndot_aup_july_june_2025_2026,false
ne_ndot_version_7517.08_current,ne_ndot_7517.08,,,"8"" WHITE WET REFLECTIVE PREFORMED PAVEMENT MARKING, TYPE 4, GROOVED",,LIN FT,,ne_ndot_english_standard_item_list_2010,true
ne_ndot_version_7517.09_historical,ne_ndot_7517.09,,,"24"" WHITE WET REFLECTIVE PERMANENT PAVEMENT MARKING, GROOVED",,LF,,ne_ndot_aup_july_june_2025_2026,false
ne_ndot_version_7517.11_historical,ne_ndot_7517.11,,,"10"" WHITE WET REFLECTIVE PREFORMED PAVEMENT MARKING, TYPE 4 GROOVED",,LF,,ne_ndot_aup_calendar_2021,false
ne_ndot_version_7517.12_current,ne_ndot_7517.12,,,"12"" WHITE WET REFLECTIVE PREFORMED PAVEMENT MARKING, TYPE 4, GROOVED",,LIN FT,,ne_ndot_english_standard_item_list_2010,true
ne_ndot_version_7517.13_historical,ne_ndot_7517.13,,,"5"" YELLOW WET REFLECTIVE PERMANENT PAVEMENT MARKING, GROOVED",,LF,,ne_ndot_aup_july_june_2018_2019,false
ne_ndot_version_7517.14_historical,ne_ndot_7517.14,,,"12"" YELLOW WET REFLECTIVE PERMANENT PAVEMENT MARKING, GROOVED",,LF,,ne_ndot_aup_july_june_2025_2026,false
ne_ndot_version_7517.15_historical,ne_ndot_7517.15,,,"10"" YELLOW WET REFLECTIVE PREFORMED PAVEMENT MARKING, TYPE 4 GROOVED",,LF,,ne_ndot_aup_calendar_2019,false
ne_ndot_version_7517.17_historical,ne_ndot_7517.17,,,"6"" YELLOW WET REFLECTIVE PERMANENT PAVEMENT MARKING, GROOVED",,LF,,ne_ndot_aup_july_june_2025_2026,false
ne_ndot_version_7517.18_historical,ne_ndot_7517.18,,,"18"" WHITE WET REFLECTIVE PREFORMED PAVEMENT MARKING, TYPE 4, GROOVED",,LF,,ne_ndot_aup_july_june_2022_2023,false
ne_ndot_version_7517.20_historical,ne_ndot_7517.20,,,"16"" WHITE WET REFLECTIVE PREFORMED PAVEMENT MARKING, TYPE 4, GROOVED",,LF,,ne_ndot_aup_july_june_2025_2026,false
ne_ndot_version_7517.24_current,ne_ndot_7517.24,,,"24"" WHITE WET REFLECTIVE PREFORMED PAVEMENT MARKING, TYPE 4, GROOVED",,LIN FT,,ne_ndot_english_standard_item_list_2010,true
ne_ndot_version_7518.04_current,ne_ndot_7518.04,,,"4"" YELLOW WET REFLECTIVE PREFORMED PAVEMENT MARKING, TYPE 4, GROOVED",,LIN FT,,ne_ndot_english_standard_item_list_2010,true
ne_ndot_version_7518.05_current,ne_ndot_7518.05,,,"5"" YELLOW WET REFLECTIVE PREFORMED PAVEMENT MARKING, TYPE 4, GROOVED",,LIN FT,,ne_ndot_english_standard_item_list_2010,true
ne_ndot_version_7518.07_historical,ne_ndot_7518.07,,,"10"" YELLOW WET REFLECTIVE PREFORMED PAVEMENT MARKING, TYPE 4, GROOVED",,LF,,ne_ndot_aup_july_june_2018_2019,false
ne_ndot_version_7518.12_current,ne_ndot_7518.12,,,"12"" YELLOW WET REFLECTIVE PREFORMED PAVEMENT MARKING, TYPE 4, GROOVED",,LIN FT,,ne_ndot_english_standard_item_list_2010,true
ne_ndot_version_7518.18_historical,ne_ndot_7518.18,,,"1G8R"" OWOHVIETED WET REFLECTIVE PREFORMED PAVEMENT MARKING, TYPE 3, GROOVED",,LF,,ne_ndot_aup_calendar_2024,false
ne_ndot_version_7518.24_historical,ne_ndot_7518.24,,,"24"" WHITE WET REFLECTIVE PREFORMED PAVEMENT MARKING, TYPE 3, GROOVED",,LF,,ne_ndot_aup_calendar_2024,false
ne_ndot_version_7519.00_current,ne_ndot_7519.00,,,"ARROW, WET REFLECTIVE PREFORMED PAVEMENT MARKING, TYPE 4, GROOVED",,EACH,,ne_ndot_english_standard_item_list_2010,true
ne_ndot_version_7519.01_current,ne_ndot_7519.01,,,"ARROW, WET REFLECTIVE PREFORMED PAVEMENT MARKING, TYPE GROOVED",,EACH,,ne_ndot_english_standard_item_list_2010,true
ne_ndot_version_7519.02_historical,ne_ndot_7519.02,,,"ARROW, WET REFLECTIVE PREFORMED PAVEMENT MARKING",,EACH,,ne_ndot_aup_july_june_2020_2021,false
ne_ndot_version_7519.05_current,ne_ndot_7519.05,,,"RAILROAD CROSSING SYMBOL, WET REFLECTIVE PREFORMED PAVEMENT MARKING, TYPE 4, GROOVED",,EACH,,ne_ndot_english_standard_item_list_2010,true
ne_ndot_version_7519.10_current,ne_ndot_7519.10,,,"ONLY, WET REFLECTIVE PREFORMED PAVEMENT MARKING, TYPE 4, GROOVED",,EACH,,ne_ndot_english_standard_item_list_2010,true
ne_ndot_version_7520.00_historical,ne_ndot_7520.00,,,"ARROW, PREFORMED PAVEMENT MARKING",,EACH,,ne_ndot_aup_july_june_2018_2019,false
ne_ndot_version_7520.03_historical,ne_ndot_7520.03,,,"CROSSWALK, PERMANENT PAVEMENT MARKING",,LF,,ne_ndot_aup_july_june_2025_2026,false
ne_ndot_version_7520.05_historical,ne_ndot_7520.05,,,"ARROW, PREFORMED PERMANENT PAVEMENT MARKING",,EACH,,ne_ndot_aup_july_june_2019_2020,false
ne_ndot_version_7520.06_historical,ne_ndot_7520.06,,,"ARROW, PERMANENT PAVEMENT MARKING",,EACH,,ne_ndot_aup_july_june_2025_2026,false
ne_ndot_version_7520.07_historical,ne_ndot_7520.07,,,"LANE MERGE ARROW, PREFORMED PAVEMENT MARKING",,EACH,,ne_ndot_aup_calendar_2024,false
ne_ndot_version_7520.10_historical,ne_ndot_7520.10,,,"LANE REDUCTION ARROW, PERMANENT PAVEMENT MARKING",,EACH,,ne_ndot_aup_july_june_2025_2026,false
ne_ndot_version_7520.15_historical,ne_ndot_7520.15,,,"LANE REDUCTION ARROW, PREFORMED PAVEMENT MARKING, TYPE 4 GROOVED",,EACH,,ne_ndot_aup_july_june_2022_2023,false
ne_ndot_version_7521.12_historical,ne_ndot_7521.12,,,"12"" WHITE PERMANENT PAVEMENT MARKING",,LF,,ne_ndot_aup_july_june_2017_2018,false
ne_ndot_version_7521.24_historical,ne_ndot_7521.24,,,"24"" WHITE PREFORMED PAVEMENT MARKING",,LF,,ne_ndot_aup_july_june_2017_2018,false
ne_ndot_version_7521.25_historical,ne_ndot_7521.25,,,"24"" WHITE PERMANENT PAVEMENT MARKING",,LF,,ne_ndot_aup_july_june_2025_2026,false
ne_ndot_version_7530.40_current,ne_ndot_7530.40,,,RAILROAD CROSSING SYMBOL THERMOPLASTIC,,EACH,,ne_ndot_english_standard_item_list_2010,true
ne_ndot_version_7530.42_historical,ne_ndot_7530.42,,,RAILROAD CROSSING SYMBOL PERMANENT PAVEMENT MARKING,,EACH,,ne_ndot_aup_july_june_2025_2026,false
ne_ndot_version_7530.44_historical,ne_ndot_7530.44,,,RAILROAD CROSSING SYMBOL PREFORMED PAVEMENT MARKING,,EACH,,ne_ndot_aup_july_june_2017_2018,false
ne_ndot_version_7530.45_current,ne_ndot_7530.45,,,"RAILROAD CROSSING SYMBOL PREFORMED PAVEMENT MARKING, TYPE 1",,EACH,423.00,ne_ndot_english_standard_item_list_2010,true
ne_ndot_version_7530.48_current,ne_ndot_7530.48,,,"RAILROAD CROSSING SYMBOL PREFORMED PAVEMENT MARKING, TYPE 4",,EACH,423.00,ne_ndot_english_standard_item_list_2010,true
ne_ndot_version_7530.49_current,ne_ndot_7530.49,,,"RAILROAD CROSSING SYMBOL PREFORMED PAVEMENT MARKING, TYPE 4, GROOVED",,EACH,423.00,ne_ndot_english_standard_item_list_2010,true
ne_ndot_version_7540.07_current,ne_ndot_7540.07,,,"7"" WHITE PREFORMED WET REFLECTIVE CONTRAST PAVEMENT",,LIN FT,,ne_ndot_english_standard_item_list_2010,true
ne_ndot_version_7540.17_current,ne_ndot_7540.17,,,"7"" YELLOW PREFORMED WET REFLECTIVE CONTRAST PAVEMENT MARKING, GROOVED",,LIN FT,,ne_ndot_english_standard_item_list_2010,true
ne_ndot_version_7541.07_current,ne_ndot_7541.07,,,"7"" WHITE PREFORMED WET REFLECTIVE CONTRAST PAVEMENT MARKING, TYPE 4, GROOVED",,LIN FT,,ne_ndot_english_standard_item_list_2010,true
ne_ndot_version_7541.08_current,ne_ndot_7541.08,,,"8"" WHITE PREFORMED WET REFLECTIVE CONTRAST PAVEMENT MARKING, TYPE 4, GROOVED",,LIN FT,,ne_ndot_english_standard_item_list_2010,true
ne_ndot_version_7541.15_current,ne_ndot_7541.15,,,"5"" WHITE PREFORMED WET REFLECTIVE CONTRAST PAVEMENT MARKING, TYPE 4, GROOVED",,LIN FT,,ne_ndot_english_standard_item_list_2010,true
ne_ndot_version_7541.17_current,ne_ndot_7541.17,,,"7"" YELLOW PREFORMED WET REFLECTIVE CONTRAST PAVEMENT MARKING, TYPE 4, GROOVED",,LIN FT,,ne_ndot_english_standard_item_list_2010,true
ne_ndot_version_7550.03_current,ne_ndot_7550.03,,,"4"" YELLOW EPOXY PAVEMENT MARKING",,LIN FT,423.00,ne_ndot_english_standard_item_list_2010,true
ne_ndot_version_7550.04_current,ne_ndot_7550.04,,,"4"" WHITE EPOXY PAVEMENT MARKING",,LIN FT,423.00,ne_ndot_english_standard_item_list_2010,true
ne_ndot_version_7550.05_current,ne_ndot_7550.05,,,"6"" YELLOW EPOXY PAVEMENT MARKING",,LIN FT,423.00,ne_ndot_english_standard_item_list_2010,true
ne_ndot_version_7550.06_current,ne_ndot_7550.06,,,"6"" WHITE EPOXY PAVEMENT MARKING",,LIN FT,423.00,ne_ndot_english_standard_item_list_2010,true
ne_ndot_version_7550.08_current,ne_ndot_7550.08,,,"8"" WHITE EPOXY PAVEMENT MARKING",,LIN FT,423.00,ne_ndot_english_standard_item_list_2010,true
ne_ndot_version_7550.12_current,ne_ndot_7550.12,,,"12"" WHITE EPOXY PAVEMENT MARKING",,LIN FT,423.00,ne_ndot_english_standard_item_list_2010,true
ne_ndot_version_7550.13_current,ne_ndot_7550.13,,,"12"" YELLOW EPOXY PAVEMENT MARKING",,LIN FT,423.00,ne_ndot_english_standard_item_list_2010,true
ne_ndot_version_7550.14_current,ne_ndot_7550.14,,,"24"" YELLOW EPOXY PAVEMENT MARKING",,LIN FT,423.00,ne_ndot_english_standard_item_list_2010,true
ne_ndot_version_7550.15_current,ne_ndot_7550.15,,,"24"" WHITE EPOXY PAVEMENT MARKING",,LIN FT,423.00,ne_ndot_english_standard_item_list_2010,true
ne_ndot_version_7550.20_current,ne_ndot_7550.20,,,MEDIAN CURB YELLOW EPOXY,,LIN FT,,ne_ndot_english_standard_item_list_2010,true
ne_ndot_version_7550.21_current,ne_ndot_7550.21,,,EPOXY MEDIAN NOSE,,EACH,,ne_ndot_english_standard_item_list_2010,true
ne_ndot_version_7550.33_current,ne_ndot_7550.33,,,EPOXY ARROW,,EACH,,ne_ndot_english_standard_item_list_2010,true
ne_ndot_version_7555.00_current,ne_ndot_7555.00,,,BIKEWAY CENTERLINE,,STATION,,ne_ndot_english_standard_item_list_2010,true
ne_ndot_version_7560.00_current,ne_ndot_7560.00,,,PAINT STRIPING STATE SUPPLIED PAINT AND BEADS,,MILE,,ne_ndot_english_standard_item_list_2010,true
ne_ndot_version_7560.01_current,ne_ndot_7560.01,,,PAINT STRIPING,,MILE,,ne_ndot_english_standard_item_list_2010,true
ne_ndot_version_7560.02_current,ne_ndot_7560.02,,,PAINT STRIPING STATE SUPPLIED PAINT AND BEADS,,STATION,,ne_ndot_english_standard_item_list_2010,true
ne_ndot_version_7560.03_current,ne_ndot_7560.03,,,PAINT STRIPING,,STATION,,ne_ndot_english_standard_item_list_2010,true
ne_ndot_version_7560.04_current,ne_ndot_7560.04,,,PAINT STRIPING STATE SUPPLIED PAINT AND BEADS,,LIN FT,,ne_ndot_english_standard_item_list_2010,true
ne_ndot_version_7560.05_current,ne_ndot_7560.05,,,PAINT STRIPING,,STATION,,ne_ndot_english_standard_item_list_2010,true
ne_ndot_version_7560.10_current,ne_ndot_7560.10,,,PAINT STRIPING CONTRACTOR SUPPLIED PAINT AND BEADS,,MILE,,ne_ndot_english_standard_item_list_2010,true
ne_ndot_version_7560.20_current,ne_ndot_7560.20,,,"ACRYLIC WATERBORNE PAINT, YELLOW",,GALLON,,ne_ndot_english_standard_item_list_2010,true
ne_ndot_version_7560.30_current,ne_ndot_7560.30,,,"ACRYLIC WATERBORNE PAINT, WHITE",,GALLON,,ne_ndot_english_standard_item_list_2010,true
ne_ndot_version_7560.40_current,ne_ndot_7560.40,,,YELLOW TRAFFIC PAINT,,GALLON,,ne_ndot_english_standard_item_list_2010,true
ne_ndot_version_7560.41_current,ne_ndot_7560.41,,,WHITE TRAFFIC PAINT,,GALLON,,ne_ndot_english_standard_item_list_2010,true
ne_ndot_version_7590.60_historical,ne_ndot_7590.60,,,"SPEED HUMP SYMBOL, PREFORMED PAVEMENT MARKING, TYPE 4, GROOVED",,EACH,,ne_ndot_aup_calendar_2019,false
ne_ndot_version_7590.61_historical,ne_ndot_7590.61,,,"""BUMP"", PREFORMED PAVEMENT MARKING, TYPE 4, GROOVED",,EACH,,ne_ndot_aup_calendar_2019,false
ne_ndot_version_7970.00_current,ne_ndot_7970.00,,,MISCELLANEOUS ITEMS FOR LIGHTING GROUP,,LUMP SUM,,ne_ndot_english_standard_item_list_2010,true
ne_ndot_version_7989.06_current,ne_ndot_7989.06,,,"5"" WHITE THERMOPLASTIC, GROOVED",,LIN FT,,ne_ndot_english_standard_item_list_2010,true
ne_ndot_version_7999.95_current,ne_ndot_7999.95,,,GROOVING,,LIN FT,,ne_ndot_english_standard_item_list_2010,true
ne_ndot_version_8003.00_current,ne_ndot_8003.00,,,RESHAPING EXISTING BASE,,STATION,,ne_ndot_english_standard_item_list_2010,true
ne_ndot_version_8003.05_current,ne_ndot_8003.05,,,RESHAPING EXISTING BASE,,SQ YD,,ne_ndot_english_standard_item_list_2010,true
ne_ndot_version_8003.06_current,ne_ndot_8003.06,,,BASE REPAIR,,SQ YD,,ne_ndot_english_standard_item_list_2010,true
ne_ndot_version_8003.07_current,ne_ndot_8003.07,,,FULL DEPTH BASE REPAIR,,SQ YD,,ne_ndot_english_standard_item_list_2010,true
ne_ndot_version_8003.15_historical,ne_ndot_8003.15,,,CORE DRILLING REPAIR,,EACH,,ne_ndot_aup_july_june_2025_2026,false
ne_ndot_version_8003.16_historical,ne_ndot_8003.16,,,KEYHOLE DRILLING REPAIR,,EACH,,ne_ndot_aup_july_june_2021_2022,false
ne_ndot_version_8003.17_historical,ne_ndot_8003.17,,,CORE DRILL FOUNDATION,,EACH,,ne_ndot_aup_july_june_2020_2021,false
ne_ndot_version_8003.20_current,ne_ndot_8003.20,,,RESHAPING EXISTING SHOULDER BASE,,STATION,,ne_ndot_english_standard_item_list_2010,true
ne_ndot_version_8003.25_current,ne_ndot_8003.25,,,RESHAPING EXISTING RAMP SHOULDER BASE,,STATION,,ne_ndot_english_standard_item_list_2010,true
ne_ndot_version_8005.00_current,ne_ndot_8005.00,,,SOIL AGGREGATE BASE COURSE,,TON,,ne_ndot_english_standard_item_list_2010,true
ne_ndot_version_8005.01_historical,ne_ndot_8005.01,,,AGGREGATE BASE,,CY,,ne_ndot_aup_calendar_2023,false
ne_ndot_version_8005.50_current,ne_ndot_8005.50,,,SOIL AGGREGATE BASE COURSE (SALVAGED MATERIAL),,CU YD,,ne_ndot_english_standard_item_list_2010,true
ne_ndot_version_8005.60_current,ne_ndot_8005.60,,,SALVAGED SOIL AGGREGATE BASE COURSE,,STATION,,ne_ndot_english_standard_item_list_2010,true
ne_ndot_version_8005.65_current,ne_ndot_8005.65,,,SALVAGED SOIL AGGREGATE BASE COURSE,,TON,,ne_ndot_english_standard_item_list_2010,true
ne_ndot_version_8005.70_current,ne_ndot_8005.70,,,SALVAGED SOIL AGGREGATE BASE COURSE,,SQ YD,,ne_ndot_english_standard_item_list_2010,true
ne_ndot_version_8005.75_current,ne_ndot_8005.75,,,SALVAGING CRUSHED ROCK BASE COURSE,,SQ YD,,ne_ndot_english_standard_item_list_2010,true
ne_ndot_version_8006.00_current,ne_ndot_8006.00,,,SOIL AGGREGATE BASE COURSE,,SQ YD,,ne_ndot_english_standard_item_list_2010,true
ne_ndot_version_8008.00_current,ne_ndot_8008.00,,,ARMOR COAT AGGREGATE,,CU YD,515.00,ne_ndot_english_standard_item_list_2010,true
ne_ndot_version_8008.01_current,ne_ndot_8008.01,,,ARMOR COAT AGGREGATE,,TON,,ne_ndot_english_standard_item_list_2010,true
ne_ndot_version_8008.03_current,ne_ndot_8008.03,,,SCRUB SEAL AGGREGATE,,CU YD,,ne_ndot_english_standard_item_list_2010,true
ne_ndot_version_8008.30_current,ne_ndot_8008.30,,,CHIP SEAL AGGREGATE,,CU YD,,ne_ndot_english_standard_item_list_2010,true
ne_ndot_version_8008.50_current,ne_ndot_8008.50,,,AGGREGATE FOR MICROSURFACING,,TON,514.00,ne_ndot_english_standard_item_list_2010,true
ne_ndot_version_8010.00_current,ne_ndot_8010.00,,,CRUSHED ROCK FOR BASE COURSE,,TON,305.00,ne_ndot_english_standard_item_list_2010,true
ne_ndot_version_8010.01_historical,ne_ndot_8010.01,,,"8"" CRUSHED ROCK BASE COURSE",,SY,,ne_ndot_aup_july_june_2021_2022,false
ne_ndot_version_8010.03_historical,ne_ndot_8010.03,,,CRUSHED ROCK FOR BASE COURSE,,CY,,ne_ndot_aup_july_june_2025_2026,false
ne_ndot_version_8010.11_current,ne_ndot_8010.11,,,"8"" CRUSHED ROCK BASE COURSE",,SQ YD,,ne_ndot_english_standard_item_list_2010,true
ne_ndot_version_8011.00_current,ne_ndot_8011.00,,,CRUSHED ROCK SCREENINGS FOR BASE COURSE,,TON,305.00,ne_ndot_english_standard_item_list_2010,true
ne_ndot_version_8011.03_current,ne_ndot_8011.03,,,"CRUSHED ROCK FOUNDATION COURSE 3""",,SQ YD,,ne_ndot_english_standard_item_list_2010,true
ne_ndot_version_8011.04_current,ne_ndot_8011.04,,,"CRUSHED ROCK FOUNDATION COURSE 4""",,SQ YD,,ne_ndot_english_standard_item_list_2010,true
ne_ndot_version_8011.05_current,ne_ndot_8011.05,,,"CRUSHED ROCK FOUNDATION COURSE 6""",,SQ YD,,ne_ndot_english_standard_item_list_2010,true
ne_ndot_version_8011.06_historical,ne_ndot_8011.06,,,"CRUSHED ROCK BASE COURSE 6""",,SY,,ne_ndot_aup_july_june_2025_2026,false
ne_ndot_version_8011.09_current,ne_ndot_8011.09,,,"CRUSHED ROCK FOUNDATION COURSE 9""",,SQ YD,,ne_ndot_english_standard_item_list_2010,true
ne_ndot_version_8011.12_current,ne_ndot_8011.12,,,"CRUSHED ROCK FOUNDATION COURSE 12""",,SQ YD,,ne_ndot_english_standard_item_list_2010,true
ne_ndot_version_8011.15_current,ne_ndot_8011.15,,,CRUSHED ROCK FOUNDATION COURSE,,TON,,ne_ndot_english_standard_item_list_2010,true
ne_ndot_version_8021.50_current,ne_ndot_8021.50,,,LIME STABILIZED BITUMINOUS,,STATION,,ne_ndot_english_standard_item_list_2010,true
ne_ndot_version_8022.00_current,ne_ndot_8022.00,,,HYDRATED LIME,,TON,,ne_ndot_english_standard_item_list_2010,true
ne_ndot_version_8022.10_current,ne_ndot_8022.10,,,HYDRATED LIME FOR USE IN ASPHALTIC CONCRETE,,TON,,ne_ndot_english_standard_item_list_2010,true
ne_ndot_version_8022.12_current,ne_ndot_8022.12,,,HYDRATED LIME FOR ASPHALT MIXTURES,,TON,,ne_ndot_english_standard_item_list_2010,true
ne_ndot_version_8022.14_current,ne_ndot_8022.14,,,HYDRATED LIME FOR ASPHALT MIXTURES FOR STATE MAINTENANCE PATCHING,,TON,,ne_ndot_english_standard_item_list_2010,true
ne_ndot_version_8022.15_historical,ne_ndot_8022.15,,,HYDRATED LIME/WARM MIX ASPHALT FOR STATE MAINTENANCE PATCHING,,EACH,,ne_ndot_aup_july_june_2025_2026,false
ne_ndot_version_8022.20_historical,ne_ndot_8022.20,,,HYDRATED LIME/WARM MIX ASPHALT,,EACH,,ne_ndot_aup_july_june_2025_2026,false
ne_ndot_version_8022.25_current,ne_ndot_8022.25,,,LIME,,TON,,ne_ndot_english_standard_item_list_2010,true
ne_ndot_version_8022.30_current,ne_ndot_8022.30,,,CEMENT KILN DUST,,TON,,ne_ndot_english_standard_item_list_2010,true
ne_ndot_version_8022.40_historical,ne_ndot_8022.40,,,STABILIZED SUBGRADE TYPE LIME,,SY,,ne_ndot_aup_july_june_2025_2026,false
ne_ndot_version_8024.50_current,ne_ndot_8024.50,,,SELECT GRANULAR BACKFILL FOR RETAINED EARTH STRUCTURE,,CU YD,715.00,ne_ndot_english_standard_item_list_2010,true
ne_ndot_version_8024.75_current,ne_ndot_8024.75,,,SELECT GRANULAR BACKFILL FOR MSE WALL,,CU YD,714.00,ne_ndot_english_standard_item_list_2010,true
ne_ndot_version_8024.76_historical,ne_ndot_8024.76,,,SELECT GRANULAR BACKFILL (ESTABLISHED QUANTITY),,CY,,ne_ndot_aup_july_june_2022_2023,false
ne_ndot_version_8027.00_current,ne_ndot_8027.00,,,RECONSTRUCTING FOUNDATION COURSE,,STATION,,ne_ndot_english_standard_item_list_2010,true
ne_ndot_version_8027.01_current,ne_ndot_8027.01,,,FULL DEPTH RECLAIMATION,,STATION,,ne_ndot_english_standard_item_list_2010,true
ne_ndot_version_8028.00_current,ne_ndot_8028.00,,,FOUNDATION COURSE REPLACEMENT,,SQ YD,,ne_ndot_english_standard_item_list_2010,true
ne_ndot_version_8028.01_current,ne_ndot_8028.01,,,FOUNDATION COURSE REPLACEMENT,,CU YD,,ne_ndot_english_standard_item_list_2010,true
ne_ndot_version_8028.02_historical,ne_ndot_8028.02,,,FOUNDATION COURSE REPLACEMENT FOR MEDIAN & BARRIER CURB REMOVAL,,CY,,ne_ndot_aup_calendar_2019,false
ne_ndot_version_8028.06_current,ne_ndot_8028.06,,,"FOUNDATION COURSE (TEMPORARY) 6""",,SQ YD,,ne_ndot_english_standard_item_list_2010,true
ne_ndot_version_8028.08_current,ne_ndot_8028.08,,,"FOUNDATION COURSE (TEMPORARY) 8""",,SQ YD,,ne_ndot_english_standard_item_list_2010,true
ne_ndot_version_8029.00_current,ne_ndot_8029.00,,,AGGREGATE FOUNDATION COURSE,,SQ YD,307.00,ne_ndot_english_standard_item_list_2010,true
ne_ndot_version_8029.04_current,ne_ndot_8029.04,,,"AGGREGATE FOUNDATION COURSE 4""",,SQ YD,307.00,ne_ndot_english_standard_item_list_2010,true
ne_ndot_version_8029.05_current,ne_ndot_8029.05,,,"AGGREGATE FOUNDATION COURSE 5.5""",,SQ YD,307.00,ne_ndot_english_standard_item_list_2010,true
ne_ndot_version_8029.06_current,ne_ndot_8029.06,,,"AGGREGATE FOUNDATION COURSE 6""",,SQ YD,307.00,ne_ndot_english_standard_item_list_2010,true
ne_ndot_version_8029.08_current,ne_ndot_8029.08,,,"AGGREGATE FOUNDATION COURSE 8""",,SQ YD,307.00,ne_ndot_english_standard_item_list_2010,true
ne_ndot_version_8029.10_current,ne_ndot_8029.10,,,"AGGREGATE FOUNDATION COURSE-D 4""",,SQ YD,,ne_ndot_english_standard_item_list_2010,true
ne_ndot_version_8029.11_current,ne_ndot_8029.11,,,"AGGREGATE FOUNDATION COURSE-D 5""",,SQ YD,,ne_ndot_english_standard_item_list_2010,true
ne_ndot_version_8029.12_current,ne_ndot_8029.12,,,"AGGREGATE FOUNDATION COURSE-D 6""",,SQ YD,,ne_ndot_english_standard_item_list_2010,true
ne_ndot_version_8029.20_current,ne_ndot_8029.20,,,FOUNDATION COURSE,,STATION,,ne_ndot_english_standard_item_list_2010,true
ne_ndot_version_8029.25_current,ne_ndot_8029.25,,,FOUNDATION COURSE,,SQ YD,,ne_ndot_english_standard_item_list_2010,true
ne_ndot_version_8029.26_current,ne_ndot_8029.26,,,FOUNDATION COURSE,,SQ YD,,ne_ndot_english_standard_item_list_2010,true
ne_ndot_version_8029.27_historical,ne_ndot_8029.27,,,FOUNDATION COURSE,,SY,,ne_ndot_aup_july_june_2018_2019,false
ne_ndot_version_8029.28_current,ne_ndot_8029.28,,,FOUNDATION COURSE,,LIN FT,,ne_ndot_english_standard_item_list_2010,true
ne_ndot_version_8029.75_current,ne_ndot_8029.75,,,BITUMINOUS FOUNDATION COURSE,,SQ YD,307.00,ne_ndot_english_standard_item_list_2010,true
ne_ndot_version_8029.76_current,ne_ndot_8029.76,,,BITUMINOUS FOUNDATION COURSE,,SQ YD,307.00,ne_ndot_english_standard_item_list_2010,true
ne_ndot_version_8029.77_current,ne_ndot_8029.77,,,BITUMINOUS FOUNDATION COURSE,,TON,,ne_ndot_english_standard_item_list_2010,true
ne_ndot_version_8029.78_current,ne_ndot_8029.78,,,BITUMINOUS FOUNDATION COURSE,,TON,,ne_ndot_english_standard_item_list_2010,true
ne_ndot_version_8029.84_current,ne_ndot_8029.84,,,"BITUMINOUS FOUNDATION COURSE 4""",,SQ YD,307.00,ne_ndot_english_standard_item_list_2010,true
ne_ndot_version_8029.85_current,ne_ndot_8029.85,,,"BITUMINOUS FOUNDATION COURSE 5""",,SQ YD,307.00,ne_ndot_english_standard_item_list_2010,true
ne_ndot_version_8029.86_current,ne_ndot_8029.86,,,"BITUMINOUS FOUNDATION COURSE 6""",,SQ YD,307.00,ne_ndot_english_standard_item_list_2010,true
ne_ndot_version_8029.87_current,ne_ndot_8029.87,,,"BITUMINOUS FOUNDATION COURSE 7""",,SQ YD,307.00,ne_ndot_english_standard_item_list_2010,true
ne_ndot_version_8029.88_current,ne_ndot_8029.88,,,"BITUMINOUS FOUNDATION COURSE 8""",,SQ YD,307.00,ne_ndot_english_standard_item_list_2010,true
ne_ndot_version_8029.94_current,ne_ndot_8029.94,,,"BITUMINOUS FOUNDATION COURSE 4""",,SQ YD,307.00,ne_ndot_english_standard_item_list_2010,true
ne_ndot_version_8029.95_current,ne_ndot_8029.95,,,"BITUMINOUS FOUNDATION COURSE 5""",,SQ YD,307.00,ne_ndot_english_standard_item_list_2010,true
ne_ndot_version_8029.96_current,ne_ndot_8029.96,,,"BITUMINOUS FOUNDATION COURSE 5.5""",,SQ YD,307.00,ne_ndot_english_standard_item_list_2010,true
ne_ndot_version_8029.97_current,ne_ndot_8029.97,,,"BITUMINOUS FOUNDATION COURSE 5.5""",,SQ YD,307.00,ne_ndot_english_standard_item_list_2010,true
ne_ndot_version_8029.98_current,ne_ndot_8029.98,,,"BITUMINOUS FOUNDATION COURSE 8""",,SQ YD,307.00,ne_ndot_english_standard_item_list_2010,true
ne_ndot_version_8030.00_current,ne_ndot_8030.00,,,AGGREGATE FOUNDATION COURSE,,TON,307.00,ne_ndot_english_standard_item_list_2010,true
ne_ndot_version_8032.00_current,ne_ndot_8032.00,,,CRUSHED CONCRETE FOUNDATION COURSE,,SQ YD,307.00,ne_ndot_english_standard_item_list_2010,true
ne_ndot_version_8032.01_current,ne_ndot_8032.01,,,"CRUSHED CONCRETE FOUNDATION COURSE 5""",,STATION,,ne_ndot_english_standard_item_list_2010,true
ne_ndot_version_8032.02_current,ne_ndot_8032.02,,,CRUSHED CONCRETE FOUNDATION COURSE,,TON,,ne_ndot_english_standard_item_list_2010,true
ne_ndot_version_8032.04_current,ne_ndot_8032.04,,,"CRUSHED CONCRETE FOUNDATION COURSE 4""",,SQ YD,307.00,ne_ndot_english_standard_item_list_2010,true
ne_ndot_version_8032.05_current,ne_ndot_8032.05,,,"CRUSHED CONCRETE FOUNDATION COURSE 5""",,SQ YD,307.00,ne_ndot_english_standard_item_list_2010,true
ne_ndot_version_8032.06_current,ne_ndot_8032.06,,,"CRUSHED CONCRETE FOUNDATION COURSE 6""",,SQ YD,307.00,ne_ndot_english_standard_item_list_2010,true
ne_ndot_version_8032.08_current,ne_ndot_8032.08,,,"CRUSHED CONCRETE FOUNDATION COURSE 8""",,SQ YD,307.00,ne_ndot_english_standard_item_list_2010,true
ne_ndot_version_8033.00_current,ne_ndot_8033.00,,,MILLED CONCRETE FOUNDATION COURSE,,SQ YD,,ne_ndot_english_standard_item_list_2010,true
ne_ndot_version_8033.05_current,ne_ndot_8033.05,,,MODIFIED SUBBASE,,SQ YD,,ne_ndot_english_standard_item_list_2010,true
ne_ndot_version_8033.06_current,ne_ndot_8033.06,,,MODIFIED SUBBASE,,SQ YD,,ne_ndot_english_standard_item_list_2010,true
ne_ndot_version_8033.25_current,ne_ndot_8033.25,,,INTERMEDIATE FOUNDATION IMPROVEMENTS,,LUMP SUM,,ne_ndot_english_standard_item_list_2010,true
ne_ndot_version_8033.30_current,ne_ndot_8033.30,,,INTERMEDIATE FOUNDATION IMPROVEMENTS VERIFICATION TESTING,,LUMP SUM,,ne_ndot_english_standard_item_list_2010,true
ne_ndot_version_8033.31_historical,ne_ndot_8033.31,,,SPECIAL SIGNAL FOUNDATION,,LS,,ne_ndot_aup_july_june_2018_2019,false
ne_ndot_version_8051.00_current,ne_ndot_8051.00,,,SOIL BINDER,,CU YD,303.00,ne_ndot_english_standard_item_list_2010,true
ne_ndot_version_8052.03_current,ne_ndot_8052.03,,,ARMOR COAT EMULSIFIED ASPHALT,,GALLON,,ne_ndot_english_standard_item_list_2010,true
ne_ndot_version_8060.01_current,ne_ndot_8060.01,,,"GRANULAR SUBDRAIN, TYPE A",,EACH,915.00,ne_ndot_english_standard_item_list_2010,true
ne_ndot_version_8060.02_current,ne_ndot_8060.02,,,"GRANULAR SUBDRAIN, TYPE B",,EACH,915.00,ne_ndot_english_standard_item_list_2010,true
ne_ndot_version_8060.03_current,ne_ndot_8060.03,,,"GRANULAR SUBDRAIN, TYPE C",,EACH,915.00,ne_ndot_english_standard_item_list_2010,true
ne_ndot_version_8060.05_current,ne_ndot_8060.05,,,GRANULAR SUBDRAIN,,EACH,915.00,ne_ndot_english_standard_item_list_2010,true
ne_ndot_version_8060.06_current,ne_ndot_8060.06,,,LONGITUDINAL SUBDRAIN,,LIN FT,,ne_ndot_english_standard_item_list_2010,true
ne_ndot_version_8060.07_current,ne_ndot_8060.07,,,"GRANULAR SUBDRAINS, TYPE G",,EACH,915.00,ne_ndot_english_standard_item_list_2010,true
ne_ndot_version_8060.08_current,ne_ndot_8060.08,,,N-DRAIN,,EACH,,ne_ndot_english_standard_item_list_2010,true
ne_ndot_version_8060.10_current,ne_ndot_8060.10,,,GRANULAR SUB-DRAINS,,LUMP SUM,,ne_ndot_english_standard_item_list_2010,true
ne_ndot_version_8060.15_current,ne_ndot_8060.15,,,SUBDRAIN OUTLET,,EACH,,ne_ndot_english_standard_item_list_2010,true
ne_ndot_version_8069.90_current,ne_ndot_8069.90,,,MINERAL FILLER,,TON,,ne_ndot_english_standard_item_list_2010,true
ne_ndot_version_8070.00_current,ne_ndot_8070.00,,,MINERAL FILLER FROM LOCAL PITS,,CU YD,,ne_ndot_english_standard_item_list_2010,true
ne_ndot_version_8070.05_current,ne_ndot_8070.05,,,MINERAL FILLER FOR MICROSURFACING,,TON,514.00,ne_ndot_english_standard_item_list_2010,true
ne_ndot_version_8070.08_current,ne_ndot_8070.08,,,MINERAL FILLER FOR BITUMINOUS SAND BASE COURSE,,CU YD,509.00,ne_ndot_english_standard_item_list_2010,true
ne_ndot_version_8070.10_current,ne_ndot_8070.10,,,MINERAL AGGREGATE FROM LOCAL PITS,,CU YD,,ne_ndot_english_standard_item_list_2010,true
ne_ndot_version_8070.20_current,ne_ndot_8070.20,,,MINERAL AGGREGATE FOR SLURRY SEAL,,TON,,ne_ndot_english_standard_item_list_2010,true
ne_ndot_version_8070.21_current,ne_ndot_8070.21,,,"MINERAL AGGREGATE FOR SLURRY SEAL, TYPE 1",,TON,,ne_ndot_english_standard_item_list_2010,true
ne_ndot_version_8079.00_current,ne_ndot_8079.00,,,BALLAST,,CU YD,,ne_ndot_english_standard_item_list_2010,true
ne_ndot_version_8079.01_current,ne_ndot_8079.01,,,BALLAST,,TON,,ne_ndot_english_standard_item_list_2010,true
ne_ndot_version_8079.10_current,ne_ndot_8079.10,,,TEMPORARY BALLAST RETAINER,,LIN FT,,ne_ndot_english_standard_item_list_2010,true
ne_ndot_version_8080.00_current,ne_ndot_8080.00,,,SUBBALLAST,,CU YD,,ne_ndot_english_standard_item_list_2010,true
ne_ndot_version_8080.02_current,ne_ndot_8080.02,,,SUBBALLAST,,TON,,ne_ndot_english_standard_item_list_2010,true
ne_ndot_version_8087.00_current,ne_ndot_8087.00,,,GRANULAR DRAINAGE COURSE,,SQ YD,,ne_ndot_english_standard_item_list_2010,true
ne_ndot_version_8089.00_current,ne_ndot_8089.00,,,GRANULAR MATERIAL,,CU YD,,ne_ndot_english_standard_item_list_2010,true
ne_ndot_version_8089.05_current,ne_ndot_8089.05,,,GRANULAR MATERIAL,,TON,,ne_ndot_english_standard_item_list_2010,true
ne_ndot_version_8090.00_current,ne_ndot_8090.00,,,GRANULAR FILL,,CU YD,306.00,ne_ndot_english_standard_item_list_2010,true
ne_ndot_version_8090.01_current,ne_ndot_8090.01,,,GRANULAR FILL,,CU YD,306.00,ne_ndot_english_standard_item_list_2010,true
ne_ndot_version_8090.02_current,ne_ndot_8090.02,,,GRANULAR FILL,,TON,,ne_ndot_english_standard_item_list_2010,true
ne_ndot_version_8090.03_current,ne_ndot_8090.03,,,GRANULAR FILL,,LUMP SUM,,ne_ndot_english_standard_item_list_2010,true
ne_ndot_version_8091.00_current,ne_ndot_8091.00,,,GRANULAR BACKFILL,,CU YD,702.00,ne_ndot_english_standard_item_list_2010,true
ne_ndot_version_8091.03_current,ne_ndot_8091.03,,,SELECT GRANULAR BACKFILL,,CU YD,,ne_ndot_english_standard_item_list_2010,true
ne_ndot_version_8091.10_current,ne_ndot_8091.10,,,GRANULAR BACKFILL,,TON,,ne_ndot_english_standard_item_list_2010,true
ne_ndot_version_8091.15_current,ne_ndot_8091.15,,,LIGHTWEIGHT BACKFILL,,CU YD,,ne_ndot_english_standard_item_list_2010,true
ne_ndot_version_8092.00_current,ne_ndot_8092.00,,,GRANULAR BEDDING,,TON,,ne_ndot_english_standard_item_list_2010,true
ne_ndot_version_8092.01_current,ne_ndot_8092.01,,,GRANULAR BEDDING,,TON,,ne_ndot_english_standard_item_list_2010,true
ne_ndot_version_8092.02_historical,ne_ndot_8092.02,,,CONSTRUCT,,CY,,ne_ndot_aup_july_june_2025_2026,false
ne_ndot_version_8092.03_current,ne_ndot_8092.03,,,AGGREGATE BEDDING,,TON,,ne_ndot_english_standard_item_list_2010,true
ne_ndot_version_8092.04_historical,ne_ndot_8092.04,,,CONSTRUCT AGGREGATE BEDDING,,LF,,ne_ndot_aup_july_june_2025_2026,false
ne_ndot_version_8092.05_historical,ne_ndot_8092.05,,,CONSTRUCT AGGREGATE BEDDING,,LF,,ne_ndot_aup_july_june_2018_2019,false
ne_ndot_version_8092.06_historical,ne_ndot_8092.06,,,CONSTRUCT AGGREGATE BEDDING,,LF,,ne_ndot_aup_july_june_2018_2019,false
ne_ndot_version_8092.07_historical,ne_ndot_8092.07,,,CONSTRUCT AGGREGATE BEDDING,,LF,,ne_ndot_aup_july_june_2018_2019,false
ne_ndot_version_8092.08_historical,ne_ndot_8092.08,,,CONSTRUCT AGGREGATE BEDDING,,LF,,ne_ndot_aup_july_june_2018_2019,false
ne_ndot_version_8092.09_historical,ne_ndot_8092.09,,,CONSTRUCT AGGREGATE BEDDING,,CY,,ne_ndot_aup_july_june_2018_2019,false
ne_ndot_version_8092.10_historical,ne_ndot_8092.10,,,CONSTRUCT AGGREGATE BEDDING,,LF,,ne_ndot_aup_july_june_2018_2019,false
ne_ndot_version_8092.11_historical,ne_ndot_8092.11,,,CONSTRUCT AGGREGATE BEDDING,,LF,,ne_ndot_aup_july_june_2018_2019,false
ne_ndot_version_8092.12_historical,ne_ndot_8092.12,,,CONSTRUCT AGGREGATE BEDDING,,LF,,ne_ndot_aup_july_june_2018_2019,false
ne_ndot_version_8092.13_historical,ne_ndot_8092.13,,,CONSTRUCT AGGREGATE BEDDING,,LF,,ne_ndot_aup_july_june_2018_2019,false
ne_ndot_version_8092.14_historical,ne_ndot_8092.14,,,CONSTRUCT AGGREGATE BEDDING,,LF,,ne_ndot_aup_july_june_2018_2019,false
ne_ndot_version_8092.15_historical,ne_ndot_8092.15,,,CONSTRUCT AGGREGATE BEDDING,,CY,,ne_ndot_aup_july_june_2018_2019,false
ne_ndot_version_8092.16_historical,ne_ndot_8092.16,,,AGGREGATE BEDDING,,CY,,ne_ndot_aup_calendar_2020,false
ne_ndot_version_8092.50_current,ne_ndot_8092.50,,,GRANULAR BEDDING,,CU YD,,ne_ndot_english_standard_item_list_2010,true
ne_ndot_version_8092.52_current,ne_ndot_8092.52,,,GRANULAR BEDDING,,CU YD,,ne_ndot_english_standard_item_list_2010,true
ne_ndot_version_8092.60_current,ne_ndot_8092.60,,,CLASS B BEDDING,,LIN FT,,ne_ndot_english_standard_item_list_2010,true
ne_ndot_version_8092.65_current,ne_ndot_8092.65,,,CLASS B BEDDING,,CU YD,,ne_ndot_english_standard_item_list_2010,true
ne_ndot_version_8092.75_historical,ne_ndot_8092.75,,,"PIPE EMBEDMENT DETAIL FOR POOR SOIL CONDITIONS FOR 24"" WATER MAIN INSTALLATION",,LF,,ne_ndot_aup_calendar_2018,false
ne_ndot_version_8093.00_current,ne_ndot_8093.00,,,SAND BLANKET,,CU YD,,ne_ndot_english_standard_item_list_2010,true
ne_ndot_version_8093.01_current,ne_ndot_8093.01,,,FILTER BLANKET,,TON,,ne_ndot_english_standard_item_list_2010,true
ne_ndot_version_8093.03_historical,ne_ndot_8093.03,,,WORKING BLANKET,,TON,,ne_ndot_aup_july_june_2020_2021,false
ne_ndot_version_8094.00_current,ne_ndot_8094.00,,,GRANULAR EMBEDMENT,,STATION,,ne_ndot_english_standard_item_list_2010,true
ne_ndot_version_8094.10_current,ne_ndot_8094.10,,,GRANULAR EMBEDMENT,,SQ YD,,ne_ndot_english_standard_item_list_2010,true
ne_ndot_version_8094.20_current,ne_ndot_8094.20,,,CRUSHED CONCRETE EMBEDMENT,,STATION,,ne_ndot_english_standard_item_list_2010,true
ne_ndot_version_8094.21_current,ne_ndot_8094.21,,,CRUSHED CONCRETE EMBEDMENT,,SQ YD,,ne_ndot_english_standard_item_list_2010,true
ne_ndot_version_8094.25_current,ne_ndot_8094.25,,,BINDER EMBEDMENT,,STATION,,ne_ndot_english_standard_item_list_2010,true
ne_ndot_version_8101.00_current,ne_ndot_8101.00,,,SUBGRADE STABILIZATION,,STATION,303.00,ne_ndot_english_standard_item_list_2010,true
ne_ndot_version_8101.01_current,ne_ndot_8101.01,,,SUBGRADE STABILIZATION,,STATION,303.00,ne_ndot_english_standard_item_list_2010,true
ne_ndot_version_8101.35_historical,ne_ndot_8101.35,,,GROUND IMPROVEMENT,,SF,,ne_ndot_aup_july_june_2025_2026,false
ne_ndot_version_8101.39_historical,ne_ndot_8101.39,,,SUBGRADE STABILIZATION,,CY,,ne_ndot_aup_calendar_2022,false
ne_ndot_version_8101.40_current,ne_ndot_8101.40,,,SUBGRADE STABILIZATION,,SQ YD,,ne_ndot_english_standard_item_list_2010,true
ne_ndot_version_8101.49_current,ne_ndot_8101.49,,,STABILIZED SUBGRADE,,STATION,,ne_ndot_english_standard_item_list_2010,true
ne_ndot_version_8101.50_current,ne_ndot_8101.50,,,STABILIZED SUBGRADE,,SQ YD,,ne_ndot_english_standard_item_list_2010,true
ne_ndot_version_8101.51_current,ne_ndot_8101.51,,,WATER FOR STABILIZED SUBGRADE,,M GAL,,ne_ndot_english_standard_item_list_2010,true
ne_ndot_version_8101.52_current,ne_ndot_8101.52,,,STABILIZED SUBGRADE,,SQ YD,,ne_ndot_english_standard_item_list_2010,true
ne_ndot_version_8101.55_historical,ne_ndot_8101.55,,,STABILIZED SUBGRADE TYPE FLY ASH,,SY,,ne_ndot_aup_july_june_2024_2025,false
ne_ndot_version_8110.10_current,ne_ndot_8110.10,,,SHOULDER SUBGRADE STABILIZATION,,STATION,,ne_ndot_english_standard_item_list_2010,true
ne_ndot_version_8110.20_current,ne_ndot_8110.20,,,SHOULDER SUBGRADE STABILIZATION,,SQ YD,,ne_ndot_english_standard_item_list_2010,true
ne_ndot_version_8110.50_current,ne_ndot_8110.50,,,HYDRATED LIME SLURRY STABILIZATION,,STATION,,ne_ndot_english_standard_item_list_2010,true
ne_ndot_version_8110.51_current,ne_ndot_8110.51,,,HYDRATED LIME SLURRY STABILIZATION,,LUMP SUM,,ne_ndot_english_standard_item_list_2010,true
ne_ndot_version_8111.00_current,ne_ndot_8111.00,,,SHOULDER SUBGRADE PREPARATION,,STATION,302.00,ne_ndot_english_standard_item_list_2010,true
ne_ndot_version_8111.01_current,ne_ndot_8111.01,,,SHOULDER SUBGRADE PREPARATION,,STATION,302.00,ne_ndot_english_standard_item_list_2010,true
ne_ndot_version_8111.20_current,ne_ndot_8111.20,,,SHOULDER SUBGRADE PREPARATION,,SQ YD,302.00,ne_ndot_english_standard_item_list_2010,true
ne_ndot_version_8111.50_current,ne_ndot_8111.50,,,SHOULDER SUBGRADE RECONSTRUCTION,,SQ YD,,ne_ndot_english_standard_item_list_2010,true
ne_ndot_version_9000.01_current,ne_ndot_9000.01,,,ASPHALTIC CONCRETE,,TON,,ne_ndot_english_standard_item_list_2010,true
ne_ndot_version_9000.25_current,ne_ndot_9000.25,,,ASPHALTIC CONCRETE FOR SWALE CORRECTION,,TON,,ne_ndot_english_standard_item_list_2010,true
ne_ndot_version_9000.50_current,ne_ndot_9000.50,,,ASPHALTIC CONCRETE FOR TEMPORARY SURFACING,,TON,,ne_ndot_english_standard_item_list_2010,true
ne_ndot_version_9000.73_current,ne_ndot_9000.73,,,"ASPHALTIC CONCRETE FOR STATE MAINTENANCE PATCHING, TYPE",,TON,507.00,ne_ndot_english_standard_item_list_2010,true
ne_ndot_version_9000.74_current,ne_ndot_9000.74,,,"ASPHALTIC CONCRETE FOR STATE MAINTENANCE PATCHING, TYPE",,TON,507.00,ne_ndot_english_standard_item_list_2010,true
ne_ndot_version_9000.75_current,ne_ndot_9000.75,,,"ASPHALTIC CONCRETE FOR STATE MAINTENANCE PATCHING, TYPE",,TON,507.00,ne_ndot_english_standard_item_list_2010,true
ne_ndot_version_9001.90_current,ne_ndot_9001.90,,,ULTRATHIN BONDED ASPHALT WEARING COURSE,,TON,,ne_ndot_english_standard_item_list_2010,true
ne_ndot_version_9001.95_current,ne_ndot_9001.95,,,"ASPHALTIC CONCRETE, TYPE 5/8-INCH",,TON,,ne_ndot_english_standard_item_list_2010,true
ne_ndot_version_9001.96_current,ne_ndot_9001.96,,,"ASPHALTIC CONCRETE, TYPE SURFACE COURSE 5/8-INCH MIX",,TON,,ne_ndot_english_standard_item_list_2010,true
ne_ndot_version_9002.04_historical,ne_ndot_9002.04,,,"ASPHALTIC CONCRETE FOR STATE MAINTENANCE PATCHING, TYPE SRM",,TON,,ne_ndot_aup_july_june_2025_2026,false
ne_ndot_version_9002.05_historical,ne_ndot_9002.05,,,"ASPHALTIC CONC FOR STATE MAINT PATCHING, TYPE SPH (0.5)",,TON,,ne_ndot_aup_july_june_2018_2019,false
ne_ndot_version_9002.07_historical,ne_ndot_9002.07,,,"ASPHALTIC CONCRETE FOR STATE MAINTENANCE PATCHING, TYPE SLX SUPER",,TON,,ne_ndot_aup_july_june_2025_2026,false
ne_ndot_version_9002.09_historical,ne_ndot_9002.09,,,"ASPHALTIC CONCRETE FOR STATE MAINTENANCE PATCHING, TYPE SLX",,TON,,ne_ndot_aup_july_june_2025_2026,false
ne_ndot_version_9002.10_historical,ne_ndot_9002.10,,,"ASPHALTIC CONCRETE FOR STATE MAINTENANCE PATCHING, TYPE SPR",,TON,,ne_ndot_aup_july_june_2025_2026,false
ne_ndot_version_9002.12_historical,ne_ndot_9002.12,,,"ASPHALTIC CONCRETE FOR STATE MAINTENANCE PATCHING, TYPE SPS",,TON,,ne_ndot_aup_july_june_2025_2026,false
ne_ndot_version_9002.14_historical,ne_ndot_9002.14,,,"ASPHALTIC CONCRETE FOR STATE MAINTENANCE PATCHING, TYPE SPH",,TON,,ne_ndot_aup_july_june_2020_2021,false
ne_ndot_version_9002.16_historical,ne_ndot_9002.16,,,"ASPHALTIC CONCRETE FOR STATE MAINTENANCE PATCHING, TYPE SPH (0.375)",,TON,,ne_ndot_aup_july_june_2017_2018,false
ne_ndot_version_9003.15_current,ne_ndot_9003.15,,,"ASPHALTIC CONCRETE, TYPE CMM",,TON,,ne_ndot_english_standard_item_list_2010,true
ne_ndot_version_9003.17_current,ne_ndot_9003.17,,,"ASPHALTIC CONCRETE, TYPE FMM",,TON,,ne_ndot_english_standard_item_list_2010,true
ne_ndot_version_9003.40_current,ne_ndot_9003.40,,,"ASPHALTIC CONCRETE, TYPE GGCRMLV",,TON,,ne_ndot_english_standard_item_list_2010,true
ne_ndot_version_9003.45_current,ne_ndot_9003.45,,,"ASPHALTIC CONCRETE, TYPE GGCRM",,TON,,ne_ndot_english_standard_item_list_2010,true
ne_ndot_version_9003.50_current,ne_ndot_9003.50,,,"ASPHALTIC CONCRETE, TYPE HMR",,TON,507.00,ne_ndot_english_standard_item_list_2010,true
ne_ndot_version_9004.55_current,ne_ndot_9004.55,,,"ASPHALTIC CONCRETE, TYPE SURFACE",,TON,,ne_ndot_english_standard_item_list_2010,true
ne_ndot_version_9004.58_current,ne_ndot_9004.58,,,"ASPHALTIC CONCRETE, TYPE BASE",,TON,,ne_ndot_english_standard_item_list_2010,true
ne_ndot_version_9004.65_current,ne_ndot_9004.65,,,"ASPHALTIC CONCRETE, TYPE OGFC",,TON,,ne_ndot_english_standard_item_list_2010,true
ne_ndot_version_9004.88_current,ne_ndot_9004.88,,,COLD IN-PLACE RECYCLING,,STATION,,ne_ndot_english_standard_item_list_2010,true
ne_ndot_version_9004.89_current,ne_ndot_9004.89,,,COLD IN-PLACE RECYCLING,,STATION,,ne_ndot_english_standard_item_list_2010,true
ne_ndot_version_9004.90_current,ne_ndot_9004.90,,,COLD IN-PLACE RECYCLING,,SQ YD,,ne_ndot_english_standard_item_list_2010,true
ne_ndot_version_9004.91_current,ne_ndot_9004.91,,,HOT IN-PLACE RECYCLING,,STATION,,ne_ndot_english_standard_item_list_2010,true
ne_ndot_version_9004.92_current,ne_ndot_9004.92,,,HOT IN-PLACE RECYCLING,,SQ YD,,ne_ndot_english_standard_item_list_2010,true
ne_ndot_version_9004.93_current,ne_ndot_9004.93,,,HOT IN-PLACE RECYCLING,,STATION,,ne_ndot_english_standard_item_list_2010,true
ne_ndot_version_9005.00_current,ne_ndot_9005.00,,,"ASPHALTIC CONCRETE FOR PATCHING, TYPE",,TON,516.00,ne_ndot_english_standard_item_list_2010,true
ne_ndot_version_9005.01_current,ne_ndot_9005.01,,,"ASPHALTIC CONCRETE FOR PATCHING, TYPE",,TON,516.00,ne_ndot_english_standard_item_list_2010,true
ne_ndot_version_9005.03_current,ne_ndot_9005.03,,,"ASPHALTIC CONCRETE FOR PATCHING, TYPE",,TON,516.00,ne_ndot_english_standard_item_list_2010,true
ne_ndot_version_9005.04_current,ne_ndot_9005.04,,,ASPHALTIC CONCRETE FOR PATCHING,,TON,,ne_ndot_english_standard_item_list_2010,true
ne_ndot_version_9005.10_current,ne_ndot_9005.10,,,ASPHALTIC CONCRETE BIKEWAY,,TON,,ne_ndot_english_standard_item_list_2010,true
ne_ndot_version_9005.21_current,ne_ndot_9005.21,,,PATCHING BITUMINOUS SAND,,SQ YD,,ne_ndot_english_standard_item_list_2010,true
ne_ndot_version_9005.23_current,ne_ndot_9005.23,,,"ASPHALTIC CONCRETE, TYPE SPS",,TON,503.00,ne_ndot_english_standard_item_list_2010,true
ne_ndot_version_9005.24_current,ne_ndot_9005.24,,,"ASPHALTIC CONCRETE, TYPE SPL",,TON,503.00,ne_ndot_english_standard_item_list_2010,true
ne_ndot_version_9005.25_current,ne_ndot_9005.25,,,"ASPHALTIC CONCRETE, TYPE SP1(0.5)",,TON,,ne_ndot_english_standard_item_list_2010,true
ne_ndot_version_9005.26_current,ne_ndot_9005.26,,,"ASPHALTIC CONCRETE, TYPE SP1(0.375)",,TON,,ne_ndot_english_standard_item_list_2010,true
ne_ndot_version_9005.27_current,ne_ndot_9005.27,,,"ASPHALTIC CONCRETE, TYPE SP1(0.75)",,TON,,ne_ndot_english_standard_item_list_2010,true
ne_ndot_version_9005.30_current,ne_ndot_9005.30,,,"ASPHALTIC CONCRETE, TYPE SP2(0.5)",,TON,,ne_ndot_english_standard_item_list_2010,true
ne_ndot_version_9005.31_current,ne_ndot_9005.31,,,"ASPHALTIC CONCRETE, TYPE SP2(0.375)",,TON,,ne_ndot_english_standard_item_list_2010,true
ne_ndot_version_9005.34_current,ne_ndot_9005.34,,,"ASPHALTIC CONCRETE, TYPE SP3(0.375)",,TON,,ne_ndot_english_standard_item_list_2010,true
ne_ndot_version_9005.35_current,ne_ndot_9005.35,,,"ASPHALTIC CONCRETE, TYPE SP3(0.5)",,TON,,ne_ndot_english_standard_item_list_2010,true
ne_ndot_version_9005.43_current,ne_ndot_9005.43,,,"ASPHALTIC CONCRETE, TYPE SP4(0.19)",,TON,,ne_ndot_english_standard_item_list_2010,true
ne_ndot_version_9005.44_current,ne_ndot_9005.44,,,"ASPHALTIC CONCRETE, TYPE SP4(0.375)",,TON,503.00,ne_ndot_english_standard_item_list_2010,true
ne_ndot_version_9005.45_current,ne_ndot_9005.45,,,"ASPHALTIC CONCRETE, TYPE SP4(0.5)",,TON,503.00,ne_ndot_english_standard_item_list_2010,true
ne_ndot_version_9005.46_current,ne_ndot_9005.46,,,"ASPHALTIC CONCRETE, TYPE SP4(0.5)",,TON,,ne_ndot_english_standard_item_list_2010,true
ne_ndot_version_9005.50_current,ne_ndot_9005.50,,,"ASPHALTIC CONCRETE, TYPE SP4 SPECIAL(0.375)",,TON,,ne_ndot_english_standard_item_list_2010,true
ne_ndot_version_9005.51_current,ne_ndot_9005.51,,,"ASPHALTIC CONCRETE, TYPE SP4 SPECIAL(0.5)",,TON,,ne_ndot_english_standard_item_list_2010,true
ne_ndot_version_9005.55_current,ne_ndot_9005.55,,,"ASPHALTIC CONCRETE, TYPE SP5(0.5)",,TON,503.00,ne_ndot_english_standard_item_list_2010,true
ne_ndot_version_9005.56_current,ne_ndot_9005.56,,,"ASPHALTIC CONCRETE, TYPE SP5(0.75)",,TON,,ne_ndot_english_standard_item_list_2010,true
ne_ndot_version_9005.57_current,ne_ndot_9005.57,,,"ASPHALTIC CONCRETE, TYPE SP5(0.375)",,TON,503.00,ne_ndot_english_standard_item_list_2010,true
ne_ndot_version_9005.58_current,ne_ndot_9005.58,,,"ASPHALTIC CONCRETE, TYPE SP5(0.19)",,TON,,ne_ndot_english_standard_item_list_2010,true
ne_ndot_version_9005.60_current,ne_ndot_9005.60,,,"ASPHALTIC CONCRETE, TYPE SP0(0.5)",,TON,,ne_ndot_english_standard_item_list_2010,true
ne_ndot_version_9005.64_current,ne_ndot_9005.64,,,"ASPHALTIC CONCRETE, TYPE SP6(0.375)",,TON,,ne_ndot_english_standard_item_list_2010,true
ne_ndot_version_9005.65_current,ne_ndot_9005.65,,,"ASPHALTIC CONCRETE, TYPE SP6(0.5)",,TON,,ne_ndot_english_standard_item_list_2010,true
ne_ndot_version_9005.66_current,ne_ndot_9005.66,,,"ASPHALTIC CONCRETE, TYPE OGFC-CRM",,TON,,ne_ndot_english_standard_item_list_2010,true
ne_ndot_version_9005.69_current,ne_ndot_9005.69,,,"ASPHALTIC CONCRETE, TYPE RLC",,TON,,ne_ndot_english_standard_item_list_2010,true
ne_ndot_version_9005.70_current,ne_ndot_9005.70,,,"ASPHALTIC CONCRETE, TYPE LC",,TON,,ne_ndot_english_standard_item_list_2010,true
ne_ndot_version_9005.71_historical,ne_ndot_9005.71,,,"ASPHALTIC CONCRETE, TYPE SLX",,TON,,ne_ndot_aup_july_june_2025_2026,false
ne_ndot_version_9005.72_historical,ne_ndot_9005.72,,,"ASPHALTIC CONCRETE, TYPE LC-S",,TON,,ne_ndot_aup_july_june_2025_2026,false
ne_ndot_version_9005.73_historical,ne_ndot_9005.73,,,"ASPHALTIC CONCRETE, TYPE SLX SUPER MOD",,TON,,ne_ndot_aup_july_june_2025_2026,false
ne_ndot_version_9005.75_current,ne_ndot_9005.75,,,"ASPHALTIC CONCRETE, TYPE SPR",,TON,,ne_ndot_english_standard_item_list_2010,true
ne_ndot_version_9005.76_historical,ne_ndot_9005.76,,,"ASPHALTIC CONCRETE, TYPE SPR (FINE)",,TON,,ne_ndot_aup_july_june_2018_2019,false
ne_ndot_version_9005.78_historical,ne_ndot_9005.78,,,"ASPHALTIC CONCRETE, TYPE HPS4",,TON,,ne_ndot_aup_july_june_2025_2026,false
ne_ndot_version_9005.82_historical,ne_ndot_9005.82,,,"ASPHALTIC CONCRETE, TYPE SPH",,TON,,ne_ndot_aup_calendar_2025,false
ne_ndot_version_9005.83_historical,ne_ndot_9005.83,,,"ASPHALTIC CONCRETE, TYPE SPH(0.375)",,TON,,ne_ndot_aup_calendar_2023,false
ne_ndot_version_9005.85_current,ne_ndot_9005.85,,,HIGH RAP BASE,,TON,,ne_ndot_english_standard_item_list_2010,true
ne_ndot_version_9005.87_historical,ne_ndot_9005.87,,,"ASPHALTIC CONCRETE, TYPE SRM",,TON,,ne_ndot_aup_july_june_2025_2026,false
ne_ndot_version_9005.90_historical,ne_ndot_9005.90,,,"ASPHALTIC CONCRETE, TYPE SPH (0.5)",,TON,,ne_ndot_aup_july_june_2018_2019,false
ne_ndot_version_9009.00_current,ne_ndot_9009.00,,,PLACEMENT OF ASPHALTIC CONCRETE FOR DRIVEWAYS AND,,SQ YD,503.00,ne_ndot_english_standard_item_list_2010,true
ne_ndot_version_9009.10_current,ne_ndot_9009.10,,,PLACEMENT OF ASPHALTIC CONCRETE FOR DITCH LINER,,SQ YD,,ne_ndot_english_standard_item_list_2010,true
ne_ndot_version_9009.15_current,ne_ndot_9009.15,,,MICROSURFACING PLACEMENT,,STATION,,ne_ndot_english_standard_item_list_2010,true
ne_ndot_version_9009.17_current,ne_ndot_9009.17,,,MICROSURFACING PLACEMENT,,LIN FT,,ne_ndot_english_standard_item_list_2010,true
ne_ndot_version_9009.70_current,ne_ndot_9009.70,,,PATCHING,,TON,,ne_ndot_english_standard_item_list_2010,true
ne_ndot_version_9009.71_historical,ne_ndot_9009.71,,,TEMPORARY SIDEWALK,,SY,,ne_ndot_aup_july_june_2025_2026,false
ne_ndot_version_9009.72_current,ne_ndot_9009.72,,,PATCHING,,SQ YD,,ne_ndot_english_standard_item_list_2010,true
ne_ndot_version_9009.73_current,ne_ndot_9009.73,,,TEMPORARY ASPHALT SURFACING,,SQ YD,,ne_ndot_english_standard_item_list_2010,true
ne_ndot_version_9009.75_current,ne_ndot_9009.75,,,TEMPORARY SURFACING,,SQ YD,,ne_ndot_english_standard_item_list_2010,true
ne_ndot_version_9009.76_current,ne_ndot_9009.76,,,TEMPORARY SURFACING,,CU YD,,ne_ndot_english_standard_item_list_2010,true
ne_ndot_version_9009.77_current,ne_ndot_9009.77,,,TEMPORARY SURFACING,,TON,,ne_ndot_english_standard_item_list_2010,true
ne_ndot_version_9009.78_current,ne_ndot_9009.78,,,TEMPORARY SURFACING,,SQ YD,,ne_ndot_english_standard_item_list_2010,true
ne_ndot_version_9009.79_current,ne_ndot_9009.79,,,TEMPORARY SURFACING,,SQ YD,,ne_ndot_english_standard_item_list_2010,true
ne_ndot_version_9009.80_historical,ne_ndot_9009.80,,,TEMPORARY CURB RAMP,,EACH,,ne_ndot_aup_july_june_2025_2026,false
ne_ndot_version_9009.82_historical,ne_ndot_9009.82,,,"SURFACING 7""",,SY,,ne_ndot_aup_calendar_2023,false
ne_ndot_version_9009.83_historical,ne_ndot_9009.83,,,"SURFACING 4""",,SY,,ne_ndot_aup_july_june_2022_2023,false
ne_ndot_version_9009.84_historical,ne_ndot_9009.84,,,"SURFACING 11""",,SY,,ne_ndot_aup_july_june_2024_2025,false
ne_ndot_version_9009.85_historical,ne_ndot_9009.85,,,"SURFACING 12""",,SY,,ne_ndot_aup_july_june_2025_2026,false
ne_ndot_version_9009.86_current,ne_ndot_9009.86,,,"SURFACING 6""",,SQ YD,,ne_ndot_english_standard_item_list_2010,true
ne_ndot_version_9009.87_current,ne_ndot_9009.87,,,"SURFACING 8""",,SQ YD,,ne_ndot_english_standard_item_list_2010,true
ne_ndot_version_9009.88_current,ne_ndot_9009.88,,,"SURFACING 10""",,SQ YD,,ne_ndot_english_standard_item_list_2010,true
ne_ndot_version_9009.89_current,ne_ndot_9009.89,,,"SURFACING 9""",,SQ YD,,ne_ndot_english_standard_item_list_2010,true
ne_ndot_version_9009.90_current,ne_ndot_9009.90,,,"4"" ASPHALTIC CONCRETE BIKEWAY",,SQ YD,,ne_ndot_english_standard_item_list_2010,true
ne_ndot_version_9009.91_historical,ne_ndot_9009.91,,,SURFACING,,SY,,ne_ndot_aup_july_june_2024_2025,false
ne_ndot_version_9010.48_historical,ne_ndot_9010.48,,,"ASPHALTIC CONCRETE FOR PATCHING, TYPE SLX SUPER MOD",,TON,,ne_ndot_aup_july_june_2025_2026,false
ne_ndot_version_9010.49_historical,ne_ndot_9010.49,,,"ASPHALTIC CONCRETE FOR PATCHING, TYPE SLX",,TON,,ne_ndot_aup_july_june_2025_2026,false
ne_ndot_version_9010.50_historical,ne_ndot_9010.50,,,"ASPHALTIC CONCRETE FOR PATCHING, TYPE SPR",,TON,,ne_ndot_aup_july_june_2025_2026,false
ne_ndot_version_9010.51_historical,ne_ndot_9010.51,,,"ASPHALTIC CONCRETE FOR PATCHING, TYPE SPS",,TON,,ne_ndot_aup_july_june_2025_2026,false
ne_ndot_version_9010.54_historical,ne_ndot_9010.54,,,"ASPHALTIC CONCRETE FOR PATCHING, TYPE LC",,TON,,ne_ndot_aup_july_june_2019_2020,false
ne_ndot_version_9010.56_historical,ne_ndot_9010.56,,,"ASPHALTIC CONCRETE FOR PATCHING, TYPE SPH",,TON,,ne_ndot_aup_calendar_2022,false
ne_ndot_version_9010.58_historical,ne_ndot_9010.58,,,"ASPHALTIC CONCRETE FOR PATCHING, TYPE SPH (0.5)",,TON,,ne_ndot_aup_july_june_2018_2019,false
ne_ndot_version_9010.59_historical,ne_ndot_9010.59,,,"ASPHALTIC CONCRETE FOR PATCHING, TYPE SPH (0.375)",,TON,,ne_ndot_aup_calendar_2023,false
ne_ndot_version_9010.68_historical,ne_ndot_9010.68,,,"ASPHALTIC CONCRETE FOR PATCHING, TYPE SRM",,TON,,ne_ndot_aup_july_june_2025_2026,false
ne_ndot_version_9020.70_current,ne_ndot_9020.70,,,ASPHALT-RUBBER BINDER,,TON,,ne_ndot_english_standard_item_list_2010,true
ne_ndot_version_9020.71_current,ne_ndot_9020.71,,,GTR & TOR FOR ASPHALT MIXTURES,,POUND,,ne_ndot_english_standard_item_list_2010,true
ne_ndot_version_9020.75_current,ne_ndot_9020.75,,,REJUVENATING AGENT,,TON,,ne_ndot_english_standard_item_list_2010,true
ne_ndot_version_9020.84_historical,ne_ndot_9020.84,,,PERFORMANCE GRADED BINDER (58E-34) FOR STATE MAINTENANCE PATCHING,,TON,,ne_ndot_aup_july_june_2025_2026,false
ne_ndot_version_9020.85_current,ne_ndot_9020.85,,,ASPHALT-RUBBER BINDER FOR STATE MAINTENANCE PATCHING,,TON,,ne_ndot_english_standard_item_list_2010,true
ne_ndot_version_9020.86_historical,ne_ndot_9020.86,,,PERFORMANCE GRADED BINDER (58H-34) FOR STATE MAINTENANCE PATCHING,,TON,,ne_ndot_aup_july_june_2025_2026,false
ne_ndot_version_9020.87_historical,ne_ndot_9020.87,,,PERFORMANCE GRADED BINDER (58V-34) FOR STATE MAINTENANCE PATCHING,,TON,,ne_ndot_aup_july_june_2025_2026,false
ne_ndot_version_9020.88_historical,ne_ndot_9020.88,,,PERFORMANCE GRADED BINDER (58S-34) FOR STATE MAINTENANCE PATCHING,,TON,,ne_ndot_aup_july_june_2025_2026,false
ne_ndot_version_9020.89_current,ne_ndot_9020.89,,,PERFORMANCE GRADED BINDER (52-34) FOR STATE MAINTENANCE PATCHING,,TON,,ne_ndot_english_standard_item_list_2010,true
ne_ndot_version_9020.90_current,ne_ndot_9020.90,,,PERFORMANCE GRADED BINDER (58-22) FOR STATE MAINTENANCE PATCHING,,TON,,ne_ndot_english_standard_item_list_2010,true
ne_ndot_version_9020.91_current,ne_ndot_9020.91,,,PERFORMANCE GRADED BINDER (64-22) FOR STATE MAINTENANCE PATCHING,,TON,,ne_ndot_english_standard_item_list_2010,true
ne_ndot_version_9020.92_current,ne_ndot_9020.92,,,PERFORMANCE GRADED BINDER (58-28) FOR STATE MAINTENANCE PATCHING,,TON,,ne_ndot_english_standard_item_list_2010,true
ne_ndot_version_9020.93_current,ne_ndot_9020.93,,,PERFORMANCE GRADED BINDER (58-34) FOR STATE MAINTENANCE PATCHING,,TON,,ne_ndot_english_standard_item_list_2010,true
ne_ndot_version_9020.94_current,ne_ndot_9020.94,,,PERFORMANCE GRADED BINDER (64-28) FOR STATE MAINTENANCE PATCHING,,TON,,ne_ndot_english_standard_item_list_2010,true
ne_ndot_version_9020.95_current,ne_ndot_9020.95,,,PERFORMANCE GRADED BINDER (64-34) FOR STATE MAINTENANCE PATCHING,,TON,,ne_ndot_english_standard_item_list_2010,true
ne_ndot_version_9020.96_current,ne_ndot_9020.96,,,PERFORMANCE GRADED BINDER (70-28) FOR STATE MAINTENANCE PATCHING,,TON,,ne_ndot_english_standard_item_list_2010,true
ne_ndot_version_9020.97_current,ne_ndot_9020.97,,,PERFORMANCE GRADED BINDER (70-34) FOR STATE MAINTENANCE PATCHING,,TON,,ne_ndot_english_standard_item_list_2010,true
ne_ndot_version_9020.98_current,ne_ndot_9020.98,,,PERFORMANCE GRADED BINDER SPR FOR STATE MAINTENANCE PATCHING,,TON,,ne_ndot_english_standard_item_list_2010,true
ne_ndot_version_9020.99_current,ne_ndot_9020.99,,,TERMINAL BLENDED CRUMB RUBBER BINDER FOR STATE MAINTENANCE PATCHING,,TON,,ne_ndot_english_standard_item_list_2010,true
ne_ndot_version_9021.00_current,ne_ndot_9021.00,,,PERFORMANCE GRADED BINDER (58-22),,TON,,ne_ndot_english_standard_item_list_2010,true
ne_ndot_version_9021.01_current,ne_ndot_9021.01,,,PERFORMANCE GRADED BINDER (64-22),,TON,,ne_ndot_english_standard_item_list_2010,true
ne_ndot_version_9021.02_current,ne_ndot_9021.02,,,PERFORMANCE GRADED BINDER (70-22),,TON,,ne_ndot_english_standard_item_list_2010,true
ne_ndot_version_9021.03_current,ne_ndot_9021.03,,,PERFORMANCE GRADED BINDER (58-28),,TON,,ne_ndot_english_standard_item_list_2010,true
ne_ndot_version_9021.04_current,ne_ndot_9021.04,,,PERFORMANCE GRADED BINDER (70-28),,TON,,ne_ndot_english_standard_item_list_2010,true
ne_ndot_version_9021.05_current,ne_ndot_9021.05,,,PERFORMANCE GRADED BINDER (58-34),,TON,,ne_ndot_english_standard_item_list_2010,true
ne_ndot_version_9021.06_current,ne_ndot_9021.06,,,PERFORMANCE GRADED BINDER (70-34),,TON,,ne_ndot_english_standard_item_list_2010,true
ne_ndot_version_9021.07_current,ne_ndot_9021.07,,,PERFORMANCE GRADED BINDER (76-28),,TON,,ne_ndot_english_standard_item_list_2010,true
ne_ndot_version_9021.08_current,ne_ndot_9021.08,,,PERFORMANCE GRADED BINDER (64-28),,TON,,ne_ndot_english_standard_item_list_2010,true
ne_ndot_version_9021.10_current,ne_ndot_9021.10,,,PERFORMANCE GRADED BINDER (64-22),,TON,,ne_ndot_english_standard_item_list_2010,true
ne_ndot_version_9021.11_current,ne_ndot_9021.11,,,PERFORMANCE GRADED BINDER (70-16),,TON,,ne_ndot_english_standard_item_list_2010,true
ne_ndot_version_9021.12_current,ne_ndot_9021.12,,,PERFORMANCE GRADED BINDER (52-34),,TON,,ne_ndot_english_standard_item_list_2010,true
ne_ndot_version_9021.13_current,ne_ndot_9021.13,,,PERFORMANCE GRADED BINDER (64-34),,TON,,ne_ndot_english_standard_item_list_2010,true
ne_ndot_version_9021.14_current,ne_ndot_9021.14,,,TERMINAL BLENDED CRUMB RUBBER BINDER,,TON,,ne_ndot_english_standard_item_list_2010,true
ne_ndot_version_9021.15_current,ne_ndot_9021.15,,,PERFORMANCE GRADED BINDER FOR SPR,,TON,,ne_ndot_english_standard_item_list_2010,true
ne_ndot_version_9021.16_historical,ne_ndot_9021.16,,,PERFORMANCE GRADED BINDER (58V-34),,TON,,ne_ndot_aup_july_june_2025_2026,false
ne_ndot_version_9021.17_historical,ne_ndot_9021.17,,,PERFORMANCE GRADED BINDER (58H-34),,TON,,ne_ndot_aup_july_june_2025_2026,false
ne_ndot_version_9021.18_historical,ne_ndot_9021.18,,,PERFORMANCE GRADED BINDER (58S-34),,TON,,ne_ndot_aup_july_june_2025_2026,false
ne_ndot_version_9021.19_historical,ne_ndot_9021.19,,,PERFORMANCE GRADED BINDER (58E-34),,TON,,ne_ndot_aup_july_june_2025_2026,false
ne_ndot_version_9021.20_current,ne_ndot_9021.20,,,PERFORMANCE GRADED BINDER,,GALLON,,ne_ndot_english_standard_item_list_2010,true
ne_ndot_version_9021.30_current,ne_ndot_9021.30,,,PPA MODIFIED PERFORMANCE GRADED BINDER (64-28),,TON,,ne_ndot_english_standard_item_list_2010,true
ne_ndot_version_9021.32_current,ne_ndot_9021.32,,,GTR MODIFIED PERFORMANCE GRADED BINDER (70-28),,TON,,ne_ndot_english_standard_item_list_2010,true
ne_ndot_version_9021.99_current,ne_ndot_9021.99,,,PERFORMANCE GRADED BINDER PRICE REDUCTION,,LUMP SUM,,ne_ndot_english_standard_item_list_2010,true
ne_ndot_version_9022.00_current,ne_ndot_9022.00,,,ANTI-STRIPPING ADDITIVE,,GALLON,,ne_ndot_english_standard_item_list_2010,true
ne_ndot_version_9022.01_current,ne_ndot_9022.01,,,ANTI-STRIPPING ADDITIVE,,TON,,ne_ndot_english_standard_item_list_2010,true
ne_ndot_version_9029.00_current,ne_ndot_9029.00,,,CONSTRUCTING ASPHALTIC CONCRETE SPEED BUMP,,LIN FT,,ne_ndot_english_standard_item_list_2010,true
ne_ndot_version_9029.05_historical,ne_ndot_9029.05,,,SPEED HUMP,,EACH,,ne_ndot_aup_july_june_2017_2018,false
ne_ndot_version_9030.00_current,ne_ndot_9030.00,,,CONSTRUCTING ASPHALTIC CONCRETE CURB,,LIN FT,505.00,ne_ndot_english_standard_item_list_2010,true
ne_ndot_version_9030.01_current,ne_ndot_9030.01,,,CONSTRUCTING ASPHALTIC CONCRETE CURB,,LIN FT,505.00,ne_ndot_english_standard_item_list_2010,true
ne_ndot_version_9031.00_current,ne_ndot_9031.00,,,CONSTRUCTING ASPHALTIC CONCRETE FLUME,,EACH,,ne_ndot_english_standard_item_list_2010,true
ne_ndot_version_9031.20_current,ne_ndot_9031.20,,,CONSTRUCTING 8 FOOT ASPHALTIC CONCRETE SPILLWAY,,LIN FT,,ne_ndot_english_standard_item_list_2010,true
ne_ndot_version_9033.00_current,ne_ndot_9033.00,,,CONSTRUCTING ASPHALTIC CONCRETE ISLAND NOSE,,EACH,506.00,ne_ndot_english_standard_item_list_2010,true
ne_ndot_version_9034.00_current,ne_ndot_9034.00,,,PREPARATION OF INTERSECTIONS AND DRIVEWAYS,,SQ YD,302.00,ne_ndot_english_standard_item_list_2010,true
ne_ndot_version_9035.00_current,ne_ndot_9035.00,,,PREPARE EXPANSION RELIEF JOINT,,LIN FT,503.00,ne_ndot_english_standard_item_list_2010,true
ne_ndot_version_9036.00_historical,ne_ndot_9036.00,,,PLACEMENT OF ASPHALTIC CONCRETE FOR BRIDGES,,SY,,ne_ndot_aup_july_june_2025_2026,false
ne_ndot_version_9036.50_historical,ne_ndot_9036.50,,,PLACEMENT OF ASPHALTIC CONCRETE FOR BRIDGES,,SF,,ne_ndot_aup_july_june_2025_2026,false
ne_ndot_version_9048.00_current,ne_ndot_9048.00,,,EMULSIFIED ASPHALT,,GALLON,,ne_ndot_english_standard_item_list_2010,true
ne_ndot_version_9048.01_current,ne_ndot_9048.01,,,EMULSIFIED ASPHALT,,TON,,ne_ndot_english_standard_item_list_2010,true
ne_ndot_version_9051.88_current,ne_ndot_9051.88,,,ARMOR COAT EMULSIFIED ASPHALT(CRS-2),,GALLON,,ne_ndot_english_standard_item_list_2010,true
ne_ndot_version_9051.90_current,ne_ndot_9051.90,,,ARMOR COAT EMULSIFIED ASPHALT (CRS-2P),,GALLON,,ne_ndot_english_standard_item_list_2010,true
ne_ndot_version_9052.00_current,ne_ndot_9052.00,,,ARMOR COAT EMULSIFIED ASPHALT,,GALLON,515.00,ne_ndot_english_standard_item_list_2010,true
ne_ndot_version_9052.02_current,ne_ndot_9052.02,,,ARMOR COAT EMULSIFIED ASPHALT,,GALLON,515.00,ne_ndot_english_standard_item_list_2010,true
ne_ndot_version_9052.03_current,ne_ndot_9052.03,,,ARMOR COAT EMULSIFIED ASPHALT,,GALLON,515.00,ne_ndot_english_standard_item_list_2010,true
ne_ndot_version_9052.05_current,ne_ndot_9052.05,,,SCRUB SEAL EMULSIFIED ASPHALT,,GALLON,,ne_ndot_english_standard_item_list_2010,true
ne_ndot_version_9052.10_current,ne_ndot_9052.10,,,EMULSIFIED ASPHALT FOR MICROSURFACING,,GALLON,514.00,ne_ndot_english_standard_item_list_2010,true
ne_ndot_version_9052.15_current,ne_ndot_9052.15,,,EMULSIFIED ASPHALT FOR HYDRATED LIME SLURRY STABILIZATION,,GALLON,,ne_ndot_english_standard_item_list_2010,true
ne_ndot_version_9052.50_current,ne_ndot_9052.50,,,BITUMINOUS SAND BASE COURSE EMULSIFIED ASPHALT,,GALLON,509.00,ne_ndot_english_standard_item_list_2010,true
ne_ndot_version_9052.51_current,ne_ndot_9052.51,,,BITUMINOUS STABILIZED BASE COURSE EMULSIFIED ASPHALT,,GALLON,509.00,ne_ndot_english_standard_item_list_2010,true
ne_ndot_version_9053.00_current,ne_ndot_9053.00,,,TACK COAT,,GALLON,504.00,ne_ndot_english_standard_item_list_2010,true
ne_ndot_version_9053.01_historical,ne_ndot_9053.01,,,"TACK COAT, TYPE A",,GAL,,ne_ndot_aup_july_june_2025_2026,false
ne_ndot_version_9053.20_current,ne_ndot_9053.20,,,FOG SEAL,,GALLON,513.00,ne_ndot_english_standard_item_list_2010,true
ne_ndot_version_9053.21_current,ne_ndot_9053.21,,,FOG SEAL,,GALLON,513.00,ne_ndot_english_standard_item_list_2010,true
ne_ndot_version_9053.75_current,ne_ndot_9053.75,,,CHIP SEAL EMULSIFIED ASPHALT,,GALLON,,ne_ndot_english_standard_item_list_2010,true
ne_ndot_version_9053.76_current,ne_ndot_9053.76,,,AC-CRM,,GALLON,,ne_ndot_english_standard_item_list_2010,true
ne_ndot_version_9053.90_current,ne_ndot_9053.90,,,EMULSIFIED ASPHALT FOR COLD IN-PLACE RECYCLING,,GALLON,,ne_ndot_english_standard_item_list_2010,true
ne_ndot_version_9053.92_current,ne_ndot_9053.92,,,EMULSIFIED ASPHALT FOR HOT IN-PLACE RECYCLING,,GALLON,,ne_ndot_english_standard_item_list_2010,true
ne_ndot_version_9057.00_current,ne_ndot_9057.00,,,MINERAL AGGREGATE FOR ASPHALTIC CONCRETE STOCKPILED,,TON,,ne_ndot_english_standard_item_list_2010,true
ne_ndot_version_9057.02_current,ne_ndot_9057.02,,,MINERAL AGGREGATE FOR ASPHALTIC CONCRETE STOCKPILED,,TON,,ne_ndot_english_standard_item_list_2010,true
ne_ndot_version_9057.04_current,ne_ndot_9057.04,,,MINERAL AGGREGATE FOR ASPHALTIC CONCRETE STOCKPILED,,TON,,ne_ndot_english_standard_item_list_2010,true
ne_ndot_version_9100.00_current,ne_ndot_9100.00,,,MANIPULATION AS PER PLAN NO.,,STATION,,ne_ndot_english_standard_item_list_2010,true
ne_ndot_version_9100.02_current,ne_ndot_9100.02,,,MANIPULATION AS PER PLAN NO.,,STATION,,ne_ndot_english_standard_item_list_2010,true
ne_ndot_version_9100.10_current,ne_ndot_9100.10,,,MANIPULATION,,STATION,,ne_ndot_english_standard_item_list_2010,true
ne_ndot_version_9110.01_current,ne_ndot_9110.01,,,"RENTAL OF LOADER, FULLY OPERATED",,HOUR,919.00,ne_ndot_english_standard_item_list_2010,true
ne_ndot_version_9110.02_current,ne_ndot_9110.02,,,"RENTAL OF MOTOR GRADER, FULLY OPERATED",,HOUR,919.00,ne_ndot_english_standard_item_list_2010,true
ne_ndot_version_9110.03_current,ne_ndot_9110.03,,,"RENTAL OF DUMP TRUCK, FULLY OPERATED",,HOUR,919.00,ne_ndot_english_standard_item_list_2010,true
ne_ndot_version_9110.04_current,ne_ndot_9110.04,,,RENTAL OF SHEEPSFOOT ROLLER,,HOUR,919.00,ne_ndot_english_standard_item_list_2010,true
ne_ndot_version_9110.05_current,ne_ndot_9110.05,,,"RENTAL OF WHEEL TRACTOR, FULLY OPERATED",,HOUR,919.00,ne_ndot_english_standard_item_list_2010,true
ne_ndot_version_9110.06_current,ne_ndot_9110.06,,,"RENTAL OF BACKHOE, FULLY OPERATED",,HOUR,919.00,ne_ndot_english_standard_item_list_2010,true
ne_ndot_version_9110.07_current,ne_ndot_9110.07,,,"RENTAL OF SKID LOADER, FULLY OPERATED",,HOUR,919.00,ne_ndot_english_standard_item_list_2010,true
ne_ndot_version_9110.08_current,ne_ndot_9110.08,,,"RENTAL OF COMPACTOR, FULLY OPERATED",,HOUR,919.00,ne_ndot_english_standard_item_list_2010,true
ne_ndot_version_9110.09_current,ne_ndot_9110.09,,,"RENTAL OF TRACTOR AND SCRAPER, FULLY OPERATED",,HOUR,919.00,ne_ndot_english_standard_item_list_2010,true
ne_ndot_version_9110.10_current,ne_ndot_9110.10,,,"RENTAL OF EXCAVATOR, FULLY OPERATED",,HOUR,919.00,ne_ndot_english_standard_item_list_2010,true
ne_ndot_version_9110.11_current,ne_ndot_9110.11,,,"RENTAL OF BULLDOZER, FULLY OPERATED",,HOUR,919.00,ne_ndot_english_standard_item_list_2010,true
ne_ndot_version_9110.12_current,ne_ndot_9110.12,,,"RENTAL OF SCRAPER, FULLY OPERATED",,HOUR,919.00,ne_ndot_english_standard_item_list_2010,true
ne_ndot_version_9110.13_current,ne_ndot_9110.13,,,"RENTAL OF FARM TRACTOR, FULLY OPERATED",,HOUR,919.00,ne_ndot_english_standard_item_list_2010,true
ne_ndot_version_9110.14_current,ne_ndot_9110.14,,,"RENTAL OF TANDEM DISK, FULLY OPERATED",,HOUR,919.00,ne_ndot_english_standard_item_list_2010,true
ne_ndot_version_9110.15_current,ne_ndot_9110.15,,,"RENTAL OF CRAWLER TRACTOR, FULLY OPERATED",,HOUR,919.00,ne_ndot_english_standard_item_list_2010,true
ne_ndot_version_9110.16_current,ne_ndot_9110.16,,,"RENTAL OF MILLING MACHINE, FULLY OPERATED",,HOUR,919.00,ne_ndot_english_standard_item_list_2010,true
ne_ndot_version_9110.17_current,ne_ndot_9110.17,,,"RENTAL OF SELF PROPELLED BROOM, F.O.",,HOUR,919.00,ne_ndot_english_standard_item_list_2010,true
ne_ndot_version_9110.18_current,ne_ndot_9110.18,,,"RENTAL OF TRAXCAVATOR, FULLY OPERATED",,HOUR,919.00,ne_ndot_english_standard_item_list_2010,true
ne_ndot_version_9110.19_current,ne_ndot_9110.19,,,"RENTAL OF PICK-UP, FULLY OPERATED",,HOUR,919.00,ne_ndot_english_standard_item_list_2010,true
ne_ndot_version_9110.20_current,ne_ndot_9110.20,,,"RENTAL OF SELF-PROPELLED ROLLER, FULLY OPERATED",,HOUR,919.00,ne_ndot_english_standard_item_list_2010,true
ne_ndot_version_9110.21_current,ne_ndot_9110.21,,,"RENTAL OF CRANE, FULLY OPERATED",,HOUR,919.00,ne_ndot_english_standard_item_list_2010,true
ne_ndot_version_9110.22_current,ne_ndot_9110.22,,,"RENTAL OF DRAGLINE, FULLY OPERATED",,HOUR,919.00,ne_ndot_english_standard_item_list_2010,true
ne_ndot_version_9110.23_current,ne_ndot_9110.23,,,"RENTAL OF READY MIX TRUCK, FULLY OPERATED",,HOUR,919.00,ne_ndot_english_standard_item_list_2010,true
ne_ndot_version_9110.24_current,ne_ndot_9110.24,,,"RENTAL OF STABILIZER, FULLY OPERATED",,HOUR,919.00,ne_ndot_english_standard_item_list_2010,true
ne_ndot_version_9110.25_current,ne_ndot_9110.25,,,"RENTAL OF FORKLIFT, FULLY OPERATED",,HOUR,919.00,ne_ndot_english_standard_item_list_2010,true
ne_ndot_version_9110.26_current,ne_ndot_9110.26,,,"RENTAL OF TRACTOR AND DISK, FULLY OPERATED",,HOUR,919.00,ne_ndot_english_standard_item_list_2010,true
ne_ndot_version_9110.27_current,ne_ndot_9110.27,,,"RENTAL OF CRAWLER MOUNTED HYDRAULIC EXCAVATOR, FULLY OPERATED",,HOUR,919.00,ne_ndot_english_standard_item_list_2010,true
ne_ndot_version_9110.28_historical,ne_ndot_9110.28,,,"RENTAL OF LONG REACH CRAWLER MOUNTED HYDRAULIC EXCAVATOR, FULLY",,HOUR,,ne_ndot_aup_calendar_2023,false
ne_ndot_version_9110.30_current,ne_ndot_9110.30,,,RENTAL OF GENERATOR,,HOUR,919.00,ne_ndot_english_standard_item_list_2010,true
ne_ndot_version_9110.31_current,ne_ndot_9110.31,,,RENTAL OF AIR COMPRESSOR,,HOUR,919.00,ne_ndot_english_standard_item_list_2010,true
ne_ndot_version_9110.32_current,ne_ndot_9110.32,,,RENTAL OF HAMMER DRILL,,HOUR,919.00,ne_ndot_english_standard_item_list_2010,true
ne_ndot_version_9110.33_current,ne_ndot_9110.33,,,RENTAL OF PUMP,,HOUR,919.00,ne_ndot_english_standard_item_list_2010,true
ne_ndot_version_9110.34_historical,ne_ndot_9110.34,,,"RENTAL OF VACUUM TRUCK, FULLY OPERATED",,HOUR,,ne_ndot_aup_july_june_2025_2026,false
ne_ndot_version_9110.35_current,ne_ndot_9110.35,,,TRUCK RENTAL,,HOUR,,ne_ndot_english_standard_item_list_2010,true
ne_ndot_version_9110.36_current,ne_ndot_9110.36,,,"RENTAL OF TRUCK/TRAILER, FULLY OPERATED",,HOUR,919.00,ne_ndot_english_standard_item_list_2010,true
ne_ndot_version_9110.37_current,ne_ndot_9110.37,,,"RENTAL OF CHAIN SAW, FULLY OPERATED",,HOUR,919.00,ne_ndot_english_standard_item_list_2010,true
ne_ndot_version_9110.38_current,ne_ndot_9110.38,,,"RENTAL OF PAVEMENT BREAKER, FULLY OPERATED",,HOUR,919.00,ne_ndot_english_standard_item_list_2010,true
ne_ndot_version_9110.39_current,ne_ndot_9110.39,,,"RENTAL OF WATER TRUCK, FULLY OPERATED",,HOUR,919.00,ne_ndot_english_standard_item_list_2010,true
ne_ndot_version_9110.40_current,ne_ndot_9110.40,,,RENTAL OF FUSION MACHINE,,DAY,919.00,ne_ndot_english_standard_item_list_2010,true
ne_ndot_version_9110.41_historical,ne_ndot_9110.41,,,"RENTAL OF ARC WELDER, FULLY OPERATED",,HOUR,,ne_ndot_aup_july_june_2021_2022,false
ne_ndot_version_9110.42_current,ne_ndot_9110.42,,,RENTAL OF GENERATOR,,DAY,919.00,ne_ndot_english_standard_item_list_2010,true
ne_ndot_version_9110.50_current,ne_ndot_9110.50,,,RENTAL OF LAYDOWN MACHINE,,HOUR,919.00,ne_ndot_english_standard_item_list_2010,true
ne_ndot_version_9110.80_current,ne_ndot_9110.80,,,RENTAL,,HOUR,,ne_ndot_english_standard_item_list_2010,true
ne_ndot_version_9110.81_current,ne_ndot_9110.81,,,RENTAL,,EACH,,ne_ndot_english_standard_item_list_2010,true
ne_ndot_version_9110.82_current,ne_ndot_9110.82,,,RENTAL,,DAY,,ne_ndot_english_standard_item_list_2010,true
ne_ndot_version_9111.00_current,ne_ndot_9111.00,,,WATER,,M GAL,302.00,ne_ndot_english_standard_item_list_2010,true
ne_ndot_version_9111.10_historical,ne_ndot_9111.10,,,WATER FOR FLY ASH STABILIZATION,,MGAL,,ne_ndot_aup_july_june_2018_2019,false
ne_ndot_version_9111.11_current,ne_ndot_9111.11,,,WATER FOR CEMENT STABILIZATION,,M GAL,,ne_ndot_english_standard_item_list_2010,true
ne_ndot_version_9111.12_current,ne_ndot_9111.12,,,WATER FOR FULL DEPTH PULVERIZATION,,M GAL,,ne_ndot_english_standard_item_list_2010,true
ne_ndot_version_9111.13_current,ne_ndot_9111.13,,,WATER FOR FLY ASH STABILIZED BITUMINOUS,,M GAL,,ne_ndot_english_standard_item_list_2010,true
ne_ndot_version_9111.14_historical,ne_ndot_9111.14,,,WATER FOR CEMENT STABILIZED BITUMINOUS,,MGAL,,ne_ndot_aup_calendar_2025,false
ne_ndot_version_9111.25_current,ne_ndot_9111.25,,,"WATER FOR COLD IN-PLACE RECYCLING, APPLIED",,M GAL,,ne_ndot_english_standard_item_list_2010,true
ne_ndot_version_9112.00_current,ne_ndot_9112.00,,,"RENTAL OF CONCRETE SAW-CLIPPER NO. 1, FULLY OPERATED",,HOUR,,ne_ndot_english_standard_item_list_2010,true
ne_ndot_version_9112.01_current,ne_ndot_9112.01,,,"RENTAL OF CONCRETE SAW-CLIPPER NO. 2, FULLY OPERATED",,HOUR,,ne_ndot_english_standard_item_list_2010,true
ne_ndot_version_9112.02_current,ne_ndot_9112.02,,,"RENTAL OF CONCRETE SAW-TARGET, FULLY OPERATED",,HOUR,,ne_ndot_english_standard_item_list_2010,true
ne_ndot_version_9140.00_current,ne_ndot_9140.00,,,JOINT SEALING - ASPHALT TO CONCRETE,,STATION,508.00,ne_ndot_english_standard_item_list_2010,true
ne_ndot_version_9140.10_current,ne_ndot_9140.10,,,SEALING SURFACE JOINTS,,LIN FT,,ne_ndot_english_standard_item_list_2010,true
ne_ndot_version_9140.11_current,ne_ndot_9140.11,,,SEALING SURFACE JOINTS,,STATION,,ne_ndot_english_standard_item_list_2010,true
ne_ndot_version_9140.40_current,ne_ndot_9140.40,,,CRACK SEALING BITUMINOUS SURFACING,,LIN FT,519.00,ne_ndot_english_standard_item_list_2010,true
ne_ndot_version_9140.50_current,ne_ndot_9140.50,,,CRACK PREPARATION,,LIN FT,,ne_ndot_english_standard_item_list_2010,true
ne_ndot_version_9140.60_current,ne_ndot_9140.60,,,CRACK SEALING ON BITUMINOUS SURFACED ROADWAY,,LIN FT,,ne_ndot_english_standard_item_list_2010,true
ne_ndot_version_9150.00_current,ne_ndot_9150.00,,,CRACKING AND SEATING CONCRETE PAVEMENT,,SQ YD,,ne_ndot_english_standard_item_list_2010,true
ne_ndot_version_9170.00_current,ne_ndot_9170.00,,,EARTH SHOULDER CONSTRUCTION,,STATION,304.00,ne_ndot_english_standard_item_list_2010,true
ne_ndot_version_9170.01_current,ne_ndot_9170.01,,,EARTH SHOULDER CONSTRUCTION,,STATION,304.00,ne_ndot_english_standard_item_list_2010,true
ne_ndot_version_9170.02_current,ne_ndot_9170.02,,,EARTH SHOULDER CONSTRUCTION,,STATION,304.00,ne_ndot_english_standard_item_list_2010,true
ne_ndot_version_9170.03_current,ne_ndot_9170.03,,,EARTH SHOULDER CONSTRUCTION,,STATION,304.00,ne_ndot_english_standard_item_list_2010,true
ne_ndot_version_9170.04_current,ne_ndot_9170.04,,,EARTH SHOULDER CONSTRUCTION,,STATION,304.00,ne_ndot_english_standard_item_list_2010,true
ne_ndot_version_9170.10_historical,ne_ndot_9170.10,,,EARTH SHOULDER RESTORATION,,STA,,ne_ndot_aup_july_june_2025_2026,false
ne_ndot_version_9170.25_current,ne_ndot_9170.25,,,SALVAGING AND PLACING SHOULDERING MATERIAL,,STATION,,ne_ndot_english_standard_item_list_2010,true
ne_ndot_version_9170.50_current,ne_ndot_9170.50,,,MEDIAN CONSTRUCTION,,STATION,308.00,ne_ndot_english_standard_item_list_2010,true
ne_ndot_version_9170.51_historical,ne_ndot_9170.51,,,MEDIAN CONSTRUCTION,,CY,,ne_ndot_aup_july_june_2025_2026,false
ne_ndot_version_9170.55_current,ne_ndot_9170.55,,,MEDIAN CONSTRUCTION,,SQ YD,,ne_ndot_english_standard_item_list_2010,true
ne_ndot_version_9171.00_current,ne_ndot_9171.00,,,SUBGRADE RECONSTRUCTION,,STATION,,ne_ndot_english_standard_item_list_2010,true
ne_ndot_version_9171.10_historical,ne_ndot_9171.10,,,RECONSTRUCT GUTTER DEPRESSION,,EACH,,ne_ndot_aup_july_june_2025_2026,false
ne_ndot_version_9171.20_current,ne_ndot_9171.20,,,SUBGRADE RECONSTRUCTION,,SQ YD,,ne_ndot_english_standard_item_list_2010,true
ne_ndot_version_9173.00_current,ne_ndot_9173.00,,,SUBGRADE PREPARATION,,STATION,302.00,ne_ndot_english_standard_item_list_2010,true
ne_ndot_version_9173.05_current,ne_ndot_9173.05,,,"SUBGRADE PREPARATION, TYPE A",,STATION,,ne_ndot_english_standard_item_list_2010,true
ne_ndot_version_9173.06_current,ne_ndot_9173.06,,,"SUBGRADE PREPARATION, TYPE B",,STATION,,ne_ndot_english_standard_item_list_2010,true
ne_ndot_version_9173.10_current,ne_ndot_9173.10,,,SUBGRADE PREPARATION FOR WIDENING,,STATION,,ne_ndot_english_standard_item_list_2010,true
ne_ndot_version_9173.11_current,ne_ndot_9173.11,,,WIDENING,,STATION,,ne_ndot_english_standard_item_list_2010,true
ne_ndot_version_9173.15_current,ne_ndot_9173.15,,,TRENCHED WIDENING,,STATION,,ne_ndot_english_standard_item_list_2010,true
ne_ndot_version_9173.16_historical,ne_ndot_9173.16,,,"TRENCHED WIDENING, 1'",,STA,,ne_ndot_aup_july_june_2025_2026,false
ne_ndot_version_9173.17_historical,ne_ndot_9173.17,,,"TRENCHED WIDENING, 3'",,STA,,ne_ndot_aup_july_june_2025_2026,false
ne_ndot_version_9173.18_historical,ne_ndot_9173.18,,,"TRENCHED WIDENING, 2'",,STA,,ne_ndot_aup_july_june_2022_2023,false
ne_ndot_version_9173.20_current,ne_ndot_9173.20,,,SUBGRADE PREPARATION,,SQ YD,302.00,ne_ndot_english_standard_item_list_2010,true
ne_ndot_version_9173.32_current,ne_ndot_9173.32,,,SUBGRADE TRIMMING,,SQ YD,,ne_ndot_english_standard_item_list_2010,true
ne_ndot_version_9173.40_current,ne_ndot_9173.40,,,TRIMMING AND GRADING,,STATION,,ne_ndot_english_standard_item_list_2010,true
ne_ndot_version_9175.10_current,ne_ndot_9175.10,,,SALVAGING AND STOCKPILING BITUMINOUS MATERIAL,,TON,511.00,ne_ndot_english_standard_item_list_2010,true
ne_ndot_version_9175.12_current,ne_ndot_9175.12,,,SALVAGING AND STOCKPILING BITUMINOUS MATERIAL,,TON,511.00,ne_ndot_english_standard_item_list_2010,true
ne_ndot_version_9175.17_current,ne_ndot_9175.17,,,SALVAGED ASPHALTIC CONCRETE MILLINGS,,TON,,ne_ndot_english_standard_item_list_2010,true
ne_ndot_version_9175.18_current,ne_ndot_9175.18,,,SALVAGE BITUMINOUS MATERIAL FOR PRIVATE USE,,TON,,ne_ndot_english_standard_item_list_2010,true
ne_ndot_version_9175.30_current,ne_ndot_9175.30,,,SALVAGING AND STOCKPILING SOIL AGGREGATE BASE COURSE,,STATION,,ne_ndot_english_standard_item_list_2010,true
ne_ndot_version_9175.35_current,ne_ndot_9175.35,,,SALVAGING AND STOCKPILING SOIL AGGREGATE BASE COURSE (OUTSIDE SHOULDER),,STATION,,ne_ndot_english_standard_item_list_2010,true
ne_ndot_version_9175.40_current,ne_ndot_9175.40,,,SALVAGING,,STATION,,ne_ndot_english_standard_item_list_2010,true
ne_ndot_version_9175.55_current,ne_ndot_9175.55,,,MILLINGS,,TON,,ne_ndot_english_standard_item_list_2010,true
ne_ndot_version_9179.00_current,ne_ndot_9179.00,,,ASPHALT MILLINGS,,TON,,ne_ndot_english_standard_item_list_2010,true
ne_ndot_version_9179.20_historical,ne_ndot_9179.20,,,"COLD MILLING, CLASS 1",,STA,,ne_ndot_aup_calendar_2024,false
ne_ndot_version_9179.21_current,ne_ndot_9179.21,,,"COLD MILLING, CLASS 1",,STATION,510.00,ne_ndot_english_standard_item_list_2010,true
ne_ndot_version_9179.22_current,ne_ndot_9179.22,,,"COLD MILLING, CLASS 2",,STATION,510.00,ne_ndot_english_standard_item_list_2010,true
ne_ndot_version_9179.23_current,ne_ndot_9179.23,,,"COLD MILLING, CLASS 3",,STATION,510.00,ne_ndot_english_standard_item_list_2010,true
ne_ndot_version_9179.24_current,ne_ndot_9179.24,,,"COLD MILLING, CLASS 4",,STATION,510.00,ne_ndot_english_standard_item_list_2010,true
ne_ndot_version_9179.25_current,ne_ndot_9179.25,,,"COLD MILLING, CLASS 5",,STATION,510.00,ne_ndot_english_standard_item_list_2010,true
ne_ndot_version_9179.31_current,ne_ndot_9179.31,,,"COLD MILLING, CLASS 1",,SQ YD,510.00,ne_ndot_english_standard_item_list_2010,true
ne_ndot_version_9179.32_current,ne_ndot_9179.32,,,"COLD MILLING, CLASS 2",,SQ YD,510.00,ne_ndot_english_standard_item_list_2010,true
ne_ndot_version_9179.33_current,ne_ndot_9179.33,,,"COLD MILLING, CLASS 3",,SQ YD,510.00,ne_ndot_english_standard_item_list_2010,true
ne_ndot_version_9179.34_current,ne_ndot_9179.34,,,"COLD MILLING, CLASS 4",,SQ YD,510.00,ne_ndot_english_standard_item_list_2010,true
ne_ndot_version_9179.35_current,ne_ndot_9179.35,,,"COLD MILLING, CLASS 5",,SQ YD,510.00,ne_ndot_english_standard_item_list_2010,true
ne_ndot_version_9179.43_current,ne_ndot_9179.43,,,"COLD MILLING, CLASS 3",,STATION,510.00,ne_ndot_english_standard_item_list_2010,true
ne_ndot_version_9179.44_current,ne_ndot_9179.44,,,"COLD MILLING, CLASS 4",,STATION,510.00,ne_ndot_english_standard_item_list_2010,true
ne_ndot_version_9179.52_current,ne_ndot_9179.52,,,"COLD MILLING, CLASS 3",,SQ YD,510.00,ne_ndot_english_standard_item_list_2010,true
ne_ndot_version_9179.53_current,ne_ndot_9179.53,,,"COLD MILLING, CLASS 3",,SQ YD,510.00,ne_ndot_english_standard_item_list_2010,true
ne_ndot_version_9179.54_current,ne_ndot_9179.54,,,"COLD MILLING, CLASS 4",,SQ YD,510.00,ne_ndot_english_standard_item_list_2010,true
ne_ndot_version_9179.56_current,ne_ndot_9179.56,,,"COLD MILLING, CLASS 4",,SQ YD,510.00,ne_ndot_english_standard_item_list_2010,true
ne_ndot_version_9179.57_current,ne_ndot_9179.57,,,"COLD MILLING, CLASS 4",,SQ YD,510.00,ne_ndot_english_standard_item_list_2010,true
ne_ndot_version_9179.63_current,ne_ndot_9179.63,,,"COLD MILLING, CLASS 3",,STATION,510.00,ne_ndot_english_standard_item_list_2010,true
ne_ndot_version_9179.64_current,ne_ndot_9179.64,,,"COLD MILLING, CLASS 4",,STATION,510.00,ne_ndot_english_standard_item_list_2010,true
ne_ndot_version_9179.65_current,ne_ndot_9179.65,,,"COLD MILLING, CLASS 3",,STATION,510.00,ne_ndot_english_standard_item_list_2010,true
ne_ndot_version_9179.66_current,ne_ndot_9179.66,,,"COLD MILLING, CLASS 4",,STATION,510.00,ne_ndot_english_standard_item_list_2010,true
ne_ndot_version_9179.67_current,ne_ndot_9179.67,,,"COLD MILLING, CLASS 4",,STATION,510.00,ne_ndot_english_standard_item_list_2010,true
ne_ndot_version_9179.68_historical,ne_ndot_9179.68,,,"COLD MILLING, CLASS 3",,STA,,ne_ndot_aup_july_june_2019_2020,false
ne_ndot_version_9179.70_current,ne_ndot_9179.70,,,"COLD MILLING, CLASS 4",,TON,510.00,ne_ndot_english_standard_item_list_2010,true
ne_ndot_version_9179.71_historical,ne_ndot_9179.71,,,"COLD MILLING, CLASS 3",,STA,,ne_ndot_aup_july_june_2025_2026,false
ne_ndot_version_9179.72_historical,ne_ndot_9179.72,,,REMOVE ASPHALT SURFACE FROM BRIDGE,,SY,,ne_ndot_aup_july_june_2025_2026,false
ne_ndot_version_9179.73_historical,ne_ndot_9179.73,,,"COLD MILLING, CLASS 3",,SY,,ne_ndot_aup_july_june_2022_2023,false
ne_ndot_version_9179.75_current,ne_ndot_9179.75,,,MILLING FOR ASPHALTIC CONCRETE INLAY,,EACH,,ne_ndot_english_standard_item_list_2010,true
ne_ndot_version_9179.77_current,ne_ndot_9179.77,,,MILLING FOR ASPHALTIC CONCRETE INLAY,,LIN FT,,ne_ndot_english_standard_item_list_2010,true
ne_ndot_version_9179.79_current,ne_ndot_9179.79,,,MILLING FOR ASPHALTIC CONCRETE INLAY,,SQ YD,,ne_ndot_english_standard_item_list_2010,true
ne_ndot_version_9179.80_current,ne_ndot_9179.80,,,MILLING CONCRETE FOR INLAYS,,EACH,510.00,ne_ndot_english_standard_item_list_2010,true
ne_ndot_version_9179.84_current,ne_ndot_9179.84,,,MILLING CONCRETE FOR INLAYS,,SQ YD,,ne_ndot_english_standard_item_list_2010,true
ne_ndot_version_9185.27_current,ne_ndot_9185.27,,,MILLING CONCRETE PAVEMENT,,SQ YD,,ne_ndot_english_standard_item_list_2010,true
ne_ndot_version_9185.30_current,ne_ndot_9185.30,,,MILLING CONCRETE PAVEMENT,,STATION,,ne_ndot_english_standard_item_list_2010,true
ne_ndot_version_9185.50_current,ne_ndot_9185.50,,,MILLING CONCRETE CURB,,LIN FT,510.00,ne_ndot_english_standard_item_list_2010,true
ne_ndot_version_9185.60_current,ne_ndot_9185.60,,,MILLING,,HOUR,,ne_ndot_english_standard_item_list_2010,true
ne_ndot_version_9185.61_current,ne_ndot_9185.61,,,MILLING,,LUMP SUM,,ne_ndot_english_standard_item_list_2010,true
ne_ndot_version_9185.62_current,ne_ndot_9185.62,,,MILLING,,SQ YD,,ne_ndot_english_standard_item_list_2010,true
ne_ndot_version_9185.63_current,ne_ndot_9185.63,,,MILLING,,STATION,,ne_ndot_english_standard_item_list_2010,true
ne_ndot_version_9185.64_current,ne_ndot_9185.64,,,MILLING,,LIN FT,,ne_ndot_english_standard_item_list_2010,true
ne_ndot_version_9185.75_current,ne_ndot_9185.75,,,RUMBLE STRIPS,,STATION,,ne_ndot_english_standard_item_list_2010,true
ne_ndot_version_9185.76_current,ne_ndot_9185.76,,,"RUMBLE STRIPS, ASPHALT",,STATION,,ne_ndot_english_standard_item_list_2010,true
ne_ndot_version_9185.77_current,ne_ndot_9185.77,,,"RUMBLE STRIPS, CONCRETE",,STATION,,ne_ndot_english_standard_item_list_2010,true
ne_ndot_version_9185.78_historical,ne_ndot_9185.78,,,MILLED RUMBLE STRIPS,,EACH,,ne_ndot_aup_calendar_2024,false
ne_ndot_version_9185.85_historical,ne_ndot_9185.85,,,"RUMBLE STRIPS, ASPHALT 8""",,STA,,ne_ndot_aup_july_june_2025_2026,false
ne_ndot_version_9185.86_historical,ne_ndot_9185.86,,,"RUMBLE STRIPS, CONCRETE 8""",,STA,,ne_ndot_aup_july_june_2025_2026,false
ne_ndot_version_9185.88_historical,ne_ndot_9185.88,,,"CENTERLINE RUMBLE STRIPS, CONCRETE",,STA,,ne_ndot_aup_july_june_2025_2026,false
ne_ndot_version_9185.89_historical,ne_ndot_9185.89,,,"CENTERLINE RUMBLE STRIPS, ASPHALT",,STA,,ne_ndot_aup_july_june_2025_2026,false
ne_ndot_version_9185.90_current,ne_ndot_9185.90,,,CRUSHING AND STOCKPILING ASPHALTIC CONCRETE,,TON,,ne_ndot_english_standard_item_list_2010,true
ne_ndot_version_9186.00_current,ne_ndot_9186.00,,,CONCRETE SURFACE MILLING,,SQ YD,510.00,ne_ndot_english_standard_item_list_2010,true
ne_ndot_version_9186.01_current,ne_ndot_9186.01,,,CONCRETE SURFACE MILLING,,STATION,510.00,ne_ndot_english_standard_item_list_2010,true
ne_ndot_version_9186.02_current,ne_ndot_9186.02,,,CONCRETE SURFACE MILLING,,SQ YD,510.00,ne_ndot_english_standard_item_list_2010,true
ne_ndot_version_9188.01_current,ne_ndot_9188.01,,,BITUMINOUS SURFACE COURSE,,SQ YD,512.00,ne_ndot_english_standard_item_list_2010,true
ne_ndot_version_9188.03_current,ne_ndot_9188.03,,,BITUMINOUS SURFACE COURSE,,SQ YD,512.00,ne_ndot_english_standard_item_list_2010,true
ne_ndot_version_9188.25_current,ne_ndot_9188.25,,,MEDIAN CROSSOVER SURFACING,,SQ YD,,ne_ndot_english_standard_item_list_2010,true
ne_ndot_version_9188.50_current,ne_ndot_9188.50,,,SURFACING UNDER GUARDRAIL,,SQ YD,,ne_ndot_english_standard_item_list_2010,true
ne_ndot_version_9188.51_current,ne_ndot_9188.51,,,SURFACING UNDER GUARDRAIL,,SQ YD,,ne_ndot_english_standard_item_list_2010,true
ne_ndot_version_9190.00_current,ne_ndot_9190.00,,,FLY ASH STABILIZED BITUMINOUS,,STATION,,ne_ndot_english_standard_item_list_2010,true
ne_ndot_version_9190.01_current,ne_ndot_9190.01,,,FLY ASH STABILIZED BITUMINOUS,,STATION,,ne_ndot_english_standard_item_list_2010,true
ne_ndot_version_9190.10_current,ne_ndot_9190.10,,,FLY ASH STABILIZED BITUMINOUS,,SQ YD,,ne_ndot_english_standard_item_list_2010,true
ne_ndot_version_9190.12_current,ne_ndot_9190.12,,,CEMENT STABILIZED BITUMINOUS,,STATION,,ne_ndot_english_standard_item_list_2010,true
ne_ndot_version_9190.25_current,ne_ndot_9190.25,,,FULL DEPTH PULVERIZATION,,STATION,,ne_ndot_english_standard_item_list_2010,true
ne_ndot_version_9190.30_current,ne_ndot_9190.30,,,REPULVERIZATION & AERATION,,STATION,,ne_ndot_english_standard_item_list_2010,true
ne_ndot_version_9190.50_current,ne_ndot_9190.50,,,FLY ASH,,TON,,ne_ndot_english_standard_item_list_2010,true
ne_ndot_version_9190.51_current,ne_ndot_9190.51,,,FLY ASH BLEND,,TON,,ne_ndot_english_standard_item_list_2010,true
ne_ndot_version_9190.61_current,ne_ndot_9190.61,,,CEMENT,,TON,,ne_ndot_english_standard_item_list_2010,true
ne_ndot_version_9206.00_current,ne_ndot_9206.00,,,FABRIC REINFORCEMENT CRACK REPAIR,,LIN FT,518.00,ne_ndot_english_standard_item_list_2010,true
ne_ndot_version_9206.01_historical,ne_ndot_9206.01,,,FABRIC REINFORCEMENT CRACK REPAIR,,SY,,ne_ndot_aup_july_june_2025_2026,false
ne_ndot_version_9206.02_historical,ne_ndot_9206.02,,,POLYMER MASTIC,,LF,,ne_ndot_aup_july_june_2024_2025,false
ne_ndot_version_9206.03_historical,ne_ndot_9206.03,,,POLYMER MASTIC,,LB,,ne_ndot_aup_july_june_2024_2025,false
ne_ndot_version_9206.12_current,ne_ndot_9206.12,,,WOVEN FIBER REINFORCEMENT CRACK REPAIR (12-INCH),,LIN FT,,ne_ndot_english_standard_item_list_2010,true
ne_ndot_version_9206.25_current,ne_ndot_9206.25,,,INSTALL WOVEN FIBER REINFORCEMENT,,LIN FT,,ne_ndot_english_standard_item_list_2010,true
ne_ndot_version_9206.27_current,ne_ndot_9206.27,,,WOVEN FIBER REINFORCEMENT,,SQ YD,,ne_ndot_english_standard_item_list_2010,true
ne_ndot_version_9206.29_current,ne_ndot_9206.29,,,NON-WOVEN PAVEMENT OVERLAY FABRIC,,SQ YD,,ne_ndot_english_standard_item_list_2010,true
ne_ndot_version_9206.30_current,ne_ndot_9206.30,,,GRID REINFORCED OVERLAY FABRIC,,SQ YD,,ne_ndot_english_standard_item_list_2010,true
ne_ndot_version_9206.32_historical,ne_ndot_9206.32,,,STRESS ABSORBING FIBERGLASS LAYER WITH EMULSIFIED ASPHALT,,SY,,ne_ndot_aup_july_june_2018_2019,false
ne_ndot_version_9261.00_current,ne_ndot_9261.00,,,BITUMINOUS SAND BASE COURSE,,STATION,509.00,ne_ndot_english_standard_item_list_2010,true
ne_ndot_version_9261.01_current,ne_ndot_9261.01,,,BITUMINOUS STABILIZED BASE COURSE,,STATION,509.00,ne_ndot_english_standard_item_list_2010,true
ne_ndot_version_9300.01_current,ne_ndot_9300.01,,,ASPHALT CONCRETE THICKNESS CORE,,EACH,503.00,ne_ndot_english_standard_item_list_2010,true
ne_ndot_version_9300.25_current,ne_ndot_9300.25,,,PRIME CONTRACTOR ADMINISTRATIVE COSTS,,LUMP SUM,,ne_ndot_english_standard_item_list_2010,true
ne_ndot_version_9300.30_current,ne_ndot_9300.30,,,INCENTIVE PAYMENT FOR,,CAL DAY,,ne_ndot_english_standard_item_list_2010,true
ne_ndot_version_9300.32_current,ne_ndot_9300.32,,,INCENTIVE PAYMENT FOR,,LUMP SUM,,ne_ndot_english_standard_item_list_2010,true
ne_ndot_version_9300.35_current,ne_ndot_9300.35,,,INCENTIVE,,TON,,ne_ndot_english_standard_item_list_2010,true
ne_ndot_version_9300.37_historical,ne_ndot_9300.37,,,RAP INCENTIVE PAYMENT FOR STATE MAINTENANCE PATCHING,,EACH,,ne_ndot_aup_july_june_2025_2026,false
ne_ndot_version_9300.38_historical,ne_ndot_9300.38,,,RAP INCENTIVE PAYMENT,,EACH,,ne_ndot_aup_july_june_2025_2026,false
ne_ndot_version_9300.39_current,ne_ndot_9300.39,,,RAP INCENTIVE PAYMENT,,LUMP SUM,,ne_ndot_english_standard_item_list_2010,true
ne_ndot_version_9300.43_current,ne_ndot_9300.43,,,LIQUIDATED DAMAGES,,DAY,,ne_ndot_english_standard_item_list_2010,true
ne_ndot_version_9300.45_current,ne_ndot_9300.45,,,LIQUIDATED DAMAGES,,MILE,,ne_ndot_english_standard_item_list_2010,true
ne_ndot_version_9300.46_current,ne_ndot_9300.46,,,LIQUIDATED DAMAGES,,LUMP SUM,,ne_ndot_english_standard_item_list_2010,true
ne_ndot_version_9300.47_current,ne_ndot_9300.47,,,LIQUIDATED DAMAGES,,HOUR,,ne_ndot_english_standard_item_list_2010,true
ne_ndot_version_9300.50_current,ne_ndot_9300.50,,,ASPHALT PAVEMENT SMOOTHNESS TESTING,,LUMP SUM,,ne_ndot_english_standard_item_list_2010,true
ne_ndot_version_9300.52_current,ne_ndot_9300.52,,,ASPHALT PAVEMENT SMOOTHNESS TESTING I/D,,LUMP SUM,,ne_ndot_english_standard_item_list_2010,true
ne_ndot_version_9300.53_historical,ne_ndot_9300.53,,,SUPERPAVE QUALITY AND ASPHALT SMOOTHNESS I/D PAYMENT,,EACH,,ne_ndot_aup_july_june_2025_2026,false
ne_ndot_version_9300.56_current,ne_ndot_9300.56,,,SUPERPAVE QUALITY INCENTIVE,,TON,,ne_ndot_english_standard_item_list_2010,true
ne_ndot_version_9300.58_current,ne_ndot_9300.58,,,SUPERPAVE QUALITY DISINCENTIVE,,TON,,ne_ndot_english_standard_item_list_2010,true
ne_ndot_version_9300.60_current,ne_ndot_9300.60,,,SMOOTHNESS INCENTIVE-ASPHALTIC CONCRETE,,TON,,ne_ndot_english_standard_item_list_2010,true
ne_ndot_version_9300.62_current,ne_ndot_9300.62,,,SMOOTHNESS DISINCENTIVE-ASPHALTIC CONCRETE,,TON,,ne_ndot_english_standard_item_list_2010,true
ne_ndot_version_9300.64_current,ne_ndot_9300.64,,,SMOOTHNESS INCENTIVE-ASPHALT CEMENT,,TON,,ne_ndot_english_standard_item_list_2010,true
ne_ndot_version_9300.66_current,ne_ndot_9300.66,,,SMOOTHNESS DISINCENTIVE-ASPHALT CEMENT,,TON,,ne_ndot_english_standard_item_list_2010,true
ne_ndot_version_9300.68_current,ne_ndot_9300.68,,,SMOOTHNESS INCENTIVE,,TON,,ne_ndot_english_standard_item_list_2010,true
ne_ndot_version_9300.70_current,ne_ndot_9300.70,,,DEDUCTION FOR ASPHALTIC CONCRETE BUMPS,,EACH,,ne_ndot_english_standard_item_list_2010,true
ne_ndot_version_9300.77_current,ne_ndot_9300.77,,,SMOOTHNESS INCENTIVE-PERFORMANCE GRADED BINDER,,TON,,ne_ndot_english_standard_item_list_2010,true
ne_ndot_version_9300.78_current,ne_ndot_9300.78,,,SMOOTHNESS DISINCENTIVE-PERFORMANCE GRADED BINDER,,TON,,ne_ndot_english_standard_item_list_2010,true
ne_ndot_version_9300.80_current,ne_ndot_9300.80,,,QA/QC ASPHALTIC CONCRETE TESTING,,TON,,ne_ndot_english_standard_item_list_2010,true
ne_ndot_version_9300.81_current,ne_ndot_9300.81,,,QA/QC ASPHALTIC CONCRETE TESTING,,TON,,ne_ndot_english_standard_item_list_2010,true
ne_ndot_version_9300.85_current,ne_ndot_9300.85,,,ASPHALT PLANT TEST DATA,,LUMP SUM,,ne_ndot_english_standard_item_list_2010,true
ne_ndot_version_9300.90_current,ne_ndot_9300.90,,,ASPHALTIC CONCRETE MIXTURE DESIGN,,LUMP SUM,,ne_ndot_english_standard_item_list_2010,true
ne_ndot_version_9400.01_current,ne_ndot_9400.01,,,ASPHALTIC CONCRETE INLAY,,EACH,,ne_ndot_english_standard_item_list_2010,true
ne_ndot_version_9400.05_current,ne_ndot_9400.05,,,RECYCLED ASPHALTIC CONCRETE FOR PRIVATE WORK CREDIT,,TON,,ne_ndot_english_standard_item_list_2010,true
ne_ndot_version_9400.10_current,ne_ndot_9400.10,,,ASPHALTIC CONCRETE OVERLAY,,SQ YD,,ne_ndot_english_standard_item_list_2010,true
ne_ndot_version_9400.25_current,ne_ndot_9400.25,,,SAWING,,LIN FT,,ne_ndot_english_standard_item_list_2010,true
ne_ndot_version_9400.26_current,ne_ndot_9400.26,,,PLACING,,LIN FT,,ne_ndot_english_standard_item_list_2010,true
ne_ndot_version_9402.00_current,ne_ndot_9402.00,,,ASPHALT HAUL,,TON MILE,,ne_ndot_english_standard_item_list_2010,true
ne_ndot_version_9402.01_current,ne_ndot_9402.01,,,ASPHALT HAUL,,TON,,ne_ndot_english_standard_item_list_2010,true
ne_ndot_version_9404.00_current,ne_ndot_9404.00,,,STANDBY TIME,,LUMP SUM,,ne_ndot_english_standard_item_list_2010,true
ne_ndot_version_9404.02_current,ne_ndot_9404.02,,,STANDBY TIME,,HOUR,,ne_ndot_english_standard_item_list_2010,true
ne_ndot_version_9404.06_current,ne_ndot_9404.06,,,PEDESTRIAN RAILING (CHAIN LINK TYPE-VINYL COATED),,LIN FT,,ne_ndot_english_standard_item_list_2010,true
ne_ndot_version_9405.00_current,ne_ndot_9405.00,,,DISPOSAL OF ASPHALT,,TON,,ne_ndot_english_standard_item_list_2010,true
ne_ndot_version_9410.00_current,ne_ndot_9410.00,,,BITUMINOUS COLD MIX,,TON,,ne_ndot_english_standard_item_list_2010,true
ne_ndot_version_9900.00_historical,ne_ndot_9900.00,,,CLASS I MTV DELIVERY/PLACEMENT,,TON,,ne_ndot_aup_calendar_2020,false
ne_ndot_version_9900.01_historical,ne_ndot_9900.01,,,CLASS II MTV DELIVERY/PLACEMENT,,TON,,ne_ndot_aup_calendar_2020,false
ne_ndot_version_9966.01_current,ne_ndot_9966.01,,,MICROSURFACING,,TON,,ne_ndot_english_standard_item_list_2010,true
ne_ndot_version_A001.01_historical,ne_ndot_A001.01,,,"PULL BOX, TYPE PB-1",,EACH,,ne_ndot_aup_july_june_2025_2026,false
ne_ndot_version_A001.02_historical,ne_ndot_A001.02,,,"PULL BOX, TYPE PB-1A",,EACH,,ne_ndot_aup_july_june_2020_2021,false
ne_ndot_version_A001.04_historical,ne_ndot_A001.04,,,"PULL BOX, TYPE PB SPECIAL",,EACH,,ne_ndot_aup_calendar_2023,false
ne_ndot_version_A001.05_historical,ne_ndot_A001.05,,,"PULL BOX, TYPE PB-2",,EACH,,ne_ndot_aup_july_june_2025_2026,false
ne_ndot_version_A001.06_historical,ne_ndot_A001.06,,,"PULL BOX, TYPE PB-2A",,EACH,,ne_ndot_aup_july_june_2025_2026,false
ne_ndot_version_A001.08_historical,ne_ndot_A001.08,,,RELOCATE PULL BOX,,EACH,,ne_ndot_aup_july_june_2025_2026,false
ne_ndot_version_A001.09_historical,ne_ndot_A001.09,,,"PULL BOX, TYPE T9",,EACH,,ne_ndot_aup_july_june_2025_2026,false
ne_ndot_version_A001.11_historical,ne_ndot_A001.11,,,"PULL BOX, TYPE T27",,EACH,,ne_ndot_aup_july_june_2025_2026,false
ne_ndot_version_A001.12_historical,ne_ndot_A001.12,,,"PULL BOX, TYPE PB-5",,EACH,,ne_ndot_aup_july_june_2025_2026,false
ne_ndot_version_A001.16_historical,ne_ndot_A001.16,,,"PULL BOX, TYPE PB-6",,EACH,,ne_ndot_aup_july_june_2025_2026,false
ne_ndot_version_A001.17_historical,ne_ndot_A001.17,,,"PULL BOX, TYPE PB-7",,EACH,,ne_ndot_aup_july_june_2025_2026,false
ne_ndot_version_A001.20_historical,ne_ndot_A001.20,,,"PULL BOX, TYPE PB-8",,EACH,,ne_ndot_aup_july_june_2025_2026,false
ne_ndot_version_A001.21_historical,ne_ndot_A001.21,,,"PULL BOX, TYPE PB-10",,EACH,,ne_ndot_aup_july_june_2025_2026,false
ne_ndot_version_A001.34_historical,ne_ndot_A001.34,,,"PULL BOX, TYPE TR48",,EACH,,ne_ndot_aup_july_june_2020_2021,false
ne_ndot_version_A001.35_historical,ne_ndot_A001.35,,,"PULL BOX, TYPE FOR-27",,EACH,,ne_ndot_aup_july_june_2025_2026,false
ne_ndot_version_A001.37_historical,ne_ndot_A001.37,,,"PULL BOX, TYPE T6",,EACH,,ne_ndot_aup_july_june_2025_2026,false
ne_ndot_version_A001.38_historical,ne_ndot_A001.38,,,"PULL BOX, TYPE T48",,EACH,,ne_ndot_aup_july_june_2025_2026,false
ne_ndot_version_A001.39_historical,ne_ndot_A001.39,,,"PULL BOX, TYPE PB FIBER VAULT",,EACH,,ne_ndot_aup_calendar_2024,false
ne_ndot_version_A001.40_historical,ne_ndot_A001.40,,,JUNCTION BOX,,EACH,,ne_ndot_aup_july_june_2025_2026,false
ne_ndot_version_A001.42_historical,ne_ndot_A001.42,,,"NEMA 4 JUNCTION BOX, 24"" X 24"" X 8""",,EACH,,ne_ndot_aup_july_june_2020_2021,false
ne_ndot_version_A001.44_historical,ne_ndot_A001.44,,,ASCT DETECTION SYSTEM INSTALLATION,,EACH,,ne_ndot_aup_july_june_2019_2020,false
ne_ndot_version_A001.45_historical,ne_ndot_A001.45,,,ASCT SOFTWARE PER INTERSECTION,,EACH,,ne_ndot_aup_july_june_2021_2022,false
ne_ndot_version_A001.46_historical,ne_ndot_A001.46,,,INSTALL ASCT CLIENT SOFTWARE,,EACH,,ne_ndot_aup_july_june_2021_2022,false
ne_ndot_version_A001.47_historical,ne_ndot_A001.47,,,"CONTROLLER, ASCT WITH SOFTWARE",,EACH,,ne_ndot_aup_july_june_2021_2022,false
ne_ndot_version_A001.48_historical,ne_ndot_A001.48,,,ASCT DETECTION SYSTEM,,EACH,,ne_ndot_aup_july_june_2021_2022,false
ne_ndot_version_A001.49_historical,ne_ndot_A001.49,,,FURNISH AND INSTALL ASCT SOFTWARE,,LS,,ne_ndot_aup_july_june_2021_2022,false
ne_ndot_version_A001.50_historical,ne_ndot_A001.50,,,PULL BOX,,EACH,,ne_ndot_aup_july_june_2025_2026,false
ne_ndot_version_A001.58_historical,ne_ndot_A001.58,,,SPLICE CONDUIT,,EACH,,ne_ndot_aup_july_june_2025_2026,false
ne_ndot_version_A001.65_historical,ne_ndot_A001.65,,,"I.D. TAPE, UNDERGROUND",,LF,,ne_ndot_aup_calendar_2018,false
ne_ndot_version_A001.66_historical,ne_ndot_A001.66,,,"BASE, BASEMENT TYPE, 63""W X 69""L X 20""D FOR SWITCHGEAR",,EACH,,ne_ndot_aup_calendar_2018,false
ne_ndot_version_A001.72_historical,ne_ndot_A001.72,,,PROVIDE AND INSTALL DUAL PORT EV CHARGING STATION WITH WALL MOUNTING,,EACH,,ne_ndot_aup_calendar_2021,false
ne_ndot_version_A001.73_historical,ne_ndot_A001.73,,,PROVIDE AND INSTALL SINGLE PORT EV CHARGING STATION WITH WALL MOUNTING,,EACH,,ne_ndot_aup_calendar_2021,false
ne_ndot_version_A001.74_historical,ne_ndot_A001.74,,,MOUNTING,,EACH,,ne_ndot_aup_calendar_2021,false
ne_ndot_version_A001.77_historical,ne_ndot_A001.77,,,VIBRATION MITIGATION DEVICE,,EACH,,ne_ndot_aup_calendar_2024,false
ne_ndot_version_A001.78_historical,ne_ndot_A001.78,,,MAST ARM POLE VIBRATION MITIGATION DEVICE,,EACH,,ne_ndot_aup_july_june_2018_2019,false
ne_ndot_version_A001.79_historical,ne_ndot_A001.79,,,INSTALL VIBRATION MITIGATION DEVICE,,EACH,,ne_ndot_aup_calendar_2020,false
ne_ndot_version_A002.24_historical,ne_ndot_A002.24,,,REMOVE,,EACH,,ne_ndot_aup_july_june_2025_2026,false
ne_ndot_version_A002.26_historical,ne_ndot_A002.26,,,REMOVE AND REINSTALL VEHICLE PRIORITY CONTROL SYSTEM (OPTICOM),,EACH,,ne_ndot_aup_calendar_2020,false
ne_ndot_version_A002.27_historical,ne_ndot_A002.27,,,REINSTALL VEHICLE PRIORITY CONTROL SYSTEM (OPTICOM),,LS,,ne_ndot_aup_calendar_2020,false
ne_ndot_version_A002.28_historical,ne_ndot_A002.28,,,REINSTALL VEHICLE PRIORITY CONTROL SYSTEM (OPTICOM),,LS,,ne_ndot_aup_july_june_2019_2020,false
ne_ndot_version_A002.29_historical,ne_ndot_A002.29,,,REMOVE AND REINSTALL VEHICLE PRIORITY CONTROL SYSTEM,,LS,,ne_ndot_aup_july_june_2020_2021,false
ne_ndot_version_A002.30_historical,ne_ndot_A002.30,,,VEHICLE PRIORITY CONTROL SYSTEM,,LS,,ne_ndot_aup_july_june_2023_2024,false
ne_ndot_version_A002.31_historical,ne_ndot_A002.31,,,VEHICLE PRIORITY CONTROL SYSTEM,,LS,,ne_ndot_aup_july_june_2019_2020,false
ne_ndot_version_A002.32_historical,ne_ndot_A002.32,,,VEHICLE PRIORITY CONTROL SYSTEM,,LS,,ne_ndot_aup_calendar_2018,false
ne_ndot_version_A002.33_historical,ne_ndot_A002.33,,,PREEMPTION CONTROL SYSTEM,,EACH,,ne_ndot_aup_calendar_2020,false
ne_ndot_version_A002.42_historical,ne_ndot_A002.42,,,EMERGENCY VEHICLE PREEMPTION SYSTEM,,EACH,,ne_ndot_aup_calendar_2019,false
ne_ndot_version_A003.00_historical,ne_ndot_A003.00,,,FLASHING BEACON,,EACH,,ne_ndot_aup_calendar_2024,false
ne_ndot_version_A003.05_historical,ne_ndot_A003.05,,,RECTANGULAR RAPID FLASHING BEACON,,EACH,,ne_ndot_aup_july_june_2025_2026,false
ne_ndot_version_A003.06_historical,ne_ndot_A003.06,,,TRAFFIC SIGNAL,,EACH,,ne_ndot_aup_july_june_2025_2026,false
ne_ndot_version_A003.07_historical,ne_ndot_A003.07,,,REMOVE RECTANGULAR RAPID FLASHING BEACON,,EACH,,ne_ndot_aup_july_june_2023_2024,false
ne_ndot_version_A003.10_historical,ne_ndot_A003.10,,,"TRAFFIC SIGNAL, TYPE TS-1",,EACH,,ne_ndot_aup_july_june_2025_2026,false
ne_ndot_version_A003.11_historical,ne_ndot_A003.11,,,"TRAFFIC SIGNAL, TYPE TS-1",,EACH,,ne_ndot_aup_july_june_2018_2019,false
ne_ndot_version_A003.20_historical,ne_ndot_A003.20,,,"TRAFFIC SIGNAL, TYPE TS-1A",,EACH,,ne_ndot_aup_july_june_2025_2026,false
ne_ndot_version_A003.21_historical,ne_ndot_A003.21,,,"TRAFFIC SIGNAL, TYPE TS-1A",,EACH,,ne_ndot_aup_july_june_2018_2019,false
ne_ndot_version_A003.22_historical,ne_ndot_A003.22,,,"TRAFFIC SIGNAL, TYPE TS-1LA",,EACH,,ne_ndot_aup_july_june_2020_2021,false
ne_ndot_version_A003.23_historical,ne_ndot_A003.23,,,"TRAFFIC SIGNAL, TYPE TS-1LFA",,EACH,,ne_ndot_aup_calendar_2021,false
ne_ndot_version_A003.24_historical,ne_ndot_A003.24,,,"TRAFFIC SIGNAL, TYPE TS-1LFF-A",,EACH,,ne_ndot_aup_calendar_2022,false
ne_ndot_version_A003.25_historical,ne_ndot_A003.25,,,"TRAFFIC SIGNAL, TYPE TS-1LFF",,EACH,,ne_ndot_aup_july_june_2025_2026,false
ne_ndot_version_A003.26_historical,ne_ndot_A003.26,,,"TRAFFIC SIGNAL, TYPE TS-1LR",,EACH,,ne_ndot_aup_calendar_2025,false
ne_ndot_version_A004.00_historical,ne_ndot_A004.00,,,"TRAFFIC SIGNAL, TYPE TS-1",,EACH,,ne_ndot_aup_july_june_2017_2018,false
ne_ndot_version_A004.04_historical,ne_ndot_A004.04,,,"TRAFFIC SIGNAL, TYPE TS-1LL",,EACH,,ne_ndot_aup_july_june_2025_2026,false
ne_ndot_version_A004.08_historical,ne_ndot_A004.08,,,"TRAFFIC SIGNAL, TYPE TS-1LL",,EACH,,ne_ndot_aup_july_june_2017_2018,false
ne_ndot_version_A004.13_historical,ne_ndot_A004.13,,,"TRAFFIC SIGNAL, TYPE TS-1LC",,EACH,,ne_ndot_aup_july_june_2023_2024,false
ne_ndot_version_A004.17_historical,ne_ndot_A004.17,,,"TRAFFIC SIGNAL, TYPE TS-1RB",,EACH,,ne_ndot_aup_july_june_2025_2026,false
ne_ndot_version_A004.18_historical,ne_ndot_A004.18,,,"TRAFFIC SIGNAL, TYPE TS-1LFT",,EACH,,ne_ndot_aup_calendar_2025,false
ne_ndot_version_A004.19_historical,ne_ndot_A004.19,,,"TRAFFIC SIGNAL, TYPE TS-1LF",,EACH,,ne_ndot_aup_july_june_2025_2026,false
ne_ndot_version_A004.20_historical,ne_ndot_A004.20,,,"TRAFFIC SIGNAL, TYPE TS-1L",,EACH,,ne_ndot_aup_july_june_2025_2026,false
ne_ndot_version_A004.22_historical,ne_ndot_A004.22,,,"TRAFFIC SIGNAL, TYPE TS-1LB",,EACH,,ne_ndot_aup_july_june_2025_2026,false
ne_ndot_version_A004.26_historical,ne_ndot_A004.26,,,"TRAFFIC SIGNAL, TYPE TS-1R",,EACH,,ne_ndot_aup_july_june_2025_2026,false
ne_ndot_version_A004.27_historical,ne_ndot_A004.27,,,"TRAFFIC SIGNAL, TYPE TS-1R-A",,EACH,,ne_ndot_aup_july_june_2025_2026,false
ne_ndot_version_A004.28_historical,ne_ndot_A004.28,,,"TRAFFIC SIGNAL, TYPE TS-1RR",,EACH,,ne_ndot_aup_july_june_2025_2026,false
ne_ndot_version_A004.29_historical,ne_ndot_A004.29,,,"TRAFFIC SIGNAL, TYPE TS-1RR",,EACH,,ne_ndot_aup_july_june_2018_2019,false
ne_ndot_version_A004.30_historical,ne_ndot_A004.30,,,"TRAFFIC SIGNAL, TYPE TS-4",,EACH,,ne_ndot_aup_calendar_2022,false
ne_ndot_version_A004.31_historical,ne_ndot_A004.31,,,"TRAFFIC SIGNAL, TYPE TS-1R-B",,EACH,,ne_ndot_aup_july_june_2017_2018,false
ne_ndot_version_A004.32_historical,ne_ndot_A004.32,,,"TRAFFIC SIGNAL, TYPE TS-1RFF",,EACH,,ne_ndot_aup_july_june_2025_2026,false
ne_ndot_version_A004.33_historical,ne_ndot_A004.33,,,"TRAFFIC SIGNAL, TYPE TS-1RFF-B",,EACH,,ne_ndot_aup_july_june_2017_2018,false
ne_ndot_version_A004.34_historical,ne_ndot_A004.34,,,"TRAFFIC SIGNAL, TYPE TS-1RFFA",,EACH,,ne_ndot_aup_july_june_2025_2026,false
ne_ndot_version_A004.35_historical,ne_ndot_A004.35,,,"TRAFFIC SIGNAL, TYPE TS-1LFA",,EACH,,ne_ndot_aup_july_june_2017_2018,false
ne_ndot_version_A004.36_historical,ne_ndot_A004.36,,,"TRAFFIC SIGNAL, TYPE TS-1RRA",,EACH,,ne_ndot_aup_july_june_2019_2020,false
ne_ndot_version_A004.37_historical,ne_ndot_A004.37,,,"TRAFFIC SIGNAL, TYPE TS-1U",,EACH,,ne_ndot_aup_july_june_2023_2024,false
ne_ndot_version_A004.38_historical,ne_ndot_A004.38,,,"TRAFFIC SIGNAL, TYPE TS-1H",,EACH,,ne_ndot_aup_july_june_2025_2026,false
ne_ndot_version_A004.40_historical,ne_ndot_A004.40,,,"TRAFFIC SIGNAL, TYPE TS-2",,EACH,,ne_ndot_aup_july_june_2025_2026,false
ne_ndot_version_A004.45_historical,ne_ndot_A004.45,,,"TRAFFIC SIGNAL, TYPE TS-1W",,EACH,,ne_ndot_aup_july_june_2017_2018,false
ne_ndot_version_A004.50_historical,ne_ndot_A004.50,,,TRAFFIC SIGNAL,,EACH,,ne_ndot_aup_july_june_2021_2022,false
ne_ndot_version_A004.55_historical,ne_ndot_A004.55,,,"TRAFFIC SIGNAL, TYPE TS-1RF",,EACH,,ne_ndot_aup_calendar_2025,false
ne_ndot_version_A004.57_historical,ne_ndot_A004.57,,,"TRAFFIC SIGNAL, TYPE TS-1RFF",,EACH,,ne_ndot_aup_calendar_2018,false
ne_ndot_version_A004.60_historical,ne_ndot_A004.60,,,"TRAFFIC SIGNAL, TYPE TS-1LFR",,EACH,,ne_ndot_aup_calendar_2025,false
ne_ndot_version_A004.61_historical,ne_ndot_A004.61,,,"TRAFFIC SIGNAL, TYPE TS-1LRFF",,EACH,,ne_ndot_aup_calendar_2025,false
ne_ndot_version_A004.62_historical,ne_ndot_A004.62,,,"TRAFFIC SIGNAL, TYPE TS-1RFA",,EACH,,ne_ndot_aup_calendar_2018,false
ne_ndot_version_A004.70_historical,ne_ndot_A004.70,,,"TRAFFIC SIGNAL, TYPE LS-1A, T11 FACE (W/BACKPLATE & B-4 ALTERNATE MOUNTING)",,EACH,,ne_ndot_aup_july_june_2020_2021,false
ne_ndot_version_A004.71_historical,ne_ndot_A004.71,,,"TRAFFIC SIGNAL, TYPE LS-1B, T16 FACE (W/BACKPLATE & B-4 ALTERNATE MOUNTING)",,EACH,,ne_ndot_aup_july_june_2020_2021,false
ne_ndot_version_A004.72_historical,ne_ndot_A004.72,,,MOUNTING),,EACH,,ne_ndot_aup_july_june_2020_2021,false
ne_ndot_version_A004.73_historical,ne_ndot_A004.73,,,"TRAFFIC SIGNAL, TYPE LS-1C, T25 FACE (W/ BACKPLATE & B-4 ALT. MOUNTING",,EACH,,ne_ndot_aup_july_june_2020_2021,false
ne_ndot_version_A004.74_historical,ne_ndot_A004.74,,,"TRAFFIC SIGNAL, TYPE TS-1X, T45 FACE (W/ BACKPLATE & MA-5 ALT. MOUNTING)",,EACH,,ne_ndot_aup_july_june_2020_2021,false
ne_ndot_version_A005.25_historical,ne_ndot_A005.25,,,"TRAFFIC SIGNAL CONTROLLER, TYPE TC-170",,EACH,,ne_ndot_aup_july_june_2022_2023,false
ne_ndot_version_A005.28_historical,ne_ndot_A005.28,,,"TRAFFIC SIGNAL CONTROLLER, TYPE TC-2070",,EACH,,ne_ndot_aup_july_june_2025_2026,false
ne_ndot_version_A005.29_historical,ne_ndot_A005.29,,,"TRAFFIC SIGNAL CONTROLLER, TYPE TC-2070",,EACH,,ne_ndot_aup_july_june_2018_2019,false
ne_ndot_version_A005.30_historical,ne_ndot_A005.30,,,"TRAFFIC SIGNAL CONTROLLER, TYPE RRFB-SOLAR",,EACH,,ne_ndot_aup_july_june_2025_2026,false
ne_ndot_version_A005.31_historical,ne_ndot_A005.31,,,"TRAFFIC SIGNAL CONTROLLER, TYPE TC-RRFB",,EACH,,ne_ndot_aup_july_june_2025_2026,false
ne_ndot_version_A005.41_historical,ne_ndot_A005.41,,,"TRAFFIC SIGNAL CONTROLLER, TYPE TC-FLASHER",,EACH,,ne_ndot_aup_july_june_2024_2025,false
ne_ndot_version_A005.42_historical,ne_ndot_A005.42,,,ADVANCED FLASHER,,EACH,,ne_ndot_aup_calendar_2025,false
ne_ndot_version_A005.43_historical,ne_ndot_A005.43,,,ADVANCE FLASHER ON SHAFT,,EACH,,ne_ndot_aup_july_june_2025_2026,false
ne_ndot_version_A005.82_historical,ne_ndot_A005.82,,,WIRELESS INTERCONNECT RADIO SYSTEM,,LS,,ne_ndot_aup_july_june_2021_2022,false
ne_ndot_version_A005.84_historical,ne_ndot_A005.84,,,WIRELESS INTERCONNECT RADIO SYSTEM,,LS,,ne_ndot_aup_july_june_2017_2018,false
ne_ndot_version_A005.86_historical,ne_ndot_A005.86,,,WIRELESS INTERCONNECT RADIO SYSTEM,,EACH,,ne_ndot_aup_july_june_2025_2026,false
ne_ndot_version_A005.88_historical,ne_ndot_A005.88,,,REMOVE AND REINSTALL WIRELESS INTERCONNECT RADIO SYSTEM,,LS,,ne_ndot_aup_july_june_2022_2023,false
ne_ndot_version_A005.89_historical,ne_ndot_A005.89,,,CABINET,,EACH,,ne_ndot_aup_july_june_2021_2022,false
ne_ndot_version_A005.90_historical,ne_ndot_A005.90,,,TRAFFIC SIGNAL CONTROLLER,,EACH,,ne_ndot_aup_calendar_2025,false
ne_ndot_version_A005.91_historical,ne_ndot_A005.91,,,PROVIDE AND INSTALL WIRELESS INTERCONNECT RADIO SYSTEM,,LS,,ne_ndot_aup_july_june_2022_2023,false
ne_ndot_version_A005.92_historical,ne_ndot_A005.92,,,PROVIDE AND INSTALL WIRELESS INTERCONNECT RADIO SYSTEM,,EACH,,ne_ndot_aup_calendar_2020,false
ne_ndot_version_A005.93_historical,ne_ndot_A005.93,,,ARC 6,,EACH,,ne_ndot_aup_july_june_2025_2026,false
ne_ndot_version_A005.95_historical,ne_ndot_A005.95,,,GATE CABINET FOUNDATION,,EACH,,ne_ndot_aup_calendar_2021,false
ne_ndot_version_A006.10_historical,ne_ndot_A006.10,,,AUDIBLE PEDESTRIAN SIGNAL,,EACH,,ne_ndot_aup_july_june_2017_2018,false
ne_ndot_version_A006.14_historical,ne_ndot_A006.14,,,"PEDESTRIAN SIGNAL, TYPE PS-1",,EACH,,ne_ndot_aup_july_june_2025_2026,false
ne_ndot_version_A006.17_historical,ne_ndot_A006.17,,,"PEDESTRIAN SIGNAL, TYPE PS-1 T13C",,EACH,,ne_ndot_aup_july_june_2025_2026,false
ne_ndot_version_A006.40_historical,ne_ndot_A006.40,,,REINSTALL VIDEO VEHICLE DETECTION SYSTEM,,EACH,,ne_ndot_aup_calendar_2025,false
ne_ndot_version_A006.46_historical,ne_ndot_A006.46,,,"CAMERA, INSTALL TRAFFIC MONITORING",,EACH,,ne_ndot_aup_calendar_2025,false
ne_ndot_version_A006.47_historical,ne_ndot_A006.47,,,PROVIDE AND INSTALL PAN-TILT-ZOOM MONITORING CAMERA SYSTEM,,EACH,,ne_ndot_aup_calendar_2020,false
ne_ndot_version_A006.48_historical,ne_ndot_A006.48,,,PROVIDE AND INSTALL RADAR VEHICLE DETECTION SYSTEM,,EACH,,ne_ndot_aup_calendar_2020,false
ne_ndot_version_A006.49_historical,ne_ndot_A006.49,,,PROVIDE AND INSTALL RADAR VEHICLE DETECTION SYSTEM,,LS,,ne_ndot_aup_july_june_2022_2023,false
ne_ndot_version_A006.50_historical,ne_ndot_A006.50,,,RADAR VEHICLE DETECTION SYSTEM,,LS,,ne_ndot_aup_july_june_2022_2023,false
ne_ndot_version_A006.51_historical,ne_ndot_A006.51,,,RADAR VEHICLE DETECTION SYSTEM,,LS,,ne_ndot_aup_july_june_2019_2020,false
ne_ndot_version_A006.52_historical,ne_ndot_A006.52,,,RADAR VEHICLE DETECTION SYSTEM,,LS,,ne_ndot_aup_july_june_2018_2019,false
ne_ndot_version_A006.57_historical,ne_ndot_A006.57,,,REMOVE AND REINSTALL RADAR VEHICLE DETECTION SYSTEM,,LS,,ne_ndot_aup_july_june_2018_2019,false
ne_ndot_version_A006.58_historical,ne_ndot_A006.58,,,REMOVE AND REINSTALL RADAR VEHICLE DETECTION SYSTEM,,LS,,ne_ndot_aup_july_june_2018_2019,false
ne_ndot_version_A006.59_historical,ne_ndot_A006.59,,,REMOVE AND REINSTALL RADAR VEHICLE DETECTION SYSTEM,,LS,,ne_ndot_aup_july_june_2018_2019,false
ne_ndot_version_A006.60_historical,ne_ndot_A006.60,,,RADAR VEHICLE DETECTION SYSTEM,,EACH,,ne_ndot_aup_july_june_2025_2026,false
ne_ndot_version_A006.61_historical,ne_ndot_A006.61,,,RADAR VEHICLE DETECTION SYSTEM,,EACH,,ne_ndot_aup_july_june_2017_2018,false
ne_ndot_version_A006.62_historical,ne_ndot_A006.62,,,RADAR VEHICLE DETECTION SYSTEM,,EACH,,ne_ndot_aup_july_june_2017_2018,false
ne_ndot_version_A006.63_historical,ne_ndot_A006.63,,,RADAR VEHICLE DETECTION SYSTEM,,EACH,,ne_ndot_aup_july_june_2017_2018,false
ne_ndot_version_A006.64_historical,ne_ndot_A006.64,,,REMOVE AND REINSTALL RADAR VEHICLE DETECTION SYSTEM,,LS,,ne_ndot_aup_july_june_2018_2019,false
ne_ndot_version_A006.65_historical,ne_ndot_A006.65,,,REMOVE AND REINSTALL RADAR VEHICLE DETECTION SYSTEM,,EACH,,ne_ndot_aup_calendar_2020,false
ne_ndot_version_A006.66_historical,ne_ndot_A006.66,,,REMOVE AND REINSTALL RADAR VEHICLE DETECTION SYSTEM,,LS,,ne_ndot_aup_july_june_2018_2019,false
ne_ndot_version_A006.67_historical,ne_ndot_A006.67,,,REMOVE AND REINSTALL RADAR VEHICLE DETECTION SYSTEM,,LS,,ne_ndot_aup_july_june_2018_2019,false
ne_ndot_version_A006.68_historical,ne_ndot_A006.68,,,REINSTALL RADAR VEHICLE DETECTION SYSTEM,,EACH,,ne_ndot_aup_july_june_2025_2026,false
ne_ndot_version_A006.69_historical,ne_ndot_A006.69,,,REINSTALL RADAR VEHICLE DETECTION SYSTEM,,EACH,,ne_ndot_aup_july_june_2018_2019,false
ne_ndot_version_A006.70_historical,ne_ndot_A006.70,,,"PEDESTRIAN PUSHBUTTON, TYPE PPB",,EACH,,ne_ndot_aup_july_june_2025_2026,false
ne_ndot_version_A006.71_historical,ne_ndot_A006.71,,,PEDESTRIAN PUSHBUTTON,,EACH,,ne_ndot_aup_calendar_2025,false
ne_ndot_version_A006.72_historical,ne_ndot_A006.72,,,ACCESSIBLE PEDESTRIAN SIGNAL PUSHBUTTON,,EACH,,ne_ndot_aup_july_june_2025_2026,false
ne_ndot_version_A006.73_historical,ne_ndot_A006.73,,,REMOVE AND REINSTALL RADAR VEHICLE DETECTION SYSTEM,,LS,,ne_ndot_aup_july_june_2020_2021,false
ne_ndot_version_A006.74_historical,ne_ndot_A006.74,,,PEDESTAL POLE,,EACH,,ne_ndot_aup_july_june_2025_2026,false
ne_ndot_version_A006.76_historical,ne_ndot_A006.76,,,"PEDESTAL POLE, TYPE PP-4",,EACH,,ne_ndot_aup_july_june_2025_2026,false
ne_ndot_version_A006.78_historical,ne_ndot_A006.78,,,REMOVE AND REINSTALL RADAR VEHICLE DETECTION SYSTEM,,LS,,ne_ndot_aup_july_june_2022_2023,false
ne_ndot_version_A006.79_historical,ne_ndot_A006.79,,,APS PEDESTRIAN PUSHBUTTON DETECTOR,,EACH,,ne_ndot_aup_july_june_2025_2026,false
ne_ndot_version_A006.80_historical,ne_ndot_A006.80,,,"PEDESTAL POLE, TYPE PP-8",,EACH,,ne_ndot_aup_july_june_2017_2018,false
ne_ndot_version_A006.81_historical,ne_ndot_A006.81,,,"PEDESTAL POLE, TYPE PP-11",,EACH,,ne_ndot_aup_july_june_2023_2024,false
ne_ndot_version_A006.83_historical,ne_ndot_A006.83,,,"PEDESTAL POLE, TYPE PP-12",,EACH,,ne_ndot_aup_july_june_2025_2026,false
ne_ndot_version_A006.84_historical,ne_ndot_A006.84,,,"PEDESTAL POLE, TYPE PP-10",,EACH,,ne_ndot_aup_july_june_2025_2026,false
ne_ndot_version_A006.85_historical,ne_ndot_A006.85,,,"PEDESTAL POLE, TYPE PP-10",,EACH,,ne_ndot_aup_july_june_2019_2020,false
ne_ndot_version_A006.87_historical,ne_ndot_A006.87,,,"PEDESTAL POLE, TYPE PP-13",,EACH,,ne_ndot_aup_july_june_2024_2025,false
ne_ndot_version_A006.88_historical,ne_ndot_A006.88,,,"PEDESTAL POLE, TYPE PP-14",,EACH,,ne_ndot_aup_calendar_2025,false
ne_ndot_version_A006.91_historical,ne_ndot_A006.91,,,"PEDESTAL POLE, TYPE PP-15",,EACH,,ne_ndot_aup_july_june_2023_2024,false
ne_ndot_version_A006.98_historical,ne_ndot_A006.98,,,"VEHICLE DETECTOR, TYPE A PREFORMED",,EACH,,ne_ndot_aup_july_june_2020_2021,false
ne_ndot_version_A007.00_historical,ne_ndot_A007.00,,,"VEHICLE DETECTOR, TYPE B PREFORMED",,EACH,,ne_ndot_aup_july_june_2020_2021,false
ne_ndot_version_A007.02_historical,ne_ndot_A007.02,,,"VEHICLE DETECTOR, TYPE 2",,EACH,,ne_ndot_aup_calendar_2020,false
ne_ndot_version_A007.05_historical,ne_ndot_A007.05,,,"VEHICLE DETECTOR, TYPE 3",,EACH,,ne_ndot_aup_july_june_2017_2018,false
ne_ndot_version_A007.06_historical,ne_ndot_A007.06,,,"VEHICLE DETECTOR, TYPE 3 UC",,EACH,,ne_ndot_aup_july_june_2017_2018,false
ne_ndot_version_A007.08_historical,ne_ndot_A007.08,,,"VEHICLE DETECTOR, TYPE TD-3",,EACH,,ne_ndot_aup_july_june_2025_2026,false
ne_ndot_version_A007.15_historical,ne_ndot_A007.15,,,"VEHICLE DETECTOR, TYPE TD-5",,EACH,,ne_ndot_aup_july_june_2018_2019,false
ne_ndot_version_A007.16_historical,ne_ndot_A007.16,,,"VEHICLE DETECTOR, TYPE TD-5A",,EACH,,ne_ndot_aup_july_june_2018_2019,false
ne_ndot_version_A007.19_historical,ne_ndot_A007.19,,,"VEHICLE DETECTOR, TYPE TD-5B",,EACH,,ne_ndot_aup_july_june_2018_2019,false
ne_ndot_version_A007.23_historical,ne_ndot_A007.23,,,VEHICLE DETECTOR CAMERA,,EACH,,ne_ndot_aup_calendar_2025,false
ne_ndot_version_A007.25_historical,ne_ndot_A007.25,,,REMOVE VEHICLE DETECTOR,,EACH,,ne_ndot_aup_calendar_2022,false
ne_ndot_version_A007.27_historical,ne_ndot_A007.27,,,VEHICLE DETECTOR,,EACH,,ne_ndot_aup_july_june_2017_2018,false
ne_ndot_version_A007.32_historical,ne_ndot_A007.32,,,STREET LIGHTING UNIT,,EACH,,ne_ndot_aup_july_june_2025_2026,false
ne_ndot_version_A007.34_historical,ne_ndot_A007.34,,,STREET LIGHTING UNIT,,EACH,,ne_ndot_aup_july_june_2018_2019,false
ne_ndot_version_A007.37_historical,ne_ndot_A007.37,,,"VEHICLE DETECTOR, TYPE RADAR",,EACH,,ne_ndot_aup_calendar_2021,false
ne_ndot_version_A007.38_historical,ne_ndot_A007.38,,,RADAR VEHICLE DETECTOR,,EACH,,ne_ndot_aup_july_june_2025_2026,false
ne_ndot_version_A007.41_historical,ne_ndot_A007.41,,,"STREET LIGHTING UNIT, TYPE SL-A-C-50-12T-5-0.40-PC",,EACH,,ne_ndot_aup_july_june_2017_2018,false
ne_ndot_version_A007.49_historical,ne_ndot_A007.49,,,"STREET LIGHTING UNIT, TYPE SL-A-C-35-6-3-SC",,EACH,,ne_ndot_aup_calendar_2018,false
ne_ndot_version_A007.59_historical,ne_ndot_A007.59,,,"STREET LIGHTING UNIT, TYPE SL-A-S-35-6-3-SC",,EACH,,ne_ndot_aup_july_june_2017_2018,false
ne_ndot_version_A007.62_historical,ne_ndot_A007.62,,,"STREET LIGHTING UNIT, TYPE SL-A-C-40-12T-5",,EACH,,ne_ndot_aup_july_june_2017_2018,false
ne_ndot_version_A007.63_historical,ne_ndot_A007.63,,,ADVANCED RADAR VEHICLE DETECTOR,,EACH,,ne_ndot_aup_july_june_2020_2021,false
ne_ndot_version_A007.64_historical,ne_ndot_A007.64,,,"STREET LIGHTING UNIT, TYPE SL-A-20-0-LED",,EACH,,ne_ndot_aup_calendar_2024,false
ne_ndot_version_A007.65_historical,ne_ndot_A007.65,,,RADAR DETECTION DEVICE,,EACH,,ne_ndot_aup_july_june_2025_2026,false
ne_ndot_version_A007.73_historical,ne_ndot_A007.73,,,"STREET LIGHTING UNIT, TYPE SL-BT-25-12-LED15",,EACH,,ne_ndot_aup_july_june_2018_2019,false
ne_ndot_version_A007.74_historical,ne_ndot_A007.74,,,"STREET LIGHTING UNIT, TYPE SL-BT-25-1-LED",,EACH,,ne_ndot_aup_calendar_2024,false
ne_ndot_version_A007.76_historical,ne_ndot_A007.76,,,"STREET LIGHTING UNIT, TYPE SL-A-25-1-LED",,EACH,,ne_ndot_aup_calendar_2024,false
ne_ndot_version_A008.03_historical,ne_ndot_A008.03,,,"STREET LIGHTING UNIT, TYPE SL-A-30-4-LED25",,EACH,,ne_ndot_aup_calendar_2022,false
ne_ndot_version_A008.04_historical,ne_ndot_A008.04,,,"STREET LIGHTING UNIT, TYPE SL-A-30-6-LED25",,EACH,,ne_ndot_aup_calendar_2022,false
ne_ndot_version_A008.08_historical,ne_ndot_A008.08,,,"STREET LIGHTING UNIT, TYPE SL-A-30-8-LED25",,EACH,,ne_ndot_aup_calendar_2022,false
ne_ndot_version_A008.10_historical,ne_ndot_A008.10,,,"STREET LIGHTING UNIT, TYPE SL-A-22-2-LED25-F",,EACH,,ne_ndot_aup_july_june_2023_2024,false
ne_ndot_version_A008.11_historical,ne_ndot_A008.11,,,"STREET LIGHTING UNIT, TYPE SL-S-35-12-0.25",,EACH,,ne_ndot_aup_july_june_2017_2018,false
ne_ndot_version_A008.12_historical,ne_ndot_A008.12,,,"STREET LIGHTING UNIT, TYPE SL-A-20-4-LED25",,EACH,,ne_ndot_aup_calendar_2022,false
ne_ndot_version_A008.13_historical,ne_ndot_A008.13,,,"STREET LIGHTING UNIT, TYPE SL-A-24-4-LED25",,EACH,,ne_ndot_aup_calendar_2022,false
ne_ndot_version_A008.14_historical,ne_ndot_A008.14,,,"STREET LIGHTING UNIT, TYPE SL-A-24-6-LED25",,EACH,,ne_ndot_aup_calendar_2022,false
ne_ndot_version_A008.15_historical,ne_ndot_A008.15,,,"STREET LIGHTING UNIT, TYPE SL-A-28-4-LED25",,EACH,,ne_ndot_aup_calendar_2022,false
ne_ndot_version_A008.16_historical,ne_ndot_A008.16,,,"STREET LIGHTING UNIT, TYPE SL-A-28-6-LED25",,EACH,,ne_ndot_aup_calendar_2022,false
ne_ndot_version_A008.37_historical,ne_ndot_A008.37,,,"STREET LIGHTING UNIT, TYPE SL-A-36-4-LED25",,EACH,,ne_ndot_aup_calendar_2022,false
ne_ndot_version_A008.40_historical,ne_ndot_A008.40,,,"STREET LIGHTING UNIT, TYPE SL-A-36-6-LED25",,EACH,,ne_ndot_aup_calendar_2022,false
ne_ndot_version_A008.47_historical,ne_ndot_A008.47,,,"STREET LIGHTING UNIT, TYPE SL-A-38-4-LED25",,EACH,,ne_ndot_aup_calendar_2022,false
ne_ndot_version_A008.60_historical,ne_ndot_A008.60,,,"STREET LIGHTING UNIT, TYPE SL-A-35-12-0.25",,EACH,,ne_ndot_aup_july_june_2017_2018,false
ne_ndot_version_A008.68_historical,ne_ndot_A008.68,,,"STREET LIGHTING UNIT, TYPE SL-A-38-6-LED25",,EACH,,ne_ndot_aup_calendar_2022,false
ne_ndot_version_A008.70_historical,ne_ndot_A008.70,,,"STREET LIGHTING UNIT, TYPE SL-S-40-6-LED40",,EACH,,ne_ndot_aup_july_june_2025_2026,false
ne_ndot_version_A008.76_historical,ne_ndot_A008.76,,,"STREET LIGHTING UNIT, TYPE SL-S-40-4-0.20",,EACH,,ne_ndot_aup_calendar_2019,false
ne_ndot_version_A008.81_historical,ne_ndot_A008.81,,,"STREET LIGHTING UNIT, TYPE SL-BT-35-12-LED25",,EACH,,ne_ndot_aup_july_june_2025_2026,false
ne_ndot_version_A008.86_historical,ne_ndot_A008.86,,,"STREET LIGHTING UNIT, TYPE SL-A-40-12-0.20",,EACH,,ne_ndot_aup_calendar_2019,false
ne_ndot_version_A008.93_historical,ne_ndot_A008.93,,,"STREET LIGHTING UNIT, TYPE SL-S-40-12-0.20",,EACH,,ne_ndot_aup_july_june_2018_2019,false
ne_ndot_version_A008.96_historical,ne_ndot_A008.96,,,"STREET LIGHTING UNIT, TYPE SL-A-40-8-0.20",,EACH,,ne_ndot_aup_calendar_2019,false
ne_ndot_version_A008.99_historical,ne_ndot_A008.99,,,"STREET LIGHTING UNIT, TYPE SL-BT-40-12-0.25",,EACH,,ne_ndot_aup_july_june_2022_2023,false
ne_ndot_version_A009.07_historical,ne_ndot_A009.07,,,"STREET LIGHTING UNIT, TYPE SL-S-40-4-0.25",,EACH,,ne_ndot_aup_july_june_2017_2018,false
ne_ndot_version_A009.08_historical,ne_ndot_A009.08,,,"STREET LIGHTING UNIT, TYPE SL-A-40-6-0.25",,EACH,,ne_ndot_aup_july_june_2018_2019,false
ne_ndot_version_A009.12_historical,ne_ndot_A009.12,,,"STREET LIGHTING UNIT, TYPE SL-A-40-12-LED25",,EACH,,ne_ndot_aup_july_june_2025_2026,false
ne_ndot_version_A009.13_historical,ne_ndot_A009.13,,,"STREET LIGHTING UNIT, TYPE SL-A-40-12-LED20",,EACH,,ne_ndot_aup_july_june_2025_2026,false
ne_ndot_version_A009.16_historical,ne_ndot_A009.16,,,"STREET LIGHTING UNIT, TYPE SL-BT-40-12-0.20",,EACH,,ne_ndot_aup_july_june_2018_2019,false
ne_ndot_version_A009.32_historical,ne_ndot_A009.32,,,"STREET LIGHTING UNIT, TYPE SL-S-40-10-LED25",,EACH,,ne_ndot_aup_calendar_2025,false
ne_ndot_version_A009.35_historical,ne_ndot_A009.35,,,"STREET LIGHTING UNIT, TYPE SL-BT-40-12-12-LED",,EACH,,ne_ndot_aup_july_june_2023_2024,false
ne_ndot_version_A009.60_historical,ne_ndot_A009.60,,,"STREET LIGHTING UNIT, TYPE SL-BT-40-12-LED20",,EACH,,ne_ndot_aup_july_june_2025_2026,false
ne_ndot_version_A009.61_historical,ne_ndot_A009.61,,,"STREET LIGHTING UNIT, TYPE SL-BT-45-12-LED40",,EACH,,ne_ndot_aup_july_june_2023_2024,false
ne_ndot_version_A010.00_historical,ne_ndot_A010.00,,,"LUMINAIRE CONVERSION, TYPE 400",,EACH,,ne_ndot_aup_calendar_2023,false
ne_ndot_version_A010.02_historical,ne_ndot_A010.02,,,"LUMINAIRE, TYPE LED-SC",,EACH,,ne_ndot_aup_july_june_2017_2018,false
ne_ndot_version_A010.03_historical,ne_ndot_A010.03,,,"REPLACEMENT LUMINAIRE, TYPE A LED",,EACH,,ne_ndot_aup_july_june_2017_2018,false
ne_ndot_version_A010.09_historical,ne_ndot_A010.09,,,"LUMINAIRE, TYPE HPS-200W",,EACH,,ne_ndot_aup_july_june_2022_2023,false
ne_ndot_version_A010.13_historical,ne_ndot_A010.13,,,"REPLACEMENT ROADWAY LUMINAIRE, TYPE",,EACH,,ne_ndot_aup_july_june_2024_2025,false
ne_ndot_version_A010.18_historical,ne_ndot_A010.18,,,"REPLACEMENT LUMINAIRE, TYPE LED",,EACH,,ne_ndot_aup_july_june_2025_2026,false
ne_ndot_version_A010.19_historical,ne_ndot_A010.19,,,"REPLACEMENT LUMINAIRE, TYPE LED25",,EACH,,ne_ndot_aup_july_june_2025_2026,false
ne_ndot_version_A010.20_historical,ne_ndot_A010.20,,,"LUMINAIRE, TYPE HML-A-1KW",,EACH,,ne_ndot_aup_july_june_2017_2018,false
ne_ndot_version_A010.21_historical,ne_ndot_A010.21,,,"REPLACEMENT LUMINAIRE, TYPE LED15",,EACH,,ne_ndot_aup_july_june_2018_2019,false
ne_ndot_version_A010.22_historical,ne_ndot_A010.22,,,REPLACEMENT LUMINAIRE,,EACH,,ne_ndot_aup_july_june_2025_2026,false
ne_ndot_version_A010.26_historical,ne_ndot_A010.26,,,"LUMINAIRE, TYPE HML-V-1KW",,EACH,,ne_ndot_aup_july_june_2017_2018,false
ne_ndot_version_A010.29_historical,ne_ndot_A010.29,,,"LUMINAIRE, TYPE LED",,EACH,,ne_ndot_aup_july_june_2025_2026,false
ne_ndot_version_A010.37_historical,ne_ndot_A010.37,,,33' GREY LED-PC LUMINAIRE,,EACH,,ne_ndot_aup_calendar_2025,false
ne_ndot_version_A010.38_historical,ne_ndot_A010.38,,,52' GREY LED-PC LUMINAIRE,,EACH,,ne_ndot_aup_calendar_2024,false
ne_ndot_version_A010.41_historical,ne_ndot_A010.41,,,"LUMINAIRE, TYPE HML-A-LED40",,EACH,,ne_ndot_aup_july_june_2025_2026,false
ne_ndot_version_A010.42_historical,ne_ndot_A010.42,,,"LUMINAIRE, TYPE HML-V-LED40",,EACH,,ne_ndot_aup_july_june_2025_2026,false
ne_ndot_version_A010.49_historical,ne_ndot_A010.49,,,LED STREET LIGHTING LUMINAIRE,,EACH,,ne_ndot_aup_july_june_2025_2026,false
ne_ndot_version_A010.53_historical,ne_ndot_A010.53,,,200W STREET LIGHTING LUMINAIRE,,EACH,,ne_ndot_aup_july_june_2022_2023,false
ne_ndot_version_A010.54_historical,ne_ndot_A010.54,,,LUMINAIRE,,EACH,,ne_ndot_aup_july_june_2025_2026,false
ne_ndot_version_A010.56_historical,ne_ndot_A010.56,,,"LUMINAIRE, TYPE LED25",,EACH,,ne_ndot_aup_july_june_2025_2026,false
ne_ndot_version_A010.60_historical,ne_ndot_A010.60,,,"UNDERDECK LUMINAIRE, TYPE UD-100",,EACH,,ne_ndot_aup_july_june_2017_2018,false
ne_ndot_version_A010.61_historical,ne_ndot_A010.61,,,"UNDERDECK LUMINAIRE, TYPE UD-150",,EACH,,ne_ndot_aup_july_june_2018_2019,false
ne_ndot_version_A010.62_historical,ne_ndot_A010.62,,,80' GREY LED-PC LUMINAIRE,,EACH,,ne_ndot_aup_calendar_2025,false
ne_ndot_version_A010.67_historical,ne_ndot_A010.67,,,"LUMINAIRE, TYPE W-200",,EACH,,ne_ndot_aup_july_june_2017_2018,false
ne_ndot_version_A010.70_historical,ne_ndot_A010.70,,,LUMINAIRE,,EACH,,ne_ndot_aup_calendar_2020,false
ne_ndot_version_A010.71_historical,ne_ndot_A010.71,,,LUMINAIRE,,EACH,,ne_ndot_aup_july_june_2017_2018,false
ne_ndot_version_A010.76_historical,ne_ndot_A010.76,,,LUMINAIRE ARM,,EACH,,ne_ndot_aup_july_june_2019_2020,false
ne_ndot_version_A010.80_historical,ne_ndot_A010.80,,,"UNDERDECK LUMINAIRE, TYPE UD-25",,EACH,,ne_ndot_aup_july_june_2025_2026,false
ne_ndot_version_A010.86_historical,ne_ndot_A010.86,,,LOW MOUNT LIGHTING UNIT,,EACH,,ne_ndot_aup_calendar_2020,false
ne_ndot_version_A010.88_historical,ne_ndot_A010.88,,,PEDESTRIAN WALKWAY LUMINAIRE,,EACH,,ne_ndot_aup_calendar_2020,false
ne_ndot_version_A010.89_historical,ne_ndot_A010.89,,,UNDERDECK LUMINAIRE,,EACH,,ne_ndot_aup_calendar_2022,false
ne_ndot_version_A010.94_historical,ne_ndot_A010.94,,,"STREET LIGHTING UNIT, TYPE SL-A-45-6-LED",,EACH,,ne_ndot_aup_july_june_2025_2026,false
ne_ndot_version_A010.95_historical,ne_ndot_A010.95,,,REPLACEMENT UNDERDECK LUMINAIRE,,EACH,,ne_ndot_aup_calendar_2023,false
ne_ndot_version_A010.97_historical,ne_ndot_A010.97,,,"COMBINATION FREEWAY GUIDE SIGN, MAST ARM SIGNAL AND LIGHTING POLE, TYPE CFMP-60-12-40",,EACH,,ne_ndot_aup_july_june_2018_2019,false
ne_ndot_version_A010.98_historical,ne_ndot_A010.98,,,"INSTALL STREET LIGHTING UNIT, TYPE SL-BT-40-12-LED",,EACH,,ne_ndot_aup_july_june_2023_2024,false
ne_ndot_version_A011.14_historical,ne_ndot_A011.14,,,"COMBINATION MAST ARM SIGNAL AND LIGHTING POLE, TYPE CMP-25-15-40",,EACH,,ne_ndot_aup_july_june_2018_2019,false
ne_ndot_version_A011.22_historical,ne_ndot_A011.22,,,"COMBINATION MAST ARM POLE, TYPE CMP-30-33-6-3",,EACH,,ne_ndot_aup_calendar_2024,false
ne_ndot_version_A011.23_historical,ne_ndot_A011.23,,,COMBINATION MAST ARM SIGNAL AND LIGHTING POLE,,EACH,,ne_ndot_aup_july_june_2025_2026,false
ne_ndot_version_A011.24_historical,ne_ndot_A011.24,,,"COMBINATION MAST ARM SIGNAL AND LIGHTING POLE, TYPE CMP-30-12",,EACH,,ne_ndot_aup_july_june_2023_2024,false
ne_ndot_version_A011.25_historical,ne_ndot_A011.25,,,COMBINATION MAST ARM POLE,,EACH,,ne_ndot_aup_calendar_2025,false
ne_ndot_version_A011.28_historical,ne_ndot_A011.28,,,"COMBINATION MAST ARM SIGNAL AND LIGHTING POLE, TYPE CMP-35-40-12",,EACH,,ne_ndot_aup_july_june_2025_2026,false
ne_ndot_version_A011.35_historical,ne_ndot_A011.35,,,"COMBINATION MAST ARM POLE, TYPE CMP-34-33-6-3",,EACH,,ne_ndot_aup_calendar_2024,false
ne_ndot_version_A011.40_historical,ne_ndot_A011.40,,,"COMBINATION MAST ARM SIGNAL AND LIGHTING POLE, TYPE CMP-35-12",,EACH,,ne_ndot_aup_calendar_2023,false
ne_ndot_version_A011.62_historical,ne_ndot_A011.62,,,"COMBINATION MAST ARM SIGNAL AND LIGHTING POLE, TYPE CMP",,EACH,,ne_ndot_aup_calendar_2024,false
ne_ndot_version_A011.63_historical,ne_ndot_A011.63,,,"COMBINATION MAST ARM SIGNAL AND LIGHTING POLE, TYPE CMP-45-45-12",,EACH,,ne_ndot_aup_calendar_2023,false
ne_ndot_version_A011.64_historical,ne_ndot_A011.64,,,"COMBINATION MAST ARM SIGNAL AND LIGHTING POLE, TYPE CMP-60-30-12",,EACH,,ne_ndot_aup_calendar_2023,false
ne_ndot_version_A011.65_historical,ne_ndot_A011.65,,,"COMBINATION MAST ARM SIGNAL AND LIGHTING POLE, TYPE CMP-40-12",,EACH,,ne_ndot_aup_july_june_2025_2026,false
ne_ndot_version_A011.82_historical,ne_ndot_A011.82,,,"COMBINATION MAST ARM POLE, TYPE CMP-40-52-6-3",,EACH,,ne_ndot_aup_calendar_2024,false
ne_ndot_version_A011.89_historical,ne_ndot_A011.89,,,"COMBINATION MAST ARM SIGNAL AND LIGHTING POLE, TYPE CMP-45-0",,EACH,,ne_ndot_aup_july_june_2017_2018,false
ne_ndot_version_A011.91_historical,ne_ndot_A011.91,,,"COMBINATION MAST ARM SIGNAL AND LIGHTING POLE, TYPE CMP-55-0",,EACH,,ne_ndot_aup_calendar_2021,false
ne_ndot_version_A011.98_historical,ne_ndot_A011.98,,,"COMBINATION MAST ARM SIGNAL AND LIGHTING POLE, TYPE CMP-70-12",,EACH,,ne_ndot_aup_calendar_2019,false
ne_ndot_version_A012.05_historical,ne_ndot_A012.05,,,"COMBINATION MAST ARM SIGNAL AND LIGHTING POLE, TYPE CMP-45-12",,EACH,,ne_ndot_aup_calendar_2024,false
ne_ndot_version_A012.08_historical,ne_ndot_A012.08,,,"COMBINATION MAST ARM SIGNAL AND LIGHTING POLE, TYPE CMP-45-12",,EACH,,ne_ndot_aup_calendar_2024,false
ne_ndot_version_A012.60_historical,ne_ndot_A012.60,,,"COMBINATION MAST ARM SIGNAL AND LIGHTING POLE, TYPE CMP-50-12",,EACH,,ne_ndot_aup_calendar_2024,false
ne_ndot_version_A012.65_historical,ne_ndot_A012.65,,,"COMBINATION MAST ARM SIGNAL AND LIGHTING POLE, TYPE MA2-44-50-12T-5.0",,EACH,,ne_ndot_aup_july_june_2017_2018,false
ne_ndot_version_A012.78_historical,ne_ndot_A012.78,,,"COMBINATION MAST ARM SIGNAL AND LIGHTING POLE, TYPE CMP-55-12",,EACH,,ne_ndot_aup_july_june_2022_2023,false
ne_ndot_version_A012.80_historical,ne_ndot_A012.80,,,"COMBINATION MAST ARM SIGNAL AND LIGHTING POLE, TYPE CMP-55-12",,EACH,,ne_ndot_aup_calendar_2023,false
ne_ndot_version_A012.82_historical,ne_ndot_A012.82,,,"COMBINATION MAST ARM SIGNAL AND LIGHTING POLE, TYPE CMP-60-12-40",,EACH,,ne_ndot_aup_july_june_2018_2019,false
ne_ndot_version_A012.83_historical,ne_ndot_A012.83,,,"COMBINATION MAST ARM SIGNAL AND LIGHTING POLE, TYPE CMP-65-12-40",,EACH,,ne_ndot_aup_july_june_2022_2023,false
ne_ndot_version_A012.85_historical,ne_ndot_A012.85,,,"COMBINATION MAST ARM SIGNAL AND LIGHTING POLE, TYPE CMP-60-6",,EACH,,ne_ndot_aup_july_june_2018_2019,false
ne_ndot_version_A012.90_historical,ne_ndot_A012.90,,,"COMBINATION MAST ARM SIGNAL AND LIGHTING POLE, TYPE CMP-60-12",,EACH,,ne_ndot_aup_july_june_2025_2026,false
ne_ndot_version_A012.95_historical,ne_ndot_A012.95,,,"COMBINATION MAST ARM SIGNAL AND LIGHTING POLE, TYPE CMP-65-12",,EACH,,ne_ndot_aup_july_june_2025_2026,false
ne_ndot_version_A012.98_historical,ne_ndot_A012.98,,,"COMBINATION MAST ARM SIGNAL AND LIGHTING POLE, TYPE CMP-70-12",,EACH,,ne_ndot_aup_july_june_2023_2024,false
ne_ndot_version_A012.99_historical,ne_ndot_A012.99,,,"COMBINATION MAST ARM SIGNAL AND LIGHTING POLE, TYPE CMP-70-40-12",,EACH,,ne_ndot_aup_july_june_2025_2026,false
ne_ndot_version_A013.02_historical,ne_ndot_A013.02,,,"COMBINATION MAST ARM SIGNAL AND LIGHTING POLE, TYPE CMP-75-12",,EACH,,ne_ndot_aup_july_june_2020_2021,false
ne_ndot_version_A013.03_historical,ne_ndot_A013.03,,,"COMBINATION MAST ARM SIGNAL AND LIGHTING POLE, TYPE CMP-0-12-30",,EACH,,ne_ndot_aup_july_june_2018_2019,false
ne_ndot_version_A013.05_historical,ne_ndot_A013.05,,,"COMBINATION MAST ARM SIGNAL AND LIGHTING POLE, TYPE CMP-0-12-40",,EACH,,ne_ndot_aup_july_june_2025_2026,false
ne_ndot_version_A013.06_historical,ne_ndot_A013.06,,,"COMBINATION MAST ARM SIGNAL AND LIGHTING POLE, TYPE CMP-0-12-40",,EACH,,ne_ndot_aup_july_june_2020_2021,false
ne_ndot_version_A013.08_historical,ne_ndot_A013.08,,,"COMBINATION MAST ARM SIGNAL AND LIGHTING POLE, TYPE CMP-35-12-40",,EACH,,ne_ndot_aup_calendar_2020,false
ne_ndot_version_A013.09_historical,ne_ndot_A013.09,,,"COMBINATION MAST ARM SIGNAL AND LIGHTING POLE, TYPE CMP-50-12-40",,EACH,,ne_ndot_aup_july_june_2022_2023,false
ne_ndot_version_A013.13_historical,ne_ndot_A013.13,,,"COMBINATION MAST ARM SIGNAL AND LIGHTING POLE, TYPE CMP-65-40-12",,EACH,,ne_ndot_aup_july_june_2025_2026,false
ne_ndot_version_A013.50_historical,ne_ndot_A013.50,,,"COMBINATION FREEWAY GUIDE SIGN, MAST ARM SIGNAL AND LIGHT POLE, TYPE CFMP-45-15-40",,EACH,,ne_ndot_aup_july_june_2018_2019,false
ne_ndot_version_A014.31_historical,ne_ndot_A014.31,,,BREAKER,,EACH,,ne_ndot_aup_calendar_2021,false
ne_ndot_version_A014.41_historical,ne_ndot_A014.41,,,CONCRETE POLE INSTALLATION,,EACH,,ne_ndot_aup_calendar_2020,false
ne_ndot_version_A014.45_historical,ne_ndot_A014.45,,,40' WOOD POLE,,EACH,,ne_ndot_aup_july_june_2025_2026,false
ne_ndot_version_A014.46_historical,ne_ndot_A014.46,,,WOOD POLE,,EACH,,ne_ndot_aup_july_june_2018_2019,false
ne_ndot_version_A014.47_historical,ne_ndot_A014.47,,,WOOD POLE,,EACH,,ne_ndot_aup_july_june_2018_2019,false
ne_ndot_version_A014.48_historical,ne_ndot_A014.48,,,WOOD POLE,,EACH,,ne_ndot_aup_july_june_2018_2019,false
ne_ndot_version_A014.50_historical,ne_ndot_A014.50,,,WOOD POLE,,EACH,,ne_ndot_aup_july_june_2017_2018,false
ne_ndot_version_A014.51_historical,ne_ndot_A014.51,,,LIGHTING UNIT,,EACH,,ne_ndot_aup_calendar_2020,false
ne_ndot_version_A014.52_historical,ne_ndot_A014.52,,,40' WOOD POLE W/12' LUMINAIRE ARM,,EACH,,ne_ndot_aup_july_june_2022_2023,false
ne_ndot_version_A014.53_historical,ne_ndot_A014.53,,,STREET LIGHT POLE,,EACH,,ne_ndot_aup_july_june_2020_2021,false
ne_ndot_version_A014.54_historical,ne_ndot_A014.54,,,REMOVE POLE,,EACH,,ne_ndot_aup_calendar_2021,false
ne_ndot_version_A014.61_historical,ne_ndot_A014.61,,,"SIGNAL POLE, TYPE P",,EACH,,ne_ndot_aup_calendar_2019,false
ne_ndot_version_A014.65_historical,ne_ndot_A014.65,,,PLUMB LIGHTING UNIT,,EACH,,ne_ndot_aup_july_june_2025_2026,false
ne_ndot_version_A014.74_historical,ne_ndot_A014.74,,,ELECTRICAL METER PEDESTAL,,EACH,,ne_ndot_aup_calendar_2025,false
ne_ndot_version_A014.75_historical,ne_ndot_A014.75,,,METER PEDESTAL,,EACH,,ne_ndot_aup_july_june_2025_2026,false
ne_ndot_version_A014.76_historical,ne_ndot_A014.76,,,SERVICE METER AND PEDESTAL,,EACH,,ne_ndot_aup_july_june_2025_2026,false
ne_ndot_version_A014.77_historical,ne_ndot_A014.77,,,COMBINATION METER/SERVICE ENTRANCE,,EACH,,ne_ndot_aup_calendar_2021,false
ne_ndot_version_A014.80_historical,ne_ndot_A014.80,,,"2"" PERFORATED SQUARE TUBE POST",,LF,,ne_ndot_aup_july_june_2025_2026,false
ne_ndot_version_A014.81_historical,ne_ndot_A014.81,,,"2"" PERFORATED SQUARE STEEL TUBE POST",,LF,,ne_ndot_aup_july_june_2025_2026,false
ne_ndot_version_A016.38_historical,ne_ndot_A016.38,,,"MAST ARM SIGNAL POLE, TYPE MP-15",,EACH,,ne_ndot_aup_calendar_2020,false
ne_ndot_version_A016.39_historical,ne_ndot_A016.39,,,MAST ARM SIGNAL POLE,,EACH,,ne_ndot_aup_july_june_2025_2026,false
ne_ndot_version_A016.40_historical,ne_ndot_A016.40,,,"MAST ARM SIGNAL POLE, TYPE MP-20",,EACH,,ne_ndot_aup_calendar_2021,false
ne_ndot_version_A016.45_historical,ne_ndot_A016.45,,,"MAST ARM SIGNAL POLE, TYPE MP-25",,EACH,,ne_ndot_aup_july_june_2022_2023,false
ne_ndot_version_A016.50_historical,ne_ndot_A016.50,,,"MAST ARM SIGNAL POLE, TYPE MP-30",,EACH,,ne_ndot_aup_july_june_2023_2024,false
ne_ndot_version_A016.53_historical,ne_ndot_A016.53,,,"MAST ARM SIGNAL POLE, TYPE MP-30-60",,EACH,,ne_ndot_aup_july_june_2017_2018,false
ne_ndot_version_A016.55_historical,ne_ndot_A016.55,,,"MAST ARM SIGNAL POLE, TYPE MP-35",,EACH,,ne_ndot_aup_july_june_2023_2024,false
ne_ndot_version_A016.60_historical,ne_ndot_A016.60,,,"MAST ARM SIGNAL POLE, TYPE MP-40",,EACH,,ne_ndot_aup_july_june_2023_2024,false
ne_ndot_version_A016.64_historical,ne_ndot_A016.64,,,"MAST ARM SIGNAL POLE, TYPE MP-44",,EACH,,ne_ndot_aup_july_june_2017_2018,false
ne_ndot_version_A016.65_historical,ne_ndot_A016.65,,,"MAST ARM SIGNAL POLE, TYPE MP-45",,EACH,,ne_ndot_aup_july_june_2023_2024,false
ne_ndot_version_A016.70_historical,ne_ndot_A016.70,,,"MAST ARM SIGNAL POLE, TYPE MP-50",,EACH,,ne_ndot_aup_july_june_2023_2024,false
ne_ndot_version_A016.71_historical,ne_ndot_A016.71,,,"MAST ARM SIGNAL POLE, TYPE MP-50-50",,EACH,,ne_ndot_aup_calendar_2023,false
ne_ndot_version_A016.75_historical,ne_ndot_A016.75,,,"MAST ARM SIGNAL POLE, TYPE MP-55",,EACH,,ne_ndot_aup_calendar_2023,false
ne_ndot_version_A016.80_historical,ne_ndot_A016.80,,,"MAST ARM SIGNAL POLE, TYPE MP-60",,EACH,,ne_ndot_aup_calendar_2022,false
ne_ndot_version_A016.85_historical,ne_ndot_A016.85,,,"MAST ARM SIGNAL POLE, TYPE MP-65",,EACH,,ne_ndot_aup_july_june_2023_2024,false
ne_ndot_version_A016.90_historical,ne_ndot_A016.90,,,"MAST ARM SIGNAL POLE, TYPE MP-70",,EACH,,ne_ndot_aup_july_june_2017_2018,false
ne_ndot_version_A016.95_historical,ne_ndot_A016.95,,,"MAST ARM SIGNAL POLE, TYPE MP-75",,EACH,,ne_ndot_aup_july_june_2023_2024,false
ne_ndot_version_A017.00_historical,ne_ndot_A017.00,,,SIGNAL MAST ARM,,EACH,,ne_ndot_aup_calendar_2018,false
ne_ndot_version_A017.45_historical,ne_ndot_A017.45,,,45' MAST ARM,,EACH,,ne_ndot_aup_july_june_2017_2018,false
ne_ndot_version_A017.55_historical,ne_ndot_A017.55,,,POLE FOUNDATION,,EACH,,ne_ndot_aup_calendar_2025,false
ne_ndot_version_A017.56_historical,ne_ndot_A017.56,,,STREET LIGHT FOUNDATION,,EACH,,ne_ndot_aup_calendar_2020,false
ne_ndot_version_A017.59_historical,ne_ndot_A017.59,,,POLE BASE,,EACH,,ne_ndot_aup_calendar_2022,false
ne_ndot_version_A017.61_historical,ne_ndot_A017.61,,,TRANSFORMER BASE,,EACH,,ne_ndot_aup_july_june_2021_2022,false
ne_ndot_version_A017.65_historical,ne_ndot_A017.65,,,MAST ARM POLE,,EACH,,ne_ndot_aup_calendar_2024,false
ne_ndot_version_A018.19_historical,ne_ndot_A018.19,,,"HIGH MAST LIGHTING UNIT, TYPE T-80",,EACH,,ne_ndot_aup_july_june_2025_2026,false
ne_ndot_version_A018.26_historical,ne_ndot_A018.26,,,"HIGH MAST LIGHTING UNIT, TYPE T-120",,EACH,,ne_ndot_aup_july_june_2017_2018,false
ne_ndot_version_A018.30_historical,ne_ndot_A018.30,,,"HIGH MAST LIGHTING UNIT, TYPE T-140",,EACH,,ne_ndot_aup_july_june_2017_2018,false
ne_ndot_version_A018.70_historical,ne_ndot_A018.70,,,HIGH MAST TOWER FOUNDATION DESIGN,,EACH,,ne_ndot_aup_july_june_2017_2018,false
ne_ndot_version_A018.71_historical,ne_ndot_A018.71,,,HIGH MAST TOWER FOUNDATION DESIGN,,EACH,,ne_ndot_aup_july_june_2025_2026,false
ne_ndot_version_A018.72_historical,ne_ndot_A018.72,,,ANCHOR BOLTS FOR HIGH MAST TOWER,,EACH,,ne_ndot_aup_july_june_2025_2026,false
ne_ndot_version_A018.80_historical,ne_ndot_A018.80,,,FOUNDATION,,EACH,,ne_ndot_aup_calendar_2021,false
ne_ndot_version_A018.81_historical,ne_ndot_A018.81,,,FOUNDATION DESIGN,,EACH,,ne_ndot_aup_july_june_2025_2026,false
ne_ndot_version_A018.82_historical,ne_ndot_A018.82,,,CONCRETE FOR FOUNDATION,,CY,,ne_ndot_aup_july_june_2025_2026,false
ne_ndot_version_A018.83_historical,ne_ndot_A018.83,,,REINFORCING STEEL,,LB,,ne_ndot_aup_july_june_2025_2026,false
ne_ndot_version_A018.84_historical,ne_ndot_A018.84,,,ANCHOR BOLTS,,EACH,,ne_ndot_aup_july_june_2020_2021,false
ne_ndot_version_A018.88_historical,ne_ndot_A018.88,,,CONCRETE FOR HIGH MAST FOUNDATION,,CY,,ne_ndot_aup_july_june_2025_2026,false
ne_ndot_version_A018.89_historical,ne_ndot_A018.89,,,REINFORCING STEEL FOR HIGH MAST FOUNDATION,,LB,,ne_ndot_aup_july_june_2025_2026,false
ne_ndot_version_A018.91_historical,ne_ndot_A018.91,,,FOUNDATION STEEL,,LB,,ne_ndot_aup_calendar_2025,false
ne_ndot_version_A020.10_historical,ne_ndot_A020.10,,,"LIGHTING CONTROL CENTER, TYPE D",,EACH,,ne_ndot_aup_july_june_2025_2026,false
ne_ndot_version_A020.16_historical,ne_ndot_A020.16,,,"LIGHTING CONTROL CENTER, TYPE MDL",,EACH,,ne_ndot_aup_july_june_2025_2026,false
ne_ndot_version_A020.30_historical,ne_ndot_A020.30,,,"LIGHTING CONTROL CENTER, TYPE R",,EACH,,ne_ndot_aup_july_june_2025_2026,false
ne_ndot_version_A020.36_historical,ne_ndot_A020.36,,,"LIGHTING CONTROL CENTER, TYPE R-2",,EACH,,ne_ndot_aup_july_june_2025_2026,false
ne_ndot_version_A020.37_historical,ne_ndot_A020.37,,,"LIGHTING CONTROL CENTER, TYPE R-3",,EACH,,ne_ndot_aup_july_june_2025_2026,false
ne_ndot_version_A020.46_historical,ne_ndot_A020.46,,,"LIGHTING CONTROL CENTER, TYPE DP",,EACH,,ne_ndot_aup_calendar_2024,false
ne_ndot_version_A020.47_historical,ne_ndot_A020.47,,,"LIGHTING CONTROL CENTER, TYPE RD",,EACH,,ne_ndot_aup_july_june_2017_2018,false
ne_ndot_version_A020.50_historical,ne_ndot_A020.50,,,"LIGHTING CONTROL CENTER, TYPE RU",,EACH,,ne_ndot_aup_july_june_2025_2026,false
ne_ndot_version_A020.75_historical,ne_ndot_A020.75,,,LIGHTING CONTROL CENTER,,EACH,,ne_ndot_aup_calendar_2020,false
ne_ndot_version_A025.08_historical,ne_ndot_A025.08,,,SIGNAL STRUCTURE,,EACH,,ne_ndot_aup_july_june_2019_2020,false
ne_ndot_version_A025.09_historical,ne_ndot_A025.09,,,SIGNAL STRUCTURE,,EACH,,ne_ndot_aup_july_june_2019_2020,false
ne_ndot_version_A025.11_historical,ne_ndot_A025.11,,,SINGLE SPAN SIGNAL STRUCTURE,,EACH,,ne_ndot_aup_july_june_2025_2026,false
ne_ndot_version_A030.03_historical,ne_ndot_A030.03,,,SERVICE DISCONNECT,,EACH,,ne_ndot_aup_july_june_2025_2026,false
ne_ndot_version_A030.04_historical,ne_ndot_A030.04,,,SERVICE DISCONNECT PEDESTAL,,EACH,,ne_ndot_aup_july_june_2025_2026,false
ne_ndot_version_A064.10_historical,ne_ndot_A064.10,,,2-INCH CONDUIT UNDER SIDEWALK,,LF,,ne_ndot_aup_july_june_2017_2018,false
ne_ndot_version_A065.46_historical,ne_ndot_A065.46,,,1/2-INCH CONDUIT IN TRENCH,,LF,,ne_ndot_aup_july_june_2023_2024,false
ne_ndot_version_A065.48_historical,ne_ndot_A065.48,,,1-INCH PVC CONDUIT,,LF,,ne_ndot_aup_july_june_2018_2019,false
ne_ndot_version_A065.51_historical,ne_ndot_A065.51,,,1 1/2-INCH PVC CONDUIT,,LF,,ne_ndot_aup_calendar_2023,false
ne_ndot_version_A065.56_historical,ne_ndot_A065.56,,,2-INCH CONDUIT,,LF,,ne_ndot_aup_july_june_2025_2026,false
ne_ndot_version_A065.61_historical,ne_ndot_A065.61,,,4-INCH PVC CONDUIT,,LF,,ne_ndot_aup_calendar_2018,false
ne_ndot_version_A065.62_historical,ne_ndot_A065.62,,,4-INCH PVC CONDUIT,,LF,,ne_ndot_aup_calendar_2018,false
ne_ndot_version_A065.63_historical,ne_ndot_A065.63,,,5-INCH PVC CONDUIT,,LF,,ne_ndot_aup_calendar_2018,false
ne_ndot_version_A065.64_historical,ne_ndot_A065.64,,,"4-INCH PVC CONDUIT, BORED",,LF,,ne_ndot_aup_july_june_2017_2018,false
ne_ndot_version_A065.65_historical,ne_ndot_A065.65,,,5-INCH PVC CONDUIT,,LF,,ne_ndot_aup_calendar_2018,false
ne_ndot_version_A065.66_historical,ne_ndot_A065.66,,,5-INCH PVC CONDUIT,,LF,,ne_ndot_aup_calendar_2018,false
ne_ndot_version_A065.68_historical,ne_ndot_A065.68,,,1 1/4-INCH PVC CONDUIT IN TRENCH,,LF,,ne_ndot_aup_calendar_2021,false
ne_ndot_version_A065.69_historical,ne_ndot_A065.69,,,1 1/2 INCH PVC CONDUIT IN TRENCH,,LF,,ne_ndot_aup_july_june_2025_2026,false
ne_ndot_version_A065.70_historical,ne_ndot_A065.70,,,2-INCH PVC CONDUIT IN TRENCH,,LF,,ne_ndot_aup_july_june_2023_2024,false
ne_ndot_version_A065.71_historical,ne_ndot_A065.71,,,3-INCH PVC CONDUIT IN TRENCH,,LF,,ne_ndot_aup_july_june_2023_2024,false
ne_ndot_version_A065.74_historical,ne_ndot_A065.74,,,2-INCH PVC CONDUIT UNDER ROADWAY,,LF,,ne_ndot_aup_july_june_2023_2024,false
ne_ndot_version_A065.75_historical,ne_ndot_A065.75,,,4-INCH PVC CONDUIT IN TRENCH,,LF,,ne_ndot_aup_calendar_2020,false
ne_ndot_version_A065.76_historical,ne_ndot_A065.76,,,1-INCH PVC CONDUIT IN TRENCH,,LF,,ne_ndot_aup_calendar_2021,false
ne_ndot_version_A065.77_historical,ne_ndot_A065.77,,,1 1/4-INCH CONDUIT BORED,,LF,,ne_ndot_aup_calendar_2024,false
ne_ndot_version_A065.78_historical,ne_ndot_A065.78,,,3-INCH PVC CONDUIT UNDER ROADWAY,,LF,,ne_ndot_aup_july_june_2022_2023,false
ne_ndot_version_A065.79_historical,ne_ndot_A065.79,,,6-INCH PVC CONDUIT UNDER ROADWAY,,LF,,ne_ndot_aup_calendar_2019,false
ne_ndot_version_A065.91_historical,ne_ndot_A065.91,,,1 1/2 INCH PVC CONDUIT JACKED,,LF,,ne_ndot_aup_july_june_2022_2023,false
ne_ndot_version_A067.02_historical,ne_ndot_A067.02,,,1 1/2-INCH GRS CONDUIT,,LF,,ne_ndot_aup_calendar_2021,false
ne_ndot_version_A067.03_historical,ne_ndot_A067.03,,,1-INCH GRS CONDUIT,,LF,,ne_ndot_aup_calendar_2022,false
ne_ndot_version_A067.05_historical,ne_ndot_A067.05,,,1 1/4-INCH GRS CONDUIT,,LF,,ne_ndot_aup_calendar_2021,false
ne_ndot_version_A067.06_historical,ne_ndot_A067.06,,,2-INCH GRS CONDUIT,,LF,,ne_ndot_aup_calendar_2021,false
ne_ndot_version_A069.05_historical,ne_ndot_A069.05,,,"2-2"" CONDUIT ON STRUCTURE",,LF,,ne_ndot_aup_july_june_2020_2021,false
ne_ndot_version_A069.06_historical,ne_ndot_A069.06,,,"1/2"" CONDUIT ON STRUCTURE",,LF,,ne_ndot_aup_calendar_2020,false
ne_ndot_version_A069.10_historical,ne_ndot_A069.10,,,1 1/2-INCH CONDUIT ON STRUCTURE,,LF,,ne_ndot_aup_july_june_2021_2022,false
ne_ndot_version_A069.11_historical,ne_ndot_A069.11,,,2-INCH CONDUIT ON STRUCTURE,,LF,,ne_ndot_aup_july_june_2023_2024,false
ne_ndot_version_A069.13_historical,ne_ndot_A069.13,,,4-INCH CONDUIT ON STRUCTURE,,LF,,ne_ndot_aup_july_june_2020_2021,false
ne_ndot_version_A069.14_historical,ne_ndot_A069.14,,,1-INCH CONDUIT IN TRENCH,,LF,,ne_ndot_aup_july_june_2025_2026,false
ne_ndot_version_A069.15_historical,ne_ndot_A069.15,,,1 1/2-INCH CONDUIT IN MEDIAN BARRIER,,LF,,ne_ndot_aup_july_june_2025_2026,false
ne_ndot_version_A069.19_historical,ne_ndot_A069.19,,,1 1/2-INCH CONDUIT IN BARRIER,,LF,,ne_ndot_aup_july_june_2023_2024,false
ne_ndot_version_A069.25_historical,ne_ndot_A069.25,,,6-INCH CONDUIT ON STRUCTURE,,LF,,ne_ndot_aup_july_june_2019_2020,false
ne_ndot_version_A070.07_historical,ne_ndot_A070.07,,,1 1/4-INCH CONDUIT IN TRENCH,,LF,,ne_ndot_aup_july_june_2025_2026,false
ne_ndot_version_A070.08_historical,ne_ndot_A070.08,,,"1 1/2-INCH CONDUIT, JACKED",,LF,,ne_ndot_aup_july_june_2025_2026,false
ne_ndot_version_A070.09_historical,ne_ndot_A070.09,,,"3/4"" CONDUIT IN TRENCH",,LF,,ne_ndot_aup_calendar_2020,false
ne_ndot_version_A070.10_historical,ne_ndot_A070.10,,,1 1/2-INCH CONDUIT IN TRENCH,,LF,,ne_ndot_aup_july_june_2025_2026,false
ne_ndot_version_A070.13_historical,ne_ndot_A070.13,,,2-INCH CONDUIT IN TRENCH,,LF,,ne_ndot_aup_july_june_2025_2026,false
ne_ndot_version_A070.14_historical,ne_ndot_A070.14,,,2-INCH CONDUIT IN TRENCH,,LF,,ne_ndot_aup_july_june_2025_2026,false
ne_ndot_version_A070.18_historical,ne_ndot_A070.18,,,3-INCH CONDUIT IN TRENCH,,LF,,ne_ndot_aup_july_june_2025_2026,false
ne_ndot_version_A070.19_historical,ne_ndot_A070.19,,,3 1/2-INCH CONDUIT IN TRENCH,,LF,,ne_ndot_aup_july_june_2020_2021,false
ne_ndot_version_A070.22_historical,ne_ndot_A070.22,,,4-INCH CONDUIT IN TRENCH,,LF,,ne_ndot_aup_july_june_2025_2026,false
ne_ndot_version_A072.07_historical,ne_ndot_A072.07,,,3/4-INCH CONDUIT UNDER ROADWAY,,LF,,ne_ndot_aup_calendar_2020,false
ne_ndot_version_A072.08_historical,ne_ndot_A072.08,,,1-INCH CONDUIT UNDER ROADWAY,,LF,,ne_ndot_aup_july_june_2018_2019,false
ne_ndot_version_A072.10_historical,ne_ndot_A072.10,,,1 1/2-INCH CONDUIT UNDER ROADWAY,,LF,,ne_ndot_aup_july_june_2025_2026,false
ne_ndot_version_A072.14_historical,ne_ndot_A072.14,,,2-INCH CONDUIT UNDER ROADWAY,,LF,,ne_ndot_aup_july_june_2025_2026,false
ne_ndot_version_A072.18_historical,ne_ndot_A072.18,,,3-INCH CONDUIT UNDER ROADWAY,,LF,,ne_ndot_aup_july_june_2023_2024,false
ne_ndot_version_A073.12_historical,ne_ndot_A073.12,,,2-INCH CONDUIT UNDER SIDEWALK,,LF,,ne_ndot_aup_july_june_2023_2024,false
ne_ndot_version_A073.23_historical,ne_ndot_A073.23,,,3-INCH CONDUIT UNDER SIDEWALK,,LF,,ne_ndot_aup_july_june_2023_2024,false
ne_ndot_version_A073.30_historical,ne_ndot_A073.30,,,2-INCH CONDUIT UNDER MEDIAN SURFACING,,LF,,ne_ndot_aup_july_june_2025_2026,false
ne_ndot_version_A074.00_historical,ne_ndot_A074.00,,,"1 1/4"" CONDUIT",,LF,,ne_ndot_aup_calendar_2020,false
ne_ndot_version_A074.08_historical,ne_ndot_A074.08,,,"1/2-INCH CONDUIT, JACKED",,LF,,ne_ndot_aup_july_june_2017_2018,false
ne_ndot_version_A074.09_historical,ne_ndot_A074.09,,,"3/4-INCH CONDUIT, JACKED",,LF,,ne_ndot_aup_calendar_2020,false
ne_ndot_version_A074.12_historical,ne_ndot_A074.12,,,"1 1/2-INCH CONDUIT, JACKED",,LF,,ne_ndot_aup_july_june_2024_2025,false
ne_ndot_version_A074.13_historical,ne_ndot_A074.13,,,1-2-INCH CONDUIT BORED,,LF,,ne_ndot_aup_july_june_2019_2020,false
ne_ndot_version_A074.14_historical,ne_ndot_A074.14,,,"2-INCH CONDUIT, JACKED",,LF,,ne_ndot_aup_july_june_2025_2026,false
ne_ndot_version_A074.18_historical,ne_ndot_A074.18,,,"3-INCH CONDUIT, JACKED",,LF,,ne_ndot_aup_july_june_2025_2026,false
ne_ndot_version_A074.20_historical,ne_ndot_A074.20,,,"4-INCH CONDUIT, JACKED",,LF,,ne_ndot_aup_july_june_2020_2021,false
ne_ndot_version_A074.41_historical,ne_ndot_A074.41,,,1-1/2-INCH CONDUIT BORED,,LF,,ne_ndot_aup_july_june_2025_2026,false
ne_ndot_version_A074.42_historical,ne_ndot_A074.42,,,2-INCH CONDUIT BORED,,LF,,ne_ndot_aup_july_june_2025_2026,false
ne_ndot_version_A074.43_historical,ne_ndot_A074.43,,,2-2-INCH CONDUIT BORED,,LF,,ne_ndot_aup_july_june_2023_2024,false
ne_ndot_version_A074.44_historical,ne_ndot_A074.44,,,3-INCH CONDUIT BORED,,LF,,ne_ndot_aup_july_june_2025_2026,false
ne_ndot_version_A074.45_historical,ne_ndot_A074.45,,,4-INCH CONDUIT BORED,,LF,,ne_ndot_aup_july_june_2025_2026,false
ne_ndot_version_A074.46_historical,ne_ndot_A074.46,,,2-1 1/4-INCH CONDUIT BORED,,LF,,ne_ndot_aup_calendar_2021,false
ne_ndot_version_A074.51_historical,ne_ndot_A074.51,,,1-2-INCH CONDUIT PLOWED,,LF,,ne_ndot_aup_july_june_2019_2020,false
ne_ndot_version_A074.52_historical,ne_ndot_A074.52,,,2-INCH CONDUIT PLOWED,,LF,,ne_ndot_aup_july_june_2025_2026,false
ne_ndot_version_A074.53_historical,ne_ndot_A074.53,,,2-2-INCH CONDUIT PLOWED,,LF,,ne_ndot_aup_july_june_2023_2024,false
ne_ndot_version_A074.55_historical,ne_ndot_A074.55,,,2-2-INCH CONDUIT IN TRENCH,,LF,,ne_ndot_aup_july_june_2019_2020,false
ne_ndot_version_A074.71_historical,ne_ndot_A074.71,,,"2"" CONDUIT JACKED",,LF,,ne_ndot_aup_july_june_2025_2026,false
ne_ndot_version_A074.72_historical,ne_ndot_A074.72,,,"2"" CONDUIT",,LF,,ne_ndot_aup_july_june_2021_2022,false
ne_ndot_version_A074.73_historical,ne_ndot_A074.73,,,3-INCH CONDUIT,,LF,,ne_ndot_aup_july_june_2025_2026,false
ne_ndot_version_A074.74_historical,ne_ndot_A074.74,,,"CONDUIT, MAIN LINE GROUP BORED",,LF,,ne_ndot_aup_july_june_2025_2026,false
ne_ndot_version_A074.75_historical,ne_ndot_A074.75,,,"4"" FIBERGLASS CONDUIT, BRIDGE ATTACHMENT",,LF,,ne_ndot_aup_july_june_2019_2020,false
ne_ndot_version_A074.77_historical,ne_ndot_A074.77,,,STREET LIGHT CONDUIT - BORED,,LF,,ne_ndot_aup_calendar_2025,false
ne_ndot_version_A074.79_historical,ne_ndot_A074.79,,,"2""-TRENCHED STREET LIGHT",,LF,,ne_ndot_aup_july_june_2020_2021,false
ne_ndot_version_A074.81_historical,ne_ndot_A074.81,,,"1 1/2"" CONDUIT JACKED",,LF,,ne_ndot_aup_july_june_2025_2026,false
ne_ndot_version_A074.90_historical,ne_ndot_A074.90,,,CAT5E ETHERNET CABLE,,LF,,ne_ndot_aup_calendar_2021,false
ne_ndot_version_A074.91_historical,ne_ndot_A074.91,,,CAT6 ETHERNET CABLE,,LF,,ne_ndot_aup_calendar_2023,false
ne_ndot_version_A074.92_historical,ne_ndot_A074.92,,,ETHERNET COMMUNICATIONS CABLE,,LF,,ne_ndot_aup_july_june_2025_2026,false
ne_ndot_version_A074.93_historical,ne_ndot_A074.93,,,CAT 6 ETHERNET CABLE,,LF,,ne_ndot_aup_july_june_2025_2026,false
ne_ndot_version_A074.95_historical,ne_ndot_A074.95,,,"CAT5E ETHERNET CABLE, AERIAL",,LF,,ne_ndot_aup_july_june_2019_2020,false
ne_ndot_version_A075.10_historical,ne_ndot_A075.10,,,1 INCH RETAINING WASHER,,EACH,,ne_ndot_aup_calendar_2018,false
ne_ndot_version_A076.10_historical,ne_ndot_A076.10,,,3/C #8 AWG TRAFFIC SIGNAL CABLE,,LF,,ne_ndot_aup_july_june_2025_2026,false
ne_ndot_version_A076.13_historical,ne_ndot_A076.13,,,3/C #12 AWG TRAFFIC SIGNAL CABLE,,LF,,ne_ndot_aup_calendar_2025,false
ne_ndot_version_A077.12_historical,ne_ndot_A077.12,,,2/C #14 AWG TRAFFIC SIGNAL CABLE,,LF,,ne_ndot_aup_july_june_2025_2026,false
ne_ndot_version_A077.13_historical,ne_ndot_A077.13,,,3/C #14 AWG TRAFFIC SIGNAL CABLE,,LF,,ne_ndot_aup_july_june_2025_2026,false
ne_ndot_version_A077.15_historical,ne_ndot_A077.15,,,5/C #14 AWG TRAFFIC SIGNAL CABLE,,LF,,ne_ndot_aup_july_june_2025_2026,false
ne_ndot_version_A077.17_historical,ne_ndot_A077.17,,,7/C #14 AWG TRAFFIC SIGNAL CABLE,,LF,,ne_ndot_aup_july_june_2025_2026,false
ne_ndot_version_A077.18_historical,ne_ndot_A077.18,,,7/C #14 AWG TRAFFIC SIGNAL CABLE,,LF,,ne_ndot_aup_july_june_2019_2020,false
ne_ndot_version_A077.22_historical,ne_ndot_A077.22,,,12/C #14 AWG TRAFFIC SIGNAL CABLE,,LF,,ne_ndot_aup_july_june_2025_2026,false
ne_ndot_version_A077.23_historical,ne_ndot_A077.23,,,12/C #12 AWG TRAFFIC SIGNAL CABLE,,LF,,ne_ndot_aup_july_june_2025_2026,false
ne_ndot_version_A077.26_historical,ne_ndot_A077.26,,,16/C #14 AWG TRAFFIC SIGNAL CABLE,,LF,,ne_ndot_aup_july_june_2025_2026,false
ne_ndot_version_A077.30_historical,ne_ndot_A077.30,,,20/C #14 AWG TRAFFIC SIGNAL CABLE,,LF,,ne_ndot_aup_july_june_2025_2026,false
ne_ndot_version_A078.11_historical,ne_ndot_A078.11,,,2/C #16 PEDESTRIAN PUSHBUTTON LEAD-IN CABLE,,LF,,ne_ndot_aup_calendar_2025,false
ne_ndot_version_A078.12_historical,ne_ndot_A078.12,,,2/C #16 AWG PEDESTRIAN PUSHBUTTON LEAD-IN CABLE,,LF,,ne_ndot_aup_july_june_2025_2026,false
ne_ndot_version_A078.80_historical,ne_ndot_A078.80,,,GROUND BAR,,EACH,,ne_ndot_aup_july_june_2025_2026,false
ne_ndot_version_A078.90_historical,ne_ndot_A078.90,,,LEAD-IN CABLE,,LF,,ne_ndot_aup_july_june_2025_2026,false
ne_ndot_version_A078.91_historical,ne_ndot_A078.91,,,RADAR DETECTOR LEAD-IN CABLE,,LF,,ne_ndot_aup_july_june_2021_2022,false
ne_ndot_version_A078.92_historical,ne_ndot_A078.92,,,SDLC CABLE,,EACH,,ne_ndot_aup_july_june_2025_2026,false
ne_ndot_version_A078.96_historical,ne_ndot_A078.96,,,FIBER LOCATE CABLE,,LF,,ne_ndot_aup_calendar_2024,false
ne_ndot_version_A078.97_historical,ne_ndot_A078.97,,,INSTALL SFP MODULE,,EACH,,ne_ndot_aup_calendar_2021,false
ne_ndot_version_A079.00_historical,ne_ndot_A079.00,,,2/C DETECTOR LEAD-IN CABLE,,LF,,ne_ndot_aup_july_june_2018_2019,false
ne_ndot_version_A079.01_historical,ne_ndot_A079.01,,,2/C #14 AWG DETECTOR LEAD-IN CABLE,,LF,,ne_ndot_aup_july_june_2025_2026,false
ne_ndot_version_A079.08_historical,ne_ndot_A079.08,,,MODEL 138 DETECTOR CABLE,,LF,,ne_ndot_aup_july_june_2017_2018,false
ne_ndot_version_A079.14_historical,ne_ndot_A079.14,,,FIBER OPTIC COMMUNICATION CABLE,,LF,,ne_ndot_aup_july_june_2017_2018,false
ne_ndot_version_A079.15_historical,ne_ndot_A079.15,,,FIBER OPTIC CABLE,,LF,,ne_ndot_aup_july_june_2023_2024,false
ne_ndot_version_A079.22_historical,ne_ndot_A079.22,,,TRACER WIRE,,LF,,ne_ndot_aup_july_june_2025_2026,false
ne_ndot_version_A079.24_historical,ne_ndot_A079.24,,,#0 AWG CU SERVICE CONDUCTOR,,LF,,ne_ndot_aup_july_june_2021_2022,false
ne_ndot_version_A079.25_historical,ne_ndot_A079.25,,,12 STRAND SINGLE MODE FIBER,,LF,,ne_ndot_aup_july_june_2021_2022,false
ne_ndot_version_A079.26_historical,ne_ndot_A079.26,,,24 STRAND SINGLE MODE FIBER OPTIC CABLE,,LF,,ne_ndot_aup_july_june_2021_2022,false
ne_ndot_version_A079.27_historical,ne_ndot_A079.27,,,10 KM SFP MODULE,,EACH,,ne_ndot_aup_july_june_2017_2018,false
ne_ndot_version_A079.28_historical,ne_ndot_A079.28,,,#2 AWG CU CONDUCTOR,,LF,,ne_ndot_aup_july_june_2025_2026,false
ne_ndot_version_A079.29_historical,ne_ndot_A079.29,,,#1 AWG CU CONDUCTOR,,LF,,ne_ndot_aup_july_june_2021_2022,false
ne_ndot_version_A079.30_historical,ne_ndot_A079.30,,,#3 AWG CU CONDUCTOR,,LF,,ne_ndot_aup_july_june_2023_2024,false
ne_ndot_version_A079.31_historical,ne_ndot_A079.31,,,#4 AWG CU CONDUCTOR,,LF,,ne_ndot_aup_july_june_2025_2026,false
ne_ndot_version_A079.32_historical,ne_ndot_A079.32,,,#6 AWG CU CONDUCTOR,,LF,,ne_ndot_aup_july_june_2025_2026,false
ne_ndot_version_A079.33_historical,ne_ndot_A079.33,,,#8 AWG CU CONDUCTOR,,LF,,ne_ndot_aup_july_june_2025_2026,false
ne_ndot_version_A079.34_historical,ne_ndot_A079.34,,,#10 AWG CU CONDUCTOR,,LF,,ne_ndot_aup_calendar_2020,false
ne_ndot_version_A079.35_historical,ne_ndot_A079.35,,,#12 AWG CU CONDUCTOR,,LF,,ne_ndot_aup_july_june_2025_2026,false
ne_ndot_version_A079.40_historical,ne_ndot_A079.40,,,#6 AWG CONDUCTOR,,LF,,ne_ndot_aup_calendar_2018,false
ne_ndot_version_A079.41_historical,ne_ndot_A079.41,,,#4 GROUNDING CONDUCTOR,,LF,,ne_ndot_aup_calendar_2021,false
ne_ndot_version_A079.43_historical,ne_ndot_A079.43,,,#8 GROUNDING CONDUCTOR,,LF,,ne_ndot_aup_july_june_2025_2026,false
ne_ndot_version_A079.44_historical,ne_ndot_A079.44,,,#10 GROUNDING CONDUCTOR,,LF,,ne_ndot_aup_calendar_2021,false
ne_ndot_version_A079.48_historical,ne_ndot_A079.48,,,GROUND ROD,,EACH,,ne_ndot_aup_july_june_2025_2026,false
ne_ndot_version_A079.50_historical,ne_ndot_A079.50,,,GROUNDING CONDUCTOR,,LF,,ne_ndot_aup_july_june_2025_2026,false
ne_ndot_version_A079.55_historical,ne_ndot_A079.55,,,SERVICE CABLE,,LF,,ne_ndot_aup_july_june_2025_2026,false
ne_ndot_version_A079.56_historical,ne_ndot_A079.56,,,SERVICE CABLE,,LF,,ne_ndot_aup_july_june_2017_2018,false
ne_ndot_version_A079.60_historical,ne_ndot_A079.60,,,STREET LIGHTING CABLE,,LF,,ne_ndot_aup_calendar_2023,false
ne_ndot_version_A079.63_historical,ne_ndot_A079.63,,,SUPPORT CABLE,,LF,,ne_ndot_aup_july_june_2025_2026,false
ne_ndot_version_A079.64_historical,ne_ndot_A079.64,,,TETHER CABLE,,LF,,ne_ndot_aup_july_june_2025_2026,false
ne_ndot_version_A079.67_historical,ne_ndot_A079.67,,,SERVICE ENTRANCE CABLE,,LF,,ne_ndot_aup_july_june_2025_2026,false
ne_ndot_version_A079.71_historical,ne_ndot_A079.71,,,TERMINATED FIBER CONNECTOR,,EACH,,ne_ndot_aup_july_june_2025_2026,false
ne_ndot_version_A079.72_historical,ne_ndot_A079.72,,,CONNECTOR ADAPTER PANEL,,EACH,,ne_ndot_aup_july_june_2025_2026,false
ne_ndot_version_A079.73_historical,ne_ndot_A079.73,,,FIBER CONNECTOR HOUSING,,EACH,,ne_ndot_aup_july_june_2025_2026,false
ne_ndot_version_A079.74_historical,ne_ndot_A079.74,,,FIBER ETHERNET SWITCH,,EACH,,ne_ndot_aup_calendar_2024,false
ne_ndot_version_A079.76_historical,ne_ndot_A079.76,,,FIBER ETHERNET TRANSCEIVER,,EACH,,ne_ndot_aup_july_june_2021_2022,false
ne_ndot_version_A079.77_historical,ne_ndot_A079.77,,,AUTOMATED GATE,,EACH,,ne_ndot_aup_july_june_2025_2026,false
ne_ndot_version_A079.78_historical,ne_ndot_A079.78,,,AUTOMATED GATE CONTROLLER,,EACH,,ne_ndot_aup_july_june_2025_2026,false
ne_ndot_version_A079.79_historical,ne_ndot_A079.79,,,#2/0 AWG CU SERVICE CONDUCTOR,,LF,,ne_ndot_aup_july_june_2017_2018,false
ne_ndot_version_A079.82_historical,ne_ndot_A079.82,,,SERVICE CONDUCTOR NO. 2/0,,LF,,ne_ndot_aup_july_june_2017_2018,false
ne_ndot_version_A079.83_historical,ne_ndot_A079.83,,,SERVICE CONDUCTOR NO. 1,,LF,,ne_ndot_aup_july_june_2017_2018,false
ne_ndot_version_A079.84_historical,ne_ndot_A079.84,,,SERVICE CONDUCTOR NO. 0,,LF,,ne_ndot_aup_july_june_2017_2018,false
ne_ndot_version_A079.85_historical,ne_ndot_A079.85,,,GROUND CONDUCTOR NO. 8,,LF,,ne_ndot_aup_july_june_2025_2026,false
ne_ndot_version_A079.91_historical,ne_ndot_A079.91,,,#8 CIRCUIT GROUND CABLE,,LF,,ne_ndot_aup_july_june_2025_2026,false
ne_ndot_version_A079.92_historical,ne_ndot_A079.92,,,SERVICE CONDUCTOR NO. 6,,LF,,ne_ndot_aup_july_june_2025_2026,false
ne_ndot_version_A079.93_historical,ne_ndot_A079.93,,,#0 AWG CU CONDUCTOR,,LF,,ne_ndot_aup_july_june_2021_2022,false
ne_ndot_version_A079.94_historical,ne_ndot_A079.94,,,#2/0 AWG CU CONDUCTOR,,LF,,ne_ndot_aup_july_june_2018_2019,false
ne_ndot_version_A079.95_historical,ne_ndot_A079.95,,,FACTORY TERMINATED PATCH PANEL 4 STEP,,EACH,,ne_ndot_aup_calendar_2020,false
ne_ndot_version_A079.96_historical,ne_ndot_A079.96,,,INSTALL FIBER ETHERNET SWITCH,,EACH,,ne_ndot_aup_july_june_2023_2024,false
ne_ndot_version_A079.97_historical,ne_ndot_A079.97,,,#6 AWG CONDUCTOR,,LF,,ne_ndot_aup_calendar_2018,false
ne_ndot_version_A080.02_historical,ne_ndot_A080.02,,,SERVICE ENTRANCE,,EACH,,ne_ndot_aup_calendar_2021,false
ne_ndot_version_A080.03_historical,ne_ndot_A080.03,,,"STREET LIGHTING CABLE, NO. 1 USE",,LF,,ne_ndot_aup_calendar_2021,false
ne_ndot_version_A080.04_historical,ne_ndot_A080.04,,,"STREET LIGHTING CABLE, NO. 1/0 USE",,LF,,ne_ndot_aup_calendar_2021,false
ne_ndot_version_A080.10_historical,ne_ndot_A080.10,,,"STREET LIGHTING CABLE, NO. 2 USE",,LF,,ne_ndot_aup_july_june_2025_2026,false
ne_ndot_version_A080.13_historical,ne_ndot_A080.13,,,"STREET LIGHTING CABLE, NO. 4 BARE",,LF,,ne_ndot_aup_july_june_2023_2024,false
ne_ndot_version_A080.14_historical,ne_ndot_A080.14,,,"STREET LIGHTING CABLE, NO. 4 XHHW",,LF,,ne_ndot_aup_july_june_2023_2024,false
ne_ndot_version_A080.15_historical,ne_ndot_A080.15,,,"STREET LIGHTING CABLE, NO. 4 USE",,LF,,ne_ndot_aup_july_june_2025_2026,false
ne_ndot_version_A080.18_historical,ne_ndot_A080.18,,,#3/0 AWG CU CONDUCTOR,,LF,,ne_ndot_aup_calendar_2021,false
ne_ndot_version_A080.19_historical,ne_ndot_A080.19,,,#6 GROUNDING CONDUCTOR,,LF,,ne_ndot_aup_july_june_2025_2026,false
ne_ndot_version_A080.20_historical,ne_ndot_A080.20,,,24 STRAND SINGLE MODE FIBER OPTIC,,LF,,ne_ndot_aup_july_june_2025_2026,false
ne_ndot_version_A080.22_historical,ne_ndot_A080.22,,,"STREET LIGHTING CABLE, NO. 6 BARE",,LF,,ne_ndot_aup_july_june_2025_2026,false
ne_ndot_version_A080.23_historical,ne_ndot_A080.23,,,"STREET LIGHTING CABLE, NO. 6 BARE",,LF,,ne_ndot_aup_july_june_2018_2019,false
ne_ndot_version_A080.24_historical,ne_ndot_A080.24,,,"STREET LIGHTING CABLE, NO. 6 USE",,LF,,ne_ndot_aup_july_june_2025_2026,false
ne_ndot_version_A080.25_historical,ne_ndot_A080.25,,,"STREET LIGHTING CABLE, NO. 6 USE",,LF,,ne_ndot_aup_july_june_2019_2020,false
ne_ndot_version_A080.26_historical,ne_ndot_A080.26,,,"STREET LIGHTING CABLE, NO. 6 XHHW",,LF,,ne_ndot_aup_july_june_2023_2024,false
ne_ndot_version_A080.28_historical,ne_ndot_A080.28,,,"STREET LIGHTING CABLE, NO. 6 3/C",,LF,,ne_ndot_aup_july_june_2020_2021,false
ne_ndot_version_A080.30_historical,ne_ndot_A080.30,,,"STREET LIGHTING CABLE, NO. 8 BARE",,LF,,ne_ndot_aup_july_june_2023_2024,false
ne_ndot_version_A080.32_historical,ne_ndot_A080.32,,,"STREET LIGHTING CABLE, NO. 8 USE",,LF,,ne_ndot_aup_july_june_2018_2019,false
ne_ndot_version_A080.34_historical,ne_ndot_A080.34,,,"STREET LIGHTING CABLE, NO. 8 XHHW",,LF,,ne_ndot_aup_july_june_2022_2023,false
ne_ndot_version_A080.35_historical,ne_ndot_A080.35,,,"STREET LIGHTING CABLE, NO. USE",,LF,,ne_ndot_aup_july_june_2017_2018,false
ne_ndot_version_A080.36_historical,ne_ndot_A080.36,,,"STREET LIGHTING CABLE, NO. 10 XHHW",,LF,,ne_ndot_aup_calendar_2020,false
ne_ndot_version_A080.38_historical,ne_ndot_A080.38,,,"STREET LIGHTING CABLE, NO. 10 BARE",,LF,,ne_ndot_aup_calendar_2020,false
ne_ndot_version_A080.40_historical,ne_ndot_A080.40,,,FACTORY TERMINATED PATCH PANEL,,EACH,,ne_ndot_aup_calendar_2024,false
ne_ndot_version_A080.41_historical,ne_ndot_A080.41,,,12 STRAND SINGLE MODE FIBER OPTIC,,LF,,ne_ndot_aup_july_june_2025_2026,false
ne_ndot_version_A080.42_historical,ne_ndot_A080.42,,,#14 AWG CU CONDUCTOR,,LF,,ne_ndot_aup_calendar_2023,false
ne_ndot_version_A080.43_historical,ne_ndot_A080.43,,,FACTORY TERMINATED PANEL,,EACH,,ne_ndot_aup_calendar_2024,false
ne_ndot_version_A080.48_historical,ne_ndot_A080.48,,,"STREET LIGHTING CABLE, NO. 12 THW/THWN",,LF,,ne_ndot_aup_july_june_2022_2023,false
ne_ndot_version_A080.49_historical,ne_ndot_A080.49,,,"STREET LIGHTING CABLE, NO. 12 USE",,LF,,ne_ndot_aup_calendar_2020,false
ne_ndot_version_A080.50_historical,ne_ndot_A080.50,,,CONSTRUCT ELECTRICAL CONDUIT ENTRANCE,,LS,,ne_ndot_aup_july_june_2022_2023,false
ne_ndot_version_A080.51_historical,ne_ndot_A080.51,,,CONSTRUCT HEAT TRACE SYSTEM,,LS,,ne_ndot_aup_july_june_2022_2023,false
ne_ndot_version_A080.55_historical,ne_ndot_A080.55,,,SERVICE CONDUCTOR NO. 4,,LF,,ne_ndot_aup_july_june_2025_2026,false
ne_ndot_version_A080.56_historical,ne_ndot_A080.56,,,1/C NO. 6 BARE COPPER GROUNDING CONDUCTOR,,LF,,ne_ndot_aup_july_june_2025_2026,false
ne_ndot_version_A080.67_historical,ne_ndot_A080.67,,,3/C #6 STREET LIGHTING CABLE,,LF,,ne_ndot_aup_july_june_2025_2026,false
ne_ndot_version_A080.68_historical,ne_ndot_A080.68,,,3/C #6 AWG STREET LIGHTING CABLE,,LF,,ne_ndot_aup_july_june_2025_2026,false
ne_ndot_version_A080.69_historical,ne_ndot_A080.69,,,3/C #8 AWG STREET LIGHTING CABLE,,LF,,ne_ndot_aup_calendar_2022,false
ne_ndot_version_A080.71_historical,ne_ndot_A080.71,,,3/C #12 AWG STREET LIGHTING CABLE,,LF,,ne_ndot_aup_july_june_2023_2024,false
ne_ndot_version_A080.72_historical,ne_ndot_A080.72,,,3/C #4 AWG STREET LIGHTING CABLE,,LF,,ne_ndot_aup_july_june_2023_2024,false
ne_ndot_version_A080.97_historical,ne_ndot_A080.97,,,FABRIC INTERDUCT,,LF,,ne_ndot_aup_july_june_2020_2021,false
ne_ndot_version_A081.00_historical,ne_ndot_A081.00,,,PAIR COMMUNICATION CABLE,,LF,,ne_ndot_aup_july_june_2017_2018,false
ne_ndot_version_A081.01_historical,ne_ndot_A081.01,,,6 PAIR COMMUNICATION CABLE,,LF,,ne_ndot_aup_calendar_2018,false
ne_ndot_version_A081.10_historical,ne_ndot_A081.10,,,PAIR COMMUNICATION CABLE,,LF,,ne_ndot_aup_july_june_2017_2018,false
ne_ndot_version_A081.11_historical,ne_ndot_A081.11,,,BRANCH CABLE TERMINATION,,EACH,,ne_ndot_aup_calendar_2018,false
ne_ndot_version_A081.13_historical,ne_ndot_A081.13,,,12 STRAND,,LF,,ne_ndot_aup_calendar_2025,false
ne_ndot_version_A081.14_historical,ne_ndot_A081.14,,,48 STRAND,,LF,,ne_ndot_aup_calendar_2025,false
ne_ndot_version_A081.15_historical,ne_ndot_A081.15,,,48 STRAND SINGLE MODE MAIN FIBER OPTIC CABLE,,LF,,ne_ndot_aup_july_june_2022_2023,false
ne_ndot_version_A081.17_historical,ne_ndot_A081.17,,,BRANCH FIBER OPTIC CABLE,,LF,,ne_ndot_aup_calendar_2020,false
ne_ndot_version_A081.18_historical,ne_ndot_A081.18,,,REINSTALL 12 STRAND SINGLE MODE BRANCH FIBER OPTIC CABLE,,LF,,ne_ndot_aup_july_june_2018_2019,false
ne_ndot_version_A081.19_historical,ne_ndot_A081.19,,,12 STRAND SINGLE MODE BRANCH FIBER OPTIC CABLE,,LF,,ne_ndot_aup_july_june_2022_2023,false
ne_ndot_version_A081.20_historical,ne_ndot_A081.20,,,36 STRAND SINGLE MODE FIBER OPTIC CABLE,,LF,,ne_ndot_aup_calendar_2018,false
ne_ndot_version_A081.21_historical,ne_ndot_A081.21,,,12 SM FIBER OPTIC CABLE,,LF,,ne_ndot_aup_july_june_2025_2026,false
ne_ndot_version_A081.22_historical,ne_ndot_A081.22,,,144 SM FIBER OPTIC CABLE,,LF,,ne_ndot_aup_calendar_2024,false
ne_ndot_version_A081.23_historical,ne_ndot_A081.23,,,DUPLEX FIBER JUMPER,,EACH,,ne_ndot_aup_calendar_2021,false
ne_ndot_version_A081.25_historical,ne_ndot_A081.25,,,BRANCH FIBER OPTIC CABLE,,EACH,,ne_ndot_aup_july_june_2020_2021,false
ne_ndot_version_A081.26_historical,ne_ndot_A081.26,,,TERMINAL FUSION SPLICE POINT,,EACH,,ne_ndot_aup_calendar_2021,false
ne_ndot_version_A081.28_historical,ne_ndot_A081.28,,,INTERMEDIATE FUSION SPLICE POINT,,EACH,,ne_ndot_aup_july_june_2020_2021,false
ne_ndot_version_A081.29_historical,ne_ndot_A081.29,,,CONSOLIDATION FUSION SPLICE POINT,,EACH,,ne_ndot_aup_july_june_2017_2018,false
ne_ndot_version_A081.30_historical,ne_ndot_A081.30,,,TESTING AND DOCUMENTATION OF FIBER OPTIC COMMUNICATION SYSTEM,,LS,,ne_ndot_aup_july_june_2025_2026,false
ne_ndot_version_A081.31_historical,ne_ndot_A081.31,,,TEST STATION,,EACH,,ne_ndot_aup_calendar_2024,false
ne_ndot_version_A081.32_historical,ne_ndot_A081.32,,,FIBER OPTIC SPLICE,,EACH,,ne_ndot_aup_calendar_2024,false
ne_ndot_version_A081.33_historical,ne_ndot_A081.33,,,FIBER OPTIC 12 SPLICE TRAY,,EACH,,ne_ndot_aup_july_june_2023_2024,false
ne_ndot_version_A081.35_historical,ne_ndot_A081.35,,,FIBER OPTIC SPLICE CLOSURE,,EACH,,ne_ndot_aup_calendar_2024,false
ne_ndot_version_A081.37_historical,ne_ndot_A081.37,,,FIBER OPTIC 24 SPLICE TRAY,,EACH,,ne_ndot_aup_july_june_2020_2021,false
ne_ndot_version_A081.38_historical,ne_ndot_A081.38,,,24 SM FIBER OPTIC CABLE,,LF,,ne_ndot_aup_calendar_2022,false
ne_ndot_version_A081.39_historical,ne_ndot_A081.39,,,RISER,,EACH,,ne_ndot_aup_july_june_2025_2026,false
ne_ndot_version_A081.40_historical,ne_ndot_A081.40,,,CONSOLIDATION FUSION SPLICE,,EACH,,ne_ndot_aup_july_june_2025_2026,false
ne_ndot_version_A081.41_historical,ne_ndot_A081.41,,,SPECIAL MULTICABLE FUSION SPLICE,,EACH,,ne_ndot_aup_july_june_2025_2026,false
ne_ndot_version_A081.42_historical,ne_ndot_A081.42,,,INTERMEDIATE FUSION SPLICE,,EACH,,ne_ndot_aup_july_june_2025_2026,false
ne_ndot_version_A081.43_historical,ne_ndot_A081.43,,,FIBER OPTIC CABLE SPLICE ENCLOSURE,,EACH,,ne_ndot_aup_july_june_2021_2022,false
ne_ndot_version_A081.44_historical,ne_ndot_A081.44,,,FIBER OPTIC CABLE FUSION SPLICE,,EACH,,ne_ndot_aup_calendar_2024,false
ne_ndot_version_A081.45_historical,ne_ndot_A081.45,,,SPECIAL INTERMEDIATE FUSION SPLICE,,EACH,,ne_ndot_aup_july_june_2021_2022,false
ne_ndot_version_A081.47_historical,ne_ndot_A081.47,,,TERMINAL FUSION SPLICE,,EACH,,ne_ndot_aup_july_june_2025_2026,false
ne_ndot_version_A081.48_historical,ne_ndot_A081.48,,,FIBER OPTIC SPLICE ENCLOSURE,,EACH,,ne_ndot_aup_calendar_2024,false
ne_ndot_version_A081.49_historical,ne_ndot_A081.49,,,FIBER OPTIC CABLE FUSION SPLICE,,EACH,,ne_ndot_aup_calendar_2024,false
ne_ndot_version_A081.50_historical,ne_ndot_A081.50,,,"2"" RISER",,EACH,,ne_ndot_aup_calendar_2025,false
ne_ndot_version_A081.51_historical,ne_ndot_A081.51,,,"1/2"" RISER",,EACH,,ne_ndot_aup_calendar_2025,false
ne_ndot_version_A082.00_historical,ne_ndot_A082.00,,,CABLE,,LF,,ne_ndot_aup_july_june_2020_2021,false
ne_ndot_version_A082.28_historical,ne_ndot_A082.28,,,"DIRECT BURIAL CABLE, NO. 6",,LF,,ne_ndot_aup_calendar_2021,false
ne_ndot_version_A082.32_historical,ne_ndot_A082.32,,,"DIRECT BURIAL CABLE, NO. 6 BARE",,LF,,ne_ndot_aup_calendar_2025,false
ne_ndot_version_A082.34_historical,ne_ndot_A082.34,,,"DIRECT BURIAL CABLE, NO. 6 USE",,LF,,ne_ndot_aup_july_june_2021_2022,false
ne_ndot_version_A100.10_historical,ne_ndot_A100.10,,,ELECTRICAL SERVICE,,EACH,,ne_ndot_aup_calendar_2023,false
ne_ndot_version_A110.06_historical,ne_ndot_A110.06,,,CONDUIT REPAIR,,EACH,,ne_ndot_aup_july_june_2020_2021,false
ne_ndot_version_A110.75_historical,ne_ndot_A110.75,,,UNINTERRUPTIBLE POWER SUPPLY,,EACH,,ne_ndot_aup_july_june_2025_2026,false
ne_ndot_version_A110.80_historical,ne_ndot_A110.80,,,REMOVE AND REINSTALL UNINTERRUPTIBLE POWER SUPPLY,,LS,,ne_ndot_aup_july_june_2018_2019,false
ne_ndot_version_A150.10_historical,ne_ndot_A150.10,,,"ELECTRICAL CIRCUIT MODIFICATION, TYPE A",,LF,,ne_ndot_aup_july_june_2025_2026,false
ne_ndot_version_A150.15_historical,ne_ndot_A150.15,,,"ELECTRICAL CIRCUIT MODIFICATION, TYPE B",,LF,,ne_ndot_aup_july_june_2025_2026,false
ne_ndot_version_A150.20_historical,ne_ndot_A150.20,,,"ELECTRICAL CIRCUIT MODIFICATION, TYPE C",,LF,,ne_ndot_aup_july_june_2025_2026,false
ne_ndot_version_A150.25_historical,ne_ndot_A150.25,,,"ELECTRICAL CIRCUIT MODIFICATION, TYPE D",,LF,,ne_ndot_aup_july_june_2025_2026,false
ne_ndot_version_A150.30_historical,ne_ndot_A150.30,,,"ELECTRICAL CIRCUIT MODIFICATION, TYPE E",,LF,,ne_ndot_aup_july_june_2025_2026,false
ne_ndot_version_A150.31_historical,ne_ndot_A150.31,,,"ELECTRICAL CIRCUIT MODIFICATION, TYPE F",,LF,,ne_ndot_aup_july_june_2024_2025,false
ne_ndot_version_A150.32_historical,ne_ndot_A150.32,,,"ELECTRICAL CIRCUIT MODIFICATION, TYPE G",,LF,,ne_ndot_aup_july_june_2024_2025,false
ne_ndot_version_A150.33_historical,ne_ndot_A150.33,,,ELECTRICAL CIRCUIT MODIFICATION,,LF,,ne_ndot_aup_july_june_2024_2025,false
ne_ndot_version_A150.40_historical,ne_ndot_A150.40,,,"LIGHTING CIRCUIT MODIFICATION, NO.",,LS,,ne_ndot_aup_july_june_2017_2018,false
ne_ndot_version_A150.41_historical,ne_ndot_A150.41,,,"LIGHTING CIRCUIT MODIFICATION, NO.",,LS,,ne_ndot_aup_july_june_2017_2018,false
ne_ndot_version_A150.42_historical,ne_ndot_A150.42,,,"LIGHTING CIRCUIT MODIFICATION, NO.",,LS,,ne_ndot_aup_july_june_2017_2018,false
ne_ndot_version_A150.43_historical,ne_ndot_A150.43,,,"LIGHTING CIRCUIT MODIFICATION, NO.",,LS,,ne_ndot_aup_july_june_2017_2018,false
ne_ndot_version_A190.00_historical,ne_ndot_A190.00,,,STREET LIGHTING UNIT,,EACH,,ne_ndot_aup_calendar_2021,false
ne_ndot_version_A191.00_historical,ne_ndot_A191.00,,,"STREET LIGHTING UNIT REPLACEMENT, TYPE",,EACH,,ne_ndot_aup_july_june_2025_2026,false
ne_ndot_version_A300.09_historical,ne_ndot_A300.09,,,REMOVE AND REINSTALL,,EACH,,ne_ndot_aup_july_june_2025_2026,false
ne_ndot_version_A300.17_historical,ne_ndot_A300.17,,,"REINSTALL PEDESTRIAN PUSH BUTTON, TYPE PPB",,EACH,,ne_ndot_aup_calendar_2025,false
ne_ndot_version_A300.25_historical,ne_ndot_A300.25,,,REINSTALL TRAFFIC SIGNAL,,EACH,,ne_ndot_aup_july_june_2025_2026,false
ne_ndot_version_A300.62_historical,ne_ndot_A300.62,,,REINSTALL VEHICLE PRIORITY CONTROL SYSTEM,,EACH,,ne_ndot_aup_july_june_2025_2026,false
ne_ndot_version_A300.65_historical,ne_ndot_A300.65,,,REINSTALL VEHICLE PRIORITY CONTROL SYSTEM,,EACH,,ne_ndot_aup_calendar_2025,false
ne_ndot_version_A400.16_historical,ne_ndot_A400.16,,,MODIFY EXISTING INFRASTRUCTURE,,EACH,,ne_ndot_aup_july_june_2025_2026,false
ne_ndot_version_A400.20_historical,ne_ndot_A400.20,,,MODIFY SERVICE POLE,,EACH,,ne_ndot_aup_calendar_2019,false
ne_ndot_version_A401.03_historical,ne_ndot_A401.03,,,MODIFY,,EACH,,ne_ndot_aup_july_june_2021_2022,false
ne_ndot_version_A401.04_historical,ne_ndot_A401.04,,,MODIFY,,EACH,,ne_ndot_aup_calendar_2018,false
ne_ndot_version_A401.05_historical,ne_ndot_A401.05,,,MODIFY LIGHTING CONTROL CENTER,,EACH,,ne_ndot_aup_july_june_2025_2026,false
ne_ndot_version_A401.10_historical,ne_ndot_A401.10,,,REMOVE AND INSTALL SENSOR,,EACH,,ne_ndot_aup_july_june_2025_2026,false
ne_ndot_version_A401.40_historical,ne_ndot_A401.40,,,40' TOWER CAMERA SITE,,EACH,,ne_ndot_aup_july_june_2025_2026,false
ne_ndot_version_A401.50_historical,ne_ndot_A401.50,,,50' TOWER CAMERA SITE,,EACH,,ne_ndot_aup_july_june_2018_2019,false
ne_ndot_version_A401.55_historical,ne_ndot_A401.55,,,WIRELESS INTERCONNECT RADIO SYSTEM,,EACH,,ne_ndot_aup_july_june_2020_2021,false
ne_ndot_version_A401.58_historical,ne_ndot_A401.58,,,TRUSS CAMERA SITE,,EACH,,ne_ndot_aup_calendar_2021,false
ne_ndot_version_A401.60_historical,ne_ndot_A401.60,,,60' TOWER CAMERA SITE,,EACH,,ne_ndot_aup_july_june_2017_2018,false
ne_ndot_version_A401.70_historical,ne_ndot_A401.70,,,CAMERA TOWER RETROFIT,,EACH,,ne_ndot_aup_july_june_2021_2022,false
ne_ndot_version_A449.00_historical,ne_ndot_A449.00,,,ADJUST PULL BOX TO GRADE,,EACH,,ne_ndot_aup_july_june_2025_2026,false
ne_ndot_version_A450.00_historical,ne_ndot_A450.00,,,INSTALL PULL BOX,,EACH,,ne_ndot_aup_calendar_2024,false
ne_ndot_version_A490.10_historical,ne_ndot_A490.10,,,DMS RETROFIT,,EACH,,ne_ndot_aup_july_june_2025_2026,false
ne_ndot_version_A500.00_historical,ne_ndot_A500.00,,,INSTALL TRAFFIC SIGNAL CONTROLLER,,EACH,,ne_ndot_aup_july_june_2023_2024,false
ne_ndot_version_A500.21_historical,ne_ndot_A500.21,,,"INSTALL TRAFFIC SIGNAL CONTROLLER, TYPE TC-2070",,EACH,,ne_ndot_aup_july_june_2025_2026,false
ne_ndot_version_A501.00_historical,ne_ndot_A501.00,,,"INSTALL TRAFFIC SIGNAL, TYPE TS-1",,EACH,,ne_ndot_aup_calendar_2025,false
ne_ndot_version_A501.05_historical,ne_ndot_A501.05,,,"INSTALL TRAFFIC SIGNAL, TYPE TS-1L",,EACH,,ne_ndot_aup_calendar_2025,false
ne_ndot_version_A501.10_historical,ne_ndot_A501.10,,,"INSTALL TRAFFIC SIGNAL, TYPE TS-1LL",,EACH,,ne_ndot_aup_calendar_2025,false
ne_ndot_version_A501.14_historical,ne_ndot_A501.14,,,"INSTALL TRAFFIC SIGNAL, TYPE TS-1LFF",,EACH,,ne_ndot_aup_july_june_2019_2020,false
ne_ndot_version_A501.30_historical,ne_ndot_A501.30,,,"INSTALL TRAFFIC SIGNAL, TYPE TS-2",,EACH,,ne_ndot_aup_july_june_2025_2026,false
ne_ndot_version_A501.40_historical,ne_ndot_A501.40,,,"INSTALL TRAFFIC SIGNAL, TYPE TS-4",,EACH,,ne_ndot_aup_july_june_2019_2020,false
ne_ndot_version_A501.60_historical,ne_ndot_A501.60,,,INSTALL SIGNAL CABINET,,EACH,,ne_ndot_aup_calendar_2025,false
ne_ndot_version_A501.70_historical,ne_ndot_A501.70,,,INSTALL TRAFFIC SIGNAL HEAD,,EACH,,ne_ndot_aup_calendar_2025,false
ne_ndot_version_A501.76_historical,ne_ndot_A501.76,,,"INSTALL TRAFFIC SIGNAL CONTROLLER, TYPE TC-FLASHER",,EACH,,ne_ndot_aup_july_june_2019_2020,false
ne_ndot_version_A501.80_historical,ne_ndot_A501.80,,,INSTALL DSRC RSU,,EACH,,ne_ndot_aup_july_june_2020_2021,false
ne_ndot_version_A501.81_historical,ne_ndot_A501.81,,,INSTALL DSRC,,EACH,,ne_ndot_aup_calendar_2021,false
ne_ndot_version_A501.91_historical,ne_ndot_A501.91,,,INSTALL RECTANGULAR RAPID FLASHING BEACON,,EACH,,ne_ndot_aup_july_june_2023_2024,false
ne_ndot_version_A502.00_historical,ne_ndot_A502.00,,,"INSTALL PEDESTRIAN SIGNAL, TYPE PS-1",,EACH,,ne_ndot_aup_july_june_2017_2018,false
ne_ndot_version_A502.03_historical,ne_ndot_A502.03,,,INSTALL PEDESTRIAN SIGNAL,,EACH,,ne_ndot_aup_calendar_2019,false
ne_ndot_version_A502.10_historical,ne_ndot_A502.10,,,INSTALL PEDESTRIAN PUSHBUTTON,,EACH,,ne_ndot_aup_july_june_2023_2024,false
ne_ndot_version_A502.48_historical,ne_ndot_A502.48,,,INSTALL PEDESTAL POLE,,EACH,,ne_ndot_aup_calendar_2025,false
ne_ndot_version_A502.52_historical,ne_ndot_A502.52,,,"INSTALL PEDESTAL POLE, TYPE 3",,EACH,,ne_ndot_aup_calendar_2025,false
ne_ndot_version_A502.60_historical,ne_ndot_A502.60,,,"INSTALL PEDESTAL POLE, TYPE PP-10",,EACH,,ne_ndot_aup_july_june_2025_2026,false
ne_ndot_version_A502.61_historical,ne_ndot_A502.61,,,"INSTALL PEDESTAL POLE, TYPE PP-12",,EACH,,ne_ndot_aup_july_june_2023_2024,false
ne_ndot_version_A504.81_historical,ne_ndot_A504.81,,,INSTALL MAST ARM SIGNAL POLE,,EACH,,ne_ndot_aup_july_june_2020_2021,false
ne_ndot_version_A505.90_historical,ne_ndot_A505.90,,,INSTALL COMBINATION MAST ARM SIGNAL AND LIGHTING POLE,,EACH,,ne_ndot_aup_calendar_2022,false
ne_ndot_version_A507.04_historical,ne_ndot_A507.04,,,INSTALL VEHICLE DETECTOR,,EACH,,ne_ndot_aup_calendar_2022,false
ne_ndot_version_A507.20_historical,ne_ndot_A507.20,,,INSTALL VIDEO CAMERA,,EACH,,ne_ndot_aup_calendar_2020,false
ne_ndot_version_A510.00_historical,ne_ndot_A510.00,,,INSTALL LUMINAIRE,,EACH,,ne_ndot_aup_calendar_2021,false
ne_ndot_version_A520.53_historical,ne_ndot_A520.53,,,"STREET LIGHTING UNIT, TYPE SL-BT-40-12-LED20-F",,EACH,,ne_ndot_aup_july_june_2018_2019,false
ne_ndot_version_A520.54_historical,ne_ndot_A520.54,,,"STREET LIGHTING UNIT, TYPE SL-A-40-8-LED20-F",,EACH,,ne_ndot_aup_july_june_2018_2019,false
ne_ndot_version_A520.60_historical,ne_ndot_A520.60,,,"STREET LIGHTING UNIT, TYPE SL-BT-40-6-LED40",,EACH,,ne_ndot_aup_calendar_2025,false
ne_ndot_version_A520.61_historical,ne_ndot_A520.61,,,"STREET LIGHTING UNIT, TYPE SL-BT-40-12-LED40",,EACH,,ne_ndot_aup_july_june_2025_2026,false
ne_ndot_version_A520.62_historical,ne_ndot_A520.62,,,"STREET LIGHTING UNIT, TYPE SL-S-40-8-LED",,EACH,,ne_ndot_aup_july_june_2023_2024,false
ne_ndot_version_A520.63_historical,ne_ndot_A520.63,,,"STREET LIGHTING UNIT, TYPE SL-BT-40-8-LED25",,EACH,,ne_ndot_aup_july_june_2025_2026,false
ne_ndot_version_A520.64_historical,ne_ndot_A520.64,,,"STREET LIGHTING UNIT, TYPE SL-BT-40-12-LED25",,EACH,,ne_ndot_aup_july_june_2025_2026,false
ne_ndot_version_A520.67_historical,ne_ndot_A520.67,,,"STREET LIGHTING UNIT, TYPE SL-BT-40-12-LED25-F",,EACH,,ne_ndot_aup_july_june_2021_2022,false
ne_ndot_version_A520.69_historical,ne_ndot_A520.69,,,"STREET LIGHTING UNIT, TYPE SL-BT-40-12-LED",,EACH,,ne_ndot_aup_july_june_2023_2024,false
ne_ndot_version_A520.70_historical,ne_ndot_A520.70,,,"STREET LIGHTING UNIT, TYPE SL-BT-40-15-LED",,EACH,,ne_ndot_aup_july_june_2023_2024,false
ne_ndot_version_A520.71_historical,ne_ndot_A520.71,,,"STREET LIGHTING UNIT, TYPE SL-A-40-6-LED-F",,EACH,,ne_ndot_aup_july_june_2017_2018,false
ne_ndot_version_A520.72_historical,ne_ndot_A520.72,,,"STREET LIGHTING UNIT, TYPE SL-S-40-6&6-LED25",,EACH,,ne_ndot_aup_july_june_2019_2020,false
ne_ndot_version_A520.73_historical,ne_ndot_A520.73,,,"STREET LIGHTING UNIT, TYPE SL-A-40-6&6-LED-F",,EACH,,ne_ndot_aup_july_june_2017_2018,false
ne_ndot_version_A520.74_historical,ne_ndot_A520.74,,,"STREET LIGHTING UNIT, TYPE SL-S-40-6&6-LED",,EACH,,ne_ndot_aup_july_june_2017_2018,false
ne_ndot_version_A520.75_historical,ne_ndot_A520.75,,,"STREET LIGHTING UNIT, TYPE SL-A-40-6-LED25",,EACH,,ne_ndot_aup_july_june_2025_2026,false
ne_ndot_version_A520.76_historical,ne_ndot_A520.76,,,"STREET LIGHTING UNIT, TYPE SL-A-40-6-LED25-A",,EACH,,ne_ndot_aup_july_june_2018_2019,false
ne_ndot_version_A520.77_historical,ne_ndot_A520.77,,,"STREET LIGHTING UNIT, TYPE SL-A-40-6&6-LED25",,EACH,,ne_ndot_aup_july_june_2018_2019,false
ne_ndot_version_A520.78_historical,ne_ndot_A520.78,,,"STREET LIGHTING UNIT, TYPE SL-A-40-4-LED25",,EACH,,ne_ndot_aup_july_june_2023_2024,false
ne_ndot_version_A520.79_historical,ne_ndot_A520.79,,,"STREET LIGHTING UNIT, TYPE SL-A-40-10-LED25",,EACH,,ne_ndot_aup_july_june_2019_2020,false
ne_ndot_version_A520.80_historical,ne_ndot_A520.80,,,"STREET LIGHTING UNIT, TYPE SL-A-40-4-LED25-F",,EACH,,ne_ndot_aup_july_june_2021_2022,false
ne_ndot_version_A520.81_historical,ne_ndot_A520.81,,,"STREET LIGHTING UNIT, TYPE SL-A-40-10-LED25-F",,EACH,,ne_ndot_aup_july_june_2019_2020,false
ne_ndot_version_A520.82_historical,ne_ndot_A520.82,,,"STREET LIGHTING UNIT, TYPE SL-A-40-6-LED20",,EACH,,ne_ndot_aup_july_june_2021_2022,false
ne_ndot_version_A520.83_historical,ne_ndot_A520.83,,,"STREET LIGHTING UNIT, TYPE SL-A-40-8-LED25-F",,EACH,,ne_ndot_aup_july_june_2021_2022,false
ne_ndot_version_A520.84_historical,ne_ndot_A520.84,,,"STREET LIGHTING UNIT, TYPE SL-S-40-4-LED25",,EACH,,ne_ndot_aup_july_june_2023_2024,false
ne_ndot_version_A520.85_historical,ne_ndot_A520.85,,,"STREET LIGHTING UNIT, TYPE SL-A-40-8-LED25",,EACH,,ne_ndot_aup_july_june_2025_2026,false
ne_ndot_version_A520.86_historical,ne_ndot_A520.86,,,"STREET LIGHTING UNIT, TYPE SL-BT-45-6-LED",,EACH,,ne_ndot_aup_july_june_2025_2026,false
ne_ndot_version_A520.87_historical,ne_ndot_A520.87,,,"STREET LIGHTING UNIT, TYPE SL-A-40-6-LED25-F",,EACH,,ne_ndot_aup_july_june_2023_2024,false
ne_ndot_version_A520.88_historical,ne_ndot_A520.88,,,"STREET LIGHTING UNIT, TYPE SL-BT-45-12-LED25",,EACH,,ne_ndot_aup_july_june_2024_2025,false
ne_ndot_version_A520.89_historical,ne_ndot_A520.89,,,"STREET LIGHTING UNIT, TYPE SL-BT-40-6-LED25",,EACH,,ne_ndot_aup_july_june_2025_2026,false
ne_ndot_version_A521.00_historical,ne_ndot_A521.00,,,INSTALL STREET LIGHTING UNIT,,EACH,,ne_ndot_aup_calendar_2020,false
ne_ndot_version_A521.50_historical,ne_ndot_A521.50,,,"STREET LIGHTING UNIT, TYPE SL-S-40-6-LED25",,EACH,,ne_ndot_aup_july_june_2025_2026,false
ne_ndot_version_A525.00_historical,ne_ndot_A525.00,,,INSTALL STREET LIGHT BASE,,EACH,,ne_ndot_aup_calendar_2024,false
ne_ndot_version_A525.02_historical,ne_ndot_A525.02,,,INSTALL STREET LIGHT PULL BOX,,EACH,,ne_ndot_aup_july_june_2020_2021,false
ne_ndot_version_A525.03_historical,ne_ndot_A525.03,,,STREET LIGHT BASE,,EACH,,ne_ndot_aup_july_june_2021_2022,false
ne_ndot_version_A530.01_historical,ne_ndot_A530.01,,,INSTALL DUCT BANK,,LF,,ne_ndot_aup_july_june_2019_2020,false
ne_ndot_version_A530.11_historical,ne_ndot_A530.11,,,INSTALL DUCT BANK,,LS,,ne_ndot_aup_july_june_2019_2020,false
ne_ndot_version_A530.18_historical,ne_ndot_A530.18,,,CONCRETE ENCASED DUCT BANK,,LF,,ne_ndot_aup_calendar_2023,false
ne_ndot_version_A545.01_historical,ne_ndot_A545.01,,,INSTALL RADAR DETECTOR LEAD-IN CABLE,,LF,,ne_ndot_aup_calendar_2020,false
ne_ndot_version_A565.02_historical,ne_ndot_A565.02,,,INSTALL 2-INCH CONDUIT IN TRENCH,,LF,,ne_ndot_aup_july_june_2019_2020,false
ne_ndot_version_A565.06_historical,ne_ndot_A565.06,,,INSTALL 2-INCH CONDUIT UNDER ROADWAY,,LF,,ne_ndot_aup_july_june_2019_2020,false
ne_ndot_version_A565.11_historical,ne_ndot_A565.11,,,"INSTALL 2-INCH CONDUIT, JACKED",,LF,,ne_ndot_aup_july_june_2019_2020,false
ne_ndot_version_A565.98_historical,ne_ndot_A565.98,,,INSTALL CONDUIT AND CABLE,,LF,,ne_ndot_aup_calendar_2024,false
ne_ndot_version_A565.99_historical,ne_ndot_A565.99,,,INSTALL CONDUIT AND CABLE,,LF,,ne_ndot_aup_july_june_2020_2021,false
ne_ndot_version_A579.50_historical,ne_ndot_A579.50,,,INSTALL UNINTERRUPTIBLE POWER SUPPLY,,EACH,,ne_ndot_aup_july_june_2017_2018,false
ne_ndot_version_A580.79_historical,ne_ndot_A580.79,,,INSTALL LIGHTING UNIT,,EACH,,ne_ndot_aup_july_june_2020_2021,false
ne_ndot_version_A580.88_historical,ne_ndot_A580.88,,,INSTALL,,EACH,,ne_ndot_aup_july_june_2023_2024,false
ne_ndot_version_A580.89_historical,ne_ndot_A580.89,,,INSTALL,,EACH,,ne_ndot_aup_calendar_2018,false
ne_ndot_version_A580.91_historical,ne_ndot_A580.91,,,INSTALL,,EACH,,ne_ndot_aup_calendar_2018,false
ne_ndot_version_A580.94_historical,ne_ndot_A580.94,,,INSTALL,,EACH,,ne_ndot_aup_calendar_2018,false
ne_ndot_version_A580.95_historical,ne_ndot_A580.95,,,INSTALL,,EACH,,ne_ndot_aup_calendar_2018,false
ne_ndot_version_A580.96_historical,ne_ndot_A580.96,,,INSTALL,,LF,,ne_ndot_aup_calendar_2022,false
ne_ndot_version_A580.97_historical,ne_ndot_A580.97,,,INSTALL,,LF,,ne_ndot_aup_calendar_2022,false
ne_ndot_version_A580.98_historical,ne_ndot_A580.98,,,INSTALL,,EACH,,ne_ndot_aup_calendar_2018,false
ne_ndot_version_A581.02_historical,ne_ndot_A581.02,,,"FURNISH, INSTALL, AND REMOVE 8"" CHLORINE TUBE",,EACH,,ne_ndot_aup_calendar_2018,false
ne_ndot_version_A581.03_historical,ne_ndot_A581.03,,,"FURNISH, INSTALL, AND REMOVE 6"" CHLORINE TUBE",,EACH,,ne_ndot_aup_calendar_2018,false
ne_ndot_version_A581.04_historical,ne_ndot_A581.04,,,FURNISH AND INSTALL SAMPLE TAP,,EACH,,ne_ndot_aup_calendar_2018,false
ne_ndot_version_A581.05_historical,ne_ndot_A581.05,,,FURNISH AND INSTALL AIR RELIEF AND VAULT,,EACH,,ne_ndot_aup_calendar_2018,false
ne_ndot_version_A581.06_historical,ne_ndot_A581.06,,,"FURNISH AND INSTALL VAULT: INSTALL 16"" GATE VALVE",,EACH,,ne_ndot_aup_calendar_2018,false
ne_ndot_version_A581.07_historical,ne_ndot_A581.07,,,"FURNISH AND INSTALL VAULT: INSTALL 12"" GATE VALVE",,EACH,,ne_ndot_aup_calendar_2018,false
ne_ndot_version_A581.08_historical,ne_ndot_A581.08,,,"FURNISH AND INSTALL VAULT: INSTALL 8"" GATE VALVE",,EACH,,ne_ndot_aup_calendar_2018,false
ne_ndot_version_A581.09_historical,ne_ndot_A581.09,,,"FURNISH AND INSTALL VAULT: INSTALL 6"" GATE VALVE",,EACH,,ne_ndot_aup_calendar_2018,false
ne_ndot_version_A581.10_historical,ne_ndot_A581.10,,,"FURNISH AND INSTALL CONCRETE VAULT FOOTINGS, TO INCLUDE TWO PER VAULT",,EACH,,ne_ndot_aup_calendar_2018,false
ne_ndot_version_A581.11_historical,ne_ndot_A581.11,,,"FURNISH AND INSTALL ADJUSTABLE VALVE BOX; INSTALL 12"" GATE VALVE",,EACH,,ne_ndot_aup_calendar_2018,false
ne_ndot_version_A581.12_historical,ne_ndot_A581.12,,,"FURNISH AND INSTALL ADJUSTABLE VALVE BOX; INSTALL 8"" GATE VALVE",,EACH,,ne_ndot_aup_calendar_2018,false
ne_ndot_version_A581.13_historical,ne_ndot_A581.13,,,"FURNISH AND INSTALL ADJUSTABLE VALVE BOX; INSTALL 6"" GATE VALVE",,EACH,,ne_ndot_aup_calendar_2018,false
ne_ndot_version_A581.14_historical,ne_ndot_A581.14,,,"FURNISH AND INSTALL ADJUSTABLE VALVE BOX; INSTALL 4"" GATE VALVE",,EACH,,ne_ndot_aup_calendar_2018,false
ne_ndot_version_A600.00_historical,ne_ndot_A600.00,,,REMOVE LIGHTING UNIT,,EACH,,ne_ndot_aup_july_june_2025_2026,false
ne_ndot_version_A600.02_historical,ne_ndot_A600.02,,,REMOVE LIGHTING UNIT,,EACH,,ne_ndot_aup_july_june_2019_2020,false
ne_ndot_version_A600.04_historical,ne_ndot_A600.04,,,REMOVE LIGHTING UNIT,,EACH,,ne_ndot_aup_july_june_2018_2019,false
ne_ndot_version_A600.06_historical,ne_ndot_A600.06,,,REMOVE LIGHTING UNIT,,EACH,,ne_ndot_aup_july_june_2018_2019,false
ne_ndot_version_A600.50_historical,ne_ndot_A600.50,,,REMOVE LUMINAIRE,,EACH,,ne_ndot_aup_july_june_2025_2026,false
ne_ndot_version_A609.90_historical,ne_ndot_A609.90,,,REMOVE TRAFFIC SIGNAL POLE,,EACH,,ne_ndot_aup_july_june_2019_2020,false
ne_ndot_version_A610.00_historical,ne_ndot_A610.00,,,REMOVE TRAFFIC SIGNAL,,EACH,,ne_ndot_aup_july_june_2025_2026,false
ne_ndot_version_A610.01_historical,ne_ndot_A610.01,,,REMOVE TRAFFIC SIGNAL,,EACH,,ne_ndot_aup_july_june_2018_2019,false
ne_ndot_version_A610.02_historical,ne_ndot_A610.02,,,REMOVE TRAFFIC SIGNAL,,EACH,,ne_ndot_aup_july_june_2018_2019,false
ne_ndot_version_A610.03_historical,ne_ndot_A610.03,,,REMOVE TRAFFIC SIGNAL,,EACH,,ne_ndot_aup_july_june_2018_2019,false
ne_ndot_version_A610.04_historical,ne_ndot_A610.04,,,REMOVE TRAFFIC SIGNAL,,EACH,,ne_ndot_aup_july_june_2018_2019,false
ne_ndot_version_A610.05_historical,ne_ndot_A610.05,,,REMOVE TRAFFIC SIGNAL,,EACH,,ne_ndot_aup_july_june_2018_2019,false
ne_ndot_version_A610.10_historical,ne_ndot_A610.10,,,REMOVE TRAFFIC SIGNAL HEAD,,EACH,,ne_ndot_aup_july_june_2025_2026,false
ne_ndot_version_A610.11_historical,ne_ndot_A610.11,,,REMOVE TRAFFIC SIGNAL HEAD,,EACH,,ne_ndot_aup_july_june_2019_2020,false
ne_ndot_version_A610.15_historical,ne_ndot_A610.15,,,REMOVE TRAFFIC SIGNAL,,EACH,,ne_ndot_aup_calendar_2018,false
ne_ndot_version_A610.16_historical,ne_ndot_A610.16,,,REMOVE TRAFFIC SIGNAL,,LS,,ne_ndot_aup_july_june_2025_2026,false
ne_ndot_version_A610.17_historical,ne_ndot_A610.17,,,REMOVE TRAFFIC SIGNAL DETECTION SYSTEM,,EACH,,ne_ndot_aup_july_june_2025_2026,false
ne_ndot_version_A610.18_historical,ne_ndot_A610.18,,,REMOVE PEDESTRIAN SIGNAL HEAD,,EACH,,ne_ndot_aup_calendar_2022,false
ne_ndot_version_A610.40_historical,ne_ndot_A610.40,,,REMOVE TEMPORARY LIGHTING SYSTEM,,EACH,,ne_ndot_aup_july_june_2025_2026,false
ne_ndot_version_A611.00_historical,ne_ndot_A611.00,,,REMOVE TRAFFIC SIGNAL CONTROLLER,,EACH,,ne_ndot_aup_july_june_2025_2026,false
ne_ndot_version_A611.10_historical,ne_ndot_A611.10,,,REMOVE PEDESTRIAN SIGNAL,,EACH,,ne_ndot_aup_july_june_2025_2026,false
ne_ndot_version_A611.12_historical,ne_ndot_A611.12,,,REMOVE PEDESTRIAN PUSHBUTTON,,EACH,,ne_ndot_aup_july_june_2025_2026,false
ne_ndot_version_A612.10_historical,ne_ndot_A612.10,,,REMOVE AND REINSTALL STREET LIGHTING UNIT,,EACH,,ne_ndot_aup_july_june_2022_2023,false
ne_ndot_version_A620.01_historical,ne_ndot_A620.01,,,REMOVE CONDUCTOR,,LF,,ne_ndot_aup_july_june_2025_2026,false
ne_ndot_version_A620.02_historical,ne_ndot_A620.02,,,REMOVE LIGHTING CONTROL CENTER,,EACH,,ne_ndot_aup_july_june_2025_2026,false
ne_ndot_version_A620.03_historical,ne_ndot_A620.03,,,REMOVE LIGHTING CONTROL CENTER,,EACH,,ne_ndot_aup_july_june_2023_2024,false
ne_ndot_version_A630.00_historical,ne_ndot_A630.00,,,REMOVE LIGHT POLE,,EACH,,ne_ndot_aup_july_june_2025_2026,false
ne_ndot_version_A630.01_historical,ne_ndot_A630.01,,,REMOVE SPAN WIRE POLE AND FOUNDATION,,EACH,,ne_ndot_aup_july_june_2025_2026,false
ne_ndot_version_A630.02_historical,ne_ndot_A630.02,,,REMOVE PEDESTAL POLE AND FOUNDATION,,EACH,,ne_ndot_aup_july_june_2025_2026,false
ne_ndot_version_A630.03_historical,ne_ndot_A630.03,,,REMOVE PEDESTAL POLE,,EACH,,ne_ndot_aup_july_june_2025_2026,false
ne_ndot_version_A630.04_historical,ne_ndot_A630.04,,,REMOVE HIGH MAST LIGHTING UNIT,,EACH,,ne_ndot_aup_july_june_2025_2026,false
ne_ndot_version_A630.05_historical,ne_ndot_A630.05,,,REMOVE WOOD POLE,,EACH,,ne_ndot_aup_calendar_2022,false
ne_ndot_version_A630.06_historical,ne_ndot_A630.06,,,REMOVE POST MOUNTED BEACON,,EACH,,ne_ndot_aup_july_june_2025_2026,false
ne_ndot_version_A630.07_historical,ne_ndot_A630.07,,,REMOVE AND REPLACE CABINET,,EACH,,ne_ndot_aup_july_june_2025_2026,false
ne_ndot_version_A630.08_historical,ne_ndot_A630.08,,,REMOVE AND REPLACE CABINET,,EACH,,ne_ndot_aup_july_june_2019_2020,false
ne_ndot_version_A630.09_historical,ne_ndot_A630.09,,,REMOVE AND REPLACE CABINET,,EACH,,ne_ndot_aup_calendar_2018,false
ne_ndot_version_A630.11_historical,ne_ndot_A630.11,,,REMOVE LIGHT POLE FOUNDATION,,EACH,,ne_ndot_aup_july_june_2025_2026,false
ne_ndot_version_A630.13_historical,ne_ndot_A630.13,,,REMOVE LIGHT POLE BASE,,EACH,,ne_ndot_aup_july_june_2025_2026,false
ne_ndot_version_A630.14_historical,ne_ndot_A630.14,,,REMOVE AND REINSTALL TRAFFIC SIGNAL CONTROLLER AND CABINET,,EACH,,ne_ndot_aup_july_june_2018_2019,false
ne_ndot_version_A630.15_historical,ne_ndot_A630.15,,,REMOVE CONTROLLER CABINET AND FOUNDATION,,EACH,,ne_ndot_aup_july_june_2025_2026,false
ne_ndot_version_A630.16_historical,ne_ndot_A630.16,,,REMOVE TOWER FOUNDATION,,EACH,,ne_ndot_aup_july_june_2025_2026,false
ne_ndot_version_A630.17_historical,ne_ndot_A630.17,,,REMOVE AND REINSTALL TRAFFIC SIGNAL CONTROLLER AND CABINET,,EACH,,ne_ndot_aup_july_june_2018_2019,false
ne_ndot_version_A630.18_historical,ne_ndot_A630.18,,,REMOVE CAMERA TOWER,,EACH,,ne_ndot_aup_july_june_2025_2026,false
ne_ndot_version_A630.19_historical,ne_ndot_A630.19,,,REMOVE LIGHT POLE WIRING,,LF,,ne_ndot_aup_calendar_2023,false
ne_ndot_version_A630.20_historical,ne_ndot_A630.20,,,REMOVE PULL BOX,,EACH,,ne_ndot_aup_july_june_2025_2026,false
ne_ndot_version_A630.22_historical,ne_ndot_A630.22,,,REMOVE PULL BOX TYPE PB-5,,EACH,,ne_ndot_aup_july_june_2025_2026,false
ne_ndot_version_A630.23_historical,ne_ndot_A630.23,,,REPLACE PULL BOX,,EACH,,ne_ndot_aup_july_june_2024_2025,false
ne_ndot_version_A630.30_historical,ne_ndot_A630.30,,,REMOVE MAST ARM,,EACH,,ne_ndot_aup_calendar_2018,false
ne_ndot_version_A639.90_historical,ne_ndot_A639.90,,,REMOVE COMBINATION MAST ARM SIGNAL AND LIGHTING POLE,,EACH,,ne_ndot_aup_july_june_2024_2025,false
ne_ndot_version_A650.02_historical,ne_ndot_A650.02,,,REMOVE MAST ARM SIGNAL POLE,,EACH,,ne_ndot_aup_calendar_2023,false
ne_ndot_version_A650.05_historical,ne_ndot_A650.05,,,CLICK 650,,EACH,,ne_ndot_aup_calendar_2024,false
ne_ndot_version_A670.70_historical,ne_ndot_A670.70,,,REMOVE CONCRETE DUCT,,LF,,ne_ndot_aup_calendar_2023,false
ne_ndot_version_A679.50_historical,ne_ndot_A679.50,,,REMOVE SERVICE DISCONNECT,,EACH,,ne_ndot_aup_calendar_2024,false
ne_ndot_version_A679.53_historical,ne_ndot_A679.53,,,REMOVE GROUNDING CONDUCTOR,,LF,,ne_ndot_aup_july_june_2025_2026,false
ne_ndot_version_A679.56_historical,ne_ndot_A679.56,,,REMOVE SERVICE CABLE,,LF,,ne_ndot_aup_july_june_2025_2026,false
ne_ndot_version_A679.57_historical,ne_ndot_A679.57,,,REMOVE TRAFFIC SIGNAL CABLE,,LF,,ne_ndot_aup_july_june_2025_2026,false
ne_ndot_version_A679.80_historical,ne_ndot_A679.80,,,REMOVE STREET LIGHTING CABLE,,LF,,ne_ndot_aup_july_june_2017_2018,false
ne_ndot_version_A679.82_historical,ne_ndot_A679.82,,,REMOVE STREET LIGHTING UNIT,,EACH,,ne_ndot_aup_july_june_2025_2026,false
ne_ndot_version_A699.80_historical,ne_ndot_A699.80,,,REINSTALL,,EACH,,ne_ndot_aup_july_june_2025_2026,false
ne_ndot_version_A699.81_historical,ne_ndot_A699.81,,,REINSTALL,,EACH,,ne_ndot_aup_july_june_2018_2019,false
ne_ndot_version_A699.90_historical,ne_ndot_A699.90,,,REMOVE,,EACH,,ne_ndot_aup_calendar_2024,false
ne_ndot_version_A699.91_historical,ne_ndot_A699.91,,,REMOVE,,EACH,,ne_ndot_aup_calendar_2018,false
ne_ndot_version_A699.98_historical,ne_ndot_A699.98,,,REMOVE,,LF,,ne_ndot_aup_july_june_2025_2026,false
ne_ndot_version_A699.99_historical,ne_ndot_A699.99,,,REMOVE,,LS,,ne_ndot_aup_calendar_2024,false
ne_ndot_version_A700.09_historical,ne_ndot_A700.09,,,RELOCATE CABLE,,LF,,ne_ndot_aup_july_june_2025_2026,false
ne_ndot_version_A700.20_historical,ne_ndot_A700.20,,,RELOCATE STREET LIGHTING UNIT,,EACH,,ne_ndot_aup_july_june_2025_2026,false
ne_ndot_version_A700.21_historical,ne_ndot_A700.21,,,RELOCATE STREET LIGHTING UNIT,,EACH,,ne_ndot_aup_calendar_2019,false
ne_ndot_version_A700.22_historical,ne_ndot_A700.22,,,RELOCATE STREET LIGHTING UNIT,,EACH,,ne_ndot_aup_july_june_2017_2018,false
ne_ndot_version_A700.68_historical,ne_ndot_A700.68,,,RELOCATE LUMINAIRE,,EACH,,ne_ndot_aup_calendar_2023,false
ne_ndot_version_A700.75_historical,ne_ndot_A700.75,,,RELOCATE LIGHT POLE,,EACH,,ne_ndot_aup_july_june_2025_2026,false
ne_ndot_version_A703.60_historical,ne_ndot_A703.60,,,RELOCATE MAST ARM SIGNAL POLE,,EACH,,ne_ndot_aup_july_june_2019_2020,false
ne_ndot_version_A704.00_historical,ne_ndot_A704.00,,,RELOCATE HIGH MAST LIGHTING UNIT,,EACH,,ne_ndot_aup_july_june_2025_2026,false
ne_ndot_version_A704.20_historical,ne_ndot_A704.20,,,REPLACE HIGH MAST LIGHTING UNIT,,EACH,,ne_ndot_aup_july_june_2022_2023,false
ne_ndot_version_A704.21_historical,ne_ndot_A704.21,,,REPLACE HIGH MAST TOWER,,EACH,,ne_ndot_aup_july_june_2025_2026,false
ne_ndot_version_A705.00_historical,ne_ndot_A705.00,,,RELOCATE TRAFFIC SIGNAL CONTROLLER,,EACH,,ne_ndot_aup_july_june_2019_2020,false
ne_ndot_version_A705.06_historical,ne_ndot_A705.06,,,RE-ENTERABLE ENCAPSULATED SPLICE,,EACH,,ne_ndot_aup_calendar_2018,false
ne_ndot_version_A705.20_historical,ne_ndot_A705.20,,,"RELOCATE LIGHTING CONTROL CENTER, TYPE",,EACH,,ne_ndot_aup_july_june_2025_2026,false
ne_ndot_version_A706.00_historical,ne_ndot_A706.00,,,RELOCATE PULL BOX,,EACH,,ne_ndot_aup_calendar_2024,false
ne_ndot_version_A710.02_historical,ne_ndot_A710.02,,,RELOCATE PEDESTAL POLE,,EACH,,ne_ndot_aup_july_june_2023_2024,false
ne_ndot_version_A710.10_historical,ne_ndot_A710.10,,,RELOCATE PEDESTRIAN SIGNAL,,EACH,,ne_ndot_aup_july_june_2019_2020,false
ne_ndot_version_A724.01_historical,ne_ndot_A724.01,,,RELOCATE TRAFFIC SIGNAL,,EACH,,ne_ndot_aup_july_june_2025_2026,false
ne_ndot_version_A724.03_historical,ne_ndot_A724.03,,,RELOCATE,,EACH,,ne_ndot_aup_july_june_2025_2026,false
ne_ndot_version_A724.20_historical,ne_ndot_A724.20,,,REMOVE & RELOCATE SIGN & POST,,EACH,,ne_ndot_aup_july_june_2025_2026,false
ne_ndot_version_A750.02_historical,ne_ndot_A750.02,,,PEDESTRIAN LIGHT POLE,,EACH,,ne_ndot_aup_calendar_2023,false
ne_ndot_version_A750.16_historical,ne_ndot_A750.16,,,HIGH MAST LUMINAIRE,,EACH,,ne_ndot_aup_calendar_2024,false
ne_ndot_version_A750.50_historical,ne_ndot_A750.50,,,REPLACE LIGHT POLE,,EACH,,ne_ndot_aup_july_june_2018_2019,false
ne_ndot_version_A750.52_historical,ne_ndot_A750.52,,,REPLACE,,EACH,,ne_ndot_aup_july_june_2025_2026,false
ne_ndot_version_A755.25_historical,ne_ndot_A755.25,,,FABRIC INNERDUCT,,LF,,ne_ndot_aup_july_june_2019_2020,false
ne_ndot_version_A755.26_historical,ne_ndot_A755.26,,,"3"", 3 CELL FABRIC INNERDUCT",,LF,,ne_ndot_aup_july_june_2021_2022,false
ne_ndot_version_A760.04_historical,ne_ndot_A760.04,,,CABINET FOR CAMERA/RADIO SITE,,EACH,,ne_ndot_aup_calendar_2024,false
ne_ndot_version_A760.10_historical,ne_ndot_A760.10,,,CIVIC CENTER LAYER 3 SWITCH/ROUTER,,EACH,,ne_ndot_aup_july_june_2017_2018,false
ne_ndot_version_A760.11_historical,ne_ndot_A760.11,,,48-STRAND SINGLE MODE FIBER OPTIC,,LF,,ne_ndot_aup_calendar_2022,false
ne_ndot_version_A760.12_historical,ne_ndot_A760.12,,,ENCLOSED WALL MOUNTED CABINET- 24U,,EACH,,ne_ndot_aup_july_june_2017_2018,false
ne_ndot_version_A760.13_historical,ne_ndot_A760.13,,,POWER DISTRIBUTION UNIT (PDU),,EACH,,ne_ndot_aup_july_june_2017_2018,false
ne_ndot_version_A760.14_historical,ne_ndot_A760.14,,,LAYER II SWITCH - CABINET,,EACH,,ne_ndot_aup_calendar_2021,false
ne_ndot_version_A760.15_historical,ne_ndot_A760.15,,,FIELD LAYER 3 SWITCH/ROUTER,,EACH,,ne_ndot_aup_july_june_2017_2018,false
ne_ndot_version_A760.16_historical,ne_ndot_A760.16,,,48-STRAND SINGLE MODE FIBER OPTIC CABLE,,LF,,ne_ndot_aup_calendar_2024,false
ne_ndot_version_A760.17_historical,ne_ndot_A760.17,,,48-STRAND SINGLE MODE FIBER OPTIC MAIN CABLE,,LF,,ne_ndot_aup_july_june_2025_2026,false
ne_ndot_version_A760.18_historical,ne_ndot_A760.18,,,RACK MOUNTED FIBER DISTRIBUTION UNIT (FDU)- 96 FIBER,,EACH,,ne_ndot_aup_july_june_2017_2018,false
ne_ndot_version_A760.19_historical,ne_ndot_A760.19,,,PULL FIBER OPTIC MAIN CABLE,,LF,,ne_ndot_aup_july_june_2021_2022,false
ne_ndot_version_A760.20_historical,ne_ndot_A760.20,,,BATTERY BACK-UP UNIT,,EACH,,ne_ndot_aup_july_june_2017_2018,false
ne_ndot_version_A775.10_historical,ne_ndot_A775.10,,,MODULAR VIDEO VEHICLE DETECTION SYSTEM,,LS,,ne_ndot_aup_july_june_2025_2026,false
ne_ndot_version_A778.00_historical,ne_ndot_A778.00,,,CCTV CAMERA SYSTEM,,EACH,,ne_ndot_aup_july_june_2025_2026,false
ne_ndot_version_A778.03_historical,ne_ndot_A778.03,,,REMOVE AND REINSTALL CCTV CAMERA SYSTEM,,LS,,ne_ndot_aup_july_june_2018_2019,false
ne_ndot_version_A778.05_historical,ne_ndot_A778.05,,,CCTV,,EACH,,ne_ndot_aup_july_june_2025_2026,false
ne_ndot_version_A778.06_historical,ne_ndot_A778.06,,,TRAFFIC MONITORING CAMERA,,EACH,,ne_ndot_aup_july_june_2025_2026,false
ne_ndot_version_A778.09_historical,ne_ndot_A778.09,,,PORTABLE QUEUE DETECTION SYSTEM,,LS,,ne_ndot_aup_july_june_2025_2026,false
ne_ndot_version_A778.10_historical,ne_ndot_A778.10,,,CENTRAL COMPUTER,,LS,,ne_ndot_aup_july_june_2025_2026,false
ne_ndot_version_A778.11_historical,ne_ndot_A778.11,,,CLOSED CIRCUIT TELEVISION CAMERA,,EACH,,ne_ndot_aup_july_june_2025_2026,false
ne_ndot_version_A778.12_historical,ne_ndot_A778.12,,,PORTABLE DYNAMIC MESSAGE SIGNS,,DAY,,ne_ndot_aup_july_june_2025_2026,false
ne_ndot_version_A778.13_historical,ne_ndot_A778.13,,,PORTABLE NON-INTRUSIVE TRAFFIC SENSORS,,DAY,,ne_ndot_aup_july_june_2025_2026,false
ne_ndot_version_A778.14_historical,ne_ndot_A778.14,,,SPEED SENSORS,,DAY,,ne_ndot_aup_july_june_2018_2019,false
ne_ndot_version_A778.15_historical,ne_ndot_A778.15,,,DIGITAL SPEED LIMIT SIGN,,DAY,,ne_ndot_aup_july_june_2025_2026,false
ne_ndot_version_A779.45_historical,ne_ndot_A779.45,,,VIDEO DETECTION CAMERA,,EACH,,ne_ndot_aup_july_june_2025_2026,false
ne_ndot_version_A780.05_historical,ne_ndot_A780.05,,,TEMPORARY LIGHTING SYSTEM,,EACH,,ne_ndot_aup_july_june_2025_2026,false
ne_ndot_version_A780.06_historical,ne_ndot_A780.06,,,TEMPORARY LIGHTING SYSTEM,,EACH,,ne_ndot_aup_july_june_2019_2020,false
ne_ndot_version_A780.07_historical,ne_ndot_A780.07,,,TEMPORARY LIGHTING SYSTEM,,EACH,,ne_ndot_aup_july_june_2019_2020,false
ne_ndot_version_A780.09_historical,ne_ndot_A780.09,,,TEMPORARY LIGHTING SYSTEM,,EACH,,ne_ndot_aup_july_june_2019_2020,false
ne_ndot_version_A780.10_historical,ne_ndot_A780.10,,,CROSSOVER LIGHTING SYSTEM,,EACH,,ne_ndot_aup_calendar_2025,false
ne_ndot_version_A780.11_historical,ne_ndot_A780.11,,,CROSSOVER LIGHTING SYSTEM,,EACH,,ne_ndot_aup_july_june_2025_2026,false
ne_ndot_version_A780.12_historical,ne_ndot_A780.12,,,CROSSOVER LIGHTING SYSTEM,,EACH,,ne_ndot_aup_calendar_2019,false
ne_ndot_version_A780.16_historical,ne_ndot_A780.16,,,TEMPORARY LIGHTING SYSTEM,,EACH,,ne_ndot_aup_july_june_2019_2020,false
ne_ndot_version_A780.17_historical,ne_ndot_A780.17,,,TEMPORARY LIGHTING SYSTEM,,EACH,,ne_ndot_aup_july_june_2019_2020,false
ne_ndot_version_A780.18_historical,ne_ndot_A780.18,,,TEMPORARY LIGHTING SYSTEM,,EACH,,ne_ndot_aup_july_june_2019_2020,false
ne_ndot_version_A780.19_historical,ne_ndot_A780.19,,,TEMPORARY LIGHTING SYSTEM,,EACH,,ne_ndot_aup_july_june_2019_2020,false
ne_ndot_version_A780.20_historical,ne_ndot_A780.20,,,TEMPORARY LIGHTING SYSTEM,,EACH,,ne_ndot_aup_july_june_2019_2020,false
ne_ndot_version_A800.51_historical,ne_ndot_A800.51,,,OPERATION AND MAINTENANCE OF CROSSOVER LIGHTING SYSTEM,,DAY,,ne_ndot_aup_calendar_2019,false
ne_ndot_version_A800.53_historical,ne_ndot_A800.53,,,OPERATION AND MAINTENANCE OF CROSSOVER LIGHTING SYSTEM,,DAY,,ne_ndot_aup_july_june_2025_2026,false
ne_ndot_version_A800.55_historical,ne_ndot_A800.55,,,OPERATION AND MAINTENANCE OF TEMPORARY LIGHTING SYSTEM,,DAY,,ne_ndot_aup_july_june_2025_2026,false
ne_ndot_version_A800.56_historical,ne_ndot_A800.56,,,OPERATION AND MAINTENANCE OF TEMPORARY LIGHTING SYSTEM,,DAY,,ne_ndot_aup_july_june_2018_2019,false
ne_ndot_version_A800.59_historical,ne_ndot_A800.59,,,OPERATION AND MAINTENANCE OF CROSSOVER LIGHTING SYSTEM,,DAY,,ne_ndot_aup_july_june_2021_2022,false
ne_ndot_version_A800.60_historical,ne_ndot_A800.60,,,OPERATION AND MAINTENANCE OF CROSSOVER LIGHTING SYSTEM,,DAY,,ne_ndot_aup_july_june_2021_2022,false
ne_ndot_version_A800.76_historical,ne_ndot_A800.76,,,REMOVE CROSSOVER LIGHTING SYSTEM,,EACH,,ne_ndot_aup_july_june_2025_2026,false
ne_ndot_version_A800.77_historical,ne_ndot_A800.77,,,REMOVE CROSSOVER LIGHTING SYSTEM,,EACH,,ne_ndot_aup_calendar_2019,false
ne_ndot_version_A800.78_historical,ne_ndot_A800.78,,,REMOVE CROSSOVER LIGHTING SYSTEM,,EACH,,ne_ndot_aup_calendar_2019,false
ne_ndot_version_A800.91_historical,ne_ndot_A800.91,,,TEMPORARY LIGHTING,,EACH,,ne_ndot_aup_calendar_2023,false
ne_ndot_version_A801.01_historical,ne_ndot_A801.01,,,"CONSTRUCTION LIGHTING, CATEGORY I",,NGHT,,ne_ndot_aup_july_june_2025_2026,false
ne_ndot_version_A801.02_historical,ne_ndot_A801.02,,,"CONSTRUCTION LIGHTING, CATEGORY II",,NGHT,,ne_ndot_aup_july_june_2025_2026,false
ne_ndot_version_A819.00_historical,ne_ndot_A819.00,,,TRAFFIC SIGNAL CABINET,,EACH,,ne_ndot_aup_july_june_2025_2026,false
ne_ndot_version_A819.01_historical,ne_ndot_A819.01,,,SIGNAL CABINET,,EACH,,ne_ndot_aup_calendar_2025,false
ne_ndot_version_A819.02_historical,ne_ndot_A819.02,,,332L CABINET,,EACH,,ne_ndot_aup_calendar_2025,false
ne_ndot_version_A820.00_historical,ne_ndot_A820.00,,,CONTROLLER CABINET,,EACH,,ne_ndot_aup_july_june_2021_2022,false
ne_ndot_version_A820.02_historical,ne_ndot_A820.02,,,HISTORIC LIGHT STANDARD,,EACH,,ne_ndot_aup_july_june_2025_2026,false
ne_ndot_version_A820.09_historical,ne_ndot_A820.09,,,VSA CONTROLLER CABINET,,EACH,,ne_ndot_aup_calendar_2021,false
ne_ndot_version_A820.10_historical,ne_ndot_A820.10,,,VSA EQUIPMENT W/2 SIGNS,,EACH,,ne_ndot_aup_july_june_2021_2022,false
ne_ndot_version_A850.05_historical,ne_ndot_A850.05,,,CONFLICT MONITOR UNIT,,EACH,,ne_ndot_aup_calendar_2018,false
ne_ndot_version_A850.11_historical,ne_ndot_A850.11,,,HIGH WATER MONITORING SYSTEM,,EACH,,ne_ndot_aup_july_june_2020_2021,false
ne_ndot_version_A850.12_historical,ne_ndot_A850.12,,,REMOVE EXISTING HIGH WATER SYSTEM,,EACH,,ne_ndot_aup_july_june_2020_2021,false
ne_ndot_version_A900.15_historical,ne_ndot_A900.15,,,TESTING AND DOCUMENTATION OF FIBER OPTIC COMMUNICATION SYSTEM,,LS,,ne_ndot_aup_july_june_2021_2022,false
ne_ndot_version_A910.11_historical,ne_ndot_A910.11,,,MINI POWER CENTER,,EACH,,ne_ndot_aup_calendar_2021,false
ne_ndot_version_A950.01_historical,ne_ndot_A950.01,,,"BOLT, MACHINE, 1/2 INCH X 2 INCH, HEX HEAD",,EACH,,ne_ndot_aup_calendar_2018,false
ne_ndot_version_A960.00_historical,ne_ndot_A960.00,,,PULL TAPE,,LF,,ne_ndot_aup_calendar_2024,false
ne_ndot_version_L000.00_historical,ne_ndot_L000.00,,,PLANTERS,,EACH,,ne_ndot_aup_calendar_2022,false
ne_ndot_version_L001.00_historical,ne_ndot_L001.00,,,WATER FOR SEEDING,,MGAL,,ne_ndot_aup_july_june_2021_2022,false
ne_ndot_version_L001.01_historical,ne_ndot_L001.01,,,"SEEDING, TYPE A",,ACRE,,ne_ndot_aup_july_june_2025_2026,false
ne_ndot_version_L001.02_historical,ne_ndot_L001.02,,,"SEEDING, TYPE B",,ACRE,,ne_ndot_aup_july_june_2025_2026,false
ne_ndot_version_L001.03_historical,ne_ndot_L001.03,,,"SEEDING, TYPE C",,ACRE,,ne_ndot_aup_july_june_2025_2026,false
ne_ndot_version_L001.04_historical,ne_ndot_L001.04,,,"SEEDING, TYPE D",,ACRE,,ne_ndot_aup_july_june_2025_2026,false
ne_ndot_version_L001.05_historical,ne_ndot_L001.05,,,"SEEDING, TYPE C",,SY,,ne_ndot_aup_calendar_2023,false
ne_ndot_version_L001.06_historical,ne_ndot_L001.06,,,"SEEDING, TYPE URBAN",,SY,,ne_ndot_aup_july_june_2025_2026,false
ne_ndot_version_L001.10_historical,ne_ndot_L001.10,,,SOIL AMENDMENT,,TON,,ne_ndot_aup_july_june_2025_2026,false
ne_ndot_version_L001.11_historical,ne_ndot_L001.11,,,SOIL AMENDMENT FOR EROSION CONTROL,,TON,,ne_ndot_aup_july_june_2017_2018,false
ne_ndot_version_L001.12_historical,ne_ndot_L001.12,,,SOIL AMENDMENT FOR SEEDING,,TON,,ne_ndot_aup_july_june_2018_2019,false
ne_ndot_version_L001.16_historical,ne_ndot_L001.16,,,"SEEDING, TYPE BUFFER",,ACRE,,ne_ndot_aup_july_june_2025_2026,false
ne_ndot_version_L001.17_historical,ne_ndot_L001.17,,,"SEEDING, TYPE WETLAND",,ACRE,,ne_ndot_aup_july_june_2025_2026,false
ne_ndot_version_L001.18_historical,ne_ndot_L001.18,,,"SEEDING, TYPE WETLAND-HIGH",,ACRE,,ne_ndot_aup_july_june_2025_2026,false
ne_ndot_version_L001.19_historical,ne_ndot_L001.19,,,"SEEDING, TYPE WETLAND-LOW",,ACRE,,ne_ndot_aup_july_june_2025_2026,false
ne_ndot_version_L001.21_historical,ne_ndot_L001.21,,,"SEEDING, TYPE WETLAND",,SY,,ne_ndot_aup_july_june_2024_2025,false
ne_ndot_version_L003.03_historical,ne_ndot_L003.03,,,SEEDING,,ACRE,,ne_ndot_aup_july_june_2021_2022,false
ne_ndot_version_L003.05_historical,ne_ndot_L003.05,,,"SEEDING, TYPE B",,ACRE,,ne_ndot_aup_july_june_2018_2019,false
ne_ndot_version_L003.51_historical,ne_ndot_L003.51,,,SEEDING,,SY,,ne_ndot_aup_july_june_2025_2026,false
ne_ndot_version_L003.52_historical,ne_ndot_L003.52,,,TEMPORARY SEEDING,,SY,,ne_ndot_aup_calendar_2023,false
ne_ndot_version_L004.55_historical,ne_ndot_L004.55,,,ASSORTED WILDFLOWER 1 GALLON CONTAINER GROWN,,EACH,,ne_ndot_aup_july_june_2018_2019,false
ne_ndot_version_L006.00_historical,ne_ndot_L006.00,,,COVER CROP SEEDING,,ACRE,,ne_ndot_aup_july_june_2025_2026,false
ne_ndot_version_L006.50_historical,ne_ndot_L006.50,,,TEMPORARY SEEDING,,ACRE,,ne_ndot_aup_july_june_2025_2026,false
ne_ndot_version_L007.00_historical,ne_ndot_L007.00,,,CONTOUR CULTIVATION,,LF,,ne_ndot_aup_july_june_2020_2021,false
ne_ndot_version_L007.01_historical,ne_ndot_L007.01,,,CONTOUR CULTIVATION OF BACKSLOPES,,LF,,ne_ndot_aup_july_june_2017_2018,false
ne_ndot_version_L007.02_historical,ne_ndot_L007.02,,,SLOPE TRACKING,,SY,,ne_ndot_aup_july_june_2025_2026,false
ne_ndot_version_L007.05_historical,ne_ndot_L007.05,,,SOIL ROUGHENING,,LF,,ne_ndot_aup_july_june_2020_2021,false
ne_ndot_version_L010.00_historical,ne_ndot_L010.00,,,SODDING,,SY,,ne_ndot_aup_july_june_2025_2026,false
ne_ndot_version_L010.15_historical,ne_ndot_L010.15,,,BUFFALO GRASS SODDING,,SY,,ne_ndot_aup_july_june_2018_2019,false
ne_ndot_version_L010.44_historical,ne_ndot_L010.44,,,CALAMAGROSTIS ACUTIFLORA 'KARL FORESTER' (KARL FORESTER FEATHER REED) #1 C.G.,,EACH,,ne_ndot_aup_calendar_2022,false
ne_ndot_version_L010.45_historical,ne_ndot_L010.45,,,SPOROBOLUS HETEROLEPIS (PRAIRIE DROPSEED) #1 CONTAINER,,EACH,,ne_ndot_aup_calendar_2020,false
ne_ndot_version_L010.49_historical,ne_ndot_L010.49,,,BOUTELOUA GRACILIS 'BLONDE AMBITION' (BLONDE AMBITION BLUE GRAMA),,EACH,,ne_ndot_aup_july_june_2018_2019,false
ne_ndot_version_L010.98_historical,ne_ndot_L010.98,,,TEMPORARY EROSION CONTROL,,SY,,ne_ndot_aup_calendar_2018,false
ne_ndot_version_L010.99_historical,ne_ndot_L010.99,,,TEMPORARY EROSION CONTROL BLANKET,,SY,,ne_ndot_aup_calendar_2021,false
ne_ndot_version_L011.01_historical,ne_ndot_L011.01,,,BOULDERS,,LF,,ne_ndot_aup_calendar_2023,false
ne_ndot_version_L011.02_historical,ne_ndot_L011.02,,,ROCK BOULDERS,,TON,,ne_ndot_aup_july_june_2022_2023,false
ne_ndot_version_L019.11_historical,ne_ndot_L019.11,,,"EROSION CONTROL, CLASS 1B",,SY,,ne_ndot_aup_july_june_2024_2025,false
ne_ndot_version_L019.12_historical,ne_ndot_L019.12,,,"EROSION CONTROL, CLASS 1C",,SY,,ne_ndot_aup_july_june_2023_2024,false
ne_ndot_version_L019.13_historical,ne_ndot_L019.13,,,"EROSION CONTROL, CLASS 1D",,SY,,ne_ndot_aup_july_june_2025_2026,false
ne_ndot_version_L019.14_historical,ne_ndot_L019.14,,,"EROSION CONTROL, CLASS 1E",,SY,,ne_ndot_aup_july_june_2025_2026,false
ne_ndot_version_L019.15_historical,ne_ndot_L019.15,,,"EROSION CONTROL, CLASS 1F",,SY,,ne_ndot_aup_july_june_2025_2026,false
ne_ndot_version_L019.16_historical,ne_ndot_L019.16,,,"EROSION CONTROL, CLASS 1C",,SY,,ne_ndot_aup_july_june_2020_2021,false
ne_ndot_version_L019.20_historical,ne_ndot_L019.20,,,"EROSION CONTROL, CLASS 2A",,SY,,ne_ndot_aup_july_june_2025_2026,false
ne_ndot_version_L019.21_historical,ne_ndot_L019.21,,,"EROSION CONTROL, CLASS 2B",,SY,,ne_ndot_aup_july_june_2025_2026,false
ne_ndot_version_L019.22_historical,ne_ndot_L019.22,,,"EROSION CONTROL, CLASS 2C",,SY,,ne_ndot_aup_july_june_2025_2026,false
ne_ndot_version_L020.05_historical,ne_ndot_L020.05,,,NETTING OF BRIDGES AND CULVERTS,,SY,,ne_ndot_aup_calendar_2023,false
ne_ndot_version_L020.16_historical,ne_ndot_L020.16,,,"OPEN WEAVE TEXTILE, TYPE B",,SY,,ne_ndot_aup_july_june_2025_2026,false
ne_ndot_version_L020.17_historical,ne_ndot_L020.17,,,"OPEN WEAVE TEXTILE, TYPE C",,SY,,ne_ndot_aup_july_june_2025_2026,false
ne_ndot_version_L020.25_historical,ne_ndot_L020.25,,,WEED CONTROL FABRIC,,SY,,ne_ndot_aup_calendar_2020,false
ne_ndot_version_L020.30_historical,ne_ndot_L020.30,,,"EROSION CONTROL, CLASS 1E",,SY,,ne_ndot_aup_july_june_2018_2019,false
ne_ndot_version_L020.31_historical,ne_ndot_L020.31,,,"EROSION CONTROL, CLASS 1E",,SY,,ne_ndot_aup_july_june_2018_2019,false
ne_ndot_version_L020.50_historical,ne_ndot_L020.50,,,TRANSITION MAT,,SY,,ne_ndot_aup_july_june_2025_2026,false
ne_ndot_version_L021.51_historical,ne_ndot_L021.51,,,"EROSION CHECKS, TYPE WATTLE",,LF,,ne_ndot_aup_july_june_2020_2021,false
ne_ndot_version_L021.70_historical,ne_ndot_L021.70,,,AREA INLET PROTECTION,,EACH,,ne_ndot_aup_july_june_2025_2026,false
ne_ndot_version_L021.71_historical,ne_ndot_L021.71,,,"INLET PROTECTION, TYPE 1-HIGH",,LF,,ne_ndot_aup_calendar_2025,false
ne_ndot_version_L021.72_historical,ne_ndot_L021.72,,,CURB INLET PROTECTION,,LF,,ne_ndot_aup_july_june_2025_2026,false
ne_ndot_version_L021.73_historical,ne_ndot_L021.73,,,CURB INLET PROTECTION,,EACH,,ne_ndot_aup_july_june_2025_2026,false
ne_ndot_version_L022.10_historical,ne_ndot_L022.10,,,FABRIC SILT FENCE,,LF,,ne_ndot_aup_calendar_2024,false
ne_ndot_version_L022.11_historical,ne_ndot_L022.11,,,FABRIC SILT FENCE-LOW POROSITY,,LF,,ne_ndot_aup_july_june_2025_2026,false
ne_ndot_version_L022.12_historical,ne_ndot_L022.12,,,FABRIC SILT FENCE-HIGH POROSITY,,LF,,ne_ndot_aup_july_june_2025_2026,false
ne_ndot_version_L022.14_historical,ne_ndot_L022.14,,,FABRIC SILT FENCE-LOW PROFILE LOW POROSITY,,LF,,ne_ndot_aup_calendar_2025,false
ne_ndot_version_L022.21_historical,ne_ndot_L022.21,,,SILT FENCE FABRIC-LOW POROSITY,,LF,,ne_ndot_aup_july_june_2024_2025,false
ne_ndot_version_L022.25_historical,ne_ndot_L022.25,,,"FABRIC SILT FENCE, TYPE COIR FIBER",,LF,,ne_ndot_aup_july_june_2025_2026,false
ne_ndot_version_L022.66_historical,ne_ndot_L022.66,,,SEDIMENT TRAP,,EACH,,ne_ndot_aup_july_june_2024_2025,false
ne_ndot_version_L022.70_historical,ne_ndot_L022.70,,,SILT TRAP,,EACH,,ne_ndot_aup_july_june_2025_2026,false
ne_ndot_version_L022.73_historical,ne_ndot_L022.73,,,SILT FENCE CLEANOUT,,LF,,ne_ndot_aup_july_june_2025_2026,false
ne_ndot_version_L022.75_historical,ne_ndot_L022.75,,,TEMPORARY SILT CHECK,,LF,,ne_ndot_aup_july_june_2025_2026,false
ne_ndot_version_L022.80_historical,ne_ndot_L022.80,,,"SILT CHECK, TYPE 1-LOW",,LF,,ne_ndot_aup_calendar_2025,false
ne_ndot_version_L022.81_historical,ne_ndot_L022.81,,,"SILT CHECK, TYPE 1-HIGH",,LF,,ne_ndot_aup_july_june_2025_2026,false
ne_ndot_version_L022.82_historical,ne_ndot_L022.82,,,"SILT CHECK, TYPE 2-LOW",,LF,,ne_ndot_aup_july_june_2023_2024,false
ne_ndot_version_L022.83_historical,ne_ndot_L022.83,,,"SILT CHECK, TYPE 2-HIGH",,LF,,ne_ndot_aup_july_june_2025_2026,false
ne_ndot_version_L022.85_historical,ne_ndot_L022.85,,,"SILT CHECK, TYPE 3-HIGH",,LF,,ne_ndot_aup_july_june_2025_2026,false
ne_ndot_version_L022.86_historical,ne_ndot_L022.86,,,"SILT CHECK, TYPE 4",,LF,,ne_ndot_aup_july_june_2017_2018,false
ne_ndot_version_L022.89_historical,ne_ndot_L022.89,,,"TOE STABILIZATION SILT CHECK, TYPE 3 HIGH",,LF,,ne_ndot_aup_july_june_2018_2019,false
ne_ndot_version_L022.90_historical,ne_ndot_L022.90,,,TEMPORARY SILT FENCE,,LF,,ne_ndot_aup_july_june_2025_2026,false
ne_ndot_version_L022.92_historical,ne_ndot_L022.92,,,TEMPORARY EARTH CHECK,,LF,,ne_ndot_aup_july_june_2025_2026,false
ne_ndot_version_L022.93_historical,ne_ndot_L022.93,,,TEMPORARY ROCK CHECK,,LF,,ne_ndot_aup_calendar_2025,false
ne_ndot_version_L023.10_historical,ne_ndot_L023.10,,,TURBIDITY BARRIER,,LF,,ne_ndot_aup_july_june_2025_2026,false
ne_ndot_version_L023.11_historical,ne_ndot_L023.11,,,BUILD TURBIDITY BARRIER,,LF,,ne_ndot_aup_july_june_2022_2023,false
ne_ndot_version_L030.75_historical,ne_ndot_L030.75,,,MANURE TOPDRESSING,,CY,,ne_ndot_aup_july_june_2021_2022,false
ne_ndot_version_L031.01_historical,ne_ndot_L031.01,,,PLANTING BED EDGING,,LF,,ne_ndot_aup_calendar_2020,false
ne_ndot_version_L032.01_historical,ne_ndot_L032.01,,,LANDSCAPE ROCK,,CY,,ne_ndot_aup_july_june_2021_2022,false
ne_ndot_version_L032.03_historical,ne_ndot_L032.03,,,PLACE LANDSCAPE ROCK,,SY,,ne_ndot_aup_july_june_2023_2024,false
ne_ndot_version_L032.04_historical,ne_ndot_L032.04,,,LANDSCAPE ROCK,,TON,,ne_ndot_aup_july_june_2022_2023,false
ne_ndot_version_L032.07_historical,ne_ndot_L032.07,,,LANDSCAPE PLANTINGS,,LS,,ne_ndot_aup_calendar_2023,false
ne_ndot_version_L032.10_historical,ne_ndot_L032.10,,,RIVER ROCK MULCH,,TON,,ne_ndot_aup_calendar_2020,false
ne_ndot_version_L032.11_historical,ne_ndot_L032.11,,,AMENDED SOIL,,SY,,ne_ndot_aup_july_june_2022_2023,false
ne_ndot_version_L032.12_historical,ne_ndot_L032.12,,,AMENDED SOIL,,CY,,ne_ndot_aup_july_june_2018_2019,false
ne_ndot_version_L032.13_historical,ne_ndot_L032.13,,,AMENDED TOPSOIL,,SY,,ne_ndot_aup_calendar_2024,false
ne_ndot_version_L032.14_historical,ne_ndot_L032.14,,,NATIVE ROCK,,TON,,ne_ndot_aup_july_june_2023_2024,false
ne_ndot_version_L032.50_historical,ne_ndot_L032.50,,,WOODCHIP MULCH,,CY,,ne_ndot_aup_july_june_2023_2024,false
ne_ndot_version_L032.52_historical,ne_ndot_L032.52,,,CEDAR MULCH,,SF,,ne_ndot_aup_calendar_2024,false
ne_ndot_version_L032.54_historical,ne_ndot_L032.54,,,SLASH MULCH GRINDING,,CY,,ne_ndot_aup_july_june_2025_2026,false
ne_ndot_version_L032.56_historical,ne_ndot_L032.56,,,SLASH MULCH GRINDING,,CY,,ne_ndot_aup_july_june_2025_2026,false
ne_ndot_version_L032.57_historical,ne_ndot_L032.57,,,SLASH MULCH PLACEMENT,,CY,,ne_ndot_aup_july_june_2025_2026,false
ne_ndot_version_L032.70_historical,ne_ndot_L032.70,,,TEMPORARY MULCH,,TON,,ne_ndot_aup_july_june_2025_2026,false
ne_ndot_version_L032.75_historical,ne_ndot_L032.75,,,MULCH,,TON,,ne_ndot_aup_july_june_2025_2026,false
ne_ndot_version_L032.80_historical,ne_ndot_L032.80,,,HYDROMULCH,,TON,,ne_ndot_aup_calendar_2018,false
ne_ndot_version_L032.84_historical,ne_ndot_L032.84,,,HYDROMULCH TYPE HM1,,TON,,ne_ndot_aup_calendar_2025,false
ne_ndot_version_L032.85_historical,ne_ndot_L032.85,,,HYDROMULCH TYPE HM2,,TON,,ne_ndot_aup_july_june_2025_2026,false
ne_ndot_version_L032.86_historical,ne_ndot_L032.86,,,HYDROMULCH TYPE HM3,,TON,,ne_ndot_aup_july_june_2025_2026,false
ne_ndot_version_L032.87_historical,ne_ndot_L032.87,,,HYDROMULCH TYPE HM4,,TON,,ne_ndot_aup_july_june_2025_2026,false
ne_ndot_version_L032.90_historical,ne_ndot_L032.90,,,REMOVE AND SALVAGE LANDSCAPE ROCK,,SY,,ne_ndot_aup_july_june_2023_2024,false
ne_ndot_version_L033.00_historical,ne_ndot_L033.00,,,REMOVE AND RESET TREE,,EACH,,ne_ndot_aup_july_june_2018_2019,false
ne_ndot_version_L070.15_historical,ne_ndot_L070.15,,,MOWING,,ACRE,,ne_ndot_aup_july_june_2025_2026,false
ne_ndot_version_L071.04_historical,ne_ndot_L071.04,,,WATERING TREES,,MGAL,,ne_ndot_aup_july_june_2017_2018,false
ne_ndot_version_L110.07_historical,ne_ndot_L110.07,,,JUNIPERUS VIRGINIANA 'GREY OWL' (GREY OWL JUNIPER) #1 CONTAINER,,EACH,,ne_ndot_aup_calendar_2020,false
ne_ndot_version_L210.02_historical,ne_ndot_L210.02,,,ABIES CONCOLOR (CONCOLOR FIR) 7'-8' B&B,,EACH,,ne_ndot_aup_july_june_2019_2020,false
ne_ndot_version_L210.03_historical,ne_ndot_L210.03,,,ABIES CONCOLOR (CONCOLOR) 6' B&B,,EACH,,ne_ndot_aup_july_june_2022_2023,false
ne_ndot_version_L230.16_historical,ne_ndot_L230.16,,,JUNIPERUS VIRGINIANNA 'TAYLOR' (TAYLOR JUNIPER) #5 CONTAINER GROWN,,EACH,,ne_ndot_aup_calendar_2020,false
ne_ndot_version_L300.04_historical,ne_ndot_L300.04,,,PICEA ABIES (NORWAY SPRUCE) 4' B&B,,EACH,,ne_ndot_aup_july_june_2017_2018,false
ne_ndot_version_L300.80_historical,ne_ndot_L300.80,,,PICEA GLAUCA 'DENSATA' (BLACKHILLS SPRUCE) 5'-6' B&B OR CONTAINER GROWN,,EACH,,ne_ndot_aup_calendar_2020,false
ne_ndot_version_L301.10_historical,ne_ndot_L301.10,,,PICEA GLAUCA 'DENSATA' (BLACK HILLS SPRUCE) 4' B&B OR CONTAINER GROWN,,EACH,,ne_ndot_aup_calendar_2020,false
ne_ndot_version_L302.05_historical,ne_ndot_L302.05,,,PICEA PUNGENS 'GLAUCA' (COLORADO BLUE SPRUCE) 4' B&B,,EACH,,ne_ndot_aup_calendar_2020,false
ne_ndot_version_L302.06_historical,ne_ndot_L302.06,,,PICEA PUNGENS 'GLAUCA' (COLORADO BLUE SPRUCE) 5'-6' B&B,,EACH,,ne_ndot_aup_calendar_2020,false
ne_ndot_version_L302.13_historical,ne_ndot_L302.13,,,PICEA PUNGENS (COLORADO SPRUCE) 5'-6' B&B OR CONTAINER GROWN,,EACH,,ne_ndot_aup_july_june_2017_2018,false
ne_ndot_version_L302.17_historical,ne_ndot_L302.17,,,PICEA PUNGENS (COLORADO SPRUCE) 4' B&B,,EACH,,ne_ndot_aup_calendar_2020,false
ne_ndot_version_L302.19_historical,ne_ndot_L302.19,,,PICEA PUNGENS (COLORADO SPRUCE) 6-6.5' hgt. B&B,,EACH,,ne_ndot_aup_july_june_2019_2020,false
ne_ndot_version_L302.20_historical,ne_ndot_L302.20,,,"PICEA PUNGENS 'GLAUCA GLOBOSA' (GLOBE BLUE SPRUCE) 15""-18"" CONTAINER GROWN",,EACH,,ne_ndot_aup_calendar_2020,false
ne_ndot_version_L374.10_historical,ne_ndot_L374.10,,,PINUS STROBUS (EASTERN WHITE PINE) 6' B&B,,EACH,,ne_ndot_aup_july_june_2022_2023,false
ne_ndot_version_L376.10_historical,ne_ndot_L376.10,,,"QUERCUS IMBRICARIA (SHINGLE OAK) 1 1/2"" CALIPER B&B OR CONTAINER GROWN",,EACH,,ne_ndot_aup_calendar_2022,false
ne_ndot_version_L376.25_historical,ne_ndot_L376.25,,,"QUERCUS ROBUR X ALBA 'CRIMSON SPIRE' (CRIMSON SPIRE OAK) 2"" CALIPER B&B OR CONTAINER GROWN",,EACH,,ne_ndot_aup_calendar_2020,false
ne_ndot_version_L376.40_historical,ne_ndot_L376.40,,,"QUERCUS ACUTISSIMA (SAWTOOTH OAK) 1 1/2"" CALIPER B&B OR CONTAINER GROWN",,EACH,,ne_ndot_aup_calendar_2020,false
ne_ndot_version_L380.04_historical,ne_ndot_L380.04,,,PSEUDOTSUGA MENIZIESII (DOUGLAS FIR) 6' B&B,,EACH,,ne_ndot_aup_july_june_2022_2023,false
ne_ndot_version_L420.16_historical,ne_ndot_L420.16,,,"BERBERIS THUNBERGII F. ATROPURPUREA 'ROSE GLOW' (JAPANESE BARBERRY) 5'-0"" #5 CONTAINER GROWN",,EACH,,ne_ndot_aup_calendar_2022,false
ne_ndot_version_L426.00_historical,ne_ndot_L426.00,,,WEIGELA FLORIDA 'DARK HORSE' (DARK HORSE WEIGELA) 2 GALLON CONTAINER GROWN,,EACH,,ne_ndot_aup_calendar_2020,false
ne_ndot_version_L426.10_historical,ne_ndot_L426.10,,,ASCLEPIAS TUBEROSA (BUTTERFLY MILKWEED) 1 GALLON CONTAINER GROWN,,EACH,,ne_ndot_aup_calendar_2020,false
ne_ndot_version_L426.13_historical,ne_ndot_L426.13,,,ASCLEPIAS TUBEROSA (BUTTERFLY MILKWEED),,EACH,,ne_ndot_aup_july_june_2025_2026,false
ne_ndot_version_L428.15_historical,ne_ndot_L428.15,,,"PRUNUS SEROTINA (COMMON BLACK CHERRY) 1 1/2"" CALIPER B.R.",,EACH,,ne_ndot_aup_july_june_2022_2023,false
ne_ndot_version_L441.15_historical,ne_ndot_L441.15,,,CORNUS SANGUINEA 'ARTIC SUN' (BLOODTWIG DOGWOOD) #3 CONTAINER,,EACH,,ne_ndot_aup_calendar_2020,false
ne_ndot_version_L441.20_historical,ne_ndot_L441.20,,,"CORNUS SERICEA 'ISANTI' (ISANTI DOGWOOD) 24""-30"" C.G.",,EACH,,ne_ndot_aup_calendar_2020,false
ne_ndot_version_L441.21_historical,ne_ndot_L441.21,,,CORNUS SERICEA 'KELSEYI' (KELSEY'S DWARF REDTWIG DOGWOOD),,EACH,,ne_ndot_aup_july_june_2025_2026,false
ne_ndot_version_L441.24_historical,ne_ndot_L441.24,,,"CORNUS STOLONIFERA (RED-OSIER DOGWOOD) 15"" - 18"" CONTAINER GROWN",,EACH,,ne_ndot_aup_calendar_2020,false
ne_ndot_version_L443.00_historical,ne_ndot_L443.00,,,"CARYA CORDIFORMIS (BITTERNUT HICKORY) RPM ACER SACCHARUM ""GREEN MOUNTAIN"" (GREEN MOUNTAIN SUGAR MAPLE) 1 1/2""",,EACH,,ne_ndot_aup_july_june_2020_2021,false
ne_ndot_version_L443.01_historical,ne_ndot_L443.01,,,"CARYA CORDIFORMIS (BITTERNUT HICKORY) 1 1/2"" CALIPER",,EACH,,ne_ndot_aup_july_june_2022_2023,false
ne_ndot_version_L455.00_historical,ne_ndot_L455.00,,,"COTINUS COGGYGRIA 'ROYAL PURPLE' (ROYAL PURPLE SMOKEBUSH) 3 GALLON, CONTAINER GROWN",,EACH,,ne_ndot_aup_calendar_2020,false
ne_ndot_version_L559.07_historical,ne_ndot_L559.07,,,"RHUS AROMATICA (FRAGRANT SUMAC) 5'-0"" #5 CONTAINER GROWN",,EACH,,ne_ndot_aup_calendar_2022,false
ne_ndot_version_L559.17_historical,ne_ndot_L559.17,,,"RHUS AROMATICA 'GRO-LOW' (GRO-LOW SUMAC) 15""-18"" C.G.",,EACH,,ne_ndot_aup_calendar_2020,false
ne_ndot_version_L559.22_historical,ne_ndot_L559.22,,,RHUS AROMATICA 'GRO-LOW' (GRO-LOW SUMAC) #3 CONTAINER GROWN,,EACH,,ne_ndot_aup_calendar_2020,false
ne_ndot_version_L560.18_historical,ne_ndot_L560.18,,,"RHUS GLABRA (SMOOTH SUMAC) 12""-18"" B.R.",,EACH,,ne_ndot_aup_july_june_2024_2025,false
ne_ndot_version_L560.20_historical,ne_ndot_L560.20,,,"FORSYTHIA 'GOLD TIDE' (GOLD TIDE FORSYTHIA) 15""-18"" C.G.",,EACH,,ne_ndot_aup_calendar_2020,false
ne_ndot_version_L575.11_historical,ne_ndot_L575.11,,,"HYDRANGEA ARBORESCENS INVINCIBELLE WEE WHITE (INVINCIBELLE HYDRANGEA) 3'-0"" #3 CONTAINER GROWN",,EACH,,ne_ndot_aup_calendar_2022,false
ne_ndot_version_L579.05_historical,ne_ndot_L579.05,,,PHYSOCARPUS OPULIFOLIUS 'SMPOTW' (TINY WINE NINEBARK) #3 CONTAINER GROWN,,EACH,,ne_ndot_aup_calendar_2020,false
ne_ndot_version_L580.61_historical,ne_ndot_L580.61,,,"SPIREA BETUFOLIA 'TOR' (TOR BIRCHLEAF SPIREA) 2'-6"" #5 CONTAINER GROWN",,EACH,,ne_ndot_aup_calendar_2022,false
ne_ndot_version_L595.00_historical,ne_ndot_L595.00,,,ARTEMISIA SCHMIDTIANA 'SILVER MOUND' (ARTEMISIA SILVER MOUND) 1 GALLON CONTAINER GROWN,,EACH,,ne_ndot_aup_calendar_2020,false
ne_ndot_version_L601.53_historical,ne_ndot_L601.53,,,"SYRINGA PUBESCENS SP. PATULA 'MISS KIM' (MISS KIM LILAC) 6'-0"" #5 CONTAINER GROWN",,EACH,,ne_ndot_aup_calendar_2022,false
ne_ndot_version_L601.54_historical,ne_ndot_L601.54,,,"SYRINGA X 'SMNJRPU' (BLOOMERANG DWARF PURPLE LILAC) 3'-0"" #5 CONTAINER GROWN",,EACH,,ne_ndot_aup_calendar_2022,false
ne_ndot_version_L619.58_historical,ne_ndot_L619.58,,,VIBURNUM DENTATUM (ARROWWOOD VIBURNUM) #5 CONTAINER,,EACH,,ne_ndot_aup_calendar_2020,false
ne_ndot_version_L619.74_historical,ne_ndot_L619.74,,,"VIBURNUM LANTANA 'MOHICAN'(MOHICAN VIBURNUM) 5 GALLON, CONTAINER GROWN",,EACH,,ne_ndot_aup_calendar_2020,false
ne_ndot_version_L700.81_historical,ne_ndot_L700.81,,,"ACER X FREEMANII 'JEFFERSRED' (AUTUMN BLAZE MAPLE) 1 1/2"" CALIPER, B&B OR CONTAINER GROWN",,EACH,,ne_ndot_aup_calendar_2018,false
ne_ndot_version_L701.12_historical,ne_ndot_L701.12,,,"ACER GINNALA 'FLAME' (FLAME AMUR MAPLE) 1 1/2"" CALB&B",,EACH,,ne_ndot_aup_july_june_2017_2018,false
ne_ndot_version_L705.20_historical,ne_ndot_L705.20,,,"ACER SACCHARINUM (SILVER QUEEN MAPLE) 1 1/2"" CALIPER B&B",,EACH,,ne_ndot_aup_july_june_2017_2018,false
ne_ndot_version_L705.74_historical,ne_ndot_L705.74,,,"ACER SACCHARUM ""GREEN MOUNTAIN"" (GREEN MOUNTAIN SUGAR MAPLE) 1 1/2"" CALIPER B&B",,EACH,,ne_ndot_aup_july_june_2022_2023,false
ne_ndot_version_L707.11_historical,ne_ndot_L707.11,,,"AESCULUS HIPPOCASTANUM 'BAUMANNII' (BAUMANN'S HORSE CHESTNUT) 1 1/2"" CALIPER B&B",,EACH,,ne_ndot_aup_calendar_2022,false
ne_ndot_version_L717.18_historical,ne_ndot_L717.18,,,"CELTIS OCCIDENTALIS (PRAIRIE PRIDE HACKBERY) 2"" CALIPER B&B",,EACH,,ne_ndot_aup_july_june_2019_2020,false
ne_ndot_version_L717.19_historical,ne_ndot_L717.19,,,"CELTIS OCCIDENTALIS 'CHICAGOLAND' (CHICAGOLAND HACKBERRY) 1 1/2"" CALIPER, B&B",,EACH,,ne_ndot_aup_calendar_2022,false
ne_ndot_version_L717.21_historical,ne_ndot_L717.21,,,"CELTIS OCCIDENTALIS 'WINDY CITY' (WINDY CITY HACKBERRY) 1 1/2"" CALIPER, B&B",,EACH,,ne_ndot_aup_calendar_2022,false
ne_ndot_version_L717.35_historical,ne_ndot_L717.35,,,"CELTIS OCCIDENTALIS 'PRAIRIE PRIDE' (HACKBERRY) 1 1/4"" CALIPER B&B OR CONTAINER GROWN",,EACH,,ne_ndot_aup_calendar_2022,false
ne_ndot_version_L720.06_historical,ne_ndot_L720.06,,,CERCIS CANADENSIS (REDBUD) 6' B&B,,EACH,,ne_ndot_aup_july_june_2022_2023,false
ne_ndot_version_L720.14_historical,ne_ndot_L720.14,,,"CERCIS CANADENSIS (REDBUD) 1"" CALIPER B&B",,EACH,,ne_ndot_aup_july_june_2020_2021,false
ne_ndot_version_L720.18_historical,ne_ndot_L720.18,,,"CERCIS CANADENSIS (RED BUD) 1 1/2"" CALIPER B&B",,EACH,,ne_ndot_aup_calendar_2020,false
ne_ndot_version_L741.02_historical,ne_ndot_L741.02,,,"TILIA CORDATA 'GREENSPIRE' (GREEN SPIRE LINDEN) 1 1/2"" CAL B&B",,EACH,,ne_ndot_aup_calendar_2022,false
ne_ndot_version_L741.03_historical,ne_ndot_L741.03,,,"TILIA TOMENTOSA 'STERLING' (STERLING LINDEN) 1 1/2"" CAL B&B",,EACH,,ne_ndot_aup_calendar_2022,false
ne_ndot_version_L741.04_historical,ne_ndot_L741.04,,,"TILIA TOMENTOSA (SILVER LINDEN) 1 1/2"" CAL B&B",,EACH,,ne_ndot_aup_calendar_2022,false
ne_ndot_version_L741.30_historical,ne_ndot_L741.30,,,"MALUS 'PRAIRIEFIRE' (PRAIRIEFIRE CRABAPPLE) 1.5-1.75"" CAL B&B",,EACH,,ne_ndot_aup_july_june_2017_2018,false
ne_ndot_version_L741.80_historical,ne_ndot_L741.80,,,"POULUS TREMULOIDES (PRAIRIE GOLD ASPEN) 2-2.5"" CALIPER B&B",,EACH,,ne_ndot_aup_calendar_2020,false
ne_ndot_version_L742.21_historical,ne_ndot_L742.21,,,"QUERCUS BICOLOR (SWAMP WHITE OAK) 2"" CAL B&B",,EACH,,ne_ndot_aup_calendar_2020,false
ne_ndot_version_L743.00_historical,ne_ndot_L743.00,,,"MALUS 'SPRING SNOW' (SPRING SNOW CRABAPPLE) 2"" - 2 1/2"" CAL B&B",,EACH,,ne_ndot_aup_calendar_2020,false
ne_ndot_version_L760.00_historical,ne_ndot_L760.00,,,"GINKGO BILOBA MALE (MALE MAIDENHAIR TREE) 1 1/2"" CALIPER B&B",,EACH,,ne_ndot_aup_calendar_2022,false
ne_ndot_version_L760.02_historical,ne_ndot_L760.02,,,"GINKGO BILOBA 'AUTUMN GOLD' MALE (MALE AUTUMN GOLD GINKGO) 1 1/2"" CALIPER B&B",,EACH,,ne_ndot_aup_calendar_2022,false
ne_ndot_version_L765.13_historical,ne_ndot_L765.13,,,"GLEDITSIA TRIACANTHOS INERMIS ""SHADEMASTER"" (SHADEMASTER HONEY LOCUST) 1 1/2"" CALIPER B&B",,EACH,,ne_ndot_aup_calendar_2022,false
ne_ndot_version_L765.18_historical,ne_ndot_L765.18,,,"GLEDITSIA TRIACANTHOS INERMIS 'SHADEMASTER' (SHADEMASTER HONEYLOCUST) 2"" CALIPER B&B",,EACH,,ne_ndot_aup_july_june_2019_2020,false
ne_ndot_version_L765.23_historical,ne_ndot_L765.23,,,"GLEDITSIA TRICANTHOS INERMIS ""SKYLINE"" (SKYLINE HONEYLOCUST) 1 1/2"" CALIPER CONTAINER GROWN",,EACH,,ne_ndot_aup_calendar_2022,false
ne_ndot_version_L765.27_historical,ne_ndot_L765.27,,,"GLEDITSIA TRICANTHOS VAR. INERMIS (THORNLESS HONEYLOCUST) 1 1/2"" CALIPER B&B",,EACH,,ne_ndot_aup_calendar_2022,false
ne_ndot_version_L765.28_historical,ne_ndot_L765.28,,,"GLEDITSIA TRICANTHOS VAR. INERMIS 'CHRISTIE' (HALKA HONEYLOCUST) 1 1/2"" CALIPER B&B",,EACH,,ne_ndot_aup_calendar_2022,false
ne_ndot_version_L765.29_historical,ne_ndot_L765.29,,,"GLEDITSIA TRICANTHOS VAR. INERMIS 'MORAINE' (MORAINE HONEYLOCUST) 1/2"" CALIPER B&B",,EACH,,ne_ndot_aup_calendar_2022,false
ne_ndot_version_L766.13_historical,ne_ndot_L766.13,,,B&B,,EACH,,ne_ndot_aup_calendar_2022,false
ne_ndot_version_L766.14_historical,ne_ndot_L766.14,,,"GYMNOCLADUS DIOCUS 'ESPRESSO' MALE (MALE ESPRESSO KENTUCY COFFEETREE) 1 1/2"" CALIPER B&B",,EACH,,ne_ndot_aup_calendar_2022,false
ne_ndot_version_L766.17_historical,ne_ndot_L766.17,,,"GYMNOCLADUS DIOCUS(KENTUCKY COFFEETREE) 1 1/2"" CALIPER B&B OR CONTAINER GROWN",,EACH,,ne_ndot_aup_calendar_2022,false
ne_ndot_version_L766.18_historical,ne_ndot_L766.18,,,"GYMNOCLADUS DIOCUS(KENTUCKY COFFEETREE) 1 1/2"" CALIPER CONTAINER JGURGOLWANNS",,EACH,,ne_ndot_aup_july_june_2022_2023,false
ne_ndot_version_L766.21_historical,ne_ndot_L766.21,,,"GYMNOCLADUS DIOICUS (KENTUCKY COFFEETREE) 2"" CALIPER B&B",,EACH,,ne_ndot_aup_july_june_2019_2020,false
ne_ndot_version_L766.30_historical,ne_ndot_L766.30,,,"NYSSA SYLVATICA (TUPELO) 1 1/2"" CALIPER B&B",,EACH,,ne_ndot_aup_calendar_2022,false
ne_ndot_version_L768.04_historical,ne_ndot_L768.04,,,"JGURGOLWANNS NIGRA (BLACK WALNUT) 1 1/2"" CALIPER B&B",,EACH,,ne_ndot_aup_july_june_2022_2023,false
ne_ndot_version_L774.17_historical,ne_ndot_L774.17,,,"MALUS 'INDIAN SUMMER' (INDIAN SUMMER CRABAPPLE) 1 1/2"" CALIP",,EACH,,ne_ndot_aup_july_june_2017_2018,false
ne_ndot_version_L774.96_historical,ne_ndot_L774.96,,,"MALUS 'PRAIRIFIRE' (PRAIRIFIRE CRABAPPLE) 1 1/2"" CALIPER B&B OR CONTAINER GROWN",,EACH,,ne_ndot_aup_calendar_2020,false
ne_ndot_version_L778.13_historical,ne_ndot_L778.13,,,"MALUS 'SUTYZAM' (SUGAR TYME CRABAPPLE) 1 1/2"" CALIPER, B&B",,EACH,,ne_ndot_aup_calendar_2018,false
ne_ndot_version_L778.51_historical,ne_ndot_L778.51,,,"MALUS 'JFS-KW207' (SPARKLING SPRITE CRABAPPLE) 1 1/2"" CAL. B&B",,EACH,,ne_ndot_aup_calendar_2022,false
ne_ndot_version_L788.14_historical,ne_ndot_L788.14,,,"PLATANUS OCCIDENTALIS (AMERICAN SYCAMORE) 1 1/2"" CALIPER CONTAINER GROWN",,EACH,,ne_ndot_aup_calendar_2022,false
ne_ndot_version_L793.11_historical,ne_ndot_L793.11,,,"POPULUS DELTOIDES (EASTERN COTTONWOOD) 1 1/2"" CALIPER B&B",,EACH,,ne_ndot_aup_july_june_2017_2018,false
ne_ndot_version_L800.00_historical,ne_ndot_L800.00,,,"ACER NEGUNDO (BOXELDER) 1 1/2"" CALIPER B&B",,EACH,,ne_ndot_aup_july_june_2022_2023,false
ne_ndot_version_L803.00_historical,ne_ndot_L803.00,,,PRUNUS BESSEY (WESTERN SANDCHERRY) #2 CONTAINER GROWN,,EACH,,ne_ndot_aup_calendar_2020,false
ne_ndot_version_L807.18_historical,ne_ndot_L807.18,,,"QUERCUS ALBA (WHITE OAK) 1 1/2"" CALIPER B&B",,EACH,,ne_ndot_aup_calendar_2022,false
ne_ndot_version_L807.19_historical,ne_ndot_L807.19,,,"QUERCUS BICOLOR (SWAMP WHITE OAK) 1 1/2"" CALIPER CONTAINER GROWN",,EACH,,ne_ndot_aup_calendar_2022,false
ne_ndot_version_L807.52_historical,ne_ndot_L807.52,,,"QUERCUS MACROCARPA (BUR OAK) 1 1/2"" CALIPER B&B",,EACH,,ne_ndot_aup_july_june_2022_2023,false
ne_ndot_version_L808.40_historical,ne_ndot_L808.40,,,"QUERCUS COCCINEA (SCARLET OAK) 1 1/2"" CALIPER CONTAINER GROWN",,EACH,,ne_ndot_aup_calendar_2022,false
ne_ndot_version_L809.80_historical,ne_ndot_L809.80,,,"QUERCUS MACROCARPA ROBUR (HERITAGE OAK) 2.5-3"" CAL. B&B",,EACH,,ne_ndot_aup_calendar_2020,false
ne_ndot_version_L825.55_historical,ne_ndot_L825.55,,,ERAGROSTIS TRICHODES (SAND LOVEGRASS) 1 GALLON CONTAINER GROWN,,EACH,,ne_ndot_aup_july_june_2018_2019,false
ne_ndot_version_L833.41_historical,ne_ndot_L833.41,,,"TAXODIUM DISTICHUM (BALD CYPRESS) 1 1/2"" CAL B&B OR CONTAINER GROWN",,EACH,,ne_ndot_aup_calendar_2022,false
ne_ndot_version_L833.42_historical,ne_ndot_L833.42,,,"TAXODIUM DISTICHUM (BALD CYPRESS) 2"" CAL B&B",,EACH,,ne_ndot_aup_july_june_2019_2020,false
ne_ndot_version_L833.43_historical,ne_ndot_L833.43,,,"TAXODIUM DISTICHUM 'GREEN WHISPERER' (GREEN WHISPERER BALD CYPRESS) 1 1/2"" CAL B&B",,EACH,,ne_ndot_aup_calendar_2022,false
ne_ndot_version_L833.44_historical,ne_ndot_L833.44,,,"TAXODIUM DISTICHUM 'SHAWNEE BRAVE' (SHAWNEE BRAVE BALD CYPRESS) 1 1/2"" CAL B&B",,EACH,,ne_ndot_aup_calendar_2022,false
ne_ndot_version_L834.00_historical,ne_ndot_L834.00,,,"ULMUS 'MORTON' (ACCOLADE ELM) 2"" CAL. B&B",,EACH,,ne_ndot_aup_july_june_2017_2018,false
ne_ndot_version_L834.02_historical,ne_ndot_L834.02,,,"ULMUS AMERICANA 'PRINCETON' (PRINCETON AMERICAN ELM) 2"" CAL. B&B",,EACH,,ne_ndot_aup_july_june_2019_2020,false
ne_ndot_version_L834.03_historical,ne_ndot_L834.03,,,"ULMUS 'ACCOLADE' (ACCOLADE ELM) 1 1/2"" CAL. B&B",,EACH,,ne_ndot_aup_calendar_2022,false
ne_ndot_version_L834.04_historical,ne_ndot_L834.04,,,"ULMUS 'FRONTIER ELM' (FRONTIER ELM) 2-2.5"" CAL. B&B",,EACH,,ne_ndot_aup_calendar_2020,false
ne_ndot_version_L834.05_historical,ne_ndot_L834.05,,,CAREX BREVIOR (PLAINS OVAL SEDGE),,EACH,,ne_ndot_aup_july_june_2018_2019,false
ne_ndot_version_L834.06_historical,ne_ndot_L834.06,,,"ULMUS AMERICANA 'DELAWARE #2' (DELAWARE AMERICAN ELM) 1 1/2"" CAL. B&B",,EACH,,ne_ndot_aup_calendar_2022,false
ne_ndot_version_L834.07_historical,ne_ndot_L834.07,,,"ULMUS 'PRINCETON' (PRINCETON ELM) 1 1/2"" CAL. B&B",,EACH,,ne_ndot_aup_calendar_2022,false
ne_ndot_version_L834.08_historical,ne_ndot_L834.08,,,"ULMUS PAVIFOLIA (LACEBARK ELM) 1 1/2"" CAL. B&B",,EACH,,ne_ndot_aup_calendar_2022,false
ne_ndot_version_L834.09_historical,ne_ndot_L834.09,,,"ULMUS 'SAPPORO' (AUTUMN GOLD ELM) 1 1/2"" CAL. B&B",,EACH,,ne_ndot_aup_calendar_2022,false
ne_ndot_version_L835.20_historical,ne_ndot_L835.20,,,"TILIA AMERICANA (AMERICAN LINDEN) 2"" CALIPER B&B OR CONTAINER GROWN",,EACH,,ne_ndot_aup_calendar_2020,false
ne_ndot_version_L860.24_historical,ne_ndot_L860.24,,,STORM EVENT RESTORATION - INCENTIVE,,EACH,,ne_ndot_aup_july_june_2019_2020,false
ne_ndot_version_L860.25_historical,ne_ndot_L860.25,,,INSTALL CONCRETE WASHOUT,,EACH,,ne_ndot_aup_calendar_2023,false
ne_ndot_version_L860.50_historical,ne_ndot_L860.50,,,ENVIRONMENTAL COMMITMENTS - CONTRACTOR COMPLIANCE,,LS,,ne_ndot_aup_july_june_2025_2026,false
ne_ndot_version_L860.51_historical,ne_ndot_L860.51,,,ENVIRONMENTAL INCENTIVE,,EACH,,ne_ndot_aup_july_june_2023_2024,false
ne_ndot_version_L860.52_historical,ne_ndot_L860.52,,,ENVIRONMENTAL DISINCENTIVE,,CDAY,,ne_ndot_aup_july_june_2025_2026,false
ne_ndot_version_L860.53_historical,ne_ndot_L860.53,,,EROSION CONTROL MOBILIZATION,,EACH,,ne_ndot_aup_july_june_2025_2026,false
ne_ndot_version_L911.00_historical,ne_ndot_L911.00,,,"SCHIZACHYRIUM SCOPARIUM ""BLAZE"" (BLAZE LITTLE BLUESTEM GRASS) #1 CONTAINER",,EACH,,ne_ndot_aup_july_june_2018_2019,false
ne_ndot_version_L940.02_historical,ne_ndot_L940.02,,,"ACER RUBRUM 'FRANKSRED' (RED SUNSET MAPLE) 2"" CAL. B&B",,EACH,,ne_ndot_aup_calendar_2020,false
ne_ndot_version_L941.05_historical,ne_ndot_L941.05,,,"SALIX NIGRA (BLACK WILLOW) 1 1/2"" CALIPER B&B",,EACH,,ne_ndot_aup_july_june_2017_2018,false
ne_ndot_version_L946.50_historical,ne_ndot_L946.50,,,PANICUM VIRGATUM 'HEAVY METAL' (HEAVY METAL SWITCHGRASS) #1 CONTAINER,,EACH,,ne_ndot_aup_july_june_2018_2019,false
ne_ndot_version_L946.79_historical,ne_ndot_L946.79,,,SCHIZACHYRIUM SCOPARIUM (LITTLE BLUESTEM) #1 CONTAINER GROWN,,EACH,,ne_ndot_aup_calendar_2020,false
ne_ndot_version_L946.80_historical,ne_ndot_L946.80,,,SCHIZACHURIUM SCOPARIUM 'BLAZE' (BLAZE LITTLE BLUESTEM) #1 C.G.,,EACH,,ne_ndot_aup_calendar_2022,false
ne_ndot_version_L946.84_historical,ne_ndot_L946.84,,,"FESTUCA GLAUCA 'ELIJAH BLUE' (ELIJAH BLUE FESCUE) 1'-0"" #1 CONTAINER GROWN",,EACH,,ne_ndot_aup_calendar_2022,false
ne_ndot_version_L946.85_historical,ne_ndot_L946.85,,,SORGHASTRUM NUTANS (INDIAN GRASS) #1 CONTAINER,,EACH,,ne_ndot_aup_calendar_2020,false
ne_ndot_version_L952.00_historical,ne_ndot_L952.00,,,ASTER NOVAE-ARGLIAE (NEW ENGLAND ASTER) #1 CONTAINER,,EACH,,ne_ndot_aup_calendar_2020,false
ne_ndot_version_L952.05_historical,ne_ndot_L952.05,,,ASTER X DUMOSUS 'WOOD BLUE' (WOOD BLUE ASTER) #1 C.G.,,EACH,,ne_ndot_aup_calendar_2020,false
ne_ndot_version_L952.09_historical,ne_ndot_L952.09,,,HYLOTELEPHIUM 'HERBSTFRUEDE' 'AUTUMN JOY' (AUTUMN JOY SEDUM) 2' hgt 1 quart,,EACH,,ne_ndot_aup_calendar_2022,false
ne_ndot_version_L952.15_historical,ne_ndot_L952.15,,,HEROROCALLIS 'STELLA D'ORO' (STELLA D'ORO DAYLILLY) 1 GAL.,,EACH,,ne_ndot_aup_calendar_2020,false
ne_ndot_version_L952.50_historical,ne_ndot_L952.50,,,NEPETA FAASSENII 'WALKER'S LOW' (WALKER'S LOW CATMINT) 1 GAL.,,EACH,,ne_ndot_aup_calendar_2022,false
ne_ndot_version_L954.00_historical,ne_ndot_L954.00,,,PEROVSKIA ATRIPLICIFOLIA (RUSSIAN SAGE),,EACH,,ne_ndot_aup_july_june_2025_2026,false
ne_ndot_version_L957.11_historical,ne_ndot_L957.11,,,ECHINACEA PURPUREA (PURPLE CONEFLOWER),,EACH,,ne_ndot_aup_july_june_2025_2026,false
ne_ndot_version_L957.12_historical,ne_ndot_L957.12,,,ECHINACEA X 'EVAN SAUL' (SUNDOWN CONEFLOWER) #1 C.G.,,EACH,,ne_ndot_aup_calendar_2020,false
ne_ndot_version_L959.00_historical,ne_ndot_L959.00,,,ACHILLEA MILLEFOLIUM (COMMON YARROW),,EACH,,ne_ndot_aup_july_june_2025_2026,false
ne_ndot_version_L961.21_historical,ne_ndot_L961.21,,,RUDBECKIA HIRTA (BLACK-EYED SUSAN) #1 C.G.,,EACH,,ne_ndot_aup_july_june_2025_2026,false
ne_ndot_version_L970.10_historical,ne_ndot_L970.10,,,"PANICUM VIRGATUM 'HEAVY METAL' (HEAVY METAL SWITCHGRASS) 1 GALLON, CONTAINER GROWN",,EACH,,ne_ndot_aup_calendar_2020,false
ne_ndot_version_L970.50_historical,ne_ndot_L970.50,,,PANICUM VIRGATUM 'SHENANDOAH' (SHENANDOAH SWITCHGRASS) 1 GAL.,,EACH,,ne_ndot_aup_july_june_2025_2026,false
ne_ndot_version_L972.24_historical,ne_ndot_L972.24,,,"SALVIA NEMOROSA ""MAINACHT"" (MAY NIGHT SALVIA) #1 CONTAINER GROWN",,EACH,,ne_ndot_aup_calendar_2020,false
ne_ndot_version_L980.00_historical,ne_ndot_L980.00,,,"PENNISETUM ALOPECUROIDES 'HAMELN' (DWARF FOUNTAIN GRASS) 2 GALLON, CONTAINER GROWN",,EACH,,ne_ndot_aup_calendar_2020,false
ne_ndot_version_L999.01_historical,ne_ndot_L999.01,,,"REMOVE PLANTS, ROCK, AND PLASTIC WEED CONTROL FABRIC",,LS,,ne_ndot_aup_calendar_2020,false
ne_ndot_version_L999.24_historical,ne_ndot_L999.24,,,WETLAND SHRUB,,EACH,,ne_ndot_aup_july_june_2025_2026,false
ne_ndot_version_L999.26_historical,ne_ndot_L999.26,,,WETLAND TREE,,EACH,,ne_ndot_aup_july_june_2025_2026,false
ne_ndot_version_L999.30_historical,ne_ndot_L999.30,,,LIVE STAKE,,EACH,,ne_ndot_aup_july_june_2025_2026,false
ne_ndot_version_P070.12_historical,ne_ndot_P070.12,,,"12"" CULVERT PIPE, TYPE 2,3,4,5,6,7 OR 8",,LF,,ne_ndot_aup_july_june_2019_2020,false
ne_ndot_version_P070.15_historical,ne_ndot_P070.15,,,"15"" CULVERT PIPE, TYPE 2,3,4,5,6,7 OR 8",,LF,,ne_ndot_aup_july_june_2023_2024,false
ne_ndot_version_P070.18_historical,ne_ndot_P070.18,,,"18"" CULVERT PIPE, TYPE 2,3,4,5,6,7 OR 8",,LF,,ne_ndot_aup_july_june_2025_2026,false
ne_ndot_version_P070.24_historical,ne_ndot_P070.24,,,"24"" CULVERT PIPE, TYPE 2,3,4,5,6,7 OR 8",,LF,,ne_ndot_aup_july_june_2025_2026,false
ne_ndot_version_P070.30_historical,ne_ndot_P070.30,,,"30"" CULVERT PIPE, TYPE 2,3,4,5,6,7 OR 8",,LF,,ne_ndot_aup_calendar_2024,false
ne_ndot_version_P070.36_historical,ne_ndot_P070.36,,,"36"" CULVERT PIPE, TYPE 2,3,4,5,6,7 OR 8",,LF,,ne_ndot_aup_july_june_2025_2026,false
ne_ndot_version_P080.12_historical,ne_ndot_P080.12,,,"12"" SLOTTED CULVERT PIPE, TYPE 3",,LF,,ne_ndot_aup_july_june_2019_2020,false
ne_ndot_version_P080.19_historical,ne_ndot_P080.19,,,"18"" SLOTTED CULVERT PIPE, TYPE 5",,LF,,ne_ndot_aup_july_june_2025_2026,false
ne_ndot_version_P120.12_historical,ne_ndot_P120.12,,,"12"" CULVERT PIPE, TYPE 2",,LF,,ne_ndot_aup_july_june_2025_2026,false
ne_ndot_version_P120.15_historical,ne_ndot_P120.15,,,"15"" CULVERT PIPE, TYPE 2",,LF,,ne_ndot_aup_july_june_2025_2026,false
ne_ndot_version_P120.18_historical,ne_ndot_P120.18,,,"18"" CULVERT PIPE, TYPE 2",,LF,,ne_ndot_aup_july_june_2025_2026,false
ne_ndot_version_P120.24_historical,ne_ndot_P120.24,,,"24"" CULVERT PIPE, TYPE 2",,LF,,ne_ndot_aup_july_june_2025_2026,false
ne_ndot_version_P120.30_historical,ne_ndot_P120.30,,,"30"" CULVERT PIPE, TYPE 2",,LF,,ne_ndot_aup_july_june_2025_2026,false
ne_ndot_version_P120.36_historical,ne_ndot_P120.36,,,"36"" CULVERT PIPE, TYPE 2",,LF,,ne_ndot_aup_july_june_2025_2026,false
ne_ndot_version_P120.42_historical,ne_ndot_P120.42,,,"42"" CULVERT PIPE, TYPE 2",,LF,,ne_ndot_aup_july_june_2025_2026,false
ne_ndot_version_P120.48_historical,ne_ndot_P120.48,,,"48"" CULVERT PIPE, TYPE 2",,LF,,ne_ndot_aup_july_june_2025_2026,false
ne_ndot_version_P120.54_historical,ne_ndot_P120.54,,,"54"" CULVERT PIPE, TYPE 2",,LF,,ne_ndot_aup_july_june_2025_2026,false
ne_ndot_version_P120.60_historical,ne_ndot_P120.60,,,"60"" CULVERT PIPE, TYPE 2",,LF,,ne_ndot_aup_july_june_2025_2026,false
ne_ndot_version_P120.66_historical,ne_ndot_P120.66,,,"66"" CULVERT PIPE, TYPE 2",,LF,,ne_ndot_aup_july_june_2022_2023,false
ne_ndot_version_P120.72_historical,ne_ndot_P120.72,,,"72"" CULVERT PIPE, TYPE 2",,LF,,ne_ndot_aup_july_june_2022_2023,false
ne_ndot_version_P120.84_historical,ne_ndot_P120.84,,,"84"" CULVERT PIPE, TYPE 2",,LF,,ne_ndot_aup_july_june_2022_2023,false
ne_ndot_version_P126.24_historical,ne_ndot_P126.24,,,"24"" ROUND EQUIVALENT CULVERT PIPE, TYPE 2 CLASS IV",,LF,,ne_ndot_aup_july_june_2025_2026,false
ne_ndot_version_P126.30_historical,ne_ndot_P126.30,,,"30"" ROUND EQUIVALENT CULVERT PIPE, TYPE 2 CLASS IV",,LF,,ne_ndot_aup_july_june_2020_2021,false
ne_ndot_version_P126.36_historical,ne_ndot_P126.36,,,"36"" ROUND EQUIVALENT CULVERT PIPE, TYPE 2 CLASS IV",,LF,,ne_ndot_aup_calendar_2020,false
ne_ndot_version_P126.42_historical,ne_ndot_P126.42,,,"42"" ROUND EQUIVALENT CULVERT PIPE, TYPE 2 CLASS IV",,LF,,ne_ndot_aup_july_june_2017_2018,false
ne_ndot_version_P126.48_historical,ne_ndot_P126.48,,,"48"" ROUND EQUIVALENT CULVERT PIPE, TYPE 2 CLASS IV",,LF,,ne_ndot_aup_july_june_2024_2025,false
ne_ndot_version_P127.18_historical,ne_ndot_P127.18,,,"18"" ROUND EQUIVALENT CULVERT PIPE, TYPE 2",,LF,,ne_ndot_aup_july_june_2024_2025,false
ne_ndot_version_P127.24_historical,ne_ndot_P127.24,,,"24"" ROUND EQUIVALENT CULVERT PIPE, TYPE 2",,LF,,ne_ndot_aup_july_june_2025_2026,false
ne_ndot_version_P127.30_historical,ne_ndot_P127.30,,,"30"" ROUND EQUIVALENT CULVERT PIPE, TYPE 2",,LF,,ne_ndot_aup_july_june_2025_2026,false
ne_ndot_version_P127.36_historical,ne_ndot_P127.36,,,"36"" ROUND EQUIVALENT CULVERT PIPE, TYPE 2",,LF,,ne_ndot_aup_july_june_2025_2026,false
ne_ndot_version_P127.42_historical,ne_ndot_P127.42,,,"42"" ROUND EQUIVALENT CULVERT PIPE, TYPE 2",,LF,,ne_ndot_aup_july_june_2025_2026,false
ne_ndot_version_P127.48_historical,ne_ndot_P127.48,,,"48"" ROUND EQUIVALENT CULVERT PIPE, TYPE 2",,LF,,ne_ndot_aup_july_june_2024_2025,false
ne_ndot_version_P127.54_historical,ne_ndot_P127.54,,,"54"" ROUND EQUIVALENT CULVERT PIPE, TYPE 2",,LF,,ne_ndot_aup_july_june_2025_2026,false
ne_ndot_version_P127.60_historical,ne_ndot_P127.60,,,"60"" ROUND EQUIVALENT CULVERT PIPE, TYPE 2",,LF,,ne_ndot_aup_july_june_2024_2025,false
ne_ndot_version_P127.72_historical,ne_ndot_P127.72,,,"72"" ROUND EQUIVALENT CULVERT PIPE, TYPE 2",,LF,,ne_ndot_aup_july_june_2025_2026,false
ne_ndot_version_P128.15_historical,ne_ndot_P128.15,,,"15"" CULVERT PIPE, TYPE 2 CLASS IV",,LF,,ne_ndot_aup_calendar_2019,false
ne_ndot_version_P128.18_historical,ne_ndot_P128.18,,,"18"" CULVERT PIPE, TYPE 2 CLASS IV",,LF,,ne_ndot_aup_july_june_2025_2026,false
ne_ndot_version_P128.24_historical,ne_ndot_P128.24,,,"24"" CULVERT PIPE, TYPE 2 CLASS IV",,LF,,ne_ndot_aup_july_june_2025_2026,false
ne_ndot_version_P128.30_historical,ne_ndot_P128.30,,,"30"" CULVERT PIPE, TYPE 2 CLASS IV",,LF,,ne_ndot_aup_july_june_2024_2025,false
ne_ndot_version_P128.36_historical,ne_ndot_P128.36,,,"36"" CULVERT PIPE, TYPE 2 CLASS IV",,LF,,ne_ndot_aup_july_june_2025_2026,false
ne_ndot_version_P128.42_historical,ne_ndot_P128.42,,,"42"" CULVERT PIPE, TYPE 2 CLASS IV",,LF,,ne_ndot_aup_july_june_2025_2026,false
ne_ndot_version_P128.48_historical,ne_ndot_P128.48,,,"48"" CULVERT PIPE, TYPE 2 CLASS IV",,LF,,ne_ndot_aup_july_june_2025_2026,false
ne_ndot_version_P128.54_historical,ne_ndot_P128.54,,,"54"" CULVERT PIPE, TYPE 2 CLASS IV",,LF,,ne_ndot_aup_calendar_2023,false
ne_ndot_version_P128.60_historical,ne_ndot_P128.60,,,"60"" CULVERT PIPE, TYPE 2 CLASS IV",,LF,,ne_ndot_aup_july_june_2025_2026,false
ne_ndot_version_P128.66_historical,ne_ndot_P128.66,,,"66"" CULVERT PIPE, TYPE 2 CLASS IV",,LF,,ne_ndot_aup_july_june_2024_2025,false
ne_ndot_version_P128.72_historical,ne_ndot_P128.72,,,"72"" CULVERT PIPE, TYPE 2 CLASS IV",,LF,,ne_ndot_aup_july_june_2024_2025,false
ne_ndot_version_P128.84_historical,ne_ndot_P128.84,,,"84"" CULVERT PIPE, TYPE 2 CLASS IV",,LF,,ne_ndot_aup_july_june_2022_2023,false
ne_ndot_version_P129.30_historical,ne_ndot_P129.30,,,"30"" CULVERT PIPE, TYPE 2 CLASS V",,LF,,ne_ndot_aup_july_june_2025_2026,false
ne_ndot_version_P129.42_historical,ne_ndot_P129.42,,,"42"" CULVERT PIPE, TYPE 2 CLASS V",,LF,,ne_ndot_aup_july_june_2025_2026,false
ne_ndot_version_P129.48_historical,ne_ndot_P129.48,,,"48"" CULVERT PIPE, TYPE 2 CLASS V",,LF,,ne_ndot_aup_july_june_2025_2026,false
ne_ndot_version_P130.36_historical,ne_ndot_P130.36,,,"36"" CULVERT PIPE, TYPE 3",,LF,,ne_ndot_aup_july_june_2024_2025,false
ne_ndot_version_P150.15_historical,ne_ndot_P150.15,,,"15"" CULVERT PIPE, TYPE 5",,LF,,ne_ndot_aup_july_june_2019_2020,false
ne_ndot_version_P150.18_historical,ne_ndot_P150.18,,,"18"" CULVERT PIPE, TYPE 5",,LF,,ne_ndot_aup_july_june_2025_2026,false
ne_ndot_version_P150.24_historical,ne_ndot_P150.24,,,"24"" CULVERT PIPE, TYPE 5",,LF,,ne_ndot_aup_july_june_2025_2026,false
ne_ndot_version_P150.30_historical,ne_ndot_P150.30,,,"30"" CULVERT PIPE, TYPE 5",,LF,,ne_ndot_aup_july_june_2025_2026,false
ne_ndot_version_P150.36_historical,ne_ndot_P150.36,,,"36"" CULVERT PIPE, TYPE 5",,LF,,ne_ndot_aup_july_june_2025_2026,false
ne_ndot_version_P150.42_historical,ne_ndot_P150.42,,,"42"" CULVERT PIPE, TYPE 5",,LF,,ne_ndot_aup_july_june_2025_2026,false
ne_ndot_version_P150.48_historical,ne_ndot_P150.48,,,"48"" CULVERT PIPE, TYPE 5",,LF,,ne_ndot_aup_july_june_2025_2026,false
ne_ndot_version_P150.54_historical,ne_ndot_P150.54,,,"54"" CULVERT PIPE, TYPE 5",,LF,,ne_ndot_aup_calendar_2024,false
ne_ndot_version_P150.60_historical,ne_ndot_P150.60,,,"60"" CULVERT PIPE, TYPE 5",,LF,,ne_ndot_aup_july_june_2025_2026,false
ne_ndot_version_P150.66_historical,ne_ndot_P150.66,,,"66"" CULVERT PIPE, TYPE 5",,LF,,ne_ndot_aup_calendar_2024,false
ne_ndot_version_P150.72_historical,ne_ndot_P150.72,,,"72"" CULVERT PIPE, TYPE 5",,LF,,ne_ndot_aup_july_june_2025_2026,false
ne_ndot_version_P150.84_historical,ne_ndot_P150.84,,,"84"" CULVERT PIPE, TYPE 5",,LF,,ne_ndot_aup_july_june_2022_2023,false
ne_ndot_version_P151.15_historical,ne_ndot_P151.15,,,"15"" CULVERT PIPE, TYPE 5 OR 6",,LF,,ne_ndot_aup_july_june_2021_2022,false
ne_ndot_version_P151.18_historical,ne_ndot_P151.18,,,"18"" CULVERT PIPE, TYPE 5 OR 6",,LF,,ne_ndot_aup_calendar_2024,false
ne_ndot_version_P151.24_historical,ne_ndot_P151.24,,,"24"" CULVERT PIPE, TYPE 5 OR 6",,LF,,ne_ndot_aup_calendar_2024,false
ne_ndot_version_P151.36_historical,ne_ndot_P151.36,,,"36"" CULVERT PIPE, TYPE 5 OR 6",,LF,,ne_ndot_aup_july_june_2025_2026,false
ne_ndot_version_P155.30_historical,ne_ndot_P155.30,,,"30"" ROUND EQUIVALENT CULVERT PIPE, TYPE",,LF,,ne_ndot_aup_july_june_2017_2018,false
ne_ndot_version_P155.36_historical,ne_ndot_P155.36,,,"36"" ROUND EQUIVALENT CULVERT PIPE, TYPE 5",,LF,,ne_ndot_aup_july_june_2023_2024,false
ne_ndot_version_P155.42_historical,ne_ndot_P155.42,,,"42"" ROUND EQUIVALENT CULVERT PIPE, TYPE 5",,LF,,ne_ndot_aup_calendar_2024,false
ne_ndot_version_P155.54_historical,ne_ndot_P155.54,,,"54"" ROUND EQUIVALENT CULVERT PIPE, TYPE 5",,LF,,ne_ndot_aup_july_june_2025_2026,false
ne_ndot_version_P156.36_historical,ne_ndot_P156.36,,,"36"" ROUND EQUIVALENT CULVERT PIPE, TYPE 2 CLASS V",,LF,,ne_ndot_aup_july_june_2025_2026,false
ne_ndot_version_P180.04_historical,ne_ndot_P180.04,,,"4"" CULVERT PIPE, TYPE 8",,LF,,ne_ndot_aup_july_june_2018_2019,false
ne_ndot_version_P180.06_historical,ne_ndot_P180.06,,,"6"" CULVERT PIPE, TYPE 8",,LF,,ne_ndot_aup_calendar_2021,false
ne_ndot_version_P180.08_historical,ne_ndot_P180.08,,,"8"" CULVERT PIPE, TYPE 8",,LF,,ne_ndot_aup_july_june_2019_2020,false
ne_ndot_version_P180.10_historical,ne_ndot_P180.10,,,"10"" CULVERT PIPE, TYPE 8",,LF,,ne_ndot_aup_july_june_2019_2020,false
ne_ndot_version_P180.12_historical,ne_ndot_P180.12,,,"12"" CULVERT PIPE, TYPE 8",,LF,,ne_ndot_aup_july_june_2019_2020,false
ne_ndot_version_P200.18_historical,ne_ndot_P200.18,,,"18"" CULVERT PIPE, TYPE 2 OR 5",,LF,,ne_ndot_aup_july_june_2025_2026,false
ne_ndot_version_P200.24_historical,ne_ndot_P200.24,,,"24"" CULVERT PIPE, TYPE 2 OR 5",,LF,,ne_ndot_aup_july_june_2025_2026,false
ne_ndot_version_P200.30_historical,ne_ndot_P200.30,,,"30"" CULVERT PIPE, TYPE 2 OR 5",,LF,,ne_ndot_aup_july_june_2025_2026,false
ne_ndot_version_P200.36_historical,ne_ndot_P200.36,,,"36"" CULVERT PIPE, TYPE 2 OR 5",,LF,,ne_ndot_aup_july_june_2025_2026,false
ne_ndot_version_P200.42_historical,ne_ndot_P200.42,,,"42"" CULVERT PIPE, TYPE 2 OR 5",,LF,,ne_ndot_aup_calendar_2018,false
ne_ndot_version_P200.48_historical,ne_ndot_P200.48,,,"48"" CULVERT PIPE, TYPE 2 OR 5",,LF,,ne_ndot_aup_july_june_2024_2025,false
ne_ndot_version_P200.60_historical,ne_ndot_P200.60,,,"60"" CULVERT PIPE, TYPE 2 OR 5",,LF,,ne_ndot_aup_calendar_2018,false
ne_ndot_version_P200.66_historical,ne_ndot_P200.66,,,"66"" CULVERT PIPE, TYPE 2 OR 5",,LF,,ne_ndot_aup_july_june_2019_2020,false
ne_ndot_version_P200.72_historical,ne_ndot_P200.72,,,"72"" CULVERT PIPE, TYPE 2 OR 5",,LF,,ne_ndot_aup_july_june_2025_2026,false
ne_ndot_version_P250.72_historical,ne_ndot_P250.72,,,"72"" CULVERT PIPE, TYPE 3 OR 4",,LF,,ne_ndot_aup_july_june_2024_2025,false
ne_ndot_version_P255.18_historical,ne_ndot_P255.18,,,"18"" CULVERT PIPE, TYPE 4 OR 5",,LF,,ne_ndot_aup_july_june_2019_2020,false
ne_ndot_version_P255.24_historical,ne_ndot_P255.24,,,"24"" CULVERT PIPE, TYPE 4 OR 5",,LF,,ne_ndot_aup_calendar_2024,false
ne_ndot_version_P255.25_historical,ne_ndot_P255.25,,,"24"" ROUND EQUIVALENT CULVERT PIPE, TYPE 4 OR 5",,LF,,ne_ndot_aup_july_june_2019_2020,false
ne_ndot_version_P255.30_historical,ne_ndot_P255.30,,,"30"" CULVERT PIPE, TYPE 4 OR 5",,LF,,ne_ndot_aup_calendar_2024,false
ne_ndot_version_P255.36_historical,ne_ndot_P255.36,,,"36"" CULVERT PIPE, TYPE 4 OR 5",,LF,,ne_ndot_aup_calendar_2024,false
ne_ndot_version_P255.42_historical,ne_ndot_P255.42,,,"42"" CULVERT PIPE, TYPE 4 OR 5",,LF,,ne_ndot_aup_july_june_2022_2023,false
ne_ndot_version_P255.48_historical,ne_ndot_P255.48,,,"48"" CULVERT PIPE, TYPE 4 OR 5",,LF,,ne_ndot_aup_calendar_2024,false
ne_ndot_version_P255.54_historical,ne_ndot_P255.54,,,"54"" CULVERT PIPE, TYPE 4 OR 5",,LF,,ne_ndot_aup_july_june_2020_2021,false
ne_ndot_version_P255.72_historical,ne_ndot_P255.72,,,"72"" CULVERT PIPE, TYPE 4 OR 5",,LF,,ne_ndot_aup_calendar_2024,false
ne_ndot_version_P277.18_historical,ne_ndot_P277.18,,,"18"" ROUND EQUIVALENT CULVERT PIPE, TYPE 2 OR 5",,LF,,ne_ndot_aup_july_june_2025_2026,false
ne_ndot_version_P277.24_historical,ne_ndot_P277.24,,,"24"" ROUND EQUIVALENT CULVERT PIPE, TYPE 2 OR 5",,LF,,ne_ndot_aup_july_june_2025_2026,false
ne_ndot_version_P277.30_historical,ne_ndot_P277.30,,,"30"" ROUND EQUIVALENT CULVERT PIPE, TYPE 2 OR 5",,LF,,ne_ndot_aup_july_june_2025_2026,false
ne_ndot_version_P277.36_historical,ne_ndot_P277.36,,,"36"" ROUND EQUIVALENT CULVERT PIPE, TYPE 2 OR 5",,LF,,ne_ndot_aup_july_june_2025_2026,false
ne_ndot_version_P277.42_historical,ne_ndot_P277.42,,,"42"" ROUND EQUIVALENT CULVERT PIPE, TYPE 2 OR 5",,LF,,ne_ndot_aup_july_june_2025_2026,false
ne_ndot_version_P277.48_historical,ne_ndot_P277.48,,,"48"" ROUND EQUIVALENT CULVERT PIPE, TYPE 2 OR 5",,LF,,ne_ndot_aup_july_june_2025_2026,false
ne_ndot_version_P277.60_historical,ne_ndot_P277.60,,,"60"" ROUND EQUIVALENT CULVERT PIPE, TYPE 2 OR 5",,LF,,ne_ndot_aup_july_june_2025_2026,false
ne_ndot_version_P277.66_historical,ne_ndot_P277.66,,,"66"" ROUND EQUIVALENT CULVERT PIPE, TYPE 2 OR 5",,LF,,ne_ndot_aup_calendar_2018,false
ne_ndot_version_P300.12_historical,ne_ndot_P300.12,,,"12"" CULVERT PIPE, TYPE 3,4 OR 5",,LF,,ne_ndot_aup_july_june_2025_2026,false
ne_ndot_version_P300.15_historical,ne_ndot_P300.15,,,"15"" CULVERT PIPE, TYPE 3,4 OR 5",,LF,,ne_ndot_aup_july_june_2025_2026,false
ne_ndot_version_P300.18_historical,ne_ndot_P300.18,,,"18"" CULVERT PIPE, TYPE 3,4 OR 5",,LF,,ne_ndot_aup_july_june_2025_2026,false
ne_ndot_version_P300.24_historical,ne_ndot_P300.24,,,"24"" CULVERT PIPE, TYPE 3,4 OR 5",,LF,,ne_ndot_aup_july_june_2025_2026,false
ne_ndot_version_P300.30_historical,ne_ndot_P300.30,,,"30"" CULVERT PIPE, TYPE 3,4 OR 5",,LF,,ne_ndot_aup_july_june_2025_2026,false
ne_ndot_version_P300.36_historical,ne_ndot_P300.36,,,"36"" CULVERT PIPE, TYPE 3,4 OR 5",,LF,,ne_ndot_aup_july_june_2025_2026,false
ne_ndot_version_P300.42_historical,ne_ndot_P300.42,,,"42"" CULVERT PIPE, TYPE 3,4 OR 5",,LF,,ne_ndot_aup_july_june_2025_2026,false
ne_ndot_version_P300.48_historical,ne_ndot_P300.48,,,"48"" CULVERT PIPE, TYPE 3,4 OR 5",,LF,,ne_ndot_aup_july_june_2025_2026,false
ne_ndot_version_P300.54_historical,ne_ndot_P300.54,,,"54"" CULVERT PIPE, TYPE 3,4 OR 5",,LF,,ne_ndot_aup_july_june_2025_2026,false
ne_ndot_version_P300.60_historical,ne_ndot_P300.60,,,"60"" CULVERT PIPE, TYPE 3,4 OR 5",,LF,,ne_ndot_aup_july_june_2025_2026,false
ne_ndot_version_P300.66_historical,ne_ndot_P300.66,,,"66"" CULVERT PIPE, TYPE 3,4 OR 5",,LF,,ne_ndot_aup_july_june_2022_2023,false
ne_ndot_version_P300.72_historical,ne_ndot_P300.72,,,"72"" CULVERT PIPE, TYPE 3,4 OR 5",,LF,,ne_ndot_aup_july_june_2025_2026,false
ne_ndot_version_P300.78_historical,ne_ndot_P300.78,,,"78"" CULVERT PIPE, TYPE 3,4 OR 5",,LF,,ne_ndot_aup_july_june_2024_2025,false
ne_ndot_version_P300.84_historical,ne_ndot_P300.84,,,"84"" CULVERT PIPE, TYPE 3,4 OR 5",,LF,,ne_ndot_aup_july_june_2021_2022,false
ne_ndot_version_P310.24_historical,ne_ndot_P310.24,,,"24"" CULVERT PIPE, TYPE 2,4 OR 5",,LF,,ne_ndot_aup_july_june_2024_2025,false
ne_ndot_version_P310.30_historical,ne_ndot_P310.30,,,"30"" CULVERT PIPE, TYPE 2,4 OR 5",,LF,,ne_ndot_aup_calendar_2024,false
ne_ndot_version_P310.36_historical,ne_ndot_P310.36,,,"36"" CULVERT PIPE, TYPE 2,4 OR 5",,LF,,ne_ndot_aup_calendar_2024,false
ne_ndot_version_P310.42_historical,ne_ndot_P310.42,,,"42"" CULVERT PIPE, TYPE 2,4 OR 5",,LF,,ne_ndot_aup_july_june_2020_2021,false
ne_ndot_version_P310.66_historical,ne_ndot_P310.66,,,"66"" CULVERT PIPE, TYPE 2,4 OR 5",,LF,,ne_ndot_aup_july_june_2024_2025,false
ne_ndot_version_P310.72_historical,ne_ndot_P310.72,,,"72"" CULVERT PIPE, TYPE 2,4 OR 5",,LF,,ne_ndot_aup_july_june_2024_2025,false
ne_ndot_version_P311.18_historical,ne_ndot_P311.18,,,"18"" CULVERT PIPE, TYPE 2,7 OR 8",,LF,,ne_ndot_aup_calendar_2020,false
ne_ndot_version_P311.24_historical,ne_ndot_P311.24,,,"24"" CULVERT PIPE, TYPE 2, 7 OR 8",,LF,,ne_ndot_aup_calendar_2019,false
ne_ndot_version_P311.30_historical,ne_ndot_P311.30,,,"30"" CULVERT PIPE, TYPE 2,7 OR 8",,LF,,ne_ndot_aup_calendar_2019,false
ne_ndot_version_P311.36_historical,ne_ndot_P311.36,,,"36"" CULVERT PIPE, TYPE 2,7 OR 8",,LF,,ne_ndot_aup_calendar_2022,false
ne_ndot_version_P311.42_historical,ne_ndot_P311.42,,,"42"" CULVERT PIPE, TYPE 2,7 OR 8",,LF,,ne_ndot_aup_calendar_2019,false
ne_ndot_version_P315.54_historical,ne_ndot_P315.54,,,"54"" CULVERT PIPE, TYPE 2,3,4,5 OR 7",,LF,,ne_ndot_aup_calendar_2021,false
ne_ndot_version_P315.60_historical,ne_ndot_P315.60,,,"60"" CULVERT PIPE, TYPE 2,3,4,5 OR 7",,LF,,ne_ndot_aup_july_june_2021_2022,false
ne_ndot_version_P316.54_historical,ne_ndot_P316.54,,,"54"" CULVERT PIPE, TYPE 2,5 OR 7",,LF,,ne_ndot_aup_july_june_2024_2025,false
ne_ndot_version_P316.60_historical,ne_ndot_P316.60,,,"60"" CULVERT PIPE, TYPE 2,5 OR 7",,LF,,ne_ndot_aup_july_june_2024_2025,false
ne_ndot_version_P320.54_historical,ne_ndot_P320.54,,,"54"" CULVERT PIPE, TYPE 2,4,5 OR 7",,LF,,ne_ndot_aup_july_june_2019_2020,false
ne_ndot_version_P320.60_historical,ne_ndot_P320.60,,,"60"" CULVERT PIPE, TYPE 2,4,5 OR 7",,LF,,ne_ndot_aup_calendar_2024,false
ne_ndot_version_P369.15_historical,ne_ndot_P369.15,,,"15"" SLOTTED CULVERT PIPE, TYPE 3,4 OR 5",,LF,,ne_ndot_aup_july_june_2019_2020,false
ne_ndot_version_P369.18_historical,ne_ndot_P369.18,,,"18"" SLOTTED CULVERT PIPE, TYPE 3,4 OR 5",,LF,,ne_ndot_aup_july_june_2025_2026,false
ne_ndot_version_P369.30_historical,ne_ndot_P369.30,,,"30"" SLOTTED CULVERT PIPE, TYPE 3,4 OR 5",,LF,,ne_ndot_aup_july_june_2025_2026,false
ne_ndot_version_P372.15_historical,ne_ndot_P372.15,,,"15"" ROUND EQUIVALENT CULVERT PIPE, TYPE 2,4 OR 5",,LF,,ne_ndot_aup_july_june_2020_2021,false
ne_ndot_version_P372.18_historical,ne_ndot_P372.18,,,"18"" ROUND EQUIVALENT CULVERT PIPE, TYPE 2,4 OR 5",,LF,,ne_ndot_aup_calendar_2024,false
ne_ndot_version_P372.24_historical,ne_ndot_P372.24,,,"24"" ROUND EQUIVALENT CULVERT PIPE, TYPE 2,4 OR 5",,LF,,ne_ndot_aup_calendar_2024,false
ne_ndot_version_P372.36_historical,ne_ndot_P372.36,,,"36"" ROUND EQUIVALENT CULVERT PIPE, TYPE 2,4 OR 5",,LF,,ne_ndot_aup_july_june_2022_2023,false
ne_ndot_version_P372.42_historical,ne_ndot_P372.42,,,"42"" ROUND EQUIVALENT CULVERT PIPE, TYPE 2,4 OR 5",,LF,,ne_ndot_aup_july_june_2022_2023,false
ne_ndot_version_P372.54_historical,ne_ndot_P372.54,,,"54"" ROUND EQUIVALENT CULVERT PIPE, TYPE 2,4 OR 5",,LF,,ne_ndot_aup_july_june_2022_2023,false
ne_ndot_version_P375.24_historical,ne_ndot_P375.24,,,"24"" ROUND EQUIVALENT CULVERT PIPE, TYPE 3,4 OR 5",,LF,,ne_ndot_aup_calendar_2021,false
ne_ndot_version_P375.30_historical,ne_ndot_P375.30,,,"30"" ROUND EQUIVALENT CULVERT PIPE, TYPE 3,4 OR 5",,LF,,ne_ndot_aup_july_june_2021_2022,false
ne_ndot_version_P375.36_historical,ne_ndot_P375.36,,,"36"" ROUND EQUIVALENT CULVERT PIPE, TYPE 3,4 OR 5",,LF,,ne_ndot_aup_july_june_2025_2026,false
ne_ndot_version_P375.42_historical,ne_ndot_P375.42,,,"42"" ROUND EQUIVALENT CULVERT PIPE, TYPE 3,4 OR 5",,LF,,ne_ndot_aup_july_june_2025_2026,false
ne_ndot_version_P375.48_historical,ne_ndot_P375.48,,,"48"" ROUND EQUIVALENT CULVERT PIPE, TYPE 3,4,OR 5",,LF,,ne_ndot_aup_july_june_2025_2026,false
ne_ndot_version_P375.54_historical,ne_ndot_P375.54,,,"54"" ROUND EQUIVALENT CULVERT PIPE, TYPE 3,4 OR 5",,LF,,ne_ndot_aup_july_june_2025_2026,false
ne_ndot_version_P375.60_historical,ne_ndot_P375.60,,,"60"" ROUND EQUIVALENT CULVERT PIPE, TYPE 3,4 OR 5",,LF,,ne_ndot_aup_july_june_2025_2026,false
ne_ndot_version_P376.18_historical,ne_ndot_P376.18,,,"18"" ROUND EQUIVALENT CULVERT PIPE, TYPE 3,4,5 OR 6",,LF,,ne_ndot_aup_july_june_2025_2026,false
ne_ndot_version_P376.48_historical,ne_ndot_P376.48,,,"48"" ROUND EQUIVALENT CULVERT PIPE, TYPE 3,4,5 OR 6",,LF,,ne_ndot_aup_calendar_2021,false
ne_ndot_version_P400.12_historical,ne_ndot_P400.12,,,"12"" CULVERT PIPE, TYPE 2,5,7 OR 8",,LF,,ne_ndot_aup_calendar_2018,false
ne_ndot_version_P400.15_historical,ne_ndot_P400.15,,,"15"" CULVERT PIPE, TYPE 2,5,7 OR 8",,LF,,ne_ndot_aup_july_june_2025_2026,false
ne_ndot_version_P400.18_historical,ne_ndot_P400.18,,,"18"" CULVERT PIPE, TYPE 2,5,7 OR 8",,LF,,ne_ndot_aup_july_june_2025_2026,false
ne_ndot_version_P400.24_historical,ne_ndot_P400.24,,,"24"" CULVERT PIPE, TYPE 2,5,7 OR 8",,LF,,ne_ndot_aup_july_june_2025_2026,false
ne_ndot_version_P400.30_historical,ne_ndot_P400.30,,,"30"" CULVERT PIPE, TYPE 2,5,7 OR 8",,LF,,ne_ndot_aup_july_june_2025_2026,false
ne_ndot_version_P400.36_historical,ne_ndot_P400.36,,,"36"" CULVERT PIPE, TYPE 2,5,7 OR 8",,LF,,ne_ndot_aup_july_june_2025_2026,false
ne_ndot_version_P400.42_historical,ne_ndot_P400.42,,,"42"" CULVERT PIPE, TYPE 2,5,7 OR 8",,LF,,ne_ndot_aup_july_june_2025_2026,false
ne_ndot_version_P400.48_historical,ne_ndot_P400.48,,,"48"" CULVERT PIPE, TYPE 2,5,7 OR 8",,LF,,ne_ndot_aup_july_june_2025_2026,false
ne_ndot_version_P400.60_historical,ne_ndot_P400.60,,,"60"" CULVERT PIPE, TYPE 2,5,7 OR 8",,LF,,ne_ndot_aup_july_june_2025_2026,false
ne_ndot_version_P400.72_historical,ne_ndot_P400.72,,,"72"" CULVERT PIPE, TYPE 2,5,7 OR 8",,LF,,ne_ndot_aup_july_june_2025_2026,false
ne_ndot_version_P402.12_historical,ne_ndot_P402.12,,,"12"" CULVERT PIPE, TYPE 3,4,5 OR 6",,LF,,ne_ndot_aup_calendar_2022,false
ne_ndot_version_P402.15_historical,ne_ndot_P402.15,,,"15"" CULVERT PIPE, TYPE 3,4,5 OR 6",,LF,,ne_ndot_aup_july_june_2025_2026,false
ne_ndot_version_P402.18_historical,ne_ndot_P402.18,,,"18"" CULVERT PIPE, TYPE 3,4,5 OR 6",,LF,,ne_ndot_aup_july_june_2025_2026,false
ne_ndot_version_P402.24_historical,ne_ndot_P402.24,,,"24"" CULVERT PIPE, TYPE 3,4,5 OR 6",,LF,,ne_ndot_aup_july_june_2025_2026,false
ne_ndot_version_P402.30_historical,ne_ndot_P402.30,,,"30"" CULVERT PIPE, TYPE 3,4,5 OR 6",,LF,,ne_ndot_aup_july_june_2025_2026,false
ne_ndot_version_P402.36_historical,ne_ndot_P402.36,,,"36"" CULVERT PIPE, TYPE 3,4,5 OR 6",,LF,,ne_ndot_aup_july_june_2025_2026,false
ne_ndot_version_P402.42_historical,ne_ndot_P402.42,,,"42"" CULVERT PIPE, TYPE 3,4,5 OR 6",,LF,,ne_ndot_aup_calendar_2021,false
ne_ndot_version_P402.48_historical,ne_ndot_P402.48,,,"48"" CULVERT PIPE, TYPE 3,4,5 OR 6",,LF,,ne_ndot_aup_july_june_2025_2026,false
ne_ndot_version_P402.54_historical,ne_ndot_P402.54,,,"54"" CULVERT PIPE, TYPE 3,4,5 OR 6",,LF,,ne_ndot_aup_july_june_2021_2022,false
ne_ndot_version_P402.60_historical,ne_ndot_P402.60,,,"60"" CULVERT PIPE, TYPE 3,4,5 OR 6",,LF,,ne_ndot_aup_july_june_2025_2026,false
ne_ndot_version_P404.24_historical,ne_ndot_P404.24,,,"24"" CULVERT PIPE, TYPE 2,5,7 OR 8",,LF,,ne_ndot_aup_july_june_2019_2020,false
ne_ndot_version_P406.24_historical,ne_ndot_P406.24,,,"24"" CULVERT PIPE, TYPE 2,3,4 OR 5",,LF,,ne_ndot_aup_calendar_2024,false
ne_ndot_version_P406.66_historical,ne_ndot_P406.66,,,"66"" CULVERT PIPE, TYPE 2, 3, 4 OR 5",,LF,,ne_ndot_aup_july_june_2022_2023,false
ne_ndot_version_P406.72_historical,ne_ndot_P406.72,,,"72"" CULVERT PIPE, TYPE 2,3,4 OR 5",,LF,,ne_ndot_aup_calendar_2019,false
ne_ndot_version_P420.18_historical,ne_ndot_P420.18,,,"18"" ROUND EQUIVALENT CULVERT PIPE, TYPE 2,3,4 OR 5",,LF,,ne_ndot_aup_july_june_2020_2021,false
ne_ndot_version_P420.24_historical,ne_ndot_P420.24,,,"24"" ROUND EQUIVALENT CULVERT PIPE, TYPE 2,3,4 OR 5",,LF,,ne_ndot_aup_calendar_2020,false
ne_ndot_version_P420.30_historical,ne_ndot_P420.30,,,"30"" ROUND EQUIVALENT CULVERT PIPE, TYPE 2,3,4 OR 5",,LF,,ne_ndot_aup_july_june_2020_2021,false
ne_ndot_version_P420.48_historical,ne_ndot_P420.48,,,"48"" ROUND EQUIVALENT CULVERT PIPE, TYPE 2,3,4 OR 5",,LF,,ne_ndot_aup_july_june_2018_2019,false
ne_ndot_version_P500.15_historical,ne_ndot_P500.15,,,"15"" CULVERT PIPE, TYPE 2,4,5,7 OR 8",,LF,,ne_ndot_aup_july_june_2019_2020,false
ne_ndot_version_P500.18_historical,ne_ndot_P500.18,,,"18"" CULVERT PIPE, TYPE 2,4,5,7 OR 8",,LF,,ne_ndot_aup_july_june_2023_2024,false
ne_ndot_version_P500.24_historical,ne_ndot_P500.24,,,"24"" CULVERT PIPE, TYPE 2,4,5,7 OR 8",,LF,,ne_ndot_aup_july_june_2025_2026,false
ne_ndot_version_P500.30_historical,ne_ndot_P500.30,,,"30"" CULVERT PIPE, TYPE 2,4,5,7 OR 8",,LF,,ne_ndot_aup_calendar_2024,false
ne_ndot_version_P500.36_historical,ne_ndot_P500.36,,,"36"" CULVERT PIPE, TYPE 2,4,5,7 OR 8",,LF,,ne_ndot_aup_july_june_2025_2026,false
ne_ndot_version_P500.42_historical,ne_ndot_P500.42,,,"42"" CULVERT PIPE, TYPE 2,4,5,7 OR 8",,LF,,ne_ndot_aup_calendar_2024,false
ne_ndot_version_P500.48_historical,ne_ndot_P500.48,,,"48"" CULVERT PIPE, TYPE 2,4,5,7 OR 8",,LF,,ne_ndot_aup_calendar_2024,false
ne_ndot_version_P500.60_historical,ne_ndot_P500.60,,,"60"" CULVERT PIPE, TYPE 2,4,5,7 OR 8",,LF,,ne_ndot_aup_july_june_2022_2023,false
ne_ndot_version_P501.30_historical,ne_ndot_P501.30,,,"30"" ROUND EQUIVALENT CULVERT PIPE, TYPE 2,4,5,7 OR 8",,LF,,ne_ndot_aup_july_june_2022_2023,false
ne_ndot_version_P600.12_historical,ne_ndot_P600.12,,,"12"" CULVERT PIPE, TYPE 2,3,4,5,7 OR 8",,LF,,ne_ndot_aup_calendar_2025,false
ne_ndot_version_P600.15_historical,ne_ndot_P600.15,,,"15"" CULVERT PIPE, TYPE 2,3,4,5,7 OR 8",,LF,,ne_ndot_aup_calendar_2024,false
ne_ndot_version_P600.18_historical,ne_ndot_P600.18,,,"18"" CULVERT PIPE, TYPE 2,3,4,5,7 OR 8",,LF,,ne_ndot_aup_calendar_2025,false
ne_ndot_version_P600.24_historical,ne_ndot_P600.24,,,"24"" CULVERT PIPE, TYPE 2,3,4,5,7 OR 8",,LF,,ne_ndot_aup_calendar_2025,false
ne_ndot_version_P600.30_historical,ne_ndot_P600.30,,,"30"" CULVERT PIPE, TYPE 2,3,4,5,7 OR 8",,LF,,ne_ndot_aup_july_june_2021_2022,false
ne_ndot_version_P600.42_historical,ne_ndot_P600.42,,,"42"" CULVERT PIPE, TYPE 2,3,4,5,7 OR 8",,LF,,ne_ndot_aup_calendar_2019,false
ne_ndot_version_P700.12_historical,ne_ndot_P700.12,,,"12"" STORM SEWER PIPE, TYPE 1,7 OR 8",,LF,,ne_ndot_aup_july_june_2025_2026,false
ne_ndot_version_P700.15_historical,ne_ndot_P700.15,,,"15"" STORM SEWER PIPE, TYPE 1,7 OR 8",,LF,,ne_ndot_aup_july_june_2025_2026,false
ne_ndot_version_P700.18_historical,ne_ndot_P700.18,,,"18"" STORM SEWER PIPE, TYPE 1,7 OR 8",,LF,,ne_ndot_aup_july_june_2025_2026,false
ne_ndot_version_P700.24_historical,ne_ndot_P700.24,,,"24"" STORM SEWER PIPE, TYPE 1,7 OR 8",,LF,,ne_ndot_aup_july_june_2025_2026,false
ne_ndot_version_P700.30_historical,ne_ndot_P700.30,,,"30"" STORM SEWER PIPE, TYPE 1,7 OR 8",,LF,,ne_ndot_aup_july_june_2025_2026,false
ne_ndot_version_P700.36_historical,ne_ndot_P700.36,,,"36"" STORM SEWER PIPE, TYPE 1,7 OR 8",,LF,,ne_ndot_aup_july_june_2025_2026,false
ne_ndot_version_P700.42_historical,ne_ndot_P700.42,,,"42"" STORM SEWER PIPE, TYPE 1,7 OR 8",,LF,,ne_ndot_aup_calendar_2024,false
ne_ndot_version_P700.48_historical,ne_ndot_P700.48,,,"48"" STORM SEWER PIPE, TYPE 1,7 OR 8",,LF,,ne_ndot_aup_july_june_2023_2024,false
ne_ndot_version_P702.06_historical,ne_ndot_P702.06,,,"6"" STORM SEWER PIPE, TYPE 1",,LF,,ne_ndot_aup_july_june_2020_2021,false
ne_ndot_version_P702.12_historical,ne_ndot_P702.12,,,"12"" STORM SEWER PIPE, TYPE 1",,LF,,ne_ndot_aup_calendar_2022,false
ne_ndot_version_P702.15_historical,ne_ndot_P702.15,,,"15"" STORM SEWER PIPE, TYPE 1",,LF,,ne_ndot_aup_july_june_2025_2026,false
ne_ndot_version_P702.18_historical,ne_ndot_P702.18,,,"18"" STORM SEWER PIPE, TYPE 1",,LF,,ne_ndot_aup_july_june_2025_2026,false
ne_ndot_version_P702.24_historical,ne_ndot_P702.24,,,"24"" STORM SEWER PIPE, TYPE 1",,LF,,ne_ndot_aup_july_june_2025_2026,false
ne_ndot_version_P702.30_historical,ne_ndot_P702.30,,,"30"" STORM SEWER PIPE, TYPE 1",,LF,,ne_ndot_aup_july_june_2025_2026,false
ne_ndot_version_P702.36_historical,ne_ndot_P702.36,,,"36"" STORM SEWER PIPE, TYPE 1",,LF,,ne_ndot_aup_july_june_2025_2026,false
ne_ndot_version_P702.42_historical,ne_ndot_P702.42,,,"42"" STORM SEWER PIPE, TYPE 1",,LF,,ne_ndot_aup_july_june_2022_2023,false
ne_ndot_version_P702.48_historical,ne_ndot_P702.48,,,"48"" STORM SEWER PIPE, TYPE 1",,LF,,ne_ndot_aup_july_june_2025_2026,false
ne_ndot_version_P702.54_historical,ne_ndot_P702.54,,,"54"" STORM SEWER PIPE, TYPE 1",,LF,,ne_ndot_aup_july_june_2020_2021,false
ne_ndot_version_P702.60_historical,ne_ndot_P702.60,,,"60"" STORM SEWER PIPE, TYPE 1",,LF,,ne_ndot_aup_july_june_2020_2021,false
ne_ndot_version_P702.66_historical,ne_ndot_P702.66,,,"66"" STORM SEWER PIPE, TYPE 1",,LF,,ne_ndot_aup_july_june_2022_2023,false
ne_ndot_version_P702.72_historical,ne_ndot_P702.72,,,"72"" STORM SEWER PIPE, TYPE 1",,LF,,ne_ndot_aup_july_june_2025_2026,false
ne_ndot_version_P702.84_historical,ne_ndot_P702.84,,,"84"" STORM SEWER PIPE, TYPE 1",,LF,,ne_ndot_aup_calendar_2018,false
ne_ndot_version_P703.12_historical,ne_ndot_P703.12,,,"12"" STORM SEWER PIPE, TYPE 1 CLASS V",,LF,,ne_ndot_aup_calendar_2023,false
ne_ndot_version_P703.15_historical,ne_ndot_P703.15,,,"15"" STORM SEWER PIPE, TYPE 1 CLASS V",,LF,,ne_ndot_aup_calendar_2024,false
ne_ndot_version_P703.18_historical,ne_ndot_P703.18,,,"18"" STORM SEWER PIPE, TYPE 1 CLASS V",,LF,,ne_ndot_aup_july_june_2025_2026,false
ne_ndot_version_P703.30_historical,ne_ndot_P703.30,,,"30"" STORM SEWER PIPE, TYPE 1 CLASS V",,LF,,ne_ndot_aup_calendar_2021,false
ne_ndot_version_P703.48_historical,ne_ndot_P703.48,,,"48"" STORM SEWER PIPE, TYPE 1 CLASS V",,LF,,ne_ndot_aup_calendar_2021,false
ne_ndot_version_P704.15_historical,ne_ndot_P704.15,,,"15"" STORM SEWER PIPE, TYPE 3,4,5 OR 6",,LF,,ne_ndot_aup_calendar_2020,false
ne_ndot_version_P704.18_historical,ne_ndot_P704.18,,,"18"" STORM SEWER PIPE, TYPE 3,4,5 OR 6",,LF,,ne_ndot_aup_july_june_2025_2026,false
ne_ndot_version_P704.24_historical,ne_ndot_P704.24,,,"24"" STORM SEWER PIPE, TYPE 3,4,5 OR 6",,LF,,ne_ndot_aup_july_june_2025_2026,false
ne_ndot_version_P704.30_historical,ne_ndot_P704.30,,,"30"" STORM SEWER PIPE, TYPE 3,4,5 OR 6",,LF,,ne_ndot_aup_calendar_2024,false
ne_ndot_version_P704.54_historical,ne_ndot_P704.54,,,"54"" STORM SEWER PIPE, TYPE 1 OR 7",,LF,,ne_ndot_aup_calendar_2021,false
ne_ndot_version_P704.60_historical,ne_ndot_P704.60,,,"60"" STORM SEWER PIPE, TYPE 1 OR 7",,LF,,ne_ndot_aup_calendar_2022,false
ne_ndot_version_P705.12_historical,ne_ndot_P705.12,,,"12"" STORM SEWER PIPE, TYPE 1 CLASS IV",,LF,,ne_ndot_aup_calendar_2019,false
ne_ndot_version_P705.18_historical,ne_ndot_P705.18,,,"18"" STORM SEWER PIPE, TYPE 1 CLASS IV",,LF,,ne_ndot_aup_july_june_2024_2025,false
ne_ndot_version_P705.24_historical,ne_ndot_P705.24,,,"24"" STORM SEWER PIPE, TYPE 1 CLASS IV",,LF,,ne_ndot_aup_july_june_2024_2025,false
ne_ndot_version_P705.30_historical,ne_ndot_P705.30,,,"30"" STORM SEWER PIPE, TYPE 1 CLASS IV",,LF,,ne_ndot_aup_july_june_2024_2025,false
ne_ndot_version_P705.36_historical,ne_ndot_P705.36,,,"36"" STORM SEWER PIPE, TYPE 1 CLASS IV",,LF,,ne_ndot_aup_calendar_2024,false
ne_ndot_version_P705.42_historical,ne_ndot_P705.42,,,"42"" STORM SEWER PIPE, TYPE 1 CLASS IV",,LF,,ne_ndot_aup_calendar_2020,false
ne_ndot_version_P705.48_historical,ne_ndot_P705.48,,,"48"" STORM SEWER PIPE, TYPE 1 CLASS IV",,LF,,ne_ndot_aup_calendar_2024,false
ne_ndot_version_P705.54_historical,ne_ndot_P705.54,,,"54"" STORM SEWER PIPE, TYPE 1 CLASS V",,LF,,ne_ndot_aup_july_june_2017_2018,false
ne_ndot_version_P707.12_historical,ne_ndot_P707.12,,,"12"" STORM SEWER PIPE, TYPE 3,4 OR 5",,LF,,ne_ndot_aup_calendar_2024,false
ne_ndot_version_P707.15_historical,ne_ndot_P707.15,,,"15"" STORM SEWER PIPE, TYPE 3,4 OR 5",,LF,,ne_ndot_aup_calendar_2024,false
ne_ndot_version_P707.18_historical,ne_ndot_P707.18,,,"18"" STORM SEWER PIPE, TYPE 3,4 OR 5",,LF,,ne_ndot_aup_july_june_2025_2026,false
ne_ndot_version_P707.24_historical,ne_ndot_P707.24,,,"24"" STORM SEWER PIPE, TYPE 3,4 OR 5",,LF,,ne_ndot_aup_july_june_2025_2026,false
ne_ndot_version_P707.30_historical,ne_ndot_P707.30,,,"30"" STORM SEWER PIPE, TYPE 3, 4 OR 5",,LF,,ne_ndot_aup_calendar_2020,false
ne_ndot_version_P707.36_historical,ne_ndot_P707.36,,,"36"" STORM SEWER PIPE, TYPE 3, 4 OR 5",,LF,,ne_ndot_aup_july_june_2019_2020,false
ne_ndot_version_P707.42_historical,ne_ndot_P707.42,,,"42"" STORM SEWER PIPE, TYPE 3, 4 OR 5",,LF,,ne_ndot_aup_july_june_2019_2020,false
ne_ndot_version_P707.54_historical,ne_ndot_P707.54,,,"54"" STORM SEWER PIPE, TYPE 3, 4 OR 5",,LF,,ne_ndot_aup_july_june_2019_2020,false
ne_ndot_version_P708.06_historical,ne_ndot_P708.06,,,"6"" STORM SEWER PIPE, TYPE 6 OR 7",,LF,,ne_ndot_aup_calendar_2020,false
ne_ndot_version_P708.09_historical,ne_ndot_P708.09,,,"8"" STORM SEWER PIPE, TYPE 6 OR 7",,LF,,ne_ndot_aup_calendar_2020,false
ne_ndot_version_P708.24_historical,ne_ndot_P708.24,,,"24"" STORM SEWER PIPE, TYPE 5",,LF,,ne_ndot_aup_july_june_2017_2018,false
ne_ndot_version_P708.48_historical,ne_ndot_P708.48,,,"48"" STORM SEWER PIPE, TYPE 5",,LF,,ne_ndot_aup_july_june_2017_2018,false
ne_ndot_version_P708.66_historical,ne_ndot_P708.66,,,"66"" STORM SEWER PIPE, TYPE 5",,LF,,ne_ndot_aup_july_june_2017_2018,false
ne_ndot_version_P709.06_historical,ne_ndot_P709.06,,,"6"" STORM SEWER PIPE, TYPE 8",,LF,,ne_ndot_aup_july_june_2023_2024,false
ne_ndot_version_P709.08_historical,ne_ndot_P709.08,,,"8"" STORM SEWER PIPE, TYPE 8",,LF,,ne_ndot_aup_july_june_2025_2026,false
ne_ndot_version_P709.18_historical,ne_ndot_P709.18,,,"18"" STORM SEWER PIPE, TYPE 1,5,7 OR 8",,LF,,ne_ndot_aup_july_june_2023_2024,false
ne_ndot_version_P710.06_historical,ne_ndot_P710.06,,,"6"" STORM SEWER PIPE, TYPE 7 OR 8",,LF,,ne_ndot_aup_july_june_2023_2024,false
ne_ndot_version_P710.08_historical,ne_ndot_P710.08,,,"8"" STORM SEWER PIPE, TYPE 7 OR 8",,LF,,ne_ndot_aup_july_june_2025_2026,false
ne_ndot_version_P710.12_historical,ne_ndot_P710.12,,,"12"" STORM SEWER PIPE, TYPE 7 OR 8",,LF,,ne_ndot_aup_july_june_2025_2026,false
ne_ndot_version_P710.15_historical,ne_ndot_P710.15,,,"15"" STORM SEWER PIPE, TYPE 7 OR 8",,LF,,ne_ndot_aup_july_june_2017_2018,false
ne_ndot_version_P710.18_historical,ne_ndot_P710.18,,,"18"" STORM SEWER PIPE, TYPE 7 OR 8",,LF,,ne_ndot_aup_july_june_2023_2024,false
ne_ndot_version_P710.24_historical,ne_ndot_P710.24,,,"24"" STORM SEWER PIPE, TYPE 7 OR 8",,LF,,ne_ndot_aup_calendar_2022,false
ne_ndot_version_P712.18_historical,ne_ndot_P712.18,,,"18"" ROUND EQUIVALENT STORM SEWER PIPE, TYPE 1 CLASS IV",,LF,,ne_ndot_aup_july_june_2023_2024,false
ne_ndot_version_P712.24_historical,ne_ndot_P712.24,,,"24"" ROUND EQUIVALENT STORM SEWER PIPE, TYPE 1 CLASS IV",,LF,,ne_ndot_aup_calendar_2024,false
ne_ndot_version_P713.01_historical,ne_ndot_P713.01,,,"1 1/2"" CULVERT PIPE, TYPE 7",,LF,,ne_ndot_aup_calendar_2019,false
ne_ndot_version_P713.04_historical,ne_ndot_P713.04,,,"4"" CULVERT PIPE, TYPE 7",,LF,,ne_ndot_aup_calendar_2019,false
ne_ndot_version_P713.08_historical,ne_ndot_P713.08,,,"8"" STORM SEWER PIPE, TYPE 7",,LF,,ne_ndot_aup_july_june_2025_2026,false
ne_ndot_version_P713.10_historical,ne_ndot_P713.10,,,"10"" STORM SEWER PIPE, TYPE 7",,LF,,ne_ndot_aup_july_june_2018_2019,false
ne_ndot_version_P713.12_historical,ne_ndot_P713.12,,,"12"" STORM SEWER PIPE, TYPE 7",,LF,,ne_ndot_aup_july_june_2025_2026,false
ne_ndot_version_P775.15_historical,ne_ndot_P775.15,,,"15"" ROUND EQUIVALENT STORM SEWER PIPE, TYPE 1",,LF,,ne_ndot_aup_july_june_2020_2021,false
ne_ndot_version_P775.18_historical,ne_ndot_P775.18,,,"18"" ROUND EQUIVALENT STORM SEWER PIPE, TYPE 1",,LF,,ne_ndot_aup_july_june_2025_2026,false
ne_ndot_version_P775.24_historical,ne_ndot_P775.24,,,"24"" ROUND EQUIVALENT STORM SEWER PIPE, TYPE 1",,LF,,ne_ndot_aup_july_june_2025_2026,false
ne_ndot_version_P775.30_historical,ne_ndot_P775.30,,,"30"" ROUND EQUIVALENT STORM SEWER PIPE, TYPE 1",,LF,,ne_ndot_aup_july_june_2025_2026,false
ne_ndot_version_P775.36_historical,ne_ndot_P775.36,,,"36"" ROUND EQUIVALENT STORM SEWER PIPE, TYPE 1",,LF,,ne_ndot_aup_july_june_2025_2026,false
ne_ndot_version_P775.42_historical,ne_ndot_P775.42,,,"42"" ROUND EQUIVALENT STORM SEWER PIPE, TYPE 1",,LF,,ne_ndot_aup_july_june_2025_2026,false
ne_ndot_version_P775.48_historical,ne_ndot_P775.48,,,"48"" ROUND EQUIVALENT STORM SEWER PIPE, TYPE 1",,LF,,ne_ndot_aup_calendar_2022,false
ne_ndot_version_P775.66_historical,ne_ndot_P775.66,,,"66"" ROUND EQUIVALENT STORM SEWER PIPE, TYPE 1",,LF,,ne_ndot_aup_calendar_2020,false
ne_ndot_version_P776.18_historical,ne_ndot_P776.18,,,"18"" ROUND EQUIVALENT STORM SEWER PIPE, TYPE 1 CLASS V",,LF,,ne_ndot_aup_calendar_2022,false
ne_ndot_version_P777.18_historical,ne_ndot_P777.18,,,"18"" ROUND EQUIVALENT STORM SEWER PIPE, TYPE 1,7 OR 8",,LF,,ne_ndot_aup_calendar_2019,false
ne_ndot_version_P777.24_historical,ne_ndot_P777.24,,,"24"" ROUND EQUIVALENT STORM SEWER PIPE, TYPE 1,7 OR 8",,LF,,ne_ndot_aup_july_june_2017_2018,false
ne_ndot_version_R770.50_historical,ne_ndot_R770.50,,,"KOELREUTARIA PANICULATA (GOLDENRAIN TREE) 2"" CALIPER B&B",,EACH,,ne_ndot_aup_july_june_2019_2020,false
ne_ndot_version_W100.00_historical,ne_ndot_W100.00,,,CURB STOP AND BOX,,EACH,,ne_ndot_aup_july_june_2025_2026,false
ne_ndot_version_W100.01_historical,ne_ndot_W100.01,,,CURB STOP AND BOX,,EACH,,ne_ndot_aup_july_june_2018_2019,false
ne_ndot_version_W100.10_historical,ne_ndot_W100.10,,,CURB STOP,,EACH,,ne_ndot_aup_july_june_2022_2023,false
ne_ndot_version_W100.11_historical,ne_ndot_W100.11,,,"1"" CURB STOP",,EACH,,ne_ndot_aup_july_june_2025_2026,false
ne_ndot_version_W100.12_historical,ne_ndot_W100.12,,,"2"" CURB STOP",,EACH,,ne_ndot_aup_july_june_2023_2024,false
ne_ndot_version_W100.14_historical,ne_ndot_W100.14,,,"1.5"" CURB STOP",,EACH,,ne_ndot_aup_calendar_2022,false
ne_ndot_version_W100.23_historical,ne_ndot_W100.23,,,FURNISH AND INSTALL CURB STOP AND BOX,,EACH,,ne_ndot_aup_calendar_2018,false
ne_ndot_version_W100.25_historical,ne_ndot_W100.25,,,VALVE BOX,,EACH,,ne_ndot_aup_july_june_2022_2023,false
ne_ndot_version_W100.41_historical,ne_ndot_W100.41,,,"FURNISH AND INSTALL POST, INSTALL WATER LINE MARKER",,EACH,,ne_ndot_aup_calendar_2018,false
ne_ndot_version_W100.55_historical,ne_ndot_W100.55,,,WET TAP CUT-IN,,EACH,,ne_ndot_aup_july_june_2022_2023,false
ne_ndot_version_W100.56_historical,ne_ndot_W100.56,,,WET CUT-IN,,EACH,,ne_ndot_aup_calendar_2024,false
ne_ndot_version_W100.60_historical,ne_ndot_W100.60,,,"1"" TAP",,EACH,,ne_ndot_aup_july_june_2022_2023,false
ne_ndot_version_W101.04_historical,ne_ndot_W101.04,,,"4"" LINE STOP",,EACH,,ne_ndot_aup_calendar_2022,false
ne_ndot_version_W101.06_historical,ne_ndot_W101.06,,,"6"" LINE STOP",,EACH,,ne_ndot_aup_calendar_2022,false
ne_ndot_version_W101.08_historical,ne_ndot_W101.08,,,"8"" LINE STOP",,EACH,,ne_ndot_aup_calendar_2022,false
ne_ndot_version_W101.10_historical,ne_ndot_W101.10,,,"10"" LINE STOP",,EACH,,ne_ndot_aup_calendar_2022,false
ne_ndot_version_W101.12_historical,ne_ndot_W101.12,,,"12"" LINE STOP",,EACH,,ne_ndot_aup_calendar_2022,false
ne_ndot_version_W101.50_historical,ne_ndot_W101.50,,,MECHANICAL LINE STOP,,EACH,,ne_ndot_aup_july_june_2018_2019,false
ne_ndot_version_W175.00_historical,ne_ndot_W175.00,,,"3/4"" CORPORATION STOP",,EACH,,ne_ndot_aup_july_june_2022_2023,false
ne_ndot_version_W175.01_historical,ne_ndot_W175.01,,,"1"" CORPORATION STOP",,EACH,,ne_ndot_aup_july_june_2025_2026,false
ne_ndot_version_W175.06_historical,ne_ndot_W175.06,,,"1/2"" CORPORATION STOP",,EACH,,ne_ndot_aup_calendar_2022,false
ne_ndot_version_W175.09_historical,ne_ndot_W175.09,,,"2"" CORPORATION STOP",,EACH,,ne_ndot_aup_july_june_2023_2024,false
ne_ndot_version_W175.98_historical,ne_ndot_W175.98,,,"INSTALL NEW COPPER SERVICE GREATER THAN 1"" AND UP TO 2"" IN SIZE",,EACH,,ne_ndot_aup_calendar_2018,false
ne_ndot_version_W175.99_historical,ne_ndot_W175.99,,,"INSTALL NEW COPPER SERVICE UP TO 1"" IN SIZE",,EACH,,ne_ndot_aup_calendar_2018,false
ne_ndot_version_W176.00_historical,ne_ndot_W176.00,,,"3/4"" COPPER WATER SERVICE",,LF,,ne_ndot_aup_july_june_2022_2023,false
ne_ndot_version_W176.01_historical,ne_ndot_W176.01,,,"1"" COPPER WATER SERVICE",,LF,,ne_ndot_aup_july_june_2025_2026,false
ne_ndot_version_W176.05_historical,ne_ndot_W176.05,,,"1 1/4"" COPPER WATER SERVICE",,LF,,ne_ndot_aup_calendar_2021,false
ne_ndot_version_W176.08_historical,ne_ndot_W176.08,,,"1 1/2"" COPPER WATER SERVICE",,LF,,ne_ndot_aup_calendar_2021,false
ne_ndot_version_W176.12_historical,ne_ndot_W176.12,,,"2"" COPPER WATER SERVICE",,LF,,ne_ndot_aup_july_june_2022_2023,false
ne_ndot_version_W176.22_historical,ne_ndot_W176.22,,,INSTALL COPPER PIPE,,LF,,ne_ndot_aup_july_june_2018_2019,false
ne_ndot_version_W176.26_historical,ne_ndot_W176.26,,,"1"" WATER SERVICE",,LF,,ne_ndot_aup_july_june_2025_2026,false
ne_ndot_version_W176.27_historical,ne_ndot_W176.27,,,"1"" HDPE WATER SERVICE",,LF,,ne_ndot_aup_july_june_2021_2022,false
ne_ndot_version_W176.29_historical,ne_ndot_W176.29,,,"1 1/2"" WATER SERVICE",,LF,,ne_ndot_aup_july_june_2023_2024,false
ne_ndot_version_W176.30_historical,ne_ndot_W176.30,,,"2"" WATER SERVICE",,LF,,ne_ndot_aup_july_june_2023_2024,false
ne_ndot_version_W176.34_historical,ne_ndot_W176.34,,,"4"" WATER SERVICE",,LF,,ne_ndot_aup_july_june_2023_2024,false
ne_ndot_version_W176.36_historical,ne_ndot_W176.36,,,"6"" WATER SERVICE",,LF,,ne_ndot_aup_july_june_2025_2026,false
ne_ndot_version_W176.38_historical,ne_ndot_W176.38,,,"8"" WATER SERVICE",,LF,,ne_ndot_aup_july_june_2025_2026,false
ne_ndot_version_W176.66_historical,ne_ndot_W176.66,,,CONNECTION TYPE C-1,,EACH,,ne_ndot_aup_calendar_2018,false
ne_ndot_version_W176.67_historical,ne_ndot_W176.67,,,CONNECTION TYPE A-1,,EACH,,ne_ndot_aup_calendar_2018,false
ne_ndot_version_W176.68_historical,ne_ndot_W176.68,,,SEWER SERVICE CONNECTION,,EACH,,ne_ndot_aup_calendar_2024,false
ne_ndot_version_W176.70_historical,ne_ndot_W176.70,,,WATER SERVICE CONNECTION,,EACH,,ne_ndot_aup_july_june_2025_2026,false
ne_ndot_version_W176.71_historical,ne_ndot_W176.71,,,WATER SERVICE CONNECTION,,EACH,,ne_ndot_aup_july_june_2017_2018,false
ne_ndot_version_W176.76_historical,ne_ndot_W176.76,,,"CUT AND CONNECT TO EXISTING 8"" MAIN",,EACH,,ne_ndot_aup_calendar_2021,false
ne_ndot_version_W176.79_historical,ne_ndot_W176.79,,,"CUT AND CONNECT TO EXISTING 10"" MAIN",,EACH,,ne_ndot_aup_calendar_2021,false
ne_ndot_version_W176.80_historical,ne_ndot_W176.80,,,CONNECTION TYPE C-2 (MODIFIED),,EACH,,ne_ndot_aup_calendar_2018,false
ne_ndot_version_W176.81_historical,ne_ndot_W176.81,,,CONNECTION TYPE C-2,,EACH,,ne_ndot_aup_calendar_2018,false
ne_ndot_version_W176.82_historical,ne_ndot_W176.82,,,"2"" CONNECTION",,EACH,,ne_ndot_aup_july_june_2022_2023,false
ne_ndot_version_W176.86_historical,ne_ndot_W176.86,,,"6"" CONNECTION",,EACH,,ne_ndot_aup_july_june_2022_2023,false
ne_ndot_version_W180.00_historical,ne_ndot_W180.00,,,CONCRETE CLASS 47B-3500 FOR BLOCKS AND ANCHORAGES,,CY,,ne_ndot_aup_calendar_2020,false
ne_ndot_version_W180.10_historical,ne_ndot_W180.10,,,REINFORCING STEEL FOR BLOCKS AND ANCHORAGES,,LB,,ne_ndot_aup_calendar_2020,false
ne_ndot_version_W180.30_historical,ne_ndot_W180.30,,,THRUST BLOCK,,EACH,,ne_ndot_aup_calendar_2025,false
ne_ndot_version_W180.31_historical,ne_ndot_W180.31,,,RC TEE BLOCK,,EACH,,ne_ndot_aup_july_june_2025_2026,false
ne_ndot_version_W180.50_historical,ne_ndot_W180.50,,,WATER METER,,EACH,,ne_ndot_aup_july_june_2017_2018,false
ne_ndot_version_W180.51_historical,ne_ndot_W180.51,,,WATER METER,,EACH,,ne_ndot_aup_july_june_2017_2018,false
ne_ndot_version_W180.64_historical,ne_ndot_W180.64,,,METER PIT,,EACH,,ne_ndot_aup_july_june_2025_2026,false
ne_ndot_version_W180.66_historical,ne_ndot_W180.66,,,WATER METER PIT ASSEMBLY,,EACH,,ne_ndot_aup_july_june_2023_2024,false
ne_ndot_version_W200.04_historical,ne_ndot_W200.04,,,"DUCTILE IRON FITTINGS, M.J.",,LB,,ne_ndot_aup_calendar_2024,false
ne_ndot_version_W200.18_historical,ne_ndot_W200.18,,,MONUMENT FRAME AND COVER,,EACH,,ne_ndot_aup_july_june_2020_2021,false
ne_ndot_version_W200.44_historical,ne_ndot_W200.44,,,"4"" RETAINER GLAND",,EACH,,ne_ndot_aup_july_june_2025_2026,false
ne_ndot_version_W200.46_historical,ne_ndot_W200.46,,,"6"" RETAINER GLAND",,EACH,,ne_ndot_aup_july_june_2025_2026,false
ne_ndot_version_W200.48_historical,ne_ndot_W200.48,,,"8"" RETAINER GLAND",,EACH,,ne_ndot_aup_july_june_2025_2026,false
ne_ndot_version_W200.52_historical,ne_ndot_W200.52,,,"12"" RETAINER GLAND",,EACH,,ne_ndot_aup_calendar_2025,false
ne_ndot_version_W200.56_historical,ne_ndot_W200.56,,,"16"" RETAINER GLAND",,EACH,,ne_ndot_aup_calendar_2020,false
ne_ndot_version_W200.57_historical,ne_ndot_W200.57,,,"16"" RETAINER GLAND, MJ",,EACH,,ne_ndot_aup_july_june_2020_2021,false
ne_ndot_version_W200.60_historical,ne_ndot_W200.60,,,"24"" RETAINER GLAND",,EACH,,ne_ndot_aup_calendar_2020,false
ne_ndot_version_W200.62_historical,ne_ndot_W200.62,,,"36"" RETAINER GLAND",,EACH,,ne_ndot_aup_calendar_2020,false
ne_ndot_version_W202.34_historical,ne_ndot_W202.34,,,"4"" PVC WATER MAIN",,LF,,ne_ndot_aup_july_june_2025_2026,false
ne_ndot_version_W202.36_historical,ne_ndot_W202.36,,,"6"" PVC WATER MAIN",,LF,,ne_ndot_aup_july_june_2025_2026,false
ne_ndot_version_W202.38_historical,ne_ndot_W202.38,,,"8"" PVC WATER MAIN",,LF,,ne_ndot_aup_july_june_2025_2026,false
ne_ndot_version_W202.40_historical,ne_ndot_W202.40,,,"10"" PVC WATER MAIN",,LF,,ne_ndot_aup_calendar_2024,false
ne_ndot_version_W202.42_historical,ne_ndot_W202.42,,,"12"" PVC WATER MAIN",,LF,,ne_ndot_aup_calendar_2025,false
ne_ndot_version_W205.04_historical,ne_ndot_W205.04,,,"4"" WATER MAIN PIPE",,LF,,ne_ndot_aup_july_june_2025_2026,false
ne_ndot_version_W205.05_historical,ne_ndot_W205.05,,,"CONSTRUCT 8"" DIP INSULATED FORCE MAIN",,LF,,ne_ndot_aup_july_june_2022_2023,false
ne_ndot_version_W205.06_historical,ne_ndot_W205.06,,,"6"" WATER MAIN PIPE",,LF,,ne_ndot_aup_july_june_2025_2026,false
ne_ndot_version_W205.07_historical,ne_ndot_W205.07,,,"CONSTRUCT 16"" DIP INSULATED FORCE MAIN",,LF,,ne_ndot_aup_july_june_2022_2023,false
ne_ndot_version_W205.08_historical,ne_ndot_W205.08,,,"8"" WATER MAIN PIPE",,LF,,ne_ndot_aup_july_june_2025_2026,false
ne_ndot_version_W205.10_historical,ne_ndot_W205.10,,,"10"" WATER MAIN PIPE",,LF,,ne_ndot_aup_calendar_2024,false
ne_ndot_version_W205.11_historical,ne_ndot_W205.11,,,"CONSTRUCT 8"" DIP INSULATED FORCE MAIN BEND",,EACH,,ne_ndot_aup_july_june_2022_2023,false
ne_ndot_version_W205.12_historical,ne_ndot_W205.12,,,"12"" WATER MAIN PIPE",,LF,,ne_ndot_aup_calendar_2024,false
ne_ndot_version_W205.14_historical,ne_ndot_W205.14,,,"CONSTRUCT 16"" DIP INSULATED FORCE MAIN BEND",,EACH,,ne_ndot_aup_july_june_2022_2023,false
ne_ndot_version_W205.15_historical,ne_ndot_W205.15,,,"CONSTRUCT 8"" DIP FORCE MAIN",,LF,,ne_ndot_aup_july_june_2022_2023,false
ne_ndot_version_W205.16_historical,ne_ndot_W205.16,,,"16"" WATER MAIN PIPE",,LF,,ne_ndot_aup_july_june_2020_2021,false
ne_ndot_version_W205.17_historical,ne_ndot_W205.17,,,"CONSTRUCT 16"" DIP FORCE MAIN",,LF,,ne_ndot_aup_july_june_2022_2023,false
ne_ndot_version_W205.18_historical,ne_ndot_W205.18,,,"CONSTRUCT 8"" DIP FORCE MAIN BEND",,EACH,,ne_ndot_aup_july_june_2022_2023,false
ne_ndot_version_W205.21_historical,ne_ndot_W205.21,,,"CONSTRUCT 16"" DIP FORCE MAIN BEND",,EACH,,ne_ndot_aup_july_june_2022_2023,false
ne_ndot_version_W205.22_historical,ne_ndot_W205.22,,,CONSTRUCT CLEANOUT STRUCTURE NO.,,LS,,ne_ndot_aup_july_june_2022_2023,false
ne_ndot_version_W205.23_historical,ne_ndot_W205.23,,,CONSTRUCT PIPING FOR CLEANOUT STRUCTURE NO.,,LS,,ne_ndot_aup_july_june_2022_2023,false
ne_ndot_version_W205.24_historical,ne_ndot_W205.24,,,"24"" WATER MAIN PIPE",,LF,,ne_ndot_aup_calendar_2020,false
ne_ndot_version_W205.26_historical,ne_ndot_W205.26,,,"CONSTRUCT CONNECTION TO 8"" FORCE MAIN",,EACH,,ne_ndot_aup_july_june_2022_2023,false
ne_ndot_version_W205.27_historical,ne_ndot_W205.27,,,"CONSTRUCT CONNECTION TO 16"" FORCE MAIN",,EACH,,ne_ndot_aup_july_june_2022_2023,false
ne_ndot_version_W205.28_historical,ne_ndot_W205.28,,,FORCE MAIN STARTUP AND TESTING,,LS,,ne_ndot_aup_july_june_2022_2023,false
ne_ndot_version_W205.29_historical,ne_ndot_W205.29,,,CONSTRUCT AIR VALVE STRUCTURE,,LS,,ne_ndot_aup_july_june_2022_2023,false
ne_ndot_version_W205.55_historical,ne_ndot_W205.55,,,"8"" RESTRAIN JOINT WATER MAIN PIPE",,LF,,ne_ndot_aup_july_june_2019_2020,false
ne_ndot_version_W205.91_historical,ne_ndot_W205.91,,,CONCRETE ENCASEMENT,,LF,,ne_ndot_aup_july_june_2019_2020,false
ne_ndot_version_W205.94_historical,ne_ndot_W205.94,,,"12"" CONCRETE ENCASEMENT",,LF,,ne_ndot_aup_calendar_2022,false
ne_ndot_version_W205.97_historical,ne_ndot_W205.97,,,"CUT AND PLUG EXISTING 6"" MAIN",,EACH,,ne_ndot_aup_calendar_2025,false
ne_ndot_version_W208.03_historical,ne_ndot_W208.03,,,WATER SERVICE SADDLE AND CORPORATION STOP,,EACH,,ne_ndot_aup_july_june_2022_2023,false
ne_ndot_version_W208.04_historical,ne_ndot_W208.04,,,"6"" X 1"" SADDLE AND CORPORATION STOP",,EACH,,ne_ndot_aup_calendar_2022,false
ne_ndot_version_W208.05_historical,ne_ndot_W208.05,,,"6"" X 1"" SADDLE",,EACH,,ne_ndot_aup_july_june_2023_2024,false
ne_ndot_version_W208.06_historical,ne_ndot_W208.06,,,"6"" X 2"" SADDLE",,EACH,,ne_ndot_aup_july_june_2023_2024,false
ne_ndot_version_W208.09_historical,ne_ndot_W208.09,,,"8"" X 1"" SADDLE",,EACH,,ne_ndot_aup_july_june_2025_2026,false
ne_ndot_version_W208.12_historical,ne_ndot_W208.12,,,"12"" X 1"" SADDLE",,EACH,,ne_ndot_aup_calendar_2022,false
ne_ndot_version_W208.13_historical,ne_ndot_W208.13,,,"12"" X 1.5"" SADDLE",,EACH,,ne_ndot_aup_calendar_2022,false
ne_ndot_version_W208.14_historical,ne_ndot_W208.14,,,"12"" X 2"" SADDLE",,EACH,,ne_ndot_aup_calendar_2022,false
ne_ndot_version_W208.20_historical,ne_ndot_W208.20,,,"4"" X 1"" SADDLE",,EACH,,ne_ndot_aup_july_june_2025_2026,false
ne_ndot_version_W218.55_historical,ne_ndot_W218.55,,,"MARKER, ELECTRONIC BALL, RED, 4""",,EACH,,ne_ndot_aup_calendar_2018,false
ne_ndot_version_W219.34_historical,ne_ndot_W219.34,,,"4"" GATE VALVE",,EACH,,ne_ndot_aup_july_june_2025_2026,false
ne_ndot_version_W219.36_historical,ne_ndot_W219.36,,,"6"" GATE VALVE",,EACH,,ne_ndot_aup_july_june_2025_2026,false
ne_ndot_version_W219.38_historical,ne_ndot_W219.38,,,"8"" GATE VALVE",,EACH,,ne_ndot_aup_july_june_2025_2026,false
ne_ndot_version_W219.42_historical,ne_ndot_W219.42,,,"12"" GATE VALVE",,EACH,,ne_ndot_aup_calendar_2025,false
ne_ndot_version_W219.64_historical,ne_ndot_W219.64,,,"4"" GATE VALVE AND BOX",,EACH,,ne_ndot_aup_july_june_2025_2026,false
ne_ndot_version_W219.66_historical,ne_ndot_W219.66,,,"6"" GATE VALVE AND BOX",,EACH,,ne_ndot_aup_july_june_2025_2026,false
ne_ndot_version_W219.68_historical,ne_ndot_W219.68,,,"8"" GATE VALVE AND BOX",,EACH,,ne_ndot_aup_july_june_2025_2026,false
ne_ndot_version_W219.70_historical,ne_ndot_W219.70,,,"10"" GATE VALVE AND BOX",,EACH,,ne_ndot_aup_calendar_2024,false
ne_ndot_version_W219.72_historical,ne_ndot_W219.72,,,"12"" GATE VALVE AND BOX",,EACH,,ne_ndot_aup_calendar_2024,false
ne_ndot_version_W221.12_historical,ne_ndot_W221.12,,,"12"" WATER VALVE BOX",,EACH,,ne_ndot_aup_calendar_2025,false
ne_ndot_version_W221.92_historical,ne_ndot_W221.92,,,HYDRANT,,EACH,,ne_ndot_aup_calendar_2020,false
ne_ndot_version_W221.95_historical,ne_ndot_W221.95,,,HYDRANT,,EACH,,ne_ndot_aup_july_june_2025_2026,false
ne_ndot_version_W221.97_historical,ne_ndot_W221.97,,,FIRE HYDRANT,,EACH,,ne_ndot_aup_calendar_2024,false
ne_ndot_version_W222.06_historical,ne_ndot_W222.06,,,"6"" FIRE HYDRANT",,EACH,,ne_ndot_aup_july_june_2025_2026,false
ne_ndot_version_W222.07_historical,ne_ndot_W222.07,,,"6"" FIRE HYDRANT EXTENSION",,EACH,,ne_ndot_aup_calendar_2020,false
ne_ndot_version_W222.08_historical,ne_ndot_W222.08,,,"12"" FIRE HYDRANT EXTENSION",,EACH,,ne_ndot_aup_calendar_2020,false
ne_ndot_version_W222.15_historical,ne_ndot_W222.15,,,"5 1/4"" FIRE HYDRANT",,EACH,,ne_ndot_aup_calendar_2025,false
ne_ndot_version_W222.84_historical,ne_ndot_W222.84,,,FURNISH AND INSTALL TYPE 1 HYDRANT,,EACH,,ne_ndot_aup_calendar_2018,false
ne_ndot_version_W222.85_historical,ne_ndot_W222.85,,,FURNISH AND INSTALL TYPE 2 HYDRANT (OFFSET),,EACH,,ne_ndot_aup_calendar_2018,false
ne_ndot_version_W222.86_historical,ne_ndot_W222.86,,,FURNISH AND INSTALL TYPE 4 HYDRANT (END OF MAIN),,EACH,,ne_ndot_aup_calendar_2018,false
ne_ndot_version_W222.87_historical,ne_ndot_W222.87,,,FURNISH AND INSTALL TYPE 5 HYDRANT (END OF MAIN - REDUCER),,EACH,,ne_ndot_aup_calendar_2018,false
ne_ndot_version_W222.88_historical,ne_ndot_W222.88,,,FURNISH AND INSTALL TYPE 8 HYDRANT (AIR RELIEF),,EACH,,ne_ndot_aup_calendar_2018,false
ne_ndot_version_W222.91_historical,ne_ndot_W222.91,,,SALVAGE FIRE HYDRANT,,EACH,,ne_ndot_aup_july_june_2022_2023,false
ne_ndot_version_W222.95_historical,ne_ndot_W222.95,,,FLUSHING HYDRANT,,EACH,,ne_ndot_aup_calendar_2021,false
ne_ndot_version_W222.99_historical,ne_ndot_W222.99,,,TEMPORARY FLUSHING ASSEMBLY,,EACH,,ne_ndot_aup_july_june_2022_2023,false
ne_ndot_version_W224.22_historical,ne_ndot_W224.22,,,"4"" COUPLING",,EACH,,ne_ndot_aup_calendar_2018,false
ne_ndot_version_W224.24_historical,ne_ndot_W224.24,,,"5"" COUPLING",,EACH,,ne_ndot_aup_calendar_2018,false
ne_ndot_version_W224.25_historical,ne_ndot_W224.25,,,"6"" COUPLING",,EACH,,ne_ndot_aup_calendar_2019,false
ne_ndot_version_W224.28_historical,ne_ndot_W224.28,,,"8"" COUPLING",,EACH,,ne_ndot_aup_july_june_2025_2026,false
ne_ndot_version_W224.32_historical,ne_ndot_W224.32,,,"12"" COUPLING",,EACH,,ne_ndot_aup_july_june_2025_2026,false
ne_ndot_version_W224.35_historical,ne_ndot_W224.35,,,"15"" COUPLING",,EACH,,ne_ndot_aup_july_june_2022_2023,false
ne_ndot_version_W224.80_historical,ne_ndot_W224.80,,,"8"" FLEXIBLE COUPLING",,EACH,,ne_ndot_aup_july_june_2025_2026,false
ne_ndot_version_W225.06_historical,ne_ndot_W225.06,,,"6"" ANCHORING COUPLING",,EACH,,ne_ndot_aup_july_june_2025_2026,false
ne_ndot_version_W226.06_historical,ne_ndot_W226.06,,,"6"" ANCHORING ELBOW",,EACH,,ne_ndot_aup_july_june_2025_2026,false
ne_ndot_version_W226.22_historical,ne_ndot_W226.22,,,"6"" DRESSER COUPLING",,EACH,,ne_ndot_aup_july_june_2017_2018,false
ne_ndot_version_W301.05_historical,ne_ndot_W301.05,,,"SPACER, 5"" PLASTIC, INTERMEDIATE",,EACH,,ne_ndot_aup_calendar_2018,false
ne_ndot_version_W301.06_historical,ne_ndot_W301.06,,,"SPACER, 5"" PLASTIC, BASE",,EACH,,ne_ndot_aup_calendar_2018,false
ne_ndot_version_W348.50_historical,ne_ndot_W348.50,,,18 INCH STORM SEWER TAP,,EACH,,ne_ndot_aup_july_june_2020_2021,false
ne_ndot_version_W348.55_historical,ne_ndot_W348.55,,,48 INCH STORM SEWER TAP,,EACH,,ne_ndot_aup_july_june_2018_2019,false
ne_ndot_version_W348.56_historical,ne_ndot_W348.56,,,60 INCH STORM SEWER TAP,,EACH,,ne_ndot_aup_july_june_2018_2019,false
ne_ndot_version_W350.00_historical,ne_ndot_W350.00,,,TAPPING SLEEVE AND VALVE,,EACH,,ne_ndot_aup_july_june_2018_2019,false
ne_ndot_version_W350.04_historical,ne_ndot_W350.04,,,"4"" x 4"" TAPPING SLEEVE AND VALVE",,EACH,,ne_ndot_aup_calendar_2022,false
ne_ndot_version_W350.15_historical,ne_ndot_W350.15,,,"6"" X 6"" TAPPING SLEEVE AND VALVE",,EACH,,ne_ndot_aup_calendar_2022,false
ne_ndot_version_W350.25_historical,ne_ndot_W350.25,,,"8"" X 6"" TAPPING SLEEVE AND VALVE",,EACH,,ne_ndot_aup_calendar_2022,false
ne_ndot_version_W350.26_historical,ne_ndot_W350.26,,,"8"" X 8"" TAPPING SLEEVE AND VALVE",,EACH,,ne_ndot_aup_calendar_2022,false
ne_ndot_version_W350.30_historical,ne_ndot_W350.30,,,"10"" X 10"" TAPPING SLEEVE AND VALVE",,EACH,,ne_ndot_aup_calendar_2022,false
ne_ndot_version_W350.35_historical,ne_ndot_W350.35,,,"12"" X 6"" TAPPING SLEEVE AND VALVE",,EACH,,ne_ndot_aup_calendar_2022,false
ne_ndot_version_W350.37_historical,ne_ndot_W350.37,,,"12"" X 12"" TAPPING SLEEVE AND VALVE",,EACH,,ne_ndot_aup_calendar_2022,false
ne_ndot_version_W350.45_historical,ne_ndot_W350.45,,,"16"" X 8"" TAPPING SLEEVE AND VALVE",,EACH,,ne_ndot_aup_calendar_2020,false
ne_ndot_version_W351.00_historical,ne_ndot_W351.00,,,"TEES WITH 12"" THROUGHWAY",,EACH,,ne_ndot_aup_calendar_2018,false
ne_ndot_version_W352.26_historical,ne_ndot_W352.26,,,"6"" TAPPING SLEEVE AND VALVE",,EACH,,ne_ndot_aup_july_june_2022_2023,false
ne_ndot_version_W352.28_historical,ne_ndot_W352.28,,,"8"" TAPPING SLEEVE AND VALVE",,EACH,,ne_ndot_aup_july_june_2022_2023,false
ne_ndot_version_W355.06_historical,ne_ndot_W355.06,,,"6"" SLEEVE",,EACH,,ne_ndot_aup_calendar_2020,false
ne_ndot_version_W355.24_historical,ne_ndot_W355.24,,,"4"" SOLID SLEEVE",,EACH,,ne_ndot_aup_calendar_2019,false
ne_ndot_version_W355.26_historical,ne_ndot_W355.26,,,"8"" SOLID SLEEVE",,EACH,,ne_ndot_aup_july_june_2025_2026,false
ne_ndot_version_W355.30_historical,ne_ndot_W355.30,,,"12"" SOLID SLEEVE",,EACH,,ne_ndot_aup_calendar_2025,false
ne_ndot_version_W355.36_historical,ne_ndot_W355.36,,,"16"" SOLID SLEEVE, MJ",,EACH,,ne_ndot_aup_july_june_2020_2021,false
ne_ndot_version_W356.00_historical,ne_ndot_W356.00,,,TEE,,EACH,,ne_ndot_aup_july_june_2022_2023,false
ne_ndot_version_W356.05_historical,ne_ndot_W356.05,,,"4"" X 4"" TEE",,EACH,,ne_ndot_aup_july_june_2025_2026,false
ne_ndot_version_W356.06_historical,ne_ndot_W356.06,,,"4"" X 6"" TEE",,EACH,,ne_ndot_aup_july_june_2025_2026,false
ne_ndot_version_W356.07_historical,ne_ndot_W356.07,,,"4"" X 4"" X 4' TEE",,EACH,,ne_ndot_aup_calendar_2019,false
ne_ndot_version_W356.08_historical,ne_ndot_W356.08,,,"8"" X 8"" X 8"" TEE",,EACH,,ne_ndot_aup_calendar_2020,false
ne_ndot_version_W356.09_historical,ne_ndot_W356.09,,,"8"" X 4"" TEE",,EACH,,ne_ndot_aup_july_june_2025_2026,false
ne_ndot_version_W356.10_historical,ne_ndot_W356.10,,,"6"" X 4"" TEE",,EACH,,ne_ndot_aup_july_june_2025_2026,false
ne_ndot_version_W356.12_historical,ne_ndot_W356.12,,,"6"" X 6"" TEE",,EACH,,ne_ndot_aup_july_june_2025_2026,false
ne_ndot_version_W356.13_historical,ne_ndot_W356.13,,,"6"" X 6"" X 6"" TEE",,EACH,,ne_ndot_aup_calendar_2022,false
ne_ndot_version_W356.14_historical,ne_ndot_W356.14,,,"8"" X 6"" TEE",,EACH,,ne_ndot_aup_july_june_2025_2026,false
ne_ndot_version_W356.16_historical,ne_ndot_W356.16,,,"8"" X 8"" TEE",,EACH,,ne_ndot_aup_july_june_2025_2026,false
ne_ndot_version_W356.17_historical,ne_ndot_W356.17,,,"8"" X 8"" X 6"" TEE",,EACH,,ne_ndot_aup_july_june_2019_2020,false
ne_ndot_version_W356.18_historical,ne_ndot_W356.18,,,"10"" X 6"" TEE",,EACH,,ne_ndot_aup_calendar_2022,false
ne_ndot_version_W356.19_historical,ne_ndot_W356.19,,,"12"" X 6"" TEE",,EACH,,ne_ndot_aup_calendar_2025,false
ne_ndot_version_W356.20_historical,ne_ndot_W356.20,,,"12"" X 12"" TEE",,EACH,,ne_ndot_aup_calendar_2022,false
ne_ndot_version_W356.23_historical,ne_ndot_W356.23,,,"12"" X 8"" TEE",,EACH,,ne_ndot_aup_july_june_2025_2026,false
ne_ndot_version_W356.25_historical,ne_ndot_W356.25,,,"16"" X 6"" TEE",,EACH,,ne_ndot_aup_calendar_2020,false
ne_ndot_version_W356.27_historical,ne_ndot_W356.27,,,"4"" X 4"" X 4"" TEE",,EACH,,ne_ndot_aup_july_june_2025_2026,false
ne_ndot_version_W356.35_historical,ne_ndot_W356.35,,,"10"" X 10"" X 6"" TEE",,EACH,,ne_ndot_aup_july_june_2023_2024,false
ne_ndot_version_W356.37_historical,ne_ndot_W356.37,,,"10"" X 10"" X 10"" TEE",,EACH,,ne_ndot_aup_calendar_2024,false
ne_ndot_version_W356.39_historical,ne_ndot_W356.39,,,"12"" X 10"" TEE",,EACH,,ne_ndot_aup_calendar_2022,false
ne_ndot_version_W356.43_historical,ne_ndot_W356.43,,,"6"" X 6"" X 4"" TEE",,EACH,,ne_ndot_aup_calendar_2022,false
ne_ndot_version_W356.46_historical,ne_ndot_W356.46,,,"8"" TEE",,EACH,,ne_ndot_aup_july_june_2025_2026,false
ne_ndot_version_W356.49_historical,ne_ndot_W356.49,,,"6"" TEE",,EACH,,ne_ndot_aup_calendar_2019,false
ne_ndot_version_W356.50_historical,ne_ndot_W356.50,,,CROSS,,EACH,,ne_ndot_aup_july_june_2025_2026,false
ne_ndot_version_W356.51_historical,ne_ndot_W356.51,,,CROSS,,EACH,,ne_ndot_aup_july_june_2018_2019,false
ne_ndot_version_W356.53_historical,ne_ndot_W356.53,,,"12"" X 4"" TEE",,EACH,,ne_ndot_aup_calendar_2022,false
ne_ndot_version_W356.54_historical,ne_ndot_W356.54,,,"6"" X 8"" TEE",,EACH,,ne_ndot_aup_july_june_2025_2026,false
ne_ndot_version_W356.55_historical,ne_ndot_W356.55,,,"12"" CROSS",,EACH,,ne_ndot_aup_calendar_2022,false
ne_ndot_version_W357.09_historical,ne_ndot_W357.09,,,"5"" - 11 1/4 DEGREE BEND, CONDUIT",,EACH,,ne_ndot_aup_calendar_2018,false
ne_ndot_version_W357.13_historical,ne_ndot_W357.13,,,"4"" - 90 DEGREE BEND",,EACH,,ne_ndot_aup_july_june_2025_2026,false
ne_ndot_version_W357.14_historical,ne_ndot_W357.14,,,"4"" - 45 DEGREE BEND",,EACH,,ne_ndot_aup_july_june_2022_2023,false
ne_ndot_version_W357.16_historical,ne_ndot_W357.16,,,"6""- 45 DEGREE BEND",,EACH,,ne_ndot_aup_july_june_2025_2026,false
ne_ndot_version_W357.18_historical,ne_ndot_W357.18,,,"4"" - 45 DEGREE BEND",,EACH,,ne_ndot_aup_july_june_2018_2019,false
ne_ndot_version_W357.19_historical,ne_ndot_W357.19,,,"5"" - 90 DEGREE BEND",,EACH,,ne_ndot_aup_calendar_2018,false
ne_ndot_version_W357.20_historical,ne_ndot_W357.20,,,"6""- 90 DEGREE BEND",,EACH,,ne_ndot_aup_july_june_2025_2026,false
ne_ndot_version_W357.21_historical,ne_ndot_W357.21,,,"5""- 45 DEGREE BEND",,EACH,,ne_ndot_aup_calendar_2018,false
ne_ndot_version_W357.22_historical,ne_ndot_W357.22,,,"5""- 22.5 DEGREE BEND",,EACH,,ne_ndot_aup_calendar_2018,false
ne_ndot_version_W357.23_historical,ne_ndot_W357.23,,,"5""- 5 DEGREE BEND",,EACH,,ne_ndot_aup_calendar_2018,false
ne_ndot_version_W357.24_historical,ne_ndot_W357.24,,,"4""- 5 DEGREE BEND",,EACH,,ne_ndot_aup_calendar_2018,false
ne_ndot_version_W357.25_historical,ne_ndot_W357.25,,,"6""- 22.5 DEGREE BEND",,EACH,,ne_ndot_aup_calendar_2022,false
ne_ndot_version_W357.39_historical,ne_ndot_W357.39,,,"8"" - 45 DEGREE BEND",,EACH,,ne_ndot_aup_july_june_2025_2026,false
ne_ndot_version_W357.40_historical,ne_ndot_W357.40,,,"8"" - 45 DEGREE BEND",,EACH,,ne_ndot_aup_july_june_2025_2026,false
ne_ndot_version_W357.41_historical,ne_ndot_W357.41,,,"8"" - 90 DEGREE BEND",,EACH,,ne_ndot_aup_july_june_2025_2026,false
ne_ndot_version_W357.42_historical,ne_ndot_W357.42,,,"12"" - 90 DEGREE BEND",,EACH,,ne_ndot_aup_calendar_2022,false
ne_ndot_version_W357.44_historical,ne_ndot_W357.44,,,"12"" - 45 DEGREE BEND",,EACH,,ne_ndot_aup_calendar_2022,false
ne_ndot_version_W357.46_historical,ne_ndot_W357.46,,,"10"" - 90 DEGREE BEND",,EACH,,ne_ndot_aup_calendar_2024,false
ne_ndot_version_W357.47_historical,ne_ndot_W357.47,,,"4"" - 11 1/4 DEGREE BEND, CONDUIT",,EACH,,ne_ndot_aup_calendar_2018,false
ne_ndot_version_W357.48_historical,ne_ndot_W357.48,,,"6"" - 11 1/4 DEGREE BEND",,EACH,,ne_ndot_aup_july_june_2023_2024,false
ne_ndot_version_W357.49_historical,ne_ndot_W357.49,,,"8"" - 11 1/4 DEGREE BEND",,EACH,,ne_ndot_aup_july_june_2025_2026,false
ne_ndot_version_W357.50_historical,ne_ndot_W357.50,,,"4"" - 22 1/2 DEGREE BEND",,EACH,,ne_ndot_aup_calendar_2018,false
ne_ndot_version_W357.51_historical,ne_ndot_W357.51,,,"12"" - 11 1/4 DEGREE BEND",,EACH,,ne_ndot_aup_july_june_2022_2023,false
ne_ndot_version_W357.52_historical,ne_ndot_W357.52,,,"6"" - 1/2 DEGREE BEND",,EACH,,ne_ndot_aup_july_june_2017_2018,false
ne_ndot_version_W357.53_historical,ne_ndot_W357.53,,,"8"" - 22 1/2 DEGREE BEND",,EACH,,ne_ndot_aup_july_june_2025_2026,false
ne_ndot_version_W357.54_historical,ne_ndot_W357.54,,,"12"" - 22 1/2 DEGREE BEND",,EACH,,ne_ndot_aup_july_june_2022_2023,false
ne_ndot_version_W358.02_historical,ne_ndot_W358.02,,,REDUCERS,,EACH,,ne_ndot_aup_calendar_2018,false
ne_ndot_version_W358.05_historical,ne_ndot_W358.05,,,"2"" X 1"" REDUCER",,EACH,,ne_ndot_aup_july_june_2022_2023,false
ne_ndot_version_W358.16_historical,ne_ndot_W358.16,,,"6"" X 4"" REDUCER",,EACH,,ne_ndot_aup_july_june_2025_2026,false
ne_ndot_version_W358.18_historical,ne_ndot_W358.18,,,"8"" X 6"" REDUCER",,EACH,,ne_ndot_aup_calendar_2022,false
ne_ndot_version_W358.19_historical,ne_ndot_W358.19,,,"8"" X 4"" REDUCER",,EACH,,ne_ndot_aup_july_june_2025_2026,false
ne_ndot_version_W358.20_historical,ne_ndot_W358.20,,,"8"" X 6"" REDUCER",,EACH,,ne_ndot_aup_july_june_2025_2026,false
ne_ndot_version_W358.23_historical,ne_ndot_W358.23,,,"12"" X 8"" REDUCER",,EACH,,ne_ndot_aup_calendar_2020,false
ne_ndot_version_W358.27_historical,ne_ndot_W358.27,,,"12"" X 6"" REDUCER",,EACH,,ne_ndot_aup_calendar_2022,false
ne_ndot_version_W358.38_historical,ne_ndot_W358.38,,,"24"" X 16"" REDUCER",,EACH,,ne_ndot_aup_calendar_2020,false
ne_ndot_version_W358.40_historical,ne_ndot_W358.40,,,"36"" X 24"" REDUCER",,EACH,,ne_ndot_aup_calendar_2020,false
ne_ndot_version_W359.04_historical,ne_ndot_W359.04,,,"4"" CAP",,EACH,,ne_ndot_aup_july_june_2025_2026,false
ne_ndot_version_W359.06_historical,ne_ndot_W359.06,,,"6"" CAP",,EACH,,ne_ndot_aup_july_june_2017_2018,false
ne_ndot_version_W359.12_historical,ne_ndot_W359.12,,,"12"" CAP",,EACH,,ne_ndot_aup_calendar_2022,false
ne_ndot_version_W360.16_historical,ne_ndot_W360.16,,,"12"" - 6"" WYE",,EACH,,ne_ndot_aup_july_june_2019_2020,false
ne_ndot_version_W360.17_historical,ne_ndot_W360.17,,,"8"" - 8"" WYE",,EACH,,ne_ndot_aup_july_june_2022_2023,false
ne_ndot_version_W360.18_historical,ne_ndot_W360.18,,,"6"" - 6"" WYE",,EACH,,ne_ndot_aup_july_june_2022_2023,false
ne_ndot_version_W360.19_historical,ne_ndot_W360.19,,,"6"" - 4"" WYE",,EACH,,ne_ndot_aup_july_june_2022_2023,false
ne_ndot_version_W365.25_historical,ne_ndot_W365.25,,,SWIVEL X SOLID ADAPTERS,,EACH,,ne_ndot_aup_calendar_2018,false
ne_ndot_version_W370.30_historical,ne_ndot_W370.30,,,"16"" OFFSET, 12"" DROP",,EACH,,ne_ndot_aup_calendar_2020,false
ne_ndot_version_W370.40_historical,ne_ndot_W370.40,,,"IN-LINE ""I"" BEAM BLOCK",,EACH,,ne_ndot_aup_july_june_2022_2023,false
ne_ndot_version_W600.00_historical,ne_ndot_W600.00,,,ADJUST STOP BOX TO GRADE,,EACH,,ne_ndot_aup_calendar_2018,false
ne_ndot_version_W600.03_historical,ne_ndot_W600.03,,,ADJUST VALVE BOX TO GRADE,,EACH,,ne_ndot_aup_july_june_2025_2026,false
ne_ndot_version_W600.12_historical,ne_ndot_W600.12,,,ADJUST CURB STOP AND BOX TO GRADE,,EACH,,ne_ndot_aup_july_june_2025_2026,false
ne_ndot_version_W600.16_historical,ne_ndot_W600.16,,,ADJUST METER PIT TO GRADE,,EACH,,ne_ndot_aup_july_june_2021_2022,false
ne_ndot_version_W600.18_historical,ne_ndot_W600.18,,,ADJUST WATER METER MANHOLE TO GRADE,,EACH,,ne_ndot_aup_july_june_2025_2026,false
ne_ndot_version_W600.21_historical,ne_ndot_W600.21,,,ADJUST FIRE HYDRANT TO GRADE,,EACH,,ne_ndot_aup_calendar_2023,false
ne_ndot_version_W600.24_historical,ne_ndot_W600.24,,,ADJUST WATER VALVE BOX AND COVER TO GRADE,,EACH,,ne_ndot_aup_calendar_2022,false
ne_ndot_version_W600.30_historical,ne_ndot_W600.30,,,ADJUST SANITARY SEWER CLEAN-OUT TO GRADE,,EACH,,ne_ndot_aup_july_june_2025_2026,false
ne_ndot_version_W600.34_historical,ne_ndot_W600.34,,,ADJUST WATER STOP BOX TO GRADE,,EACH,,ne_ndot_aup_calendar_2025,false
ne_ndot_version_W600.35_historical,ne_ndot_W600.35,,,ADJUST SPRINKLER HEAD TO GRADE,,EACH,,ne_ndot_aup_calendar_2018,false
ne_ndot_version_W600.36_historical,ne_ndot_W600.36,,,ADJUST WATER VALVE BOX TO GRADE,,EACH,,ne_ndot_aup_july_june_2025_2026,false
ne_ndot_version_W600.37_historical,ne_ndot_W600.37,,,ADJUST WATER VALVE TO GRADE,,EACH,,ne_ndot_aup_july_june_2017_2018,false
ne_ndot_version_W600.39_historical,ne_ndot_W600.39,,,ADJUST GAS VALVE BOX TO GRADE,,EACH,,ne_ndot_aup_july_june_2021_2022,false
ne_ndot_version_W601.01_historical,ne_ndot_W601.01,,,EXTEND WATER MAIN,,LF,,ne_ndot_aup_july_june_2023_2024,false
ne_ndot_version_W605.00_historical,ne_ndot_W605.00,,,CAPPING EXISTING SPRINKLER SYSTEM,,EACH,,ne_ndot_aup_july_june_2018_2019,false
ne_ndot_version_W700.00_historical,ne_ndot_W700.00,,,"INSTALL WATER SERVICE, CURB STOP AND BOX",,EACH,,ne_ndot_aup_july_june_2025_2026,false
ne_ndot_version_W720.07_historical,ne_ndot_W720.07,,,"LOWER 6"" WATER MAIN",,EACH,,ne_ndot_aup_calendar_2021,false
ne_ndot_version_W720.09_historical,ne_ndot_W720.09,,,"LOWER 8"" WATER MAIN",,EACH,,ne_ndot_aup_calendar_2021,false
ne_ndot_version_W720.10_historical,ne_ndot_W720.10,,,"LOWER 10"" WATER MAIN",,LF,,ne_ndot_aup_calendar_2019,false
ne_ndot_version_W720.13_historical,ne_ndot_W720.13,,,"LOWER 12"" WATER MAIN",,EACH,,ne_ndot_aup_july_june_2023_2024,false
ne_ndot_version_W722.01_historical,ne_ndot_W722.01,,,PLUG ABANDONED WATER MAIN,,EACH,,ne_ndot_aup_july_june_2025_2026,false
ne_ndot_version_W722.05_historical,ne_ndot_W722.05,,,DIRECTIONAL DRILLING FOR WATER MAIN,,LF,,ne_ndot_aup_july_june_2022_2023,false
ne_ndot_version_W722.50_historical,ne_ndot_W722.50,,,ABANDON WATER MAIN,,EACH,,ne_ndot_aup_july_june_2023_2024,false
ne_ndot_version_W722.51_historical,ne_ndot_W722.51,,,ABANDON WATER MAIN,,LF,,ne_ndot_aup_july_june_2017_2018,false
ne_ndot_version_W724.74_historical,ne_ndot_W724.74,,,"CONNECT TO 4"" WATER MAIN",,EACH,,ne_ndot_aup_calendar_2022,false
ne_ndot_version_W724.75_historical,ne_ndot_W724.75,,,CONNECT TO WATER MAIN,,EACH,,ne_ndot_aup_july_june_2025_2026,false
ne_ndot_version_W724.76_historical,ne_ndot_W724.76,,,"CONNECT TO 6"" WATER MAIN",,EACH,,ne_ndot_aup_calendar_2022,false
ne_ndot_version_W725.00_historical,ne_ndot_W725.00,,,RECONNECT WATER SERVICE,,EACH,,ne_ndot_aup_july_june_2022_2023,false
ne_ndot_version_W725.05_historical,ne_ndot_W725.05,,,"RELOCATE WATER SERVICE LINE 1""",,LF,,ne_ndot_aup_july_june_2022_2023,false
ne_ndot_version_W725.06_historical,ne_ndot_W725.06,,,"RELOCATE WATER SERVICE LINE 1.25""",,LF,,ne_ndot_aup_july_june_2022_2023,false
ne_ndot_version_W725.11_historical,ne_ndot_W725.11,,,"CUT OFF, ABANDON, AND RECONNECT EXISTING 1"" AND SMALLER SHORT SIDE WATER SERVICE",,EACH,,ne_ndot_aup_calendar_2018,false
ne_ndot_version_W725.12_historical,ne_ndot_W725.12,,,"CUT OFF, ABANDON, AND RECONNECT EXISTING 1"" AND SMALLER LONG SIDE WATER SERVICE",,EACH,,ne_ndot_aup_calendar_2018,false
ne_ndot_version_W725.13_historical,ne_ndot_W725.13,,,"CUT OFF, ABANDON, AND RECONNECT EXISTING LONG SIDE WATER SERVICE GREATER THAN 1"" AND UP TO 2""",,EACH,,ne_ndot_aup_calendar_2018,false
ne_ndot_version_W750.02_historical,ne_ndot_W750.02,,,REMOVE AND RESET WATER METER AND WATER METER PIT,,EACH,,ne_ndot_aup_july_june_2018_2019,false
ne_ndot_version_W750.09_historical,ne_ndot_W750.09,,,RELOCATE FIRE HYDRANT AND VALVE,,EACH,,ne_ndot_aup_calendar_2025,false
ne_ndot_version_W750.10_historical,ne_ndot_W750.10,,,REMOVE FIRE HYDRANT,,EACH,,ne_ndot_aup_july_june_2023_2024,false
ne_ndot_version_W750.12_historical,ne_ndot_W750.12,,,RELOCATE FIRE HYDRANT,,EACH,,ne_ndot_aup_july_june_2025_2026,false
ne_ndot_version_W750.15_historical,ne_ndot_W750.15,,,RELOCATE SPRINKLER HEAD,,EACH,,ne_ndot_aup_calendar_2019,false
ne_ndot_version_W750.19_historical,ne_ndot_W750.19,,,RELOCATE,,EACH,,ne_ndot_aup_calendar_2022,false
ne_ndot_version_W750.23_historical,ne_ndot_W750.23,,,REMOVE AND RELOCATE,,EACH,,ne_ndot_aup_july_june_2025_2026,false
ne_ndot_version_W750.24_historical,ne_ndot_W750.24,,,REMOVE AND RELOCATE,,LF,,ne_ndot_aup_july_june_2025_2026,false
ne_ndot_version_W750.26_historical,ne_ndot_W750.26,,,REMOVE AND RELOCATE SPRINKLER SYSTEM,,EACH,,ne_ndot_aup_july_june_2018_2019,false
ne_ndot_version_W750.27_historical,ne_ndot_W750.27,,,REMOVE AND RELOCATE SPRINKLER SYSTEM,,LF,,ne_ndot_aup_july_june_2018_2019,false
ne_ndot_version_W750.35_historical,ne_ndot_W750.35,,,REMOVE AND INSTALL NEW SPRINKLER SYSTEM CONTROL / TIMER BOX,,EACH,,ne_ndot_aup_calendar_2023,false
ne_ndot_version_W750.36_historical,ne_ndot_W750.36,,,REMOVE AND INSTALL NEW SPRINKLER SYSTEM TRUNK LINE,,LF,,ne_ndot_aup_calendar_2023,false
ne_ndot_version_W750.37_historical,ne_ndot_W750.37,,,REMOVE AND INSTALL NEW SPRINKLER SYSTEM HEAD,,EACH,,ne_ndot_aup_calendar_2023,false
ne_ndot_version_W750.38_historical,ne_ndot_W750.38,,,REMOVE AND INSTALL NEW SPRINKLER SYSTEM VALVE BOX,,EACH,,ne_ndot_aup_july_june_2020_2021,false
ne_ndot_version_W750.39_historical,ne_ndot_W750.39,,,REMOVE AND INSTALL NEW SPRINKLER SYSTEM DISTRIBUTION LINE,,LF,,ne_ndot_aup_july_june_2022_2023,false
ne_ndot_version_W800.00_historical,ne_ndot_W800.00,,,REMOVE CURB STOP AND BOX,,EACH,,ne_ndot_aup_calendar_2021,false
ne_ndot_version_W800.06_historical,ne_ndot_W800.06,,,REMOVE GATE VALVE,,EACH,,ne_ndot_aup_calendar_2021,false
ne_ndot_version_W800.09_historical,ne_ndot_W800.09,,,REMOVE PLUG,,EACH,,ne_ndot_aup_calendar_2025,false
ne_ndot_version_W800.15_historical,ne_ndot_W800.15,,,REMOVE PIPE,,LF,,ne_ndot_aup_calendar_2025,false
ne_ndot_version_W800.21_historical,ne_ndot_W800.21,,,REMOVE WATER MAIN PIPE,,LF,,ne_ndot_aup_july_june_2025_2026,false
ne_ndot_version_W800.23_historical,ne_ndot_W800.23,,,REMOVE WATER LINE,,LF,,ne_ndot_aup_july_june_2023_2024,false
ne_ndot_version_W800.24_historical,ne_ndot_W800.24,,,REMOVE VALVE,,EACH,,ne_ndot_aup_july_june_2025_2026,false
ne_ndot_version_W800.26_historical,ne_ndot_W800.26,,,"6"" POST INDICATOR VALVE",,EACH,,ne_ndot_aup_calendar_2020,false
ne_ndot_version_W800.28_historical,ne_ndot_W800.28,,,REMOVE AND SALVAGE BUTTERFLY VALVE AND BOX,,EACH,,ne_ndot_aup_july_june_2020_2021,false
ne_ndot_version_W800.33_historical,ne_ndot_W800.33,,,REMOVE HYDRANT,,EACH,,ne_ndot_aup_july_june_2025_2026,false
ne_ndot_version_W800.35_historical,ne_ndot_W800.35,,,REMOVE HYDRANT ASSEMBLY,,EACH,,ne_ndot_aup_calendar_2025,false
ne_ndot_version_W800.40_historical,ne_ndot_W800.40,,,REMOVE BEND,,EACH,,ne_ndot_aup_calendar_2020,false
ne_ndot_version_W800.60_historical,ne_ndot_W800.60,,,REMOVE WATER METER PIT,,EACH,,ne_ndot_aup_calendar_2021,false
ne_ndot_version_W800.62_historical,ne_ndot_W800.62,,,REMOVE WATER VALVE BOX,,EACH,,ne_ndot_aup_july_june_2025_2026,false
ne_ndot_version_W800.63_historical,ne_ndot_W800.63,,,REMOVE VALVE BOX,,EACH,,ne_ndot_aup_july_june_2025_2026,false
ne_ndot_version_W800.80_historical,ne_ndot_W800.80,,,REMOVE SPRINKLER HEAD ASSEMBLY,,EACH,,ne_ndot_aup_calendar_2019,false
ne_ndot_version_W800.83_historical,ne_ndot_W800.83,,,REMOVE GAS LINE,,LF,,ne_ndot_aup_july_june_2025_2026,false
ne_ndot_version_W800.89_historical,ne_ndot_W800.89,,,BORING,,LF,,ne_ndot_aup_july_june_2023_2024,false
ne_ndot_version_W800.90_historical,ne_ndot_W800.90,,,REMOVE AND RESET HYDRANT,,EACH,,ne_ndot_aup_july_june_2021_2022,false
ne_ndot_version_W800.93_historical,ne_ndot_W800.93,,,"BORING 1"" WATER SERVICE",,LF,,ne_ndot_aup_calendar_2024,false
ne_ndot_version_W800.95_historical,ne_ndot_W800.95,,,BORING WATER SERVICE LINE,,LF,,ne_ndot_aup_july_june_2018_2019,false
ne_ndot_version_W800.96_historical,ne_ndot_W800.96,,,"BORING 6"" WATER MAIN",,LF,,ne_ndot_aup_july_june_2018_2019,false
ne_ndot_version_W800.97_historical,ne_ndot_W800.97,,,"BORING 4"" WATER MAIN",,LF,,ne_ndot_aup_july_june_2018_2019,false
ne_ndot_version_W801.00_historical,ne_ndot_W801.00,,,"BORING 6"" PVC WATER MAIN",,LF,,ne_ndot_aup_calendar_2019,false
ne_ndot_version_W900.04_historical,ne_ndot_W900.04,,,AIR RELEASE ASSEMBLY,,EACH,,ne_ndot_aup_july_june_2022_2023,false
ne_ndot_version_W900.05_historical,ne_ndot_W900.05,,,AIR RELEASE MANHOLE,,EACH,,ne_ndot_aup_calendar_2020,false
ne_ndot_version_W910.00_historical,ne_ndot_W910.00,,,TEMPORARY,,EACH,,ne_ndot_aup_calendar_2024,false
