agency_item_version_id,agency_item_id,effective_from,effective_to,official_description,official_abbreviated_description,official_unit,spec_reference_code,source_id,is_current
sd_sddot_004E0010_v20260727,sd_sddot_004E0010,2026-07-27,,Blading,Blading,HOUR,004,sd_sddot_item_catalog_2026_07_27,true
sd_sddot_004E0020_v20260727,sd_sddot_004E0020,2026-07-27,,Construction and Maintenance of Detour(s),Construction and Maintenance of Detour(s),L S,004,sd_sddot_item_catalog_2026_07_27,true
sd_sddot_004E0030_v20260727,sd_sddot_004E0030,2026-07-27,,Maintenance of Traffic Diversion(s),Maintenance of Traffic Diversion(s),L S,004,sd_sddot_item_catalog_2026_07_27,true
sd_sddot_004E0050_v20260727,sd_sddot_004E0050,2026-07-27,,Remove Traffic Diversion(s),Remove Traffic Diversion(s),L S,004,sd_sddot_item_catalog_2026_07_27,true
sd_sddot_004E0060_v20260727,sd_sddot_004E0060,2026-07-27,,Temporary Detour Structure,Temporary Detour Structure,EACH,004,sd_sddot_item_catalog_2026_07_27,true
sd_sddot_004E0070_v20260727,sd_sddot_004E0070,2026-07-27,,Temporary Pedestrian Structure,Temporary Pedestrian Structure,EACH,004,sd_sddot_item_catalog_2026_07_27,true
sd_sddot_009E0010_v20260727,sd_sddot_009E0010,2026-07-27,,Mobilization,Mobilization,L S,009,sd_sddot_item_catalog_2026_07_27,true
sd_sddot_009E0197_v20260727,sd_sddot_009E0197,2026-07-27,,Mobilization 1,Mobilization 1,EACH,009,sd_sddot_item_catalog_2026_07_27,true
sd_sddot_009E0198_v20260727,sd_sddot_009E0198,2026-07-27,,Mobilization 2,Mobilization 2,EACH,009,sd_sddot_item_catalog_2026_07_27,true
sd_sddot_009E0199_v20260727,sd_sddot_009E0199,2026-07-27,,Mobilization 3,Mobilization 3,EACH,009,sd_sddot_item_catalog_2026_07_27,true
sd_sddot_009E0200_v20260727,sd_sddot_009E0200,2026-07-27,,Claim Payment,Claim Payment,L S,009,sd_sddot_item_catalog_2026_07_27,true
sd_sddot_009E0300_v20260727,sd_sddot_009E0300,2026-07-27,,Additional Material,Additional Material,L S,009,sd_sddot_item_catalog_2026_07_27,true
sd_sddot_009E0400_v20260727,sd_sddot_009E0400,2026-07-27,,Eliminated Materials,Eliminated Materials,L S,009,sd_sddot_item_catalog_2026_07_27,true
sd_sddot_009E0410_v20260727,sd_sddot_009E0410,2026-07-27,,Eliminated Materials,Eliminated Materials,FA,009,sd_sddot_item_catalog_2026_07_27,true
sd_sddot_009E0600_v20260727,sd_sddot_009E0600,2026-07-27,,Extra Haul,Extra Haul,TM,009,sd_sddot_item_catalog_2026_07_27,true
sd_sddot_009E0700_v20260727,sd_sddot_009E0700,2026-07-27,,Extra Work,Extra Work,L S,009,sd_sddot_item_catalog_2026_07_27,true
sd_sddot_009E0710_v20260727,sd_sddot_009E0710,2026-07-27,,Extra Work,Extra Work,FA,009,sd_sddot_item_catalog_2026_07_27,true
sd_sddot_009E0720_v20260727,sd_sddot_009E0720,2026-07-27,,"Extra Work, Utilities","Extra Work, Utilities",L S,009,sd_sddot_item_catalog_2026_07_27,true
sd_sddot_009E0800_v20260727,sd_sddot_009E0800,2026-07-27,,General Laborer,General Laborer,HOUR,009,sd_sddot_item_catalog_2026_07_27,true
sd_sddot_009E0900_v20260727,sd_sddot_009E0900,2026-07-27,,Fuel Cost Adjustment,Fuel Cost Adjustment,L S,009,sd_sddot_item_catalog_2026_07_27,true
sd_sddot_009E0901_v20260727,sd_sddot_009E0901,2026-07-27,,Cost Adjustment for Diesel Motor Fuel,Cost Adjustment for Diesel Motor Fuel,L S,009,sd_sddot_item_catalog_2026_07_27,true
sd_sddot_009E0902_v20260727,sd_sddot_009E0902,2026-07-27,,Cost Adjustment for Unleaded Motor Fuel,Cost Adjustment for Unleaded Motor Fuel,L S,009,sd_sddot_item_catalog_2026_07_27,true
sd_sddot_009E0905_v20260727,sd_sddot_009E0905,2026-07-27,,Cost Adjustment for Diesel Burner Fuel,Cost Adjustment for Diesel Burner Fuel,L S,009,sd_sddot_item_catalog_2026_07_27,true
sd_sddot_009E0906_v20260727,sd_sddot_009E0906,2026-07-27,,Cost Adjustment for Propane Burner Fuel,Cost Adjustment for Propane Burner Fuel,L S,009,sd_sddot_item_catalog_2026_07_27,true
sd_sddot_009E1000_v20260727,sd_sddot_009E1000,2026-07-27,,Incentive/Disincentive Pay,Incentive/Disincentive Pay,DAY,009,sd_sddot_item_catalog_2026_07_27,true
sd_sddot_009E1010_v20260727,sd_sddot_009E1010,2026-07-27,,Incentive Pay,Incentive Pay,L S,009,sd_sddot_item_catalog_2026_07_27,true
sd_sddot_009E1100_v20260727,sd_sddot_009E1100,2026-07-27,,Increased Freight Cost,Increased Freight Cost,L S,009,sd_sddot_item_catalog_2026_07_27,true
sd_sddot_009E1300_v20260727,sd_sddot_009E1300,2026-07-27,,Stockpile Site Reimbursement,Stockpile Site Reimbursement,L S,009,sd_sddot_item_catalog_2026_07_27,true
sd_sddot_009E1350_v20260727,sd_sddot_009E1350,2026-07-27,,Restoration of Stockpile Site,Restoration of Stockpile Site,L S,009,sd_sddot_item_catalog_2026_07_27,true
sd_sddot_009E1400_v20260727,sd_sddot_009E1400,2026-07-27,,Value Engineering Credit,Value Engineering Credit,EACH,009,sd_sddot_item_catalog_2026_07_27,true
sd_sddot_009E1410_v20260727,sd_sddot_009E1410,2026-07-27,,Value Engineering Deduction,Value Engineering Deduction,EACH,009,sd_sddot_item_catalog_2026_07_27,true
sd_sddot_009E2000_v20260727,sd_sddot_009E2000,2026-07-27,,"Deduction, Material","Deduction, Material",L S,009,sd_sddot_item_catalog_2026_07_27,true
sd_sddot_009E2010_v20260727,sd_sddot_009E2010,2026-07-27,,"Deduction, Plan Deviation","Deduction, Plan Deviation",L S,009,sd_sddot_item_catalog_2026_07_27,true
sd_sddot_009E2020_v20260727,sd_sddot_009E2020,2026-07-27,,"Deduction, Specification Failure","Deduction, Specification Failure",L S,009,sd_sddot_item_catalog_2026_07_27,true
sd_sddot_009E2100_v20260727,sd_sddot_009E2100,2026-07-27,,Addendum,Addendum,EACH,009,sd_sddot_item_catalog_2026_07_27,true
sd_sddot_009E3000_v20260727,sd_sddot_009E3000,2026-07-27,,Partnering,Partnering,L S,009,sd_sddot_item_catalog_2026_07_27,true
sd_sddot_009E3010_v20260727,sd_sddot_009E3010,2026-07-27,,Public Information,Public Information,L S,009,sd_sddot_item_catalog_2026_07_27,true
sd_sddot_009E3020_v20260727,sd_sddot_009E3020,2026-07-27,,Public Information/Public Relations,Public Information/Public Relations,L S,009,sd_sddot_item_catalog_2026_07_27,true
sd_sddot_009E3100_v20260727,sd_sddot_009E3100,2026-07-27,,Critical Path Method Schedule Monthly Update,Critical Path Method Schedule Monthly Update,EACH,009,sd_sddot_item_catalog_2026_07_27,true
sd_sddot_009E3110_v20260727,sd_sddot_009E3110,2026-07-27,,Critical Path Method Schedule,Critical Path Method Schedule,L S,009,sd_sddot_item_catalog_2026_07_27,true
sd_sddot_009E3120_v20260727,sd_sddot_009E3120,2026-07-27,,Lane Rental Payment and Assessment,Lane Rental Payment and Assessment,LMD,009,sd_sddot_item_catalog_2026_07_27,true
sd_sddot_009E3130_v20260727,sd_sddot_009E3130,2026-07-27,,Block Closure Rental Payment and Assessment,Block Closure Rental Payment and Assessment,BCD,009,sd_sddot_item_catalog_2026_07_27,true
sd_sddot_009E3200_v20260727,sd_sddot_009E3200,2026-07-27,,Construction Staking,Construction Staking,L S,009,sd_sddot_item_catalog_2026_07_27,true
sd_sddot_009E3210_v20260727,sd_sddot_009E3210,2026-07-27,,Construction Staking,Construction Staking,MILE,009,sd_sddot_item_catalog_2026_07_27,true
sd_sddot_009E3220_v20260727,sd_sddot_009E3220,2026-07-27,,Reestablish Right-of-Way and Property Corner,Reestablish Right-of-Way and Property Corner,EACH,009,sd_sddot_item_catalog_2026_07_27,true
sd_sddot_009E3225_v20260727,sd_sddot_009E3225,2026-07-27,,Reestablish Public Land Survey System Corner,Reestablish Public Land Survey System Corner,EACH,009,sd_sddot_item_catalog_2026_07_27,true
sd_sddot_009E3228_v20260727,sd_sddot_009E3228,2026-07-27,,Reestablish Survey Control Point,Reestablish Survey Control Point,EACH,009,sd_sddot_item_catalog_2026_07_27,true
sd_sddot_009E3230_v20260727,sd_sddot_009E3230,2026-07-27,,Grade Staking,Grade Staking,MILE,009,sd_sddot_item_catalog_2026_07_27,true
sd_sddot_009E3240_v20260727,sd_sddot_009E3240,2026-07-27,,Graded Centerline Staking,Graded Centerline Staking,MILE,009,sd_sddot_item_catalog_2026_07_27,true
sd_sddot_009E3245_v20260727,sd_sddot_009E3245,2026-07-27,,Final Cross Section Survey,Final Cross Section Survey,MILE,009,sd_sddot_item_catalog_2026_07_27,true
sd_sddot_009E3250_v20260727,sd_sddot_009E3250,2026-07-27,,Miscellaneous Staking,Miscellaneous Staking,MILE,009,sd_sddot_item_catalog_2026_07_27,true
sd_sddot_009E3260_v20260727,sd_sddot_009E3260,2026-07-27,,Miscellaneous Staking,Miscellaneous Staking,L S,009,sd_sddot_item_catalog_2026_07_27,true
sd_sddot_009E3270_v20260727,sd_sddot_009E3270,2026-07-27,,Pavement Staking,Pavement Staking,MILE,009,sd_sddot_item_catalog_2026_07_27,true
sd_sddot_009E3280_v20260727,sd_sddot_009E3280,2026-07-27,,Slope Staking,Slope Staking,MILE,009,sd_sddot_item_catalog_2026_07_27,true
sd_sddot_009E3290_v20260727,sd_sddot_009E3290,2026-07-27,,Structure Staking,Structure Staking,EACH,009,sd_sddot_item_catalog_2026_07_27,true
sd_sddot_009E3298_v20260727,sd_sddot_009E3298,2026-07-27,,Contractor Furnished GPS Inspection Equipment,Contractor Furnished GPS Inspection Equipment,L S,009,sd_sddot_item_catalog_2026_07_27,true
sd_sddot_009E3300_historical,sd_sddot_009E3300,,,Three Man Survey Crew,Three Man Survey Crew,HOUR,009,sd_sddot_bid_tabs_2020_09_16,false
sd_sddot_009E3301_v20260727,sd_sddot_009E3301,2026-07-27,,Engineer Directed Surveying/Staking,Engineer Directed Surveying/Staking,HOUR,009,sd_sddot_item_catalog_2026_07_27,true
sd_sddot_009E3303_v20260727,sd_sddot_009E3303,2026-07-27,,LiDAR Preconstruction Survey,LiDAR Preconstruction Survey,L S,009,sd_sddot_item_catalog_2026_07_27,true
sd_sddot_009E3305_v20260727,sd_sddot_009E3305,2026-07-27,,As-Built Survey,As-Built Survey,L S,009,sd_sddot_item_catalog_2026_07_27,true
sd_sddot_009E3310_v20260727,sd_sddot_009E3310,2026-07-27,,Bridge Elevation Survey,Bridge Elevation Survey,L S,009,sd_sddot_item_catalog_2026_07_27,true
sd_sddot_009E3320_v20260727,sd_sddot_009E3320,2026-07-27,,Checker,Checker,L S,009,sd_sddot_item_catalog_2026_07_27,true
sd_sddot_009E3450_v20260727,sd_sddot_009E3450,2026-07-27,,Roadway Weather Information System,Roadway Weather Information System,EACH,009,sd_sddot_item_catalog_2026_07_27,true
sd_sddot_009E3490_v20260727,sd_sddot_009E3490,2026-07-27,,Commercial Vehicle License Plate Reader System,Commercial Vehicle License Plate Reader System,EACH,009,sd_sddot_item_catalog_2026_07_27,true
sd_sddot_009E3492_v20260727,sd_sddot_009E3492,2026-07-27,,Mainline/Ramp Electronic Screening System,Mainline/Ramp Electronic Screening System,EACH,009,sd_sddot_item_catalog_2026_07_27,true
sd_sddot_009E3493_v20260727,sd_sddot_009E3493,2026-07-27,,Tire Anomaly and Classification System,Tire Anomaly and Classification System,EACH,009,sd_sddot_item_catalog_2026_07_27,true
sd_sddot_009E3494_v20260727,sd_sddot_009E3494,2026-07-27,,Automatic Thermal Brake Inspection System,Automatic Thermal Brake Inspection System,EACH,009,sd_sddot_item_catalog_2026_07_27,true
sd_sddot_009E3500_v20260727,sd_sddot_009E3500,2026-07-27,,Weigh-In-Motion System,Weigh-In-Motion System,EACH,009,sd_sddot_item_catalog_2026_07_27,true
sd_sddot_009E3510_v20260727,sd_sddot_009E3510,2026-07-27,,Locate State Owned Utilities,Locate State Owned Utilities,HOUR,009,sd_sddot_item_catalog_2026_07_27,true
sd_sddot_009E3520_v20260727,sd_sddot_009E3520,2026-07-27,,Survey State Owned Utilities,Survey State Owned Utilities,HOUR,009,sd_sddot_item_catalog_2026_07_27,true
sd_sddot_009E3525_v20260727,sd_sddot_009E3525,2026-07-27,,Map State Owned Utilities,Map State Owned Utilities,EACH,009,sd_sddot_item_catalog_2026_07_27,true
sd_sddot_009E3530_v20260727,sd_sddot_009E3530,2026-07-27,,Call Ticket,Call Ticket,EACH,009,sd_sddot_item_catalog_2026_07_27,true
sd_sddot_009E4100_v20260727,sd_sddot_009E4100,2026-07-27,,"Construction Schedule, Category I","Construction Schedule, Category I",L S,009,sd_sddot_item_catalog_2026_07_27,true
sd_sddot_009E4110_historical,sd_sddot_009E4110,,,"Project Management, Category I","Project Management, Category I",L S,009,sd_sddot_bid_tabs_2021_12_01,false
sd_sddot_009E4200_v20260727,sd_sddot_009E4200,2026-07-27,,"Construction Schedule, Category II","Construction Schedule, Category II",L S,009,sd_sddot_item_catalog_2026_07_27,true
sd_sddot_009E4220_historical,sd_sddot_009E4220,,,"Project Management, Category II","Project Management, Category II",L S,009,sd_sddot_bid_tabs_2025_09_03,false
sd_sddot_009E4300_v20260727,sd_sddot_009E4300,2026-07-27,,"Construction Schedule, Category III","Construction Schedule, Category III",L S,009,sd_sddot_item_catalog_2026_07_27,true
sd_sddot_009E4330_historical,sd_sddot_009E4330,,,"Project Management, Category III","Project Management, Category III",L S,009,sd_sddot_bid_tabs_2025_03_26,false
sd_sddot_009E5000_historical,sd_sddot_009E5000,,,Concrete Penetrating Sealer,Concrete Penetrating Sealer,SQYD,009,sd_sddot_bid_tabs_2026_05_13,false
sd_sddot_009E8000_v20260727,sd_sddot_009E8000,2026-07-27,,E-Ticketing,E-Ticketing,L S,009,sd_sddot_item_catalog_2026_07_27,true
sd_sddot_009E9900_v20260727,sd_sddot_009E9900,2026-07-27,,Training Program,Training Program,HOUR,009,sd_sddot_item_catalog_2026_07_27,true
sd_sddot_100E0010_v20260727,sd_sddot_100E0010,2026-07-27,,Clear and Grub Stump,Clear and Grub Stump,EACH,100,sd_sddot_item_catalog_2026_07_27,true
sd_sddot_100E0020_v20260727,sd_sddot_100E0020,2026-07-27,,Clear and Grub Tree,Clear and Grub Tree,EACH,100,sd_sddot_item_catalog_2026_07_27,true
sd_sddot_100E0100_v20260727,sd_sddot_100E0100,2026-07-27,,Clearing,Clearing,L S,100,sd_sddot_item_catalog_2026_07_27,true
sd_sddot_100E0200_v20260727,sd_sddot_100E0200,2026-07-27,,Clearing,Clearing,ACRE,100,sd_sddot_item_catalog_2026_07_27,true
sd_sddot_110E0010_v20260727,sd_sddot_110E0010,2026-07-27,,Remove Concrete Bridge Approach Slab,Remove Concrete Bridge Approach Slab,SQYD,110,sd_sddot_item_catalog_2026_07_27,true
sd_sddot_110E0020_v20260727,sd_sddot_110E0020,2026-07-27,,Remove Bridge Railing,Remove Bridge Railing,FT,110,sd_sddot_item_catalog_2026_07_27,true
sd_sddot_110E0022_v20260727,sd_sddot_110E0022,2026-07-27,,Remove Thrie Beam Bridge Rail for Reset,Remove Thrie Beam Bridge Rail for Reset,FT,110,sd_sddot_item_catalog_2026_07_27,true
sd_sddot_110E0030_v20260727,sd_sddot_110E0030,2026-07-27,,Remove Bridge Rail End,Remove Bridge Rail End,EACH,110,sd_sddot_item_catalog_2026_07_27,true
sd_sddot_110E0040_v20260727,sd_sddot_110E0040,2026-07-27,,Remove Concrete Bridge Slab,Remove Concrete Bridge Slab,SQYD,110,sd_sddot_item_catalog_2026_07_27,true
sd_sddot_110E0045_v20260727,sd_sddot_110E0045,2026-07-27,,Remove Partial Bridge Joint,Remove Partial Bridge Joint,EACH,110,sd_sddot_item_catalog_2026_07_27,true
sd_sddot_110E0050_v20260727,sd_sddot_110E0050,2026-07-27,,Remove Steel Diaphragm,Remove Steel Diaphragm,EACH,110,sd_sddot_item_catalog_2026_07_27,true
sd_sddot_110E0055_v20260727,sd_sddot_110E0055,2026-07-27,,Remove Structural Steel Member(s),Remove Structural Steel Member(s),L S,110,sd_sddot_item_catalog_2026_07_27,true
sd_sddot_110E0060_v20260727,sd_sddot_110E0060,2026-07-27,,Remove Weld,Remove Weld,IN,110,sd_sddot_item_catalog_2026_07_27,true
sd_sddot_110E0070_v20260727,sd_sddot_110E0070,2026-07-27,,Remove Rubberized Asphalt Chip Seal,Remove Rubberized Asphalt Chip Seal,SQYD,110,sd_sddot_item_catalog_2026_07_27,true
sd_sddot_110E0080_v20260727,sd_sddot_110E0080,2026-07-27,,Remove Concrete Anchor Block,Remove Concrete Anchor Block,EACH,110,sd_sddot_item_catalog_2026_07_27,true
sd_sddot_110E0100_v20260727,sd_sddot_110E0100,2026-07-27,,Remove Concrete Footing(s),Remove Concrete Footing(s),L S,110,sd_sddot_item_catalog_2026_07_27,true
sd_sddot_110E0120_v20260727,sd_sddot_110E0120,2026-07-27,,Remove Sign Bridge,Remove Sign Bridge,EACH,110,sd_sddot_item_catalog_2026_07_27,true
sd_sddot_110E0130_v20260727,sd_sddot_110E0130,2026-07-27,,Remove Traffic Sign,Remove Traffic Sign,EACH,110,sd_sddot_item_catalog_2026_07_27,true
sd_sddot_110E0135_v20260727,sd_sddot_110E0135,2026-07-27,,Remove Delineator,Remove Delineator,EACH,110,sd_sddot_item_catalog_2026_07_27,true
sd_sddot_110E0140_v20260727,sd_sddot_110E0140,2026-07-27,,Remove Extruded Panel Sign,Remove Extruded Panel Sign,EACH,110,sd_sddot_item_catalog_2026_07_27,true
sd_sddot_110E0200_v20260727,sd_sddot_110E0200,2026-07-27,,Remove Building,Remove Building,EACH,110,sd_sddot_item_catalog_2026_07_27,true
sd_sddot_110E0210_v20260727,sd_sddot_110E0210,2026-07-27,,Remove Building(s),Remove Building(s),L S,110,sd_sddot_item_catalog_2026_07_27,true
sd_sddot_110E0300_v20260727,sd_sddot_110E0300,2026-07-27,,Remove Concrete Curb and/or Gutter,Remove Concrete Curb and/or Gutter,FT,110,sd_sddot_item_catalog_2026_07_27,true
sd_sddot_110E0330_v20260727,sd_sddot_110E0330,2026-07-27,,Remove Concrete Channel,Remove Concrete Channel,SQYD,110,sd_sddot_item_catalog_2026_07_27,true
sd_sddot_110E0340_v20260727,sd_sddot_110E0340,2026-07-27,,Remove Asphalt Concrete Curb,Remove Asphalt Concrete Curb,FT,110,sd_sddot_item_catalog_2026_07_27,true
sd_sddot_110E0370_v20260727,sd_sddot_110E0370,2026-07-27,,Remove Curb Stop,Remove Curb Stop,EACH,110,sd_sddot_item_catalog_2026_07_27,true
sd_sddot_110E0400_v20260727,sd_sddot_110E0400,2026-07-27,,Remove Drop Inlet,Remove Drop Inlet,EACH,110,sd_sddot_item_catalog_2026_07_27,true
sd_sddot_110E0410_v20260727,sd_sddot_110E0410,2026-07-27,,Remove Shoulder Drain,Remove Shoulder Drain,EACH,110,sd_sddot_item_catalog_2026_07_27,true
sd_sddot_110E0415_v20260727,sd_sddot_110E0415,2026-07-27,,Remove Edge Drains,Remove Edge Drains,L S,110,sd_sddot_item_catalog_2026_07_27,true
sd_sddot_110E0420_v20260727,sd_sddot_110E0420,2026-07-27,,Remove Drop Inlet Frame and Grate Assembly,Remove Drop Inlet Frame and Grate Assembly,EACH,110,sd_sddot_item_catalog_2026_07_27,true
sd_sddot_110E0430_v20260727,sd_sddot_110E0430,2026-07-27,,Remove Precast Concrete Drop Inlet Lid,Remove Precast Concrete Drop Inlet Lid,EACH,110,sd_sddot_item_catalog_2026_07_27,true
sd_sddot_110E0460_v20260727,sd_sddot_110E0460,2026-07-27,,Remove Manhole,Remove Manhole,EACH,110,sd_sddot_item_catalog_2026_07_27,true
sd_sddot_110E0480_v20260727,sd_sddot_110E0480,2026-07-27,,Remove Manhole Frame and Lid,Remove Manhole Frame and Lid,EACH,110,sd_sddot_item_catalog_2026_07_27,true
sd_sddot_110E0500_v20260727,sd_sddot_110E0500,2026-07-27,,Remove Pipe Culvert,Remove Pipe Culvert,FT,110,sd_sddot_item_catalog_2026_07_27,true
sd_sddot_110E0510_v20260727,sd_sddot_110E0510,2026-07-27,,Remove Pipe End Section,Remove Pipe End Section,EACH,110,sd_sddot_item_catalog_2026_07_27,true
sd_sddot_110E0520_v20260727,sd_sddot_110E0520,2026-07-27,,Remove Sewer Pipe,Remove Sewer Pipe,FT,110,sd_sddot_item_catalog_2026_07_27,true
sd_sddot_110E0530_v20260727,sd_sddot_110E0530,2026-07-27,,Remove Storm Sewer Pipe,Remove Storm Sewer Pipe,FT,110,sd_sddot_item_catalog_2026_07_27,true
sd_sddot_110E0550_v20260727,sd_sddot_110E0550,2026-07-27,,Remove Cattle Guard,Remove Cattle Guard,EACH,110,sd_sddot_item_catalog_2026_07_27,true
sd_sddot_110E0590_v20260727,sd_sddot_110E0590,2026-07-27,,Remove Cattle Pass,Remove Cattle Pass,FT,110,sd_sddot_item_catalog_2026_07_27,true
sd_sddot_110E0595_v20260727,sd_sddot_110E0595,2026-07-27,,Remove Cattle Pass End Section,Remove Cattle Pass End Section,EACH,110,sd_sddot_item_catalog_2026_07_27,true
sd_sddot_110E0600_v20260727,sd_sddot_110E0600,2026-07-27,,Remove Fence,Remove Fence,FT,110,sd_sddot_item_catalog_2026_07_27,true
sd_sddot_110E0605_v20260727,sd_sddot_110E0605,2026-07-27,,Remove Chain Link Fence,Remove Chain Link Fence,FT,110,sd_sddot_item_catalog_2026_07_27,true
sd_sddot_110E0645_v20260727,sd_sddot_110E0645,2026-07-27,,Remove Crash Cushion,Remove Crash Cushion,EACH,110,sd_sddot_item_catalog_2026_07_27,true
sd_sddot_110E0650_v20260727,sd_sddot_110E0650,2026-07-27,,Remove Crossover Closure,Remove Crossover Closure,FT,110,sd_sddot_item_catalog_2026_07_27,true
sd_sddot_110E0655_v20260727,sd_sddot_110E0655,2026-07-27,,Remove Interim Crossover Closure,Remove Interim Crossover Closure,FT,110,sd_sddot_item_catalog_2026_07_27,true
sd_sddot_110E0700_v20260727,sd_sddot_110E0700,2026-07-27,,Remove 3 Cable Guardrail,Remove 3 Cable Guardrail,FT,110,sd_sddot_item_catalog_2026_07_27,true
sd_sddot_110E0705_v20260727,sd_sddot_110E0705,2026-07-27,,Remove 1 Cable Guardrail,Remove 1 Cable Guardrail,FT,110,sd_sddot_item_catalog_2026_07_27,true
sd_sddot_110E0706_v20260727,sd_sddot_110E0706,2026-07-27,,Remove High Tension 3 Cable Guardrail,Remove High Tension 3 Cable Guardrail,FT,110,sd_sddot_item_catalog_2026_07_27,true
sd_sddot_110E0707_v20260727,sd_sddot_110E0707,2026-07-27,,Remove High Tension 4 Cable Guardrail,Remove High Tension 4 Cable Guardrail,FT,110,sd_sddot_item_catalog_2026_07_27,true
sd_sddot_110E0730_v20260727,sd_sddot_110E0730,2026-07-27,,Remove Beam Guardrail,Remove Beam Guardrail,FT,110,sd_sddot_item_catalog_2026_07_27,true
sd_sddot_110E0740_v20260727,sd_sddot_110E0740,2026-07-27,,Remove 3 Cable Guardrail Anchor Assembly,Remove 3 Cable Guardrail Anchor Assembly,EACH,110,sd_sddot_item_catalog_2026_07_27,true
sd_sddot_110E0745_v20260727,sd_sddot_110E0745,2026-07-27,,Remove 3 Cable Guardrail Slip Base Anchor Assembly,Remove 3 Cable Guardrail Slip Base Anchor Assembly,EACH,110,sd_sddot_item_catalog_2026_07_27,true
sd_sddot_110E0748_v20260727,sd_sddot_110E0748,2026-07-27,,Remove High Tension 3 Cable Guardrail Anchor Assembly,Remove High Tension 3 Cable Guardrail Anchor Assembly,EACH,110,sd_sddot_item_catalog_2026_07_27,true
sd_sddot_110E0749_v20260727,sd_sddot_110E0749,2026-07-27,,Remove High Tension 4 Cable Guardrail Anchor Assembly,Remove High Tension 4 Cable Guardrail Anchor Assembly,EACH,110,sd_sddot_item_catalog_2026_07_27,true
sd_sddot_110E0750_v20260727,sd_sddot_110E0750,2026-07-27,,Remove Guardrail Terminal Anchor,Remove Guardrail Terminal Anchor,EACH,110,sd_sddot_item_catalog_2026_07_27,true
sd_sddot_110E0760_v20260727,sd_sddot_110E0760,2026-07-27,,Remove Beam Guardrail Trailing End Terminal,Remove Beam Guardrail Trailing End Terminal,EACH,110,sd_sddot_item_catalog_2026_07_27,true
sd_sddot_110E0770_v20260727,sd_sddot_110E0770,2026-07-27,,Remove W Beam Guardrail Breakaway Cable Terminal,Remove W Beam Guardrail Breakaway Cable Terminal,EACH,110,sd_sddot_item_catalog_2026_07_27,true
sd_sddot_110E0780_v20260727,sd_sddot_110E0780,2026-07-27,,Remove W Beam Guardrail Modified Eccentric Loader Terminal,Remove W Beam Guardrail Modified Eccentric Loader Terminal,EACH,110,sd_sddot_item_catalog_2026_07_27,true
sd_sddot_110E0790_v20260727,sd_sddot_110E0790,2026-07-27,,Remove W Beam Guardrail Deformed End,Remove W Beam Guardrail Deformed End,EACH,110,sd_sddot_item_catalog_2026_07_27,true
sd_sddot_110E0800_v20260727,sd_sddot_110E0800,2026-07-27,,Remove W Beam Guardrail End Terminal,Remove W Beam Guardrail End Terminal,EACH,110,sd_sddot_item_catalog_2026_07_27,true
sd_sddot_110E0810_v20260727,sd_sddot_110E0810,2026-07-27,,Remove Rubrail,Remove Rubrail,FT,110,sd_sddot_item_catalog_2026_07_27,true
sd_sddot_110E0820_v20260727,sd_sddot_110E0820,2026-07-27,,Remove Guide Post,Remove Guide Post,EACH,110,sd_sddot_item_catalog_2026_07_27,true
sd_sddot_110E0900_v20260727,sd_sddot_110E0900,2026-07-27,,Remove Parking Meter Post,Remove Parking Meter Post,EACH,110,sd_sddot_item_catalog_2026_07_27,true
sd_sddot_110E1000_v20260727,sd_sddot_110E1000,2026-07-27,,Remove Asphalt Concrete Pavement,Remove Asphalt Concrete Pavement,L S,110,sd_sddot_item_catalog_2026_07_27,true
sd_sddot_110E1010_v20260727,sd_sddot_110E1010,2026-07-27,,Remove Asphalt Concrete Pavement,Remove Asphalt Concrete Pavement,SQYD,110,sd_sddot_item_catalog_2026_07_27,true
sd_sddot_110E1020_v20260727,sd_sddot_110E1020,2026-07-27,,Remove Asphalt Concrete Pavement,Remove Asphalt Concrete Pavement,CUYD,110,sd_sddot_item_catalog_2026_07_27,true
sd_sddot_110E1030_v20260727,sd_sddot_110E1030,2026-07-27,,Remove Asphalt Concrete Bridge Deck Overlay,Remove Asphalt Concrete Bridge Deck Overlay,SQYD,110,sd_sddot_item_catalog_2026_07_27,true
sd_sddot_110E1050_v20260727,sd_sddot_110E1050,2026-07-27,,Remove Asphalt Concrete Approach Pavement,Remove Asphalt Concrete Approach Pavement,SQYD,110,sd_sddot_item_catalog_2026_07_27,true
sd_sddot_110E1100_v20260727,sd_sddot_110E1100,2026-07-27,,Remove Concrete Pavement,Remove Concrete Pavement,SQYD,110,sd_sddot_item_catalog_2026_07_27,true
sd_sddot_110E1105_v20260727,sd_sddot_110E1105,2026-07-27,,Remove Concrete Pavement,Remove Concrete Pavement,CUYD,110,sd_sddot_item_catalog_2026_07_27,true
sd_sddot_110E1120_v20260727,sd_sddot_110E1120,2026-07-27,,Remove Concrete Median Pavement,Remove Concrete Median Pavement,SQYD,110,sd_sddot_item_catalog_2026_07_27,true
sd_sddot_110E1130_v20260727,sd_sddot_110E1130,2026-07-27,,Remove Concrete Driveway Pavement,Remove Concrete Driveway Pavement,SQYD,110,sd_sddot_item_catalog_2026_07_27,true
sd_sddot_110E1140_v20260727,sd_sddot_110E1140,2026-07-27,,Remove Concrete Sidewalk,Remove Concrete Sidewalk,SQYD,110,sd_sddot_item_catalog_2026_07_27,true
sd_sddot_110E1150_v20260727,sd_sddot_110E1150,2026-07-27,,Remove Concrete Median Barrier,Remove Concrete Median Barrier,FT,110,sd_sddot_item_catalog_2026_07_27,true
sd_sddot_110E1160_v20260727,sd_sddot_110E1160,2026-07-27,,Remove Concrete Barrier,Remove Concrete Barrier,FT,110,sd_sddot_item_catalog_2026_07_27,true
sd_sddot_110E1180_v20260727,sd_sddot_110E1180,2026-07-27,,Remove Spalled Concrete,Remove Spalled Concrete,SQFT,110,sd_sddot_item_catalog_2026_07_27,true
sd_sddot_110E1185_v20260727,sd_sddot_110E1185,2026-07-27,,Remove Tie Bar,Remove Tie Bar,EACH,110,sd_sddot_item_catalog_2026_07_27,true
sd_sddot_110E1200_v20260727,sd_sddot_110E1200,2026-07-27,,Remove Paving Brick,Remove Paving Brick,SQYD,110,sd_sddot_item_catalog_2026_07_27,true
sd_sddot_110E1300_v20260727,sd_sddot_110E1300,2026-07-27,,Remove Concrete Retaining Wall,Remove Concrete Retaining Wall,FT,110,sd_sddot_item_catalog_2026_07_27,true
sd_sddot_110E1305_v20260727,sd_sddot_110E1305,2026-07-27,,Remove Timber Retaining Wall,Remove Timber Retaining Wall,FT,110,sd_sddot_item_catalog_2026_07_27,true
sd_sddot_110E1310_v20260727,sd_sddot_110E1310,2026-07-27,,Remove Metal Bin Retaining Wall,Remove Metal Bin Retaining Wall,L S,110,sd_sddot_item_catalog_2026_07_27,true
sd_sddot_110E1510_v20260727,sd_sddot_110E1510,2026-07-27,,Remove Luminaire Pole,Remove Luminaire Pole,EACH,110,sd_sddot_item_catalog_2026_07_27,true
sd_sddot_110E1515_v20260727,sd_sddot_110E1515,2026-07-27,,Remove Luminaire Arm,Remove Luminaire Arm,EACH,110,sd_sddot_item_catalog_2026_07_27,true
sd_sddot_110E1520_v20260727,sd_sddot_110E1520,2026-07-27,,Remove Signal Equipment,Remove Signal Equipment,L S,110,sd_sddot_item_catalog_2026_07_27,true
sd_sddot_110E1530_v20260727,sd_sddot_110E1530,2026-07-27,,Remove Signal Pole Footing,Remove Signal Pole Footing,EACH,110,sd_sddot_item_catalog_2026_07_27,true
sd_sddot_110E1540_v20260727,sd_sddot_110E1540,2026-07-27,,Remove Luminaire Pole Footing,Remove Luminaire Pole Footing,EACH,110,sd_sddot_item_catalog_2026_07_27,true
sd_sddot_110E1550_v20260727,sd_sddot_110E1550,2026-07-27,,Remove Light Tower,Remove Light Tower,EACH,110,sd_sddot_item_catalog_2026_07_27,true
sd_sddot_110E1570_v20260727,sd_sddot_110E1570,2026-07-27,,Remove Pedestrian Push Button Pole,Remove Pedestrian Push Button Pole,EACH,110,sd_sddot_item_catalog_2026_07_27,true
sd_sddot_110E1595_v20260727,sd_sddot_110E1595,2026-07-27,,Remove Articulated Concrete Mattress,Remove Articulated Concrete Mattress,SQYD,110,sd_sddot_item_catalog_2026_07_27,true
sd_sddot_110E1600_v20260727,sd_sddot_110E1600,2026-07-27,,Remove Riprap,Remove Riprap,SQYD,110,sd_sddot_item_catalog_2026_07_27,true
sd_sddot_110E1610_v20260727,sd_sddot_110E1610,2026-07-27,,Remove Riprap,Remove Riprap,CUYD,110,sd_sddot_item_catalog_2026_07_27,true
sd_sddot_110E1640_v20260727,sd_sddot_110E1640,2026-07-27,,Remove Granular Material,Remove Granular Material,CUYD,110,sd_sddot_item_catalog_2026_07_27,true
sd_sddot_110E1650_v20260727,sd_sddot_110E1650,2026-07-27,,Remove Bank and Channel Protection Gabion,Remove Bank and Channel Protection Gabion,EACH,110,sd_sddot_item_catalog_2026_07_27,true
sd_sddot_110E1690_v20260727,sd_sddot_110E1690,2026-07-27,,Remove Sediment,Remove Sediment,CUYD,110,sd_sddot_item_catalog_2026_07_27,true
sd_sddot_110E1693_v20260727,sd_sddot_110E1693,2026-07-27,,Remove Erosion Control Wattle,Remove Erosion Control Wattle,FT,110,sd_sddot_item_catalog_2026_07_27,true
sd_sddot_110E1695_v20260727,sd_sddot_110E1695,2026-07-27,,Remove Sediment Filter Bag,Remove Sediment Filter Bag,FT,110,sd_sddot_item_catalog_2026_07_27,true
sd_sddot_110E1697_v20260727,sd_sddot_110E1697,2026-07-27,,Remove Triangular Silt Barrier,Remove Triangular Silt Barrier,FT,110,sd_sddot_item_catalog_2026_07_27,true
sd_sddot_110E1700_v20260727,sd_sddot_110E1700,2026-07-27,,Remove Silt Fence,Remove Silt Fence,FT,110,sd_sddot_item_catalog_2026_07_27,true
sd_sddot_110E1703_v20260727,sd_sddot_110E1703,2026-07-27,,Remove Interceptor Ditch,Remove Interceptor Ditch,FT,110,sd_sddot_item_catalog_2026_07_27,true
sd_sddot_110E1790_v20260727,sd_sddot_110E1790,2026-07-27,,Remove Concrete Vault Lid,Remove Concrete Vault Lid,SQFT,110,sd_sddot_item_catalog_2026_07_27,true
sd_sddot_110E1800_v20260727,sd_sddot_110E1800,2026-07-27,,Remove Railroad Track,Remove Railroad Track,FT,110,sd_sddot_item_catalog_2026_07_27,true
sd_sddot_110E1895_v20260727,sd_sddot_110E1895,2026-07-27,,Remove Brick,Remove Brick,EACH,110,sd_sddot_item_catalog_2026_07_27,true
sd_sddot_110E1900_v20260727,sd_sddot_110E1900,2026-07-27,,Remove Yard Hydrant,Remove Yard Hydrant,EACH,110,sd_sddot_item_catalog_2026_07_27,true
sd_sddot_110E1910_v20260727,sd_sddot_110E1910,2026-07-27,,Remove Fire Hydrant,Remove Fire Hydrant,EACH,110,sd_sddot_item_catalog_2026_07_27,true
sd_sddot_110E1920_v20260727,sd_sddot_110E1920,2026-07-27,,Remove Tree Grate,Remove Tree Grate,EACH,110,sd_sddot_item_catalog_2026_07_27,true
sd_sddot_110E1930_v20260727,sd_sddot_110E1930,2026-07-27,,Remove Tree Planter,Remove Tree Planter,EACH,110,sd_sddot_item_catalog_2026_07_27,true
sd_sddot_110E1940_v20260727,sd_sddot_110E1940,2026-07-27,,Remove Underground Storage Tank,Remove Underground Storage Tank,EACH,110,sd_sddot_item_catalog_2026_07_27,true
sd_sddot_110E1950_v20260727,sd_sddot_110E1950,2026-07-27,,Remove Contaminated Water,Remove Contaminated Water,MGAL,110,sd_sddot_item_catalog_2026_07_27,true
sd_sddot_110E1960_v20260727,sd_sddot_110E1960,2026-07-27,,Remove Valve Box,Remove Valve Box,EACH,110,sd_sddot_item_catalog_2026_07_27,true
sd_sddot_110E1965_v20260727,sd_sddot_110E1965,2026-07-27,,Remove Gate Valve,Remove Gate Valve,EACH,110,sd_sddot_item_catalog_2026_07_27,true
sd_sddot_110E1970_v20260727,sd_sddot_110E1970,2026-07-27,,Remove Water Main,Remove Water Main,FT,110,sd_sddot_item_catalog_2026_07_27,true
sd_sddot_110E1980_v20260727,sd_sddot_110E1980,2026-07-27,,Remove Concrete Vault Toilet (SST),Remove Concrete Vault Toilet (SST),EACH,110,sd_sddot_item_catalog_2026_07_27,true
sd_sddot_110E3000_v20260727,sd_sddot_110E3000,2026-07-27,,Salvage Brick Pavers,Salvage Brick Pavers,SQFT,110,sd_sddot_item_catalog_2026_07_27,true
sd_sddot_110E3470_v20260727,sd_sddot_110E3470,2026-07-27,,Salvage Large Block Retaining Wall,Salvage Large Block Retaining Wall,SQFT,110,sd_sddot_item_catalog_2026_07_27,true
sd_sddot_110E4000_v20260727,sd_sddot_110E4000,2026-07-27,,Salvage Crash Cushion,Salvage Crash Cushion,EACH,110,sd_sddot_item_catalog_2026_07_27,true
sd_sddot_110E4090_v20260727,sd_sddot_110E4090,2026-07-27,,Salvage Interim Crossover Closure,Salvage Interim Crossover Closure,FT,110,sd_sddot_item_catalog_2026_07_27,true
sd_sddot_110E4100_v20260727,sd_sddot_110E4100,2026-07-27,,Salvage 3 Cable Guardrail,Salvage 3 Cable Guardrail,FT,110,sd_sddot_item_catalog_2026_07_27,true
sd_sddot_110E4105_v20260727,sd_sddot_110E4105,2026-07-27,,Salvage High Tension 3 Cable Guardrail,Salvage High Tension 3 Cable Guardrail,FT,110,sd_sddot_item_catalog_2026_07_27,true
sd_sddot_110E4106_v20260727,sd_sddot_110E4106,2026-07-27,,Salvage High Tension 4 Cable Guardrail,Salvage High Tension 4 Cable Guardrail,FT,110,sd_sddot_item_catalog_2026_07_27,true
sd_sddot_110E4110_v20260727,sd_sddot_110E4110,2026-07-27,,Salvage 3 Cable Guardrail Anchor Assembly,Salvage 3 Cable Guardrail Anchor Assembly,EACH,110,sd_sddot_item_catalog_2026_07_27,true
sd_sddot_110E4115_v20260727,sd_sddot_110E4115,2026-07-27,,Salvage High Tension 3 Cable Guardrail Anchor Assembly,Salvage High Tension 3 Cable Guardrail Anchor Assembly,EACH,110,sd_sddot_item_catalog_2026_07_27,true
sd_sddot_110E4116_v20260727,sd_sddot_110E4116,2026-07-27,,Salvage High Tension 4 Cable Guardrail Anchor Assembly,Salvage High Tension 4 Cable Guardrail Anchor Assembly,EACH,110,sd_sddot_item_catalog_2026_07_27,true
sd_sddot_110E4290_v20260727,sd_sddot_110E4290,2026-07-27,,Salvage Beam Guardrail,Salvage Beam Guardrail,FT,110,sd_sddot_item_catalog_2026_07_27,true
sd_sddot_110E4292_v20260727,sd_sddot_110E4292,2026-07-27,,Salvage Type 1 MGS,Salvage Type 1 MGS,FT,110,sd_sddot_item_catalog_2026_07_27,true
sd_sddot_110E4300_v20260727,sd_sddot_110E4300,2026-07-27,,Salvage Double Thrie Beam Guardrail,Salvage Double Thrie Beam Guardrail,FT,110,sd_sddot_item_catalog_2026_07_27,true
sd_sddot_110E4310_v20260727,sd_sddot_110E4310,2026-07-27,,Salvage Thrie Beam Guardrail,Salvage Thrie Beam Guardrail,FT,110,sd_sddot_item_catalog_2026_07_27,true
sd_sddot_110E4320_v20260727,sd_sddot_110E4320,2026-07-27,,Salvage Double W Beam Guardrail,Salvage Double W Beam Guardrail,FT,110,sd_sddot_item_catalog_2026_07_27,true
sd_sddot_110E4330_v20260727,sd_sddot_110E4330,2026-07-27,,Salvage W Beam Guardrail,Salvage W Beam Guardrail,FT,110,sd_sddot_item_catalog_2026_07_27,true
sd_sddot_110E4340_v20260727,sd_sddot_110E4340,2026-07-27,,Salvage W Beam to Thrie Beam Guardrail Transition,Salvage W Beam to Thrie Beam Guardrail Transition,EACH,110,sd_sddot_item_catalog_2026_07_27,true
sd_sddot_110E4342_v20260727,sd_sddot_110E4342,2026-07-27,,Salvage Type 1 Guardrail Transition,Salvage Type 1 Guardrail Transition,EACH,110,sd_sddot_item_catalog_2026_07_27,true
sd_sddot_110E4343_v20260727,sd_sddot_110E4343,2026-07-27,,Salvage Type 3 Guardrail Transition,Salvage Type 3 Guardrail Transition,EACH,110,sd_sddot_item_catalog_2026_07_27,true
sd_sddot_110E4350_v20260727,sd_sddot_110E4350,2026-07-27,,Salvage Beam Guardrail Trailing End Terminal,Salvage Beam Guardrail Trailing End Terminal,EACH,110,sd_sddot_item_catalog_2026_07_27,true
sd_sddot_110E4360_v20260727,sd_sddot_110E4360,2026-07-27,,Salvage W Beam Guardrail Breakaway Cable Terminal,Salvage W Beam Guardrail Breakaway Cable Terminal,EACH,110,sd_sddot_item_catalog_2026_07_27,true
sd_sddot_110E4370_v20260727,sd_sddot_110E4370,2026-07-27,,Salvage W Beam Guardrail Flared End Terminal,Salvage W Beam Guardrail Flared End Terminal,EACH,110,sd_sddot_item_catalog_2026_07_27,true
sd_sddot_110E4380_v20260727,sd_sddot_110E4380,2026-07-27,,Salvage W Beam Guardrail Tangent End Terminal,Salvage W Beam Guardrail Tangent End Terminal,EACH,110,sd_sddot_item_catalog_2026_07_27,true
sd_sddot_110E4390_v20260727,sd_sddot_110E4390,2026-07-27,,Salvage MGS MASH Tangent End Terminal,Salvage MGS MASH Tangent End Terminal,EACH,110,sd_sddot_item_catalog_2026_07_27,true
sd_sddot_110E4600_v20260727,sd_sddot_110E4600,2026-07-27,,Salvage Traffic Control Barrier End Protection,Salvage Traffic Control Barrier End Protection,EACH,110,sd_sddot_item_catalog_2026_07_27,true
sd_sddot_110E5000_v20260727,sd_sddot_110E5000,2026-07-27,,Salvage Sign Bridge,Salvage Sign Bridge,EACH,110,sd_sddot_item_catalog_2026_07_27,true
sd_sddot_110E5010_v20260727,sd_sddot_110E5010,2026-07-27,,Salvage Delineator,Salvage Delineator,EACH,110,sd_sddot_item_catalog_2026_07_27,true
sd_sddot_110E5020_v20260727,sd_sddot_110E5020,2026-07-27,,Salvage Traffic Sign,Salvage Traffic Sign,EACH,110,sd_sddot_item_catalog_2026_07_27,true
sd_sddot_110E5030_v20260727,sd_sddot_110E5030,2026-07-27,,Salvage Extruded Panel Sign,Salvage Extruded Panel Sign,EACH,110,sd_sddot_item_catalog_2026_07_27,true
sd_sddot_110E5040_v20260727,sd_sddot_110E5040,2026-07-27,,Salvage Road Closure Gate,Salvage Road Closure Gate,EACH,110,sd_sddot_item_catalog_2026_07_27,true
sd_sddot_110E5100_v20260727,sd_sddot_110E5100,2026-07-27,,Salvage Luminaire Pole,Salvage Luminaire Pole,EACH,110,sd_sddot_item_catalog_2026_07_27,true
sd_sddot_110E5105_v20260727,sd_sddot_110E5105,2026-07-27,,Salvage Luminaire,Salvage Luminaire,EACH,110,sd_sddot_item_catalog_2026_07_27,true
sd_sddot_110E5110_v20260727,sd_sddot_110E5110,2026-07-27,,Salvage Signal Equipment,Salvage Signal Equipment,L S,110,sd_sddot_item_catalog_2026_07_27,true
sd_sddot_110E5150_v20260727,sd_sddot_110E5150,2026-07-27,,Salvage Fiber Optic Cable,Salvage Fiber Optic Cable,FT,110,sd_sddot_item_catalog_2026_07_27,true
sd_sddot_110E5450_v20260727,sd_sddot_110E5450,2026-07-27,,Salvage Riprap,Salvage Riprap,CUYD,110,sd_sddot_item_catalog_2026_07_27,true
sd_sddot_110E5451_v20260727,sd_sddot_110E5451,2026-07-27,,Salvage Riprap,Salvage Riprap,TON,110,sd_sddot_item_catalog_2026_07_27,true
sd_sddot_110E5500_v20260727,sd_sddot_110E5500,2026-07-27,,Salvage Pipe,Salvage Pipe,FT,110,sd_sddot_item_catalog_2026_07_27,true
sd_sddot_110E5510_v20260727,sd_sddot_110E5510,2026-07-27,,Salvage Pipe End Section,Salvage Pipe End Section,EACH,110,sd_sddot_item_catalog_2026_07_27,true
sd_sddot_110E5520_v20260727,sd_sddot_110E5520,2026-07-27,,Salvage Smooth Tapered Sleeve,Salvage Smooth Tapered Sleeve,EACH,110,sd_sddot_item_catalog_2026_07_27,true
sd_sddot_110E5600_v20260727,sd_sddot_110E5600,2026-07-27,,Salvage Cattle Guard,Salvage Cattle Guard,EACH,110,sd_sddot_item_catalog_2026_07_27,true
sd_sddot_110E5700_v20260727,sd_sddot_110E5700,2026-07-27,,Salvage Manhole Frame and Lid,Salvage Manhole Frame and Lid,EACH,110,sd_sddot_item_catalog_2026_07_27,true
sd_sddot_110E5720_v20260727,sd_sddot_110E5720,2026-07-27,,Salvage Drop Inlet Frame and Grate Assembly,Salvage Drop Inlet Frame and Grate Assembly,EACH,110,sd_sddot_item_catalog_2026_07_27,true
sd_sddot_110E5730_v20260727,sd_sddot_110E5730,2026-07-27,,Salvage Water Main,Salvage Water Main,FT,110,sd_sddot_item_catalog_2026_07_27,true
sd_sddot_110E5740_v20260727,sd_sddot_110E5740,2026-07-27,,Salvage Fire Hydrant,Salvage Fire Hydrant,EACH,110,sd_sddot_item_catalog_2026_07_27,true
sd_sddot_110E5750_v20260727,sd_sddot_110E5750,2026-07-27,,Salvage Fire Hydrant with Valve and Box,Salvage Fire Hydrant with Valve and Box,EACH,110,sd_sddot_item_catalog_2026_07_27,true
sd_sddot_110E5760_v20260727,sd_sddot_110E5760,2026-07-27,,Salvage Valve,Salvage Valve,EACH,110,sd_sddot_item_catalog_2026_07_27,true
sd_sddot_110E5765_v20260727,sd_sddot_110E5765,2026-07-27,,Salvage Valve and Valve Box,Salvage Valve and Valve Box,EACH,110,sd_sddot_item_catalog_2026_07_27,true
sd_sddot_110E5770_v20260727,sd_sddot_110E5770,2026-07-27,,Salvage Valve Box,Salvage Valve Box,EACH,110,sd_sddot_item_catalog_2026_07_27,true
sd_sddot_110E5780_v20260727,sd_sddot_110E5780,2026-07-27,,Salvage Gate Valve,Salvage Gate Valve,EACH,110,sd_sddot_item_catalog_2026_07_27,true
sd_sddot_110E5790_v20260727,sd_sddot_110E5790,2026-07-27,,Salvage Water Main Fitting,Salvage Water Main Fitting,EACH,110,sd_sddot_item_catalog_2026_07_27,true
sd_sddot_110E5795_v20260727,sd_sddot_110E5795,2026-07-27,,Salvage Curb Stop,Salvage Curb Stop,EACH,110,sd_sddot_item_catalog_2026_07_27,true
sd_sddot_110E5800_v20260727,sd_sddot_110E5800,2026-07-27,,Salvage Fence,Salvage Fence,FT,110,sd_sddot_item_catalog_2026_07_27,true
sd_sddot_110E5810_v20260727,sd_sddot_110E5810,2026-07-27,,Salvage Chain Link Fence,Salvage Chain Link Fence,FT,110,sd_sddot_item_catalog_2026_07_27,true
sd_sddot_110E5820_v20260727,sd_sddot_110E5820,2026-07-27,,Salvage Concrete Vault Toilet (SST),Salvage Concrete Vault Toilet (SST),EACH,110,sd_sddot_item_catalog_2026_07_27,true
sd_sddot_110E5900_v20260727,sd_sddot_110E5900,2026-07-27,,Salvage Bridge Railing,Salvage Bridge Railing,FT,110,sd_sddot_item_catalog_2026_07_27,true
sd_sddot_110E6000_v20260727,sd_sddot_110E6000,2026-07-27,,Remove 3 Cable Guardrail for Reset,Remove 3 Cable Guardrail for Reset,FT,110,sd_sddot_item_catalog_2026_07_27,true
sd_sddot_110E6005_v20260727,sd_sddot_110E6005,2026-07-27,,Remove High Tension 3 Cable Guardrail for Reset,Remove High Tension 3 Cable Guardrail for Reset,FT,110,sd_sddot_item_catalog_2026_07_27,true
sd_sddot_110E6006_v20260727,sd_sddot_110E6006,2026-07-27,,Remove High Tension 4 Cable Guardrail for Reset,Remove High Tension 4 Cable Guardrail for Reset,FT,110,sd_sddot_item_catalog_2026_07_27,true
sd_sddot_110E6010_v20260727,sd_sddot_110E6010,2026-07-27,,Remove 3 Cable Guardrail Anchor Assembly for Reset,Remove 3 Cable Guardrail Anchor Assembly for Reset,EACH,110,sd_sddot_item_catalog_2026_07_27,true
sd_sddot_110E6015_v20260727,sd_sddot_110E6015,2026-07-27,,Remove High Tension 3 Cable Guardrail Anchor Assembly for Reset,Remove High Tension 3 Cable Guardrail Anchor Assembly for Reset,EACH,110,sd_sddot_item_catalog_2026_07_27,true
sd_sddot_110E6016_v20260727,sd_sddot_110E6016,2026-07-27,,Remove High Tension 4 Cable Guardrail Anchor Assembly for Reset,Remove High Tension 4 Cable Guardrail Anchor Assembly for Reset,EACH,110,sd_sddot_item_catalog_2026_07_27,true
sd_sddot_110E6200_v20260727,sd_sddot_110E6200,2026-07-27,,Remove Double Thrie Beam Guardrail for Reset,Remove Double Thrie Beam Guardrail for Reset,FT,110,sd_sddot_item_catalog_2026_07_27,true
sd_sddot_110E6210_v20260727,sd_sddot_110E6210,2026-07-27,,Remove Thrie Beam Guardrail for Reset,Remove Thrie Beam Guardrail for Reset,FT,110,sd_sddot_item_catalog_2026_07_27,true
sd_sddot_110E6220_v20260727,sd_sddot_110E6220,2026-07-27,,Remove Double W Beam Guardrail for Reset,Remove Double W Beam Guardrail for Reset,FT,110,sd_sddot_item_catalog_2026_07_27,true
sd_sddot_110E6230_v20260727,sd_sddot_110E6230,2026-07-27,,Remove W Beam Guardrail for Reset,Remove W Beam Guardrail for Reset,FT,110,sd_sddot_item_catalog_2026_07_27,true
sd_sddot_110E6240_v20260727,sd_sddot_110E6240,2026-07-27,,Remove W Beam to Thrie Beam Guardrail Transition for Reset,Remove W Beam to Thrie Beam Guardrail Transition for Reset,EACH,110,sd_sddot_item_catalog_2026_07_27,true
sd_sddot_110E6250_v20260727,sd_sddot_110E6250,2026-07-27,,Remove Beam Guardrail Trailing End Terminal for Reset,Remove Beam Guardrail Trailing End Terminal for Reset,EACH,110,sd_sddot_item_catalog_2026_07_27,true
sd_sddot_110E6260_v20260727,sd_sddot_110E6260,2026-07-27,,Remove W Beam Guardrail Breakaway Cable Terminal for Reset,Remove W Beam Guardrail Breakaway Cable Terminal for Reset,EACH,110,sd_sddot_item_catalog_2026_07_27,true
sd_sddot_110E6269_v20260727,sd_sddot_110E6269,2026-07-27,,Remove W Beam Guardrail End Terminal for Reset,Remove W Beam Guardrail End Terminal for Reset,EACH,110,sd_sddot_item_catalog_2026_07_27,true
sd_sddot_110E6270_v20260727,sd_sddot_110E6270,2026-07-27,,Remove W Beam Guardrail Flared End Terminal for Reset,Remove W Beam Guardrail Flared End Terminal for Reset,EACH,110,sd_sddot_item_catalog_2026_07_27,true
sd_sddot_110E6280_v20260727,sd_sddot_110E6280,2026-07-27,,Remove W Beam Guardrail Tangent End Terminal for Reset,Remove W Beam Guardrail Tangent End Terminal for Reset,EACH,110,sd_sddot_item_catalog_2026_07_27,true
sd_sddot_110E6300_v20260727,sd_sddot_110E6300,2026-07-27,,Remove Rubrail for Reset,Remove Rubrail for Reset,FT,110,sd_sddot_item_catalog_2026_07_27,true
sd_sddot_110E6410_v20260727,sd_sddot_110E6410,2026-07-27,,Remove Type 1 MGS for Reset,Remove Type 1 MGS for Reset,FT,110,sd_sddot_item_catalog_2026_07_27,true
sd_sddot_110E6500_v20260727,sd_sddot_110E6500,2026-07-27,,Remove Type 1 Guardrail Transition for Reset,Remove Type 1 Guardrail Transition for Reset,EACH,110,sd_sddot_item_catalog_2026_07_27,true
sd_sddot_110E6501_v20260727,sd_sddot_110E6501,2026-07-27,,Remove Type 1 Retrofit Guardrail Transition for Reset,Remove Type 1 Retrofit Guardrail Transition for Reset,EACH,110,sd_sddot_item_catalog_2026_07_27,true
sd_sddot_110E6505_v20260727,sd_sddot_110E6505,2026-07-27,,Remove Type 2A Guardrail Transition for Reset,Remove Type 2A Guardrail Transition for Reset,EACH,110,sd_sddot_item_catalog_2026_07_27,true
sd_sddot_110E6510_v20260727,sd_sddot_110E6510,2026-07-27,,Remove Type 3 Guardrail Transition for Reset,Remove Type 3 Guardrail Transition for Reset,EACH,110,sd_sddot_item_catalog_2026_07_27,true
sd_sddot_110E6616_historical,sd_sddot_110E6616,,,Remove MGS Flared End Terminal for Reset,Remove MGS Flared End Terminal for Reset,EACH,110,sd_sddot_bid_tabs_2022_12_14,false
sd_sddot_110E6617_historical,sd_sddot_110E6617,,,Remove MGS Tangent End Terminal for Reset,Remove MGS Tangent End Terminal for Reset,EACH,110,sd_sddot_bid_tabs_2025_02_05,false
sd_sddot_110E6618_v20260727,sd_sddot_110E6618,2026-07-27,,Remove MGS MASH Flared End Terminal for Reset,Remove MGS MASH Flared End Terminal for Reset,EACH,110,sd_sddot_item_catalog_2026_07_27,true
sd_sddot_110E6619_v20260727,sd_sddot_110E6619,2026-07-27,,Remove MGS MASH Tangent End Terminal for Reset,Remove MGS MASH Tangent End Terminal for Reset,EACH,110,sd_sddot_item_catalog_2026_07_27,true
sd_sddot_110E7000_v20260727,sd_sddot_110E7000,2026-07-27,,Remove Crossover Closure for Reset,Remove Crossover Closure for Reset,FT,110,sd_sddot_item_catalog_2026_07_27,true
sd_sddot_110E7020_v20260727,sd_sddot_110E7020,2026-07-27,,Remove Interim Crossover Closure for Reset,Remove Interim Crossover Closure for Reset,FT,110,sd_sddot_item_catalog_2026_07_27,true
sd_sddot_110E7030_v20260727,sd_sddot_110E7030,2026-07-27,,Remove Road Closure Gate for Reset,Remove Road Closure Gate for Reset,EACH,110,sd_sddot_item_catalog_2026_07_27,true
sd_sddot_110E7040_v20260727,sd_sddot_110E7040,2026-07-27,,Remove Gate for Reset,Remove Gate for Reset,EACH,110,sd_sddot_item_catalog_2026_07_27,true
sd_sddot_110E7055_v20260727,sd_sddot_110E7055,2026-07-27,,Remove Gravity Segmental Block Wall for Reset,Remove Gravity Segmental Block Wall for Reset,SQFT,110,sd_sddot_item_catalog_2026_07_27,true
sd_sddot_110E7060_v20260727,sd_sddot_110E7060,2026-07-27,,Remove MSE Segmental Modular Wall for Reset,Remove MSE Segmental Modular Wall for Reset,SQFT,110,sd_sddot_item_catalog_2026_07_27,true
sd_sddot_110E7065_v20260727,sd_sddot_110E7065,2026-07-27,,Remove Channel Rock Wall,Remove Channel Rock Wall,FT,110,sd_sddot_item_catalog_2026_07_27,true
sd_sddot_110E7100_v20260727,sd_sddot_110E7100,2026-07-27,,Remove Sign Bridge for Reset,Remove Sign Bridge for Reset,EACH,110,sd_sddot_item_catalog_2026_07_27,true
sd_sddot_110E7110_v20260727,sd_sddot_110E7110,2026-07-27,,Remove Pole Mounted Dynamic Message Sign for Reset,Remove Pole Mounted Dynamic Message Sign for Reset,EACH,110,sd_sddot_item_catalog_2026_07_27,true
sd_sddot_110E7150_v20260727,sd_sddot_110E7150,2026-07-27,,Remove Sign for Reset,Remove Sign for Reset,EACH,110,sd_sddot_item_catalog_2026_07_27,true
sd_sddot_110E7152_v20260727,sd_sddot_110E7152,2026-07-27,,Remove Delineator for Reset,Remove Delineator for Reset,EACH,110,sd_sddot_item_catalog_2026_07_27,true
sd_sddot_110E7154_v20260727,sd_sddot_110E7154,2026-07-27,,Remove Deer Reflector for Reset,Remove Deer Reflector for Reset,EACH,110,sd_sddot_item_catalog_2026_07_27,true
sd_sddot_110E7200_v20260727,sd_sddot_110E7200,2026-07-27,,Remove Luminaire Pole for Reset,Remove Luminaire Pole for Reset,EACH,110,sd_sddot_item_catalog_2026_07_27,true
sd_sddot_110E7210_v20260727,sd_sddot_110E7210,2026-07-27,,Remove Light Tower for Reset,Remove Light Tower for Reset,EACH,110,sd_sddot_item_catalog_2026_07_27,true
sd_sddot_110E7220_v20260727,sd_sddot_110E7220,2026-07-27,,Remove Signal Pole for Reset,Remove Signal Pole for Reset,EACH,110,sd_sddot_item_catalog_2026_07_27,true
sd_sddot_110E7230_v20260727,sd_sddot_110E7230,2026-07-27,,Remove Pedestrian Push Button for Reset,Remove Pedestrian Push Button for Reset,EACH,110,sd_sddot_item_catalog_2026_07_27,true
sd_sddot_110E7240_v20260727,sd_sddot_110E7240,2026-07-27,,Remove Pedestrian Crossing Sign for Reset,Remove Pedestrian Crossing Sign for Reset,EACH,110,sd_sddot_item_catalog_2026_07_27,true
sd_sddot_110E7500_v20260727,sd_sddot_110E7500,2026-07-27,,Remove Pipe for Reset,Remove Pipe for Reset,FT,110,sd_sddot_item_catalog_2026_07_27,true
sd_sddot_110E7510_v20260727,sd_sddot_110E7510,2026-07-27,,Remove Pipe End Section for Reset,Remove Pipe End Section for Reset,EACH,110,sd_sddot_item_catalog_2026_07_27,true
sd_sddot_110E7515_v20260727,sd_sddot_110E7515,2026-07-27,,Remove Pipe Bend for Reset,Remove Pipe Bend for Reset,EACH,110,sd_sddot_item_catalog_2026_07_27,true
sd_sddot_110E7520_v20260727,sd_sddot_110E7520,2026-07-27,,Remove Smooth Tapered Sleeve for Reset,Remove Smooth Tapered Sleeve for Reset,EACH,110,sd_sddot_item_catalog_2026_07_27,true
sd_sddot_110E7530_v20260727,sd_sddot_110E7530,2026-07-27,,Remove Cattle Pass for Reset,Remove Cattle Pass for Reset,FT,110,sd_sddot_item_catalog_2026_07_27,true
sd_sddot_110E7540_v20260727,sd_sddot_110E7540,2026-07-27,,Remove Cattle Pass End Section for Reset,Remove Cattle Pass End Section for Reset,EACH,110,sd_sddot_item_catalog_2026_07_27,true
sd_sddot_110E7550_v20260727,sd_sddot_110E7550,2026-07-27,,Remove Precast Concrete Box Culvert for Reset,Remove Precast Concrete Box Culvert for Reset,FT,110,sd_sddot_item_catalog_2026_07_27,true
sd_sddot_110E7560_v20260727,sd_sddot_110E7560,2026-07-27,,Remove Precast Concrete Box Culvert End Section for Reset,Remove Precast Concrete Box Culvert End Section for Reset,EACH,110,sd_sddot_item_catalog_2026_07_27,true
sd_sddot_110E7570_v20260727,sd_sddot_110E7570,2026-07-27,,Remove Prestressed Concrete Double Tee for Reset,Remove Prestressed Concrete Double Tee for Reset,EACH,110,sd_sddot_item_catalog_2026_07_27,true
sd_sddot_110E7600_v20260727,sd_sddot_110E7600,2026-07-27,,Remove Cattle Guard for Reset,Remove Cattle Guard for Reset,EACH,110,sd_sddot_item_catalog_2026_07_27,true
sd_sddot_110E7690_v20260727,sd_sddot_110E7690,2026-07-27,,Remove Drop Inlet for Reset,Remove Drop Inlet for Reset,EACH,110,sd_sddot_item_catalog_2026_07_27,true
sd_sddot_110E7700_v20260727,sd_sddot_110E7700,2026-07-27,,Remove Drop Inlet Frame and Grate Assembly for Reset,Remove Drop Inlet Frame and Grate Assembly for Reset,EACH,110,sd_sddot_item_catalog_2026_07_27,true
sd_sddot_110E7710_v20260727,sd_sddot_110E7710,2026-07-27,,Remove Manhole Frame and Lid for Reset,Remove Manhole Frame and Lid for Reset,EACH,110,sd_sddot_item_catalog_2026_07_27,true
sd_sddot_110E7800_v20260727,sd_sddot_110E7800,2026-07-27,,Remove Chain Link Fence for Reset,Remove Chain Link Fence for Reset,FT,110,sd_sddot_item_catalog_2026_07_27,true
sd_sddot_110E7802_v20260727,sd_sddot_110E7802,2026-07-27,,Remove Fence for Reset,Remove Fence for Reset,FT,110,sd_sddot_item_catalog_2026_07_27,true
sd_sddot_110E7880_v20260727,sd_sddot_110E7880,2026-07-27,,Remove Yard Hydrant for Reset,Remove Yard Hydrant for Reset,EACH,110,sd_sddot_item_catalog_2026_07_27,true
sd_sddot_110E7900_v20260727,sd_sddot_110E7900,2026-07-27,,Remove Tree Grate for Reset,Remove Tree Grate for Reset,EACH,110,sd_sddot_item_catalog_2026_07_27,true
sd_sddot_120E0010_v20260727,sd_sddot_120E0010,2026-07-27,,Unclassified Excavation,Unclassified Excavation,CUYD,120,sd_sddot_item_catalog_2026_07_27,true
sd_sddot_120E0020_v20260727,sd_sddot_120E0020,2026-07-27,,Unclassified Excavation,Unclassified Excavation,L S,120,sd_sddot_item_catalog_2026_07_27,true
sd_sddot_120E0100_v20260727,sd_sddot_120E0100,2026-07-27,,"Unclassified Excavation, Digouts","Unclassified Excavation, Digouts",CUYD,120,sd_sddot_item_catalog_2026_07_27,true
sd_sddot_120E0200_v20260727,sd_sddot_120E0200,2026-07-27,,"Unclassified Excavation, Structure","Unclassified Excavation, Structure",CUYD,120,sd_sddot_item_catalog_2026_07_27,true
sd_sddot_120E0300_v20260727,sd_sddot_120E0300,2026-07-27,,Borrow Unclassified Excavation,Borrow Unclassified Excavation,CUYD,120,sd_sddot_item_catalog_2026_07_27,true
sd_sddot_120E0400_v20260727,sd_sddot_120E0400,2026-07-27,,Select Subgrade Topping,Select Subgrade Topping,CUYD,120,sd_sddot_item_catalog_2026_07_27,true
sd_sddot_120E0410_v20260727,sd_sddot_120E0410,2026-07-27,,Option Select Subgrade Topping,Option Select Subgrade Topping,CUYD,120,sd_sddot_item_catalog_2026_07_27,true
sd_sddot_120E0420_v20260727,sd_sddot_120E0420,2026-07-27,,Contractor Furnished Select Subgrade Topping,Contractor Furnished Select Subgrade Topping,CUYD,120,sd_sddot_item_catalog_2026_07_27,true
sd_sddot_120E0500_v20260727,sd_sddot_120E0500,2026-07-27,,Option Borrow Excavation,Option Borrow Excavation,CUYD,120,sd_sddot_item_catalog_2026_07_27,true
sd_sddot_120E0600_v20260727,sd_sddot_120E0600,2026-07-27,,Contractor Furnished Borrow Excavation,Contractor Furnished Borrow Excavation,CUYD,120,sd_sddot_item_catalog_2026_07_27,true
sd_sddot_120E0605_v20260727,sd_sddot_120E0605,2026-07-27,,Stockpile Contractor Furnished Borrow,Stockpile Contractor Furnished Borrow,CUYD,120,sd_sddot_item_catalog_2026_07_27,true
sd_sddot_120E0700_v20260727,sd_sddot_120E0700,2026-07-27,,Excavation Below Undercut,Excavation Below Undercut,CUYD,120,sd_sddot_item_catalog_2026_07_27,true
sd_sddot_120E0800_v20260727,sd_sddot_120E0800,2026-07-27,,Rubble and Buried Debris Excavation,Rubble and Buried Debris Excavation,CUYD,120,sd_sddot_item_catalog_2026_07_27,true
sd_sddot_120E0900_v20260727,sd_sddot_120E0900,2026-07-27,,Contaminated Material Excavation,Contaminated Material Excavation,CUYD,120,sd_sddot_item_catalog_2026_07_27,true
sd_sddot_120E0910_v20260727,sd_sddot_120E0910,2026-07-27,,Contaminated Material Excavation,Contaminated Material Excavation,TON,120,sd_sddot_item_catalog_2026_07_27,true
sd_sddot_120E1000_v20260727,sd_sddot_120E1000,2026-07-27,,Muck Excavation,Muck Excavation,CUYD,120,sd_sddot_item_catalog_2026_07_27,true
sd_sddot_120E1100_v20260727,sd_sddot_120E1100,2026-07-27,,Unclassified/Rock Excavation,Unclassified/Rock Excavation,CUYD,120,sd_sddot_item_catalog_2026_07_27,true
sd_sddot_120E1150_v20260727,sd_sddot_120E1150,2026-07-27,,Rock Excavation,Rock Excavation,CUYD,120,sd_sddot_item_catalog_2026_07_27,true
sd_sddot_120E1200_historical,sd_sddot_120E1200,,,Blasting,Blasting,CUYD,120,sd_sddot_bid_tabs_2023_03_22,false
sd_sddot_120E1300_v20260727,sd_sddot_120E1300,2026-07-27,,Preshearing,Preshearing,SQFT,120,sd_sddot_item_catalog_2026_07_27,true
sd_sddot_120E2000_v20260727,sd_sddot_120E2000,2026-07-27,,Undercutting,Undercutting,CUYD,120,sd_sddot_item_catalog_2026_07_27,true
sd_sddot_120E3000_v20260727,sd_sddot_120E3000,2026-07-27,,Placing Embankment,Placing Embankment,CUYD,120,sd_sddot_item_catalog_2026_07_27,true
sd_sddot_120E3120_v20260727,sd_sddot_120E3120,2026-07-27,,Bridge Berm Repair,Bridge Berm Repair,EACH,120,sd_sddot_item_catalog_2026_07_27,true
sd_sddot_120E3500_v20260727,sd_sddot_120E3500,2026-07-27,,Haul Road for Construction Operations,Haul Road for Construction Operations,SQYD,120,sd_sddot_item_catalog_2026_07_27,true
sd_sddot_120E3510_v20260727,sd_sddot_120E3510,2026-07-27,,Shoulder Haul Route for Construction Operations,Shoulder Haul Route for Construction Operations,MILE,120,sd_sddot_item_catalog_2026_07_27,true
sd_sddot_120E4000_v20260727,sd_sddot_120E4000,2026-07-27,,Grading,Grading,STA,120,sd_sddot_item_catalog_2026_07_27,true
sd_sddot_120E4100_v20260727,sd_sddot_120E4100,2026-07-27,,Reprofiling Ditch,Reprofiling Ditch,STA,120,sd_sddot_item_catalog_2026_07_27,true
sd_sddot_120E4200_v20260727,sd_sddot_120E4200,2026-07-27,,Cut Interceptor Ditch,Cut Interceptor Ditch,FT,120,sd_sddot_item_catalog_2026_07_27,true
sd_sddot_120E5000_v20260727,sd_sddot_120E5000,2026-07-27,,Extra Haul,Extra Haul,CYS,120,sd_sddot_item_catalog_2026_07_27,true
sd_sddot_120E5100_v20260727,sd_sddot_120E5100,2026-07-27,,Extra Haul,Extra Haul,CYM,120,sd_sddot_item_catalog_2026_07_27,true
sd_sddot_120E5110_v20260727,sd_sddot_120E5110,2026-07-27,,Waste Material Haul,Waste Material Haul,CUYD,120,sd_sddot_item_catalog_2026_07_27,true
sd_sddot_120E6000_historical,sd_sddot_120E6000,,,Water for Dust Control,Water for Dust Control,MGAL,120,sd_sddot_bid_tabs_2026_05_13,false
sd_sddot_120E6100_v20260727,sd_sddot_120E6100,2026-07-27,,Water for Embankment,Water for Embankment,MGAL,120,sd_sddot_item_catalog_2026_07_27,true
sd_sddot_120E6200_v20260727,sd_sddot_120E6200,2026-07-27,,Water for Granular Material,Water for Granular Material,MGAL,120,sd_sddot_item_catalog_2026_07_27,true
sd_sddot_120E6300_v20260727,sd_sddot_120E6300,2026-07-27,,Water for Vegetation,Water for Vegetation,MGAL,120,sd_sddot_item_catalog_2026_07_27,true
sd_sddot_120E6900_v20260727,sd_sddot_120E6900,2026-07-27,,Class C Fly Ash for Subgrade Stabilization,Class C Fly Ash for Subgrade Stabilization,TON,120,sd_sddot_item_catalog_2026_07_27,true
sd_sddot_120E6910_v20260727,sd_sddot_120E6910,2026-07-27,,Portland Cement for Subgrade Stabilization,Portland Cement for Subgrade Stabilization,TON,120,sd_sddot_item_catalog_2026_07_27,true
sd_sddot_120E6912_v20260727,sd_sddot_120E6912,2026-07-27,,Cement Treated Subgrade,Cement Treated Subgrade,SQYD,120,sd_sddot_item_catalog_2026_07_27,true
sd_sddot_120E7000_v20260727,sd_sddot_120E7000,2026-07-27,,Select Granular Backfill,Select Granular Backfill,TON,120,sd_sddot_item_catalog_2026_07_27,true
sd_sddot_120E7050_v20260727,sd_sddot_120E7050,2026-07-27,,Backfill Material for Reinforced Slope,Backfill Material for Reinforced Slope,CUYD,120,sd_sddot_item_catalog_2026_07_27,true
sd_sddot_120E7052_v20260727,sd_sddot_120E7052,2026-07-27,,Granular Material for Reinforced Embankment,Granular Material for Reinforced Embankment,TON,120,sd_sddot_item_catalog_2026_07_27,true
sd_sddot_120E7100_v20260727,sd_sddot_120E7100,2026-07-27,,Select Rock Fill Material,Select Rock Fill Material,CUYD,120,sd_sddot_item_catalog_2026_07_27,true
sd_sddot_120E7110_v20260727,sd_sddot_120E7110,2026-07-27,,Select Fill Material,Select Fill Material,CUYD,120,sd_sddot_item_catalog_2026_07_27,true
sd_sddot_120E7500_v20260727,sd_sddot_120E7500,2026-07-27,,Aggregate Column,Aggregate Column,CUYD,120,sd_sddot_item_catalog_2026_07_27,true
sd_sddot_120E9000_v20260727,sd_sddot_120E9000,2026-07-27,,Pit Run,Pit Run,TON,120,sd_sddot_item_catalog_2026_07_27,true
sd_sddot_120E9010_v20260727,sd_sddot_120E9010,2026-07-27,,"Pit Run, Modified","Pit Run, Modified",TON,120,sd_sddot_item_catalog_2026_07_27,true
sd_sddot_205E0010_v20260727,sd_sddot_205E0010,2026-07-27,,"Dust Control Chloride, Short Term","Dust Control Chloride, Short Term",LB,205,sd_sddot_item_catalog_2026_07_27,true
sd_sddot_205E0012_v20260727,sd_sddot_205E0012,2026-07-27,,"Dust Control Chloride, Long Term","Dust Control Chloride, Long Term",LB,205,sd_sddot_item_catalog_2026_07_27,true
sd_sddot_205E0030_v20260727,sd_sddot_205E0030,2026-07-27,,Dust Control Nonchloride,Dust Control Nonchloride,LB,205,sd_sddot_item_catalog_2026_07_27,true
sd_sddot_205E6000_v20260727,sd_sddot_205E6000,2026-07-27,,Water for Dust Control,Water for Dust Control,MGAL,205,sd_sddot_item_catalog_2026_07_27,true
sd_sddot_210E0100_v20260727,sd_sddot_210E0100,2026-07-27,,Shoulder Clearing,Shoulder Clearing,MILE,210,sd_sddot_item_catalog_2026_07_27,true
sd_sddot_210E1000_v20260727,sd_sddot_210E1000,2026-07-27,,Shoulder Preparation,Shoulder Preparation,MILE,210,sd_sddot_item_catalog_2026_07_27,true
sd_sddot_210E1005_v20260727,sd_sddot_210E1005,2026-07-27,,Surface Preparation,Surface Preparation,MILE,210,sd_sddot_item_catalog_2026_07_27,true
sd_sddot_210E1010_v20260727,sd_sddot_210E1010,2026-07-27,,Site Preparation,Site Preparation,L S,210,sd_sddot_item_catalog_2026_07_27,true
sd_sddot_210E2000_v20260727,sd_sddot_210E2000,2026-07-27,,Shoulder Shaping,Shoulder Shaping,MILE,210,sd_sddot_item_catalog_2026_07_27,true
sd_sddot_210E3000_v20260727,sd_sddot_210E3000,2026-07-27,,Ordinary Roadway Shaping,Ordinary Roadway Shaping,MILE,210,sd_sddot_item_catalog_2026_07_27,true
sd_sddot_210E3020_v20260727,sd_sddot_210E3020,2026-07-27,,Ordinary Roadway Shaping,Ordinary Roadway Shaping,SQYD,210,sd_sddot_item_catalog_2026_07_27,true
sd_sddot_210E3500_v20260727,sd_sddot_210E3500,2026-07-27,,Heavy Roadway Shaping,Heavy Roadway Shaping,MILE,210,sd_sddot_item_catalog_2026_07_27,true
sd_sddot_210E3510_v20260727,sd_sddot_210E3510,2026-07-27,,Heavy Roadway Shaping,Heavy Roadway Shaping,SQYD,210,sd_sddot_item_catalog_2026_07_27,true
sd_sddot_230E0010_v20260727,sd_sddot_230E0010,2026-07-27,,Placing Topsoil,Placing Topsoil,CUYD,230,sd_sddot_item_catalog_2026_07_27,true
sd_sddot_230E0020_v20260727,sd_sddot_230E0020,2026-07-27,,Contractor Furnished Topsoil,Contractor Furnished Topsoil,CUYD,230,sd_sddot_item_catalog_2026_07_27,true
sd_sddot_230E0030_v20260727,sd_sddot_230E0030,2026-07-27,,Placing State Furnished Topsoil,Placing State Furnished Topsoil,CUYD,230,sd_sddot_item_catalog_2026_07_27,true
sd_sddot_230E0050_v20260727,sd_sddot_230E0050,2026-07-27,,Topsoil Amendment,Topsoil Amendment,LB,230,sd_sddot_item_catalog_2026_07_27,true
sd_sddot_230E0100_v20260727,sd_sddot_230E0100,2026-07-27,,Remove and Replace Topsoil,Remove and Replace Topsoil,L S,230,sd_sddot_item_catalog_2026_07_27,true
sd_sddot_240E0010_v20260727,sd_sddot_240E0010,2026-07-27,,Obliterate Old Road,Obliterate Old Road,STA,240,sd_sddot_item_catalog_2026_07_27,true
sd_sddot_250E0010_v20260727,sd_sddot_250E0010,2026-07-27,,Incidental Work,Incidental Work,L S,250,sd_sddot_item_catalog_2026_07_27,true
sd_sddot_250E0020_v20260727,sd_sddot_250E0020,2026-07-27,,"Incidental Work, Grading","Incidental Work, Grading",L S,250,sd_sddot_item_catalog_2026_07_27,true
sd_sddot_250E0030_v20260727,sd_sddot_250E0030,2026-07-27,,"Incidental Work, Structure","Incidental Work, Structure",L S,250,sd_sddot_item_catalog_2026_07_27,true
sd_sddot_260E0010_v20260727,sd_sddot_260E0010,2026-07-27,,Subbase,Subbase,TON,260,sd_sddot_item_catalog_2026_07_27,true
sd_sddot_260E0030_v20260727,sd_sddot_260E0030,2026-07-27,,"Subbase, Salvaged","Subbase, Salvaged",TON,260,sd_sddot_item_catalog_2026_07_27,true
sd_sddot_260E0050_v20260727,sd_sddot_260E0050,2026-07-27,,"Subbase, Modified","Subbase, Modified",TON,260,sd_sddot_item_catalog_2026_07_27,true
sd_sddot_260E0070_v20260727,sd_sddot_260E0070,2026-07-27,,"Subbase, Salvaged, State Furnished","Subbase, Salvaged, State Furnished",TON,260,sd_sddot_item_catalog_2026_07_27,true
sd_sddot_260E0080_v20260727,sd_sddot_260E0080,2026-07-27,,"Subbase, State Furnished","Subbase, State Furnished",TON,260,sd_sddot_item_catalog_2026_07_27,true
sd_sddot_260E1010_v20260727,sd_sddot_260E1010,2026-07-27,,Base Course,Base Course,TON,260,sd_sddot_item_catalog_2026_07_27,true
sd_sddot_260E1030_v20260727,sd_sddot_260E1030,2026-07-27,,"Base Course, Salvaged","Base Course, Salvaged",TON,260,sd_sddot_item_catalog_2026_07_27,true
sd_sddot_260E1050_v20260727,sd_sddot_260E1050,2026-07-27,,"Base Course, Salvaged Asphalt Mix","Base Course, Salvaged Asphalt Mix",TON,260,sd_sddot_item_catalog_2026_07_27,true
sd_sddot_260E1060_v20260727,sd_sddot_260E1060,2026-07-27,,"Base Course, Modified","Base Course, Modified",TON,260,sd_sddot_item_catalog_2026_07_27,true
sd_sddot_260E1080_v20260727,sd_sddot_260E1080,2026-07-27,,"Base Course, Salvaged, State Furnished","Base Course, Salvaged, State Furnished",TON,260,sd_sddot_item_catalog_2026_07_27,true
sd_sddot_260E1090_v20260727,sd_sddot_260E1090,2026-07-27,,"Base Course, State Furnished","Base Course, State Furnished",TON,260,sd_sddot_item_catalog_2026_07_27,true
sd_sddot_260E1091_v20260727,sd_sddot_260E1091,2026-07-27,,"Base Course,County Furnished","Base Course,County Furnished",TON,260,sd_sddot_item_catalog_2026_07_27,true
sd_sddot_260E1140_v20260727,sd_sddot_260E1140,2026-07-27,,Asphalt Treated Permeable Base Course,Asphalt Treated Permeable Base Course,TON,260,sd_sddot_item_catalog_2026_07_27,true
sd_sddot_260E1180_v20260727,sd_sddot_260E1180,2026-07-27,,Rock for Base Course,Rock for Base Course,TON,260,sd_sddot_item_catalog_2026_07_27,true
sd_sddot_260E2010_v20260727,sd_sddot_260E2010,2026-07-27,,Gravel Cushion,Gravel Cushion,TON,260,sd_sddot_item_catalog_2026_07_27,true
sd_sddot_260E2030_v20260727,sd_sddot_260E2030,2026-07-27,,"Gravel Cushion, Salvaged","Gravel Cushion, Salvaged",TON,260,sd_sddot_item_catalog_2026_07_27,true
sd_sddot_260E2050_v20260727,sd_sddot_260E2050,2026-07-27,,"Gravel Cushion, Salvaged Asphalt Mix","Gravel Cushion, Salvaged Asphalt Mix",TON,260,sd_sddot_item_catalog_2026_07_27,true
sd_sddot_260E2060_v20260727,sd_sddot_260E2060,2026-07-27,,"Gravel Cushion, Modified","Gravel Cushion, Modified",TON,260,sd_sddot_item_catalog_2026_07_27,true
sd_sddot_260E2080_v20260727,sd_sddot_260E2080,2026-07-27,,"Gravel Cushion, Salvaged, State Furnished","Gravel Cushion, Salvaged, State Furnished",TON,260,sd_sddot_item_catalog_2026_07_27,true
sd_sddot_260E2090_v20260727,sd_sddot_260E2090,2026-07-27,,"Gravel Cushion, State Furnished","Gravel Cushion, State Furnished",TON,260,sd_sddot_item_catalog_2026_07_27,true
sd_sddot_260E2220_v20260727,sd_sddot_260E2220,2026-07-27,,Nonstabilized Open Graded Gravel Cushion,Nonstabilized Open Graded Gravel Cushion,TON,260,sd_sddot_item_catalog_2026_07_27,true
sd_sddot_260E3010_v20260727,sd_sddot_260E3010,2026-07-27,,Gravel Surfacing,Gravel Surfacing,TON,260,sd_sddot_item_catalog_2026_07_27,true
sd_sddot_260E3020_v20260727,sd_sddot_260E3020,2026-07-27,,Gravel Surfacing,Gravel Surfacing,CUYD,260,sd_sddot_item_catalog_2026_07_27,true
sd_sddot_260E3030_v20260727,sd_sddot_260E3030,2026-07-27,,"Gravel Surfacing, Salvaged","Gravel Surfacing, Salvaged",TON,260,sd_sddot_item_catalog_2026_07_27,true
sd_sddot_260E3050_v20260727,sd_sddot_260E3050,2026-07-27,,"Gravel Surfacing, Salvaged Asphalt Mix","Gravel Surfacing, Salvaged Asphalt Mix",TON,260,sd_sddot_item_catalog_2026_07_27,true
sd_sddot_260E3060_v20260727,sd_sddot_260E3060,2026-07-27,,"Gravel Surfacing, Modified","Gravel Surfacing, Modified",TON,260,sd_sddot_item_catalog_2026_07_27,true
sd_sddot_260E3090_v20260727,sd_sddot_260E3090,2026-07-27,,"Gravel Surfacing, State Furnished","Gravel Surfacing, State Furnished",TON,260,sd_sddot_item_catalog_2026_07_27,true
sd_sddot_260E3500_v20260727,sd_sddot_260E3500,2026-07-27,,Temporary Gravel Surfacing,Temporary Gravel Surfacing,TON,260,sd_sddot_item_catalog_2026_07_27,true
sd_sddot_260E4000_v20260727,sd_sddot_260E4000,2026-07-27,,Pea Gravel,Pea Gravel,TON,260,sd_sddot_item_catalog_2026_07_27,true
sd_sddot_260E4090_v20260727,sd_sddot_260E4090,2026-07-27,,"Granular Material, State Furnished","Granular Material, State Furnished",TON,260,sd_sddot_item_catalog_2026_07_27,true
sd_sddot_260E4500_v20260727,sd_sddot_260E4500,2026-07-27,,Processed Subgrade Topping,Processed Subgrade Topping,CUYD,260,sd_sddot_item_catalog_2026_07_27,true
sd_sddot_260E5000_v20260727,sd_sddot_260E5000,2026-07-27,,Shot Rock,Shot Rock,TON,260,sd_sddot_item_catalog_2026_07_27,true
sd_sddot_260E6000_v20260727,sd_sddot_260E6000,2026-07-27,,"Granular Material, Furnish","Granular Material, Furnish",TON,260,sd_sddot_item_catalog_2026_07_27,true
sd_sddot_260E6010_v20260727,sd_sddot_260E6010,2026-07-27,,Granular Material,Granular Material,TON,260,sd_sddot_item_catalog_2026_07_27,true
sd_sddot_270E0020_v20260727,sd_sddot_270E0020,2026-07-27,,Salvage and Stockpile Asphalt Mix Material,Salvage and Stockpile Asphalt Mix Material,TON,270,sd_sddot_item_catalog_2026_07_27,true
sd_sddot_270E0022_v20260727,sd_sddot_270E0022,2026-07-27,,Salvage Asphalt Mix Material,Salvage Asphalt Mix Material,TON,270,sd_sddot_item_catalog_2026_07_27,true
sd_sddot_270E0040_v20260727,sd_sddot_270E0040,2026-07-27,,Salvage and Stockpile Asphalt Mix and Granular Material,Salvage and Stockpile Asphalt Mix and Granular Material,TON,270,sd_sddot_item_catalog_2026_07_27,true
sd_sddot_270E0042_v20260727,sd_sddot_270E0042,2026-07-27,,Salvage Asphalt Mix and Granular Material,Salvage Asphalt Mix and Granular Material,TON,270,sd_sddot_item_catalog_2026_07_27,true
sd_sddot_270E0060_v20260727,sd_sddot_270E0060,2026-07-27,,Salvage and Stockpile PCC Pavement,Salvage and Stockpile PCC Pavement,TON,270,sd_sddot_item_catalog_2026_07_27,true
sd_sddot_270E0070_v20260727,sd_sddot_270E0070,2026-07-27,,Fractionate and Stockpile Asphalt Mix Material,Fractionate and Stockpile Asphalt Mix Material,TON,270,sd_sddot_item_catalog_2026_07_27,true
sd_sddot_270E0110_v20260727,sd_sddot_270E0110,2026-07-27,,Salvage and Stockpile Granular Material,Salvage and Stockpile Granular Material,TON,270,sd_sddot_item_catalog_2026_07_27,true
sd_sddot_270E0112_v20260727,sd_sddot_270E0112,2026-07-27,,Salvage Granular Material,Salvage Granular Material,TON,270,sd_sddot_item_catalog_2026_07_27,true
sd_sddot_270E0200_v20260727,sd_sddot_270E0200,2026-07-27,,"Blend, Haul, and Stockpile Granular Material","Blend, Haul, and Stockpile Granular Material",TON,270,sd_sddot_item_catalog_2026_07_27,true
sd_sddot_270E0210_v20260727,sd_sddot_270E0210,2026-07-27,,Haul and Stockpile Granular Material,Haul and Stockpile Granular Material,TON,270,sd_sddot_item_catalog_2026_07_27,true
sd_sddot_270E0220_v20260727,sd_sddot_270E0220,2026-07-27,,Blend and Stockpile Granular Material,Blend and Stockpile Granular Material,TON,270,sd_sddot_item_catalog_2026_07_27,true
sd_sddot_270E0230_v20260727,sd_sddot_270E0230,2026-07-27,,Haul and Stockpile Asphalt Mix Material,Haul and Stockpile Asphalt Mix Material,TON,270,sd_sddot_item_catalog_2026_07_27,true
sd_sddot_270E0300_v20260727,sd_sddot_270E0300,2026-07-27,,Haul Material,Haul Material,CUYD,270,sd_sddot_item_catalog_2026_07_27,true
sd_sddot_270E0310_v20260727,sd_sddot_270E0310,2026-07-27,,Haul Material,Haul Material,TON,270,sd_sddot_item_catalog_2026_07_27,true
sd_sddot_280E0010_v20260727,sd_sddot_280E0010,2026-07-27,,Full Depth Reclamation,Full Depth Reclamation,SQYD,280,sd_sddot_item_catalog_2026_07_27,true
sd_sddot_280E0020_v20260727,sd_sddot_280E0020,2026-07-27,,"Full Depth Reclamation, Shoulder","Full Depth Reclamation, Shoulder",SQYD,280,sd_sddot_item_catalog_2026_07_27,true
sd_sddot_280E1000_v20260727,sd_sddot_280E1000,2026-07-27,,Process In Place,Process In Place,SQYD,280,sd_sddot_item_catalog_2026_07_27,true
sd_sddot_320E0001_v20260727,sd_sddot_320E0001,2026-07-27,,PG 52-28 Asphalt Binder,PG 52-28 Asphalt Binder,TON,320,sd_sddot_item_catalog_2026_07_27,true
sd_sddot_320E0002_v20260727,sd_sddot_320E0002,2026-07-27,,PG 52-34 Asphalt Binder,PG 52-34 Asphalt Binder,TON,320,sd_sddot_item_catalog_2026_07_27,true
sd_sddot_320E0003_v20260727,sd_sddot_320E0003,2026-07-27,,PG 58-22 Asphalt Binder,PG 58-22 Asphalt Binder,TON,320,sd_sddot_item_catalog_2026_07_27,true
sd_sddot_320E0004_v20260727,sd_sddot_320E0004,2026-07-27,,PG 58-28 Asphalt Binder,PG 58-28 Asphalt Binder,TON,320,sd_sddot_item_catalog_2026_07_27,true
sd_sddot_320E0005_v20260727,sd_sddot_320E0005,2026-07-27,,PG 58-34 Asphalt Binder,PG 58-34 Asphalt Binder,TON,320,sd_sddot_item_catalog_2026_07_27,true
sd_sddot_320E0006_v20260727,sd_sddot_320E0006,2026-07-27,,PG 64-22 Asphalt Binder,PG 64-22 Asphalt Binder,TON,320,sd_sddot_item_catalog_2026_07_27,true
sd_sddot_320E0007_v20260727,sd_sddot_320E0007,2026-07-27,,PG 64-28 Asphalt Binder,PG 64-28 Asphalt Binder,TON,320,sd_sddot_item_catalog_2026_07_27,true
sd_sddot_320E0008_v20260727,sd_sddot_320E0008,2026-07-27,,PG 64-34 Asphalt Binder,PG 64-34 Asphalt Binder,TON,320,sd_sddot_item_catalog_2026_07_27,true
sd_sddot_320E0009_v20260727,sd_sddot_320E0009,2026-07-27,,PG 70-28 Asphalt Binder,PG 70-28 Asphalt Binder,TON,320,sd_sddot_item_catalog_2026_07_27,true
sd_sddot_320E0010_v20260727,sd_sddot_320E0010,2026-07-27,,PG 70-34 Asphalt Binder,PG 70-34 Asphalt Binder,TON,320,sd_sddot_item_catalog_2026_07_27,true
sd_sddot_320E0032_v20260727,sd_sddot_320E0032,2026-07-27,,PG 58H-34 Asphalt Binder,PG 58H-34 Asphalt Binder,TON,320,sd_sddot_item_catalog_2026_07_27,true
sd_sddot_320E0033_v20260727,sd_sddot_320E0033,2026-07-27,,PG 58V-34 Asphalt Binder,PG 58V-34 Asphalt Binder,TON,320,sd_sddot_item_catalog_2026_07_27,true
sd_sddot_320E0034_v20260727,sd_sddot_320E0034,2026-07-27,,PG 58E-34 Asphalt Binder,PG 58E-34 Asphalt Binder,TON,320,sd_sddot_item_catalog_2026_07_27,true
sd_sddot_320E0300_historical,sd_sddot_320E0300,,,CQS-1P Asphalt Emulsion for Microsurfacing,CQS-1P Asphalt Emulsion for Microsurfacing,GAL,320,sd_sddot_bid_tabs_2026_05_13,false
sd_sddot_320E0310_historical,sd_sddot_320E0310,,,CQS-1HP Asphalt Emulsion for Microsurfacing,CQS-1HP Asphalt Emulsion for Microsurfacing,GAL,320,sd_sddot_bid_tabs_2023_03_01,false
sd_sddot_320E0402_historical,sd_sddot_320E0402,,,Asphalt Repair Mastic Type 2,Asphalt Repair Mastic Type 2,LB,320,sd_sddot_bid_tabs_2026_05_13,false
sd_sddot_320E0950_v20260727,sd_sddot_320E0950,2026-07-27,,Ultrathin Bonded Wearing Course,Ultrathin Bonded Wearing Course,TON,320,sd_sddot_item_catalog_2026_07_27,true
sd_sddot_320E1000_v20260727,sd_sddot_320E1000,2026-07-27,,Asphalt Concrete Bond Breaker,Asphalt Concrete Bond Breaker,TON,320,sd_sddot_item_catalog_2026_07_27,true
sd_sddot_320E1001_v20260727,sd_sddot_320E1001,2026-07-27,,Class Q1 Hot Mixed Asphalt Concrete,Class Q1 Hot Mixed Asphalt Concrete,TON,320,sd_sddot_item_catalog_2026_07_27,true
sd_sddot_320E1002_v20260727,sd_sddot_320E1002,2026-07-27,,Class Q2 Hot Mixed Asphalt Concrete,Class Q2 Hot Mixed Asphalt Concrete,TON,320,sd_sddot_item_catalog_2026_07_27,true
sd_sddot_320E1003_v20260727,sd_sddot_320E1003,2026-07-27,,Class Q3 Hot Mixed Asphalt Concrete,Class Q3 Hot Mixed Asphalt Concrete,TON,320,sd_sddot_item_catalog_2026_07_27,true
sd_sddot_320E1004_v20260727,sd_sddot_320E1004,2026-07-27,,Class Q4 Hot Mixed Asphalt Concrete,Class Q4 Hot Mixed Asphalt Concrete,TON,320,sd_sddot_item_catalog_2026_07_27,true
sd_sddot_320E1005_v20260727,sd_sddot_320E1005,2026-07-27,,Class Q5 Hot Mixed Asphalt Concrete,Class Q5 Hot Mixed Asphalt Concrete,TON,320,sd_sddot_item_catalog_2026_07_27,true
sd_sddot_320E1040_v20260727,sd_sddot_320E1040,2026-07-27,,Class D Asphalt Concrete,Class D Asphalt Concrete,TON,320,sd_sddot_item_catalog_2026_07_27,true
sd_sddot_320E1050_v20260727,sd_sddot_320E1050,2026-07-27,,Class E Asphalt Concrete,Class E Asphalt Concrete,TON,320,sd_sddot_item_catalog_2026_07_27,true
sd_sddot_320E1052_v20260727,sd_sddot_320E1052,2026-07-27,,Modified Class E Asphalt Concrete,Modified Class E Asphalt Concrete,TON,320,sd_sddot_item_catalog_2026_07_27,true
sd_sddot_320E1060_v20260727,sd_sddot_320E1060,2026-07-27,,Class G Asphalt Concrete,Class G Asphalt Concrete,TON,320,sd_sddot_item_catalog_2026_07_27,true
sd_sddot_320E1070_v20260727,sd_sddot_320E1070,2026-07-27,,Class HR Asphalt Concrete,Class HR Asphalt Concrete,TON,320,sd_sddot_item_catalog_2026_07_27,true
sd_sddot_320E1080_v20260727,sd_sddot_320E1080,2026-07-27,,Class S Asphalt Concrete,Class S Asphalt Concrete,TON,320,sd_sddot_item_catalog_2026_07_27,true
sd_sddot_320E1090_v20260727,sd_sddot_320E1090,2026-07-27,,Modified Class S Asphalt Concrete,Modified Class S Asphalt Concrete,TON,320,sd_sddot_item_catalog_2026_07_27,true
sd_sddot_320E1101_v20260727,sd_sddot_320E1101,2026-07-27,,Class Q1 Asphalt Concrete (WMA modified),Class Q1 Asphalt Concrete (WMA modified),TON,320,sd_sddot_item_catalog_2026_07_27,true
sd_sddot_320E1102_v20260727,sd_sddot_320E1102,2026-07-27,,Class Q2 Asphalt Concrete (WMA modified),Class Q2 Asphalt Concrete (WMA modified),TON,320,sd_sddot_item_catalog_2026_07_27,true
sd_sddot_320E1103_v20260727,sd_sddot_320E1103,2026-07-27,,Class Q3 Asphalt Concrete (WMA Modified),Class Q3 Asphalt Concrete (WMA Modified),TON,320,sd_sddot_item_catalog_2026_07_27,true
sd_sddot_320E1104_v20260727,sd_sddot_320E1104,2026-07-27,,Class Q4 Asphalt Concrete (WMA Modified),Class Q4 Asphalt Concrete (WMA Modified),TON,320,sd_sddot_item_catalog_2026_07_27,true
sd_sddot_320E1105_v20260727,sd_sddot_320E1105,2026-07-27,,Class Q5 Asphalt Concrete (WMA Modified),Class Q5 Asphalt Concrete (WMA Modified),TON,320,sd_sddot_item_catalog_2026_07_27,true
sd_sddot_320E1190_v20260727,sd_sddot_320E1190,2026-07-27,,Contractor Furnished Asphalt Concrete Composite,Contractor Furnished Asphalt Concrete Composite,TON,320,sd_sddot_item_catalog_2026_07_27,true
sd_sddot_320E1200_v20260727,sd_sddot_320E1200,2026-07-27,,Asphalt Concrete Composite,Asphalt Concrete Composite,TON,320,sd_sddot_item_catalog_2026_07_27,true
sd_sddot_320E1201_v20260727,sd_sddot_320E1201,2026-07-27,,Class Q1R Hot Mixed Asphalt Concrete,Class Q1R Hot Mixed Asphalt Concrete,TON,320,sd_sddot_item_catalog_2026_07_27,true
sd_sddot_320E1202_v20260727,sd_sddot_320E1202,2026-07-27,,Class Q2R Hot Mixed Asphalt Concrete,Class Q2R Hot Mixed Asphalt Concrete,TON,320,sd_sddot_item_catalog_2026_07_27,true
sd_sddot_320E1203_v20260727,sd_sddot_320E1203,2026-07-27,,Class Q3R Hot Mixed Asphalt Concrete,Class Q3R Hot Mixed Asphalt Concrete,TON,320,sd_sddot_item_catalog_2026_07_27,true
sd_sddot_320E1204_v20260727,sd_sddot_320E1204,2026-07-27,,Class Q4R Hot Mixed Asphalt Concrete,Class Q4R Hot Mixed Asphalt Concrete,TON,320,sd_sddot_item_catalog_2026_07_27,true
sd_sddot_320E1205_v20260727,sd_sddot_320E1205,2026-07-27,,Class Q5R Hot Mixed Asphalt Concrete,Class Q5R Hot Mixed Asphalt Concrete,TON,320,sd_sddot_item_catalog_2026_07_27,true
sd_sddot_320E1280_v20260727,sd_sddot_320E1280,2026-07-27,,Stone Matrix Asphalt Concrete,Stone Matrix Asphalt Concrete,TON,320,sd_sddot_item_catalog_2026_07_27,true
sd_sddot_320E1400_v20260727,sd_sddot_320E1400,2026-07-27,,Contractor Furnished Asphalt Concrete,Contractor Furnished Asphalt Concrete,TON,320,sd_sddot_item_catalog_2026_07_27,true
sd_sddot_320E1410_v20260727,sd_sddot_320E1410,2026-07-27,,Contractor Furnished and Placed Asphalt Concrete,Contractor Furnished and Placed Asphalt Concrete,TON,320,sd_sddot_item_catalog_2026_07_27,true
sd_sddot_320E1800_v20260727,sd_sddot_320E1800,2026-07-27,,Asphalt Concrete Blade Laid,Asphalt Concrete Blade Laid,TON,320,sd_sddot_item_catalog_2026_07_27,true
sd_sddot_320E1810_v20260727,sd_sddot_320E1810,2026-07-27,,Asphalt Concrete Leveling Lift,Asphalt Concrete Leveling Lift,TON,320,sd_sddot_item_catalog_2026_07_27,true
sd_sddot_320E1900_v20260727,sd_sddot_320E1900,2026-07-27,,Asphalt Concrete Cold Mix,Asphalt Concrete Cold Mix,TON,320,sd_sddot_item_catalog_2026_07_27,true
sd_sddot_320E2000_v20260727,sd_sddot_320E2000,2026-07-27,,Maintenance Patching,Maintenance Patching,TON,320,sd_sddot_item_catalog_2026_07_27,true
sd_sddot_320E2500_v20260727,sd_sddot_320E2500,2026-07-27,,Asphalt Concrete Curb,Asphalt Concrete Curb,FT,320,sd_sddot_item_catalog_2026_07_27,true
sd_sddot_320E2600_v20260727,sd_sddot_320E2600,2026-07-27,,Barrier Type Median Asphalt Concrete Pavement,Barrier Type Median Asphalt Concrete Pavement,SQYD,320,sd_sddot_item_catalog_2026_07_27,true
sd_sddot_320E2701_v20260727,sd_sddot_320E2701,2026-07-27,,Asphalt Concrete Bridge Deck Overlay,Asphalt Concrete Bridge Deck Overlay,SQYD,320,sd_sddot_item_catalog_2026_07_27,true
sd_sddot_320E2711_v20260727,sd_sddot_320E2711,2026-07-27,,Prefabricated Membrane Strip for Deck Overlay,Prefabricated Membrane Strip for Deck Overlay,SQYD,320,sd_sddot_item_catalog_2026_07_27,true
sd_sddot_320E2713_v20260727,sd_sddot_320E2713,2026-07-27,,Hot Applied Elastomeric Membrane,Hot Applied Elastomeric Membrane,SQYD,320,sd_sddot_item_catalog_2026_07_27,true
sd_sddot_320E3000_v20260727,sd_sddot_320E3000,2026-07-27,,Compaction Sample,Compaction Sample,EACH,320,sd_sddot_item_catalog_2026_07_27,true
sd_sddot_320E3100_v20260727,sd_sddot_320E3100,2026-07-27,,Stabilizing Additive for Asphalt Concrete,Stabilizing Additive for Asphalt Concrete,TON,320,sd_sddot_item_catalog_2026_07_27,true
sd_sddot_320E3500_v20260727,sd_sddot_320E3500,2026-07-27,,Intelligent Compaction Equipment,Intelligent Compaction Equipment,L S,320,sd_sddot_item_catalog_2026_07_27,true
sd_sddot_320E4000_v20260727,sd_sddot_320E4000,2026-07-27,,Hydrated Lime,Hydrated Lime,TON,320,sd_sddot_item_catalog_2026_07_27,true
sd_sddot_320E4500_v20260727,sd_sddot_320E4500,2026-07-27,,Mineral Aggregate for Asphalt Concrete,Mineral Aggregate for Asphalt Concrete,TON,320,sd_sddot_item_catalog_2026_07_27,true
sd_sddot_320E4510_historical,sd_sddot_320E4510,,,Mineral Aggregate for Microsurfacing,Mineral Aggregate for Microsurfacing,TON,320,sd_sddot_bid_tabs_2026_05_13,false
sd_sddot_320E5000_v20260727,sd_sddot_320E5000,2026-07-27,,Saw and Seal Joint in Asphalt Concrete,Saw and Seal Joint in Asphalt Concrete,FT,320,sd_sddot_item_catalog_2026_07_27,true
sd_sddot_320E5010_v20260727,sd_sddot_320E5010,2026-07-27,,Saw and Seal Shoulder Joint,Saw and Seal Shoulder Joint,FT,320,sd_sddot_item_catalog_2026_07_27,true
sd_sddot_320E5020_v20260727,sd_sddot_320E5020,2026-07-27,,Saw Joint in Asphalt Concrete,Saw Joint in Asphalt Concrete,FT,320,sd_sddot_item_catalog_2026_07_27,true
sd_sddot_320E6000_v20260727,sd_sddot_320E6000,2026-07-27,,Temporary Asphalt,Temporary Asphalt,TON,320,sd_sddot_item_catalog_2026_07_27,true
sd_sddot_320E7004_v20260727,sd_sddot_320E7004,2026-07-27,,"Grind 6"" Rumble Stripe in Asphalt Concrete","Grind 6"" Rumble Stripe in Asphalt Concrete",MILE,320,sd_sddot_item_catalog_2026_07_27,true
sd_sddot_320E7008_v20260727,sd_sddot_320E7008,2026-07-27,,"Grind 8"" Rumble Strip or Stripe in Asphalt Concrete","Grind 8"" Rumble Strip or Stripe in Asphalt Concrete",MILE,320,sd_sddot_item_catalog_2026_07_27,true
sd_sddot_320E7010_v20260727,sd_sddot_320E7010,2026-07-27,,"Grind 8"" Sinusoidal Rumble Strip or Stripe in Asphalt Concrete","Grind 8"" Sinusoidal Rumble Strip or Stripe in Asphalt Concrete",MILE,320,sd_sddot_item_catalog_2026_07_27,true
sd_sddot_320E7012_v20260727,sd_sddot_320E7012,2026-07-27,,"Grind 12"" Rumble Strip or Stripe in Asphalt Concrete","Grind 12"" Rumble Strip or Stripe in Asphalt Concrete",MILE,320,sd_sddot_item_catalog_2026_07_27,true
sd_sddot_320E7014_v20260727,sd_sddot_320E7014,2026-07-27,,"Grind 12"" Sinusoidal Rumble Strip in Asphalt Concrete","Grind 12"" Sinusoidal Rumble Strip in Asphalt Concrete",MILE,320,sd_sddot_item_catalog_2026_07_27,true
sd_sddot_320E7016_v20260727,sd_sddot_320E7016,2026-07-27,,"Grind 16"" Rumble Strip in Asphalt Concrete","Grind 16"" Rumble Strip in Asphalt Concrete",MILE,320,sd_sddot_item_catalog_2026_07_27,true
sd_sddot_320E7028_v20260727,sd_sddot_320E7028,2026-07-27,,Grind Centerline Rumble Stripe in Asphalt Concrete,Grind Centerline Rumble Stripe in Asphalt Concrete,MILE,320,sd_sddot_item_catalog_2026_07_27,true
sd_sddot_320E7030_v20260727,sd_sddot_320E7030,2026-07-27,,Grind Sinusoidal Centerline Rumble Stripe in Asphalt Concrete,Grind Sinusoidal Centerline Rumble Stripe in Asphalt Concrete,MILE,320,sd_sddot_item_catalog_2026_07_27,true
sd_sddot_320E7031_v20260727,sd_sddot_320E7031,2026-07-27,,Grind Intermittent Sinusoidal Centerline Rumble Stripe in Asphalt Concrete,Grind Intermittent Sinusoidal Centerline Rumble Stripe in Asphalt Concrete,MILE,320,sd_sddot_item_catalog_2026_07_27,true
sd_sddot_320E7035_v20260727,sd_sddot_320E7035,2026-07-27,,Grind Sinusoidal Transverse Rumble Strip in Asphalt Concrete,Grind Sinusoidal Transverse Rumble Strip in Asphalt Concrete,SQFT,320,sd_sddot_item_catalog_2026_07_27,true
sd_sddot_320E7040_v20260727,sd_sddot_320E7040,2026-07-27,,"Grind 6"" Transverse Rumble Strip in Asphalt Concrete","Grind 6"" Transverse Rumble Strip in Asphalt Concrete",FT,320,sd_sddot_item_catalog_2026_07_27,true
sd_sddot_320E7500_v20260727,sd_sddot_320E7500,2026-07-27,,Polymer Modified Asphalt Growth Joint,Polymer Modified Asphalt Growth Joint,FT,320,sd_sddot_item_catalog_2026_07_27,true
sd_sddot_320E7510_v20260727,sd_sddot_320E7510,2026-07-27,,Asphalt Bridge Joint,Asphalt Bridge Joint,FT,320,sd_sddot_item_catalog_2026_07_27,true
sd_sddot_320E7600_v20260727,sd_sddot_320E7600,2026-07-27,,Asphalt Joint Adhesive,Asphalt Joint Adhesive,FT,320,sd_sddot_item_catalog_2026_07_27,true
sd_sddot_330E0010_v20260727,sd_sddot_330E0010,2026-07-27,,MC-70 Asphalt for Prime,MC-70 Asphalt for Prime,TON,330,sd_sddot_item_catalog_2026_07_27,true
sd_sddot_330E0050_v20260727,sd_sddot_330E0050,2026-07-27,,Emulsified Asphalt for Prime,Emulsified Asphalt for Prime,TON,330,sd_sddot_item_catalog_2026_07_27,true
sd_sddot_330E0100_v20260727,sd_sddot_330E0100,2026-07-27,,SS-1h or CSS-1h Asphalt for Tack,SS-1h or CSS-1h Asphalt for Tack,TON,330,sd_sddot_item_catalog_2026_07_27,true
sd_sddot_330E0210_v20260727,sd_sddot_330E0210,2026-07-27,,SS-1h or CSS-1h Asphalt for Flush Seal,SS-1h or CSS-1h Asphalt for Flush Seal,TON,330,sd_sddot_item_catalog_2026_07_27,true
sd_sddot_330E0300_v20260727,sd_sddot_330E0300,2026-07-27,,SS-1h or CSS-1h Asphalt for Fog Seal,SS-1h or CSS-1h Asphalt for Fog Seal,TON,330,sd_sddot_item_catalog_2026_07_27,true
sd_sddot_330E0310_v20260727,sd_sddot_330E0310,2026-07-27,,CSS-1 Asphalt for Fog Seal,CSS-1 Asphalt for Fog Seal,TON,330,sd_sddot_item_catalog_2026_07_27,true
sd_sddot_330E0320_v20260727,sd_sddot_330E0320,2026-07-27,,CRS-2P Asphalt for Fog Seal,CRS-2P Asphalt for Fog Seal,TON,330,sd_sddot_item_catalog_2026_07_27,true
sd_sddot_330E1000_v20260727,sd_sddot_330E1000,2026-07-27,,Blotting Sand for Prime,Blotting Sand for Prime,TON,330,sd_sddot_item_catalog_2026_07_27,true
sd_sddot_330E2000_v20260727,sd_sddot_330E2000,2026-07-27,,Sand for Flush Seal,Sand for Flush Seal,TON,330,sd_sddot_item_catalog_2026_07_27,true
sd_sddot_330E3000_v20260727,sd_sddot_330E3000,2026-07-27,,Sand for Fog Seal,Sand for Fog Seal,TON,330,sd_sddot_item_catalog_2026_07_27,true
sd_sddot_332E0010_v20260727,sd_sddot_332E0010,2026-07-27,,Cold Milling Asphalt Concrete,Cold Milling Asphalt Concrete,SQYD,332,sd_sddot_item_catalog_2026_07_27,true
sd_sddot_332E0060_v20260727,sd_sddot_332E0060,2026-07-27,,Placing Cold Milled Material,Placing Cold Milled Material,CUYD,332,sd_sddot_item_catalog_2026_07_27,true
sd_sddot_332E0070_v20260727,sd_sddot_332E0070,2026-07-27,,Placing Cold Milled Material,Placing Cold Milled Material,TON,332,sd_sddot_item_catalog_2026_07_27,true
sd_sddot_332E0100_v20260727,sd_sddot_332E0100,2026-07-27,,Cold Milling Asphalt Concrete and Placing Cold Milled Material,Cold Milling Asphalt Concrete and Placing Cold Milled Material,SQYD,332,sd_sddot_item_catalog_2026_07_27,true
sd_sddot_332E0110_v20260727,sd_sddot_332E0110,2026-07-27,,Cold Milling Asphalt Concrete and Placing Cold Milled Material,Cold Milling Asphalt Concrete and Placing Cold Milled Material,TON,332,sd_sddot_item_catalog_2026_07_27,true
sd_sddot_332E4000_v20260727,sd_sddot_332E4000,2026-07-27,,Micro-Milling Asphalt Concrete,Micro-Milling Asphalt Concrete,SQYD,332,sd_sddot_item_catalog_2026_07_27,true
sd_sddot_332E5000_v20260727,sd_sddot_332E5000,2026-07-27,,Grinding Asphalt Concrete,Grinding Asphalt Concrete,SQYD,332,sd_sddot_item_catalog_2026_07_27,true
sd_sddot_340E0300_v20260727,sd_sddot_340E0300,2026-07-27,,CQS-1P Asphalt Emulsion for Microsurfacing,CQS-1P Asphalt Emulsion for Microsurfacing,GAL,340,sd_sddot_item_catalog_2026_07_27,true
sd_sddot_340E0310_v20260727,sd_sddot_340E0310,2026-07-27,,CQS-1HP Asphalt Emulsion for Microsurfacing,CQS-1HP Asphalt Emulsion for Microsurfacing,GAL,340,sd_sddot_item_catalog_2026_07_27,true
sd_sddot_340E4510_v20260727,sd_sddot_340E4510,2026-07-27,,Mineral Aggregate for Microsurfacing,Mineral Aggregate for Microsurfacing,TON,340,sd_sddot_item_catalog_2026_07_27,true
sd_sddot_350E0010_v20260727,sd_sddot_350E0010,2026-07-27,,Asphalt Concrete Crack Sealing,Asphalt Concrete Crack Sealing,LB,350,sd_sddot_item_catalog_2026_07_27,true
sd_sddot_355E0402_v20260727,sd_sddot_355E0402,2026-07-27,,Asphalt Repair Mastic,Asphalt Repair Mastic,LB,355,sd_sddot_item_catalog_2026_07_27,true
sd_sddot_360E0010_v20260727,sd_sddot_360E0010,2026-07-27,,AE150L Asphalt for Surface Treatment,AE150L Asphalt for Surface Treatment,TON,360,sd_sddot_item_catalog_2026_07_27,true
sd_sddot_360E0020_v20260727,sd_sddot_360E0020,2026-07-27,,AE150S Asphalt for Surface Treatment,AE150S Asphalt for Surface Treatment,TON,360,sd_sddot_item_catalog_2026_07_27,true
sd_sddot_360E0030_v20260727,sd_sddot_360E0030,2026-07-27,,AE200S Asphalt for Surface Treatment,AE200S Asphalt for Surface Treatment,TON,360,sd_sddot_item_catalog_2026_07_27,true
sd_sddot_360E0042_v20260727,sd_sddot_360E0042,2026-07-27,,CRS-2P Asphalt for Surface Treatment,CRS-2P Asphalt for Surface Treatment,TON,360,sd_sddot_item_catalog_2026_07_27,true
sd_sddot_360E0044_v20260727,sd_sddot_360E0044,2026-07-27,,HFMS-2 Asphalt for Surface Treatment,HFMS-2 Asphalt for Surface Treatment,TON,360,sd_sddot_item_catalog_2026_07_27,true
sd_sddot_360E0046_v20260727,sd_sddot_360E0046,2026-07-27,,HFMS-2P Asphalt for Surface Treatment,HFMS-2P Asphalt for Surface Treatment,TON,360,sd_sddot_item_catalog_2026_07_27,true
sd_sddot_360E0050_v20260727,sd_sddot_360E0050,2026-07-27,,HFRS-2P Asphalt for Surface Treatment,HFRS-2P Asphalt for Surface Treatment,TON,360,sd_sddot_item_catalog_2026_07_27,true
sd_sddot_360E0060_v20260727,sd_sddot_360E0060,2026-07-27,,MC-800 Asphalt for Surface Treatment,MC-800 Asphalt for Surface Treatment,TON,360,sd_sddot_item_catalog_2026_07_27,true
sd_sddot_360E1010_v20260727,sd_sddot_360E1010,2026-07-27,,Type 1A Cover Aggregate,Type 1A Cover Aggregate,TON,360,sd_sddot_item_catalog_2026_07_27,true
sd_sddot_360E1020_v20260727,sd_sddot_360E1020,2026-07-27,,Type 1B Cover Aggregate,Type 1B Cover Aggregate,TON,360,sd_sddot_item_catalog_2026_07_27,true
sd_sddot_360E1030_v20260727,sd_sddot_360E1030,2026-07-27,,Type 2A Cover Aggregate,Type 2A Cover Aggregate,TON,360,sd_sddot_item_catalog_2026_07_27,true
sd_sddot_360E1040_v20260727,sd_sddot_360E1040,2026-07-27,,Type 2B Cover Aggregate,Type 2B Cover Aggregate,TON,360,sd_sddot_item_catalog_2026_07_27,true
sd_sddot_360E1045_v20260727,sd_sddot_360E1045,2026-07-27,,Type 2C Cover Aggregate,Type 2C Cover Aggregate,TON,360,sd_sddot_item_catalog_2026_07_27,true
sd_sddot_360E1050_v20260727,sd_sddot_360E1050,2026-07-27,,Type 3 Cover Aggregate,Type 3 Cover Aggregate,TON,360,sd_sddot_item_catalog_2026_07_27,true
sd_sddot_360E1200_v20260727,sd_sddot_360E1200,2026-07-27,,Modified Cover Aggregate,Modified Cover Aggregate,TON,360,sd_sddot_item_catalog_2026_07_27,true
sd_sddot_360E1300_v20260727,sd_sddot_360E1300,2026-07-27,,State Furnished Cover Aggregate,State Furnished Cover Aggregate,TON,360,sd_sddot_item_catalog_2026_07_27,true
sd_sddot_370E0010_v20260727,sd_sddot_370E0010,2026-07-27,,Cold In Place Recycling Asphalt Concrete,Cold In Place Recycling Asphalt Concrete,SQYD,370,sd_sddot_item_catalog_2026_07_27,true
sd_sddot_370E0020_v20260727,sd_sddot_370E0020,2026-07-27,,"Cold In Place Recycling Asphalt Concrete, Shoulder","Cold In Place Recycling Asphalt Concrete, Shoulder",SQYD,370,sd_sddot_item_catalog_2026_07_27,true
sd_sddot_370E0100_v20260727,sd_sddot_370E0100,2026-07-27,,Cold Central Plant Recycling of Asphalt Millings,Cold Central Plant Recycling of Asphalt Millings,TON,370,sd_sddot_item_catalog_2026_07_27,true
sd_sddot_370E1010_v20260727,sd_sddot_370E1010,2026-07-27,,AE150S Asphalt for Cold Recycling,AE150S Asphalt for Cold Recycling,TON,370,sd_sddot_item_catalog_2026_07_27,true
sd_sddot_370E1020_v20260727,sd_sddot_370E1020,2026-07-27,,AE200S Asphalt for Cold Recycling,AE200S Asphalt for Cold Recycling,TON,370,sd_sddot_item_catalog_2026_07_27,true
sd_sddot_370E1030_v20260727,sd_sddot_370E1030,2026-07-27,,AE300 Asphalt for Cold Recycling,AE300 Asphalt for Cold Recycling,TON,370,sd_sddot_item_catalog_2026_07_27,true
sd_sddot_370E1100_v20260727,sd_sddot_370E1100,2026-07-27,,HFRS-2P Asphalt for Cold Recycling,HFRS-2P Asphalt for Cold Recycling,TON,370,sd_sddot_item_catalog_2026_07_27,true
sd_sddot_370E1110_v20260727,sd_sddot_370E1110,2026-07-27,,HFMS-2P Asphalt for Cold Recycling,HFMS-2P Asphalt for Cold Recycling,TON,370,sd_sddot_item_catalog_2026_07_27,true
sd_sddot_370E1115_v20260727,sd_sddot_370E1115,2026-07-27,,HFMS-2 Asphalt for Cold Recycling,HFMS-2 Asphalt for Cold Recycling,TON,370,sd_sddot_item_catalog_2026_07_27,true
sd_sddot_370E1120_v20260727,sd_sddot_370E1120,2026-07-27,,HFMS-2s Asphalt for Cold Recycling,HFMS-2s Asphalt for Cold Recycling,TON,370,sd_sddot_item_catalog_2026_07_27,true
sd_sddot_380E0010_v20260727,sd_sddot_380E0010,2026-07-27,,"6"" Nonreinforced PCC Pavement","6"" Nonreinforced PCC Pavement",SQYD,380,sd_sddot_item_catalog_2026_07_27,true
sd_sddot_380E0020_v20260727,sd_sddot_380E0020,2026-07-27,,"6.5"" Nonreinforced PCC Pavement","6.5"" Nonreinforced PCC Pavement",SQYD,380,sd_sddot_item_catalog_2026_07_27,true
sd_sddot_380E0030_v20260727,sd_sddot_380E0030,2026-07-27,,"7"" Nonreinforced PCC Pavement","7"" Nonreinforced PCC Pavement",SQYD,380,sd_sddot_item_catalog_2026_07_27,true
sd_sddot_380E0040_v20260727,sd_sddot_380E0040,2026-07-27,,"7.5"" Nonreinforced PCC Pavement","7.5"" Nonreinforced PCC Pavement",SQYD,380,sd_sddot_item_catalog_2026_07_27,true
sd_sddot_380E0050_v20260727,sd_sddot_380E0050,2026-07-27,,"8"" Nonreinforced PCC Pavement","8"" Nonreinforced PCC Pavement",SQYD,380,sd_sddot_item_catalog_2026_07_27,true
sd_sddot_380E0060_v20260727,sd_sddot_380E0060,2026-07-27,,"8.5"" Nonreinforced PCC Pavement","8.5"" Nonreinforced PCC Pavement",SQYD,380,sd_sddot_item_catalog_2026_07_27,true
sd_sddot_380E0070_v20260727,sd_sddot_380E0070,2026-07-27,,"9"" Nonreinforced PCC Pavement","9"" Nonreinforced PCC Pavement",SQYD,380,sd_sddot_item_catalog_2026_07_27,true
sd_sddot_380E0080_v20260727,sd_sddot_380E0080,2026-07-27,,"9.5"" Nonreinforced PCC Pavement","9.5"" Nonreinforced PCC Pavement",SQYD,380,sd_sddot_item_catalog_2026_07_27,true
sd_sddot_380E0090_v20260727,sd_sddot_380E0090,2026-07-27,,"10"" Nonreinforced PCC Pavement","10"" Nonreinforced PCC Pavement",SQYD,380,sd_sddot_item_catalog_2026_07_27,true
sd_sddot_380E0100_v20260727,sd_sddot_380E0100,2026-07-27,,"10.5"" Nonreinforced PCC Pavement","10.5"" Nonreinforced PCC Pavement",SQYD,380,sd_sddot_item_catalog_2026_07_27,true
sd_sddot_380E0110_v20260727,sd_sddot_380E0110,2026-07-27,,"11"" Nonreinforced PCC Pavement","11"" Nonreinforced PCC Pavement",SQYD,380,sd_sddot_item_catalog_2026_07_27,true
sd_sddot_380E0120_v20260727,sd_sddot_380E0120,2026-07-27,,"11.5"" Nonreinforced PCC Pavement","11.5"" Nonreinforced PCC Pavement",SQYD,380,sd_sddot_item_catalog_2026_07_27,true
sd_sddot_380E0130_v20260727,sd_sddot_380E0130,2026-07-27,,"12"" Nonreinforced PCC Pavement","12"" Nonreinforced PCC Pavement",SQYD,380,sd_sddot_item_catalog_2026_07_27,true
sd_sddot_380E0140_v20260727,sd_sddot_380E0140,2026-07-27,,"12.5"" Nonreinforced PCC Pavement","12.5"" Nonreinforced PCC Pavement",SQYD,380,sd_sddot_item_catalog_2026_07_27,true
sd_sddot_380E0150_v20260727,sd_sddot_380E0150,2026-07-27,,"13"" Nonreinforced PCC Pavement","13"" Nonreinforced PCC Pavement",SQYD,380,sd_sddot_item_catalog_2026_07_27,true
sd_sddot_380E0200_v20260727,sd_sddot_380E0200,2026-07-27,,Colored Nonreinforced PCC Pavement,Colored Nonreinforced PCC Pavement,SQYD,380,sd_sddot_item_catalog_2026_07_27,true
sd_sddot_380E0300_v20260727,sd_sddot_380E0300,2026-07-27,,Colored and Patterned Nonreinforced PCC Pavement,Colored and Patterned Nonreinforced PCC Pavement,SQYD,380,sd_sddot_item_catalog_2026_07_27,true
sd_sddot_380E0500_v20260727,sd_sddot_380E0500,2026-07-27,,"8"" Continuously Reinforced PCC Pavement","8"" Continuously Reinforced PCC Pavement",SQYD,380,sd_sddot_item_catalog_2026_07_27,true
sd_sddot_380E0510_v20260727,sd_sddot_380E0510,2026-07-27,,"8.5"" Continuously Reinforced PCC Pavement","8.5"" Continuously Reinforced PCC Pavement",SQYD,380,sd_sddot_item_catalog_2026_07_27,true
sd_sddot_380E0520_v20260727,sd_sddot_380E0520,2026-07-27,,"9"" Continuously Reinforced PCC Pavement","9"" Continuously Reinforced PCC Pavement",SQYD,380,sd_sddot_item_catalog_2026_07_27,true
sd_sddot_380E0530_v20260727,sd_sddot_380E0530,2026-07-27,,"9.5"" Continuously Reinforced PCC Pavement","9.5"" Continuously Reinforced PCC Pavement",SQYD,380,sd_sddot_item_catalog_2026_07_27,true
sd_sddot_380E0540_v20260727,sd_sddot_380E0540,2026-07-27,,"10"" Continuously Reinforced PCC Pavement","10"" Continuously Reinforced PCC Pavement",SQYD,380,sd_sddot_item_catalog_2026_07_27,true
sd_sddot_380E0550_v20260727,sd_sddot_380E0550,2026-07-27,,"10.5""Continuously Reinforced PCC Pavement","10.5""Continuously Reinforced PCC Pavement",SQYD,380,sd_sddot_item_catalog_2026_07_27,true
sd_sddot_380E0560_v20260727,sd_sddot_380E0560,2026-07-27,,"11"" Continuously Reinforced PCC Pavement","11"" Continuously Reinforced PCC Pavement",SQYD,380,sd_sddot_item_catalog_2026_07_27,true
sd_sddot_380E0570_v20260727,sd_sddot_380E0570,2026-07-27,,"11.5""Continuously Reinforced PCC Pavement","11.5""Continuously Reinforced PCC Pavement",SQYD,380,sd_sddot_item_catalog_2026_07_27,true
sd_sddot_380E0580_v20260727,sd_sddot_380E0580,2026-07-27,,"12"" Continuously Reinforced PCC Pavement","12"" Continuously Reinforced PCC Pavement",SQYD,380,sd_sddot_item_catalog_2026_07_27,true
sd_sddot_380E0800_v20260727,sd_sddot_380E0800,2026-07-27,,PCC Shoulder Pavement,PCC Shoulder Pavement,SQYD,380,sd_sddot_item_catalog_2026_07_27,true
sd_sddot_380E1000_v20260727,sd_sddot_380E1000,2026-07-27,,"6"" Miscellaneous PCC Pavement","6"" Miscellaneous PCC Pavement",SQYD,380,sd_sddot_item_catalog_2026_07_27,true
sd_sddot_380E1010_v20260727,sd_sddot_380E1010,2026-07-27,,"7"" Miscellaneous PCC Pavement","7"" Miscellaneous PCC Pavement",SQYD,380,sd_sddot_item_catalog_2026_07_27,true
sd_sddot_380E1020_v20260727,sd_sddot_380E1020,2026-07-27,,"7.5"" Miscellaneous PCC Pavement","7.5"" Miscellaneous PCC Pavement",SQYD,380,sd_sddot_item_catalog_2026_07_27,true
sd_sddot_380E1030_v20260727,sd_sddot_380E1030,2026-07-27,,"8"" Miscellaneous PCC Pavement","8"" Miscellaneous PCC Pavement",SQYD,380,sd_sddot_item_catalog_2026_07_27,true
sd_sddot_380E1040_v20260727,sd_sddot_380E1040,2026-07-27,,"8.5"" Miscellaneous PCC Pavement","8.5"" Miscellaneous PCC Pavement",SQYD,380,sd_sddot_item_catalog_2026_07_27,true
sd_sddot_380E1050_v20260727,sd_sddot_380E1050,2026-07-27,,"9"" Miscellaneous PCC Pavement","9"" Miscellaneous PCC Pavement",SQYD,380,sd_sddot_item_catalog_2026_07_27,true
sd_sddot_380E1060_v20260727,sd_sddot_380E1060,2026-07-27,,"9.5"" Miscellaneous PCC Pavement","9.5"" Miscellaneous PCC Pavement",SQYD,380,sd_sddot_item_catalog_2026_07_27,true
sd_sddot_380E1070_v20260727,sd_sddot_380E1070,2026-07-27,,"10"" Miscellaneous PCC Pavement","10"" Miscellaneous PCC Pavement",SQYD,380,sd_sddot_item_catalog_2026_07_27,true
sd_sddot_380E1080_v20260727,sd_sddot_380E1080,2026-07-27,,"10.5"" Miscellaneous PCC Pavement","10.5"" Miscellaneous PCC Pavement",SQYD,380,sd_sddot_item_catalog_2026_07_27,true
sd_sddot_380E1090_v20260727,sd_sddot_380E1090,2026-07-27,,"11"" Miscellaneous PCC Pavement","11"" Miscellaneous PCC Pavement",SQYD,380,sd_sddot_item_catalog_2026_07_27,true
sd_sddot_380E1100_v20260727,sd_sddot_380E1100,2026-07-27,,"11.5"" Miscellaneous PCC Pavement","11.5"" Miscellaneous PCC Pavement",SQYD,380,sd_sddot_item_catalog_2026_07_27,true
sd_sddot_380E1110_v20260727,sd_sddot_380E1110,2026-07-27,,"12"" Miscellaneous PCC Pavement","12"" Miscellaneous PCC Pavement",SQYD,380,sd_sddot_item_catalog_2026_07_27,true
sd_sddot_380E1120_v20260727,sd_sddot_380E1120,2026-07-27,,Miscellaneous PCC Pavement,Miscellaneous PCC Pavement,SQYD,380,sd_sddot_item_catalog_2026_07_27,true
sd_sddot_380E1500_v20260727,sd_sddot_380E1500,2026-07-27,,"PCC Overlay, Furnish","PCC Overlay, Furnish",CUYD,380,sd_sddot_item_catalog_2026_07_27,true
sd_sddot_380E1510_v20260727,sd_sddot_380E1510,2026-07-27,,"PCC Shoulder Overlay, Placement","PCC Shoulder Overlay, Placement",SQYD,380,sd_sddot_item_catalog_2026_07_27,true
sd_sddot_380E1550_v20260727,sd_sddot_380E1550,2026-07-27,,"5"" PCC Overlay, Placement","5"" PCC Overlay, Placement",SQYD,380,sd_sddot_item_catalog_2026_07_27,true
sd_sddot_380E1570_v20260727,sd_sddot_380E1570,2026-07-27,,"7"" PCC Overlay, Placement","7"" PCC Overlay, Placement",SQYD,380,sd_sddot_item_catalog_2026_07_27,true
sd_sddot_380E1580_v20260727,sd_sddot_380E1580,2026-07-27,,"8"" PCC Overlay, Placement","8"" PCC Overlay, Placement",SQYD,380,sd_sddot_item_catalog_2026_07_27,true
sd_sddot_380E1585_v20260727,sd_sddot_380E1585,2026-07-27,,"8.5"" PCC Overlay, Placement","8.5"" PCC Overlay, Placement",SQYD,380,sd_sddot_item_catalog_2026_07_27,true
sd_sddot_380E1600_v20260727,sd_sddot_380E1600,2026-07-27,,"Fast Track PCC Overlay, Furnish","Fast Track PCC Overlay, Furnish",CUYD,380,sd_sddot_item_catalog_2026_07_27,true
sd_sddot_380E1610_v20260727,sd_sddot_380E1610,2026-07-27,,"Fast Track PCC Overlay, Placement","Fast Track PCC Overlay, Placement",SQYD,380,sd_sddot_item_catalog_2026_07_27,true
sd_sddot_380E1850_v20260727,sd_sddot_380E1850,2026-07-27,,"8"" Colored, Nonmetallic Fiber Reinforced PCC Pavement","8"" Colored, Nonmetallic Fiber Reinforced PCC Pavement",SQYD,380,sd_sddot_item_catalog_2026_07_27,true
sd_sddot_380E2000_v20260727,sd_sddot_380E2000,2026-07-27,,"2.5"" Nonmetallic Fiber Reinforced PCC Pavement","2.5"" Nonmetallic Fiber Reinforced PCC Pavement",SQYD,380,sd_sddot_item_catalog_2026_07_27,true
sd_sddot_380E2120_v20260727,sd_sddot_380E2120,2026-07-27,,"3.5"" Nonmetallic Fiber Reinforced PCC Pavement","3.5"" Nonmetallic Fiber Reinforced PCC Pavement",SQYD,380,sd_sddot_item_catalog_2026_07_27,true
sd_sddot_380E2150_v20260727,sd_sddot_380E2150,2026-07-27,,"5"" Nonmetallic Fiber Reinforced PCC Pavement","5"" Nonmetallic Fiber Reinforced PCC Pavement",SQYD,380,sd_sddot_item_catalog_2026_07_27,true
sd_sddot_380E2160_v20260727,sd_sddot_380E2160,2026-07-27,,"5.5"" Nonmetallic Fiber Reinforced PCC Pavement","5.5"" Nonmetallic Fiber Reinforced PCC Pavement",SQYD,380,sd_sddot_item_catalog_2026_07_27,true
sd_sddot_380E2180_v20260727,sd_sddot_380E2180,2026-07-27,,"6.5"" Nonmetallic Fiber Reinforced PCC Pavement","6.5"" Nonmetallic Fiber Reinforced PCC Pavement",SQYD,380,sd_sddot_item_catalog_2026_07_27,true
sd_sddot_380E2210_v20260727,sd_sddot_380E2210,2026-07-27,,"8"" Nonmetallic Fiber Reinforced PCC Pavement","8"" Nonmetallic Fiber Reinforced PCC Pavement",SQYD,380,sd_sddot_item_catalog_2026_07_27,true
sd_sddot_380E2228_v20260727,sd_sddot_380E2228,2026-07-27,,"9.5"" Nonmetallic Fiber Reinforced PCC Pavement","9.5"" Nonmetallic Fiber Reinforced PCC Pavement",SQYD,380,sd_sddot_item_catalog_2026_07_27,true
sd_sddot_380E2230_v20260727,sd_sddot_380E2230,2026-07-27,,"10"" Nonmetallic Fiber Reinforced PCC Pavement","10"" Nonmetallic Fiber Reinforced PCC Pavement",SQYD,380,sd_sddot_item_catalog_2026_07_27,true
sd_sddot_380E2235_v20260727,sd_sddot_380E2235,2026-07-27,,"10.5"" Nonmetallic Fiber Reinforced PCC Pavement","10.5"" Nonmetallic Fiber Reinforced PCC Pavement",SQYD,380,sd_sddot_item_catalog_2026_07_27,true
sd_sddot_380E2240_v20260727,sd_sddot_380E2240,2026-07-27,,"11"" Nonmetallic Fiber Reinforced PCC Pavement","11"" Nonmetallic Fiber Reinforced PCC Pavement",SQYD,380,sd_sddot_item_catalog_2026_07_27,true
sd_sddot_380E2330_v20260727,sd_sddot_380E2330,2026-07-27,,Low Profile Concrete Barrier,Low Profile Concrete Barrier,FT,380,sd_sddot_item_catalog_2026_07_27,true
sd_sddot_380E2340_v20260727,sd_sddot_380E2340,2026-07-27,,Low Profile Concrete Barrier and 4' Plain Jointed PCC Pavement,Low Profile Concrete Barrier and 4' Plain Jointed PCC Pavement,FT,380,sd_sddot_item_catalog_2026_07_27,true
sd_sddot_380E2350_v20260727,sd_sddot_380E2350,2026-07-27,,Low Profile Concrete Barrier and 6' Plain Jointed PCC Pavement,Low Profile Concrete Barrier and 6' Plain Jointed PCC Pavement,FT,380,sd_sddot_item_catalog_2026_07_27,true
sd_sddot_380E2400_v20260727,sd_sddot_380E2400,2026-07-27,,Concrete Barrier with Concrete Reinforced Footing,Concrete Barrier with Concrete Reinforced Footing,FT,380,sd_sddot_item_catalog_2026_07_27,true
sd_sddot_380E2431_v20260727,sd_sddot_380E2431,2026-07-27,,Concrete Barrier and 8' Plain Jointed Concrete Shoulder,Concrete Barrier and 8' Plain Jointed Concrete Shoulder,FT,380,sd_sddot_item_catalog_2026_07_27,true
sd_sddot_380E2450_v20260727,sd_sddot_380E2450,2026-07-27,,Concrete Barrier and 10' Continuously Reinforced Concrete Shoulder,Concrete Barrier and 10' Continuously Reinforced Concrete Shoulder,FT,380,sd_sddot_item_catalog_2026_07_27,true
sd_sddot_380E2451_v20260727,sd_sddot_380E2451,2026-07-27,,Concrete Barrier and 10' Plain Jointed Concrete Shoulder,Concrete Barrier and 10' Plain Jointed Concrete Shoulder,FT,380,sd_sddot_item_catalog_2026_07_27,true
sd_sddot_380E2472_v20260727,sd_sddot_380E2472,2026-07-27,,Concrete Barrier and 12.5' Plain Jointed PCC Pavement,Concrete Barrier and 12.5' Plain Jointed PCC Pavement,FT,380,sd_sddot_item_catalog_2026_07_27,true
sd_sddot_380E2475_v20260727,sd_sddot_380E2475,2026-07-27,,Concrete Barrier and 14' Plain Jointed PCC Pavement,Concrete Barrier and 14' Plain Jointed PCC Pavement,FT,380,sd_sddot_item_catalog_2026_07_27,true
sd_sddot_380E2554_v20260727,sd_sddot_380E2554,2026-07-27,,"4"" Barrier Type Median PCC Pavement","4"" Barrier Type Median PCC Pavement",SQYD,380,sd_sddot_item_catalog_2026_07_27,true
sd_sddot_380E2556_v20260727,sd_sddot_380E2556,2026-07-27,,"6"" Barrier Type Median PCC Pavement","6"" Barrier Type Median PCC Pavement",SQYD,380,sd_sddot_item_catalog_2026_07_27,true
sd_sddot_380E2558_v20260727,sd_sddot_380E2558,2026-07-27,,"8"" Barrier Type Median PCC Pavement","8"" Barrier Type Median PCC Pavement",SQYD,380,sd_sddot_item_catalog_2026_07_27,true
sd_sddot_380E2564_v20260727,sd_sddot_380E2564,2026-07-27,,"4"" Barrier Type Colored Median PCC Pavement","4"" Barrier Type Colored Median PCC Pavement",SQYD,380,sd_sddot_item_catalog_2026_07_27,true
sd_sddot_380E2566_v20260727,sd_sddot_380E2566,2026-07-27,,"6"" Barrier Type Colored Median PCC Pavement","6"" Barrier Type Colored Median PCC Pavement",SQYD,380,sd_sddot_item_catalog_2026_07_27,true
sd_sddot_380E2568_v20260727,sd_sddot_380E2568,2026-07-27,,"8"" Barrier Type Colored Median PCC Pavement","8"" Barrier Type Colored Median PCC Pavement",SQYD,380,sd_sddot_item_catalog_2026_07_27,true
sd_sddot_380E2574_v20260727,sd_sddot_380E2574,2026-07-27,,"4"" Barrier Type Colored and Patterned Median PCC Pavement","4"" Barrier Type Colored and Patterned Median PCC Pavement",SQYD,380,sd_sddot_item_catalog_2026_07_27,true
sd_sddot_380E2576_v20260727,sd_sddot_380E2576,2026-07-27,,"6"" Barrier Type Colored and Patterned Median PCC Pavement","6"" Barrier Type Colored and Patterned Median PCC Pavement",SQYD,380,sd_sddot_item_catalog_2026_07_27,true
sd_sddot_380E2708_v20260727,sd_sddot_380E2708,2026-07-27,,"8"" Mountable Type Median PCC Pavement","8"" Mountable Type Median PCC Pavement",SQYD,380,sd_sddot_item_catalog_2026_07_27,true
sd_sddot_380E2709_v20260727,sd_sddot_380E2709,2026-07-27,,"9"" Mountable Type Median PCC Pavement","9"" Mountable Type Median PCC Pavement",SQYD,380,sd_sddot_item_catalog_2026_07_27,true
sd_sddot_380E2728_v20260727,sd_sddot_380E2728,2026-07-27,,"8"" Mountable Type Colored Median PCC Pavement","8"" Mountable Type Colored Median PCC Pavement",SQYD,380,sd_sddot_item_catalog_2026_07_27,true
sd_sddot_380E2748_v20260727,sd_sddot_380E2748,2026-07-27,,"8"" Mountable Type Colored and Patterned Median PCC Pavement","8"" Mountable Type Colored and Patterned Median PCC Pavement",SQYD,380,sd_sddot_item_catalog_2026_07_27,true
sd_sddot_380E2900_v20260727,sd_sddot_380E2900,2026-07-27,,"6"" Raised Concrete Island with Pedestrian Access","6"" Raised Concrete Island with Pedestrian Access",SQYD,380,sd_sddot_item_catalog_2026_07_27,true
sd_sddot_380E3000_v20260727,sd_sddot_380E3000,2026-07-27,,"4"" PCC Driveway Pavement","4"" PCC Driveway Pavement",SQYD,380,sd_sddot_item_catalog_2026_07_27,true
sd_sddot_380E3020_v20260727,sd_sddot_380E3020,2026-07-27,,"6"" PCC Driveway Pavement","6"" PCC Driveway Pavement",SQYD,380,sd_sddot_item_catalog_2026_07_27,true
sd_sddot_380E3025_v20260727,sd_sddot_380E3025,2026-07-27,,"6"" Reinforced PCC Driveway Pavement","6"" Reinforced PCC Driveway Pavement",SQYD,380,sd_sddot_item_catalog_2026_07_27,true
sd_sddot_380E3040_v20260727,sd_sddot_380E3040,2026-07-27,,"8"" PCC Driveway Pavement","8"" PCC Driveway Pavement",SQYD,380,sd_sddot_item_catalog_2026_07_27,true
sd_sddot_380E3042_v20260727,sd_sddot_380E3042,2026-07-27,,"8"" Fast Track Concrete Driveway Pavement","8"" Fast Track Concrete Driveway Pavement",SQYD,380,sd_sddot_item_catalog_2026_07_27,true
sd_sddot_380E3520_v20260727,sd_sddot_380E3520,2026-07-27,,"6"" PCC Approach Pavement","6"" PCC Approach Pavement",SQYD,380,sd_sddot_item_catalog_2026_07_27,true
sd_sddot_380E3525_v20260727,sd_sddot_380E3525,2026-07-27,,"6"" Reinforced PCC Approach Pavement","6"" Reinforced PCC Approach Pavement",SQYD,380,sd_sddot_item_catalog_2026_07_27,true
sd_sddot_380E3530_v20260727,sd_sddot_380E3530,2026-07-27,,"7"" PCC Approach Pavement","7"" PCC Approach Pavement",SQYD,380,sd_sddot_item_catalog_2026_07_27,true
sd_sddot_380E3540_v20260727,sd_sddot_380E3540,2026-07-27,,"8"" PCC Approach Pavement","8"" PCC Approach Pavement",SQYD,380,sd_sddot_item_catalog_2026_07_27,true
sd_sddot_380E3542_v20260727,sd_sddot_380E3542,2026-07-27,,"8"" Fast Track Concrete Approach Pavement","8"" Fast Track Concrete Approach Pavement",SQYD,380,sd_sddot_item_catalog_2026_07_27,true
sd_sddot_380E3545_v20260727,sd_sddot_380E3545,2026-07-27,,"8"" Reinforced PCC Approach Pavement","8"" Reinforced PCC Approach Pavement",SQYD,380,sd_sddot_item_catalog_2026_07_27,true
sd_sddot_380E4010_v20260727,sd_sddot_380E4010,2026-07-27,,"6"" PCC Fillet Section","6"" PCC Fillet Section",SQYD,380,sd_sddot_item_catalog_2026_07_27,true
sd_sddot_380E4020_v20260727,sd_sddot_380E4020,2026-07-27,,"6.5"" PCC Fillet Section","6.5"" PCC Fillet Section",SQYD,380,sd_sddot_item_catalog_2026_07_27,true
sd_sddot_380E4030_v20260727,sd_sddot_380E4030,2026-07-27,,"7"" PCC Fillet Section","7"" PCC Fillet Section",SQYD,380,sd_sddot_item_catalog_2026_07_27,true
sd_sddot_380E4040_v20260727,sd_sddot_380E4040,2026-07-27,,"7.5"" PCC Fillet Section","7.5"" PCC Fillet Section",SQYD,380,sd_sddot_item_catalog_2026_07_27,true
sd_sddot_380E4050_v20260727,sd_sddot_380E4050,2026-07-27,,"8"" PCC Fillet Section","8"" PCC Fillet Section",SQYD,380,sd_sddot_item_catalog_2026_07_27,true
sd_sddot_380E4060_v20260727,sd_sddot_380E4060,2026-07-27,,"8.5"" PCC Fillet Section","8.5"" PCC Fillet Section",SQYD,380,sd_sddot_item_catalog_2026_07_27,true
sd_sddot_380E4070_v20260727,sd_sddot_380E4070,2026-07-27,,"9"" PCC Fillet Section","9"" PCC Fillet Section",SQYD,380,sd_sddot_item_catalog_2026_07_27,true
sd_sddot_380E4080_v20260727,sd_sddot_380E4080,2026-07-27,,"9.5"" PCC Fillet Section","9.5"" PCC Fillet Section",SQYD,380,sd_sddot_item_catalog_2026_07_27,true
sd_sddot_380E4090_v20260727,sd_sddot_380E4090,2026-07-27,,"10"" PCC Fillet Section","10"" PCC Fillet Section",SQYD,380,sd_sddot_item_catalog_2026_07_27,true
sd_sddot_380E4100_v20260727,sd_sddot_380E4100,2026-07-27,,"10.5"" PCC Fillet Section","10.5"" PCC Fillet Section",SQYD,380,sd_sddot_item_catalog_2026_07_27,true
sd_sddot_380E4110_v20260727,sd_sddot_380E4110,2026-07-27,,"11"" PCC Fillet Section","11"" PCC Fillet Section",SQYD,380,sd_sddot_item_catalog_2026_07_27,true
sd_sddot_380E4120_v20260727,sd_sddot_380E4120,2026-07-27,,"11.5"" PCC Fillet Section","11.5"" PCC Fillet Section",SQYD,380,sd_sddot_item_catalog_2026_07_27,true
sd_sddot_380E4130_v20260727,sd_sddot_380E4130,2026-07-27,,"12"" PCC Fillet Section","12"" PCC Fillet Section",SQYD,380,sd_sddot_item_catalog_2026_07_27,true
sd_sddot_380E4906_v20260727,sd_sddot_380E4906,2026-07-27,,"6"" PCC Ditch Liner","6"" PCC Ditch Liner",SQYD,380,sd_sddot_item_catalog_2026_07_27,true
sd_sddot_380E5010_v20260727,sd_sddot_380E5010,2026-07-27,,Fast Track Concrete,Fast Track Concrete,SQYD,380,sd_sddot_item_catalog_2026_07_27,true
sd_sddot_380E5020_v20260727,sd_sddot_380E5020,2026-07-27,,Fast Track Concrete for PCC Pavement Repair,Fast Track Concrete for PCC Pavement Repair,SQYD,380,sd_sddot_item_catalog_2026_07_27,true
sd_sddot_380E5030_v20260727,sd_sddot_380E5030,2026-07-27,,Nonreinforced PCC Pavement Repair,Nonreinforced PCC Pavement Repair,SQYD,380,sd_sddot_item_catalog_2026_07_27,true
sd_sddot_380E5040_v20260727,sd_sddot_380E5040,2026-07-27,,Underpinning for PCC Pavement Repair,Underpinning for PCC Pavement Repair,FT,380,sd_sddot_item_catalog_2026_07_27,true
sd_sddot_380E5080_v20260727,sd_sddot_380E5080,2026-07-27,,Nonmetallic Fiber Reinforced PCC Pavement Repair,Nonmetallic Fiber Reinforced PCC Pavement Repair,SQYD,380,sd_sddot_item_catalog_2026_07_27,true
sd_sddot_380E5100_v20260727,sd_sddot_380E5100,2026-07-27,,Continuously Reinforced PCC Pavement Repair,Continuously Reinforced PCC Pavement Repair,SQYD,380,sd_sddot_item_catalog_2026_07_27,true
sd_sddot_380E5110_v20260727,sd_sddot_380E5110,2026-07-27,,PCC Pavement Terminal Repair,PCC Pavement Terminal Repair,FT,380,sd_sddot_item_catalog_2026_07_27,true
sd_sddot_380E5200_v20260727,sd_sddot_380E5200,2026-07-27,,PCC Pavement Partial Depth Patch,PCC Pavement Partial Depth Patch,SQFT,380,sd_sddot_item_catalog_2026_07_27,true
sd_sddot_380E5500_v20260727,sd_sddot_380E5500,2026-07-27,,PCC Pavement Epoxy Injection,PCC Pavement Epoxy Injection,GAL,380,sd_sddot_item_catalog_2026_07_27,true
sd_sddot_380E6000_v20260727,sd_sddot_380E6000,2026-07-27,,Dowel Bar,Dowel Bar,EACH,380,sd_sddot_item_catalog_2026_07_27,true
sd_sddot_380E6005_v20260727,sd_sddot_380E6005,2026-07-27,,"Dowel Bar, State Furnished","Dowel Bar, State Furnished",EACH,380,sd_sddot_item_catalog_2026_07_27,true
sd_sddot_380E6010_v20260727,sd_sddot_380E6010,2026-07-27,,Dowel Bar Retrofit,Dowel Bar Retrofit,EACH,380,sd_sddot_item_catalog_2026_07_27,true
sd_sddot_380E6110_v20260727,sd_sddot_380E6110,2026-07-27,,Insert Steel Bar in PCC Pavement,Insert Steel Bar in PCC Pavement,EACH,380,sd_sddot_item_catalog_2026_07_27,true
sd_sddot_380E6150_v20260727,sd_sddot_380E6150,2026-07-27,,Tie Bar Retrofit,Tie Bar Retrofit,EACH,380,sd_sddot_item_catalog_2026_07_27,true
sd_sddot_380E6200_v20260727,sd_sddot_380E6200,2026-07-27,,"Tie Bar Retrofit, Stitching","Tie Bar Retrofit, Stitching",EACH,380,sd_sddot_item_catalog_2026_07_27,true
sd_sddot_380E6300_v20260727,sd_sddot_380E6300,2026-07-27,,Reseal PCC Pavement Joint - Silicone,Reseal PCC Pavement Joint - Silicone,FT,380,sd_sddot_item_catalog_2026_07_27,true
sd_sddot_380E6302_v20260727,sd_sddot_380E6302,2026-07-27,,Reseal PCC Pavement Joint - Hot Pour,Reseal PCC Pavement Joint - Hot Pour,FT,380,sd_sddot_item_catalog_2026_07_27,true
sd_sddot_380E6305_v20260727,sd_sddot_380E6305,2026-07-27,,Compression Seal Joint,Compression Seal Joint,FT,380,sd_sddot_item_catalog_2026_07_27,true
sd_sddot_380E6306_v20260727,sd_sddot_380E6306,2026-07-27,,Install State Furnished Compression Seal Joint,Install State Furnished Compression Seal Joint,FT,380,sd_sddot_item_catalog_2026_07_27,true
sd_sddot_380E6307_v20260727,sd_sddot_380E6307,2026-07-27,,Closed Cell Foam Joint,Closed Cell Foam Joint,FT,380,sd_sddot_item_catalog_2026_07_27,true
sd_sddot_380E6310_v20260727,sd_sddot_380E6310,2026-07-27,,Seal Random Cracks in PCC Pavement,Seal Random Cracks in PCC Pavement,FT,380,sd_sddot_item_catalog_2026_07_27,true
sd_sddot_380E6340_v20260727,sd_sddot_380E6340,2026-07-27,,"Reseal Special, Variable Width Pavement Joint, Hot Pour","Reseal Special, Variable Width Pavement Joint, Hot Pour",FT,380,sd_sddot_item_catalog_2026_07_27,true
sd_sddot_380E6360_v20260727,sd_sddot_380E6360,2026-07-27,,Fill Longitudinal Joint,Fill Longitudinal Joint,FT,380,sd_sddot_item_catalog_2026_07_27,true
sd_sddot_380E6370_v20260727,sd_sddot_380E6370,2026-07-27,,Fill Longitudinal Joint,Fill Longitudinal Joint,CUYD,380,sd_sddot_item_catalog_2026_07_27,true
sd_sddot_380E6400_v20260727,sd_sddot_380E6400,2026-07-27,,Saw Relief Joint in PCC Pavement,Saw Relief Joint in PCC Pavement,FT,380,sd_sddot_item_catalog_2026_07_27,true
sd_sddot_380E6450_v20260727,sd_sddot_380E6450,2026-07-27,,Saw Joint in PCC Pavement,Saw Joint in PCC Pavement,FT,380,sd_sddot_item_catalog_2026_07_27,true
sd_sddot_380E6500_v20260727,sd_sddot_380E6500,2026-07-27,,Planing PCC Pavement,Planing PCC Pavement,SQYD,380,sd_sddot_item_catalog_2026_07_27,true
sd_sddot_380E6505_v20260727,sd_sddot_380E6505,2026-07-27,,NGCS Grinding PCC Pavement,NGCS Grinding PCC Pavement,SQYD,380,sd_sddot_item_catalog_2026_07_27,true
sd_sddot_380E6510_v20260727,sd_sddot_380E6510,2026-07-27,,Grinding PCC Pavement,Grinding PCC Pavement,SQYD,380,sd_sddot_item_catalog_2026_07_27,true
sd_sddot_380E6515_v20260727,sd_sddot_380E6515,2026-07-27,,Grinding PCC Pavement Test Section,Grinding PCC Pavement Test Section,EACH,380,sd_sddot_item_catalog_2026_07_27,true
sd_sddot_380E6520_v20260727,sd_sddot_380E6520,2026-07-27,,Grooving PCC Pavement,Grooving PCC Pavement,SQYD,380,sd_sddot_item_catalog_2026_07_27,true
sd_sddot_380E6530_v20260727,sd_sddot_380E6530,2026-07-27,,"Grind 6"" Transverse Rumble Strip in PCC Pavement","Grind 6"" Transverse Rumble Strip in PCC Pavement",FT,380,sd_sddot_item_catalog_2026_07_27,true
sd_sddot_380E6545_v20260727,sd_sddot_380E6545,2026-07-27,,"Grind 12"" Rumble Strip or Stripe in PCC Pavement","Grind 12"" Rumble Strip or Stripe in PCC Pavement",MILE,380,sd_sddot_item_catalog_2026_07_27,true
sd_sddot_380E6548_v20260727,sd_sddot_380E6548,2026-07-27,,Grind Sinusoidal Centerline Rumble Stripe in PCC Pavement,Grind Sinusoidal Centerline Rumble Stripe in PCC Pavement,MILE,380,sd_sddot_item_catalog_2026_07_27,true
sd_sddot_380E6550_v20260727,sd_sddot_380E6550,2026-07-27,,"Grind 16"" Rumble Strip in PCC Pavement","Grind 16"" Rumble Strip in PCC Pavement",MILE,380,sd_sddot_item_catalog_2026_07_27,true
sd_sddot_380E7035_v20260727,sd_sddot_380E7035,2026-07-27,,Grind Sinusoidal Transverse Rumble Strip in PCC Pavement,Grind Sinusoidal Transverse Rumble Strip in PCC Pavement,SQFT,380,sd_sddot_item_catalog_2026_07_27,true
sd_sddot_380E7500_v20260727,sd_sddot_380E7500,2026-07-27,,Patterning Concrete,Patterning Concrete,SQYD,380,sd_sddot_item_catalog_2026_07_27,true
sd_sddot_380E8000_v20260727,sd_sddot_380E8000,2026-07-27,,12' Continuously Reinforced to Nonreinforced PCC Pavement Terminal,12' Continuously Reinforced to Nonreinforced PCC Pavement Terminal,EACH,380,sd_sddot_item_catalog_2026_07_27,true
sd_sddot_380E8010_v20260727,sd_sddot_380E8010,2026-07-27,,"12'-9"" Continuously Reinforced to Nonreinforced PCC Pavement Terminal","12'-9"" Continuously Reinforced to Nonreinforced PCC Pavement Terminal",EACH,380,sd_sddot_item_catalog_2026_07_27,true
sd_sddot_380E8020_v20260727,sd_sddot_380E8020,2026-07-27,,24' Continuously Reinforced to Nonreinforced PCC Pavement Terminal,24' Continuously Reinforced to Nonreinforced PCC Pavement Terminal,EACH,380,sd_sddot_item_catalog_2026_07_27,true
sd_sddot_380E8030_v20260727,sd_sddot_380E8030,2026-07-27,,26' Continuously Reinforced to Nonreinforced PCC Pavement Terminal,26' Continuously Reinforced to Nonreinforced PCC Pavement Terminal,EACH,380,sd_sddot_item_catalog_2026_07_27,true
sd_sddot_380E8034_v20260727,sd_sddot_380E8034,2026-07-27,,34' Continuously Reinforced to Nonreinforced PCC Pavement Terminal,34' Continuously Reinforced to Nonreinforced PCC Pavement Terminal,EACH,380,sd_sddot_item_catalog_2026_07_27,true
sd_sddot_380E8040_v20260727,sd_sddot_380E8040,2026-07-27,,36' Continuously Reinforced to Nonreinforced PCC Pavement Terminal,36' Continuously Reinforced to Nonreinforced PCC Pavement Terminal,EACH,380,sd_sddot_item_catalog_2026_07_27,true
sd_sddot_380E8044_v20260727,sd_sddot_380E8044,2026-07-27,,40' Continuously Reinforced to Nonreinforced PCC Pavement Terminal,40' Continuously Reinforced to Nonreinforced PCC Pavement Terminal,EACH,380,sd_sddot_item_catalog_2026_07_27,true
sd_sddot_380E8056_v20260727,sd_sddot_380E8056,2026-07-27,,56' Continuously Reinforced to Nonreinforced PCC Pavement Terminal,56' Continuously Reinforced to Nonreinforced PCC Pavement Terminal,EACH,380,sd_sddot_item_catalog_2026_07_27,true
sd_sddot_380E8058_v20260727,sd_sddot_380E8058,2026-07-27,,58' Continuously Reinforced to Nonreinforced PCC Pavement Terminal,58' Continuously Reinforced to Nonreinforced PCC Pavement Terminal,EACH,380,sd_sddot_item_catalog_2026_07_27,true
sd_sddot_380E8068_v20260727,sd_sddot_380E8068,2026-07-27,,68' Continuously Reinforced to Nonreinforced PCC Pavement Terminal,68' Continuously Reinforced to Nonreinforced PCC Pavement Terminal,EACH,380,sd_sddot_item_catalog_2026_07_27,true
sd_sddot_380E8070_v20260727,sd_sddot_380E8070,2026-07-27,,70' Continuously Reinforced to Nonreinforced PCC Pavement Terminal,70' Continuously Reinforced to Nonreinforced PCC Pavement Terminal,EACH,380,sd_sddot_item_catalog_2026_07_27,true
sd_sddot_380E8072_v20260727,sd_sddot_380E8072,2026-07-27,,72' Continuously Reinforced to Nonreinforced PCC Pavement Terminal,72' Continuously Reinforced to Nonreinforced PCC Pavement Terminal,EACH,380,sd_sddot_item_catalog_2026_07_27,true
sd_sddot_380E8080_v20260727,sd_sddot_380E8080,2026-07-27,,14' PCC Pavement Terminal,14' PCC Pavement Terminal,EACH,380,sd_sddot_item_catalog_2026_07_27,true
sd_sddot_380E9000_v20260727,sd_sddot_380E9000,2026-07-27,,Temporary Earth Crossing,Temporary Earth Crossing,EACH,380,sd_sddot_item_catalog_2026_07_27,true
sd_sddot_380E9010_v20260727,sd_sddot_380E9010,2026-07-27,,Temporary Gravel Crossing,Temporary Gravel Crossing,EACH,380,sd_sddot_item_catalog_2026_07_27,true
sd_sddot_380E9100_v20260727,sd_sddot_380E9100,2026-07-27,,Lime Slurry,Lime Slurry,MILE,380,sd_sddot_item_catalog_2026_07_27,true
sd_sddot_390E0100_v20260727,sd_sddot_390E0100,2026-07-27,,Saw and Seal Joint,Saw and Seal Joint,FT,390,sd_sddot_item_catalog_2026_07_27,true
sd_sddot_390E0200_v20260727,sd_sddot_390E0200,2026-07-27,,Repair Type A Spall,Repair Type A Spall,SQFT,390,sd_sddot_item_catalog_2026_07_27,true
sd_sddot_390E0210_v20260727,sd_sddot_390E0210,2026-07-27,,Repair Type B Spall,Repair Type B Spall,SQFT,390,sd_sddot_item_catalog_2026_07_27,true
sd_sddot_390E0212_v20260727,sd_sddot_390E0212,2026-07-27,,Repair Type B Spall,Repair Type B Spall,LB,390,sd_sddot_item_catalog_2026_07_27,true
sd_sddot_391E0100_v20260727,sd_sddot_391E0100,2026-07-27,,Drill Hole in PCC Pavement,Drill Hole in PCC Pavement,EACH,391,sd_sddot_item_catalog_2026_07_27,true
sd_sddot_391E0200_v20260727,sd_sddot_391E0200,2026-07-27,,Undersealing PCC Pavement,Undersealing PCC Pavement,CUFT,391,sd_sddot_item_catalog_2026_07_27,true
sd_sddot_391E0300_v20260727,sd_sddot_391E0300,2026-07-27,,Deflection Testing,Deflection Testing,EACH,391,sd_sddot_item_catalog_2026_07_27,true
sd_sddot_392E0100_v20260727,sd_sddot_392E0100,2026-07-27,,PCC Pavement Jacking Slurry,PCC Pavement Jacking Slurry,CUFT,392,sd_sddot_item_catalog_2026_07_27,true
sd_sddot_392E0210_v20260727,sd_sddot_392E0210,2026-07-27,,PCC Pavement Jacking Foam,PCC Pavement Jacking Foam,LB,392,sd_sddot_item_catalog_2026_07_27,true
sd_sddot_393E0100_v20260727,sd_sddot_393E0100,2026-07-27,,Cracking and Seating PCC Pavement,Cracking and Seating PCC Pavement,SQYD,393,sd_sddot_item_catalog_2026_07_27,true
sd_sddot_393E0300_v20260727,sd_sddot_393E0300,2026-07-27,,Cored or Sawed Sample,Cored or Sawed Sample,EACH,393,sd_sddot_item_catalog_2026_07_27,true
sd_sddot_393E0500_v20260727,sd_sddot_393E0500,2026-07-27,,Breaking and Seating PCC Pavement,Breaking and Seating PCC Pavement,SQYD,393,sd_sddot_item_catalog_2026_07_27,true
sd_sddot_394E0100_v20260727,sd_sddot_394E0100,2026-07-27,,Rubblize PCC Pavement,Rubblize PCC Pavement,SQYD,394,sd_sddot_item_catalog_2026_07_27,true
sd_sddot_395E1250_v20260727,sd_sddot_395E1250,2026-07-27,,High Friction Surface Treatment,High Friction Surface Treatment,SQYD,395,sd_sddot_item_catalog_2026_07_27,true
sd_sddot_395E1254_v20260727,sd_sddot_395E1254,2026-07-27,,Two Coat High Friction Surface Treatment,Two Coat High Friction Surface Treatment,SQYD,395,sd_sddot_item_catalog_2026_07_27,true
sd_sddot_395E1256_v20260727,sd_sddot_395E1256,2026-07-27,,Abrasive Blasting of PCC Pavement,Abrasive Blasting of PCC Pavement,SQYD,395,sd_sddot_item_catalog_2026_07_27,true
sd_sddot_395E1258_v20260727,sd_sddot_395E1258,2026-07-27,,Abrasive Blasting of AC Pavement,Abrasive Blasting of AC Pavement,SQYD,395,sd_sddot_item_catalog_2026_07_27,true
sd_sddot_410E0010_v20260727,sd_sddot_410E0010,2026-07-27,,Structural Steel,Structural Steel,LB,410,sd_sddot_item_catalog_2026_07_27,true
sd_sddot_410E0020_v20260727,sd_sddot_410E0020,2026-07-27,,Structural Steel,Structural Steel,L S,410,sd_sddot_item_catalog_2026_07_27,true
sd_sddot_410E0025_v20260727,sd_sddot_410E0025,2026-07-27,,"Structural Steel, Furnish","Structural Steel, Furnish",L S,410,sd_sddot_item_catalog_2026_07_27,true
sd_sddot_410E0026_v20260727,sd_sddot_410E0026,2026-07-27,,"Structural Steel, Install","Structural Steel, Install",L S,410,sd_sddot_item_catalog_2026_07_27,true
sd_sddot_410E0030_v20260727,sd_sddot_410E0030,2026-07-27,,"Structural Steel, Miscellaneous","Structural Steel, Miscellaneous",L S,410,sd_sddot_item_catalog_2026_07_27,true
sd_sddot_410E0040_v20260727,sd_sddot_410E0040,2026-07-27,,"Structural Steel, Orthotropic Deck","Structural Steel, Orthotropic Deck",L S,410,sd_sddot_item_catalog_2026_07_27,true
sd_sddot_410E0050_v20260727,sd_sddot_410E0050,2026-07-27,,Steel Grating,Steel Grating,SQFT,410,sd_sddot_item_catalog_2026_07_27,true
sd_sddot_410E0090_v20260727,sd_sddot_410E0090,2026-07-27,,FRP Sidewalk Decking,FRP Sidewalk Decking,SQFT,410,sd_sddot_item_catalog_2026_07_27,true
sd_sddot_410E0100_v20260727,sd_sddot_410E0100,2026-07-27,,"Fatigue Retrofit Steel Girder, Dog Bone","Fatigue Retrofit Steel Girder, Dog Bone",EACH,410,sd_sddot_item_catalog_2026_07_27,true
sd_sddot_410E0101_v20260727,sd_sddot_410E0101,2026-07-27,,"Fatigue Retrofit Steel Girder, Peening","Fatigue Retrofit Steel Girder, Peening",EACH,410,sd_sddot_item_catalog_2026_07_27,true
sd_sddot_410E0102_v20260727,sd_sddot_410E0102,2026-07-27,,"Fatigue Retrofit Steel Girder, Type B","Fatigue Retrofit Steel Girder, Type B",EACH,410,sd_sddot_item_catalog_2026_07_27,true
sd_sddot_410E0103_v20260727,sd_sddot_410E0103,2026-07-27,,"Fatigue Retrofit Steel Girder, Type C","Fatigue Retrofit Steel Girder, Type C",EACH,410,sd_sddot_item_catalog_2026_07_27,true
sd_sddot_410E0104_v20260727,sd_sddot_410E0104,2026-07-27,,"Fatigue Retrofit Steel Girder, Coring","Fatigue Retrofit Steel Girder, Coring",EACH,410,sd_sddot_item_catalog_2026_07_27,true
sd_sddot_410E0150_v20260727,sd_sddot_410E0150,2026-07-27,,Remove and Reset Bridge Girder,Remove and Reset Bridge Girder,L S,410,sd_sddot_item_catalog_2026_07_27,true
sd_sddot_410E0200_v20260727,sd_sddot_410E0200,2026-07-27,,Girder Posttensioning,Girder Posttensioning,EACH,410,sd_sddot_item_catalog_2026_07_27,true
sd_sddot_410E0250_v20260727,sd_sddot_410E0250,2026-07-27,,Heat Straighten Steel Member(s),Heat Straighten Steel Member(s),L S,410,sd_sddot_item_catalog_2026_07_27,true
sd_sddot_410E0300_v20260727,sd_sddot_410E0300,2026-07-27,,Modify Girder End,Modify Girder End,EACH,410,sd_sddot_item_catalog_2026_07_27,true
sd_sddot_410E0320_v20260727,sd_sddot_410E0320,2026-07-27,,Bolted Girder Splice,Bolted Girder Splice,EACH,410,sd_sddot_item_catalog_2026_07_27,true
sd_sddot_410E0325_v20260727,sd_sddot_410E0325,2026-07-27,,Remove and Replace Bolt Assembly,Remove and Replace Bolt Assembly,EACH,410,sd_sddot_item_catalog_2026_07_27,true
sd_sddot_410E0340_v20260727,sd_sddot_410E0340,2026-07-27,,Repair Gusset Plate,Repair Gusset Plate,EACH,410,sd_sddot_item_catalog_2026_07_27,true
sd_sddot_410E0342_v20260727,sd_sddot_410E0342,2026-07-27,,Repair Gusset Plate End Post,Repair Gusset Plate End Post,EACH,410,sd_sddot_item_catalog_2026_07_27,true
sd_sddot_410E0350_v20260727,sd_sddot_410E0350,2026-07-27,,Remove and Replace Web,Remove and Replace Web,EACH,410,sd_sddot_item_catalog_2026_07_27,true
sd_sddot_410E0354_v20260727,sd_sddot_410E0354,2026-07-27,,Remove and Replace Web and Flange,Remove and Replace Web and Flange,EACH,410,sd_sddot_item_catalog_2026_07_27,true
sd_sddot_410E0360_v20260727,sd_sddot_410E0360,2026-07-27,,"Bearing Stiffener, Install","Bearing Stiffener, Install",EACH,410,sd_sddot_item_catalog_2026_07_27,true
sd_sddot_410E0365_v20260727,sd_sddot_410E0365,2026-07-27,,Remove and Replace Transverse Stiffener,Remove and Replace Transverse Stiffener,EACH,410,sd_sddot_item_catalog_2026_07_27,true
sd_sddot_410E0370_v20260727,sd_sddot_410E0370,2026-07-27,,Remove Lateral Brace,Remove Lateral Brace,EACH,410,sd_sddot_item_catalog_2026_07_27,true
sd_sddot_410E0380_v20260727,sd_sddot_410E0380,2026-07-27,,Remove and Replace Steel Diaphragm,Remove and Replace Steel Diaphragm,EACH,410,sd_sddot_item_catalog_2026_07_27,true
sd_sddot_410E0385_v20260727,sd_sddot_410E0385,2026-07-27,,Repair Steel Diaphragm,Repair Steel Diaphragm,EACH,410,sd_sddot_item_catalog_2026_07_27,true
sd_sddot_410E0390_v20260727,sd_sddot_410E0390,2026-07-27,,Diaphragm Retrofit,Diaphragm Retrofit,EACH,410,sd_sddot_item_catalog_2026_07_27,true
sd_sddot_410E0400_v20260727,sd_sddot_410E0400,2026-07-27,,Shear Connector Retrofit,Shear Connector Retrofit,EACH,410,sd_sddot_item_catalog_2026_07_27,true
sd_sddot_410E0410_v20260727,sd_sddot_410E0410,2026-07-27,,Stud Shear Connector,Stud Shear Connector,EACH,410,sd_sddot_item_catalog_2026_07_27,true
sd_sddot_410E0500_v20260727,sd_sddot_410E0500,2026-07-27,,Weld Stiffener to Girder Flange,Weld Stiffener to Girder Flange,EACH,410,sd_sddot_item_catalog_2026_07_27,true
sd_sddot_410E0505_v20260727,sd_sddot_410E0505,2026-07-27,,Weld Joint,Weld Joint,EACH,410,sd_sddot_item_catalog_2026_07_27,true
sd_sddot_410E0508_v20260727,sd_sddot_410E0508,2026-07-27,,Field Weld,Field Weld,IN,410,sd_sddot_item_catalog_2026_07_27,true
sd_sddot_410E0510_v20260727,sd_sddot_410E0510,2026-07-27,,Weld Web to Flange,Weld Web to Flange,EACH,410,sd_sddot_item_catalog_2026_07_27,true
sd_sddot_410E0512_v20260727,sd_sddot_410E0512,2026-07-27,,Grind Weld,Grind Weld,IN,410,sd_sddot_item_catalog_2026_07_27,true
sd_sddot_410E0513_v20260727,sd_sddot_410E0513,2026-07-27,,Tack Weld Removal,Tack Weld Removal,EACH,410,sd_sddot_item_catalog_2026_07_27,true
sd_sddot_410E0515_v20260727,sd_sddot_410E0515,2026-07-27,,Drill Hole in Existing Steel,Drill Hole in Existing Steel,EACH,410,sd_sddot_item_catalog_2026_07_27,true
sd_sddot_410E0520_v20260727,sd_sddot_410E0520,2026-07-27,,Surface Grinding of Structural Steel,Surface Grinding of Structural Steel,SQIN,410,sd_sddot_item_catalog_2026_07_27,true
sd_sddot_410E0540_v20260727,sd_sddot_410E0540,2026-07-27,,"Jack Superstructure, Steel Truss Bridge","Jack Superstructure, Steel Truss Bridge",L S,410,sd_sddot_item_catalog_2026_07_27,true
sd_sddot_410E0550_v20260727,sd_sddot_410E0550,2026-07-27,,"Jack Superstructure, Steel Girder Bridge","Jack Superstructure, Steel Girder Bridge",L S,410,sd_sddot_item_catalog_2026_07_27,true
sd_sddot_410E0560_v20260727,sd_sddot_410E0560,2026-07-27,,Jack Superstructure and Shift Bearing Shoes,Jack Superstructure and Shift Bearing Shoes,L S,410,sd_sddot_item_catalog_2026_07_27,true
sd_sddot_410E0570_v20260727,sd_sddot_410E0570,2026-07-27,,Bridge End Support,Bridge End Support,L S,410,sd_sddot_item_catalog_2026_07_27,true
sd_sddot_410E0600_v20260727,sd_sddot_410E0600,2026-07-27,,Dismantle Portions of Existing Structure,Dismantle Portions of Existing Structure,L S,410,sd_sddot_item_catalog_2026_07_27,true
sd_sddot_410E0700_v20260727,sd_sddot_410E0700,2026-07-27,,Abutment Joint Drain,Abutment Joint Drain,EACH,410,sd_sddot_item_catalog_2026_07_27,true
sd_sddot_410E0710_v20260727,sd_sddot_410E0710,2026-07-27,,Joint Gutter Assembly,Joint Gutter Assembly,EACH,410,sd_sddot_item_catalog_2026_07_27,true
sd_sddot_410E0800_v20260727,sd_sddot_410E0800,2026-07-27,,Bridge Luminaire Pole Seat(s),Bridge Luminaire Pole Seat(s),L S,410,sd_sddot_item_catalog_2026_07_27,true
sd_sddot_410E0805_v20260727,sd_sddot_410E0805,2026-07-27,,Remove and Reset Utility on Structure,Remove and Reset Utility on Structure,L S,410,sd_sddot_item_catalog_2026_07_27,true
sd_sddot_410E0810_v20260727,sd_sddot_410E0810,2026-07-27,,"Bridge Conduit, Install","Bridge Conduit, Install",FT,410,sd_sddot_item_catalog_2026_07_27,true
sd_sddot_410E0812_v20260727,sd_sddot_410E0812,2026-07-27,,Repair Bridge Conduit Support,Repair Bridge Conduit Support,EACH,410,sd_sddot_item_catalog_2026_07_27,true
sd_sddot_410E0900_v20260727,sd_sddot_410E0900,2026-07-27,,Sill Tie Back,Sill Tie Back,EACH,410,sd_sddot_item_catalog_2026_07_27,true
sd_sddot_410E1000_v20260727,sd_sddot_410E1000,2026-07-27,,"Bearing, Furnish","Bearing, Furnish",EACH,410,sd_sddot_item_catalog_2026_07_27,true
sd_sddot_410E1001_v20260727,sd_sddot_410E1001,2026-07-27,,"Bearing, Install","Bearing, Install",EACH,410,sd_sddot_item_catalog_2026_07_27,true
sd_sddot_410E1002_v20260727,sd_sddot_410E1002,2026-07-27,,"Remove, Rehabilitate, and Reinstall Bearing","Remove, Rehabilitate, and Reinstall Bearing",EACH,410,sd_sddot_item_catalog_2026_07_27,true
sd_sddot_410E1100_v20260727,sd_sddot_410E1100,2026-07-27,,Elastomeric Bearing Pad,Elastomeric Bearing Pad,EACH,410,sd_sddot_item_catalog_2026_07_27,true
sd_sddot_410E1110_v20260727,sd_sddot_410E1110,2026-07-27,,Laminated Elastomeric Bearing Pad,Laminated Elastomeric Bearing Pad,EACH,410,sd_sddot_item_catalog_2026_07_27,true
sd_sddot_410E1120_v20260727,sd_sddot_410E1120,2026-07-27,,Sliding Elastomeric Bearing,Sliding Elastomeric Bearing,EACH,410,sd_sddot_item_catalog_2026_07_27,true
sd_sddot_410E1150_v20260727,sd_sddot_410E1150,2026-07-27,,Disc Bearing Assembly,Disc Bearing Assembly,EACH,410,sd_sddot_item_catalog_2026_07_27,true
sd_sddot_410E1200_v20260727,sd_sddot_410E1200,2026-07-27,,Fixed Pot Bearing,Fixed Pot Bearing,EACH,410,sd_sddot_item_catalog_2026_07_27,true
sd_sddot_410E1300_v20260727,sd_sddot_410E1300,2026-07-27,,Expansion Pot Bearing,Expansion Pot Bearing,EACH,410,sd_sddot_item_catalog_2026_07_27,true
sd_sddot_410E1400_v20260727,sd_sddot_410E1400,2026-07-27,,Expansion Bearing Shoe,Expansion Bearing Shoe,EACH,410,sd_sddot_item_catalog_2026_07_27,true
sd_sddot_410E1500_v20260727,sd_sddot_410E1500,2026-07-27,,Reset Bearing,Reset Bearing,EACH,410,sd_sddot_item_catalog_2026_07_27,true
sd_sddot_410E1510_v20260727,sd_sddot_410E1510,2026-07-27,,Reset Rocker Bearing(s),Reset Rocker Bearing(s),L S,410,sd_sddot_item_catalog_2026_07_27,true
sd_sddot_410E1520_v20260727,sd_sddot_410E1520,2026-07-27,,Reset Expansion Joint Bearing,Reset Expansion Joint Bearing,EACH,410,sd_sddot_item_catalog_2026_07_27,true
sd_sddot_410E1600_v20260727,sd_sddot_410E1600,2026-07-27,,Fix Expansion Bearing,Fix Expansion Bearing,EACH,410,sd_sddot_item_catalog_2026_07_27,true
sd_sddot_410E1610_v20260727,sd_sddot_410E1610,2026-07-27,,Type 1 Bearing Repair,Type 1 Bearing Repair,EACH,410,sd_sddot_item_catalog_2026_07_27,true
sd_sddot_410E1620_v20260727,sd_sddot_410E1620,2026-07-27,,Type 2 Bearing Repair,Type 2 Bearing Repair,EACH,410,sd_sddot_item_catalog_2026_07_27,true
sd_sddot_410E2000_v20260727,sd_sddot_410E2000,2026-07-27,,Armored Edge Assembly,Armored Edge Assembly,FT,410,sd_sddot_item_catalog_2026_07_27,true
sd_sddot_410E2010_v20260727,sd_sddot_410E2010,2026-07-27,,"Armored Edge, Install","Armored Edge, Install",EACH,410,sd_sddot_item_catalog_2026_07_27,true
sd_sddot_410E2020_v20260727,sd_sddot_410E2020,2026-07-27,,Modify Armored Joint,Modify Armored Joint,EACH,410,sd_sddot_item_catalog_2026_07_27,true
sd_sddot_410E2030_v20260727,sd_sddot_410E2030,2026-07-27,,Modify Fixed Joint,Modify Fixed Joint,EACH,410,sd_sddot_item_catalog_2026_07_27,true
sd_sddot_410E2100_v20260727,sd_sddot_410E2100,2026-07-27,,Finger Type Expansion Joint Assembly,Finger Type Expansion Joint Assembly,EACH,410,sd_sddot_item_catalog_2026_07_27,true
sd_sddot_410E2150_v20260727,sd_sddot_410E2150,2026-07-27,,Modular Expansion Joint Assembly,Modular Expansion Joint Assembly,FT,410,sd_sddot_item_catalog_2026_07_27,true
sd_sddot_410E2200_v20260727,sd_sddot_410E2200,2026-07-27,,Remove and Reset Expansion Device,Remove and Reset Expansion Device,EACH,410,sd_sddot_item_catalog_2026_07_27,true
sd_sddot_410E2210_v20260727,sd_sddot_410E2210,2026-07-27,,Reset Expansion Device,Reset Expansion Device,EACH,410,sd_sddot_item_catalog_2026_07_27,true
sd_sddot_410E2220_v20260727,sd_sddot_410E2220,2026-07-27,,Replace Expansion Device,Replace Expansion Device,EACH,410,sd_sddot_item_catalog_2026_07_27,true
sd_sddot_410E2230_v20260727,sd_sddot_410E2230,2026-07-27,,Modify Expansion Device,Modify Expansion Device,EACH,410,sd_sddot_item_catalog_2026_07_27,true
sd_sddot_410E2300_v20260727,sd_sddot_410E2300,2026-07-27,,Strip Seal Expansion Joint,Strip Seal Expansion Joint,FT,410,sd_sddot_item_catalog_2026_07_27,true
sd_sddot_410E2305_v20260727,sd_sddot_410E2305,2026-07-27,,Install State Furnished Strip Seal Expansion Joint,Install State Furnished Strip Seal Expansion Joint,FT,410,sd_sddot_item_catalog_2026_07_27,true
sd_sddot_410E2310_v20260727,sd_sddot_410E2310,2026-07-27,,Strip Seal Gland,Strip Seal Gland,FT,410,sd_sddot_item_catalog_2026_07_27,true
sd_sddot_410E2320_v20260727,sd_sddot_410E2320,2026-07-27,,Compression Seal,Compression Seal,FT,410,sd_sddot_item_catalog_2026_07_27,true
sd_sddot_410E2400_v20260727,sd_sddot_410E2400,2026-07-27,,Repair Neoprene Gland,Repair Neoprene Gland,FT,410,sd_sddot_item_catalog_2026_07_27,true
sd_sddot_410E2420_v20260727,sd_sddot_410E2420,2026-07-27,,Seal Expansion Device,Seal Expansion Device,EACH,410,sd_sddot_item_catalog_2026_07_27,true
sd_sddot_410E2450_v20260727,sd_sddot_410E2450,2026-07-27,,Bridge Joint Sealant,Bridge Joint Sealant,EACH,410,sd_sddot_item_catalog_2026_07_27,true
sd_sddot_410E2460_v20260727,sd_sddot_410E2460,2026-07-27,,Polysulfide Bridge Joint Sealant,Polysulfide Bridge Joint Sealant,FT,410,sd_sddot_item_catalog_2026_07_27,true
sd_sddot_410E2500_v20260727,sd_sddot_410E2500,2026-07-27,,Inverted V Shaped Seal Joint,Inverted V Shaped Seal Joint,FT,410,sd_sddot_item_catalog_2026_07_27,true
sd_sddot_410E2600_v20260727,sd_sddot_410E2600,2026-07-27,,Membrane Sealant Expansion Joint,Membrane Sealant Expansion Joint,FT,410,sd_sddot_item_catalog_2026_07_27,true
sd_sddot_410E2610_v20260727,sd_sddot_410E2610,2026-07-27,,Membrane Sealant,Membrane Sealant,FT,410,sd_sddot_item_catalog_2026_07_27,true
sd_sddot_410E2800_v20260727,sd_sddot_410E2800,2026-07-27,,Bolt Replacement Type 1A,Bolt Replacement Type 1A,EACH,410,sd_sddot_item_catalog_2026_07_27,true
sd_sddot_410E2810_v20260727,sd_sddot_410E2810,2026-07-27,,Bolt Replacement Type 2A,Bolt Replacement Type 2A,EACH,410,sd_sddot_item_catalog_2026_07_27,true
sd_sddot_410E3000_v20260727,sd_sddot_410E3000,2026-07-27,,Dye-Penetrant Inspection,Dye-Penetrant Inspection,EACH,410,sd_sddot_item_catalog_2026_07_27,true
sd_sddot_410E3010_v20260727,sd_sddot_410E3010,2026-07-27,,Magnetic Particle Weld Inspection,Magnetic Particle Weld Inspection,IN,410,sd_sddot_item_catalog_2026_07_27,true
sd_sddot_410E3020_v20260727,sd_sddot_410E3020,2026-07-27,,Ultrasonic Weld Inspection,Ultrasonic Weld Inspection,IN,410,sd_sddot_item_catalog_2026_07_27,true
sd_sddot_410E3030_v20260727,sd_sddot_410E3030,2026-07-27,,"Magnetic Particle Weld Inspection, Impact Damage Repair","Magnetic Particle Weld Inspection, Impact Damage Repair",SQIN,410,sd_sddot_item_catalog_2026_07_27,true
sd_sddot_410E4002_v20260727,sd_sddot_410E4002,2026-07-27,,Salvage and Relocate Bridge,Salvage and Relocate Bridge,L S,410,sd_sddot_item_catalog_2026_07_27,true
sd_sddot_410E4010_v20260727,sd_sddot_410E4010,2026-07-27,,Install Salvaged Bridge,Install Salvaged Bridge,L S,410,sd_sddot_item_catalog_2026_07_27,true
sd_sddot_410E5000_v20260727,sd_sddot_410E5000,2026-07-27,,Traveler Drive System,Traveler Drive System,EACH,410,sd_sddot_item_catalog_2026_07_27,true
sd_sddot_410E5100_v20260727,sd_sddot_410E5100,2026-07-27,,Remove & Replace Rivet,Remove & Replace Rivet,EACH,410,sd_sddot_item_catalog_2026_07_27,true
sd_sddot_411E0100_v20260727,sd_sddot_411E0100,2026-07-27,,Bridge Painting,Bridge Painting,L S,411,sd_sddot_item_catalog_2026_07_27,true
sd_sddot_411E0200_v20260727,sd_sddot_411E0200,2026-07-27,,Bridge Metallizing,Bridge Metallizing,L S,411,sd_sddot_item_catalog_2026_07_27,true
sd_sddot_412E0100_historical,sd_sddot_412E0100,,,"Bridge Repainting, Class I","Bridge Repainting, Class I",L S,412,sd_sddot_bid_tabs_2025_10_15,false
sd_sddot_412E0120_historical,sd_sddot_412E0120,,,"Bridge Repainting, Class II","Bridge Repainting, Class II",L S,412,sd_sddot_bid_tabs_2025_04_16,false
sd_sddot_412E0150_v20260727,sd_sddot_412E0150,2026-07-27,,Repair Galvanized Coating,Repair Galvanized Coating,EACH,412,sd_sddot_item_catalog_2026_07_27,true
sd_sddot_412E0190_v20260727,sd_sddot_412E0190,2026-07-27,,Bridge Field Spot Painting,Bridge Field Spot Painting,L S,412,sd_sddot_item_catalog_2026_07_27,true
sd_sddot_412E0200_historical,sd_sddot_412E0200,,,Rail Repainting,Rail Repainting,L S,412,sd_sddot_bid_tabs_2023_08_16,false
sd_sddot_412E0400_v20260727,sd_sddot_412E0400,2026-07-27,,Rust Penetrating Sealer,Rust Penetrating Sealer,L S,412,sd_sddot_item_catalog_2026_07_27,true
sd_sddot_412E0500_historical,sd_sddot_412E0500,,,Paint Residue Containment,Paint Residue Containment,L S,412,sd_sddot_bid_tabs_2025_10_15,false
sd_sddot_412E0600_historical,sd_sddot_412E0600,,,"Paint Residue Containment, Class I","Paint Residue Containment, Class I",L S,412,sd_sddot_bid_tabs_2024_02_07,false
sd_sddot_412E0620_historical,sd_sddot_412E0620,,,"Paint Residue Containment, Class II","Paint Residue Containment, Class II",L S,412,sd_sddot_bid_tabs_2023_10_18,false
sd_sddot_412E0800_v20260727,sd_sddot_412E0800,2026-07-27,,Restaining Structural Timber,Restaining Structural Timber,L S,412,sd_sddot_item_catalog_2026_07_27,true
sd_sddot_412E1000_v20260727,sd_sddot_412E1000,2026-07-27,,Clean Substructure Units,Clean Substructure Units,L S,412,sd_sddot_item_catalog_2026_07_27,true
sd_sddot_413E0100_v20260727,sd_sddot_413E0100,2026-07-27,,Bridge Field Repainting,Bridge Field Repainting,L S,413,sd_sddot_item_catalog_2026_07_27,true
sd_sddot_420E0100_v20260727,sd_sddot_420E0100,2026-07-27,,"Structure Excavation, Bridge","Structure Excavation, Bridge",CUYD,420,sd_sddot_item_catalog_2026_07_27,true
sd_sddot_420E0200_v20260727,sd_sddot_420E0200,2026-07-27,,"Structure Excavation, Box Culvert","Structure Excavation, Box Culvert",CUYD,420,sd_sddot_item_catalog_2026_07_27,true
sd_sddot_420E0250_v20260727,sd_sddot_420E0250,2026-07-27,,"Structure Excavation, Light Tower","Structure Excavation, Light Tower",CUYD,420,sd_sddot_item_catalog_2026_07_27,true
sd_sddot_420E0300_v20260727,sd_sddot_420E0300,2026-07-27,,"Structure Excavation, Retaining Wall","Structure Excavation, Retaining Wall",CUYD,420,sd_sddot_item_catalog_2026_07_27,true
sd_sddot_420E0400_v20260727,sd_sddot_420E0400,2026-07-27,,"Structure Excavation, Miscellaneous","Structure Excavation, Miscellaneous",CUYD,420,sd_sddot_item_catalog_2026_07_27,true
sd_sddot_420E1000_v20260727,sd_sddot_420E1000,2026-07-27,,"Foundation Preparation, Retaining Wall","Foundation Preparation, Retaining Wall",CUYD,420,sd_sddot_item_catalog_2026_07_27,true
sd_sddot_421E0100_v20260727,sd_sddot_421E0100,2026-07-27,,Pipe Culvert Undercut,Pipe Culvert Undercut,CUYD,421,sd_sddot_item_catalog_2026_07_27,true
sd_sddot_421E0110_v20260727,sd_sddot_421E0110,2026-07-27,,Pipe Culvert Undercut for Alternate Bidding,Pipe Culvert Undercut for Alternate Bidding,CUYD,421,sd_sddot_item_catalog_2026_07_27,true
sd_sddot_421E0200_v20260727,sd_sddot_421E0200,2026-07-27,,Box Culvert Undercut,Box Culvert Undercut,CUYD,421,sd_sddot_item_catalog_2026_07_27,true
sd_sddot_421E1000_v20260727,sd_sddot_421E1000,2026-07-27,,Footing Undercut,Footing Undercut,CUYD,421,sd_sddot_item_catalog_2026_07_27,true
sd_sddot_421E2010_v20260727,sd_sddot_421E2010,2026-07-27,,"1"" Extruded Polystyrene Insulation Board","1"" Extruded Polystyrene Insulation Board",SQYD,421,sd_sddot_item_catalog_2026_07_27,true
sd_sddot_421E2020_v20260727,sd_sddot_421E2020,2026-07-27,,"2"" Extruded Polystyrene Insulation Board","2"" Extruded Polystyrene Insulation Board",SQYD,421,sd_sddot_item_catalog_2026_07_27,true
sd_sddot_421E2030_v20260727,sd_sddot_421E2030,2026-07-27,,"3"" Extruded Polystyrene Insulation Board","3"" Extruded Polystyrene Insulation Board",SQYD,421,sd_sddot_item_catalog_2026_07_27,true
sd_sddot_421E2040_v20260727,sd_sddot_421E2040,2026-07-27,,"4"" Extruded Polystyrene Insulation Board","4"" Extruded Polystyrene Insulation Board",SQYD,421,sd_sddot_item_catalog_2026_07_27,true
sd_sddot_421E2060_v20260727,sd_sddot_421E2060,2026-07-27,,"6"" Extruded Polystyrene Insulation Board","6"" Extruded Polystyrene Insulation Board",SQYD,421,sd_sddot_item_catalog_2026_07_27,true
sd_sddot_423E1000_v20260727,sd_sddot_423E1000,2026-07-27,,Cofferdam,Cofferdam,EACH,423,sd_sddot_item_catalog_2026_07_27,true
sd_sddot_430E0200_v20260727,sd_sddot_430E0200,2026-07-27,,Bridge End Embankment,Bridge End Embankment,CUYD,430,sd_sddot_item_catalog_2026_07_27,true
sd_sddot_430E0300_v20260727,sd_sddot_430E0300,2026-07-27,,Granular Bridge End Backfill,Granular Bridge End Backfill,CUYD,430,sd_sddot_item_catalog_2026_07_27,true
sd_sddot_430E0350_v20260727,sd_sddot_430E0350,2026-07-27,,Granular Bridge End Embankment Material,Granular Bridge End Embankment Material,CUYD,430,sd_sddot_item_catalog_2026_07_27,true
sd_sddot_430E0510_v20260727,sd_sddot_430E0510,2026-07-27,,Approach Slab Underdrain Excavation,Approach Slab Underdrain Excavation,CUYD,430,sd_sddot_item_catalog_2026_07_27,true
sd_sddot_430E0700_v20260727,sd_sddot_430E0700,2026-07-27,,Precast Concrete Headwall for Drain,Precast Concrete Headwall for Drain,EACH,430,sd_sddot_item_catalog_2026_07_27,true
sd_sddot_440E0100_v20260727,sd_sddot_440E0100,2026-07-27,,Corrugated Metal Plate Pipe,Corrugated Metal Plate Pipe,FT,440,sd_sddot_item_catalog_2026_07_27,true
sd_sddot_440E0200_v20260727,sd_sddot_440E0200,2026-07-27,,Corrugated Metal Plate Arch Pipe,Corrugated Metal Plate Arch Pipe,FT,440,sd_sddot_item_catalog_2026_07_27,true
sd_sddot_440E0300_v20260727,sd_sddot_440E0300,2026-07-27,,Long Span Structural Plate High Profile Arch,Long Span Structural Plate High Profile Arch,FT,440,sd_sddot_item_catalog_2026_07_27,true
sd_sddot_440E0400_v20260727,sd_sddot_440E0400,2026-07-27,,Long Span Structural Plate Low Profile Arch,Long Span Structural Plate Low Profile Arch,FT,440,sd_sddot_item_catalog_2026_07_27,true
sd_sddot_440E0500_v20260727,sd_sddot_440E0500,2026-07-27,,Backfill for Long Span Structural Plate High Profile Arch,Backfill for Long Span Structural Plate High Profile Arch,CUYD,440,sd_sddot_item_catalog_2026_07_27,true
sd_sddot_450E0102_v20260727,sd_sddot_450E0102,2026-07-27,,"12"" RCP Class 2, Furnish","12"" RCP Class 2, Furnish",FT,450,sd_sddot_item_catalog_2026_07_27,true
sd_sddot_450E0103_v20260727,sd_sddot_450E0103,2026-07-27,,"12"" RCP Class 3, Furnish","12"" RCP Class 3, Furnish",FT,450,sd_sddot_item_catalog_2026_07_27,true
sd_sddot_450E0104_v20260727,sd_sddot_450E0104,2026-07-27,,"12"" RCP Class 4, Furnish","12"" RCP Class 4, Furnish",FT,450,sd_sddot_item_catalog_2026_07_27,true
sd_sddot_450E0105_v20260727,sd_sddot_450E0105,2026-07-27,,"12"" RCP Class 5, Furnish","12"" RCP Class 5, Furnish",FT,450,sd_sddot_item_catalog_2026_07_27,true
sd_sddot_450E0110_v20260727,sd_sddot_450E0110,2026-07-27,,"12"" RCP, Install","12"" RCP, Install",FT,450,sd_sddot_item_catalog_2026_07_27,true
sd_sddot_450E0112_v20260727,sd_sddot_450E0112,2026-07-27,,"15"" RCP Class 2, Furnish","15"" RCP Class 2, Furnish",FT,450,sd_sddot_item_catalog_2026_07_27,true
sd_sddot_450E0113_v20260727,sd_sddot_450E0113,2026-07-27,,"15"" RCP Class 3, Furnish","15"" RCP Class 3, Furnish",FT,450,sd_sddot_item_catalog_2026_07_27,true
sd_sddot_450E0114_v20260727,sd_sddot_450E0114,2026-07-27,,"15"" RCP Class 4, Furnish","15"" RCP Class 4, Furnish",FT,450,sd_sddot_item_catalog_2026_07_27,true
sd_sddot_450E0115_v20260727,sd_sddot_450E0115,2026-07-27,,"15"" RCP Class 5, Furnish","15"" RCP Class 5, Furnish",FT,450,sd_sddot_item_catalog_2026_07_27,true
sd_sddot_450E0120_v20260727,sd_sddot_450E0120,2026-07-27,,"15"" RCP, Install","15"" RCP, Install",FT,450,sd_sddot_item_catalog_2026_07_27,true
sd_sddot_450E0122_v20260727,sd_sddot_450E0122,2026-07-27,,"18"" RCP Class 2, Furnish","18"" RCP Class 2, Furnish",FT,450,sd_sddot_item_catalog_2026_07_27,true
sd_sddot_450E0123_v20260727,sd_sddot_450E0123,2026-07-27,,"18"" RCP Class 3, Furnish","18"" RCP Class 3, Furnish",FT,450,sd_sddot_item_catalog_2026_07_27,true
sd_sddot_450E0124_v20260727,sd_sddot_450E0124,2026-07-27,,"18"" RCP Class 4, Furnish","18"" RCP Class 4, Furnish",FT,450,sd_sddot_item_catalog_2026_07_27,true
sd_sddot_450E0125_v20260727,sd_sddot_450E0125,2026-07-27,,"18"" RCP Class 5, Furnish","18"" RCP Class 5, Furnish",FT,450,sd_sddot_item_catalog_2026_07_27,true
sd_sddot_450E0126_v20260727,sd_sddot_450E0126,2026-07-27,,"18"" RCP Special, Furnish","18"" RCP Special, Furnish",FT,450,sd_sddot_item_catalog_2026_07_27,true
sd_sddot_450E0129_v20260727,sd_sddot_450E0129,2026-07-27,,"18"" RCP for Jacking, Furnish","18"" RCP for Jacking, Furnish",FT,450,sd_sddot_item_catalog_2026_07_27,true
sd_sddot_450E0130_v20260727,sd_sddot_450E0130,2026-07-27,,"18"" RCP, Install","18"" RCP, Install",FT,450,sd_sddot_item_catalog_2026_07_27,true
sd_sddot_450E0132_v20260727,sd_sddot_450E0132,2026-07-27,,"21"" RCP Class 2, Furnish","21"" RCP Class 2, Furnish",FT,450,sd_sddot_item_catalog_2026_07_27,true
sd_sddot_450E0133_v20260727,sd_sddot_450E0133,2026-07-27,,"21"" RCP Class 3, Furnish","21"" RCP Class 3, Furnish",FT,450,sd_sddot_item_catalog_2026_07_27,true
sd_sddot_450E0134_v20260727,sd_sddot_450E0134,2026-07-27,,"21"" RCP Class 4, Furnish","21"" RCP Class 4, Furnish",FT,450,sd_sddot_item_catalog_2026_07_27,true
sd_sddot_450E0135_v20260727,sd_sddot_450E0135,2026-07-27,,"21"" RCP Class 5, Furnish","21"" RCP Class 5, Furnish",FT,450,sd_sddot_item_catalog_2026_07_27,true
sd_sddot_450E0140_v20260727,sd_sddot_450E0140,2026-07-27,,"21"" RCP, Install","21"" RCP, Install",FT,450,sd_sddot_item_catalog_2026_07_27,true
sd_sddot_450E0142_v20260727,sd_sddot_450E0142,2026-07-27,,"24"" RCP Class 2, Furnish","24"" RCP Class 2, Furnish",FT,450,sd_sddot_item_catalog_2026_07_27,true
sd_sddot_450E0143_v20260727,sd_sddot_450E0143,2026-07-27,,"24"" RCP Class 3, Furnish","24"" RCP Class 3, Furnish",FT,450,sd_sddot_item_catalog_2026_07_27,true
sd_sddot_450E0144_v20260727,sd_sddot_450E0144,2026-07-27,,"24"" RCP Class 4, Furnish","24"" RCP Class 4, Furnish",FT,450,sd_sddot_item_catalog_2026_07_27,true
sd_sddot_450E0145_v20260727,sd_sddot_450E0145,2026-07-27,,"24"" RCP Class 5, Furnish","24"" RCP Class 5, Furnish",FT,450,sd_sddot_item_catalog_2026_07_27,true
sd_sddot_450E0146_v20260727,sd_sddot_450E0146,2026-07-27,,"24"" RCP Special, Furnish","24"" RCP Special, Furnish",FT,450,sd_sddot_item_catalog_2026_07_27,true
sd_sddot_450E0149_v20260727,sd_sddot_450E0149,2026-07-27,,"24"" RCP for Jacking, Furnish","24"" RCP for Jacking, Furnish",FT,450,sd_sddot_item_catalog_2026_07_27,true
sd_sddot_450E0150_v20260727,sd_sddot_450E0150,2026-07-27,,"24"" RCP, Install","24"" RCP, Install",FT,450,sd_sddot_item_catalog_2026_07_27,true
sd_sddot_450E0152_v20260727,sd_sddot_450E0152,2026-07-27,,"27"" RCP Class 2, Furnish","27"" RCP Class 2, Furnish",FT,450,sd_sddot_item_catalog_2026_07_27,true
sd_sddot_450E0153_v20260727,sd_sddot_450E0153,2026-07-27,,"27"" RCP Class 3, Furnish","27"" RCP Class 3, Furnish",FT,450,sd_sddot_item_catalog_2026_07_27,true
sd_sddot_450E0154_v20260727,sd_sddot_450E0154,2026-07-27,,"27"" RCP Class 4, Furnish","27"" RCP Class 4, Furnish",FT,450,sd_sddot_item_catalog_2026_07_27,true
sd_sddot_450E0155_v20260727,sd_sddot_450E0155,2026-07-27,,"27"" RCP Class 5, Furnish","27"" RCP Class 5, Furnish",FT,450,sd_sddot_item_catalog_2026_07_27,true
sd_sddot_450E0160_v20260727,sd_sddot_450E0160,2026-07-27,,"27"" RCP, Install","27"" RCP, Install",FT,450,sd_sddot_item_catalog_2026_07_27,true
sd_sddot_450E0162_v20260727,sd_sddot_450E0162,2026-07-27,,"30"" RCP Class 2, Furnish","30"" RCP Class 2, Furnish",FT,450,sd_sddot_item_catalog_2026_07_27,true
sd_sddot_450E0163_v20260727,sd_sddot_450E0163,2026-07-27,,"30"" RCP Class 3, Furnish","30"" RCP Class 3, Furnish",FT,450,sd_sddot_item_catalog_2026_07_27,true
sd_sddot_450E0164_v20260727,sd_sddot_450E0164,2026-07-27,,"30"" RCP Class 4, Furnish","30"" RCP Class 4, Furnish",FT,450,sd_sddot_item_catalog_2026_07_27,true
sd_sddot_450E0165_v20260727,sd_sddot_450E0165,2026-07-27,,"30"" RCP Class 5, Furnish","30"" RCP Class 5, Furnish",FT,450,sd_sddot_item_catalog_2026_07_27,true
sd_sddot_450E0169_v20260727,sd_sddot_450E0169,2026-07-27,,"30"" RCP for Jacking, Furnish","30"" RCP for Jacking, Furnish",FT,450,sd_sddot_item_catalog_2026_07_27,true
sd_sddot_450E0170_v20260727,sd_sddot_450E0170,2026-07-27,,"30"" RCP, Install","30"" RCP, Install",FT,450,sd_sddot_item_catalog_2026_07_27,true
sd_sddot_450E0182_v20260727,sd_sddot_450E0182,2026-07-27,,"36"" RCP Class 2, Furnish","36"" RCP Class 2, Furnish",FT,450,sd_sddot_item_catalog_2026_07_27,true
sd_sddot_450E0183_v20260727,sd_sddot_450E0183,2026-07-27,,"36"" RCP Class 3, Furnish","36"" RCP Class 3, Furnish",FT,450,sd_sddot_item_catalog_2026_07_27,true
sd_sddot_450E0184_v20260727,sd_sddot_450E0184,2026-07-27,,"36"" RCP Class 4, Furnish","36"" RCP Class 4, Furnish",FT,450,sd_sddot_item_catalog_2026_07_27,true
sd_sddot_450E0185_v20260727,sd_sddot_450E0185,2026-07-27,,"36"" RCP Class 5, Furnish","36"" RCP Class 5, Furnish",FT,450,sd_sddot_item_catalog_2026_07_27,true
sd_sddot_450E0188_historical,sd_sddot_450E0188,,,"36"" RCP Class 5000D, Furnish","36"" RCP Class 5000D, Furnish",FT,450,sd_sddot_bid_tabs_2025_02_12,false
sd_sddot_450E0189_v20260727,sd_sddot_450E0189,2026-07-27,,"36"" RCP for Jacking, Furnish","36"" RCP for Jacking, Furnish",FT,450,sd_sddot_item_catalog_2026_07_27,true
sd_sddot_450E0190_v20260727,sd_sddot_450E0190,2026-07-27,,"36"" RCP, Install","36"" RCP, Install",FT,450,sd_sddot_item_catalog_2026_07_27,true
sd_sddot_450E0192_v20260727,sd_sddot_450E0192,2026-07-27,,"42"" RCP Class 2, Furnish","42"" RCP Class 2, Furnish",FT,450,sd_sddot_item_catalog_2026_07_27,true
sd_sddot_450E0193_v20260727,sd_sddot_450E0193,2026-07-27,,"42"" RCP Class 3, Furnish","42"" RCP Class 3, Furnish",FT,450,sd_sddot_item_catalog_2026_07_27,true
sd_sddot_450E0194_v20260727,sd_sddot_450E0194,2026-07-27,,"42"" RCP Class 4, Furnish","42"" RCP Class 4, Furnish",FT,450,sd_sddot_item_catalog_2026_07_27,true
sd_sddot_450E0195_v20260727,sd_sddot_450E0195,2026-07-27,,"42"" RCP Class 5, Furnish","42"" RCP Class 5, Furnish",FT,450,sd_sddot_item_catalog_2026_07_27,true
sd_sddot_450E0196_historical,sd_sddot_450E0196,,,"42"" RCP Class 4000D, Furnish","42"" RCP Class 4000D, Furnish",FT,450,sd_sddot_bid_tabs_2024_10_02,false
sd_sddot_450E0198_historical,sd_sddot_450E0198,,,"42"" RCP Class 5000D, Furnish","42"" RCP Class 5000D, Furnish",FT,450,sd_sddot_bid_tabs_2024_10_02,false
sd_sddot_450E0199_v20260727,sd_sddot_450E0199,2026-07-27,,"42"" RCP for Jacking, Furnish","42"" RCP for Jacking, Furnish",FT,450,sd_sddot_item_catalog_2026_07_27,true
sd_sddot_450E0200_v20260727,sd_sddot_450E0200,2026-07-27,,"42"" RCP, Install","42"" RCP, Install",FT,450,sd_sddot_item_catalog_2026_07_27,true
sd_sddot_450E0202_v20260727,sd_sddot_450E0202,2026-07-27,,"48"" RCP Class 2, Furnish","48"" RCP Class 2, Furnish",FT,450,sd_sddot_item_catalog_2026_07_27,true
sd_sddot_450E0203_v20260727,sd_sddot_450E0203,2026-07-27,,"48"" RCP Class 3, Furnish","48"" RCP Class 3, Furnish",FT,450,sd_sddot_item_catalog_2026_07_27,true
sd_sddot_450E0204_v20260727,sd_sddot_450E0204,2026-07-27,,"48"" RCP Class 4, Furnish","48"" RCP Class 4, Furnish",FT,450,sd_sddot_item_catalog_2026_07_27,true
sd_sddot_450E0205_v20260727,sd_sddot_450E0205,2026-07-27,,"48"" RCP Class 5, Furnish","48"" RCP Class 5, Furnish",FT,450,sd_sddot_item_catalog_2026_07_27,true
sd_sddot_450E0206_v20260727,sd_sddot_450E0206,2026-07-27,,"48"" RCP Special, Furnish","48"" RCP Special, Furnish",FT,450,sd_sddot_item_catalog_2026_07_27,true
sd_sddot_450E0209_v20260727,sd_sddot_450E0209,2026-07-27,,"48"" RCP for Jacking, Furnish","48"" RCP for Jacking, Furnish",FT,450,sd_sddot_item_catalog_2026_07_27,true
sd_sddot_450E0210_v20260727,sd_sddot_450E0210,2026-07-27,,"48"" RCP, Install","48"" RCP, Install",FT,450,sd_sddot_item_catalog_2026_07_27,true
sd_sddot_450E0212_v20260727,sd_sddot_450E0212,2026-07-27,,"54"" RCP Class 2, Furnish","54"" RCP Class 2, Furnish",FT,450,sd_sddot_item_catalog_2026_07_27,true
sd_sddot_450E0213_v20260727,sd_sddot_450E0213,2026-07-27,,"54"" RCP Class 3, Furnish","54"" RCP Class 3, Furnish",FT,450,sd_sddot_item_catalog_2026_07_27,true
sd_sddot_450E0214_v20260727,sd_sddot_450E0214,2026-07-27,,"54"" RCP Class 4, Furnish","54"" RCP Class 4, Furnish",FT,450,sd_sddot_item_catalog_2026_07_27,true
sd_sddot_450E0215_v20260727,sd_sddot_450E0215,2026-07-27,,"54"" RCP Class 5, Furnish","54"" RCP Class 5, Furnish",FT,450,sd_sddot_item_catalog_2026_07_27,true
sd_sddot_450E0217_historical,sd_sddot_450E0217,,,"54"" RCP Class 4000D, Furnish","54"" RCP Class 4000D, Furnish",FT,450,sd_sddot_bid_tabs_2019_01_16,false
sd_sddot_450E0218_historical,sd_sddot_450E0218,,,"54"" RCP Class 4500D, Furnish","54"" RCP Class 4500D, Furnish",FT,450,sd_sddot_bid_tabs_2024_10_02,false
sd_sddot_450E0219_v20260727,sd_sddot_450E0219,2026-07-27,,"54"" RCP for Jacking, Furnish","54"" RCP for Jacking, Furnish",FT,450,sd_sddot_item_catalog_2026_07_27,true
sd_sddot_450E0220_v20260727,sd_sddot_450E0220,2026-07-27,,"54"" RCP, Install","54"" RCP, Install",FT,450,sd_sddot_item_catalog_2026_07_27,true
sd_sddot_450E0222_v20260727,sd_sddot_450E0222,2026-07-27,,"60"" RCP Class 2, Furnish","60"" RCP Class 2, Furnish",FT,450,sd_sddot_item_catalog_2026_07_27,true
sd_sddot_450E0223_v20260727,sd_sddot_450E0223,2026-07-27,,"60"" RCP Class 3, Furnish","60"" RCP Class 3, Furnish",FT,450,sd_sddot_item_catalog_2026_07_27,true
sd_sddot_450E0224_v20260727,sd_sddot_450E0224,2026-07-27,,"60"" RCP Class 4, Furnish","60"" RCP Class 4, Furnish",FT,450,sd_sddot_item_catalog_2026_07_27,true
sd_sddot_450E0225_v20260727,sd_sddot_450E0225,2026-07-27,,"60"" RCP Class 5, Furnish","60"" RCP Class 5, Furnish",FT,450,sd_sddot_item_catalog_2026_07_27,true
sd_sddot_450E0226_v20260727,sd_sddot_450E0226,2026-07-27,,"60"" RCP Special, Furnish","60"" RCP Special, Furnish",FT,450,sd_sddot_item_catalog_2026_07_27,true
sd_sddot_450E0227_historical,sd_sddot_450E0227,,,"60"" RCP Class 4000D, Furnish","60"" RCP Class 4000D, Furnish",FT,450,sd_sddot_bid_tabs_2019_01_16,false
sd_sddot_450E0228_historical,sd_sddot_450E0228,,,"60"" RCP Class 5000D, Furnish","60"" RCP Class 5000D, Furnish",FT,450,sd_sddot_bid_tabs_2019_01_16,false
sd_sddot_450E0229_v20260727,sd_sddot_450E0229,2026-07-27,,"60"" RCP for Jacking, Furnish","60"" RCP for Jacking, Furnish",FT,450,sd_sddot_item_catalog_2026_07_27,true
sd_sddot_450E0230_v20260727,sd_sddot_450E0230,2026-07-27,,"60"" RCP, Install","60"" RCP, Install",FT,450,sd_sddot_item_catalog_2026_07_27,true
sd_sddot_450E0232_v20260727,sd_sddot_450E0232,2026-07-27,,"66"" RCP Class 2, Furnish","66"" RCP Class 2, Furnish",FT,450,sd_sddot_item_catalog_2026_07_27,true
sd_sddot_450E0233_v20260727,sd_sddot_450E0233,2026-07-27,,"66"" RCP Class 3, Furnish","66"" RCP Class 3, Furnish",FT,450,sd_sddot_item_catalog_2026_07_27,true
sd_sddot_450E0234_v20260727,sd_sddot_450E0234,2026-07-27,,"66"" RCP Class 4, Furnish","66"" RCP Class 4, Furnish",FT,450,sd_sddot_item_catalog_2026_07_27,true
sd_sddot_450E0235_v20260727,sd_sddot_450E0235,2026-07-27,,"66"" RCP Class 5, Furnish","66"" RCP Class 5, Furnish",FT,450,sd_sddot_item_catalog_2026_07_27,true
sd_sddot_450E0240_v20260727,sd_sddot_450E0240,2026-07-27,,"66"" RCP, Install","66"" RCP, Install",FT,450,sd_sddot_item_catalog_2026_07_27,true
sd_sddot_450E0242_v20260727,sd_sddot_450E0242,2026-07-27,,"72"" RCP Class 2, Furnish","72"" RCP Class 2, Furnish",FT,450,sd_sddot_item_catalog_2026_07_27,true
sd_sddot_450E0243_v20260727,sd_sddot_450E0243,2026-07-27,,"72"" RCP Class 3, Furnish","72"" RCP Class 3, Furnish",FT,450,sd_sddot_item_catalog_2026_07_27,true
sd_sddot_450E0244_v20260727,sd_sddot_450E0244,2026-07-27,,"72"" RCP Class 4, Furnish","72"" RCP Class 4, Furnish",FT,450,sd_sddot_item_catalog_2026_07_27,true
sd_sddot_450E0245_v20260727,sd_sddot_450E0245,2026-07-27,,"72"" RCP Class 5, Furnish","72"" RCP Class 5, Furnish",FT,450,sd_sddot_item_catalog_2026_07_27,true
sd_sddot_450E0249_v20260727,sd_sddot_450E0249,2026-07-27,,"72"" RCP for Jacking, Furnish","72"" RCP for Jacking, Furnish",FT,450,sd_sddot_item_catalog_2026_07_27,true
sd_sddot_450E0250_v20260727,sd_sddot_450E0250,2026-07-27,,"72"" RCP, Install","72"" RCP, Install",FT,450,sd_sddot_item_catalog_2026_07_27,true
sd_sddot_450E0252_v20260727,sd_sddot_450E0252,2026-07-27,,"78"" RCP Class 2, Furnish","78"" RCP Class 2, Furnish",FT,450,sd_sddot_item_catalog_2026_07_27,true
sd_sddot_450E0253_v20260727,sd_sddot_450E0253,2026-07-27,,"78"" RCP Class 3, Furnish","78"" RCP Class 3, Furnish",FT,450,sd_sddot_item_catalog_2026_07_27,true
sd_sddot_450E0254_v20260727,sd_sddot_450E0254,2026-07-27,,"78"" RCP Class 4, Furnish","78"" RCP Class 4, Furnish",FT,450,sd_sddot_item_catalog_2026_07_27,true
sd_sddot_450E0255_v20260727,sd_sddot_450E0255,2026-07-27,,"78"" RCP Class 5, Furnish","78"" RCP Class 5, Furnish",FT,450,sd_sddot_item_catalog_2026_07_27,true
sd_sddot_450E0260_v20260727,sd_sddot_450E0260,2026-07-27,,"78"" RCP, Install","78"" RCP, Install",FT,450,sd_sddot_item_catalog_2026_07_27,true
sd_sddot_450E0262_v20260727,sd_sddot_450E0262,2026-07-27,,"84"" RCP Class 2, Furnish","84"" RCP Class 2, Furnish",FT,450,sd_sddot_item_catalog_2026_07_27,true
sd_sddot_450E0263_v20260727,sd_sddot_450E0263,2026-07-27,,"84"" RCP Class 3, Furnish","84"" RCP Class 3, Furnish",FT,450,sd_sddot_item_catalog_2026_07_27,true
sd_sddot_450E0264_v20260727,sd_sddot_450E0264,2026-07-27,,"84"" RCP Class 4, Furnish","84"" RCP Class 4, Furnish",FT,450,sd_sddot_item_catalog_2026_07_27,true
sd_sddot_450E0265_v20260727,sd_sddot_450E0265,2026-07-27,,"84"" RCP Class 5, Furnish","84"" RCP Class 5, Furnish",FT,450,sd_sddot_item_catalog_2026_07_27,true
sd_sddot_450E0270_v20260727,sd_sddot_450E0270,2026-07-27,,"84"" RCP, Install","84"" RCP, Install",FT,450,sd_sddot_item_catalog_2026_07_27,true
sd_sddot_450E0272_v20260727,sd_sddot_450E0272,2026-07-27,,"90"" RCP Class 2, Furnish","90"" RCP Class 2, Furnish",FT,450,sd_sddot_item_catalog_2026_07_27,true
sd_sddot_450E0273_v20260727,sd_sddot_450E0273,2026-07-27,,"90"" RCP Class 3, Furnish","90"" RCP Class 3, Furnish",FT,450,sd_sddot_item_catalog_2026_07_27,true
sd_sddot_450E0274_v20260727,sd_sddot_450E0274,2026-07-27,,"90"" RCP Class 4, Furnish","90"" RCP Class 4, Furnish",FT,450,sd_sddot_item_catalog_2026_07_27,true
sd_sddot_450E0275_v20260727,sd_sddot_450E0275,2026-07-27,,"90"" RCP Class 5, Furnish","90"" RCP Class 5, Furnish",FT,450,sd_sddot_item_catalog_2026_07_27,true
sd_sddot_450E0280_v20260727,sd_sddot_450E0280,2026-07-27,,"90"" RCP, Install","90"" RCP, Install",FT,450,sd_sddot_item_catalog_2026_07_27,true
sd_sddot_450E0282_v20260727,sd_sddot_450E0282,2026-07-27,,"96"" RCP Class 2, Furnish","96"" RCP Class 2, Furnish",FT,450,sd_sddot_item_catalog_2026_07_27,true
sd_sddot_450E0283_v20260727,sd_sddot_450E0283,2026-07-27,,"96"" RCP Class 3, Furnish","96"" RCP Class 3, Furnish",FT,450,sd_sddot_item_catalog_2026_07_27,true
sd_sddot_450E0284_v20260727,sd_sddot_450E0284,2026-07-27,,"96"" RCP Class 4, Furnish","96"" RCP Class 4, Furnish",FT,450,sd_sddot_item_catalog_2026_07_27,true
sd_sddot_450E0285_v20260727,sd_sddot_450E0285,2026-07-27,,"96"" RCP Class 5, Furnish","96"" RCP Class 5, Furnish",FT,450,sd_sddot_item_catalog_2026_07_27,true
sd_sddot_450E0289_v20260727,sd_sddot_450E0289,2026-07-27,,"96"" RCP for Jacking, Furnish","96"" RCP for Jacking, Furnish",FT,450,sd_sddot_item_catalog_2026_07_27,true
sd_sddot_450E0290_v20260727,sd_sddot_450E0290,2026-07-27,,"96"" RCP, Install","96"" RCP, Install",FT,450,sd_sddot_item_catalog_2026_07_27,true
sd_sddot_450E0293_v20260727,sd_sddot_450E0293,2026-07-27,,"102"" RCP Class 3, Furnish","102"" RCP Class 3, Furnish",FT,450,sd_sddot_item_catalog_2026_07_27,true
sd_sddot_450E0300_v20260727,sd_sddot_450E0300,2026-07-27,,"102"" RCP, Install","102"" RCP, Install",FT,450,sd_sddot_item_catalog_2026_07_27,true
sd_sddot_450E0302_v20260727,sd_sddot_450E0302,2026-07-27,,"108"" RCP Class 2, Furnish","108"" RCP Class 2, Furnish",FT,450,sd_sddot_item_catalog_2026_07_27,true
sd_sddot_450E0303_v20260727,sd_sddot_450E0303,2026-07-27,,"108"" RCP Class 3, Furnish","108"" RCP Class 3, Furnish",FT,450,sd_sddot_item_catalog_2026_07_27,true
sd_sddot_450E0304_v20260727,sd_sddot_450E0304,2026-07-27,,"108"" RCP Class 4, Furnish","108"" RCP Class 4, Furnish",FT,450,sd_sddot_item_catalog_2026_07_27,true
sd_sddot_450E0305_v20260727,sd_sddot_450E0305,2026-07-27,,"108"" RCP Class 5, Furnish","108"" RCP Class 5, Furnish",FT,450,sd_sddot_item_catalog_2026_07_27,true
sd_sddot_450E0310_v20260727,sd_sddot_450E0310,2026-07-27,,"108"" RCP, Install","108"" RCP, Install",FT,450,sd_sddot_item_catalog_2026_07_27,true
sd_sddot_450E0312_v20260727,sd_sddot_450E0312,2026-07-27,,"120"" RCP Class 2, Furnish","120"" RCP Class 2, Furnish",FT,450,sd_sddot_item_catalog_2026_07_27,true
sd_sddot_450E0314_v20260727,sd_sddot_450E0314,2026-07-27,,"120"" RCP Class 4, Furnish","120"" RCP Class 4, Furnish",FT,450,sd_sddot_item_catalog_2026_07_27,true
sd_sddot_450E0315_v20260727,sd_sddot_450E0315,2026-07-27,,"120"" RCP Class 5, Furnish","120"" RCP Class 5, Furnish",FT,450,sd_sddot_item_catalog_2026_07_27,true
sd_sddot_450E0320_v20260727,sd_sddot_450E0320,2026-07-27,,"120"" RCP, Install","120"" RCP, Install",FT,450,sd_sddot_item_catalog_2026_07_27,true
sd_sddot_450E0400_v20260727,sd_sddot_450E0400,2026-07-27,,"12"" RCP Bend, Furnish","12"" RCP Bend, Furnish",EACH,450,sd_sddot_item_catalog_2026_07_27,true
sd_sddot_450E0401_v20260727,sd_sddot_450E0401,2026-07-27,,"12"" RCP Bend, Install","12"" RCP Bend, Install",EACH,450,sd_sddot_item_catalog_2026_07_27,true
sd_sddot_450E0404_v20260727,sd_sddot_450E0404,2026-07-27,,"15"" RCP Bend, Furnish","15"" RCP Bend, Furnish",EACH,450,sd_sddot_item_catalog_2026_07_27,true
sd_sddot_450E0405_v20260727,sd_sddot_450E0405,2026-07-27,,"15"" RCP Bend, Install","15"" RCP Bend, Install",EACH,450,sd_sddot_item_catalog_2026_07_27,true
sd_sddot_450E0408_v20260727,sd_sddot_450E0408,2026-07-27,,"18"" RCP Bend, Furnish","18"" RCP Bend, Furnish",EACH,450,sd_sddot_item_catalog_2026_07_27,true
sd_sddot_450E0409_v20260727,sd_sddot_450E0409,2026-07-27,,"18"" RCP Bend, Install","18"" RCP Bend, Install",EACH,450,sd_sddot_item_catalog_2026_07_27,true
sd_sddot_450E0412_v20260727,sd_sddot_450E0412,2026-07-27,,"21"" RCP Bend, Furnish","21"" RCP Bend, Furnish",EACH,450,sd_sddot_item_catalog_2026_07_27,true
sd_sddot_450E0413_v20260727,sd_sddot_450E0413,2026-07-27,,"21"" RCP Bend, Install","21"" RCP Bend, Install",EACH,450,sd_sddot_item_catalog_2026_07_27,true
sd_sddot_450E0416_v20260727,sd_sddot_450E0416,2026-07-27,,"24"" RCP Bend, Furnish","24"" RCP Bend, Furnish",EACH,450,sd_sddot_item_catalog_2026_07_27,true
sd_sddot_450E0417_v20260727,sd_sddot_450E0417,2026-07-27,,"24"" RCP Bend, Install","24"" RCP Bend, Install",EACH,450,sd_sddot_item_catalog_2026_07_27,true
sd_sddot_450E0420_v20260727,sd_sddot_450E0420,2026-07-27,,"27"" RCP Bend, Furnish","27"" RCP Bend, Furnish",EACH,450,sd_sddot_item_catalog_2026_07_27,true
sd_sddot_450E0421_v20260727,sd_sddot_450E0421,2026-07-27,,"27"" RCP Bend, Install","27"" RCP Bend, Install",EACH,450,sd_sddot_item_catalog_2026_07_27,true
sd_sddot_450E0424_v20260727,sd_sddot_450E0424,2026-07-27,,"30"" RCP Bend, Furnish","30"" RCP Bend, Furnish",EACH,450,sd_sddot_item_catalog_2026_07_27,true
sd_sddot_450E0425_v20260727,sd_sddot_450E0425,2026-07-27,,"30"" RCP Bend, Install","30"" RCP Bend, Install",EACH,450,sd_sddot_item_catalog_2026_07_27,true
sd_sddot_450E0428_v20260727,sd_sddot_450E0428,2026-07-27,,"36"" RCP Bend, Furnish","36"" RCP Bend, Furnish",EACH,450,sd_sddot_item_catalog_2026_07_27,true
sd_sddot_450E0429_v20260727,sd_sddot_450E0429,2026-07-27,,"36"" RCP Bend, Install","36"" RCP Bend, Install",EACH,450,sd_sddot_item_catalog_2026_07_27,true
sd_sddot_450E0432_v20260727,sd_sddot_450E0432,2026-07-27,,"42"" RCP Bend, Furnish","42"" RCP Bend, Furnish",EACH,450,sd_sddot_item_catalog_2026_07_27,true
sd_sddot_450E0433_v20260727,sd_sddot_450E0433,2026-07-27,,"42"" RCP Bend, Install","42"" RCP Bend, Install",EACH,450,sd_sddot_item_catalog_2026_07_27,true
sd_sddot_450E0436_v20260727,sd_sddot_450E0436,2026-07-27,,"48"" RCP Bend, Furnish","48"" RCP Bend, Furnish",EACH,450,sd_sddot_item_catalog_2026_07_27,true
sd_sddot_450E0437_v20260727,sd_sddot_450E0437,2026-07-27,,"48"" RCP Bend, Install","48"" RCP Bend, Install",EACH,450,sd_sddot_item_catalog_2026_07_27,true
sd_sddot_450E0440_v20260727,sd_sddot_450E0440,2026-07-27,,"54"" RCP Bend, Furnish","54"" RCP Bend, Furnish",EACH,450,sd_sddot_item_catalog_2026_07_27,true
sd_sddot_450E0441_v20260727,sd_sddot_450E0441,2026-07-27,,"54"" RCP Bend, Install","54"" RCP Bend, Install",EACH,450,sd_sddot_item_catalog_2026_07_27,true
sd_sddot_450E0444_v20260727,sd_sddot_450E0444,2026-07-27,,"60"" RCP Bend, Furnish","60"" RCP Bend, Furnish",EACH,450,sd_sddot_item_catalog_2026_07_27,true
sd_sddot_450E0445_v20260727,sd_sddot_450E0445,2026-07-27,,"60"" RCP Bend, Install","60"" RCP Bend, Install",EACH,450,sd_sddot_item_catalog_2026_07_27,true
sd_sddot_450E0448_v20260727,sd_sddot_450E0448,2026-07-27,,"66"" RCP Bend, Furnish","66"" RCP Bend, Furnish",EACH,450,sd_sddot_item_catalog_2026_07_27,true
sd_sddot_450E0449_v20260727,sd_sddot_450E0449,2026-07-27,,"66"" RCP Bend, Install","66"" RCP Bend, Install",EACH,450,sd_sddot_item_catalog_2026_07_27,true
sd_sddot_450E0452_v20260727,sd_sddot_450E0452,2026-07-27,,"72"" RCP Bend, Furnish","72"" RCP Bend, Furnish",EACH,450,sd_sddot_item_catalog_2026_07_27,true
sd_sddot_450E0453_v20260727,sd_sddot_450E0453,2026-07-27,,"72"" RCP Bend, Install","72"" RCP Bend, Install",EACH,450,sd_sddot_item_catalog_2026_07_27,true
sd_sddot_450E0460_v20260727,sd_sddot_450E0460,2026-07-27,,"84"" RCP Bend, Furnish","84"" RCP Bend, Furnish",EACH,450,sd_sddot_item_catalog_2026_07_27,true
sd_sddot_450E0461_v20260727,sd_sddot_450E0461,2026-07-27,,"84"" RCP Bend, Install","84"" RCP Bend, Install",EACH,450,sd_sddot_item_catalog_2026_07_27,true
sd_sddot_450E0464_v20260727,sd_sddot_450E0464,2026-07-27,,"90"" RCP Bend, Furnish","90"" RCP Bend, Furnish",EACH,450,sd_sddot_item_catalog_2026_07_27,true
sd_sddot_450E0465_v20260727,sd_sddot_450E0465,2026-07-27,,"90"" RCP Bend, Install","90"" RCP Bend, Install",EACH,450,sd_sddot_item_catalog_2026_07_27,true
sd_sddot_450E0466_v20260727,sd_sddot_450E0466,2026-07-27,,"96"" RCP Bend, Furnish","96"" RCP Bend, Furnish",EACH,450,sd_sddot_item_catalog_2026_07_27,true
sd_sddot_450E0467_v20260727,sd_sddot_450E0467,2026-07-27,,"96"" RCP Bend, Install","96"" RCP Bend, Install",EACH,450,sd_sddot_item_catalog_2026_07_27,true
sd_sddot_450E0700_v20260727,sd_sddot_450E0700,2026-07-27,,"RCP Tee, Furnish","RCP Tee, Furnish",EACH,450,sd_sddot_item_catalog_2026_07_27,true
sd_sddot_450E0701_v20260727,sd_sddot_450E0701,2026-07-27,,"RCP Tee, Install","RCP Tee, Install",EACH,450,sd_sddot_item_catalog_2026_07_27,true
sd_sddot_450E0900_v20260727,sd_sddot_450E0900,2026-07-27,,"RCP Cross, Furnish","RCP Cross, Furnish",EACH,450,sd_sddot_item_catalog_2026_07_27,true
sd_sddot_450E0901_v20260727,sd_sddot_450E0901,2026-07-27,,"RCP Cross, Install","RCP Cross, Install",EACH,450,sd_sddot_item_catalog_2026_07_27,true
sd_sddot_450E1000_v20260727,sd_sddot_450E1000,2026-07-27,,"RCP Wye, Furnish","RCP Wye, Furnish",EACH,450,sd_sddot_item_catalog_2026_07_27,true
sd_sddot_450E1001_v20260727,sd_sddot_450E1001,2026-07-27,,"RCP Wye, Install","RCP Wye, Install",EACH,450,sd_sddot_item_catalog_2026_07_27,true
sd_sddot_450E1200_v20260727,sd_sddot_450E1200,2026-07-27,,"RCP Increaser, Furnish","RCP Increaser, Furnish",EACH,450,sd_sddot_item_catalog_2026_07_27,true
sd_sddot_450E1201_v20260727,sd_sddot_450E1201,2026-07-27,,"RCP Increaser, Install","RCP Increaser, Install",EACH,450,sd_sddot_item_catalog_2026_07_27,true
sd_sddot_450E1400_v20260727,sd_sddot_450E1400,2026-07-27,,"RCP Reducer, Furnish","RCP Reducer, Furnish",EACH,450,sd_sddot_item_catalog_2026_07_27,true
sd_sddot_450E1401_v20260727,sd_sddot_450E1401,2026-07-27,,"RCP Reducer, Install","RCP Reducer, Install",EACH,450,sd_sddot_item_catalog_2026_07_27,true
sd_sddot_450E1600_v20260727,sd_sddot_450E1600,2026-07-27,,"RCP Energy Dissipater Ring, Furnish","RCP Energy Dissipater Ring, Furnish",EACH,450,sd_sddot_item_catalog_2026_07_27,true
sd_sddot_450E1601_v20260727,sd_sddot_450E1601,2026-07-27,,"RCP Energy Dissipater Ring, Install","RCP Energy Dissipater Ring, Install",EACH,450,sd_sddot_item_catalog_2026_07_27,true
sd_sddot_450E1800_v20260727,sd_sddot_450E1800,2026-07-27,,Bore and Jack RCP,Bore and Jack RCP,FT,450,sd_sddot_item_catalog_2026_07_27,true
sd_sddot_450E1805_v20260727,sd_sddot_450E1805,2026-07-27,,Bore and Jack RCP Arch,Bore and Jack RCP Arch,FT,450,sd_sddot_item_catalog_2026_07_27,true
sd_sddot_450E2000_v20260727,sd_sddot_450E2000,2026-07-27,,"12"" RCP Flared End, Furnish","12"" RCP Flared End, Furnish",EACH,450,sd_sddot_item_catalog_2026_07_27,true
sd_sddot_450E2001_v20260727,sd_sddot_450E2001,2026-07-27,,"12"" RCP Flared End, Install","12"" RCP Flared End, Install",EACH,450,sd_sddot_item_catalog_2026_07_27,true
sd_sddot_450E2004_v20260727,sd_sddot_450E2004,2026-07-27,,"15"" RCP Flared End, Furnish","15"" RCP Flared End, Furnish",EACH,450,sd_sddot_item_catalog_2026_07_27,true
sd_sddot_450E2005_v20260727,sd_sddot_450E2005,2026-07-27,,"15"" RCP Flared End, Install","15"" RCP Flared End, Install",EACH,450,sd_sddot_item_catalog_2026_07_27,true
sd_sddot_450E2008_v20260727,sd_sddot_450E2008,2026-07-27,,"18"" RCP Flared End, Furnish","18"" RCP Flared End, Furnish",EACH,450,sd_sddot_item_catalog_2026_07_27,true
sd_sddot_450E2009_v20260727,sd_sddot_450E2009,2026-07-27,,"18"" RCP Flared End, Install","18"" RCP Flared End, Install",EACH,450,sd_sddot_item_catalog_2026_07_27,true
sd_sddot_450E2012_v20260727,sd_sddot_450E2012,2026-07-27,,"21"" RCP Flared End, Furnish","21"" RCP Flared End, Furnish",EACH,450,sd_sddot_item_catalog_2026_07_27,true
sd_sddot_450E2013_v20260727,sd_sddot_450E2013,2026-07-27,,"21"" RCP Flared End, Install","21"" RCP Flared End, Install",EACH,450,sd_sddot_item_catalog_2026_07_27,true
sd_sddot_450E2016_v20260727,sd_sddot_450E2016,2026-07-27,,"24"" RCP Flared End, Furnish","24"" RCP Flared End, Furnish",EACH,450,sd_sddot_item_catalog_2026_07_27,true
sd_sddot_450E2017_v20260727,sd_sddot_450E2017,2026-07-27,,"24"" RCP Flared End, Install","24"" RCP Flared End, Install",EACH,450,sd_sddot_item_catalog_2026_07_27,true
sd_sddot_450E2020_v20260727,sd_sddot_450E2020,2026-07-27,,"27"" RCP Flared End, Furnish","27"" RCP Flared End, Furnish",EACH,450,sd_sddot_item_catalog_2026_07_27,true
sd_sddot_450E2021_v20260727,sd_sddot_450E2021,2026-07-27,,"27"" RCP Flared End, Install","27"" RCP Flared End, Install",EACH,450,sd_sddot_item_catalog_2026_07_27,true
sd_sddot_450E2024_v20260727,sd_sddot_450E2024,2026-07-27,,"30"" RCP Flared End, Furnish","30"" RCP Flared End, Furnish",EACH,450,sd_sddot_item_catalog_2026_07_27,true
sd_sddot_450E2025_v20260727,sd_sddot_450E2025,2026-07-27,,"30"" RCP Flared End, Install","30"" RCP Flared End, Install",EACH,450,sd_sddot_item_catalog_2026_07_27,true
sd_sddot_450E2028_v20260727,sd_sddot_450E2028,2026-07-27,,"36"" RCP Flared End, Furnish","36"" RCP Flared End, Furnish",EACH,450,sd_sddot_item_catalog_2026_07_27,true
sd_sddot_450E2029_v20260727,sd_sddot_450E2029,2026-07-27,,"36"" RCP Flared End, Install","36"" RCP Flared End, Install",EACH,450,sd_sddot_item_catalog_2026_07_27,true
sd_sddot_450E2032_v20260727,sd_sddot_450E2032,2026-07-27,,"42"" RCP Flared End, Furnish","42"" RCP Flared End, Furnish",EACH,450,sd_sddot_item_catalog_2026_07_27,true
sd_sddot_450E2033_v20260727,sd_sddot_450E2033,2026-07-27,,"42"" RCP Flared End, Install","42"" RCP Flared End, Install",EACH,450,sd_sddot_item_catalog_2026_07_27,true
sd_sddot_450E2036_v20260727,sd_sddot_450E2036,2026-07-27,,"48"" RCP Flared End, Furnish","48"" RCP Flared End, Furnish",EACH,450,sd_sddot_item_catalog_2026_07_27,true
sd_sddot_450E2037_v20260727,sd_sddot_450E2037,2026-07-27,,"48"" RCP Flared End, Install","48"" RCP Flared End, Install",EACH,450,sd_sddot_item_catalog_2026_07_27,true
sd_sddot_450E2040_v20260727,sd_sddot_450E2040,2026-07-27,,"54"" RCP Flared End, Furnish","54"" RCP Flared End, Furnish",EACH,450,sd_sddot_item_catalog_2026_07_27,true
sd_sddot_450E2041_v20260727,sd_sddot_450E2041,2026-07-27,,"54"" RCP Flared End, Install","54"" RCP Flared End, Install",EACH,450,sd_sddot_item_catalog_2026_07_27,true
sd_sddot_450E2044_v20260727,sd_sddot_450E2044,2026-07-27,,"60"" RCP Flared End, Furnish","60"" RCP Flared End, Furnish",EACH,450,sd_sddot_item_catalog_2026_07_27,true
sd_sddot_450E2045_v20260727,sd_sddot_450E2045,2026-07-27,,"60"" RCP Flared End, Install","60"" RCP Flared End, Install",EACH,450,sd_sddot_item_catalog_2026_07_27,true
sd_sddot_450E2048_v20260727,sd_sddot_450E2048,2026-07-27,,"66"" RCP Flared End, Furnish","66"" RCP Flared End, Furnish",EACH,450,sd_sddot_item_catalog_2026_07_27,true
sd_sddot_450E2049_v20260727,sd_sddot_450E2049,2026-07-27,,"66"" RCP Flared End, Install","66"" RCP Flared End, Install",EACH,450,sd_sddot_item_catalog_2026_07_27,true
sd_sddot_450E2052_v20260727,sd_sddot_450E2052,2026-07-27,,"72"" RCP Flared End, Furnish","72"" RCP Flared End, Furnish",EACH,450,sd_sddot_item_catalog_2026_07_27,true
sd_sddot_450E2053_v20260727,sd_sddot_450E2053,2026-07-27,,"72"" RCP Flared End, Install","72"" RCP Flared End, Install",EACH,450,sd_sddot_item_catalog_2026_07_27,true
sd_sddot_450E2056_v20260727,sd_sddot_450E2056,2026-07-27,,"78"" RCP Flared End, Furnish","78"" RCP Flared End, Furnish",EACH,450,sd_sddot_item_catalog_2026_07_27,true
sd_sddot_450E2057_v20260727,sd_sddot_450E2057,2026-07-27,,"78"" RCP Flared End, Install","78"" RCP Flared End, Install",EACH,450,sd_sddot_item_catalog_2026_07_27,true
sd_sddot_450E2060_v20260727,sd_sddot_450E2060,2026-07-27,,"84"" RCP Flared End, Furnish","84"" RCP Flared End, Furnish",EACH,450,sd_sddot_item_catalog_2026_07_27,true
sd_sddot_450E2061_v20260727,sd_sddot_450E2061,2026-07-27,,"84"" RCP Flared End, Install","84"" RCP Flared End, Install",EACH,450,sd_sddot_item_catalog_2026_07_27,true
sd_sddot_450E2064_v20260727,sd_sddot_450E2064,2026-07-27,,"90"" RCP Flared End, Furnish","90"" RCP Flared End, Furnish",EACH,450,sd_sddot_item_catalog_2026_07_27,true
sd_sddot_450E2065_v20260727,sd_sddot_450E2065,2026-07-27,,"90"" RCP Flared End, Install","90"" RCP Flared End, Install",EACH,450,sd_sddot_item_catalog_2026_07_27,true
sd_sddot_450E2200_v20260727,sd_sddot_450E2200,2026-07-27,,"24"" RCP Sloped End, Furnish","24"" RCP Sloped End, Furnish",EACH,450,sd_sddot_item_catalog_2026_07_27,true
sd_sddot_450E2201_v20260727,sd_sddot_450E2201,2026-07-27,,"24"" RCP Sloped End, Install","24"" RCP Sloped End, Install",EACH,450,sd_sddot_item_catalog_2026_07_27,true
sd_sddot_450E2204_v20260727,sd_sddot_450E2204,2026-07-27,,"30"" RCP Sloped End, Furnish","30"" RCP Sloped End, Furnish",EACH,450,sd_sddot_item_catalog_2026_07_27,true
sd_sddot_450E2205_v20260727,sd_sddot_450E2205,2026-07-27,,"30"" RCP Sloped End, Install","30"" RCP Sloped End, Install",EACH,450,sd_sddot_item_catalog_2026_07_27,true
sd_sddot_450E2207_v20260727,sd_sddot_450E2207,2026-07-27,,"36"" RCP Sloped End with Bars, Furnish","36"" RCP Sloped End with Bars, Furnish",EACH,450,sd_sddot_item_catalog_2026_07_27,true
sd_sddot_450E2208_v20260727,sd_sddot_450E2208,2026-07-27,,"36"" RCP Sloped End, Furnish","36"" RCP Sloped End, Furnish",EACH,450,sd_sddot_item_catalog_2026_07_27,true
sd_sddot_450E2209_v20260727,sd_sddot_450E2209,2026-07-27,,"36"" RCP Sloped End, Install","36"" RCP Sloped End, Install",EACH,450,sd_sddot_item_catalog_2026_07_27,true
sd_sddot_450E2211_v20260727,sd_sddot_450E2211,2026-07-27,,"42"" RCP Sloped End with Bars, Furnish","42"" RCP Sloped End with Bars, Furnish",EACH,450,sd_sddot_item_catalog_2026_07_27,true
sd_sddot_450E2212_v20260727,sd_sddot_450E2212,2026-07-27,,"42"" RCP Sloped End, Furnish","42"" RCP Sloped End, Furnish",EACH,450,sd_sddot_item_catalog_2026_07_27,true
sd_sddot_450E2213_v20260727,sd_sddot_450E2213,2026-07-27,,"42"" RCP Sloped End, Install","42"" RCP Sloped End, Install",EACH,450,sd_sddot_item_catalog_2026_07_27,true
sd_sddot_450E2215_v20260727,sd_sddot_450E2215,2026-07-27,,"48"" RCP Sloped End with Bars, Furnish","48"" RCP Sloped End with Bars, Furnish",EACH,450,sd_sddot_item_catalog_2026_07_27,true
sd_sddot_450E2216_v20260727,sd_sddot_450E2216,2026-07-27,,"48"" RCP Sloped End, Furnish","48"" RCP Sloped End, Furnish",EACH,450,sd_sddot_item_catalog_2026_07_27,true
sd_sddot_450E2217_v20260727,sd_sddot_450E2217,2026-07-27,,"48"" RCP Sloped End, Install","48"" RCP Sloped End, Install",EACH,450,sd_sddot_item_catalog_2026_07_27,true
sd_sddot_450E2219_v20260727,sd_sddot_450E2219,2026-07-27,,"54"" RCP Sloped End with Bars, Furnish","54"" RCP Sloped End with Bars, Furnish",EACH,450,sd_sddot_item_catalog_2026_07_27,true
sd_sddot_450E2220_v20260727,sd_sddot_450E2220,2026-07-27,,"54"" RCP Sloped End, Furnish","54"" RCP Sloped End, Furnish",EACH,450,sd_sddot_item_catalog_2026_07_27,true
sd_sddot_450E2221_v20260727,sd_sddot_450E2221,2026-07-27,,"54"" RCP Sloped End, Install","54"" RCP Sloped End, Install",EACH,450,sd_sddot_item_catalog_2026_07_27,true
sd_sddot_450E2223_v20260727,sd_sddot_450E2223,2026-07-27,,"60"" RCP Sloped End with Bars, Furnish","60"" RCP Sloped End with Bars, Furnish",EACH,450,sd_sddot_item_catalog_2026_07_27,true
sd_sddot_450E2224_v20260727,sd_sddot_450E2224,2026-07-27,,"60"" RCP Sloped End, Furnish","60"" RCP Sloped End, Furnish",EACH,450,sd_sddot_item_catalog_2026_07_27,true
sd_sddot_450E2225_v20260727,sd_sddot_450E2225,2026-07-27,,"60"" RCP Sloped End, Install","60"" RCP Sloped End, Install",EACH,450,sd_sddot_item_catalog_2026_07_27,true
sd_sddot_450E2242_v20260727,sd_sddot_450E2242,2026-07-27,,"72"" RCP Sectional End, Furnish","72"" RCP Sectional End, Furnish",EACH,450,sd_sddot_item_catalog_2026_07_27,true
sd_sddot_450E2243_v20260727,sd_sddot_450E2243,2026-07-27,,"72"" RCP Sectional End, Install","72"" RCP Sectional End, Install",EACH,450,sd_sddot_item_catalog_2026_07_27,true
sd_sddot_450E2248_v20260727,sd_sddot_450E2248,2026-07-27,,"90"" RCP Sectional End, Furnish","90"" RCP Sectional End, Furnish",EACH,450,sd_sddot_item_catalog_2026_07_27,true
sd_sddot_450E2249_v20260727,sd_sddot_450E2249,2026-07-27,,"90"" RCP Sectional End, Install","90"" RCP Sectional End, Install",EACH,450,sd_sddot_item_catalog_2026_07_27,true
sd_sddot_450E2250_v20260727,sd_sddot_450E2250,2026-07-27,,"96"" RCP Sectional End, Furnish","96"" RCP Sectional End, Furnish",EACH,450,sd_sddot_item_catalog_2026_07_27,true
sd_sddot_450E2251_v20260727,sd_sddot_450E2251,2026-07-27,,"96"" RCP Sectional End, Install","96"" RCP Sectional End, Install",EACH,450,sd_sddot_item_catalog_2026_07_27,true
sd_sddot_450E2252_v20260727,sd_sddot_450E2252,2026-07-27,,"102"" RCP Sectional End, Furnish","102"" RCP Sectional End, Furnish",EACH,450,sd_sddot_item_catalog_2026_07_27,true
sd_sddot_450E2253_v20260727,sd_sddot_450E2253,2026-07-27,,"102"" RCP Sectional End, Install","102"" RCP Sectional End, Install",EACH,450,sd_sddot_item_catalog_2026_07_27,true
sd_sddot_450E2254_v20260727,sd_sddot_450E2254,2026-07-27,,"108"" RCP Sectional End, Furnish","108"" RCP Sectional End, Furnish",EACH,450,sd_sddot_item_catalog_2026_07_27,true
sd_sddot_450E2255_v20260727,sd_sddot_450E2255,2026-07-27,,"108"" RCP Sectional End, Install","108"" RCP Sectional End, Install",EACH,450,sd_sddot_item_catalog_2026_07_27,true
sd_sddot_450E2258_v20260727,sd_sddot_450E2258,2026-07-27,,"120"" RCP Sectional End, Furnish","120"" RCP Sectional End, Furnish",EACH,450,sd_sddot_item_catalog_2026_07_27,true
sd_sddot_450E2259_v20260727,sd_sddot_450E2259,2026-07-27,,"120"" RCP Sectional End, Install","120"" RCP Sectional End, Install",EACH,450,sd_sddot_item_catalog_2026_07_27,true
sd_sddot_450E2300_v20260727,sd_sddot_450E2300,2026-07-27,,"15"" RCP Safety End, Furnish","15"" RCP Safety End, Furnish",EACH,450,sd_sddot_item_catalog_2026_07_27,true
sd_sddot_450E2301_v20260727,sd_sddot_450E2301,2026-07-27,,"15"" RCP Safety End with Bars, Furnish","15"" RCP Safety End with Bars, Furnish",EACH,450,sd_sddot_item_catalog_2026_07_27,true
sd_sddot_450E2303_v20260727,sd_sddot_450E2303,2026-07-27,,"15"" RCP Safety End, Install","15"" RCP Safety End, Install",EACH,450,sd_sddot_item_catalog_2026_07_27,true
sd_sddot_450E2304_v20260727,sd_sddot_450E2304,2026-07-27,,"18"" RCP Safety End, Furnish","18"" RCP Safety End, Furnish",EACH,450,sd_sddot_item_catalog_2026_07_27,true
sd_sddot_450E2305_v20260727,sd_sddot_450E2305,2026-07-27,,"18"" RCP Safety End with Bars, Furnish","18"" RCP Safety End with Bars, Furnish",EACH,450,sd_sddot_item_catalog_2026_07_27,true
sd_sddot_450E2307_v20260727,sd_sddot_450E2307,2026-07-27,,"18"" RCP Safety End, Install","18"" RCP Safety End, Install",EACH,450,sd_sddot_item_catalog_2026_07_27,true
sd_sddot_450E2308_v20260727,sd_sddot_450E2308,2026-07-27,,"24"" RCP Safety End, Furnish","24"" RCP Safety End, Furnish",EACH,450,sd_sddot_item_catalog_2026_07_27,true
sd_sddot_450E2309_v20260727,sd_sddot_450E2309,2026-07-27,,"24"" RCP Safety End with Bars, Furnish","24"" RCP Safety End with Bars, Furnish",EACH,450,sd_sddot_item_catalog_2026_07_27,true
sd_sddot_450E2311_v20260727,sd_sddot_450E2311,2026-07-27,,"24"" RCP Safety End, Install","24"" RCP Safety End, Install",EACH,450,sd_sddot_item_catalog_2026_07_27,true
sd_sddot_450E2400_v20260727,sd_sddot_450E2400,2026-07-27,,RCP Arch to Round Transition Furnish,RCP Arch to Round Transition Furnish,EACH,450,sd_sddot_item_catalog_2026_07_27,true
sd_sddot_450E2401_v20260727,sd_sddot_450E2401,2026-07-27,,RCP Arch to Round Transition Install,RCP Arch to Round Transition Install,EACH,450,sd_sddot_item_catalog_2026_07_27,true
sd_sddot_450E2402_v20260727,sd_sddot_450E2402,2026-07-27,,RCP Round to Arch Transition Furnish,RCP Round to Arch Transition Furnish,EACH,450,sd_sddot_item_catalog_2026_07_27,true
sd_sddot_450E2403_v20260727,sd_sddot_450E2403,2026-07-27,,RCP Round to Arch Transition Install,RCP Round to Arch Transition Install,EACH,450,sd_sddot_item_catalog_2026_07_27,true
sd_sddot_450E2903_v20260727,sd_sddot_450E2903,2026-07-27,,"15"" RCP Arch Class 3, Furnish","15"" RCP Arch Class 3, Furnish",FT,450,sd_sddot_item_catalog_2026_07_27,true
sd_sddot_450E3000_v20260727,sd_sddot_450E3000,2026-07-27,,"15"" RCP Arch, Install","15"" RCP Arch, Install",FT,450,sd_sddot_item_catalog_2026_07_27,true
sd_sddot_450E3002_v20260727,sd_sddot_450E3002,2026-07-27,,"18"" RCP Arch Class 2, Furnish","18"" RCP Arch Class 2, Furnish",FT,450,sd_sddot_item_catalog_2026_07_27,true
sd_sddot_450E3003_v20260727,sd_sddot_450E3003,2026-07-27,,"18"" RCP Arch Class 3, Furnish","18"" RCP Arch Class 3, Furnish",FT,450,sd_sddot_item_catalog_2026_07_27,true
sd_sddot_450E3004_v20260727,sd_sddot_450E3004,2026-07-27,,"18"" RCP Arch Class 4, Furnish","18"" RCP Arch Class 4, Furnish",FT,450,sd_sddot_item_catalog_2026_07_27,true
sd_sddot_450E3010_v20260727,sd_sddot_450E3010,2026-07-27,,"18"" RCP Arch, Install","18"" RCP Arch, Install",FT,450,sd_sddot_item_catalog_2026_07_27,true
sd_sddot_450E3012_v20260727,sd_sddot_450E3012,2026-07-27,,"24"" RCP Arch Class 2, Furnish","24"" RCP Arch Class 2, Furnish",FT,450,sd_sddot_item_catalog_2026_07_27,true
sd_sddot_450E3013_v20260727,sd_sddot_450E3013,2026-07-27,,"24"" RCP Arch Class 3, Furnish","24"" RCP Arch Class 3, Furnish",FT,450,sd_sddot_item_catalog_2026_07_27,true
sd_sddot_450E3014_v20260727,sd_sddot_450E3014,2026-07-27,,"24"" RCP Arch Class 4, Furnish","24"" RCP Arch Class 4, Furnish",FT,450,sd_sddot_item_catalog_2026_07_27,true
sd_sddot_450E3016_v20260727,sd_sddot_450E3016,2026-07-27,,"24"" RCP Arch Special, Furnish","24"" RCP Arch Special, Furnish",FT,450,sd_sddot_item_catalog_2026_07_27,true
sd_sddot_450E3020_v20260727,sd_sddot_450E3020,2026-07-27,,"24"" RCP Arch, Install","24"" RCP Arch, Install",FT,450,sd_sddot_item_catalog_2026_07_27,true
sd_sddot_450E3022_v20260727,sd_sddot_450E3022,2026-07-27,,"30"" RCP Arch Class 2, Furnish","30"" RCP Arch Class 2, Furnish",FT,450,sd_sddot_item_catalog_2026_07_27,true
sd_sddot_450E3023_v20260727,sd_sddot_450E3023,2026-07-27,,"30"" RCP Arch Class 3, Furnish","30"" RCP Arch Class 3, Furnish",FT,450,sd_sddot_item_catalog_2026_07_27,true
sd_sddot_450E3024_v20260727,sd_sddot_450E3024,2026-07-27,,"30"" RCP Arch Class 4, Furnish","30"" RCP Arch Class 4, Furnish",FT,450,sd_sddot_item_catalog_2026_07_27,true
sd_sddot_450E3030_v20260727,sd_sddot_450E3030,2026-07-27,,"30"" RCP Arch, Install","30"" RCP Arch, Install",FT,450,sd_sddot_item_catalog_2026_07_27,true
sd_sddot_450E3032_v20260727,sd_sddot_450E3032,2026-07-27,,"36"" RCP Arch Class 2, Furnish","36"" RCP Arch Class 2, Furnish",FT,450,sd_sddot_item_catalog_2026_07_27,true
sd_sddot_450E3033_v20260727,sd_sddot_450E3033,2026-07-27,,"36"" RCP Arch Class 3, Furnish","36"" RCP Arch Class 3, Furnish",FT,450,sd_sddot_item_catalog_2026_07_27,true
sd_sddot_450E3034_v20260727,sd_sddot_450E3034,2026-07-27,,"36"" RCP Arch Class 4, Furnish","36"" RCP Arch Class 4, Furnish",FT,450,sd_sddot_item_catalog_2026_07_27,true
sd_sddot_450E3040_v20260727,sd_sddot_450E3040,2026-07-27,,"36"" RCP Arch, Install","36"" RCP Arch, Install",FT,450,sd_sddot_item_catalog_2026_07_27,true
sd_sddot_450E3042_v20260727,sd_sddot_450E3042,2026-07-27,,"42"" RCP Arch Class 2, Furnish","42"" RCP Arch Class 2, Furnish",FT,450,sd_sddot_item_catalog_2026_07_27,true
sd_sddot_450E3043_v20260727,sd_sddot_450E3043,2026-07-27,,"42"" RCP Arch Class 3, Furnish","42"" RCP Arch Class 3, Furnish",FT,450,sd_sddot_item_catalog_2026_07_27,true
sd_sddot_450E3044_v20260727,sd_sddot_450E3044,2026-07-27,,"42"" RCP Arch Class 4, Furnish","42"" RCP Arch Class 4, Furnish",FT,450,sd_sddot_item_catalog_2026_07_27,true
sd_sddot_450E3049_v20260727,sd_sddot_450E3049,2026-07-27,,"42"" RCP Arch for Jacking, Furnish","42"" RCP Arch for Jacking, Furnish",FT,450,sd_sddot_item_catalog_2026_07_27,true
sd_sddot_450E3050_v20260727,sd_sddot_450E3050,2026-07-27,,"42"" RCP Arch, Install","42"" RCP Arch, Install",FT,450,sd_sddot_item_catalog_2026_07_27,true
sd_sddot_450E3052_v20260727,sd_sddot_450E3052,2026-07-27,,"48"" RCP Arch Class 2, Furnish","48"" RCP Arch Class 2, Furnish",FT,450,sd_sddot_item_catalog_2026_07_27,true
sd_sddot_450E3053_v20260727,sd_sddot_450E3053,2026-07-27,,"48"" RCP Arch Class 3, Furnish","48"" RCP Arch Class 3, Furnish",FT,450,sd_sddot_item_catalog_2026_07_27,true
sd_sddot_450E3054_v20260727,sd_sddot_450E3054,2026-07-27,,"48"" RCP Arch Class 4, Furnish","48"" RCP Arch Class 4, Furnish",FT,450,sd_sddot_item_catalog_2026_07_27,true
sd_sddot_450E3060_v20260727,sd_sddot_450E3060,2026-07-27,,"48"" RCP Arch, Install","48"" RCP Arch, Install",FT,450,sd_sddot_item_catalog_2026_07_27,true
sd_sddot_450E3062_v20260727,sd_sddot_450E3062,2026-07-27,,"54"" RCP Arch Class 2, Furnish","54"" RCP Arch Class 2, Furnish",FT,450,sd_sddot_item_catalog_2026_07_27,true
sd_sddot_450E3063_v20260727,sd_sddot_450E3063,2026-07-27,,"54"" RCP Arch Class 3, Furnish","54"" RCP Arch Class 3, Furnish",FT,450,sd_sddot_item_catalog_2026_07_27,true
sd_sddot_450E3064_v20260727,sd_sddot_450E3064,2026-07-27,,"54"" RCP Arch Class 4, Furnish","54"" RCP Arch Class 4, Furnish",FT,450,sd_sddot_item_catalog_2026_07_27,true
sd_sddot_450E3070_v20260727,sd_sddot_450E3070,2026-07-27,,"54"" RCP Arch, Install","54"" RCP Arch, Install",FT,450,sd_sddot_item_catalog_2026_07_27,true
sd_sddot_450E3072_v20260727,sd_sddot_450E3072,2026-07-27,,"60"" RCP Arch Class 2, Furnish","60"" RCP Arch Class 2, Furnish",FT,450,sd_sddot_item_catalog_2026_07_27,true
sd_sddot_450E3073_v20260727,sd_sddot_450E3073,2026-07-27,,"60"" RCP Arch Class 3, Furnish","60"" RCP Arch Class 3, Furnish",FT,450,sd_sddot_item_catalog_2026_07_27,true
sd_sddot_450E3074_v20260727,sd_sddot_450E3074,2026-07-27,,"60"" RCP Arch Class 4, Furnish","60"" RCP Arch Class 4, Furnish",FT,450,sd_sddot_item_catalog_2026_07_27,true
sd_sddot_450E3080_v20260727,sd_sddot_450E3080,2026-07-27,,"60"" RCP Arch, Install","60"" RCP Arch, Install",FT,450,sd_sddot_item_catalog_2026_07_27,true
sd_sddot_450E3082_v20260727,sd_sddot_450E3082,2026-07-27,,"72"" RCP Arch Class 2, Furnish","72"" RCP Arch Class 2, Furnish",FT,450,sd_sddot_item_catalog_2026_07_27,true
sd_sddot_450E3083_v20260727,sd_sddot_450E3083,2026-07-27,,"72"" RCP Arch Class 3, Furnish","72"" RCP Arch Class 3, Furnish",FT,450,sd_sddot_item_catalog_2026_07_27,true
sd_sddot_450E3084_v20260727,sd_sddot_450E3084,2026-07-27,,"72"" RCP Arch Class 4, Furnish","72"" RCP Arch Class 4, Furnish",FT,450,sd_sddot_item_catalog_2026_07_27,true
sd_sddot_450E3090_v20260727,sd_sddot_450E3090,2026-07-27,,"72"" RCP Arch, Install","72"" RCP Arch, Install",FT,450,sd_sddot_item_catalog_2026_07_27,true
sd_sddot_450E3092_v20260727,sd_sddot_450E3092,2026-07-27,,"84"" RCP Arch Class 2, Furnish","84"" RCP Arch Class 2, Furnish",FT,450,sd_sddot_item_catalog_2026_07_27,true
sd_sddot_450E3093_v20260727,sd_sddot_450E3093,2026-07-27,,"84"" RCP Arch Class 3, Furnish","84"" RCP Arch Class 3, Furnish",FT,450,sd_sddot_item_catalog_2026_07_27,true
sd_sddot_450E3094_v20260727,sd_sddot_450E3094,2026-07-27,,"84"" RCP Arch Class 4, Furnish","84"" RCP Arch Class 4, Furnish",FT,450,sd_sddot_item_catalog_2026_07_27,true
sd_sddot_450E3100_v20260727,sd_sddot_450E3100,2026-07-27,,"84"" RCP Arch, Install","84"" RCP Arch, Install",FT,450,sd_sddot_item_catalog_2026_07_27,true
sd_sddot_450E3102_v20260727,sd_sddot_450E3102,2026-07-27,,"96"" RCP Arch Class 2, Furnish","96"" RCP Arch Class 2, Furnish",FT,450,sd_sddot_item_catalog_2026_07_27,true
sd_sddot_450E3110_v20260727,sd_sddot_450E3110,2026-07-27,,"96"" RCP Arch, Install","96"" RCP Arch, Install",FT,450,sd_sddot_item_catalog_2026_07_27,true
sd_sddot_450E3112_v20260727,sd_sddot_450E3112,2026-07-27,,"108"" RCP Arch Class 2, Furnish","108"" RCP Arch Class 2, Furnish",FT,450,sd_sddot_item_catalog_2026_07_27,true
sd_sddot_450E3120_v20260727,sd_sddot_450E3120,2026-07-27,,"108"" RCP Arch, Install","108"" RCP Arch, Install",FT,450,sd_sddot_item_catalog_2026_07_27,true
sd_sddot_450E3122_v20260727,sd_sddot_450E3122,2026-07-27,,"120"" RCP Arch Class 2, Furnish","120"" RCP Arch Class 2, Furnish",FT,450,sd_sddot_item_catalog_2026_07_27,true
sd_sddot_450E3130_v20260727,sd_sddot_450E3130,2026-07-27,,"120"" RCP Arch, Install","120"" RCP Arch, Install",FT,450,sd_sddot_item_catalog_2026_07_27,true
sd_sddot_450E3142_v20260727,sd_sddot_450E3142,2026-07-27,,"90"" RCP Arch Class 2, Furnish","90"" RCP Arch Class 2, Furnish",FT,450,sd_sddot_item_catalog_2026_07_27,true
sd_sddot_450E3150_v20260727,sd_sddot_450E3150,2026-07-27,,"90"" RCP Arch, Install","90"" RCP Arch, Install",FT,450,sd_sddot_item_catalog_2026_07_27,true
sd_sddot_450E3304_v20260727,sd_sddot_450E3304,2026-07-27,,"18"" RCP Arch Bend, Furnish","18"" RCP Arch Bend, Furnish",EACH,450,sd_sddot_item_catalog_2026_07_27,true
sd_sddot_450E3305_v20260727,sd_sddot_450E3305,2026-07-27,,"18"" RCP Arch Bend, Install","18"" RCP Arch Bend, Install",EACH,450,sd_sddot_item_catalog_2026_07_27,true
sd_sddot_450E3308_v20260727,sd_sddot_450E3308,2026-07-27,,"21"" RCP Arch Bend, Furnish","21"" RCP Arch Bend, Furnish",EACH,450,sd_sddot_item_catalog_2026_07_27,true
sd_sddot_450E3309_v20260727,sd_sddot_450E3309,2026-07-27,,"21"" RCP Arch Bend, Install","21"" RCP Arch Bend, Install",EACH,450,sd_sddot_item_catalog_2026_07_27,true
sd_sddot_450E3312_v20260727,sd_sddot_450E3312,2026-07-27,,"24"" RCP Arch Bend, Furnish","24"" RCP Arch Bend, Furnish",EACH,450,sd_sddot_item_catalog_2026_07_27,true
sd_sddot_450E3313_v20260727,sd_sddot_450E3313,2026-07-27,,"24"" RCP Arch Bend, Install","24"" RCP Arch Bend, Install",EACH,450,sd_sddot_item_catalog_2026_07_27,true
sd_sddot_450E3316_v20260727,sd_sddot_450E3316,2026-07-27,,"27"" RCP Arch Bend, Furnish","27"" RCP Arch Bend, Furnish",EACH,450,sd_sddot_item_catalog_2026_07_27,true
sd_sddot_450E3317_v20260727,sd_sddot_450E3317,2026-07-27,,"27"" RCP Arch Bend, Install","27"" RCP Arch Bend, Install",EACH,450,sd_sddot_item_catalog_2026_07_27,true
sd_sddot_450E3320_v20260727,sd_sddot_450E3320,2026-07-27,,"30"" RCP Arch Bend, Furnish","30"" RCP Arch Bend, Furnish",EACH,450,sd_sddot_item_catalog_2026_07_27,true
sd_sddot_450E3321_v20260727,sd_sddot_450E3321,2026-07-27,,"30"" RCP Arch Bend, Install","30"" RCP Arch Bend, Install",EACH,450,sd_sddot_item_catalog_2026_07_27,true
sd_sddot_450E3324_v20260727,sd_sddot_450E3324,2026-07-27,,"36"" RCP Arch Bend, Furnish","36"" RCP Arch Bend, Furnish",EACH,450,sd_sddot_item_catalog_2026_07_27,true
sd_sddot_450E3325_v20260727,sd_sddot_450E3325,2026-07-27,,"36"" RCP Arch Bend, Install","36"" RCP Arch Bend, Install",EACH,450,sd_sddot_item_catalog_2026_07_27,true
sd_sddot_450E3328_v20260727,sd_sddot_450E3328,2026-07-27,,"42"" RCP Arch Bend, Furnish","42"" RCP Arch Bend, Furnish",EACH,450,sd_sddot_item_catalog_2026_07_27,true
sd_sddot_450E3329_v20260727,sd_sddot_450E3329,2026-07-27,,"42"" RCP Arch Bend, Install","42"" RCP Arch Bend, Install",EACH,450,sd_sddot_item_catalog_2026_07_27,true
sd_sddot_450E3332_v20260727,sd_sddot_450E3332,2026-07-27,,"48"" RCP Arch Bend, Furnish","48"" RCP Arch Bend, Furnish",EACH,450,sd_sddot_item_catalog_2026_07_27,true
sd_sddot_450E3333_v20260727,sd_sddot_450E3333,2026-07-27,,"48"" RCP Arch Bend, Install","48"" RCP Arch Bend, Install",EACH,450,sd_sddot_item_catalog_2026_07_27,true
sd_sddot_450E3336_v20260727,sd_sddot_450E3336,2026-07-27,,"54"" RCP Arch Bend, Furnish","54"" RCP Arch Bend, Furnish",EACH,450,sd_sddot_item_catalog_2026_07_27,true
sd_sddot_450E3337_v20260727,sd_sddot_450E3337,2026-07-27,,"54"" RCP Arch Bend, Install","54"" RCP Arch Bend, Install",EACH,450,sd_sddot_item_catalog_2026_07_27,true
sd_sddot_450E3340_v20260727,sd_sddot_450E3340,2026-07-27,,"60"" RCP Arch Bend, Furnish","60"" RCP Arch Bend, Furnish",EACH,450,sd_sddot_item_catalog_2026_07_27,true
sd_sddot_450E3341_v20260727,sd_sddot_450E3341,2026-07-27,,"60"" RCP Arch Bend, Install","60"" RCP Arch Bend, Install",EACH,450,sd_sddot_item_catalog_2026_07_27,true
sd_sddot_450E3344_v20260727,sd_sddot_450E3344,2026-07-27,,"66"" RCP Arch Bend, Furnish","66"" RCP Arch Bend, Furnish",EACH,450,sd_sddot_item_catalog_2026_07_27,true
sd_sddot_450E3345_v20260727,sd_sddot_450E3345,2026-07-27,,"66"" RCP Arch Bend, Install","66"" RCP Arch Bend, Install",EACH,450,sd_sddot_item_catalog_2026_07_27,true
sd_sddot_450E3348_v20260727,sd_sddot_450E3348,2026-07-27,,"72"" RCP Arch Bend, Furnish","72"" RCP Arch Bend, Furnish",EACH,450,sd_sddot_item_catalog_2026_07_27,true
sd_sddot_450E3349_v20260727,sd_sddot_450E3349,2026-07-27,,"72"" RCP Arch Bend, Install","72"" RCP Arch Bend, Install",EACH,450,sd_sddot_item_catalog_2026_07_27,true
sd_sddot_450E3352_v20260727,sd_sddot_450E3352,2026-07-27,,"78"" RCP Arch Bend, Furnish","78"" RCP Arch Bend, Furnish",EACH,450,sd_sddot_item_catalog_2026_07_27,true
sd_sddot_450E3353_v20260727,sd_sddot_450E3353,2026-07-27,,"78"" RCP Arch Bend, Install","78"" RCP Arch Bend, Install",EACH,450,sd_sddot_item_catalog_2026_07_27,true
sd_sddot_450E3356_v20260727,sd_sddot_450E3356,2026-07-27,,"84"" RCP Arch Bend, Furnish","84"" RCP Arch Bend, Furnish",EACH,450,sd_sddot_item_catalog_2026_07_27,true
sd_sddot_450E3357_v20260727,sd_sddot_450E3357,2026-07-27,,"84"" RCP Arch Bend, Install","84"" RCP Arch Bend, Install",EACH,450,sd_sddot_item_catalog_2026_07_27,true
sd_sddot_450E3600_v20260727,sd_sddot_450E3600,2026-07-27,,"RCP Arch Tee, Furnish","RCP Arch Tee, Furnish",EACH,450,sd_sddot_item_catalog_2026_07_27,true
sd_sddot_450E3601_v20260727,sd_sddot_450E3601,2026-07-27,,"RCP Arch Tee, Install","RCP Arch Tee, Install",EACH,450,sd_sddot_item_catalog_2026_07_27,true
sd_sddot_450E4496_v20260727,sd_sddot_450E4496,2026-07-27,,"15"" RCP Arch Flared End, Furnish","15"" RCP Arch Flared End, Furnish",EACH,450,sd_sddot_item_catalog_2026_07_27,true
sd_sddot_450E4497_v20260727,sd_sddot_450E4497,2026-07-27,,"15"" RCP Arch Flared End, Install","15"" RCP Arch Flared End, Install",EACH,450,sd_sddot_item_catalog_2026_07_27,true
sd_sddot_450E4500_v20260727,sd_sddot_450E4500,2026-07-27,,"18"" RCP Arch Flared End, Furnish","18"" RCP Arch Flared End, Furnish",EACH,450,sd_sddot_item_catalog_2026_07_27,true
sd_sddot_450E4501_v20260727,sd_sddot_450E4501,2026-07-27,,"18"" RCP Arch Flared End, Install","18"" RCP Arch Flared End, Install",EACH,450,sd_sddot_item_catalog_2026_07_27,true
sd_sddot_450E4504_v20260727,sd_sddot_450E4504,2026-07-27,,"24"" RCP Arch Flared End, Furnish","24"" RCP Arch Flared End, Furnish",EACH,450,sd_sddot_item_catalog_2026_07_27,true
sd_sddot_450E4505_v20260727,sd_sddot_450E4505,2026-07-27,,"24"" RCP Arch Flared End, Install","24"" RCP Arch Flared End, Install",EACH,450,sd_sddot_item_catalog_2026_07_27,true
sd_sddot_450E4508_v20260727,sd_sddot_450E4508,2026-07-27,,"30"" RCP Arch Flared End, Furnish","30"" RCP Arch Flared End, Furnish",EACH,450,sd_sddot_item_catalog_2026_07_27,true
sd_sddot_450E4509_v20260727,sd_sddot_450E4509,2026-07-27,,"30"" RCP Arch Flared End, Install","30"" RCP Arch Flared End, Install",EACH,450,sd_sddot_item_catalog_2026_07_27,true
sd_sddot_450E4512_v20260727,sd_sddot_450E4512,2026-07-27,,"36"" RCP Arch Flared End, Furnish","36"" RCP Arch Flared End, Furnish",EACH,450,sd_sddot_item_catalog_2026_07_27,true
sd_sddot_450E4513_v20260727,sd_sddot_450E4513,2026-07-27,,"36"" RCP Arch Flared End, Install","36"" RCP Arch Flared End, Install",EACH,450,sd_sddot_item_catalog_2026_07_27,true
sd_sddot_450E4516_v20260727,sd_sddot_450E4516,2026-07-27,,"42"" RCP Arch Flared End, Furnish","42"" RCP Arch Flared End, Furnish",EACH,450,sd_sddot_item_catalog_2026_07_27,true
sd_sddot_450E4517_v20260727,sd_sddot_450E4517,2026-07-27,,"42"" RCP Arch Flared End, Install","42"" RCP Arch Flared End, Install",EACH,450,sd_sddot_item_catalog_2026_07_27,true
sd_sddot_450E4520_v20260727,sd_sddot_450E4520,2026-07-27,,"48"" RCP Arch Flared End, Furnish","48"" RCP Arch Flared End, Furnish",EACH,450,sd_sddot_item_catalog_2026_07_27,true
sd_sddot_450E4521_v20260727,sd_sddot_450E4521,2026-07-27,,"48"" RCP Arch Flared End, Install","48"" RCP Arch Flared End, Install",EACH,450,sd_sddot_item_catalog_2026_07_27,true
sd_sddot_450E4524_v20260727,sd_sddot_450E4524,2026-07-27,,"54"" RCP Arch Flared End, Furnish","54"" RCP Arch Flared End, Furnish",EACH,450,sd_sddot_item_catalog_2026_07_27,true
sd_sddot_450E4525_v20260727,sd_sddot_450E4525,2026-07-27,,"54"" RCP Arch Flared End, Install","54"" RCP Arch Flared End, Install",EACH,450,sd_sddot_item_catalog_2026_07_27,true
sd_sddot_450E4528_v20260727,sd_sddot_450E4528,2026-07-27,,"60"" RCP Arch Flared End, Furnish","60"" RCP Arch Flared End, Furnish",EACH,450,sd_sddot_item_catalog_2026_07_27,true
sd_sddot_450E4529_v20260727,sd_sddot_450E4529,2026-07-27,,"60"" RCP Arch Flared End, Install","60"" RCP Arch Flared End, Install",EACH,450,sd_sddot_item_catalog_2026_07_27,true
sd_sddot_450E4532_v20260727,sd_sddot_450E4532,2026-07-27,,"72"" RCP Arch Flared End, Furnish","72"" RCP Arch Flared End, Furnish",EACH,450,sd_sddot_item_catalog_2026_07_27,true
sd_sddot_450E4533_v20260727,sd_sddot_450E4533,2026-07-27,,"72"" RCP Arch Flared End, Install","72"" RCP Arch Flared End, Install",EACH,450,sd_sddot_item_catalog_2026_07_27,true
sd_sddot_450E4536_v20260727,sd_sddot_450E4536,2026-07-27,,"84"" RCP Arch Flared End, Furnish","84"" RCP Arch Flared End, Furnish",EACH,450,sd_sddot_item_catalog_2026_07_27,true
sd_sddot_450E4537_v20260727,sd_sddot_450E4537,2026-07-27,,"84"" RCP Arch Flared End, Install","84"" RCP Arch Flared End, Install",EACH,450,sd_sddot_item_catalog_2026_07_27,true
sd_sddot_450E4600_v20260727,sd_sddot_450E4600,2026-07-27,,"24"" RCP Arch Sloped End, Furnish","24"" RCP Arch Sloped End, Furnish",EACH,450,sd_sddot_item_catalog_2026_07_27,true
sd_sddot_450E4601_v20260727,sd_sddot_450E4601,2026-07-27,,"24"" RCP Arch Sloped End, Install","24"" RCP Arch Sloped End, Install",EACH,450,sd_sddot_item_catalog_2026_07_27,true
sd_sddot_450E4604_v20260727,sd_sddot_450E4604,2026-07-27,,"30"" RCP Arch Sloped End, Furnish","30"" RCP Arch Sloped End, Furnish",EACH,450,sd_sddot_item_catalog_2026_07_27,true
sd_sddot_450E4605_v20260727,sd_sddot_450E4605,2026-07-27,,"30"" RCP Arch Sloped End, Install","30"" RCP Arch Sloped End, Install",EACH,450,sd_sddot_item_catalog_2026_07_27,true
sd_sddot_450E4606_v20260727,sd_sddot_450E4606,2026-07-27,,"36"" RCP Arch Sloped End, Furnish","36"" RCP Arch Sloped End, Furnish",EACH,450,sd_sddot_item_catalog_2026_07_27,true
sd_sddot_450E4607_v20260727,sd_sddot_450E4607,2026-07-27,,"36"" RCP Arch Sloped End, Install","36"" RCP Arch Sloped End, Install",EACH,450,sd_sddot_item_catalog_2026_07_27,true
sd_sddot_450E4608_v20260727,sd_sddot_450E4608,2026-07-27,,"42"" RCP Arch Sloped End, Furnish","42"" RCP Arch Sloped End, Furnish",EACH,450,sd_sddot_item_catalog_2026_07_27,true
sd_sddot_450E4609_v20260727,sd_sddot_450E4609,2026-07-27,,"42"" RCP Arch Sloped End, Install","42"" RCP Arch Sloped End, Install",EACH,450,sd_sddot_item_catalog_2026_07_27,true
sd_sddot_450E4620_v20260727,sd_sddot_450E4620,2026-07-27,,"24"" RCP Arch Sloped End with Bars, Furnish","24"" RCP Arch Sloped End with Bars, Furnish",EACH,450,sd_sddot_item_catalog_2026_07_27,true
sd_sddot_450E4621_v20260727,sd_sddot_450E4621,2026-07-27,,"30"" RCP Arch Sloped End with Bars, Furnish","30"" RCP Arch Sloped End with Bars, Furnish",EACH,450,sd_sddot_item_catalog_2026_07_27,true
sd_sddot_450E4622_v20260727,sd_sddot_450E4622,2026-07-27,,"36"" RCP Arch Sloped End with Bars, Furnish","36"" RCP Arch Sloped End with Bars, Furnish",EACH,450,sd_sddot_item_catalog_2026_07_27,true
sd_sddot_450E4623_v20260727,sd_sddot_450E4623,2026-07-27,,"42"" RCP Arch Sloped End with Bars, Furnish","42"" RCP Arch Sloped End with Bars, Furnish",EACH,450,sd_sddot_item_catalog_2026_07_27,true
sd_sddot_450E4635_v20260727,sd_sddot_450E4635,2026-07-27,,"90"" RCP Arch Sectional End, Furnish","90"" RCP Arch Sectional End, Furnish",EACH,450,sd_sddot_item_catalog_2026_07_27,true
sd_sddot_450E4636_v20260727,sd_sddot_450E4636,2026-07-27,,"90"" RCP Arch Sectional End, Install","90"" RCP Arch Sectional End, Install",EACH,450,sd_sddot_item_catalog_2026_07_27,true
sd_sddot_450E4637_v20260727,sd_sddot_450E4637,2026-07-27,,"96"" RCP Arch Sectional End, Furnish","96"" RCP Arch Sectional End, Furnish",EACH,450,sd_sddot_item_catalog_2026_07_27,true
sd_sddot_450E4638_v20260727,sd_sddot_450E4638,2026-07-27,,"96"" RCP Arch Sectional End, Install","96"" RCP Arch Sectional End, Install",EACH,450,sd_sddot_item_catalog_2026_07_27,true
sd_sddot_450E4639_v20260727,sd_sddot_450E4639,2026-07-27,,"108"" RCP Arch Sectional End, Furnish","108"" RCP Arch Sectional End, Furnish",EACH,450,sd_sddot_item_catalog_2026_07_27,true
sd_sddot_450E4640_v20260727,sd_sddot_450E4640,2026-07-27,,"108"" RCP Arch Sectional End, Install","108"" RCP Arch Sectional End, Install",EACH,450,sd_sddot_item_catalog_2026_07_27,true
sd_sddot_450E4641_v20260727,sd_sddot_450E4641,2026-07-27,,"120"" RCP Arch Sectional End, Furnish","120"" RCP Arch Sectional End, Furnish",EACH,450,sd_sddot_item_catalog_2026_07_27,true
sd_sddot_450E4642_v20260727,sd_sddot_450E4642,2026-07-27,,"120"" RCP Arch Sectional End, Install","120"" RCP Arch Sectional End, Install",EACH,450,sd_sddot_item_catalog_2026_07_27,true
sd_sddot_450E4650_v20260727,sd_sddot_450E4650,2026-07-27,,"18"" RCP Arch Safety End, Furnish","18"" RCP Arch Safety End, Furnish",EACH,450,sd_sddot_item_catalog_2026_07_27,true
sd_sddot_450E4651_v20260727,sd_sddot_450E4651,2026-07-27,,"18"" RCP Arch Safety End with Bars, Furnish","18"" RCP Arch Safety End with Bars, Furnish",EACH,450,sd_sddot_item_catalog_2026_07_27,true
sd_sddot_450E4653_v20260727,sd_sddot_450E4653,2026-07-27,,"18"" RCP Arch Safety End, Install","18"" RCP Arch Safety End, Install",EACH,450,sd_sddot_item_catalog_2026_07_27,true
sd_sddot_450E4698_v20260727,sd_sddot_450E4698,2026-07-27,,Tie Bolts for RCP,Tie Bolts for RCP,L S,450,sd_sddot_item_catalog_2026_07_27,true
sd_sddot_450E4699_v20260727,sd_sddot_450E4699,2026-07-27,,Tie Bolts for RCP,Tie Bolts for RCP,EACH,450,sd_sddot_item_catalog_2026_07_27,true
sd_sddot_450E4709_v20260727,sd_sddot_450E4709,2026-07-27,,"6"" CMP 16 Gauge, Furnish","6"" CMP 16 Gauge, Furnish",FT,450,sd_sddot_item_catalog_2026_07_27,true
sd_sddot_450E4710_v20260727,sd_sddot_450E4710,2026-07-27,,"6"" CMP, Install","6"" CMP, Install",FT,450,sd_sddot_item_catalog_2026_07_27,true
sd_sddot_450E4719_v20260727,sd_sddot_450E4719,2026-07-27,,"8"" CMP 16 Gauge, Furnish","8"" CMP 16 Gauge, Furnish",FT,450,sd_sddot_item_catalog_2026_07_27,true
sd_sddot_450E4720_v20260727,sd_sddot_450E4720,2026-07-27,,"8"" CMP, Install","8"" CMP, Install",FT,450,sd_sddot_item_catalog_2026_07_27,true
sd_sddot_450E4729_v20260727,sd_sddot_450E4729,2026-07-27,,"10"" CMP 16 Gauge, Furnish","10"" CMP 16 Gauge, Furnish",FT,450,sd_sddot_item_catalog_2026_07_27,true
sd_sddot_450E4730_v20260727,sd_sddot_450E4730,2026-07-27,,"10"" CMP, Install","10"" CMP, Install",FT,450,sd_sddot_item_catalog_2026_07_27,true
sd_sddot_450E4738_v20260727,sd_sddot_450E4738,2026-07-27,,"12"" CMP 14 Gauge, Furnish","12"" CMP 14 Gauge, Furnish",FT,450,sd_sddot_item_catalog_2026_07_27,true
sd_sddot_450E4739_v20260727,sd_sddot_450E4739,2026-07-27,,"12"" CMP 16 Gauge, Furnish","12"" CMP 16 Gauge, Furnish",FT,450,sd_sddot_item_catalog_2026_07_27,true
sd_sddot_450E4740_v20260727,sd_sddot_450E4740,2026-07-27,,"12"" CMP, Install","12"" CMP, Install",FT,450,sd_sddot_item_catalog_2026_07_27,true
sd_sddot_450E4748_v20260727,sd_sddot_450E4748,2026-07-27,,"15"" CMP 14 Gauge, Furnish","15"" CMP 14 Gauge, Furnish",FT,450,sd_sddot_item_catalog_2026_07_27,true
sd_sddot_450E4749_v20260727,sd_sddot_450E4749,2026-07-27,,"15"" CMP 16 Gauge, Furnish","15"" CMP 16 Gauge, Furnish",FT,450,sd_sddot_item_catalog_2026_07_27,true
sd_sddot_450E4750_v20260727,sd_sddot_450E4750,2026-07-27,,"15"" CMP, Install","15"" CMP, Install",FT,450,sd_sddot_item_catalog_2026_07_27,true
sd_sddot_450E4757_v20260727,sd_sddot_450E4757,2026-07-27,,"18"" CMP 12 Gauge, Furnish","18"" CMP 12 Gauge, Furnish",FT,450,sd_sddot_item_catalog_2026_07_27,true
sd_sddot_450E4758_v20260727,sd_sddot_450E4758,2026-07-27,,"18"" CMP 14 Gauge, Furnish","18"" CMP 14 Gauge, Furnish",FT,450,sd_sddot_item_catalog_2026_07_27,true
sd_sddot_450E4759_v20260727,sd_sddot_450E4759,2026-07-27,,"18"" CMP 16 Gauge, Furnish","18"" CMP 16 Gauge, Furnish",FT,450,sd_sddot_item_catalog_2026_07_27,true
sd_sddot_450E4760_v20260727,sd_sddot_450E4760,2026-07-27,,"18"" CMP, Install","18"" CMP, Install",FT,450,sd_sddot_item_catalog_2026_07_27,true
sd_sddot_450E4767_v20260727,sd_sddot_450E4767,2026-07-27,,"24"" CMP 12 Gauge, Furnish","24"" CMP 12 Gauge, Furnish",FT,450,sd_sddot_item_catalog_2026_07_27,true
sd_sddot_450E4768_v20260727,sd_sddot_450E4768,2026-07-27,,"24"" CMP 14 Gauge, Furnish","24"" CMP 14 Gauge, Furnish",FT,450,sd_sddot_item_catalog_2026_07_27,true
sd_sddot_450E4769_v20260727,sd_sddot_450E4769,2026-07-27,,"24"" CMP 16 Gauge, Furnish","24"" CMP 16 Gauge, Furnish",FT,450,sd_sddot_item_catalog_2026_07_27,true
sd_sddot_450E4770_v20260727,sd_sddot_450E4770,2026-07-27,,"24"" CMP, Install","24"" CMP, Install",FT,450,sd_sddot_item_catalog_2026_07_27,true
sd_sddot_450E4777_v20260727,sd_sddot_450E4777,2026-07-27,,"30"" CMP 12 Gauge, Furnish","30"" CMP 12 Gauge, Furnish",FT,450,sd_sddot_item_catalog_2026_07_27,true
sd_sddot_450E4778_v20260727,sd_sddot_450E4778,2026-07-27,,"30"" CMP 14 Gauge, Furnish","30"" CMP 14 Gauge, Furnish",FT,450,sd_sddot_item_catalog_2026_07_27,true
sd_sddot_450E4779_v20260727,sd_sddot_450E4779,2026-07-27,,"30"" CMP 16 Gauge, Furnish","30"" CMP 16 Gauge, Furnish",FT,450,sd_sddot_item_catalog_2026_07_27,true
sd_sddot_450E4780_v20260727,sd_sddot_450E4780,2026-07-27,,"30"" CMP, Install","30"" CMP, Install",FT,450,sd_sddot_item_catalog_2026_07_27,true
sd_sddot_450E4787_v20260727,sd_sddot_450E4787,2026-07-27,,"36"" CMP 12 Gauge, Furnish","36"" CMP 12 Gauge, Furnish",FT,450,sd_sddot_item_catalog_2026_07_27,true
sd_sddot_450E4788_v20260727,sd_sddot_450E4788,2026-07-27,,"36"" CMP 14 Gauge, Furnish","36"" CMP 14 Gauge, Furnish",FT,450,sd_sddot_item_catalog_2026_07_27,true
sd_sddot_450E4789_v20260727,sd_sddot_450E4789,2026-07-27,,"36"" CMP 16 Gauge, Furnish","36"" CMP 16 Gauge, Furnish",FT,450,sd_sddot_item_catalog_2026_07_27,true
sd_sddot_450E4790_v20260727,sd_sddot_450E4790,2026-07-27,,"36"" CMP, Install","36"" CMP, Install",FT,450,sd_sddot_item_catalog_2026_07_27,true
sd_sddot_450E4797_v20260727,sd_sddot_450E4797,2026-07-27,,"42"" CMP 12 Gauge, Furnish","42"" CMP 12 Gauge, Furnish",FT,450,sd_sddot_item_catalog_2026_07_27,true
sd_sddot_450E4798_v20260727,sd_sddot_450E4798,2026-07-27,,"42"" CMP 14 Gauge, Furnish","42"" CMP 14 Gauge, Furnish",FT,450,sd_sddot_item_catalog_2026_07_27,true
sd_sddot_450E4799_v20260727,sd_sddot_450E4799,2026-07-27,,"42"" CMP 16 Gauge, Furnish","42"" CMP 16 Gauge, Furnish",FT,450,sd_sddot_item_catalog_2026_07_27,true
sd_sddot_450E4800_v20260727,sd_sddot_450E4800,2026-07-27,,"42"" CMP, Install","42"" CMP, Install",FT,450,sd_sddot_item_catalog_2026_07_27,true
sd_sddot_450E4807_v20260727,sd_sddot_450E4807,2026-07-27,,"48"" CMP 12 Gauge, Furnish","48"" CMP 12 Gauge, Furnish",FT,450,sd_sddot_item_catalog_2026_07_27,true
sd_sddot_450E4808_v20260727,sd_sddot_450E4808,2026-07-27,,"48"" CMP 14 Gauge, Furnish","48"" CMP 14 Gauge, Furnish",FT,450,sd_sddot_item_catalog_2026_07_27,true
sd_sddot_450E4809_v20260727,sd_sddot_450E4809,2026-07-27,,"48"" CMP 16 Gauge, Furnish","48"" CMP 16 Gauge, Furnish",FT,450,sd_sddot_item_catalog_2026_07_27,true
sd_sddot_450E4810_v20260727,sd_sddot_450E4810,2026-07-27,,"48"" CMP, Install","48"" CMP, Install",FT,450,sd_sddot_item_catalog_2026_07_27,true
sd_sddot_450E4817_v20260727,sd_sddot_450E4817,2026-07-27,,"54"" CMP 12 Gauge, Furnish","54"" CMP 12 Gauge, Furnish",FT,450,sd_sddot_item_catalog_2026_07_27,true
sd_sddot_450E4818_v20260727,sd_sddot_450E4818,2026-07-27,,"54"" CMP 14 Gauge, Furnish","54"" CMP 14 Gauge, Furnish",FT,450,sd_sddot_item_catalog_2026_07_27,true
sd_sddot_450E4819_v20260727,sd_sddot_450E4819,2026-07-27,,"54"" CMP 16 Gauge, Furnish","54"" CMP 16 Gauge, Furnish",FT,450,sd_sddot_item_catalog_2026_07_27,true
sd_sddot_450E4820_v20260727,sd_sddot_450E4820,2026-07-27,,"54"" CMP, Install","54"" CMP, Install",FT,450,sd_sddot_item_catalog_2026_07_27,true
sd_sddot_450E4827_v20260727,sd_sddot_450E4827,2026-07-27,,"60"" CMP 12 Gauge, Furnish","60"" CMP 12 Gauge, Furnish",FT,450,sd_sddot_item_catalog_2026_07_27,true
sd_sddot_450E4828_v20260727,sd_sddot_450E4828,2026-07-27,,"60"" CMP 14 Gauge, Furnish","60"" CMP 14 Gauge, Furnish",FT,450,sd_sddot_item_catalog_2026_07_27,true
sd_sddot_450E4829_v20260727,sd_sddot_450E4829,2026-07-27,,"60"" CMP 16 Gauge, Furnish","60"" CMP 16 Gauge, Furnish",FT,450,sd_sddot_item_catalog_2026_07_27,true
sd_sddot_450E4830_v20260727,sd_sddot_450E4830,2026-07-27,,"60"" CMP, Install","60"" CMP, Install",FT,450,sd_sddot_item_catalog_2026_07_27,true
sd_sddot_450E4837_v20260727,sd_sddot_450E4837,2026-07-27,,"66"" CMP 12 Gauge, Furnish","66"" CMP 12 Gauge, Furnish",FT,450,sd_sddot_item_catalog_2026_07_27,true
sd_sddot_450E4838_v20260727,sd_sddot_450E4838,2026-07-27,,"66"" CMP 14 Gauge, Furnish","66"" CMP 14 Gauge, Furnish",FT,450,sd_sddot_item_catalog_2026_07_27,true
sd_sddot_450E4839_v20260727,sd_sddot_450E4839,2026-07-27,,"66"" CMP 16 Gauge, Furnish","66"" CMP 16 Gauge, Furnish",FT,450,sd_sddot_item_catalog_2026_07_27,true
sd_sddot_450E4840_v20260727,sd_sddot_450E4840,2026-07-27,,"66"" CMP, Install","66"" CMP, Install",FT,450,sd_sddot_item_catalog_2026_07_27,true
sd_sddot_450E4847_v20260727,sd_sddot_450E4847,2026-07-27,,"72"" CMP 10 Gauge, Furnish","72"" CMP 10 Gauge, Furnish",FT,450,sd_sddot_item_catalog_2026_07_27,true
sd_sddot_450E4848_v20260727,sd_sddot_450E4848,2026-07-27,,"72"" CMP 12 Gauge, Furnish","72"" CMP 12 Gauge, Furnish",FT,450,sd_sddot_item_catalog_2026_07_27,true
sd_sddot_450E4849_v20260727,sd_sddot_450E4849,2026-07-27,,"72"" CMP 14 Gauge, Furnish","72"" CMP 14 Gauge, Furnish",FT,450,sd_sddot_item_catalog_2026_07_27,true
sd_sddot_450E4850_v20260727,sd_sddot_450E4850,2026-07-27,,"72"" CMP, Install","72"" CMP, Install",FT,450,sd_sddot_item_catalog_2026_07_27,true
sd_sddot_450E4857_v20260727,sd_sddot_450E4857,2026-07-27,,"78"" CMP 10 Gauge, Furnish","78"" CMP 10 Gauge, Furnish",FT,450,sd_sddot_item_catalog_2026_07_27,true
sd_sddot_450E4858_v20260727,sd_sddot_450E4858,2026-07-27,,"78"" CMP 12 Gauge, Furnish","78"" CMP 12 Gauge, Furnish",FT,450,sd_sddot_item_catalog_2026_07_27,true
sd_sddot_450E4859_v20260727,sd_sddot_450E4859,2026-07-27,,"78"" CMP 14 Gauge, Furnish","78"" CMP 14 Gauge, Furnish",FT,450,sd_sddot_item_catalog_2026_07_27,true
sd_sddot_450E4860_v20260727,sd_sddot_450E4860,2026-07-27,,"78"" CMP, Install","78"" CMP, Install",FT,450,sd_sddot_item_catalog_2026_07_27,true
sd_sddot_450E4867_v20260727,sd_sddot_450E4867,2026-07-27,,"84"" CMP 10 Gauge, Furnish","84"" CMP 10 Gauge, Furnish",FT,450,sd_sddot_item_catalog_2026_07_27,true
sd_sddot_450E4868_v20260727,sd_sddot_450E4868,2026-07-27,,"84"" CMP 12 Gauge, Furnish","84"" CMP 12 Gauge, Furnish",FT,450,sd_sddot_item_catalog_2026_07_27,true
sd_sddot_450E4869_v20260727,sd_sddot_450E4869,2026-07-27,,"84"" CMP 14 Gauge, Furnish","84"" CMP 14 Gauge, Furnish",FT,450,sd_sddot_item_catalog_2026_07_27,true
sd_sddot_450E4870_v20260727,sd_sddot_450E4870,2026-07-27,,"84"" CMP, Install","84"" CMP, Install",FT,450,sd_sddot_item_catalog_2026_07_27,true
sd_sddot_450E4877_v20260727,sd_sddot_450E4877,2026-07-27,,"90"" CMP 10 Gauge, Furnish","90"" CMP 10 Gauge, Furnish",FT,450,sd_sddot_item_catalog_2026_07_27,true
sd_sddot_450E4878_v20260727,sd_sddot_450E4878,2026-07-27,,"90"" CMP 12 Gauge, Furnish","90"" CMP 12 Gauge, Furnish",FT,450,sd_sddot_item_catalog_2026_07_27,true
sd_sddot_450E4879_v20260727,sd_sddot_450E4879,2026-07-27,,"90"" CMP 14 Gauge, Furnish","90"" CMP 14 Gauge, Furnish",FT,450,sd_sddot_item_catalog_2026_07_27,true
sd_sddot_450E4880_v20260727,sd_sddot_450E4880,2026-07-27,,"90"" CMP, Install","90"" CMP, Install",FT,450,sd_sddot_item_catalog_2026_07_27,true
sd_sddot_450E4887_v20260727,sd_sddot_450E4887,2026-07-27,,"96"" CMP 8 Gauge, Furnish","96"" CMP 8 Gauge, Furnish",FT,450,sd_sddot_item_catalog_2026_07_27,true
sd_sddot_450E4888_v20260727,sd_sddot_450E4888,2026-07-27,,"96"" CMP 10 Gauge, Furnish","96"" CMP 10 Gauge, Furnish",FT,450,sd_sddot_item_catalog_2026_07_27,true
sd_sddot_450E4889_v20260727,sd_sddot_450E4889,2026-07-27,,"96"" CMP 12 Gauge, Furnish","96"" CMP 12 Gauge, Furnish",FT,450,sd_sddot_item_catalog_2026_07_27,true
sd_sddot_450E4890_v20260727,sd_sddot_450E4890,2026-07-27,,"96"" CMP, Install","96"" CMP, Install",FT,450,sd_sddot_item_catalog_2026_07_27,true
sd_sddot_450E4928_v20260727,sd_sddot_450E4928,2026-07-27,,"132"" CMP 12 Gauge, Furnish","132"" CMP 12 Gauge, Furnish",FT,450,sd_sddot_item_catalog_2026_07_27,true
sd_sddot_450E4930_v20260727,sd_sddot_450E4930,2026-07-27,,"132"" CMP, Install","132"" CMP, Install",FT,450,sd_sddot_item_catalog_2026_07_27,true
sd_sddot_450E4994_v20260727,sd_sddot_450E4994,2026-07-27,,"108"" CMP 10 Gauge, Furnish","108"" CMP 10 Gauge, Furnish",FT,450,sd_sddot_item_catalog_2026_07_27,true
sd_sddot_450E4999_v20260727,sd_sddot_450E4999,2026-07-27,,"108"" CMP, Install","108"" CMP, Install",FT,450,sd_sddot_item_catalog_2026_07_27,true
sd_sddot_450E5000_v20260727,sd_sddot_450E5000,2026-07-27,,"12"" CMP Elbow, Furnish","12"" CMP Elbow, Furnish",EACH,450,sd_sddot_item_catalog_2026_07_27,true
sd_sddot_450E5001_v20260727,sd_sddot_450E5001,2026-07-27,,"12"" CMP Elbow, Install","12"" CMP Elbow, Install",EACH,450,sd_sddot_item_catalog_2026_07_27,true
sd_sddot_450E5005_v20260727,sd_sddot_450E5005,2026-07-27,,"15"" CMP Elbow, Furnish","15"" CMP Elbow, Furnish",EACH,450,sd_sddot_item_catalog_2026_07_27,true
sd_sddot_450E5006_v20260727,sd_sddot_450E5006,2026-07-27,,"15"" CMP Elbow, Install","15"" CMP Elbow, Install",EACH,450,sd_sddot_item_catalog_2026_07_27,true
sd_sddot_450E5010_v20260727,sd_sddot_450E5010,2026-07-27,,"18"" CMP Elbow, Furnish","18"" CMP Elbow, Furnish",EACH,450,sd_sddot_item_catalog_2026_07_27,true
sd_sddot_450E5011_v20260727,sd_sddot_450E5011,2026-07-27,,"18"" CMP Elbow, Install","18"" CMP Elbow, Install",EACH,450,sd_sddot_item_catalog_2026_07_27,true
sd_sddot_450E5015_v20260727,sd_sddot_450E5015,2026-07-27,,"24"" CMP Elbow, Furnish","24"" CMP Elbow, Furnish",EACH,450,sd_sddot_item_catalog_2026_07_27,true
sd_sddot_450E5016_v20260727,sd_sddot_450E5016,2026-07-27,,"24"" CMP Elbow, Install","24"" CMP Elbow, Install",EACH,450,sd_sddot_item_catalog_2026_07_27,true
sd_sddot_450E5020_v20260727,sd_sddot_450E5020,2026-07-27,,"30"" CMP Elbow, Furnish","30"" CMP Elbow, Furnish",EACH,450,sd_sddot_item_catalog_2026_07_27,true
sd_sddot_450E5021_v20260727,sd_sddot_450E5021,2026-07-27,,"30"" CMP Elbow, Install","30"" CMP Elbow, Install",EACH,450,sd_sddot_item_catalog_2026_07_27,true
sd_sddot_450E5025_v20260727,sd_sddot_450E5025,2026-07-27,,"36"" CMP Elbow, Furnish","36"" CMP Elbow, Furnish",EACH,450,sd_sddot_item_catalog_2026_07_27,true
sd_sddot_450E5026_v20260727,sd_sddot_450E5026,2026-07-27,,"36"" CMP Elbow, Install","36"" CMP Elbow, Install",EACH,450,sd_sddot_item_catalog_2026_07_27,true
sd_sddot_450E5030_v20260727,sd_sddot_450E5030,2026-07-27,,"42"" CMP Elbow, Furnish","42"" CMP Elbow, Furnish",EACH,450,sd_sddot_item_catalog_2026_07_27,true
sd_sddot_450E5031_v20260727,sd_sddot_450E5031,2026-07-27,,"42"" CMP Elbow, Install","42"" CMP Elbow, Install",EACH,450,sd_sddot_item_catalog_2026_07_27,true
sd_sddot_450E5035_v20260727,sd_sddot_450E5035,2026-07-27,,"48"" CMP Elbow, Furnish","48"" CMP Elbow, Furnish",EACH,450,sd_sddot_item_catalog_2026_07_27,true
sd_sddot_450E5036_v20260727,sd_sddot_450E5036,2026-07-27,,"48"" CMP Elbow, Install","48"" CMP Elbow, Install",EACH,450,sd_sddot_item_catalog_2026_07_27,true
sd_sddot_450E5040_v20260727,sd_sddot_450E5040,2026-07-27,,"54"" CMP Elbow, Furnish","54"" CMP Elbow, Furnish",EACH,450,sd_sddot_item_catalog_2026_07_27,true
sd_sddot_450E5041_v20260727,sd_sddot_450E5041,2026-07-27,,"54"" CMP Elbow, Install","54"" CMP Elbow, Install",EACH,450,sd_sddot_item_catalog_2026_07_27,true
sd_sddot_450E5045_v20260727,sd_sddot_450E5045,2026-07-27,,"60"" CMP Elbow, Furnish","60"" CMP Elbow, Furnish",EACH,450,sd_sddot_item_catalog_2026_07_27,true
sd_sddot_450E5046_v20260727,sd_sddot_450E5046,2026-07-27,,"60"" CMP Elbow, Install","60"" CMP Elbow, Install",EACH,450,sd_sddot_item_catalog_2026_07_27,true
sd_sddot_450E5050_v20260727,sd_sddot_450E5050,2026-07-27,,"66"" CMP Elbow, Furnish","66"" CMP Elbow, Furnish",EACH,450,sd_sddot_item_catalog_2026_07_27,true
sd_sddot_450E5051_v20260727,sd_sddot_450E5051,2026-07-27,,"66"" CMP Elbow, Install","66"" CMP Elbow, Install",EACH,450,sd_sddot_item_catalog_2026_07_27,true
sd_sddot_450E5055_v20260727,sd_sddot_450E5055,2026-07-27,,"72"" CMP Elbow, Furnish","72"" CMP Elbow, Furnish",EACH,450,sd_sddot_item_catalog_2026_07_27,true
sd_sddot_450E5056_v20260727,sd_sddot_450E5056,2026-07-27,,"72"" CMP Elbow, Install","72"" CMP Elbow, Install",EACH,450,sd_sddot_item_catalog_2026_07_27,true
sd_sddot_450E5060_v20260727,sd_sddot_450E5060,2026-07-27,,"78"" CMP Elbow, Furnish","78"" CMP Elbow, Furnish",EACH,450,sd_sddot_item_catalog_2026_07_27,true
sd_sddot_450E5061_v20260727,sd_sddot_450E5061,2026-07-27,,"78"" CMP Elbow, Install","78"" CMP Elbow, Install",EACH,450,sd_sddot_item_catalog_2026_07_27,true
sd_sddot_450E5065_v20260727,sd_sddot_450E5065,2026-07-27,,"84"" CMP Elbow, Furnish","84"" CMP Elbow, Furnish",EACH,450,sd_sddot_item_catalog_2026_07_27,true
sd_sddot_450E5066_v20260727,sd_sddot_450E5066,2026-07-27,,"84"" CMP Elbow, Install","84"" CMP Elbow, Install",EACH,450,sd_sddot_item_catalog_2026_07_27,true
sd_sddot_450E5070_v20260727,sd_sddot_450E5070,2026-07-27,,"90"" CMP Elbow, Furnish","90"" CMP Elbow, Furnish",EACH,450,sd_sddot_item_catalog_2026_07_27,true
sd_sddot_450E5071_v20260727,sd_sddot_450E5071,2026-07-27,,"90"" CMP Elbow, Install","90"" CMP Elbow, Install",EACH,450,sd_sddot_item_catalog_2026_07_27,true
sd_sddot_450E5075_v20260727,sd_sddot_450E5075,2026-07-27,,"96"" CMP Elbow, Furnish","96"" CMP Elbow, Furnish",EACH,450,sd_sddot_item_catalog_2026_07_27,true
sd_sddot_450E5076_v20260727,sd_sddot_450E5076,2026-07-27,,"96"" CMP Elbow, Install","96"" CMP Elbow, Install",EACH,450,sd_sddot_item_catalog_2026_07_27,true
sd_sddot_450E5100_v20260727,sd_sddot_450E5100,2026-07-27,,"CMP Tee, Furnish","CMP Tee, Furnish",EACH,450,sd_sddot_item_catalog_2026_07_27,true
sd_sddot_450E5101_v20260727,sd_sddot_450E5101,2026-07-27,,"CMP Tee, Install","CMP Tee, Install",EACH,450,sd_sddot_item_catalog_2026_07_27,true
sd_sddot_450E5120_v20260727,sd_sddot_450E5120,2026-07-27,,"CMP Cross, Furnish","CMP Cross, Furnish",EACH,450,sd_sddot_item_catalog_2026_07_27,true
sd_sddot_450E5121_v20260727,sd_sddot_450E5121,2026-07-27,,"CMP Cross, Install","CMP Cross, Install",EACH,450,sd_sddot_item_catalog_2026_07_27,true
sd_sddot_450E5140_v20260727,sd_sddot_450E5140,2026-07-27,,"CMP Wye, Furnish","CMP Wye, Furnish",EACH,450,sd_sddot_item_catalog_2026_07_27,true
sd_sddot_450E5141_v20260727,sd_sddot_450E5141,2026-07-27,,"CMP Wye, Install","CMP Wye, Install",EACH,450,sd_sddot_item_catalog_2026_07_27,true
sd_sddot_450E5160_v20260727,sd_sddot_450E5160,2026-07-27,,"CMP Reducer, Furnish","CMP Reducer, Furnish",EACH,450,sd_sddot_item_catalog_2026_07_27,true
sd_sddot_450E5161_v20260727,sd_sddot_450E5161,2026-07-27,,"CMP Reducer, Install","CMP Reducer, Install",EACH,450,sd_sddot_item_catalog_2026_07_27,true
sd_sddot_450E5203_v20260727,sd_sddot_450E5203,2026-07-27,,"12"" CMP Flared End, Furnish","12"" CMP Flared End, Furnish",EACH,450,sd_sddot_item_catalog_2026_07_27,true
sd_sddot_450E5204_v20260727,sd_sddot_450E5204,2026-07-27,,"12"" CMP Flared End, Install","12"" CMP Flared End, Install",EACH,450,sd_sddot_item_catalog_2026_07_27,true
sd_sddot_450E5207_v20260727,sd_sddot_450E5207,2026-07-27,,"15"" CMP Flared End, Furnish","15"" CMP Flared End, Furnish",EACH,450,sd_sddot_item_catalog_2026_07_27,true
sd_sddot_450E5208_v20260727,sd_sddot_450E5208,2026-07-27,,"15"" CMP Flared End, Install","15"" CMP Flared End, Install",EACH,450,sd_sddot_item_catalog_2026_07_27,true
sd_sddot_450E5211_v20260727,sd_sddot_450E5211,2026-07-27,,"18"" CMP Flared End, Furnish","18"" CMP Flared End, Furnish",EACH,450,sd_sddot_item_catalog_2026_07_27,true
sd_sddot_450E5212_v20260727,sd_sddot_450E5212,2026-07-27,,"18"" CMP Flared End, Install","18"" CMP Flared End, Install",EACH,450,sd_sddot_item_catalog_2026_07_27,true
sd_sddot_450E5215_v20260727,sd_sddot_450E5215,2026-07-27,,"24"" CMP Flared End, Furnish","24"" CMP Flared End, Furnish",EACH,450,sd_sddot_item_catalog_2026_07_27,true
sd_sddot_450E5216_v20260727,sd_sddot_450E5216,2026-07-27,,"24"" CMP Flared End, Install","24"" CMP Flared End, Install",EACH,450,sd_sddot_item_catalog_2026_07_27,true
sd_sddot_450E5219_v20260727,sd_sddot_450E5219,2026-07-27,,"30"" CMP Flared End, Furnish","30"" CMP Flared End, Furnish",EACH,450,sd_sddot_item_catalog_2026_07_27,true
sd_sddot_450E5220_v20260727,sd_sddot_450E5220,2026-07-27,,"30"" CMP Flared End, Install","30"" CMP Flared End, Install",EACH,450,sd_sddot_item_catalog_2026_07_27,true
sd_sddot_450E5223_v20260727,sd_sddot_450E5223,2026-07-27,,"36"" CMP Flared End, Furnish","36"" CMP Flared End, Furnish",EACH,450,sd_sddot_item_catalog_2026_07_27,true
sd_sddot_450E5224_v20260727,sd_sddot_450E5224,2026-07-27,,"36"" CMP Flared End, Install","36"" CMP Flared End, Install",EACH,450,sd_sddot_item_catalog_2026_07_27,true
sd_sddot_450E5227_v20260727,sd_sddot_450E5227,2026-07-27,,"42"" CMP Flared End, Furnish","42"" CMP Flared End, Furnish",EACH,450,sd_sddot_item_catalog_2026_07_27,true
sd_sddot_450E5228_v20260727,sd_sddot_450E5228,2026-07-27,,"42"" CMP Flared End, Install","42"" CMP Flared End, Install",EACH,450,sd_sddot_item_catalog_2026_07_27,true
sd_sddot_450E5231_v20260727,sd_sddot_450E5231,2026-07-27,,"48"" CMP Flared End, Furnish","48"" CMP Flared End, Furnish",EACH,450,sd_sddot_item_catalog_2026_07_27,true
sd_sddot_450E5232_v20260727,sd_sddot_450E5232,2026-07-27,,"48"" CMP Flared End, Install","48"" CMP Flared End, Install",EACH,450,sd_sddot_item_catalog_2026_07_27,true
sd_sddot_450E5235_v20260727,sd_sddot_450E5235,2026-07-27,,"54"" CMP Flared End, Furnish","54"" CMP Flared End, Furnish",EACH,450,sd_sddot_item_catalog_2026_07_27,true
sd_sddot_450E5236_v20260727,sd_sddot_450E5236,2026-07-27,,"54"" CMP Flared End, Install","54"" CMP Flared End, Install",EACH,450,sd_sddot_item_catalog_2026_07_27,true
sd_sddot_450E5239_v20260727,sd_sddot_450E5239,2026-07-27,,"60"" CMP Flared End, Furnish","60"" CMP Flared End, Furnish",EACH,450,sd_sddot_item_catalog_2026_07_27,true
sd_sddot_450E5240_v20260727,sd_sddot_450E5240,2026-07-27,,"60"" CMP Flared End, Install","60"" CMP Flared End, Install",EACH,450,sd_sddot_item_catalog_2026_07_27,true
sd_sddot_450E5243_v20260727,sd_sddot_450E5243,2026-07-27,,"66"" CMP Flared End, Furnish","66"" CMP Flared End, Furnish",EACH,450,sd_sddot_item_catalog_2026_07_27,true
sd_sddot_450E5244_v20260727,sd_sddot_450E5244,2026-07-27,,"66"" CMP Flared End, Install","66"" CMP Flared End, Install",EACH,450,sd_sddot_item_catalog_2026_07_27,true
sd_sddot_450E5247_v20260727,sd_sddot_450E5247,2026-07-27,,"72"" CMP Flared End, Furnish","72"" CMP Flared End, Furnish",EACH,450,sd_sddot_item_catalog_2026_07_27,true
sd_sddot_450E5248_v20260727,sd_sddot_450E5248,2026-07-27,,"72"" CMP Flared End, Install","72"" CMP Flared End, Install",EACH,450,sd_sddot_item_catalog_2026_07_27,true
sd_sddot_450E5251_v20260727,sd_sddot_450E5251,2026-07-27,,"78"" CMP Flared End, Furnish","78"" CMP Flared End, Furnish",EACH,450,sd_sddot_item_catalog_2026_07_27,true
sd_sddot_450E5252_v20260727,sd_sddot_450E5252,2026-07-27,,"78"" CMP Flared End, Install","78"" CMP Flared End, Install",EACH,450,sd_sddot_item_catalog_2026_07_27,true
sd_sddot_450E5255_v20260727,sd_sddot_450E5255,2026-07-27,,"84"" CMP Flared End, Furnish","84"" CMP Flared End, Furnish",EACH,450,sd_sddot_item_catalog_2026_07_27,true
sd_sddot_450E5256_v20260727,sd_sddot_450E5256,2026-07-27,,"84"" CMP Flared End, Install","84"" CMP Flared End, Install",EACH,450,sd_sddot_item_catalog_2026_07_27,true
sd_sddot_450E5276_v20260727,sd_sddot_450E5276,2026-07-27,,"72"" CMP Step Beveled End, Furnish","72"" CMP Step Beveled End, Furnish",EACH,450,sd_sddot_item_catalog_2026_07_27,true
sd_sddot_450E5277_v20260727,sd_sddot_450E5277,2026-07-27,,"72"" CMP Step Beveled End, Install","72"" CMP Step Beveled End, Install",EACH,450,sd_sddot_item_catalog_2026_07_27,true
sd_sddot_450E5280_v20260727,sd_sddot_450E5280,2026-07-27,,"84"" CMP Step Beveled End, Furnish","84"" CMP Step Beveled End, Furnish",EACH,450,sd_sddot_item_catalog_2026_07_27,true
sd_sddot_450E5281_v20260727,sd_sddot_450E5281,2026-07-27,,"84"" CMP Step Beveled End, Install","84"" CMP Step Beveled End, Install",EACH,450,sd_sddot_item_catalog_2026_07_27,true
sd_sddot_450E5284_v20260727,sd_sddot_450E5284,2026-07-27,,"96"" CMP Step Beveled End, Furnish","96"" CMP Step Beveled End, Furnish",EACH,450,sd_sddot_item_catalog_2026_07_27,true
sd_sddot_450E5285_v20260727,sd_sddot_450E5285,2026-07-27,,"96"" CMP Step Beveled End, Install","96"" CMP Step Beveled End, Install",EACH,450,sd_sddot_item_catalog_2026_07_27,true
sd_sddot_450E5290_v20260727,sd_sddot_450E5290,2026-07-27,,"108"" CMP Step Beveled End, Furnish","108"" CMP Step Beveled End, Furnish",EACH,450,sd_sddot_item_catalog_2026_07_27,true
sd_sddot_450E5291_v20260727,sd_sddot_450E5291,2026-07-27,,"108"" CMP Step Beveled End, Install","108"" CMP Step Beveled End, Install",EACH,450,sd_sddot_item_catalog_2026_07_27,true
sd_sddot_450E5292_v20260727,sd_sddot_450E5292,2026-07-27,,"114"" CMP Step Beveled End, Furnish","114"" CMP Step Beveled End, Furnish",EACH,450,sd_sddot_item_catalog_2026_07_27,true
sd_sddot_450E5293_v20260727,sd_sddot_450E5293,2026-07-27,,"114"" CMP Step Beveled End, Install","114"" CMP Step Beveled End, Install",EACH,450,sd_sddot_item_catalog_2026_07_27,true
sd_sddot_450E5294_v20260727,sd_sddot_450E5294,2026-07-27,,"120"" CMP Step Beveled End, Furnish","120"" CMP Step Beveled End, Furnish",EACH,450,sd_sddot_item_catalog_2026_07_27,true
sd_sddot_450E5295_v20260727,sd_sddot_450E5295,2026-07-27,,"120"" CMP Step Beveled End, Install","120"" CMP Step Beveled End, Install",EACH,450,sd_sddot_item_catalog_2026_07_27,true
sd_sddot_450E5297_v20260727,sd_sddot_450E5297,2026-07-27,,"132"" CMP Step Beveled End, Furnish","132"" CMP Step Beveled End, Furnish",EACH,450,sd_sddot_item_catalog_2026_07_27,true
sd_sddot_450E5298_v20260727,sd_sddot_450E5298,2026-07-27,,"132"" CMP Step Beveled End, Install","132"" CMP Step Beveled End, Install",EACH,450,sd_sddot_item_catalog_2026_07_27,true
sd_sddot_450E5302_v20260727,sd_sddot_450E5302,2026-07-27,,"15"" CMP Sloped End, Furnish","15"" CMP Sloped End, Furnish",EACH,450,sd_sddot_item_catalog_2026_07_27,true
sd_sddot_450E5303_v20260727,sd_sddot_450E5303,2026-07-27,,"15"" CMP Sloped End, Install","15"" CMP Sloped End, Install",EACH,450,sd_sddot_item_catalog_2026_07_27,true
sd_sddot_450E5306_v20260727,sd_sddot_450E5306,2026-07-27,,"18"" CMP Sloped End, Furnish","18"" CMP Sloped End, Furnish",EACH,450,sd_sddot_item_catalog_2026_07_27,true
sd_sddot_450E5307_v20260727,sd_sddot_450E5307,2026-07-27,,"18"" CMP Sloped End, Install","18"" CMP Sloped End, Install",EACH,450,sd_sddot_item_catalog_2026_07_27,true
sd_sddot_450E5310_v20260727,sd_sddot_450E5310,2026-07-27,,"24"" CMP Sloped End, Furnish","24"" CMP Sloped End, Furnish",EACH,450,sd_sddot_item_catalog_2026_07_27,true
sd_sddot_450E5311_v20260727,sd_sddot_450E5311,2026-07-27,,"24"" CMP Sloped End, Install","24"" CMP Sloped End, Install",EACH,450,sd_sddot_item_catalog_2026_07_27,true
sd_sddot_450E5314_v20260727,sd_sddot_450E5314,2026-07-27,,"30"" CMP Sloped End, Furnish","30"" CMP Sloped End, Furnish",EACH,450,sd_sddot_item_catalog_2026_07_27,true
sd_sddot_450E5315_v20260727,sd_sddot_450E5315,2026-07-27,,"30"" CMP Sloped End, Install","30"" CMP Sloped End, Install",EACH,450,sd_sddot_item_catalog_2026_07_27,true
sd_sddot_450E5317_v20260727,sd_sddot_450E5317,2026-07-27,,"36"" CMP Sloped End with Bars, Furnish","36"" CMP Sloped End with Bars, Furnish",EACH,450,sd_sddot_item_catalog_2026_07_27,true
sd_sddot_450E5318_v20260727,sd_sddot_450E5318,2026-07-27,,"36"" CMP Sloped End, Furnish","36"" CMP Sloped End, Furnish",EACH,450,sd_sddot_item_catalog_2026_07_27,true
sd_sddot_450E5319_v20260727,sd_sddot_450E5319,2026-07-27,,"36"" CMP Sloped End, Install","36"" CMP Sloped End, Install",EACH,450,sd_sddot_item_catalog_2026_07_27,true
sd_sddot_450E5321_v20260727,sd_sddot_450E5321,2026-07-27,,"42"" CMP Sloped End with Bars, Furnish","42"" CMP Sloped End with Bars, Furnish",EACH,450,sd_sddot_item_catalog_2026_07_27,true
sd_sddot_450E5322_v20260727,sd_sddot_450E5322,2026-07-27,,"42"" CMP Sloped End, Furnish","42"" CMP Sloped End, Furnish",EACH,450,sd_sddot_item_catalog_2026_07_27,true
sd_sddot_450E5323_v20260727,sd_sddot_450E5323,2026-07-27,,"42"" CMP Sloped End, Install","42"" CMP Sloped End, Install",EACH,450,sd_sddot_item_catalog_2026_07_27,true
sd_sddot_450E5326_v20260727,sd_sddot_450E5326,2026-07-27,,"48"" CMP Sloped End, Furnish","48"" CMP Sloped End, Furnish",EACH,450,sd_sddot_item_catalog_2026_07_27,true
sd_sddot_450E5327_v20260727,sd_sddot_450E5327,2026-07-27,,"48"" CMP Sloped End, Install","48"" CMP Sloped End, Install",EACH,450,sd_sddot_item_catalog_2026_07_27,true
sd_sddot_450E5330_v20260727,sd_sddot_450E5330,2026-07-27,,"54"" CMP Sloped End, Furnish","54"" CMP Sloped End, Furnish",EACH,450,sd_sddot_item_catalog_2026_07_27,true
sd_sddot_450E5331_v20260727,sd_sddot_450E5331,2026-07-27,,"54"" CMP Sloped End, Install","54"" CMP Sloped End, Install",EACH,450,sd_sddot_item_catalog_2026_07_27,true
sd_sddot_450E5334_v20260727,sd_sddot_450E5334,2026-07-27,,"60"" CMP Sloped End, Furnish","60"" CMP Sloped End, Furnish",EACH,450,sd_sddot_item_catalog_2026_07_27,true
sd_sddot_450E5335_v20260727,sd_sddot_450E5335,2026-07-27,,"60"" CMP Sloped End, Install","60"" CMP Sloped End, Install",EACH,450,sd_sddot_item_catalog_2026_07_27,true
sd_sddot_450E5402_v20260727,sd_sddot_450E5402,2026-07-27,,"15"" CMP Safety End, Furnish","15"" CMP Safety End, Furnish",EACH,450,sd_sddot_item_catalog_2026_07_27,true
sd_sddot_450E5403_v20260727,sd_sddot_450E5403,2026-07-27,,"15"" CMP Safety End, Install","15"" CMP Safety End, Install",EACH,450,sd_sddot_item_catalog_2026_07_27,true
sd_sddot_450E5405_v20260727,sd_sddot_450E5405,2026-07-27,,"18"" CMP Safety End with Bars, Furnish","18"" CMP Safety End with Bars, Furnish",EACH,450,sd_sddot_item_catalog_2026_07_27,true
sd_sddot_450E5406_v20260727,sd_sddot_450E5406,2026-07-27,,"18"" CMP Safety End, Furnish","18"" CMP Safety End, Furnish",EACH,450,sd_sddot_item_catalog_2026_07_27,true
sd_sddot_450E5407_v20260727,sd_sddot_450E5407,2026-07-27,,"18"" CMP Safety End, Install","18"" CMP Safety End, Install",EACH,450,sd_sddot_item_catalog_2026_07_27,true
sd_sddot_450E5409_v20260727,sd_sddot_450E5409,2026-07-27,,"24"" CMP Safety End with Bars, Furnish","24"" CMP Safety End with Bars, Furnish",EACH,450,sd_sddot_item_catalog_2026_07_27,true
sd_sddot_450E5410_v20260727,sd_sddot_450E5410,2026-07-27,,"24"" CMP Safety End, Furnish","24"" CMP Safety End, Furnish",EACH,450,sd_sddot_item_catalog_2026_07_27,true
sd_sddot_450E5411_v20260727,sd_sddot_450E5411,2026-07-27,,"24"" CMP Safety End, Install","24"" CMP Safety End, Install",EACH,450,sd_sddot_item_catalog_2026_07_27,true
sd_sddot_450E5414_v20260727,sd_sddot_450E5414,2026-07-27,,"30"" CMP Safety End, Furnish","30"" CMP Safety End, Furnish",EACH,450,sd_sddot_item_catalog_2026_07_27,true
sd_sddot_450E5415_v20260727,sd_sddot_450E5415,2026-07-27,,"30"" CMP Safety End with Bars, Furnish","30"" CMP Safety End with Bars, Furnish",EACH,450,sd_sddot_item_catalog_2026_07_27,true
sd_sddot_450E5417_v20260727,sd_sddot_450E5417,2026-07-27,,"30"" CMP Safety End, Install","30"" CMP Safety End, Install",EACH,450,sd_sddot_item_catalog_2026_07_27,true
sd_sddot_450E5420_v20260727,sd_sddot_450E5420,2026-07-27,,"36"" CMP Safety End, Furnish","36"" CMP Safety End, Furnish",EACH,450,sd_sddot_item_catalog_2026_07_27,true
sd_sddot_450E5421_v20260727,sd_sddot_450E5421,2026-07-27,,"36"" CMP Safety End with Bars, Furnish","36"" CMP Safety End with Bars, Furnish",EACH,450,sd_sddot_item_catalog_2026_07_27,true
sd_sddot_450E5423_v20260727,sd_sddot_450E5423,2026-07-27,,"36"" CMP Safety End, Install","36"" CMP Safety End, Install",EACH,450,sd_sddot_item_catalog_2026_07_27,true
sd_sddot_450E5426_v20260727,sd_sddot_450E5426,2026-07-27,,"42"" CMP Safety End, Furnish","42"" CMP Safety End, Furnish",EACH,450,sd_sddot_item_catalog_2026_07_27,true
sd_sddot_450E5427_v20260727,sd_sddot_450E5427,2026-07-27,,"42"" CMP Safety End with Bars, Furnish","42"" CMP Safety End with Bars, Furnish",EACH,450,sd_sddot_item_catalog_2026_07_27,true
sd_sddot_450E5429_v20260727,sd_sddot_450E5429,2026-07-27,,"42"" CMP Safety End, Install","42"" CMP Safety End, Install",EACH,450,sd_sddot_item_catalog_2026_07_27,true
sd_sddot_450E5432_v20260727,sd_sddot_450E5432,2026-07-27,,"48"" CMP Safety End, Furnish","48"" CMP Safety End, Furnish",EACH,450,sd_sddot_item_catalog_2026_07_27,true
sd_sddot_450E5433_v20260727,sd_sddot_450E5433,2026-07-27,,"48"" CMP Safety End with Bars, Furnish","48"" CMP Safety End with Bars, Furnish",EACH,450,sd_sddot_item_catalog_2026_07_27,true
sd_sddot_450E5435_v20260727,sd_sddot_450E5435,2026-07-27,,"48"" CMP Safety End, Install","48"" CMP Safety End, Install",EACH,450,sd_sddot_item_catalog_2026_07_27,true
sd_sddot_450E5438_v20260727,sd_sddot_450E5438,2026-07-27,,"54"" CMP Safety End, Furnish","54"" CMP Safety End, Furnish",EACH,450,sd_sddot_item_catalog_2026_07_27,true
sd_sddot_450E5439_v20260727,sd_sddot_450E5439,2026-07-27,,"54"" CMP Safety End with Bars, Furnish","54"" CMP Safety End with Bars, Furnish",EACH,450,sd_sddot_item_catalog_2026_07_27,true
sd_sddot_450E5441_v20260727,sd_sddot_450E5441,2026-07-27,,"54"" CMP Safety End, Install","54"" CMP Safety End, Install",EACH,450,sd_sddot_item_catalog_2026_07_27,true
sd_sddot_450E5444_v20260727,sd_sddot_450E5444,2026-07-27,,"60"" CMP Safety End, Furnish","60"" CMP Safety End, Furnish",EACH,450,sd_sddot_item_catalog_2026_07_27,true
sd_sddot_450E5445_v20260727,sd_sddot_450E5445,2026-07-27,,"60"" CMP Safety End with Bars, Furnish","60"" CMP Safety End with Bars, Furnish",EACH,450,sd_sddot_item_catalog_2026_07_27,true
sd_sddot_450E5447_v20260727,sd_sddot_450E5447,2026-07-27,,"60"" CMP Safety End, Install","60"" CMP Safety End, Install",EACH,450,sd_sddot_item_catalog_2026_07_27,true
sd_sddot_450E5499_v20260727,sd_sddot_450E5499,2026-07-27,,"15"" CMP Arch 16 Gauge, Furnish","15"" CMP Arch 16 Gauge, Furnish",FT,450,sd_sddot_item_catalog_2026_07_27,true
sd_sddot_450E5500_v20260727,sd_sddot_450E5500,2026-07-27,,"15"" CMP Arch, Install","15"" CMP Arch, Install",FT,450,sd_sddot_item_catalog_2026_07_27,true
sd_sddot_450E5508_v20260727,sd_sddot_450E5508,2026-07-27,,"18"" CMP Arch 14 Gauge, Furnish","18"" CMP Arch 14 Gauge, Furnish",FT,450,sd_sddot_item_catalog_2026_07_27,true
sd_sddot_450E5509_v20260727,sd_sddot_450E5509,2026-07-27,,"18"" CMP Arch 16 Gauge, Furnish","18"" CMP Arch 16 Gauge, Furnish",FT,450,sd_sddot_item_catalog_2026_07_27,true
sd_sddot_450E5510_v20260727,sd_sddot_450E5510,2026-07-27,,"18"" CMP Arch, Install","18"" CMP Arch, Install",FT,450,sd_sddot_item_catalog_2026_07_27,true
sd_sddot_450E5517_v20260727,sd_sddot_450E5517,2026-07-27,,"24"" CMP Arch 12 Gauge, Furnish","24"" CMP Arch 12 Gauge, Furnish",FT,450,sd_sddot_item_catalog_2026_07_27,true
sd_sddot_450E5518_v20260727,sd_sddot_450E5518,2026-07-27,,"24"" CMP Arch 14 Gauge, Furnish","24"" CMP Arch 14 Gauge, Furnish",FT,450,sd_sddot_item_catalog_2026_07_27,true
sd_sddot_450E5519_v20260727,sd_sddot_450E5519,2026-07-27,,"24"" CMP Arch 16 Gauge, Furnish","24"" CMP Arch 16 Gauge, Furnish",FT,450,sd_sddot_item_catalog_2026_07_27,true
sd_sddot_450E5520_v20260727,sd_sddot_450E5520,2026-07-27,,"24"" CMP Arch, Install","24"" CMP Arch, Install",FT,450,sd_sddot_item_catalog_2026_07_27,true
sd_sddot_450E5528_v20260727,sd_sddot_450E5528,2026-07-27,,"30"" CMP Arch 14 Gauge, Furnish","30"" CMP Arch 14 Gauge, Furnish",FT,450,sd_sddot_item_catalog_2026_07_27,true
sd_sddot_450E5529_v20260727,sd_sddot_450E5529,2026-07-27,,"30"" CMP Arch 16 Gauge, Furnish","30"" CMP Arch 16 Gauge, Furnish",FT,450,sd_sddot_item_catalog_2026_07_27,true
sd_sddot_450E5530_v20260727,sd_sddot_450E5530,2026-07-27,,"30"" CMP Arch, Install","30"" CMP Arch, Install",FT,450,sd_sddot_item_catalog_2026_07_27,true
sd_sddot_450E5539_v20260727,sd_sddot_450E5539,2026-07-27,,"36"" CMP Arch 16 Gauge, Furnish","36"" CMP Arch 16 Gauge, Furnish",FT,450,sd_sddot_item_catalog_2026_07_27,true
sd_sddot_450E5540_v20260727,sd_sddot_450E5540,2026-07-27,,"36"" CMP Arch, Install","36"" CMP Arch, Install",FT,450,sd_sddot_item_catalog_2026_07_27,true
sd_sddot_450E5548_v20260727,sd_sddot_450E5548,2026-07-27,,"42"" CMP Arch 12 Gauge, Furnish","42"" CMP Arch 12 Gauge, Furnish",FT,450,sd_sddot_item_catalog_2026_07_27,true
sd_sddot_450E5549_v20260727,sd_sddot_450E5549,2026-07-27,,"42"" CMP Arch 14 Gauge, Furnish","42"" CMP Arch 14 Gauge, Furnish",FT,450,sd_sddot_item_catalog_2026_07_27,true
sd_sddot_450E5550_v20260727,sd_sddot_450E5550,2026-07-27,,"42"" CMP Arch, Install","42"" CMP Arch, Install",FT,450,sd_sddot_item_catalog_2026_07_27,true
sd_sddot_450E5558_v20260727,sd_sddot_450E5558,2026-07-27,,"48"" CMP Arch 12 Gauge, Furnish","48"" CMP Arch 12 Gauge, Furnish",FT,450,sd_sddot_item_catalog_2026_07_27,true
sd_sddot_450E5559_v20260727,sd_sddot_450E5559,2026-07-27,,"48"" CMP Arch 14 Gauge, Furnish","48"" CMP Arch 14 Gauge, Furnish",FT,450,sd_sddot_item_catalog_2026_07_27,true
sd_sddot_450E5560_v20260727,sd_sddot_450E5560,2026-07-27,,"48"" CMP Arch, Install","48"" CMP Arch, Install",FT,450,sd_sddot_item_catalog_2026_07_27,true
sd_sddot_450E5569_v20260727,sd_sddot_450E5569,2026-07-27,,"54"" CMP Arch 14 Gauge, Furnish","54"" CMP Arch 14 Gauge, Furnish",FT,450,sd_sddot_item_catalog_2026_07_27,true
sd_sddot_450E5570_v20260727,sd_sddot_450E5570,2026-07-27,,"54"" CMP Arch, Install","54"" CMP Arch, Install",FT,450,sd_sddot_item_catalog_2026_07_27,true
sd_sddot_450E5579_v20260727,sd_sddot_450E5579,2026-07-27,,"60"" CMP Arch 14 Gauge, Furnish","60"" CMP Arch 14 Gauge, Furnish",FT,450,sd_sddot_item_catalog_2026_07_27,true
sd_sddot_450E5580_v20260727,sd_sddot_450E5580,2026-07-27,,"60"" CMP Arch, Install","60"" CMP Arch, Install",FT,450,sd_sddot_item_catalog_2026_07_27,true
sd_sddot_450E5584_v20260727,sd_sddot_450E5584,2026-07-27,,"66"" CMP Arch 14 Gauge, Furnish","66"" CMP Arch 14 Gauge, Furnish",FT,450,sd_sddot_item_catalog_2026_07_27,true
sd_sddot_450E5585_v20260727,sd_sddot_450E5585,2026-07-27,,"66"" CMP Arch, Install","66"" CMP Arch, Install",FT,450,sd_sddot_item_catalog_2026_07_27,true
sd_sddot_450E5589_v20260727,sd_sddot_450E5589,2026-07-27,,"72"" CMP Arch 14 Gauge, Furnish","72"" CMP Arch 14 Gauge, Furnish",FT,450,sd_sddot_item_catalog_2026_07_27,true
sd_sddot_450E5590_v20260727,sd_sddot_450E5590,2026-07-27,,"72"" CMP Arch, Install","72"" CMP Arch, Install",FT,450,sd_sddot_item_catalog_2026_07_27,true
sd_sddot_450E5592_v20260727,sd_sddot_450E5592,2026-07-27,,"78"" CMP Arch 10 Gauge, Furnish","78"" CMP Arch 10 Gauge, Furnish",FT,450,sd_sddot_item_catalog_2026_07_27,true
sd_sddot_450E5595_v20260727,sd_sddot_450E5595,2026-07-27,,"78"" CMP Arch, Install","78"" CMP Arch, Install",FT,450,sd_sddot_item_catalog_2026_07_27,true
sd_sddot_450E5599_v20260727,sd_sddot_450E5599,2026-07-27,,"84"" CMP Arch 14 Gauge, Furnish","84"" CMP Arch 14 Gauge, Furnish",FT,450,sd_sddot_item_catalog_2026_07_27,true
sd_sddot_450E5600_v20260727,sd_sddot_450E5600,2026-07-27,,"84"" CMP Arch, Install","84"" CMP Arch, Install",FT,450,sd_sddot_item_catalog_2026_07_27,true
sd_sddot_450E5618_v20260727,sd_sddot_450E5618,2026-07-27,,"114"" CMP Arch 10 Gauge, Furnish","114"" CMP Arch 10 Gauge, Furnish",FT,450,sd_sddot_item_catalog_2026_07_27,true
sd_sddot_450E5620_v20260727,sd_sddot_450E5620,2026-07-27,,"114"" CMP Arch, Install","114"" CMP Arch, Install",FT,450,sd_sddot_item_catalog_2026_07_27,true
sd_sddot_450E5708_v20260727,sd_sddot_450E5708,2026-07-27,,"15"" CMP Arch Elbow, Furnish","15"" CMP Arch Elbow, Furnish",EACH,450,sd_sddot_item_catalog_2026_07_27,true
sd_sddot_450E5709_v20260727,sd_sddot_450E5709,2026-07-27,,"15"" CMP Arch Elbow, Install","15"" CMP Arch Elbow, Install",EACH,450,sd_sddot_item_catalog_2026_07_27,true
sd_sddot_450E5710_v20260727,sd_sddot_450E5710,2026-07-27,,"18"" CMP Arch Elbow, Furnish","18"" CMP Arch Elbow, Furnish",EACH,450,sd_sddot_item_catalog_2026_07_27,true
sd_sddot_450E5711_v20260727,sd_sddot_450E5711,2026-07-27,,"18"" CMP Arch Elbow, Install","18"" CMP Arch Elbow, Install",EACH,450,sd_sddot_item_catalog_2026_07_27,true
sd_sddot_450E5715_v20260727,sd_sddot_450E5715,2026-07-27,,"24"" CMP Arch Elbow, Furnish","24"" CMP Arch Elbow, Furnish",EACH,450,sd_sddot_item_catalog_2026_07_27,true
sd_sddot_450E5716_v20260727,sd_sddot_450E5716,2026-07-27,,"24"" CMP Arch Elbow, Install","24"" CMP Arch Elbow, Install",EACH,450,sd_sddot_item_catalog_2026_07_27,true
sd_sddot_450E5720_v20260727,sd_sddot_450E5720,2026-07-27,,"30"" CMP Arch Elbow, Furnish","30"" CMP Arch Elbow, Furnish",EACH,450,sd_sddot_item_catalog_2026_07_27,true
sd_sddot_450E5721_v20260727,sd_sddot_450E5721,2026-07-27,,"30"" CMP Arch Elbow, Install","30"" CMP Arch Elbow, Install",EACH,450,sd_sddot_item_catalog_2026_07_27,true
sd_sddot_450E5725_v20260727,sd_sddot_450E5725,2026-07-27,,"36"" CMP Arch Elbow, Furnish","36"" CMP Arch Elbow, Furnish",EACH,450,sd_sddot_item_catalog_2026_07_27,true
sd_sddot_450E5726_v20260727,sd_sddot_450E5726,2026-07-27,,"36"" CMP Arch Elbow, Install","36"" CMP Arch Elbow, Install",EACH,450,sd_sddot_item_catalog_2026_07_27,true
sd_sddot_450E5730_v20260727,sd_sddot_450E5730,2026-07-27,,"42"" CMP Arch Elbow, Furnish","42"" CMP Arch Elbow, Furnish",EACH,450,sd_sddot_item_catalog_2026_07_27,true
sd_sddot_450E5731_v20260727,sd_sddot_450E5731,2026-07-27,,"42"" CMP Arch Elbow, Install","42"" CMP Arch Elbow, Install",EACH,450,sd_sddot_item_catalog_2026_07_27,true
sd_sddot_450E5735_v20260727,sd_sddot_450E5735,2026-07-27,,"48"" CMP Arch Elbow, Furnish","48"" CMP Arch Elbow, Furnish",EACH,450,sd_sddot_item_catalog_2026_07_27,true
sd_sddot_450E5736_v20260727,sd_sddot_450E5736,2026-07-27,,"48"" CMP Arch Elbow, Install","48"" CMP Arch Elbow, Install",EACH,450,sd_sddot_item_catalog_2026_07_27,true
sd_sddot_450E5740_v20260727,sd_sddot_450E5740,2026-07-27,,"54"" CMP Arch Elbow, Furnish","54"" CMP Arch Elbow, Furnish",EACH,450,sd_sddot_item_catalog_2026_07_27,true
sd_sddot_450E5741_v20260727,sd_sddot_450E5741,2026-07-27,,"54"" CMP Arch Elbow, Install","54"" CMP Arch Elbow, Install",EACH,450,sd_sddot_item_catalog_2026_07_27,true
sd_sddot_450E5745_v20260727,sd_sddot_450E5745,2026-07-27,,"60"" CMP Arch Elbow, Furnish","60"" CMP Arch Elbow, Furnish",EACH,450,sd_sddot_item_catalog_2026_07_27,true
sd_sddot_450E5746_v20260727,sd_sddot_450E5746,2026-07-27,,"60"" CMP Arch Elbow, Install","60"" CMP Arch Elbow, Install",EACH,450,sd_sddot_item_catalog_2026_07_27,true
sd_sddot_450E5750_v20260727,sd_sddot_450E5750,2026-07-27,,"66"" CMP Arch Elbow, Furnish","66"" CMP Arch Elbow, Furnish",EACH,450,sd_sddot_item_catalog_2026_07_27,true
sd_sddot_450E5751_v20260727,sd_sddot_450E5751,2026-07-27,,"66"" CMP Arch Elbow, Install","66"" CMP Arch Elbow, Install",EACH,450,sd_sddot_item_catalog_2026_07_27,true
sd_sddot_450E5755_v20260727,sd_sddot_450E5755,2026-07-27,,"72"" CMP Arch Elbow, Furnish","72"" CMP Arch Elbow, Furnish",EACH,450,sd_sddot_item_catalog_2026_07_27,true
sd_sddot_450E5756_v20260727,sd_sddot_450E5756,2026-07-27,,"72"" CMP Arch Elbow, Install","72"" CMP Arch Elbow, Install",EACH,450,sd_sddot_item_catalog_2026_07_27,true
sd_sddot_450E5760_v20260727,sd_sddot_450E5760,2026-07-27,,"78"" CMP Arch Elbow, Furnish","78"" CMP Arch Elbow, Furnish",EACH,450,sd_sddot_item_catalog_2026_07_27,true
sd_sddot_450E5761_v20260727,sd_sddot_450E5761,2026-07-27,,"78"" CMP Arch Elbow, Install","78"" CMP Arch Elbow, Install",EACH,450,sd_sddot_item_catalog_2026_07_27,true
sd_sddot_450E5765_v20260727,sd_sddot_450E5765,2026-07-27,,"84"" CMP Arch Elbow, Furnish","84"" CMP Arch Elbow, Furnish",EACH,450,sd_sddot_item_catalog_2026_07_27,true
sd_sddot_450E5766_v20260727,sd_sddot_450E5766,2026-07-27,,"84"" CMP Arch Elbow, Install","84"" CMP Arch Elbow, Install",EACH,450,sd_sddot_item_catalog_2026_07_27,true
sd_sddot_450E5770_v20260727,sd_sddot_450E5770,2026-07-27,,"90"" CMP Arch Elbow, Furnish","90"" CMP Arch Elbow, Furnish",EACH,450,sd_sddot_item_catalog_2026_07_27,true
sd_sddot_450E5771_v20260727,sd_sddot_450E5771,2026-07-27,,"90"" CMP Arch Elbow, Install","90"" CMP Arch Elbow, Install",EACH,450,sd_sddot_item_catalog_2026_07_27,true
sd_sddot_450E5775_v20260727,sd_sddot_450E5775,2026-07-27,,"96"" CMP Arch Elbow, Furnish","96"" CMP Arch Elbow, Furnish",EACH,450,sd_sddot_item_catalog_2026_07_27,true
sd_sddot_450E5776_v20260727,sd_sddot_450E5776,2026-07-27,,"96"" CMP Arch Elbow, Install","96"" CMP Arch Elbow, Install",EACH,450,sd_sddot_item_catalog_2026_07_27,true
sd_sddot_450E5800_v20260727,sd_sddot_450E5800,2026-07-27,,"15"" CMP Arch Flared End, Furnish","15"" CMP Arch Flared End, Furnish",EACH,450,sd_sddot_item_catalog_2026_07_27,true
sd_sddot_450E5801_v20260727,sd_sddot_450E5801,2026-07-27,,"15"" CMP Arch Flared End, Install","15"" CMP Arch Flared End, Install",EACH,450,sd_sddot_item_catalog_2026_07_27,true
sd_sddot_450E5802_v20260727,sd_sddot_450E5802,2026-07-27,,"18"" CMP Arch Flared End, Furnish","18"" CMP Arch Flared End, Furnish",EACH,450,sd_sddot_item_catalog_2026_07_27,true
sd_sddot_450E5803_v20260727,sd_sddot_450E5803,2026-07-27,,"18"" CMP Arch Flared End, Install","18"" CMP Arch Flared End, Install",EACH,450,sd_sddot_item_catalog_2026_07_27,true
sd_sddot_450E5806_v20260727,sd_sddot_450E5806,2026-07-27,,"24"" CMP Arch Flared End, Furnish","24"" CMP Arch Flared End, Furnish",EACH,450,sd_sddot_item_catalog_2026_07_27,true
sd_sddot_450E5807_v20260727,sd_sddot_450E5807,2026-07-27,,"24"" CMP Arch Flared End, Install","24"" CMP Arch Flared End, Install",EACH,450,sd_sddot_item_catalog_2026_07_27,true
sd_sddot_450E5810_v20260727,sd_sddot_450E5810,2026-07-27,,"30"" CMP Arch Flared End, Furnish","30"" CMP Arch Flared End, Furnish",EACH,450,sd_sddot_item_catalog_2026_07_27,true
sd_sddot_450E5811_v20260727,sd_sddot_450E5811,2026-07-27,,"30"" CMP Arch Flared End, Install","30"" CMP Arch Flared End, Install",EACH,450,sd_sddot_item_catalog_2026_07_27,true
sd_sddot_450E5814_v20260727,sd_sddot_450E5814,2026-07-27,,"36"" CMP Arch Flared End, Furnish","36"" CMP Arch Flared End, Furnish",EACH,450,sd_sddot_item_catalog_2026_07_27,true
sd_sddot_450E5815_v20260727,sd_sddot_450E5815,2026-07-27,,"36"" CMP Arch Flared End, Install","36"" CMP Arch Flared End, Install",EACH,450,sd_sddot_item_catalog_2026_07_27,true
sd_sddot_450E5818_v20260727,sd_sddot_450E5818,2026-07-27,,"42"" CMP Arch Flared End, Furnish","42"" CMP Arch Flared End, Furnish",EACH,450,sd_sddot_item_catalog_2026_07_27,true
sd_sddot_450E5819_v20260727,sd_sddot_450E5819,2026-07-27,,"42"" CMP Arch Flared End, Install","42"" CMP Arch Flared End, Install",EACH,450,sd_sddot_item_catalog_2026_07_27,true
sd_sddot_450E5822_v20260727,sd_sddot_450E5822,2026-07-27,,"48"" CMP Arch Flared End, Furnish","48"" CMP Arch Flared End, Furnish",EACH,450,sd_sddot_item_catalog_2026_07_27,true
sd_sddot_450E5823_v20260727,sd_sddot_450E5823,2026-07-27,,"48"" CMP Arch Flared End, Install","48"" CMP Arch Flared End, Install",EACH,450,sd_sddot_item_catalog_2026_07_27,true
sd_sddot_450E5826_v20260727,sd_sddot_450E5826,2026-07-27,,"54"" CMP Arch Flared End, Furnish","54"" CMP Arch Flared End, Furnish",EACH,450,sd_sddot_item_catalog_2026_07_27,true
sd_sddot_450E5827_v20260727,sd_sddot_450E5827,2026-07-27,,"54"" CMP Arch Flared End, Install","54"" CMP Arch Flared End, Install",EACH,450,sd_sddot_item_catalog_2026_07_27,true
sd_sddot_450E5830_v20260727,sd_sddot_450E5830,2026-07-27,,"60"" CMP Arch Flared End, Furnish","60"" CMP Arch Flared End, Furnish",EACH,450,sd_sddot_item_catalog_2026_07_27,true
sd_sddot_450E5831_v20260727,sd_sddot_450E5831,2026-07-27,,"60"" CMP Arch Flared End, Install","60"" CMP Arch Flared End, Install",EACH,450,sd_sddot_item_catalog_2026_07_27,true
sd_sddot_450E5834_v20260727,sd_sddot_450E5834,2026-07-27,,"72"" CMP Arch Flared End, Furnish","72"" CMP Arch Flared End, Furnish",EACH,450,sd_sddot_item_catalog_2026_07_27,true
sd_sddot_450E5835_v20260727,sd_sddot_450E5835,2026-07-27,,"72"" CMP Arch Flared End, Install","72"" CMP Arch Flared End, Install",EACH,450,sd_sddot_item_catalog_2026_07_27,true
sd_sddot_450E5902_v20260727,sd_sddot_450E5902,2026-07-27,,"18"" CMP Arch Sloped End, Furnish","18"" CMP Arch Sloped End, Furnish",EACH,450,sd_sddot_item_catalog_2026_07_27,true
sd_sddot_450E5903_v20260727,sd_sddot_450E5903,2026-07-27,,"18"" CMP Arch Sloped End, Install","18"" CMP Arch Sloped End, Install",EACH,450,sd_sddot_item_catalog_2026_07_27,true
sd_sddot_450E5906_v20260727,sd_sddot_450E5906,2026-07-27,,"24"" CMP Arch Sloped End, Furnish","24"" CMP Arch Sloped End, Furnish",EACH,450,sd_sddot_item_catalog_2026_07_27,true
sd_sddot_450E5907_v20260727,sd_sddot_450E5907,2026-07-27,,"24"" CMP Arch Sloped End, Install","24"" CMP Arch Sloped End, Install",EACH,450,sd_sddot_item_catalog_2026_07_27,true
sd_sddot_450E5910_v20260727,sd_sddot_450E5910,2026-07-27,,"30"" CMP Arch Sloped End, Furnish","30"" CMP Arch Sloped End, Furnish",EACH,450,sd_sddot_item_catalog_2026_07_27,true
sd_sddot_450E5911_v20260727,sd_sddot_450E5911,2026-07-27,,"30"" CMP Arch Sloped End, Install","30"" CMP Arch Sloped End, Install",EACH,450,sd_sddot_item_catalog_2026_07_27,true
sd_sddot_450E5913_v20260727,sd_sddot_450E5913,2026-07-27,,"36"" CMP Arch Sloped End with Bars, Furnish","36"" CMP Arch Sloped End with Bars, Furnish",EACH,450,sd_sddot_item_catalog_2026_07_27,true
sd_sddot_450E5914_v20260727,sd_sddot_450E5914,2026-07-27,,"36"" CMP Arch Sloped End, Furnish","36"" CMP Arch Sloped End, Furnish",EACH,450,sd_sddot_item_catalog_2026_07_27,true
sd_sddot_450E5915_v20260727,sd_sddot_450E5915,2026-07-27,,"36"" CMP Arch Sloped End, Install","36"" CMP Arch Sloped End, Install",EACH,450,sd_sddot_item_catalog_2026_07_27,true
sd_sddot_450E5917_v20260727,sd_sddot_450E5917,2026-07-27,,"42"" CMP Arch Sloped End with Bars, Furnish","42"" CMP Arch Sloped End with Bars, Furnish",EACH,450,sd_sddot_item_catalog_2026_07_27,true
sd_sddot_450E5918_v20260727,sd_sddot_450E5918,2026-07-27,,"42"" CMP Arch Sloped End, Furnish","42"" CMP Arch Sloped End, Furnish",EACH,450,sd_sddot_item_catalog_2026_07_27,true
sd_sddot_450E5919_v20260727,sd_sddot_450E5919,2026-07-27,,"42"" CMP Arch Sloped End, Install","42"" CMP Arch Sloped End, Install",EACH,450,sd_sddot_item_catalog_2026_07_27,true
sd_sddot_450E5921_v20260727,sd_sddot_450E5921,2026-07-27,,"48"" CMP Arch Sloped End with Bars, Furnish","48"" CMP Arch Sloped End with Bars, Furnish",EACH,450,sd_sddot_item_catalog_2026_07_27,true
sd_sddot_450E5922_v20260727,sd_sddot_450E5922,2026-07-27,,"48"" CMP Arch Sloped End, Furnish","48"" CMP Arch Sloped End, Furnish",EACH,450,sd_sddot_item_catalog_2026_07_27,true
sd_sddot_450E5923_v20260727,sd_sddot_450E5923,2026-07-27,,"48"" CMP Arch Sloped End, Install","48"" CMP Arch Sloped End, Install",EACH,450,sd_sddot_item_catalog_2026_07_27,true
sd_sddot_450E5926_v20260727,sd_sddot_450E5926,2026-07-27,,"54"" CMP Arch Sloped End, Furnish","54"" CMP Arch Sloped End, Furnish",EACH,450,sd_sddot_item_catalog_2026_07_27,true
sd_sddot_450E5927_v20260727,sd_sddot_450E5927,2026-07-27,,"54"" CMP Arch Sloped End, Install","54"" CMP Arch Sloped End, Install",EACH,450,sd_sddot_item_catalog_2026_07_27,true
sd_sddot_450E5930_v20260727,sd_sddot_450E5930,2026-07-27,,"60"" CMP Arch Sloped End, Furnish","60"" CMP Arch Sloped End, Furnish",EACH,450,sd_sddot_item_catalog_2026_07_27,true
sd_sddot_450E5931_v20260727,sd_sddot_450E5931,2026-07-27,,"60"" CMP Arch Sloped End, Install","60"" CMP Arch Sloped End, Install",EACH,450,sd_sddot_item_catalog_2026_07_27,true
sd_sddot_450E5934_v20260727,sd_sddot_450E5934,2026-07-27,,"72"" CMP Arch Sloped End, Furnish","72"" CMP Arch Sloped End, Furnish",EACH,450,sd_sddot_item_catalog_2026_07_27,true
sd_sddot_450E5935_v20260727,sd_sddot_450E5935,2026-07-27,,"72"" CMP Arch Sloped End, Install","72"" CMP Arch Sloped End, Install",EACH,450,sd_sddot_item_catalog_2026_07_27,true
sd_sddot_450E6002_v20260727,sd_sddot_450E6002,2026-07-27,,"15"" CMP Arch Safety End, Furnish","15"" CMP Arch Safety End, Furnish",EACH,450,sd_sddot_item_catalog_2026_07_27,true
sd_sddot_450E6003_v20260727,sd_sddot_450E6003,2026-07-27,,"15"" CMP Arch Safety End, Install","15"" CMP Arch Safety End, Install",EACH,450,sd_sddot_item_catalog_2026_07_27,true
sd_sddot_450E6006_v20260727,sd_sddot_450E6006,2026-07-27,,"18"" CMP Arch Safety End, Furnish","18"" CMP Arch Safety End, Furnish",EACH,450,sd_sddot_item_catalog_2026_07_27,true
sd_sddot_450E6007_v20260727,sd_sddot_450E6007,2026-07-27,,"18"" CMP Arch Safety End, Install","18"" CMP Arch Safety End, Install",EACH,450,sd_sddot_item_catalog_2026_07_27,true
sd_sddot_450E6010_v20260727,sd_sddot_450E6010,2026-07-27,,"24"" CMP Arch Safety End, Furnish","24"" CMP Arch Safety End, Furnish",EACH,450,sd_sddot_item_catalog_2026_07_27,true
sd_sddot_450E6011_v20260727,sd_sddot_450E6011,2026-07-27,,"24"" CMP Arch Safety End, Install","24"" CMP Arch Safety End, Install",EACH,450,sd_sddot_item_catalog_2026_07_27,true
sd_sddot_450E6014_v20260727,sd_sddot_450E6014,2026-07-27,,"30"" CMP Arch Safety End, Furnish","30"" CMP Arch Safety End, Furnish",EACH,450,sd_sddot_item_catalog_2026_07_27,true
sd_sddot_450E6015_v20260727,sd_sddot_450E6015,2026-07-27,,"30"" CMP Arch Safety End with Bars, Furnish","30"" CMP Arch Safety End with Bars, Furnish",EACH,450,sd_sddot_item_catalog_2026_07_27,true
sd_sddot_450E6017_v20260727,sd_sddot_450E6017,2026-07-27,,"30"" CMP Arch Safety End, Install","30"" CMP Arch Safety End, Install",EACH,450,sd_sddot_item_catalog_2026_07_27,true
sd_sddot_450E6020_v20260727,sd_sddot_450E6020,2026-07-27,,"36"" CMP Arch Safety End, Furnish","36"" CMP Arch Safety End, Furnish",EACH,450,sd_sddot_item_catalog_2026_07_27,true
sd_sddot_450E6021_v20260727,sd_sddot_450E6021,2026-07-27,,"36"" CMP Arch Safety End with Bars, Furnish","36"" CMP Arch Safety End with Bars, Furnish",EACH,450,sd_sddot_item_catalog_2026_07_27,true
sd_sddot_450E6023_v20260727,sd_sddot_450E6023,2026-07-27,,"36"" CMP Arch Safety End, Install","36"" CMP Arch Safety End, Install",EACH,450,sd_sddot_item_catalog_2026_07_27,true
sd_sddot_450E6026_v20260727,sd_sddot_450E6026,2026-07-27,,"42"" CMP Arch Safety End, Furnish","42"" CMP Arch Safety End, Furnish",EACH,450,sd_sddot_item_catalog_2026_07_27,true
sd_sddot_450E6027_v20260727,sd_sddot_450E6027,2026-07-27,,"42"" CMP Arch Safety End with Bars, Furnish","42"" CMP Arch Safety End with Bars, Furnish",EACH,450,sd_sddot_item_catalog_2026_07_27,true
sd_sddot_450E6029_v20260727,sd_sddot_450E6029,2026-07-27,,"42"" CMP Arch Safety End, Install","42"" CMP Arch Safety End, Install",EACH,450,sd_sddot_item_catalog_2026_07_27,true
sd_sddot_450E6032_v20260727,sd_sddot_450E6032,2026-07-27,,"48"" CMP Arch Safety End, Furnish","48"" CMP Arch Safety End, Furnish",EACH,450,sd_sddot_item_catalog_2026_07_27,true
sd_sddot_450E6033_v20260727,sd_sddot_450E6033,2026-07-27,,"48"" CMP Arch Safety End with Bars, Furnish","48"" CMP Arch Safety End with Bars, Furnish",EACH,450,sd_sddot_item_catalog_2026_07_27,true
sd_sddot_450E6035_v20260727,sd_sddot_450E6035,2026-07-27,,"48"" CMP Arch Safety End, Install","48"" CMP Arch Safety End, Install",EACH,450,sd_sddot_item_catalog_2026_07_27,true
sd_sddot_450E6038_v20260727,sd_sddot_450E6038,2026-07-27,,"54"" CMP Arch Safety End, Furnish","54"" CMP Arch Safety End, Furnish",EACH,450,sd_sddot_item_catalog_2026_07_27,true
sd_sddot_450E6039_v20260727,sd_sddot_450E6039,2026-07-27,,"54"" CMP Arch Safety End with Bars, Furnish","54"" CMP Arch Safety End with Bars, Furnish",EACH,450,sd_sddot_item_catalog_2026_07_27,true
sd_sddot_450E6041_v20260727,sd_sddot_450E6041,2026-07-27,,"54"" CMP Arch Safety End, Install","54"" CMP Arch Safety End, Install",EACH,450,sd_sddot_item_catalog_2026_07_27,true
sd_sddot_450E6044_v20260727,sd_sddot_450E6044,2026-07-27,,"60"" CMP Arch Safety End, Furnish","60"" CMP Arch Safety End, Furnish",EACH,450,sd_sddot_item_catalog_2026_07_27,true
sd_sddot_450E6045_v20260727,sd_sddot_450E6045,2026-07-27,,"60"" CMP Arch Safety End with Bars, Furnish","60"" CMP Arch Safety End with Bars, Furnish",EACH,450,sd_sddot_item_catalog_2026_07_27,true
sd_sddot_450E6047_v20260727,sd_sddot_450E6047,2026-07-27,,"60"" CMP Arch Safety End, Install","60"" CMP Arch Safety End, Install",EACH,450,sd_sddot_item_catalog_2026_07_27,true
sd_sddot_450E6050_v20260727,sd_sddot_450E6050,2026-07-27,,"72"" CMP Arch Safety End, Furnish","72"" CMP Arch Safety End, Furnish",EACH,450,sd_sddot_item_catalog_2026_07_27,true
sd_sddot_450E6051_v20260727,sd_sddot_450E6051,2026-07-27,,"72"" CMP Arch Safety End with Bars, Furnish","72"" CMP Arch Safety End with Bars, Furnish",EACH,450,sd_sddot_item_catalog_2026_07_27,true
sd_sddot_450E6053_v20260727,sd_sddot_450E6053,2026-07-27,,"72"" CMP Arch Safety End, Install","72"" CMP Arch Safety End, Install",EACH,450,sd_sddot_item_catalog_2026_07_27,true
sd_sddot_450E6084_v20260727,sd_sddot_450E6084,2026-07-27,,"114"" CMP Arch Beveled End, Furnish","114"" CMP Arch Beveled End, Furnish",EACH,450,sd_sddot_item_catalog_2026_07_27,true
sd_sddot_450E6085_v20260727,sd_sddot_450E6085,2026-07-27,,"114"" CMP Arch Beveled End, Install","114"" CMP Arch Beveled End, Install",EACH,450,sd_sddot_item_catalog_2026_07_27,true
sd_sddot_450E6109_v20260727,sd_sddot_450E6109,2026-07-27,,"12"" Slotted CMP 16 Gauge, Furnish","12"" Slotted CMP 16 Gauge, Furnish",FT,450,sd_sddot_item_catalog_2026_07_27,true
sd_sddot_450E6110_v20260727,sd_sddot_450E6110,2026-07-27,,"12"" Slotted CMP, Install","12"" Slotted CMP, Install",FT,450,sd_sddot_item_catalog_2026_07_27,true
sd_sddot_450E6119_v20260727,sd_sddot_450E6119,2026-07-27,,"15"" Slotted CMP 16 Gauge, Furnish","15"" Slotted CMP 16 Gauge, Furnish",FT,450,sd_sddot_item_catalog_2026_07_27,true
sd_sddot_450E6120_v20260727,sd_sddot_450E6120,2026-07-27,,"15"" Slotted CMP, Install","15"" Slotted CMP, Install",FT,450,sd_sddot_item_catalog_2026_07_27,true
sd_sddot_450E6128_v20260727,sd_sddot_450E6128,2026-07-27,,"18"" Slotted CMP 14 Gauge, Furnish","18"" Slotted CMP 14 Gauge, Furnish",FT,450,sd_sddot_item_catalog_2026_07_27,true
sd_sddot_450E6129_v20260727,sd_sddot_450E6129,2026-07-27,,"18"" Slotted CMP 16 Gauge, Furnish","18"" Slotted CMP 16 Gauge, Furnish",FT,450,sd_sddot_item_catalog_2026_07_27,true
sd_sddot_450E6130_v20260727,sd_sddot_450E6130,2026-07-27,,"18"" Slotted CMP, Install","18"" Slotted CMP, Install",FT,450,sd_sddot_item_catalog_2026_07_27,true
sd_sddot_450E6139_v20260727,sd_sddot_450E6139,2026-07-27,,"24"" Slotted CMP 16 Gauge, Furnish","24"" Slotted CMP 16 Gauge, Furnish",FT,450,sd_sddot_item_catalog_2026_07_27,true
sd_sddot_450E6140_v20260727,sd_sddot_450E6140,2026-07-27,,"24"" Slotted CMP, Install","24"" Slotted CMP, Install",FT,450,sd_sddot_item_catalog_2026_07_27,true
sd_sddot_450E6148_v20260727,sd_sddot_450E6148,2026-07-27,,"30"" Slotted CMP 14 Gauge, Furnish","30"" Slotted CMP 14 Gauge, Furnish",FT,450,sd_sddot_item_catalog_2026_07_27,true
sd_sddot_450E6149_v20260727,sd_sddot_450E6149,2026-07-27,,"30"" Slotted CMP 16 Gauge, Furnish","30"" Slotted CMP 16 Gauge, Furnish",FT,450,sd_sddot_item_catalog_2026_07_27,true
sd_sddot_450E6150_v20260727,sd_sddot_450E6150,2026-07-27,,"30"" Slotted CMP, Install","30"" Slotted CMP, Install",FT,450,sd_sddot_item_catalog_2026_07_27,true
sd_sddot_450E6207_v20260727,sd_sddot_450E6207,2026-07-27,,"120"" CMP 5x1 10 Gauge, Furnish","120"" CMP 5x1 10 Gauge, Furnish",FT,450,sd_sddot_item_catalog_2026_07_27,true
sd_sddot_450E6210_v20260727,sd_sddot_450E6210,2026-07-27,,"120"" CMP, Install","120"" CMP, Install",FT,450,sd_sddot_item_catalog_2026_07_27,true
sd_sddot_450E6999_v20260727,sd_sddot_450E6999,2026-07-27,,"6"" High Density Polyethylene Pipe, Furnish","6"" High Density Polyethylene Pipe, Furnish",FT,450,sd_sddot_item_catalog_2026_07_27,true
sd_sddot_450E7000_v20260727,sd_sddot_450E7000,2026-07-27,,"6"" High Density Polyethylene Pipe, Install","6"" High Density Polyethylene Pipe, Install",FT,450,sd_sddot_item_catalog_2026_07_27,true
sd_sddot_450E7001_v20260727,sd_sddot_450E7001,2026-07-27,,"8"" High Density Polyethylene Pipe, Furnish","8"" High Density Polyethylene Pipe, Furnish",FT,450,sd_sddot_item_catalog_2026_07_27,true
sd_sddot_450E7002_v20260727,sd_sddot_450E7002,2026-07-27,,"8"" High Density Polyethylene Pipe, Install","8"" High Density Polyethylene Pipe, Install",FT,450,sd_sddot_item_catalog_2026_07_27,true
sd_sddot_450E7003_v20260727,sd_sddot_450E7003,2026-07-27,,"10"" High Density Polyethylene Pipe, Furnish","10"" High Density Polyethylene Pipe, Furnish",FT,450,sd_sddot_item_catalog_2026_07_27,true
sd_sddot_450E7004_v20260727,sd_sddot_450E7004,2026-07-27,,"10"" High Density Polyethylene Pipe, Install","10"" High Density Polyethylene Pipe, Install",FT,450,sd_sddot_item_catalog_2026_07_27,true
sd_sddot_450E7005_v20260727,sd_sddot_450E7005,2026-07-27,,"12"" High Density Polyethylene Pipe, Furnish","12"" High Density Polyethylene Pipe, Furnish",FT,450,sd_sddot_item_catalog_2026_07_27,true
sd_sddot_450E7006_v20260727,sd_sddot_450E7006,2026-07-27,,"12"" High Density Polyethylene Pipe, Install","12"" High Density Polyethylene Pipe, Install",FT,450,sd_sddot_item_catalog_2026_07_27,true
sd_sddot_450E7009_v20260727,sd_sddot_450E7009,2026-07-27,,"15"" High Density Polyethylene Pipe, Furnish","15"" High Density Polyethylene Pipe, Furnish",FT,450,sd_sddot_item_catalog_2026_07_27,true
sd_sddot_450E7010_v20260727,sd_sddot_450E7010,2026-07-27,,"15"" High Density Polyethylene Pipe, Install","15"" High Density Polyethylene Pipe, Install",FT,450,sd_sddot_item_catalog_2026_07_27,true
sd_sddot_450E7011_v20260727,sd_sddot_450E7011,2026-07-27,,"16"" High Density Polyethylene Pipe, Furnish","16"" High Density Polyethylene Pipe, Furnish",FT,450,sd_sddot_item_catalog_2026_07_27,true
sd_sddot_450E7012_v20260727,sd_sddot_450E7012,2026-07-27,,"16"" High Density Polyethylene Pipe, Install","16"" High Density Polyethylene Pipe, Install",FT,450,sd_sddot_item_catalog_2026_07_27,true
sd_sddot_450E7019_v20260727,sd_sddot_450E7019,2026-07-27,,"18"" High Density Polyethylene Pipe, Furnish","18"" High Density Polyethylene Pipe, Furnish",FT,450,sd_sddot_item_catalog_2026_07_27,true
sd_sddot_450E7020_v20260727,sd_sddot_450E7020,2026-07-27,,"18"" High Density Polyethylene Pipe, Install","18"" High Density Polyethylene Pipe, Install",FT,450,sd_sddot_item_catalog_2026_07_27,true
sd_sddot_450E7029_v20260727,sd_sddot_450E7029,2026-07-27,,"24"" High Density Polyethylene Pipe, Furnish","24"" High Density Polyethylene Pipe, Furnish",FT,450,sd_sddot_item_catalog_2026_07_27,true
sd_sddot_450E7030_v20260727,sd_sddot_450E7030,2026-07-27,,"24"" High Density Polyethylene Pipe, Install","24"" High Density Polyethylene Pipe, Install",FT,450,sd_sddot_item_catalog_2026_07_27,true
sd_sddot_450E7039_v20260727,sd_sddot_450E7039,2026-07-27,,"30"" High Density Polyethylene Pipe, Furnish","30"" High Density Polyethylene Pipe, Furnish",FT,450,sd_sddot_item_catalog_2026_07_27,true
sd_sddot_450E7040_v20260727,sd_sddot_450E7040,2026-07-27,,"30"" High Density Polyethylene Pipe, Install","30"" High Density Polyethylene Pipe, Install",FT,450,sd_sddot_item_catalog_2026_07_27,true
sd_sddot_450E7049_v20260727,sd_sddot_450E7049,2026-07-27,,"36"" High Density Polyethylene Pipe, Furnish","36"" High Density Polyethylene Pipe, Furnish",FT,450,sd_sddot_item_catalog_2026_07_27,true
sd_sddot_450E7050_v20260727,sd_sddot_450E7050,2026-07-27,,"36"" High Density Polyethylene Pipe, Install","36"" High Density Polyethylene Pipe, Install",FT,450,sd_sddot_item_catalog_2026_07_27,true
sd_sddot_450E7069_v20260727,sd_sddot_450E7069,2026-07-27,,"48"" High Density Polyethylene Pipe, Furnish","48"" High Density Polyethylene Pipe, Furnish",FT,450,sd_sddot_item_catalog_2026_07_27,true
sd_sddot_450E7070_v20260727,sd_sddot_450E7070,2026-07-27,,"48"" High Density Polyethylene Pipe, Install","48"" High Density Polyethylene Pipe, Install",FT,450,sd_sddot_item_catalog_2026_07_27,true
sd_sddot_450E7089_v20260727,sd_sddot_450E7089,2026-07-27,,"60"" High Density Polyethylene Pipe, Furnish","60"" High Density Polyethylene Pipe, Furnish",FT,450,sd_sddot_item_catalog_2026_07_27,true
sd_sddot_450E7090_v20260727,sd_sddot_450E7090,2026-07-27,,"60"" High Density Polyethylene Pipe, Install","60"" High Density Polyethylene Pipe, Install",FT,450,sd_sddot_item_catalog_2026_07_27,true
sd_sddot_450E7119_v20260727,sd_sddot_450E7119,2026-07-27,,"18"" High Density Polyethylene Pipe Elbow, Furnish","18"" High Density Polyethylene Pipe Elbow, Furnish",EACH,450,sd_sddot_item_catalog_2026_07_27,true
sd_sddot_450E7120_v20260727,sd_sddot_450E7120,2026-07-27,,"18"" High Density Polyethylene Pipe Elbow, Install","18"" High Density Polyethylene Pipe Elbow, Install",EACH,450,sd_sddot_item_catalog_2026_07_27,true
sd_sddot_450E7129_v20260727,sd_sddot_450E7129,2026-07-27,,"24"" High Density Polyethylene Pipe Elbow, Furnish","24"" High Density Polyethylene Pipe Elbow, Furnish",EACH,450,sd_sddot_item_catalog_2026_07_27,true
sd_sddot_450E7130_v20260727,sd_sddot_450E7130,2026-07-27,,"24"" High Density Polyethylene Pipe Elbow, Install","24"" High Density Polyethylene Pipe Elbow, Install",EACH,450,sd_sddot_item_catalog_2026_07_27,true
sd_sddot_450E7139_v20260727,sd_sddot_450E7139,2026-07-27,,"30"" High Density Polyethylene Pipe Elbow, Furnish","30"" High Density Polyethylene Pipe Elbow, Furnish",EACH,450,sd_sddot_item_catalog_2026_07_27,true
sd_sddot_450E7140_v20260727,sd_sddot_450E7140,2026-07-27,,"30"" High Density Polyethylene Pipe Elbow, Install","30"" High Density Polyethylene Pipe Elbow, Install",EACH,450,sd_sddot_item_catalog_2026_07_27,true
sd_sddot_450E7149_v20260727,sd_sddot_450E7149,2026-07-27,,"36"" High Density Polyethylene Pipe Elbow, Furnish","36"" High Density Polyethylene Pipe Elbow, Furnish",EACH,450,sd_sddot_item_catalog_2026_07_27,true
sd_sddot_450E7150_v20260727,sd_sddot_450E7150,2026-07-27,,"36"" High Density Polyethylene Pipe Elbow, Install","36"" High Density Polyethylene Pipe Elbow, Install",EACH,450,sd_sddot_item_catalog_2026_07_27,true
sd_sddot_450E7313_v20260727,sd_sddot_450E7313,2026-07-27,,"18"" RCP to PE Transition, Furnish","18"" RCP to PE Transition, Furnish",EACH,450,sd_sddot_item_catalog_2026_07_27,true
sd_sddot_450E7314_v20260727,sd_sddot_450E7314,2026-07-27,,"18"" PE to RCP Transition, Furnish","18"" PE to RCP Transition, Furnish",EACH,450,sd_sddot_item_catalog_2026_07_27,true
sd_sddot_450E7315_v20260727,sd_sddot_450E7315,2026-07-27,,"24"" RCP to PE Transition, Furnish","24"" RCP to PE Transition, Furnish",EACH,450,sd_sddot_item_catalog_2026_07_27,true
sd_sddot_450E7317_v20260727,sd_sddot_450E7317,2026-07-27,,"30"" RCP to PE Transition, Furnish","30"" RCP to PE Transition, Furnish",EACH,450,sd_sddot_item_catalog_2026_07_27,true
sd_sddot_450E7319_v20260727,sd_sddot_450E7319,2026-07-27,,"36"" RCP to PE Transition, Furnish","36"" RCP to PE Transition, Furnish",EACH,450,sd_sddot_item_catalog_2026_07_27,true
sd_sddot_450E7400_v20260727,sd_sddot_450E7400,2026-07-27,,"High Density Polyethylene Pipe Bend, Furnish","High Density Polyethylene Pipe Bend, Furnish",EACH,450,sd_sddot_item_catalog_2026_07_27,true
sd_sddot_450E7401_v20260727,sd_sddot_450E7401,2026-07-27,,"High Density Polyethylene Pipe Bend, Install","High Density Polyethylene Pipe Bend, Install",EACH,450,sd_sddot_item_catalog_2026_07_27,true
sd_sddot_450E7500_v20260727,sd_sddot_450E7500,2026-07-27,,"High Density Polyethylene Pipe Tee, Furnish","High Density Polyethylene Pipe Tee, Furnish",EACH,450,sd_sddot_item_catalog_2026_07_27,true
sd_sddot_450E7501_v20260727,sd_sddot_450E7501,2026-07-27,,"High Density Polyethylene Pipe Tee, Install","High Density Polyethylene Pipe Tee, Install",EACH,450,sd_sddot_item_catalog_2026_07_27,true
sd_sddot_450E7618_v20260727,sd_sddot_450E7618,2026-07-27,,"18"" Steel Pipe, Furnish","18"" Steel Pipe, Furnish",FT,450,sd_sddot_item_catalog_2026_07_27,true
sd_sddot_450E7619_v20260727,sd_sddot_450E7619,2026-07-27,,"18"" Steel Pipe, Install","18"" Steel Pipe, Install",FT,450,sd_sddot_item_catalog_2026_07_27,true
sd_sddot_450E7624_v20260727,sd_sddot_450E7624,2026-07-27,,"24"" Steel Pipe, Furnish","24"" Steel Pipe, Furnish",FT,450,sd_sddot_item_catalog_2026_07_27,true
sd_sddot_450E7625_v20260727,sd_sddot_450E7625,2026-07-27,,"24"" Steel Pipe, Install","24"" Steel Pipe, Install",FT,450,sd_sddot_item_catalog_2026_07_27,true
sd_sddot_450E7630_v20260727,sd_sddot_450E7630,2026-07-27,,"30"" Steel Pipe, Furnish","30"" Steel Pipe, Furnish",FT,450,sd_sddot_item_catalog_2026_07_27,true
sd_sddot_450E7631_v20260727,sd_sddot_450E7631,2026-07-27,,"30"" Steel Pipe, Install","30"" Steel Pipe, Install",FT,450,sd_sddot_item_catalog_2026_07_27,true
sd_sddot_450E7636_v20260727,sd_sddot_450E7636,2026-07-27,,"36"" Steel Pipe, Furnish","36"" Steel Pipe, Furnish",FT,450,sd_sddot_item_catalog_2026_07_27,true
sd_sddot_450E7637_v20260727,sd_sddot_450E7637,2026-07-27,,"36"" Steel Pipe, Install","36"" Steel Pipe, Install",FT,450,sd_sddot_item_catalog_2026_07_27,true
sd_sddot_450E7642_v20260727,sd_sddot_450E7642,2026-07-27,,"42"" Steel Pipe, Furnish","42"" Steel Pipe, Furnish",FT,450,sd_sddot_item_catalog_2026_07_27,true
sd_sddot_450E7643_v20260727,sd_sddot_450E7643,2026-07-27,,"42"" Steel Pipe, Install","42"" Steel Pipe, Install",FT,450,sd_sddot_item_catalog_2026_07_27,true
sd_sddot_450E7648_v20260727,sd_sddot_450E7648,2026-07-27,,"48"" Steel Pipe, Furnish","48"" Steel Pipe, Furnish",FT,450,sd_sddot_item_catalog_2026_07_27,true
sd_sddot_450E7649_v20260727,sd_sddot_450E7649,2026-07-27,,"48"" Steel Pipe, Install","48"" Steel Pipe, Install",FT,450,sd_sddot_item_catalog_2026_07_27,true
sd_sddot_450E7654_v20260727,sd_sddot_450E7654,2026-07-27,,"54"" Steel Pipe, Furnish","54"" Steel Pipe, Furnish",FT,450,sd_sddot_item_catalog_2026_07_27,true
sd_sddot_450E7655_v20260727,sd_sddot_450E7655,2026-07-27,,"54"" Steel Pipe, Install","54"" Steel Pipe, Install",FT,450,sd_sddot_item_catalog_2026_07_27,true
sd_sddot_450E7660_v20260727,sd_sddot_450E7660,2026-07-27,,"60"" Steel Pipe, Furnish","60"" Steel Pipe, Furnish",FT,450,sd_sddot_item_catalog_2026_07_27,true
sd_sddot_450E7661_v20260727,sd_sddot_450E7661,2026-07-27,,"60"" Steel Pipe, Install","60"" Steel Pipe, Install",FT,450,sd_sddot_item_catalog_2026_07_27,true
sd_sddot_450E7666_v20260727,sd_sddot_450E7666,2026-07-27,,"66"" Steel Pipe, Furnish","66"" Steel Pipe, Furnish",FT,450,sd_sddot_item_catalog_2026_07_27,true
sd_sddot_450E7667_v20260727,sd_sddot_450E7667,2026-07-27,,"66"" Steel Pipe, Install","66"" Steel Pipe, Install",FT,450,sd_sddot_item_catalog_2026_07_27,true
sd_sddot_450E7672_v20260727,sd_sddot_450E7672,2026-07-27,,"72"" Steel Pipe, Furnish","72"" Steel Pipe, Furnish",FT,450,sd_sddot_item_catalog_2026_07_27,true
sd_sddot_450E7673_v20260727,sd_sddot_450E7673,2026-07-27,,"72"" Steel Pipe, Install","72"" Steel Pipe, Install",FT,450,sd_sddot_item_catalog_2026_07_27,true
sd_sddot_450E7708_v20260727,sd_sddot_450E7708,2026-07-27,,"108"" Steel Pipe, Furnish","108"" Steel Pipe, Furnish",FT,450,sd_sddot_item_catalog_2026_07_27,true
sd_sddot_450E7709_v20260727,sd_sddot_450E7709,2026-07-27,,"108"" Steel Pipe, Install","108"" Steel Pipe, Install",FT,450,sd_sddot_item_catalog_2026_07_27,true
sd_sddot_450E7732_v20260727,sd_sddot_450E7732,2026-07-27,,"132"" Steel Pipe, Furnish","132"" Steel Pipe, Furnish",FT,450,sd_sddot_item_catalog_2026_07_27,true
sd_sddot_450E7733_v20260727,sd_sddot_450E7733,2026-07-27,,"132"" Steel Pipe, Install","132"" Steel Pipe, Install",FT,450,sd_sddot_item_catalog_2026_07_27,true
sd_sddot_450E7998_v20260727,sd_sddot_450E7998,2026-07-27,,"12"" CMP to RCP Transition, Furnish","12"" CMP to RCP Transition, Furnish",EACH,450,sd_sddot_item_catalog_2026_07_27,true
sd_sddot_450E7999_v20260727,sd_sddot_450E7999,2026-07-27,,"12"" RCP to CMP Transition, Furnish","12"" RCP to CMP Transition, Furnish",EACH,450,sd_sddot_item_catalog_2026_07_27,true
sd_sddot_450E8000_v20260727,sd_sddot_450E8000,2026-07-27,,"12"" Pipe Transition, Install","12"" Pipe Transition, Install",EACH,450,sd_sddot_item_catalog_2026_07_27,true
sd_sddot_450E8003_v20260727,sd_sddot_450E8003,2026-07-27,,"15"" CMP to RCP Transition, Furnish","15"" CMP to RCP Transition, Furnish",EACH,450,sd_sddot_item_catalog_2026_07_27,true
sd_sddot_450E8004_v20260727,sd_sddot_450E8004,2026-07-27,,"15"" RCP to CMP Transition, Furnish","15"" RCP to CMP Transition, Furnish",EACH,450,sd_sddot_item_catalog_2026_07_27,true
sd_sddot_450E8005_v20260727,sd_sddot_450E8005,2026-07-27,,"15"" Pipe Transition, Install","15"" Pipe Transition, Install",EACH,450,sd_sddot_item_catalog_2026_07_27,true
sd_sddot_450E8007_v20260727,sd_sddot_450E8007,2026-07-27,,"18"" Concrete/Steel Pipe Transition, Furnish","18"" Concrete/Steel Pipe Transition, Furnish",EACH,450,sd_sddot_item_catalog_2026_07_27,true
sd_sddot_450E8008_v20260727,sd_sddot_450E8008,2026-07-27,,"18"" CMP to RCP Transition, Furnish","18"" CMP to RCP Transition, Furnish",EACH,450,sd_sddot_item_catalog_2026_07_27,true
sd_sddot_450E8009_v20260727,sd_sddot_450E8009,2026-07-27,,"18"" RCP to CMP Transition, Furnish","18"" RCP to CMP Transition, Furnish",EACH,450,sd_sddot_item_catalog_2026_07_27,true
sd_sddot_450E8010_v20260727,sd_sddot_450E8010,2026-07-27,,"18"" Pipe Transition, Install","18"" Pipe Transition, Install",EACH,450,sd_sddot_item_catalog_2026_07_27,true
sd_sddot_450E8012_v20260727,sd_sddot_450E8012,2026-07-27,,"24"" Concrete/Steel Pipe Transition, Furnish","24"" Concrete/Steel Pipe Transition, Furnish",EACH,450,sd_sddot_item_catalog_2026_07_27,true
sd_sddot_450E8013_v20260727,sd_sddot_450E8013,2026-07-27,,"24"" CMP to RCP Transition, Furnish","24"" CMP to RCP Transition, Furnish",EACH,450,sd_sddot_item_catalog_2026_07_27,true
sd_sddot_450E8014_v20260727,sd_sddot_450E8014,2026-07-27,,"24"" RCP to CMP Transition, Furnish","24"" RCP to CMP Transition, Furnish",EACH,450,sd_sddot_item_catalog_2026_07_27,true
sd_sddot_450E8015_v20260727,sd_sddot_450E8015,2026-07-27,,"24"" Pipe Transition, Install","24"" Pipe Transition, Install",EACH,450,sd_sddot_item_catalog_2026_07_27,true
sd_sddot_450E8017_v20260727,sd_sddot_450E8017,2026-07-27,,"30"" Concrete/Steel Pipe Transition, Furnish","30"" Concrete/Steel Pipe Transition, Furnish",EACH,450,sd_sddot_item_catalog_2026_07_27,true
sd_sddot_450E8018_v20260727,sd_sddot_450E8018,2026-07-27,,"30"" CMP to RCP Transition, Furnish","30"" CMP to RCP Transition, Furnish",EACH,450,sd_sddot_item_catalog_2026_07_27,true
sd_sddot_450E8019_v20260727,sd_sddot_450E8019,2026-07-27,,"30"" RCP to CMP Transition, Furnish","30"" RCP to CMP Transition, Furnish",EACH,450,sd_sddot_item_catalog_2026_07_27,true
sd_sddot_450E8020_v20260727,sd_sddot_450E8020,2026-07-27,,"30"" Pipe Transition, Install","30"" Pipe Transition, Install",EACH,450,sd_sddot_item_catalog_2026_07_27,true
sd_sddot_450E8022_v20260727,sd_sddot_450E8022,2026-07-27,,"36"" Concrete/Steel Pipe Transition, Furnish","36"" Concrete/Steel Pipe Transition, Furnish",EACH,450,sd_sddot_item_catalog_2026_07_27,true
sd_sddot_450E8023_v20260727,sd_sddot_450E8023,2026-07-27,,"36"" CMP to RCP Transition, Furnish","36"" CMP to RCP Transition, Furnish",EACH,450,sd_sddot_item_catalog_2026_07_27,true
sd_sddot_450E8024_v20260727,sd_sddot_450E8024,2026-07-27,,"36"" RCP to CMP Transition, Furnish","36"" RCP to CMP Transition, Furnish",EACH,450,sd_sddot_item_catalog_2026_07_27,true
sd_sddot_450E8025_v20260727,sd_sddot_450E8025,2026-07-27,,"36"" Pipe Transition, Install","36"" Pipe Transition, Install",EACH,450,sd_sddot_item_catalog_2026_07_27,true
sd_sddot_450E8027_v20260727,sd_sddot_450E8027,2026-07-27,,"42"" Concrete/Steel Pipe Transition, Furnish","42"" Concrete/Steel Pipe Transition, Furnish",EACH,450,sd_sddot_item_catalog_2026_07_27,true
sd_sddot_450E8028_v20260727,sd_sddot_450E8028,2026-07-27,,"42"" CMP to RCP Transition, Furnish","42"" CMP to RCP Transition, Furnish",EACH,450,sd_sddot_item_catalog_2026_07_27,true
sd_sddot_450E8029_v20260727,sd_sddot_450E8029,2026-07-27,,"42"" RCP to CMP Transition, Furnish","42"" RCP to CMP Transition, Furnish",EACH,450,sd_sddot_item_catalog_2026_07_27,true
sd_sddot_450E8030_v20260727,sd_sddot_450E8030,2026-07-27,,"42"" Pipe Transition, Install","42"" Pipe Transition, Install",EACH,450,sd_sddot_item_catalog_2026_07_27,true
sd_sddot_450E8032_v20260727,sd_sddot_450E8032,2026-07-27,,"48"" Concrete/Steel Pipe Transition, Furnish","48"" Concrete/Steel Pipe Transition, Furnish",EACH,450,sd_sddot_item_catalog_2026_07_27,true
sd_sddot_450E8033_v20260727,sd_sddot_450E8033,2026-07-27,,"48"" CMP to RCP Transition, Furnish","48"" CMP to RCP Transition, Furnish",EACH,450,sd_sddot_item_catalog_2026_07_27,true
sd_sddot_450E8034_v20260727,sd_sddot_450E8034,2026-07-27,,"48"" RCP to CMP Transition, Furnish","48"" RCP to CMP Transition, Furnish",EACH,450,sd_sddot_item_catalog_2026_07_27,true
sd_sddot_450E8035_v20260727,sd_sddot_450E8035,2026-07-27,,"48"" Pipe Transition, Install","48"" Pipe Transition, Install",EACH,450,sd_sddot_item_catalog_2026_07_27,true
sd_sddot_450E8037_v20260727,sd_sddot_450E8037,2026-07-27,,"54"" Concrete/Steel Pipe Transition, Furnish","54"" Concrete/Steel Pipe Transition, Furnish",EACH,450,sd_sddot_item_catalog_2026_07_27,true
sd_sddot_450E8038_v20260727,sd_sddot_450E8038,2026-07-27,,"54"" CMP to RCP Transition, Furnish","54"" CMP to RCP Transition, Furnish",EACH,450,sd_sddot_item_catalog_2026_07_27,true
sd_sddot_450E8039_v20260727,sd_sddot_450E8039,2026-07-27,,"54"" RCP to CMP Transition, Furnish","54"" RCP to CMP Transition, Furnish",EACH,450,sd_sddot_item_catalog_2026_07_27,true
sd_sddot_450E8040_v20260727,sd_sddot_450E8040,2026-07-27,,"54"" Pipe Transition, Install","54"" Pipe Transition, Install",EACH,450,sd_sddot_item_catalog_2026_07_27,true
sd_sddot_450E8042_v20260727,sd_sddot_450E8042,2026-07-27,,"60"" Concrete/Steel Pipe Transition, Furnish","60"" Concrete/Steel Pipe Transition, Furnish",EACH,450,sd_sddot_item_catalog_2026_07_27,true
sd_sddot_450E8043_v20260727,sd_sddot_450E8043,2026-07-27,,"60"" CMP to RCP Transition, Furnish","60"" CMP to RCP Transition, Furnish",EACH,450,sd_sddot_item_catalog_2026_07_27,true
sd_sddot_450E8044_v20260727,sd_sddot_450E8044,2026-07-27,,"60"" RCP to CMP Transition, Furnish","60"" RCP to CMP Transition, Furnish",EACH,450,sd_sddot_item_catalog_2026_07_27,true
sd_sddot_450E8045_v20260727,sd_sddot_450E8045,2026-07-27,,"60"" Pipe Transition, Install","60"" Pipe Transition, Install",EACH,450,sd_sddot_item_catalog_2026_07_27,true
sd_sddot_450E8048_v20260727,sd_sddot_450E8048,2026-07-27,,"66"" CMP to RCP Transition, Furnish","66"" CMP to RCP Transition, Furnish",EACH,450,sd_sddot_item_catalog_2026_07_27,true
sd_sddot_450E8049_v20260727,sd_sddot_450E8049,2026-07-27,,"66"" RCP to CMP Transition, Furnish","66"" RCP to CMP Transition, Furnish",EACH,450,sd_sddot_item_catalog_2026_07_27,true
sd_sddot_450E8050_v20260727,sd_sddot_450E8050,2026-07-27,,"66"" Pipe Transition, Install","66"" Pipe Transition, Install",EACH,450,sd_sddot_item_catalog_2026_07_27,true
sd_sddot_450E8052_v20260727,sd_sddot_450E8052,2026-07-27,,"72"" Concrete/Steel Pipe Transition, Furnish","72"" Concrete/Steel Pipe Transition, Furnish",EACH,450,sd_sddot_item_catalog_2026_07_27,true
sd_sddot_450E8053_v20260727,sd_sddot_450E8053,2026-07-27,,"72"" CMP to RCP Transition, Furnish","72"" CMP to RCP Transition, Furnish",EACH,450,sd_sddot_item_catalog_2026_07_27,true
sd_sddot_450E8054_v20260727,sd_sddot_450E8054,2026-07-27,,"72"" RCP to CMP Transition, Furnish","72"" RCP to CMP Transition, Furnish",EACH,450,sd_sddot_item_catalog_2026_07_27,true
sd_sddot_450E8055_v20260727,sd_sddot_450E8055,2026-07-27,,"72"" Pipe Transition, Install","72"" Pipe Transition, Install",EACH,450,sd_sddot_item_catalog_2026_07_27,true
sd_sddot_450E8103_v20260727,sd_sddot_450E8103,2026-07-27,,"15"" CMP Arch to RCP Arch Transition, Furnish","15"" CMP Arch to RCP Arch Transition, Furnish",EACH,450,sd_sddot_item_catalog_2026_07_27,true
sd_sddot_450E8104_v20260727,sd_sddot_450E8104,2026-07-27,,"15"" RCP Arch to CMP Arch Transition, Furnish","15"" RCP Arch to CMP Arch Transition, Furnish",EACH,450,sd_sddot_item_catalog_2026_07_27,true
sd_sddot_450E8105_v20260727,sd_sddot_450E8105,2026-07-27,,"15"" Pipe Arch Transition, Install","15"" Pipe Arch Transition, Install",EACH,450,sd_sddot_item_catalog_2026_07_27,true
sd_sddot_450E8108_v20260727,sd_sddot_450E8108,2026-07-27,,"18"" CMP Arch to RCP Arch Transition, Furnish","18"" CMP Arch to RCP Arch Transition, Furnish",EACH,450,sd_sddot_item_catalog_2026_07_27,true
sd_sddot_450E8109_v20260727,sd_sddot_450E8109,2026-07-27,,"18"" RCP Arch to CMP Arch Transition, Furnish","18"" RCP Arch to CMP Arch Transition, Furnish",EACH,450,sd_sddot_item_catalog_2026_07_27,true
sd_sddot_450E8110_v20260727,sd_sddot_450E8110,2026-07-27,,"18"" Pipe Arch Transition, Install","18"" Pipe Arch Transition, Install",EACH,450,sd_sddot_item_catalog_2026_07_27,true
sd_sddot_450E8113_v20260727,sd_sddot_450E8113,2026-07-27,,"24"" CMP Arch to RCP Arch Transition, Furnish","24"" CMP Arch to RCP Arch Transition, Furnish",EACH,450,sd_sddot_item_catalog_2026_07_27,true
sd_sddot_450E8114_v20260727,sd_sddot_450E8114,2026-07-27,,"24"" RCP Arch to CMP Arch Transition, Furnish","24"" RCP Arch to CMP Arch Transition, Furnish",EACH,450,sd_sddot_item_catalog_2026_07_27,true
sd_sddot_450E8115_v20260727,sd_sddot_450E8115,2026-07-27,,"24"" Pipe Arch Transition, Install","24"" Pipe Arch Transition, Install",EACH,450,sd_sddot_item_catalog_2026_07_27,true
sd_sddot_450E8118_v20260727,sd_sddot_450E8118,2026-07-27,,"30"" CMP Arch to RCP Arch Transition, Furnish","30"" CMP Arch to RCP Arch Transition, Furnish",EACH,450,sd_sddot_item_catalog_2026_07_27,true
sd_sddot_450E8119_v20260727,sd_sddot_450E8119,2026-07-27,,"30"" RCP Arch to CMP Arch Transition, Furnish","30"" RCP Arch to CMP Arch Transition, Furnish",EACH,450,sd_sddot_item_catalog_2026_07_27,true
sd_sddot_450E8120_v20260727,sd_sddot_450E8120,2026-07-27,,"30"" Pipe Arch Transition, Install","30"" Pipe Arch Transition, Install",EACH,450,sd_sddot_item_catalog_2026_07_27,true
sd_sddot_450E8123_v20260727,sd_sddot_450E8123,2026-07-27,,"36"" CMP Arch to RCP Arch Transition, Furnish","36"" CMP Arch to RCP Arch Transition, Furnish",EACH,450,sd_sddot_item_catalog_2026_07_27,true
sd_sddot_450E8124_v20260727,sd_sddot_450E8124,2026-07-27,,"36"" RCP Arch to CMP Arch Transition, Furnish","36"" RCP Arch to CMP Arch Transition, Furnish",EACH,450,sd_sddot_item_catalog_2026_07_27,true
sd_sddot_450E8125_v20260727,sd_sddot_450E8125,2026-07-27,,"36"" Pipe Arch Transition, Install","36"" Pipe Arch Transition, Install",EACH,450,sd_sddot_item_catalog_2026_07_27,true
sd_sddot_450E8128_v20260727,sd_sddot_450E8128,2026-07-27,,"42"" CMP Arch to RCP Arch Transition, Furnish","42"" CMP Arch to RCP Arch Transition, Furnish",EACH,450,sd_sddot_item_catalog_2026_07_27,true
sd_sddot_450E8129_v20260727,sd_sddot_450E8129,2026-07-27,,"42"" RCP Arch to CMP Arch Transition, Furnish","42"" RCP Arch to CMP Arch Transition, Furnish",EACH,450,sd_sddot_item_catalog_2026_07_27,true
sd_sddot_450E8130_v20260727,sd_sddot_450E8130,2026-07-27,,"42"" Pipe Arch Transition, Install","42"" Pipe Arch Transition, Install",EACH,450,sd_sddot_item_catalog_2026_07_27,true
sd_sddot_450E8133_v20260727,sd_sddot_450E8133,2026-07-27,,"48"" CMP Arch to RCP Arch Transition, Furnish","48"" CMP Arch to RCP Arch Transition, Furnish",EACH,450,sd_sddot_item_catalog_2026_07_27,true
sd_sddot_450E8134_v20260727,sd_sddot_450E8134,2026-07-27,,"48"" RCP Arch to CMP Arch Transition, Furnish","48"" RCP Arch to CMP Arch Transition, Furnish",EACH,450,sd_sddot_item_catalog_2026_07_27,true
sd_sddot_450E8135_v20260727,sd_sddot_450E8135,2026-07-27,,"48"" Pipe Arch Transition, Install","48"" Pipe Arch Transition, Install",EACH,450,sd_sddot_item_catalog_2026_07_27,true
sd_sddot_450E8138_v20260727,sd_sddot_450E8138,2026-07-27,,"54"" CMP Arch to RCP Arch Transition, Furnish","54"" CMP Arch to RCP Arch Transition, Furnish",EACH,450,sd_sddot_item_catalog_2026_07_27,true
sd_sddot_450E8139_v20260727,sd_sddot_450E8139,2026-07-27,,"54"" RCP Arch to CMP Arch Transition, Furnish","54"" RCP Arch to CMP Arch Transition, Furnish",EACH,450,sd_sddot_item_catalog_2026_07_27,true
sd_sddot_450E8140_v20260727,sd_sddot_450E8140,2026-07-27,,"54"" Pipe Arch Transition, Install","54"" Pipe Arch Transition, Install",EACH,450,sd_sddot_item_catalog_2026_07_27,true
sd_sddot_450E8143_v20260727,sd_sddot_450E8143,2026-07-27,,"60"" CMP Arch to RCP Arch Transition, Furnish","60"" CMP Arch to RCP Arch Transition, Furnish",EACH,450,sd_sddot_item_catalog_2026_07_27,true
sd_sddot_450E8144_v20260727,sd_sddot_450E8144,2026-07-27,,"60"" RCP Arch to CMP Arch Transition, Furnish","60"" RCP Arch to CMP Arch Transition, Furnish",EACH,450,sd_sddot_item_catalog_2026_07_27,true
sd_sddot_450E8145_v20260727,sd_sddot_450E8145,2026-07-27,,"60"" Pipe Arch Transition, Install","60"" Pipe Arch Transition, Install",EACH,450,sd_sddot_item_catalog_2026_07_27,true
sd_sddot_450E8148_v20260727,sd_sddot_450E8148,2026-07-27,,"72"" CMP Arch to RCP Arch Transition, Furnish","72"" CMP Arch to RCP Arch Transition, Furnish",EACH,450,sd_sddot_item_catalog_2026_07_27,true
sd_sddot_450E8149_v20260727,sd_sddot_450E8149,2026-07-27,,"72"" RCP Arch to CMP Arch Transition, Furnish","72"" RCP Arch to CMP Arch Transition, Furnish",EACH,450,sd_sddot_item_catalog_2026_07_27,true
sd_sddot_450E8150_v20260727,sd_sddot_450E8150,2026-07-27,,"72"" Pipe Arch Transition, Install","72"" Pipe Arch Transition, Install",EACH,450,sd_sddot_item_catalog_2026_07_27,true
sd_sddot_450E8200_v20260727,sd_sddot_450E8200,2026-07-27,,Reset Smooth Tapered Sleeve,Reset Smooth Tapered Sleeve,EACH,450,sd_sddot_item_catalog_2026_07_27,true
sd_sddot_450E8205_v20260727,sd_sddot_450E8205,2026-07-27,,"15"" Smooth Tapered Sleeve, Furnish","15"" Smooth Tapered Sleeve, Furnish",EACH,450,sd_sddot_item_catalog_2026_07_27,true
sd_sddot_450E8206_v20260727,sd_sddot_450E8206,2026-07-27,,"15"" Smooth Tapered Sleeve, Install","15"" Smooth Tapered Sleeve, Install",EACH,450,sd_sddot_item_catalog_2026_07_27,true
sd_sddot_450E8209_v20260727,sd_sddot_450E8209,2026-07-27,,"18"" Smooth Tapered Sleeve, Furnish","18"" Smooth Tapered Sleeve, Furnish",EACH,450,sd_sddot_item_catalog_2026_07_27,true
sd_sddot_450E8210_v20260727,sd_sddot_450E8210,2026-07-27,,"18"" Smooth Tapered Sleeve, Install","18"" Smooth Tapered Sleeve, Install",EACH,450,sd_sddot_item_catalog_2026_07_27,true
sd_sddot_450E8213_v20260727,sd_sddot_450E8213,2026-07-27,,"24"" Smooth Tapered Sleeve, Furnish","24"" Smooth Tapered Sleeve, Furnish",EACH,450,sd_sddot_item_catalog_2026_07_27,true
sd_sddot_450E8214_v20260727,sd_sddot_450E8214,2026-07-27,,"24"" Smooth Tapered Sleeve, Install","24"" Smooth Tapered Sleeve, Install",EACH,450,sd_sddot_item_catalog_2026_07_27,true
sd_sddot_450E8217_v20260727,sd_sddot_450E8217,2026-07-27,,"30"" Smooth Tapered Sleeve, Furnish","30"" Smooth Tapered Sleeve, Furnish",EACH,450,sd_sddot_item_catalog_2026_07_27,true
sd_sddot_450E8218_v20260727,sd_sddot_450E8218,2026-07-27,,"30"" Smooth Tapered Sleeve, Install","30"" Smooth Tapered Sleeve, Install",EACH,450,sd_sddot_item_catalog_2026_07_27,true
sd_sddot_450E8221_v20260727,sd_sddot_450E8221,2026-07-27,,"36"" Smooth Tapered Sleeve, Furnish","36"" Smooth Tapered Sleeve, Furnish",EACH,450,sd_sddot_item_catalog_2026_07_27,true
sd_sddot_450E8222_v20260727,sd_sddot_450E8222,2026-07-27,,"36"" Smooth Tapered Sleeve, Install","36"" Smooth Tapered Sleeve, Install",EACH,450,sd_sddot_item_catalog_2026_07_27,true
sd_sddot_450E8225_v20260727,sd_sddot_450E8225,2026-07-27,,"42"" Smooth Tapered Sleeve, Furnish","42"" Smooth Tapered Sleeve, Furnish",EACH,450,sd_sddot_item_catalog_2026_07_27,true
sd_sddot_450E8226_v20260727,sd_sddot_450E8226,2026-07-27,,"42"" Smooth Tapered Sleeve, Install","42"" Smooth Tapered Sleeve, Install",EACH,450,sd_sddot_item_catalog_2026_07_27,true
sd_sddot_450E8229_v20260727,sd_sddot_450E8229,2026-07-27,,"48"" Smooth Tapered Sleeve, Furnish","48"" Smooth Tapered Sleeve, Furnish",EACH,450,sd_sddot_item_catalog_2026_07_27,true
sd_sddot_450E8230_v20260727,sd_sddot_450E8230,2026-07-27,,"48"" Smooth Tapered Sleeve, Install","48"" Smooth Tapered Sleeve, Install",EACH,450,sd_sddot_item_catalog_2026_07_27,true
sd_sddot_450E8233_v20260727,sd_sddot_450E8233,2026-07-27,,"54"" Smooth Tapered Sleeve, Furnish","54"" Smooth Tapered Sleeve, Furnish",EACH,450,sd_sddot_item_catalog_2026_07_27,true
sd_sddot_450E8234_v20260727,sd_sddot_450E8234,2026-07-27,,"54"" Smooth Tapered Sleeve, Install","54"" Smooth Tapered Sleeve, Install",EACH,450,sd_sddot_item_catalog_2026_07_27,true
sd_sddot_450E8300_v20260727,sd_sddot_450E8300,2026-07-27,,Culvert Joint Cleaning,Culvert Joint Cleaning,FT,450,sd_sddot_item_catalog_2026_07_27,true
sd_sddot_450E8305_v20260727,sd_sddot_450E8305,2026-07-27,,Repair Culvert Joint,Repair Culvert Joint,FT,450,sd_sddot_item_catalog_2026_07_27,true
sd_sddot_450E8310_v20260727,sd_sddot_450E8310,2026-07-27,,Chemical Grout Void Fill,Chemical Grout Void Fill,GAL,450,sd_sddot_item_catalog_2026_07_27,true
sd_sddot_450E8420_v20260727,sd_sddot_450E8420,2026-07-27,,Culvert Invert Repair,Culvert Invert Repair,SQFT,450,sd_sddot_item_catalog_2026_07_27,true
sd_sddot_450E8450_v20260727,sd_sddot_450E8450,2026-07-27,,Storm Sewer Video Inspection,Storm Sewer Video Inspection,FT,450,sd_sddot_item_catalog_2026_07_27,true
sd_sddot_450E8460_v20260727,sd_sddot_450E8460,2026-07-27,,Storm Sewer Cleanout,Storm Sewer Cleanout,FT,450,sd_sddot_item_catalog_2026_07_27,true
sd_sddot_450E8500_v20260727,sd_sddot_450E8500,2026-07-27,,"Trash Guard, Furnish","Trash Guard, Furnish",EACH,450,sd_sddot_item_catalog_2026_07_27,true
sd_sddot_450E8501_v20260727,sd_sddot_450E8501,2026-07-27,,"Trash Guard, Install","Trash Guard, Install",EACH,450,sd_sddot_item_catalog_2026_07_27,true
sd_sddot_450E8600_v20260727,sd_sddot_450E8600,2026-07-27,,Flap Gate,Flap Gate,EACH,450,sd_sddot_item_catalog_2026_07_27,true
sd_sddot_450E8650_v20260727,sd_sddot_450E8650,2026-07-27,,Slide Gate,Slide Gate,EACH,450,sd_sddot_item_catalog_2026_07_27,true
sd_sddot_450E8660_v20260727,sd_sddot_450E8660,2026-07-27,,Slide Gate with Opener,Slide Gate with Opener,EACH,450,sd_sddot_item_catalog_2026_07_27,true
sd_sddot_450E8675_v20260727,sd_sddot_450E8675,2026-07-27,,Knife Gate with Operator,Knife Gate with Operator,EACH,450,sd_sddot_item_catalog_2026_07_27,true
sd_sddot_450E8690_v20260727,sd_sddot_450E8690,2026-07-27,,Sluice Gate,Sluice Gate,EACH,450,sd_sddot_item_catalog_2026_07_27,true
sd_sddot_450E8700_v20260727,sd_sddot_450E8700,2026-07-27,,Gatewell Structure,Gatewell Structure,EACH,450,sd_sddot_item_catalog_2026_07_27,true
sd_sddot_450E8710_v20260727,sd_sddot_450E8710,2026-07-27,,Gatewell and Outlet Structure,Gatewell and Outlet Structure,L S,450,sd_sddot_item_catalog_2026_07_27,true
sd_sddot_450E8712_v20260727,sd_sddot_450E8712,2026-07-27,,"12"" Lift Gate with Frame","12"" Lift Gate with Frame",EACH,450,sd_sddot_item_catalog_2026_07_27,true
sd_sddot_450E8718_v20260727,sd_sddot_450E8718,2026-07-27,,"18"" Lift Gate with Frame","18"" Lift Gate with Frame",EACH,450,sd_sddot_item_catalog_2026_07_27,true
sd_sddot_450E8800_v20260727,sd_sddot_450E8800,2026-07-27,,Precast Outlet Structure,Precast Outlet Structure,EACH,450,sd_sddot_item_catalog_2026_07_27,true
sd_sddot_450E8900_v20260727,sd_sddot_450E8900,2026-07-27,,Cleanout Pipe Culvert,Cleanout Pipe Culvert,EACH,450,sd_sddot_item_catalog_2026_07_27,true
sd_sddot_450E8910_v20260727,sd_sddot_450E8910,2026-07-27,,Cleanout for Culvert Treatment,Cleanout for Culvert Treatment,EACH,450,sd_sddot_item_catalog_2026_07_27,true
sd_sddot_450E8950_v20260727,sd_sddot_450E8950,2026-07-27,,"4"" PVC Storm Sewer Service Cleanout","4"" PVC Storm Sewer Service Cleanout",EACH,450,sd_sddot_item_catalog_2026_07_27,true
sd_sddot_450E9000_v20260727,sd_sddot_450E9000,2026-07-27,,Reset Pipe,Reset Pipe,FT,450,sd_sddot_item_catalog_2026_07_27,true
sd_sddot_450E9001_v20260727,sd_sddot_450E9001,2026-07-27,,Reset Pipe End Section,Reset Pipe End Section,EACH,450,sd_sddot_item_catalog_2026_07_27,true
sd_sddot_450E9005_v20260727,sd_sddot_450E9005,2026-07-27,,Reset Pipe Bend,Reset Pipe Bend,EACH,450,sd_sddot_item_catalog_2026_07_27,true
sd_sddot_450E9210_v20260727,sd_sddot_450E9210,2026-07-27,,"Slipline 10"" Pipe","Slipline 10"" Pipe",FT,450,sd_sddot_item_catalog_2026_07_27,true
sd_sddot_450E9218_v20260727,sd_sddot_450E9218,2026-07-27,,"Slipline 18"" Pipe","Slipline 18"" Pipe",FT,450,sd_sddot_item_catalog_2026_07_27,true
sd_sddot_450E9224_v20260727,sd_sddot_450E9224,2026-07-27,,"Slipline 24"" Pipe","Slipline 24"" Pipe",FT,450,sd_sddot_item_catalog_2026_07_27,true
sd_sddot_450E9226_v20260727,sd_sddot_450E9226,2026-07-27,,"Slipline 30"" Pipe","Slipline 30"" Pipe",FT,450,sd_sddot_item_catalog_2026_07_27,true
sd_sddot_450E9228_v20260727,sd_sddot_450E9228,2026-07-27,,"Slipline 36"" Pipe","Slipline 36"" Pipe",FT,450,sd_sddot_item_catalog_2026_07_27,true
sd_sddot_450E9230_v20260727,sd_sddot_450E9230,2026-07-27,,"Slipline 42"" Pipe","Slipline 42"" Pipe",FT,450,sd_sddot_item_catalog_2026_07_27,true
sd_sddot_450E9232_v20260727,sd_sddot_450E9232,2026-07-27,,"Slipline 48"" Pipe","Slipline 48"" Pipe",FT,450,sd_sddot_item_catalog_2026_07_27,true
sd_sddot_450E9234_v20260727,sd_sddot_450E9234,2026-07-27,,"Slipline 54"" Pipe","Slipline 54"" Pipe",FT,450,sd_sddot_item_catalog_2026_07_27,true
sd_sddot_450E9236_v20260727,sd_sddot_450E9236,2026-07-27,,"Slipline 60"" Pipe","Slipline 60"" Pipe",FT,450,sd_sddot_item_catalog_2026_07_27,true
sd_sddot_450E9238_v20260727,sd_sddot_450E9238,2026-07-27,,"Slipline 66"" Pipe","Slipline 66"" Pipe",FT,450,sd_sddot_item_catalog_2026_07_27,true
sd_sddot_450E9240_v20260727,sd_sddot_450E9240,2026-07-27,,"Slipline 72"" Pipe","Slipline 72"" Pipe",FT,450,sd_sddot_item_catalog_2026_07_27,true
sd_sddot_450E9242_v20260727,sd_sddot_450E9242,2026-07-27,,"Slipline 78"" Pipe","Slipline 78"" Pipe",FT,450,sd_sddot_item_catalog_2026_07_27,true
sd_sddot_450E9244_v20260727,sd_sddot_450E9244,2026-07-27,,"Slipline 84"" Pipe","Slipline 84"" Pipe",FT,450,sd_sddot_item_catalog_2026_07_27,true
sd_sddot_450E9246_v20260727,sd_sddot_450E9246,2026-07-27,,"Slipline 90"" Pipe","Slipline 90"" Pipe",FT,450,sd_sddot_item_catalog_2026_07_27,true
sd_sddot_450E9248_v20260727,sd_sddot_450E9248,2026-07-27,,"Slipline 96"" Pipe","Slipline 96"" Pipe",FT,450,sd_sddot_item_catalog_2026_07_27,true
sd_sddot_450E9250_v20260727,sd_sddot_450E9250,2026-07-27,,"Slipline 108"" Pipe","Slipline 108"" Pipe",FT,450,sd_sddot_item_catalog_2026_07_27,true
sd_sddot_450E9252_v20260727,sd_sddot_450E9252,2026-07-27,,"Slipline 120"" Pipe","Slipline 120"" Pipe",FT,450,sd_sddot_item_catalog_2026_07_27,true
sd_sddot_450E9332_v20260727,sd_sddot_450E9332,2026-07-27,,"Furnish Pipe Culvert Liner - 48""","Furnish Pipe Culvert Liner - 48""",FT,450,sd_sddot_item_catalog_2026_07_27,true
sd_sddot_450E9436_v20260727,sd_sddot_450E9436,2026-07-27,,"60"" Fiberglass Reinforced Pipe, Furnish","60"" Fiberglass Reinforced Pipe, Furnish",FT,450,sd_sddot_item_catalog_2026_07_27,true
sd_sddot_450E9437_v20260727,sd_sddot_450E9437,2026-07-27,,"60"" Fiberglass Reinforced Pipe, Install","60"" Fiberglass Reinforced Pipe, Install",FT,450,sd_sddot_item_catalog_2026_07_27,true
sd_sddot_450E9510_v20260727,sd_sddot_450E9510,2026-07-27,,"10"" Cured in Place Pipe","10"" Cured in Place Pipe",FT,450,sd_sddot_item_catalog_2026_07_27,true
sd_sddot_450E9512_v20260727,sd_sddot_450E9512,2026-07-27,,"12"" Cured in Place Pipe","12"" Cured in Place Pipe",FT,450,sd_sddot_item_catalog_2026_07_27,true
sd_sddot_450E9518_v20260727,sd_sddot_450E9518,2026-07-27,,"18"" Cured in Place Pipe","18"" Cured in Place Pipe",FT,450,sd_sddot_item_catalog_2026_07_27,true
sd_sddot_450E9524_v20260727,sd_sddot_450E9524,2026-07-27,,"24"" Cured in Place Pipe","24"" Cured in Place Pipe",FT,450,sd_sddot_item_catalog_2026_07_27,true
sd_sddot_450E9526_v20260727,sd_sddot_450E9526,2026-07-27,,"30"" Cured in Place Pipe","30"" Cured in Place Pipe",FT,450,sd_sddot_item_catalog_2026_07_27,true
sd_sddot_450E9528_v20260727,sd_sddot_450E9528,2026-07-27,,"36"" Cured in Place Pipe","36"" Cured in Place Pipe",FT,450,sd_sddot_item_catalog_2026_07_27,true
sd_sddot_450E9530_v20260727,sd_sddot_450E9530,2026-07-27,,"42"" Cured in Place Pipe","42"" Cured in Place Pipe",FT,450,sd_sddot_item_catalog_2026_07_27,true
sd_sddot_450E9532_v20260727,sd_sddot_450E9532,2026-07-27,,"48"" Cured in Place Pipe","48"" Cured in Place Pipe",FT,450,sd_sddot_item_catalog_2026_07_27,true
sd_sddot_450E9534_v20260727,sd_sddot_450E9534,2026-07-27,,"54"" Cured in Place Pipe","54"" Cured in Place Pipe",FT,450,sd_sddot_item_catalog_2026_07_27,true
sd_sddot_450E9536_v20260727,sd_sddot_450E9536,2026-07-27,,"60"" Cured in Place Pipe","60"" Cured in Place Pipe",FT,450,sd_sddot_item_catalog_2026_07_27,true
sd_sddot_450E9538_v20260727,sd_sddot_450E9538,2026-07-27,,"66"" Cured in Place Pipe","66"" Cured in Place Pipe",FT,450,sd_sddot_item_catalog_2026_07_27,true
sd_sddot_450E9540_v20260727,sd_sddot_450E9540,2026-07-27,,"72"" Cured in Place Pipe","72"" Cured in Place Pipe",FT,450,sd_sddot_item_catalog_2026_07_27,true
sd_sddot_450E9544_v20260727,sd_sddot_450E9544,2026-07-27,,"84"" Cured in Place Pipe","84"" Cured in Place Pipe",FT,450,sd_sddot_item_catalog_2026_07_27,true
sd_sddot_450E9618_v20260727,sd_sddot_450E9618,2026-07-27,,"18"" Cured in Place Arch Pipe","18"" Cured in Place Arch Pipe",FT,450,sd_sddot_item_catalog_2026_07_27,true
sd_sddot_450E9624_v20260727,sd_sddot_450E9624,2026-07-27,,"24"" Cured in Place Arch Pipe","24"" Cured in Place Arch Pipe",FT,450,sd_sddot_item_catalog_2026_07_27,true
sd_sddot_450E9626_v20260727,sd_sddot_450E9626,2026-07-27,,"30"" Cured in Place Arch Pipe","30"" Cured in Place Arch Pipe",FT,450,sd_sddot_item_catalog_2026_07_27,true
sd_sddot_450E9628_v20260727,sd_sddot_450E9628,2026-07-27,,"36"" Cured in Place Arch Pipe","36"" Cured in Place Arch Pipe",FT,450,sd_sddot_item_catalog_2026_07_27,true
sd_sddot_450E9630_v20260727,sd_sddot_450E9630,2026-07-27,,"42"" Cured in Place Arch Pipe","42"" Cured in Place Arch Pipe",FT,450,sd_sddot_item_catalog_2026_07_27,true
sd_sddot_450E9631_v20260727,sd_sddot_450E9631,2026-07-27,,"44"" Cured in Place Arch Pipe","44"" Cured in Place Arch Pipe",FT,450,sd_sddot_item_catalog_2026_07_27,true
sd_sddot_450E9632_v20260727,sd_sddot_450E9632,2026-07-27,,"48"" Cured in Place Arch Pipe","48"" Cured in Place Arch Pipe",FT,450,sd_sddot_item_catalog_2026_07_27,true
sd_sddot_450E9634_v20260727,sd_sddot_450E9634,2026-07-27,,"54"" Cured in Place Arch Pipe","54"" Cured in Place Arch Pipe",FT,450,sd_sddot_item_catalog_2026_07_27,true
sd_sddot_450E9636_v20260727,sd_sddot_450E9636,2026-07-27,,"60"" Cured in Place Arch Pipe","60"" Cured in Place Arch Pipe",FT,450,sd_sddot_item_catalog_2026_07_27,true
sd_sddot_450E9718_v20260727,sd_sddot_450E9718,2026-07-27,,"18"" Fold and Form PVC Liner Pipe","18"" Fold and Form PVC Liner Pipe",FT,450,sd_sddot_item_catalog_2026_07_27,true
sd_sddot_450E9724_v20260727,sd_sddot_450E9724,2026-07-27,,"24"" Fold and Form PVC Liner Pipe","24"" Fold and Form PVC Liner Pipe",FT,450,sd_sddot_item_catalog_2026_07_27,true
sd_sddot_450E9726_v20260727,sd_sddot_450E9726,2026-07-27,,"30"" Fold and Form PVC Liner Pipe","30"" Fold and Form PVC Liner Pipe",FT,450,sd_sddot_item_catalog_2026_07_27,true
sd_sddot_450E9728_v20260727,sd_sddot_450E9728,2026-07-27,,"36"" Fold and Form PVC Liner Pipe","36"" Fold and Form PVC Liner Pipe",FT,450,sd_sddot_item_catalog_2026_07_27,true
sd_sddot_450E9730_v20260727,sd_sddot_450E9730,2026-07-27,,"42"" Fold and Form PVC Liner Pipe","42"" Fold and Form PVC Liner Pipe",FT,450,sd_sddot_item_catalog_2026_07_27,true
sd_sddot_450E9732_v20260727,sd_sddot_450E9732,2026-07-27,,"48"" Fold and Form PVC Liner Pipe","48"" Fold and Form PVC Liner Pipe",FT,450,sd_sddot_item_catalog_2026_07_27,true
sd_sddot_450E9818_v20260727,sd_sddot_450E9818,2026-07-27,,"18"" Fold and Form PVC Arch Liner Pipe","18"" Fold and Form PVC Arch Liner Pipe",FT,450,sd_sddot_item_catalog_2026_07_27,true
sd_sddot_450E9828_v20260727,sd_sddot_450E9828,2026-07-27,,"36"" Fold and Form PVC Arch Liner Pipe","36"" Fold and Form PVC Arch Liner Pipe",FT,450,sd_sddot_item_catalog_2026_07_27,true
sd_sddot_450E9830_v20260727,sd_sddot_450E9830,2026-07-27,,"42"" Fold and Form PVC Arch Liner Pipe","42"" Fold and Form PVC Arch Liner Pipe",FT,450,sd_sddot_item_catalog_2026_07_27,true
sd_sddot_450E9832_v20260727,sd_sddot_450E9832,2026-07-27,,"48"" Fold and Form PVC Arch Liner Pipe","48"" Fold and Form PVC Arch Liner Pipe",FT,450,sd_sddot_item_catalog_2026_07_27,true
sd_sddot_450E9936_v20260727,sd_sddot_450E9936,2026-07-27,,"60"" Centrifugally Cast Concrete Pipe","60"" Centrifugally Cast Concrete Pipe",FT,450,sd_sddot_item_catalog_2026_07_27,true
sd_sddot_451E0003_v20260727,sd_sddot_451E0003,2026-07-27,,"3"" PVC Encasement Pipe","3"" PVC Encasement Pipe",FT,451,sd_sddot_item_catalog_2026_07_27,true
sd_sddot_451E0004_v20260727,sd_sddot_451E0004,2026-07-27,,"4"" PVC Encasement Pipe","4"" PVC Encasement Pipe",FT,451,sd_sddot_item_catalog_2026_07_27,true
sd_sddot_451E0006_v20260727,sd_sddot_451E0006,2026-07-27,,"6"" PVC Encasement Pipe","6"" PVC Encasement Pipe",FT,451,sd_sddot_item_catalog_2026_07_27,true
sd_sddot_451E0008_v20260727,sd_sddot_451E0008,2026-07-27,,"8"" PVC Encasement Pipe","8"" PVC Encasement Pipe",FT,451,sd_sddot_item_catalog_2026_07_27,true
sd_sddot_451E0010_v20260727,sd_sddot_451E0010,2026-07-27,,"10"" PVC Encasement Pipe","10"" PVC Encasement Pipe",FT,451,sd_sddot_item_catalog_2026_07_27,true
sd_sddot_451E0012_v20260727,sd_sddot_451E0012,2026-07-27,,"12"" PVC Encasement Pipe","12"" PVC Encasement Pipe",FT,451,sd_sddot_item_catalog_2026_07_27,true
sd_sddot_451E0014_v20260727,sd_sddot_451E0014,2026-07-27,,"14"" PVC Encasement Pipe","14"" PVC Encasement Pipe",FT,451,sd_sddot_item_catalog_2026_07_27,true
sd_sddot_451E0015_v20260727,sd_sddot_451E0015,2026-07-27,,"15"" PVC Encasement Pipe","15"" PVC Encasement Pipe",FT,451,sd_sddot_item_catalog_2026_07_27,true
sd_sddot_451E0016_v20260727,sd_sddot_451E0016,2026-07-27,,"16"" PVC Encasement Pipe","16"" PVC Encasement Pipe",FT,451,sd_sddot_item_catalog_2026_07_27,true
sd_sddot_451E0018_v20260727,sd_sddot_451E0018,2026-07-27,,"18"" PVC Encasement Pipe","18"" PVC Encasement Pipe",FT,451,sd_sddot_item_catalog_2026_07_27,true
sd_sddot_451E0020_v20260727,sd_sddot_451E0020,2026-07-27,,"20"" PVC Encasement Pipe","20"" PVC Encasement Pipe",FT,451,sd_sddot_item_catalog_2026_07_27,true
sd_sddot_451E0024_v20260727,sd_sddot_451E0024,2026-07-27,,"24"" PVC Encasement Pipe","24"" PVC Encasement Pipe",FT,451,sd_sddot_item_catalog_2026_07_27,true
sd_sddot_451E0068_v20260727,sd_sddot_451E0068,2026-07-27,,"18"" RC Encasement Pipe","18"" RC Encasement Pipe",FT,451,sd_sddot_item_catalog_2026_07_27,true
sd_sddot_451E0074_v20260727,sd_sddot_451E0074,2026-07-27,,"24"" RC Encasement Pipe","24"" RC Encasement Pipe",FT,451,sd_sddot_item_catalog_2026_07_27,true
sd_sddot_451E0080_v20260727,sd_sddot_451E0080,2026-07-27,,"30"" RC Encasement Pipe","30"" RC Encasement Pipe",FT,451,sd_sddot_item_catalog_2026_07_27,true
sd_sddot_451E0106_v20260727,sd_sddot_451E0106,2026-07-27,,"6"" Steel Encasement Pipe","6"" Steel Encasement Pipe",FT,451,sd_sddot_item_catalog_2026_07_27,true
sd_sddot_451E0108_v20260727,sd_sddot_451E0108,2026-07-27,,"8"" Steel Encasement Pipe","8"" Steel Encasement Pipe",FT,451,sd_sddot_item_catalog_2026_07_27,true
sd_sddot_451E0110_v20260727,sd_sddot_451E0110,2026-07-27,,"10"" Steel Encasement Pipe","10"" Steel Encasement Pipe",FT,451,sd_sddot_item_catalog_2026_07_27,true
sd_sddot_451E0112_v20260727,sd_sddot_451E0112,2026-07-27,,"12"" Steel Encasement Pipe","12"" Steel Encasement Pipe",FT,451,sd_sddot_item_catalog_2026_07_27,true
sd_sddot_451E0114_v20260727,sd_sddot_451E0114,2026-07-27,,"14"" Steel Encasement Pipe","14"" Steel Encasement Pipe",FT,451,sd_sddot_item_catalog_2026_07_27,true
sd_sddot_451E0116_v20260727,sd_sddot_451E0116,2026-07-27,,"16"" Steel Encasement Pipe","16"" Steel Encasement Pipe",FT,451,sd_sddot_item_catalog_2026_07_27,true
sd_sddot_451E0118_v20260727,sd_sddot_451E0118,2026-07-27,,"18"" Steel Encasement Pipe","18"" Steel Encasement Pipe",FT,451,sd_sddot_item_catalog_2026_07_27,true
sd_sddot_451E0120_v20260727,sd_sddot_451E0120,2026-07-27,,"20"" Steel Encasement Pipe","20"" Steel Encasement Pipe",FT,451,sd_sddot_item_catalog_2026_07_27,true
sd_sddot_451E0124_v20260727,sd_sddot_451E0124,2026-07-27,,"24"" Steel Encasement Pipe","24"" Steel Encasement Pipe",FT,451,sd_sddot_item_catalog_2026_07_27,true
sd_sddot_451E0126_v20260727,sd_sddot_451E0126,2026-07-27,,"26"" Steel Encasement Pipe","26"" Steel Encasement Pipe",FT,451,sd_sddot_item_catalog_2026_07_27,true
sd_sddot_451E0130_v20260727,sd_sddot_451E0130,2026-07-27,,"30"" Steel Encasement Pipe","30"" Steel Encasement Pipe",FT,451,sd_sddot_item_catalog_2026_07_27,true
sd_sddot_451E0132_v20260727,sd_sddot_451E0132,2026-07-27,,"32"" Steel Encasement Pipe","32"" Steel Encasement Pipe",FT,451,sd_sddot_item_catalog_2026_07_27,true
sd_sddot_451E0136_v20260727,sd_sddot_451E0136,2026-07-27,,"36"" Steel Encasement Pipe","36"" Steel Encasement Pipe",FT,451,sd_sddot_item_catalog_2026_07_27,true
sd_sddot_451E0138_v20260727,sd_sddot_451E0138,2026-07-27,,"38"" Steel Encasement Pipe","38"" Steel Encasement Pipe",FT,451,sd_sddot_item_catalog_2026_07_27,true
sd_sddot_451E0148_v20260727,sd_sddot_451E0148,2026-07-27,,"48"" Steel Encasement Pipe","48"" Steel Encasement Pipe",FT,451,sd_sddot_item_catalog_2026_07_27,true
sd_sddot_451E0202_v20260727,sd_sddot_451E0202,2026-07-27,,"1"" Municipex Pipe","1"" Municipex Pipe",FT,451,sd_sddot_item_catalog_2026_07_27,true
sd_sddot_451E0206_v20260727,sd_sddot_451E0206,2026-07-27,,"1.5"" Municipex Pipe","1.5"" Municipex Pipe",FT,451,sd_sddot_item_catalog_2026_07_27,true
sd_sddot_451E0208_v20260727,sd_sddot_451E0208,2026-07-27,,"2"" Municipex Pipe","2"" Municipex Pipe",FT,451,sd_sddot_item_catalog_2026_07_27,true
sd_sddot_451E0300_v20260727,sd_sddot_451E0300,2026-07-27,,Install Carrier Pipe,Install Carrier Pipe,FT,451,sd_sddot_item_catalog_2026_07_27,true
sd_sddot_451E0301_v20260727,sd_sddot_451E0301,2026-07-27,,Pipe Encasement,Pipe Encasement,EACH,451,sd_sddot_item_catalog_2026_07_27,true
sd_sddot_451E0302_v20260727,sd_sddot_451E0302,2026-07-27,,Concrete Encased Duct,Concrete Encased Duct,FT,451,sd_sddot_item_catalog_2026_07_27,true
sd_sddot_451E0401_v20260727,sd_sddot_451E0401,2026-07-27,,"1"" High Density Polyethylene Pipe","1"" High Density Polyethylene Pipe",FT,451,sd_sddot_item_catalog_2026_07_27,true
sd_sddot_451E0406_v20260727,sd_sddot_451E0406,2026-07-27,,"1 1/2"" High Density Polyethylene Pipe","1 1/2"" High Density Polyethylene Pipe",FT,451,sd_sddot_item_catalog_2026_07_27,true
sd_sddot_451E0408_v20260727,sd_sddot_451E0408,2026-07-27,,"2"" High Density Polyethylene Pipe","2"" High Density Polyethylene Pipe",FT,451,sd_sddot_item_catalog_2026_07_27,true
sd_sddot_451E0416_v20260727,sd_sddot_451E0416,2026-07-27,,"6"" High Density Polyethylene Pipe","6"" High Density Polyethylene Pipe",FT,451,sd_sddot_item_catalog_2026_07_27,true
sd_sddot_451E0500_v20260727,sd_sddot_451E0500,2026-07-27,,"0.75"" PVC Pipe","0.75"" PVC Pipe",FT,451,sd_sddot_item_catalog_2026_07_27,true
sd_sddot_451E0502_v20260727,sd_sddot_451E0502,2026-07-27,,"1"" PVC Pipe","1"" PVC Pipe",FT,451,sd_sddot_item_catalog_2026_07_27,true
sd_sddot_451E0504_v20260727,sd_sddot_451E0504,2026-07-27,,"1.25"" PVC Pipe","1.25"" PVC Pipe",FT,451,sd_sddot_item_catalog_2026_07_27,true
sd_sddot_451E0506_v20260727,sd_sddot_451E0506,2026-07-27,,"1.5"" PVC Pipe","1.5"" PVC Pipe",FT,451,sd_sddot_item_catalog_2026_07_27,true
sd_sddot_451E0508_v20260727,sd_sddot_451E0508,2026-07-27,,"2"" PVC Pipe","2"" PVC Pipe",FT,451,sd_sddot_item_catalog_2026_07_27,true
sd_sddot_451E0510_v20260727,sd_sddot_451E0510,2026-07-27,,"2.5"" PVC Pipe","2.5"" PVC Pipe",FT,451,sd_sddot_item_catalog_2026_07_27,true
sd_sddot_451E0512_v20260727,sd_sddot_451E0512,2026-07-27,,"3"" PVC Pipe","3"" PVC Pipe",FT,451,sd_sddot_item_catalog_2026_07_27,true
sd_sddot_451E0514_v20260727,sd_sddot_451E0514,2026-07-27,,"4"" PVC Pipe","4"" PVC Pipe",FT,451,sd_sddot_item_catalog_2026_07_27,true
sd_sddot_451E0516_v20260727,sd_sddot_451E0516,2026-07-27,,"6"" PVC Pipe","6"" PVC Pipe",FT,451,sd_sddot_item_catalog_2026_07_27,true
sd_sddot_451E0518_v20260727,sd_sddot_451E0518,2026-07-27,,"8"" PVC Pipe","8"" PVC Pipe",FT,451,sd_sddot_item_catalog_2026_07_27,true
sd_sddot_451E0520_v20260727,sd_sddot_451E0520,2026-07-27,,"10"" PVC Pipe","10"" PVC Pipe",FT,451,sd_sddot_item_catalog_2026_07_27,true
sd_sddot_451E0522_v20260727,sd_sddot_451E0522,2026-07-27,,"12"" PVC Pipe","12"" PVC Pipe",FT,451,sd_sddot_item_catalog_2026_07_27,true
sd_sddot_451E0525_v20260727,sd_sddot_451E0525,2026-07-27,,"15"" PVC Pipe","15"" PVC Pipe",FT,451,sd_sddot_item_catalog_2026_07_27,true
sd_sddot_451E0528_v20260727,sd_sddot_451E0528,2026-07-27,,"18"" PVC Pipe","18"" PVC Pipe",FT,451,sd_sddot_item_catalog_2026_07_27,true
sd_sddot_451E0531_v20260727,sd_sddot_451E0531,2026-07-27,,"24"" PVC Pipe","24"" PVC Pipe",FT,451,sd_sddot_item_catalog_2026_07_27,true
sd_sddot_451E0604_v20260727,sd_sddot_451E0604,2026-07-27,,"4"" PVC Water Main","4"" PVC Water Main",FT,451,sd_sddot_item_catalog_2026_07_27,true
sd_sddot_451E0606_v20260727,sd_sddot_451E0606,2026-07-27,,"6"" PVC Water Main","6"" PVC Water Main",FT,451,sd_sddot_item_catalog_2026_07_27,true
sd_sddot_451E0608_v20260727,sd_sddot_451E0608,2026-07-27,,"8"" PVC Water Main","8"" PVC Water Main",FT,451,sd_sddot_item_catalog_2026_07_27,true
sd_sddot_451E0610_v20260727,sd_sddot_451E0610,2026-07-27,,"10"" PVC Water Main","10"" PVC Water Main",FT,451,sd_sddot_item_catalog_2026_07_27,true
sd_sddot_451E0612_v20260727,sd_sddot_451E0612,2026-07-27,,"12"" PVC Water Main","12"" PVC Water Main",FT,451,sd_sddot_item_catalog_2026_07_27,true
sd_sddot_451E0614_v20260727,sd_sddot_451E0614,2026-07-27,,"14"" PVC Water Main","14"" PVC Water Main",FT,451,sd_sddot_item_catalog_2026_07_27,true
sd_sddot_451E0616_v20260727,sd_sddot_451E0616,2026-07-27,,"16"" PVC Water Main","16"" PVC Water Main",FT,451,sd_sddot_item_catalog_2026_07_27,true
sd_sddot_451E0618_v20260727,sd_sddot_451E0618,2026-07-27,,"18"" PVC Water Main","18"" PVC Water Main",FT,451,sd_sddot_item_catalog_2026_07_27,true
sd_sddot_451E0620_v20260727,sd_sddot_451E0620,2026-07-27,,"20"" PVC Water Main","20"" PVC Water Main",FT,451,sd_sddot_item_catalog_2026_07_27,true
sd_sddot_451E0624_v20260727,sd_sddot_451E0624,2026-07-27,,"24"" PVC Water Main","24"" PVC Water Main",FT,451,sd_sddot_item_catalog_2026_07_27,true
sd_sddot_451E0636_v20260727,sd_sddot_451E0636,2026-07-27,,"36"" PVC Water Main","36"" PVC Water Main",FT,451,sd_sddot_item_catalog_2026_07_27,true
sd_sddot_451E0653_v20260727,sd_sddot_451E0653,2026-07-27,,"3"" PVC Restrained Joint Water Main","3"" PVC Restrained Joint Water Main",FT,451,sd_sddot_item_catalog_2026_07_27,true
sd_sddot_451E0654_v20260727,sd_sddot_451E0654,2026-07-27,,"4"" PVC Restrained Joint Water Main","4"" PVC Restrained Joint Water Main",FT,451,sd_sddot_item_catalog_2026_07_27,true
sd_sddot_451E0656_v20260727,sd_sddot_451E0656,2026-07-27,,"6"" PVC Restrained Joint Water Main","6"" PVC Restrained Joint Water Main",FT,451,sd_sddot_item_catalog_2026_07_27,true
sd_sddot_451E0658_v20260727,sd_sddot_451E0658,2026-07-27,,"8"" PVC Restrained Joint Water Main","8"" PVC Restrained Joint Water Main",FT,451,sd_sddot_item_catalog_2026_07_27,true
sd_sddot_451E0660_v20260727,sd_sddot_451E0660,2026-07-27,,"10"" PVC Restrained Joint Water Main","10"" PVC Restrained Joint Water Main",FT,451,sd_sddot_item_catalog_2026_07_27,true
sd_sddot_451E0662_v20260727,sd_sddot_451E0662,2026-07-27,,"12"" PVC Restrained Joint Water Main","12"" PVC Restrained Joint Water Main",FT,451,sd_sddot_item_catalog_2026_07_27,true
sd_sddot_451E0664_v20260727,sd_sddot_451E0664,2026-07-27,,"14"" PVC Restrained Joint Water Main","14"" PVC Restrained Joint Water Main",FT,451,sd_sddot_item_catalog_2026_07_27,true
sd_sddot_451E0666_v20260727,sd_sddot_451E0666,2026-07-27,,"16"" PVC Restrained Joint Water Main","16"" PVC Restrained Joint Water Main",FT,451,sd_sddot_item_catalog_2026_07_27,true
sd_sddot_451E0691_v20260727,sd_sddot_451E0691,2026-07-27,,"4"" Water Main Restraining Device","4"" Water Main Restraining Device",EACH,451,sd_sddot_item_catalog_2026_07_27,true
sd_sddot_451E0692_v20260727,sd_sddot_451E0692,2026-07-27,,"6"" Water Main Restraining Device","6"" Water Main Restraining Device",EACH,451,sd_sddot_item_catalog_2026_07_27,true
sd_sddot_451E0693_v20260727,sd_sddot_451E0693,2026-07-27,,"8"" Water Main Restraining Device","8"" Water Main Restraining Device",EACH,451,sd_sddot_item_catalog_2026_07_27,true
sd_sddot_451E0694_v20260727,sd_sddot_451E0694,2026-07-27,,"10"" Water Main Restraining Device","10"" Water Main Restraining Device",EACH,451,sd_sddot_item_catalog_2026_07_27,true
sd_sddot_451E0695_v20260727,sd_sddot_451E0695,2026-07-27,,"12"" Water Main Restraining Device","12"" Water Main Restraining Device",EACH,451,sd_sddot_item_catalog_2026_07_27,true
sd_sddot_451E0696_v20260727,sd_sddot_451E0696,2026-07-27,,"14"" Water Main Restraining Device","14"" Water Main Restraining Device",EACH,451,sd_sddot_item_catalog_2026_07_27,true
sd_sddot_451E0697_v20260727,sd_sddot_451E0697,2026-07-27,,"16"" Water Main Restraining Device","16"" Water Main Restraining Device",EACH,451,sd_sddot_item_catalog_2026_07_27,true
sd_sddot_451E0698_v20260727,sd_sddot_451E0698,2026-07-27,,"20"" Water Main Restraining Device","20"" Water Main Restraining Device",EACH,451,sd_sddot_item_catalog_2026_07_27,true
sd_sddot_451E0699_v20260727,sd_sddot_451E0699,2026-07-27,,"24"" Water Main Restraining Device","24"" Water Main Restraining Device",EACH,451,sd_sddot_item_catalog_2026_07_27,true
sd_sddot_451E0700_v20260727,sd_sddot_451E0700,2026-07-27,,"30"" Water Main Restraining Device","30"" Water Main Restraining Device",EACH,451,sd_sddot_item_catalog_2026_07_27,true
sd_sddot_451E0704_v20260727,sd_sddot_451E0704,2026-07-27,,"4"" Ductile Iron Water Main","4"" Ductile Iron Water Main",FT,451,sd_sddot_item_catalog_2026_07_27,true
sd_sddot_451E0706_v20260727,sd_sddot_451E0706,2026-07-27,,"6"" Ductile Iron Water Main","6"" Ductile Iron Water Main",FT,451,sd_sddot_item_catalog_2026_07_27,true
sd_sddot_451E0708_v20260727,sd_sddot_451E0708,2026-07-27,,"8"" Ductile Iron Water Main","8"" Ductile Iron Water Main",FT,451,sd_sddot_item_catalog_2026_07_27,true
sd_sddot_451E0710_v20260727,sd_sddot_451E0710,2026-07-27,,"10"" Ductile Iron Water Main","10"" Ductile Iron Water Main",FT,451,sd_sddot_item_catalog_2026_07_27,true
sd_sddot_451E0712_v20260727,sd_sddot_451E0712,2026-07-27,,"12"" Ductile Iron Water Main","12"" Ductile Iron Water Main",FT,451,sd_sddot_item_catalog_2026_07_27,true
sd_sddot_451E0714_v20260727,sd_sddot_451E0714,2026-07-27,,"14"" Ductile Iron Water Main","14"" Ductile Iron Water Main",FT,451,sd_sddot_item_catalog_2026_07_27,true
sd_sddot_451E0716_v20260727,sd_sddot_451E0716,2026-07-27,,"16"" Ductile Iron Water Main","16"" Ductile Iron Water Main",FT,451,sd_sddot_item_catalog_2026_07_27,true
sd_sddot_451E0718_v20260727,sd_sddot_451E0718,2026-07-27,,"18"" Ductile Iron Water Main","18"" Ductile Iron Water Main",FT,451,sd_sddot_item_catalog_2026_07_27,true
sd_sddot_451E0720_v20260727,sd_sddot_451E0720,2026-07-27,,"20"" Ductile Iron Water Main","20"" Ductile Iron Water Main",FT,451,sd_sddot_item_catalog_2026_07_27,true
sd_sddot_451E0724_v20260727,sd_sddot_451E0724,2026-07-27,,"24"" Ductile Iron Water Main","24"" Ductile Iron Water Main",FT,451,sd_sddot_item_catalog_2026_07_27,true
sd_sddot_451E0730_v20260727,sd_sddot_451E0730,2026-07-27,,"30"" Ductile Iron Water Main","30"" Ductile Iron Water Main",FT,451,sd_sddot_item_catalog_2026_07_27,true
sd_sddot_451E0736_v20260727,sd_sddot_451E0736,2026-07-27,,"36"" Ductile Iron Water Main","36"" Ductile Iron Water Main",FT,451,sd_sddot_item_catalog_2026_07_27,true
sd_sddot_451E0756_v20260727,sd_sddot_451E0756,2026-07-27,,"6"" Ductile Iron Restrained Joint Water Main","6"" Ductile Iron Restrained Joint Water Main",FT,451,sd_sddot_item_catalog_2026_07_27,true
sd_sddot_451E0758_v20260727,sd_sddot_451E0758,2026-07-27,,"8"" Ductile Iron Restrained Joint Water Main","8"" Ductile Iron Restrained Joint Water Main",FT,451,sd_sddot_item_catalog_2026_07_27,true
sd_sddot_451E0762_v20260727,sd_sddot_451E0762,2026-07-27,,"12"" Ductile Iron Restrained Joint Water Main","12"" Ductile Iron Restrained Joint Water Main",FT,451,sd_sddot_item_catalog_2026_07_27,true
sd_sddot_451E0766_v20260727,sd_sddot_451E0766,2026-07-27,,"16"" Ductile Iron Restrained Joint Water Main","16"" Ductile Iron Restrained Joint Water Main",FT,451,sd_sddot_item_catalog_2026_07_27,true
sd_sddot_451E0774_v20260727,sd_sddot_451E0774,2026-07-27,,"24"" Ductile Iron Restrained Joint Water Main","24"" Ductile Iron Restrained Joint Water Main",FT,451,sd_sddot_item_catalog_2026_07_27,true
sd_sddot_451E0780_v20260727,sd_sddot_451E0780,2026-07-27,,"30"" Ductile Iron Restrained Joint Water Main","30"" Ductile Iron Restrained Joint Water Main",FT,451,sd_sddot_item_catalog_2026_07_27,true
sd_sddot_451E0800_v20260727,sd_sddot_451E0800,2026-07-27,,"0.75"" Copper Pipe","0.75"" Copper Pipe",FT,451,sd_sddot_item_catalog_2026_07_27,true
sd_sddot_451E0802_v20260727,sd_sddot_451E0802,2026-07-27,,"1"" Copper Pipe","1"" Copper Pipe",FT,451,sd_sddot_item_catalog_2026_07_27,true
sd_sddot_451E0804_v20260727,sd_sddot_451E0804,2026-07-27,,"1.25"" Copper Pipe","1.25"" Copper Pipe",FT,451,sd_sddot_item_catalog_2026_07_27,true
sd_sddot_451E0806_v20260727,sd_sddot_451E0806,2026-07-27,,"1.5"" Copper Pipe","1.5"" Copper Pipe",FT,451,sd_sddot_item_catalog_2026_07_27,true
sd_sddot_451E0808_v20260727,sd_sddot_451E0808,2026-07-27,,"2"" Copper Pipe","2"" Copper Pipe",FT,451,sd_sddot_item_catalog_2026_07_27,true
sd_sddot_451E0814_v20260727,sd_sddot_451E0814,2026-07-27,,"4"" Copper Pipe","4"" Copper Pipe",FT,451,sd_sddot_item_catalog_2026_07_27,true
sd_sddot_451E0870_v20260727,sd_sddot_451E0870,2026-07-27,,"20"" Steel Water Main","20"" Steel Water Main",FT,451,sd_sddot_item_catalog_2026_07_27,true
sd_sddot_451E0872_v20260727,sd_sddot_451E0872,2026-07-27,,"24"" Steel Water Main","24"" Steel Water Main",FT,451,sd_sddot_item_catalog_2026_07_27,true
sd_sddot_451E0958_v20260727,sd_sddot_451E0958,2026-07-27,,"8"" PVC Restrained Joint Sewer Main","8"" PVC Restrained Joint Sewer Main",FT,451,sd_sddot_item_catalog_2026_07_27,true
sd_sddot_451E0960_v20260727,sd_sddot_451E0960,2026-07-27,,"10"" PVC Restrained Joint Sewer Main","10"" PVC Restrained Joint Sewer Main",FT,451,sd_sddot_item_catalog_2026_07_27,true
sd_sddot_451E0962_v20260727,sd_sddot_451E0962,2026-07-27,,"12"" PVC Restrained Joint Sewer Main","12"" PVC Restrained Joint Sewer Main",FT,451,sd_sddot_item_catalog_2026_07_27,true
sd_sddot_451E0964_v20260727,sd_sddot_451E0964,2026-07-27,,"14"" PVC Restrained Joint Sewer Main","14"" PVC Restrained Joint Sewer Main",FT,451,sd_sddot_item_catalog_2026_07_27,true
sd_sddot_451E0965_v20260727,sd_sddot_451E0965,2026-07-27,,"15"" PVC Restrained Joint Sewer Main","15"" PVC Restrained Joint Sewer Main",FT,451,sd_sddot_item_catalog_2026_07_27,true
sd_sddot_451E1004_v20260727,sd_sddot_451E1004,2026-07-27,,"4"" PVC Sewer Pipe","4"" PVC Sewer Pipe",FT,451,sd_sddot_item_catalog_2026_07_27,true
sd_sddot_451E1006_v20260727,sd_sddot_451E1006,2026-07-27,,"6"" PVC Sewer Pipe","6"" PVC Sewer Pipe",FT,451,sd_sddot_item_catalog_2026_07_27,true
sd_sddot_451E1008_v20260727,sd_sddot_451E1008,2026-07-27,,"8"" PVC Sewer Pipe","8"" PVC Sewer Pipe",FT,451,sd_sddot_item_catalog_2026_07_27,true
sd_sddot_451E1010_v20260727,sd_sddot_451E1010,2026-07-27,,"10"" PVC Sewer Pipe","10"" PVC Sewer Pipe",FT,451,sd_sddot_item_catalog_2026_07_27,true
sd_sddot_451E1012_v20260727,sd_sddot_451E1012,2026-07-27,,"12"" PVC Sewer Pipe","12"" PVC Sewer Pipe",FT,451,sd_sddot_item_catalog_2026_07_27,true
sd_sddot_451E1014_v20260727,sd_sddot_451E1014,2026-07-27,,"14"" PVC Sewer Pipe","14"" PVC Sewer Pipe",FT,451,sd_sddot_item_catalog_2026_07_27,true
sd_sddot_451E1015_v20260727,sd_sddot_451E1015,2026-07-27,,"15"" PVC Sewer Pipe","15"" PVC Sewer Pipe",FT,451,sd_sddot_item_catalog_2026_07_27,true
sd_sddot_451E1016_v20260727,sd_sddot_451E1016,2026-07-27,,"16"" PVC Sewer Pipe","16"" PVC Sewer Pipe",FT,451,sd_sddot_item_catalog_2026_07_27,true
sd_sddot_451E1018_v20260727,sd_sddot_451E1018,2026-07-27,,"18"" PVC Sewer Pipe","18"" PVC Sewer Pipe",FT,451,sd_sddot_item_catalog_2026_07_27,true
sd_sddot_451E1021_v20260727,sd_sddot_451E1021,2026-07-27,,"21"" PVC Sewer Pipe","21"" PVC Sewer Pipe",FT,451,sd_sddot_item_catalog_2026_07_27,true
sd_sddot_451E1024_v20260727,sd_sddot_451E1024,2026-07-27,,"24"" PVC Sewer Pipe","24"" PVC Sewer Pipe",FT,451,sd_sddot_item_catalog_2026_07_27,true
sd_sddot_451E1054_v20260727,sd_sddot_451E1054,2026-07-27,,"4"" Ductile Iron Sewer Pipe","4"" Ductile Iron Sewer Pipe",FT,451,sd_sddot_item_catalog_2026_07_27,true
sd_sddot_451E1056_v20260727,sd_sddot_451E1056,2026-07-27,,"6"" Ductile Iron Sewer Pipe","6"" Ductile Iron Sewer Pipe",FT,451,sd_sddot_item_catalog_2026_07_27,true
sd_sddot_451E1058_v20260727,sd_sddot_451E1058,2026-07-27,,"8"" Ductile Iron Sewer Pipe","8"" Ductile Iron Sewer Pipe",FT,451,sd_sddot_item_catalog_2026_07_27,true
sd_sddot_451E1060_v20260727,sd_sddot_451E1060,2026-07-27,,"10"" Ductile Iron Sewer Pipe","10"" Ductile Iron Sewer Pipe",FT,451,sd_sddot_item_catalog_2026_07_27,true
sd_sddot_451E1066_v20260727,sd_sddot_451E1066,2026-07-27,,"16"" Ductile Iron Sewer Pipe","16"" Ductile Iron Sewer Pipe",FT,451,sd_sddot_item_catalog_2026_07_27,true
sd_sddot_451E1086_v20260727,sd_sddot_451E1086,2026-07-27,,16” Ductile Iron Restrained Joint Sewer Pipe,16” Ductile Iron Restrained Joint Sewer Pipe,FT,451,sd_sddot_item_catalog_2026_07_27,true
sd_sddot_451E1102_v20260727,sd_sddot_451E1102,2026-07-27,,"2"" PVC Force Main","2"" PVC Force Main",FT,451,sd_sddot_item_catalog_2026_07_27,true
sd_sddot_451E1103_v20260727,sd_sddot_451E1103,2026-07-27,,"3"" PVC Force Main","3"" PVC Force Main",FT,451,sd_sddot_item_catalog_2026_07_27,true
sd_sddot_451E1104_v20260727,sd_sddot_451E1104,2026-07-27,,"4"" PVC Force Main","4"" PVC Force Main",FT,451,sd_sddot_item_catalog_2026_07_27,true
sd_sddot_451E1106_v20260727,sd_sddot_451E1106,2026-07-27,,"6"" PVC Force Main","6"" PVC Force Main",FT,451,sd_sddot_item_catalog_2026_07_27,true
sd_sddot_451E1108_v20260727,sd_sddot_451E1108,2026-07-27,,"8"" PVC Force Main","8"" PVC Force Main",FT,451,sd_sddot_item_catalog_2026_07_27,true
sd_sddot_451E1110_v20260727,sd_sddot_451E1110,2026-07-27,,"10"" PVC Force Main","10"" PVC Force Main",FT,451,sd_sddot_item_catalog_2026_07_27,true
sd_sddot_451E1204_v20260727,sd_sddot_451E1204,2026-07-27,,"4"" Sewer Service","4"" Sewer Service",FT,451,sd_sddot_item_catalog_2026_07_27,true
sd_sddot_451E1206_v20260727,sd_sddot_451E1206,2026-07-27,,"6"" Sewer Service","6"" Sewer Service",FT,451,sd_sddot_item_catalog_2026_07_27,true
sd_sddot_451E1254_v20260727,sd_sddot_451E1254,2026-07-27,,"4"" Sewer Service Riser Pipe","4"" Sewer Service Riser Pipe",FT,451,sd_sddot_item_catalog_2026_07_27,true
sd_sddot_451E1256_v20260727,sd_sddot_451E1256,2026-07-27,,"6"" Sewer Service Riser Pipe","6"" Sewer Service Riser Pipe",FT,451,sd_sddot_item_catalog_2026_07_27,true
sd_sddot_451E1257_v20260727,sd_sddot_451E1257,2026-07-27,,"6"" Sewer Service Riser Pipe","6"" Sewer Service Riser Pipe",EACH,451,sd_sddot_item_catalog_2026_07_27,true
sd_sddot_451E1275_v20260727,sd_sddot_451E1275,2026-07-27,,"1"" Water Service","1"" Water Service",EACH,451,sd_sddot_item_catalog_2026_07_27,true
sd_sddot_451E1277_v20260727,sd_sddot_451E1277,2026-07-27,,"1.5"" Water Service","1.5"" Water Service",EACH,451,sd_sddot_item_catalog_2026_07_27,true
sd_sddot_451E1278_v20260727,sd_sddot_451E1278,2026-07-27,,"2"" Water Service","2"" Water Service",EACH,451,sd_sddot_item_catalog_2026_07_27,true
sd_sddot_451E1283_v20260727,sd_sddot_451E1283,2026-07-27,,"4"" Water Service","4"" Water Service",EACH,451,sd_sddot_item_catalog_2026_07_27,true
sd_sddot_451E1302_v20260727,sd_sddot_451E1302,2026-07-27,,"1"" Water Service Bypass","1"" Water Service Bypass",FT,451,sd_sddot_item_catalog_2026_07_27,true
sd_sddot_451E1304_v20260727,sd_sddot_451E1304,2026-07-27,,"1.25"" Water Service Bypass","1.25"" Water Service Bypass",FT,451,sd_sddot_item_catalog_2026_07_27,true
sd_sddot_451E1306_v20260727,sd_sddot_451E1306,2026-07-27,,"1.5"" Water Service Bypass","1.5"" Water Service Bypass",FT,451,sd_sddot_item_catalog_2026_07_27,true
sd_sddot_451E1308_v20260727,sd_sddot_451E1308,2026-07-27,,"2"" Water Service Bypass","2"" Water Service Bypass",FT,451,sd_sddot_item_catalog_2026_07_27,true
sd_sddot_451E1310_v20260727,sd_sddot_451E1310,2026-07-27,,"4"" Water Service Bypass","4"" Water Service Bypass",FT,451,sd_sddot_item_catalog_2026_07_27,true
sd_sddot_451E1400_v20260727,sd_sddot_451E1400,2026-07-27,,"6"" Pig Launch Assembly","6"" Pig Launch Assembly",EACH,451,sd_sddot_item_catalog_2026_07_27,true
sd_sddot_451E1500_v20260727,sd_sddot_451E1500,2026-07-27,,Sanitary Sewer Service Cleanout,Sanitary Sewer Service Cleanout,EACH,451,sd_sddot_item_catalog_2026_07_27,true
sd_sddot_451E1504_v20260727,sd_sddot_451E1504,2026-07-27,,"4"" Sanitary Sewer Service Cleanout","4"" Sanitary Sewer Service Cleanout",EACH,451,sd_sddot_item_catalog_2026_07_27,true
sd_sddot_451E1506_v20260727,sd_sddot_451E1506,2026-07-27,,"6"" Sanitary Sewer Service Cleanout","6"" Sanitary Sewer Service Cleanout",EACH,451,sd_sddot_item_catalog_2026_07_27,true
sd_sddot_451E1508_v20260727,sd_sddot_451E1508,2026-07-27,,"8"" Sanitary Sewer Service Cleanout","8"" Sanitary Sewer Service Cleanout",EACH,451,sd_sddot_item_catalog_2026_07_27,true
sd_sddot_451E1550_v20260727,sd_sddot_451E1550,2026-07-27,,Sanitary Sewer Video Inspection,Sanitary Sewer Video Inspection,FT,451,sd_sddot_item_catalog_2026_07_27,true
sd_sddot_451E1600_v20260727,sd_sddot_451E1600,2026-07-27,,Lift Station,Lift Station,EACH,451,sd_sddot_item_catalog_2026_07_27,true
sd_sddot_451E2000_v20260727,sd_sddot_451E2000,2026-07-27,,Pipe Wye,Pipe Wye,EACH,451,sd_sddot_item_catalog_2026_07_27,true
sd_sddot_451E2006_v20260727,sd_sddot_451E2006,2026-07-27,,"6""x4"" Pipe Wye","6""x4"" Pipe Wye",EACH,451,sd_sddot_item_catalog_2026_07_27,true
sd_sddot_451E2007_v20260727,sd_sddot_451E2007,2026-07-27,,"6""x6"" Pipe Wye","6""x6"" Pipe Wye",EACH,451,sd_sddot_item_catalog_2026_07_27,true
sd_sddot_451E2012_v20260727,sd_sddot_451E2012,2026-07-27,,"8""x4"" Pipe Wye","8""x4"" Pipe Wye",EACH,451,sd_sddot_item_catalog_2026_07_27,true
sd_sddot_451E2013_v20260727,sd_sddot_451E2013,2026-07-27,,"8""x6"" Pipe Wye","8""x6"" Pipe Wye",EACH,451,sd_sddot_item_catalog_2026_07_27,true
sd_sddot_451E2014_v20260727,sd_sddot_451E2014,2026-07-27,,"8""x8"" Pipe Wye","8""x8"" Pipe Wye",EACH,451,sd_sddot_item_catalog_2026_07_27,true
sd_sddot_451E2020_v20260727,sd_sddot_451E2020,2026-07-27,,"10""x4"" Pipe Wye","10""x4"" Pipe Wye",EACH,451,sd_sddot_item_catalog_2026_07_27,true
sd_sddot_451E2021_v20260727,sd_sddot_451E2021,2026-07-27,,"10""x6"" Pipe Wye","10""x6"" Pipe Wye",EACH,451,sd_sddot_item_catalog_2026_07_27,true
sd_sddot_451E2022_v20260727,sd_sddot_451E2022,2026-07-27,,"10""x8"" Pipe Wye","10""x8"" Pipe Wye",EACH,451,sd_sddot_item_catalog_2026_07_27,true
sd_sddot_451E2030_v20260727,sd_sddot_451E2030,2026-07-27,,"12""x4"" Pipe Wye","12""x4"" Pipe Wye",EACH,451,sd_sddot_item_catalog_2026_07_27,true
sd_sddot_451E2031_v20260727,sd_sddot_451E2031,2026-07-27,,"12""x6"" Pipe Wye","12""x6"" Pipe Wye",EACH,451,sd_sddot_item_catalog_2026_07_27,true
sd_sddot_451E2032_v20260727,sd_sddot_451E2032,2026-07-27,,"12""x8"" Pipe Wye","12""x8"" Pipe Wye",EACH,451,sd_sddot_item_catalog_2026_07_27,true
sd_sddot_451E2033_v20260727,sd_sddot_451E2033,2026-07-27,,"12""x10"" Pipe Wye","12""x10"" Pipe Wye",EACH,451,sd_sddot_item_catalog_2026_07_27,true
sd_sddot_451E2040_v20260727,sd_sddot_451E2040,2026-07-27,,"15""x4"" Pipe Wye","15""x4"" Pipe Wye",EACH,451,sd_sddot_item_catalog_2026_07_27,true
sd_sddot_451E2041_v20260727,sd_sddot_451E2041,2026-07-27,,"15""x6"" Pipe Wye","15""x6"" Pipe Wye",EACH,451,sd_sddot_item_catalog_2026_07_27,true
sd_sddot_451E2042_v20260727,sd_sddot_451E2042,2026-07-27,,"15""x8"" Pipe Wye","15""x8"" Pipe Wye",EACH,451,sd_sddot_item_catalog_2026_07_27,true
sd_sddot_451E2050_v20260727,sd_sddot_451E2050,2026-07-27,,"16""x4"" Pipe Wye","16""x4"" Pipe Wye",EACH,451,sd_sddot_item_catalog_2026_07_27,true
sd_sddot_451E2051_v20260727,sd_sddot_451E2051,2026-07-27,,"16""x6"" Pipe Wye","16""x6"" Pipe Wye",EACH,451,sd_sddot_item_catalog_2026_07_27,true
sd_sddot_451E2052_v20260727,sd_sddot_451E2052,2026-07-27,,"16""x8"" Pipe Wye","16""x8"" Pipe Wye",EACH,451,sd_sddot_item_catalog_2026_07_27,true
sd_sddot_451E2060_v20260727,sd_sddot_451E2060,2026-07-27,,"18""x4"" Pipe Wye","18""x4"" Pipe Wye",EACH,451,sd_sddot_item_catalog_2026_07_27,true
sd_sddot_451E2061_v20260727,sd_sddot_451E2061,2026-07-27,,"18""x6"" Pipe Wye","18""x6"" Pipe Wye",EACH,451,sd_sddot_item_catalog_2026_07_27,true
sd_sddot_451E2062_v20260727,sd_sddot_451E2062,2026-07-27,,"18""x8"" Pipe Wye","18""x8"" Pipe Wye",EACH,451,sd_sddot_item_catalog_2026_07_27,true
sd_sddot_451E2100_v20260727,sd_sddot_451E2100,2026-07-27,,Pipe Double Wye,Pipe Double Wye,EACH,451,sd_sddot_item_catalog_2026_07_27,true
sd_sddot_451E2200_v20260727,sd_sddot_451E2200,2026-07-27,,Pipe Tee,Pipe Tee,EACH,451,sd_sddot_item_catalog_2026_07_27,true
sd_sddot_451E2204_v20260727,sd_sddot_451E2204,2026-07-27,,"4""x3"" Pipe Tee","4""x3"" Pipe Tee",EACH,451,sd_sddot_item_catalog_2026_07_27,true
sd_sddot_451E2205_v20260727,sd_sddot_451E2205,2026-07-27,,"4""x4"" Pipe Tee","4""x4"" Pipe Tee",EACH,451,sd_sddot_item_catalog_2026_07_27,true
sd_sddot_451E2206_v20260727,sd_sddot_451E2206,2026-07-27,,"6""x4"" Pipe Tee","6""x4"" Pipe Tee",EACH,451,sd_sddot_item_catalog_2026_07_27,true
sd_sddot_451E2207_v20260727,sd_sddot_451E2207,2026-07-27,,"6""x6"" Pipe Tee","6""x6"" Pipe Tee",EACH,451,sd_sddot_item_catalog_2026_07_27,true
sd_sddot_451E2212_v20260727,sd_sddot_451E2212,2026-07-27,,"8""x4"" Pipe Tee","8""x4"" Pipe Tee",EACH,451,sd_sddot_item_catalog_2026_07_27,true
sd_sddot_451E2213_v20260727,sd_sddot_451E2213,2026-07-27,,"8""x6"" Pipe Tee","8""x6"" Pipe Tee",EACH,451,sd_sddot_item_catalog_2026_07_27,true
sd_sddot_451E2214_v20260727,sd_sddot_451E2214,2026-07-27,,"8""x8"" Pipe Tee","8""x8"" Pipe Tee",EACH,451,sd_sddot_item_catalog_2026_07_27,true
sd_sddot_451E2219_v20260727,sd_sddot_451E2219,2026-07-27,,"10""x3"" Pipe Tee","10""x3"" Pipe Tee",EACH,451,sd_sddot_item_catalog_2026_07_27,true
sd_sddot_451E2220_v20260727,sd_sddot_451E2220,2026-07-27,,"10""x4"" Pipe Tee","10""x4"" Pipe Tee",EACH,451,sd_sddot_item_catalog_2026_07_27,true
sd_sddot_451E2221_v20260727,sd_sddot_451E2221,2026-07-27,,"10""x6"" Pipe Tee","10""x6"" Pipe Tee",EACH,451,sd_sddot_item_catalog_2026_07_27,true
sd_sddot_451E2222_v20260727,sd_sddot_451E2222,2026-07-27,,"10""x8"" Pipe Tee","10""x8"" Pipe Tee",EACH,451,sd_sddot_item_catalog_2026_07_27,true
sd_sddot_451E2223_v20260727,sd_sddot_451E2223,2026-07-27,,"10""x10"" Pipe Tee","10""x10"" Pipe Tee",EACH,451,sd_sddot_item_catalog_2026_07_27,true
sd_sddot_451E2230_v20260727,sd_sddot_451E2230,2026-07-27,,"12""x4"" Pipe Tee","12""x4"" Pipe Tee",EACH,451,sd_sddot_item_catalog_2026_07_27,true
sd_sddot_451E2231_v20260727,sd_sddot_451E2231,2026-07-27,,"12""x6"" Pipe Tee","12""x6"" Pipe Tee",EACH,451,sd_sddot_item_catalog_2026_07_27,true
sd_sddot_451E2232_v20260727,sd_sddot_451E2232,2026-07-27,,"12""x8"" Pipe Tee","12""x8"" Pipe Tee",EACH,451,sd_sddot_item_catalog_2026_07_27,true
sd_sddot_451E2233_v20260727,sd_sddot_451E2233,2026-07-27,,"12""x10"" Pipe Tee","12""x10"" Pipe Tee",EACH,451,sd_sddot_item_catalog_2026_07_27,true
sd_sddot_451E2234_v20260727,sd_sddot_451E2234,2026-07-27,,"12""x12"" Pipe Tee","12""x12"" Pipe Tee",EACH,451,sd_sddot_item_catalog_2026_07_27,true
sd_sddot_451E2239_v20260727,sd_sddot_451E2239,2026-07-27,,"14""x3"" Pipe Tee","14""x3"" Pipe Tee",EACH,451,sd_sddot_item_catalog_2026_07_27,true
sd_sddot_451E2240_v20260727,sd_sddot_451E2240,2026-07-27,,"14""x4"" Pipe Tee","14""x4"" Pipe Tee",EACH,451,sd_sddot_item_catalog_2026_07_27,true
sd_sddot_451E2241_v20260727,sd_sddot_451E2241,2026-07-27,,"14""x6"" Pipe Tee","14""x6"" Pipe Tee",EACH,451,sd_sddot_item_catalog_2026_07_27,true
sd_sddot_451E2242_v20260727,sd_sddot_451E2242,2026-07-27,,"14""x8"" Pipe Tee","14""x8"" Pipe Tee",EACH,451,sd_sddot_item_catalog_2026_07_27,true
sd_sddot_451E2243_v20260727,sd_sddot_451E2243,2026-07-27,,"14""x10"" Pipe Tee","14""x10"" Pipe Tee",EACH,451,sd_sddot_item_catalog_2026_07_27,true
sd_sddot_451E2245_v20260727,sd_sddot_451E2245,2026-07-27,,"14""x14"" Pipe Tee","14""x14"" Pipe Tee",EACH,451,sd_sddot_item_catalog_2026_07_27,true
sd_sddot_451E2250_v20260727,sd_sddot_451E2250,2026-07-27,,"16""x4"" Pipe Tee","16""x4"" Pipe Tee",EACH,451,sd_sddot_item_catalog_2026_07_27,true
sd_sddot_451E2251_v20260727,sd_sddot_451E2251,2026-07-27,,"16""x6"" Pipe Tee","16""x6"" Pipe Tee",EACH,451,sd_sddot_item_catalog_2026_07_27,true
sd_sddot_451E2252_v20260727,sd_sddot_451E2252,2026-07-27,,"16""x8"" Pipe Tee","16""x8"" Pipe Tee",EACH,451,sd_sddot_item_catalog_2026_07_27,true
sd_sddot_451E2253_v20260727,sd_sddot_451E2253,2026-07-27,,"16""x10"" Pipe Tee","16""x10"" Pipe Tee",EACH,451,sd_sddot_item_catalog_2026_07_27,true
sd_sddot_451E2254_v20260727,sd_sddot_451E2254,2026-07-27,,"16""x12"" Pipe Tee","16""x12"" Pipe Tee",EACH,451,sd_sddot_item_catalog_2026_07_27,true
sd_sddot_451E2255_v20260727,sd_sddot_451E2255,2026-07-27,,"16""x14"" Pipe Tee","16""x14"" Pipe Tee",EACH,451,sd_sddot_item_catalog_2026_07_27,true
sd_sddot_451E2256_v20260727,sd_sddot_451E2256,2026-07-27,,"16""x16"" Pipe Tee","16""x16"" Pipe Tee",EACH,451,sd_sddot_item_catalog_2026_07_27,true
sd_sddot_451E2270_v20260727,sd_sddot_451E2270,2026-07-27,,"20""x4"" Pipe Tee","20""x4"" Pipe Tee",EACH,451,sd_sddot_item_catalog_2026_07_27,true
sd_sddot_451E2271_v20260727,sd_sddot_451E2271,2026-07-27,,"20""x6"" Pipe Tee","20""x6"" Pipe Tee",EACH,451,sd_sddot_item_catalog_2026_07_27,true
sd_sddot_451E2272_v20260727,sd_sddot_451E2272,2026-07-27,,"20""x8"" Pipe Tee","20""x8"" Pipe Tee",EACH,451,sd_sddot_item_catalog_2026_07_27,true
sd_sddot_451E2273_v20260727,sd_sddot_451E2273,2026-07-27,,"20""x10"" Pipe Tee","20""x10"" Pipe Tee",EACH,451,sd_sddot_item_catalog_2026_07_27,true
sd_sddot_451E2274_v20260727,sd_sddot_451E2274,2026-07-27,,"20""x12"" Pipe Tee","20""x12"" Pipe Tee",EACH,451,sd_sddot_item_catalog_2026_07_27,true
sd_sddot_451E2275_v20260727,sd_sddot_451E2275,2026-07-27,,"20""x14"" Pipe Tee","20""x14"" Pipe Tee",EACH,451,sd_sddot_item_catalog_2026_07_27,true
sd_sddot_451E2276_v20260727,sd_sddot_451E2276,2026-07-27,,"20""x16"" Pipe Tee","20""x16"" Pipe Tee",EACH,451,sd_sddot_item_catalog_2026_07_27,true
sd_sddot_451E2277_v20260727,sd_sddot_451E2277,2026-07-27,,"20""x18"" Pipe Tee","20""x18"" Pipe Tee",EACH,451,sd_sddot_item_catalog_2026_07_27,true
sd_sddot_451E2278_v20260727,sd_sddot_451E2278,2026-07-27,,"20""x20"" Pipe Tee","20""x20"" Pipe Tee",EACH,451,sd_sddot_item_catalog_2026_07_27,true
sd_sddot_451E2280_v20260727,sd_sddot_451E2280,2026-07-27,,"24""x6"" Pipe Tee","24""x6"" Pipe Tee",EACH,451,sd_sddot_item_catalog_2026_07_27,true
sd_sddot_451E2281_v20260727,sd_sddot_451E2281,2026-07-27,,"24""x8"" Pipe Tee","24""x8"" Pipe Tee",EACH,451,sd_sddot_item_catalog_2026_07_27,true
sd_sddot_451E2282_v20260727,sd_sddot_451E2282,2026-07-27,,"24""x10"" Pipe Tee","24""x10"" Pipe Tee",EACH,451,sd_sddot_item_catalog_2026_07_27,true
sd_sddot_451E2283_v20260727,sd_sddot_451E2283,2026-07-27,,"24""x12"" Pipe Tee","24""x12"" Pipe Tee",EACH,451,sd_sddot_item_catalog_2026_07_27,true
sd_sddot_451E2285_v20260727,sd_sddot_451E2285,2026-07-27,,"24""x16"" Pipe Tee","24""x16"" Pipe Tee",EACH,451,sd_sddot_item_catalog_2026_07_27,true
sd_sddot_451E2287_v20260727,sd_sddot_451E2287,2026-07-27,,"24""x20"" Pipe Tee","24""x20"" Pipe Tee",EACH,451,sd_sddot_item_catalog_2026_07_27,true
sd_sddot_451E2289_v20260727,sd_sddot_451E2289,2026-07-27,,"24""x24"" Pipe Tee","24""x24"" Pipe Tee",EACH,451,sd_sddot_item_catalog_2026_07_27,true
sd_sddot_451E2290_v20260727,sd_sddot_451E2290,2026-07-27,,"30""x6"" Pipe Tee","30""x6"" Pipe Tee",EACH,451,sd_sddot_item_catalog_2026_07_27,true
sd_sddot_451E2291_v20260727,sd_sddot_451E2291,2026-07-27,,"30""x8"" Pipe Tee","30""x8"" Pipe Tee",EACH,451,sd_sddot_item_catalog_2026_07_27,true
sd_sddot_451E2297_v20260727,sd_sddot_451E2297,2026-07-27,,"30""x20"" Pipe Tee","30""x20"" Pipe Tee",EACH,451,sd_sddot_item_catalog_2026_07_27,true
sd_sddot_451E2298_v20260727,sd_sddot_451E2298,2026-07-27,,"30""x24"" Pipe Tee","30""x24"" Pipe Tee",EACH,451,sd_sddot_item_catalog_2026_07_27,true
sd_sddot_451E2299_v20260727,sd_sddot_451E2299,2026-07-27,,"30""x30"" Pipe Tee","30""x30"" Pipe Tee",EACH,451,sd_sddot_item_catalog_2026_07_27,true
sd_sddot_451E2300_v20260727,sd_sddot_451E2300,2026-07-27,,Pipe Cross,Pipe Cross,EACH,451,sd_sddot_item_catalog_2026_07_27,true
sd_sddot_451E2304_v20260727,sd_sddot_451E2304,2026-07-27,,"4""x4"" Pipe Cross","4""x4"" Pipe Cross",EACH,451,sd_sddot_item_catalog_2026_07_27,true
sd_sddot_451E2306_v20260727,sd_sddot_451E2306,2026-07-27,,"6""x4"" Pipe Cross","6""x4"" Pipe Cross",EACH,451,sd_sddot_item_catalog_2026_07_27,true
sd_sddot_451E2307_v20260727,sd_sddot_451E2307,2026-07-27,,"6""x6"" Pipe Cross","6""x6"" Pipe Cross",EACH,451,sd_sddot_item_catalog_2026_07_27,true
sd_sddot_451E2312_v20260727,sd_sddot_451E2312,2026-07-27,,"8""x4"" Pipe Cross","8""x4"" Pipe Cross",EACH,451,sd_sddot_item_catalog_2026_07_27,true
sd_sddot_451E2313_v20260727,sd_sddot_451E2313,2026-07-27,,"8""x6"" Pipe Cross","8""x6"" Pipe Cross",EACH,451,sd_sddot_item_catalog_2026_07_27,true
sd_sddot_451E2314_v20260727,sd_sddot_451E2314,2026-07-27,,"8""x8"" Pipe Cross","8""x8"" Pipe Cross",EACH,451,sd_sddot_item_catalog_2026_07_27,true
sd_sddot_451E2320_v20260727,sd_sddot_451E2320,2026-07-27,,"10""x4"" Pipe Cross","10""x4"" Pipe Cross",EACH,451,sd_sddot_item_catalog_2026_07_27,true
sd_sddot_451E2321_v20260727,sd_sddot_451E2321,2026-07-27,,"10""x6"" Pipe Cross","10""x6"" Pipe Cross",EACH,451,sd_sddot_item_catalog_2026_07_27,true
sd_sddot_451E2322_v20260727,sd_sddot_451E2322,2026-07-27,,"10""x8"" Pipe Cross","10""x8"" Pipe Cross",EACH,451,sd_sddot_item_catalog_2026_07_27,true
sd_sddot_451E2323_v20260727,sd_sddot_451E2323,2026-07-27,,"10""x10"" Pipe Cross","10""x10"" Pipe Cross",EACH,451,sd_sddot_item_catalog_2026_07_27,true
sd_sddot_451E2330_v20260727,sd_sddot_451E2330,2026-07-27,,"12""x4"" Pipe Cross","12""x4"" Pipe Cross",EACH,451,sd_sddot_item_catalog_2026_07_27,true
sd_sddot_451E2331_v20260727,sd_sddot_451E2331,2026-07-27,,"12""x6"" Pipe Cross","12""x6"" Pipe Cross",EACH,451,sd_sddot_item_catalog_2026_07_27,true
sd_sddot_451E2332_v20260727,sd_sddot_451E2332,2026-07-27,,"12""x8"" Pipe Cross","12""x8"" Pipe Cross",EACH,451,sd_sddot_item_catalog_2026_07_27,true
sd_sddot_451E2333_v20260727,sd_sddot_451E2333,2026-07-27,,"12""x10"" Pipe Cross","12""x10"" Pipe Cross",EACH,451,sd_sddot_item_catalog_2026_07_27,true
sd_sddot_451E2334_v20260727,sd_sddot_451E2334,2026-07-27,,"12""x12"" Pipe Cross","12""x12"" Pipe Cross",EACH,451,sd_sddot_item_catalog_2026_07_27,true
sd_sddot_451E2341_v20260727,sd_sddot_451E2341,2026-07-27,,"14""x6"" Pipe Cross","14""x6"" Pipe Cross",EACH,451,sd_sddot_item_catalog_2026_07_27,true
sd_sddot_451E2343_v20260727,sd_sddot_451E2343,2026-07-27,,"14""x10"" Pipe Cross","14""x10"" Pipe Cross",EACH,451,sd_sddot_item_catalog_2026_07_27,true
sd_sddot_451E2344_v20260727,sd_sddot_451E2344,2026-07-27,,"14""x12"" Pipe Cross","14""x12"" Pipe Cross",EACH,451,sd_sddot_item_catalog_2026_07_27,true
sd_sddot_451E2345_v20260727,sd_sddot_451E2345,2026-07-27,,"14""x14"" Pipe Cross","14""x14"" Pipe Cross",EACH,451,sd_sddot_item_catalog_2026_07_27,true
sd_sddot_451E2350_v20260727,sd_sddot_451E2350,2026-07-27,,"16""x8"" Pipe Cross","16""x8"" Pipe Cross",EACH,451,sd_sddot_item_catalog_2026_07_27,true
sd_sddot_451E2352_v20260727,sd_sddot_451E2352,2026-07-27,,"16""x12"" Pipe Cross","16""x12"" Pipe Cross",EACH,451,sd_sddot_item_catalog_2026_07_27,true
sd_sddot_451E2356_v20260727,sd_sddot_451E2356,2026-07-27,,"16""x16"" Pipe Cross","16""x16"" Pipe Cross",EACH,451,sd_sddot_item_catalog_2026_07_27,true
sd_sddot_451E2373_v20260727,sd_sddot_451E2373,2026-07-27,,"20""x10"" Pipe Cross","20""x10"" Pipe Cross",EACH,451,sd_sddot_item_catalog_2026_07_27,true
sd_sddot_451E2374_v20260727,sd_sddot_451E2374,2026-07-27,,"20""x12"" Pipe Cross","20""x12"" Pipe Cross",EACH,451,sd_sddot_item_catalog_2026_07_27,true
sd_sddot_451E2376_v20260727,sd_sddot_451E2376,2026-07-27,,"20""x16"" Pipe Cross","20""x16"" Pipe Cross",EACH,451,sd_sddot_item_catalog_2026_07_27,true
sd_sddot_451E2378_v20260727,sd_sddot_451E2378,2026-07-27,,"20""x20"" Pipe Cross","20""x20"" Pipe Cross",EACH,451,sd_sddot_item_catalog_2026_07_27,true
sd_sddot_451E2381_v20260727,sd_sddot_451E2381,2026-07-27,,"24""x8"" Pipe Cross","24""x8"" Pipe Cross",EACH,451,sd_sddot_item_catalog_2026_07_27,true
sd_sddot_451E2382_v20260727,sd_sddot_451E2382,2026-07-27,,"24""x10"" Pipe Cross","24""x10"" Pipe Cross",EACH,451,sd_sddot_item_catalog_2026_07_27,true
sd_sddot_451E2383_v20260727,sd_sddot_451E2383,2026-07-27,,"24""x12"" Pipe Cross","24""x12"" Pipe Cross",EACH,451,sd_sddot_item_catalog_2026_07_27,true
sd_sddot_451E2385_v20260727,sd_sddot_451E2385,2026-07-27,,"24""x16"" Pipe Cross","24""x16"" Pipe Cross",EACH,451,sd_sddot_item_catalog_2026_07_27,true
sd_sddot_451E2391_v20260727,sd_sddot_451E2391,2026-07-27,,"30""x8"" Pipe Cross","30""x8"" Pipe Cross",EACH,451,sd_sddot_item_catalog_2026_07_27,true
sd_sddot_451E2393_v20260727,sd_sddot_451E2393,2026-07-27,,"30""x12"" Pipe Cross","30""x12"" Pipe Cross",EACH,451,sd_sddot_item_catalog_2026_07_27,true
sd_sddot_451E2396_v20260727,sd_sddot_451E2396,2026-07-27,,"30""x24"" Pipe Cross","30""x24"" Pipe Cross",EACH,451,sd_sddot_item_catalog_2026_07_27,true
sd_sddot_451E2399_v20260727,sd_sddot_451E2399,2026-07-27,,"30""x30"" Pipe Cross","30""x30"" Pipe Cross",EACH,451,sd_sddot_item_catalog_2026_07_27,true
sd_sddot_451E2400_v20260727,sd_sddot_451E2400,2026-07-27,,Pipe Reducer,Pipe Reducer,EACH,451,sd_sddot_item_catalog_2026_07_27,true
sd_sddot_451E2402_v20260727,sd_sddot_451E2402,2026-07-27,,"4""x2"" Pipe Reducer","4""x2"" Pipe Reducer",EACH,451,sd_sddot_item_catalog_2026_07_27,true
sd_sddot_451E2403_v20260727,sd_sddot_451E2403,2026-07-27,,"4""x3"" Pipe Reducer","4""x3"" Pipe Reducer",EACH,451,sd_sddot_item_catalog_2026_07_27,true
sd_sddot_451E2406_v20260727,sd_sddot_451E2406,2026-07-27,,"6""x4"" Pipe Reducer","6""x4"" Pipe Reducer",EACH,451,sd_sddot_item_catalog_2026_07_27,true
sd_sddot_451E2411_v20260727,sd_sddot_451E2411,2026-07-27,,"8""x2"" Pipe Reducer","8""x2"" Pipe Reducer",EACH,451,sd_sddot_item_catalog_2026_07_27,true
sd_sddot_451E2412_v20260727,sd_sddot_451E2412,2026-07-27,,"8""x4"" Pipe Reducer","8""x4"" Pipe Reducer",EACH,451,sd_sddot_item_catalog_2026_07_27,true
sd_sddot_451E2413_v20260727,sd_sddot_451E2413,2026-07-27,,"8""x6"" Pipe Reducer","8""x6"" Pipe Reducer",EACH,451,sd_sddot_item_catalog_2026_07_27,true
sd_sddot_451E2420_v20260727,sd_sddot_451E2420,2026-07-27,,"10""x4"" Pipe Reducer","10""x4"" Pipe Reducer",EACH,451,sd_sddot_item_catalog_2026_07_27,true
sd_sddot_451E2421_v20260727,sd_sddot_451E2421,2026-07-27,,"10""x6"" Pipe Reducer","10""x6"" Pipe Reducer",EACH,451,sd_sddot_item_catalog_2026_07_27,true
sd_sddot_451E2422_v20260727,sd_sddot_451E2422,2026-07-27,,"10""x8"" Pipe Reducer","10""x8"" Pipe Reducer",EACH,451,sd_sddot_item_catalog_2026_07_27,true
sd_sddot_451E2430_v20260727,sd_sddot_451E2430,2026-07-27,,"12""x4"" Pipe Reducer","12""x4"" Pipe Reducer",EACH,451,sd_sddot_item_catalog_2026_07_27,true
sd_sddot_451E2431_v20260727,sd_sddot_451E2431,2026-07-27,,"12""x6"" Pipe Reducer","12""x6"" Pipe Reducer",EACH,451,sd_sddot_item_catalog_2026_07_27,true
sd_sddot_451E2432_v20260727,sd_sddot_451E2432,2026-07-27,,"12""x8"" Pipe Reducer","12""x8"" Pipe Reducer",EACH,451,sd_sddot_item_catalog_2026_07_27,true
sd_sddot_451E2433_v20260727,sd_sddot_451E2433,2026-07-27,,"12""x10"" Pipe Reducer","12""x10"" Pipe Reducer",EACH,451,sd_sddot_item_catalog_2026_07_27,true
sd_sddot_451E2440_v20260727,sd_sddot_451E2440,2026-07-27,,"14""x4"" Pipe Reducer","14""x4"" Pipe Reducer",EACH,451,sd_sddot_item_catalog_2026_07_27,true
sd_sddot_451E2441_v20260727,sd_sddot_451E2441,2026-07-27,,"14""x6"" Pipe Reducer","14""x6"" Pipe Reducer",EACH,451,sd_sddot_item_catalog_2026_07_27,true
sd_sddot_451E2443_v20260727,sd_sddot_451E2443,2026-07-27,,"14""x10"" Pipe Reducer","14""x10"" Pipe Reducer",EACH,451,sd_sddot_item_catalog_2026_07_27,true
sd_sddot_451E2444_v20260727,sd_sddot_451E2444,2026-07-27,,"14""x12"" Pipe Reducer","14""x12"" Pipe Reducer",EACH,451,sd_sddot_item_catalog_2026_07_27,true
sd_sddot_451E2451_v20260727,sd_sddot_451E2451,2026-07-27,,"16""x6"" Pipe Reducer","16""x6"" Pipe Reducer",EACH,451,sd_sddot_item_catalog_2026_07_27,true
sd_sddot_451E2452_v20260727,sd_sddot_451E2452,2026-07-27,,"16""x8"" Pipe Reducer","16""x8"" Pipe Reducer",EACH,451,sd_sddot_item_catalog_2026_07_27,true
sd_sddot_451E2453_v20260727,sd_sddot_451E2453,2026-07-27,,"16""x10"" Pipe Reducer","16""x10"" Pipe Reducer",EACH,451,sd_sddot_item_catalog_2026_07_27,true
sd_sddot_451E2454_v20260727,sd_sddot_451E2454,2026-07-27,,"16""x12"" Pipe Reducer","16""x12"" Pipe Reducer",EACH,451,sd_sddot_item_catalog_2026_07_27,true
sd_sddot_451E2455_v20260727,sd_sddot_451E2455,2026-07-27,,"16""x14"" Pipe Reducer","16""x14"" Pipe Reducer",EACH,451,sd_sddot_item_catalog_2026_07_27,true
sd_sddot_451E2464_v20260727,sd_sddot_451E2464,2026-07-27,,"18""x12"" Pipe Reducer","18""x12"" Pipe Reducer",EACH,451,sd_sddot_item_catalog_2026_07_27,true
sd_sddot_451E2468_v20260727,sd_sddot_451E2468,2026-07-27,,"18""x16"" Pipe Reducer","18""x16"" Pipe Reducer",EACH,451,sd_sddot_item_catalog_2026_07_27,true
sd_sddot_451E2471_v20260727,sd_sddot_451E2471,2026-07-27,,"20""x6"" Pipe Reducer","20""x6"" Pipe Reducer",EACH,451,sd_sddot_item_catalog_2026_07_27,true
sd_sddot_451E2473_v20260727,sd_sddot_451E2473,2026-07-27,,"20""x10"" Pipe Reducer","20""x10"" Pipe Reducer",EACH,451,sd_sddot_item_catalog_2026_07_27,true
sd_sddot_451E2474_v20260727,sd_sddot_451E2474,2026-07-27,,"20""x12"" Pipe Reducer","20""x12"" Pipe Reducer",EACH,451,sd_sddot_item_catalog_2026_07_27,true
sd_sddot_451E2476_v20260727,sd_sddot_451E2476,2026-07-27,,"20""x16"" Pipe Reducer","20""x16"" Pipe Reducer",EACH,451,sd_sddot_item_catalog_2026_07_27,true
sd_sddot_451E2477_v20260727,sd_sddot_451E2477,2026-07-27,,"20""x18"" Pipe Reducer","20""x18"" Pipe Reducer",EACH,451,sd_sddot_item_catalog_2026_07_27,true
sd_sddot_451E2480_v20260727,sd_sddot_451E2480,2026-07-27,,"24""x6"" Pipe Reducer","24""x6"" Pipe Reducer",EACH,451,sd_sddot_item_catalog_2026_07_27,true
sd_sddot_451E2482_v20260727,sd_sddot_451E2482,2026-07-27,,"24""x12"" Pipe Reducer","24""x12"" Pipe Reducer",EACH,451,sd_sddot_item_catalog_2026_07_27,true
sd_sddot_451E2483_v20260727,sd_sddot_451E2483,2026-07-27,,"24""x16"" Pipe Reducer","24""x16"" Pipe Reducer",EACH,451,sd_sddot_item_catalog_2026_07_27,true
sd_sddot_451E2485_v20260727,sd_sddot_451E2485,2026-07-27,,"24""x18"" Pipe Reducer","24""x18"" Pipe Reducer",EACH,451,sd_sddot_item_catalog_2026_07_27,true
sd_sddot_451E2487_v20260727,sd_sddot_451E2487,2026-07-27,,"24""x20"" Pipe Reducer","24""x20"" Pipe Reducer",EACH,451,sd_sddot_item_catalog_2026_07_27,true
sd_sddot_451E2491_v20260727,sd_sddot_451E2491,2026-07-27,,"30""x6"" Pipe Reducer","30""x6"" Pipe Reducer",EACH,451,sd_sddot_item_catalog_2026_07_27,true
sd_sddot_451E2494_v20260727,sd_sddot_451E2494,2026-07-27,,"30""x12"" Pipe Reducer","30""x12"" Pipe Reducer",EACH,451,sd_sddot_item_catalog_2026_07_27,true
sd_sddot_451E2497_v20260727,sd_sddot_451E2497,2026-07-27,,"30""x20"" Pipe Reducer","30""x20"" Pipe Reducer",EACH,451,sd_sddot_item_catalog_2026_07_27,true
sd_sddot_451E2498_v20260727,sd_sddot_451E2498,2026-07-27,,"30""x24"" Pipe Reducer","30""x24"" Pipe Reducer",EACH,451,sd_sddot_item_catalog_2026_07_27,true
sd_sddot_451E2499_v20260727,sd_sddot_451E2499,2026-07-27,,"30""x16"" Pipe Reducer","30""x16"" Pipe Reducer",EACH,451,sd_sddot_item_catalog_2026_07_27,true
sd_sddot_451E2500_v20260727,sd_sddot_451E2500,2026-07-27,,Tapping Saddle,Tapping Saddle,EACH,451,sd_sddot_item_catalog_2026_07_27,true
sd_sddot_451E2550_v20260727,sd_sddot_451E2550,2026-07-27,,Smith Tap,Smith Tap,EACH,451,sd_sddot_item_catalog_2026_07_27,true
sd_sddot_451E2560_v20260727,sd_sddot_451E2560,2026-07-27,,"4"" Sewer Tap","4"" Sewer Tap",EACH,451,sd_sddot_item_catalog_2026_07_27,true
sd_sddot_451E2600_v20260727,sd_sddot_451E2600,2026-07-27,,Tapping Wye,Tapping Wye,EACH,451,sd_sddot_item_catalog_2026_07_27,true
sd_sddot_451E2700_v20260727,sd_sddot_451E2700,2026-07-27,,Tapping Tee,Tapping Tee,EACH,451,sd_sddot_item_catalog_2026_07_27,true
sd_sddot_451E2708_v20260727,sd_sddot_451E2708,2026-07-27,,"6""x3"" Tapping Tee","6""x3"" Tapping Tee",EACH,451,sd_sddot_item_catalog_2026_07_27,true
sd_sddot_451E2711_v20260727,sd_sddot_451E2711,2026-07-27,,"6""x6"" Tapping Tee","6""x6"" Tapping Tee",EACH,451,sd_sddot_item_catalog_2026_07_27,true
sd_sddot_451E2726_v20260727,sd_sddot_451E2726,2026-07-27,,"12""x4"" Tapping Tee","12""x4"" Tapping Tee",EACH,451,sd_sddot_item_catalog_2026_07_27,true
sd_sddot_451E2728_v20260727,sd_sddot_451E2728,2026-07-27,,"12""x6"" Tapping Tee","12""x6"" Tapping Tee",EACH,451,sd_sddot_item_catalog_2026_07_27,true
sd_sddot_451E2730_v20260727,sd_sddot_451E2730,2026-07-27,,"12""x8"" Tapping Tee","12""x8"" Tapping Tee",EACH,451,sd_sddot_item_catalog_2026_07_27,true
sd_sddot_451E2734_v20260727,sd_sddot_451E2734,2026-07-27,,"12""x12"" Tapping Tee","12""x12"" Tapping Tee",EACH,451,sd_sddot_item_catalog_2026_07_27,true
sd_sddot_451E2743_v20260727,sd_sddot_451E2743,2026-07-27,,"14""x8"" Tapping Tee","14""x8"" Tapping Tee",EACH,451,sd_sddot_item_catalog_2026_07_27,true
sd_sddot_451E2750_v20260727,sd_sddot_451E2750,2026-07-27,,"16""x8"" Tapping Tee","16""x8"" Tapping Tee",EACH,451,sd_sddot_item_catalog_2026_07_27,true
sd_sddot_451E2754_v20260727,sd_sddot_451E2754,2026-07-27,,"16""x12"" Tapping Tee","16""x12"" Tapping Tee",EACH,451,sd_sddot_item_catalog_2026_07_27,true
sd_sddot_451E2764_v20260727,sd_sddot_451E2764,2026-07-27,,"18""x12"" Tapping Tee","18""x12"" Tapping Tee",EACH,451,sd_sddot_item_catalog_2026_07_27,true
sd_sddot_451E2791_v20260727,sd_sddot_451E2791,2026-07-27,,"30""x8"" Tapping Tee","30""x8"" Tapping Tee",EACH,451,sd_sddot_item_catalog_2026_07_27,true
sd_sddot_451E2793_v20260727,sd_sddot_451E2793,2026-07-27,,"30""x12"" Tapping Tee","30""x12"" Tapping Tee",EACH,451,sd_sddot_item_catalog_2026_07_27,true
sd_sddot_451E2795_v20260727,sd_sddot_451E2795,2026-07-27,,"30""x16"" Tapping Tee","30""x16"" Tapping Tee",EACH,451,sd_sddot_item_catalog_2026_07_27,true
sd_sddot_451E2800_v20260727,sd_sddot_451E2800,2026-07-27,,"0.75"" Corporation Stop with Tapping Saddle","0.75"" Corporation Stop with Tapping Saddle",EACH,451,sd_sddot_item_catalog_2026_07_27,true
sd_sddot_451E2802_v20260727,sd_sddot_451E2802,2026-07-27,,"1"" Corporation Stop with Tapping Saddle","1"" Corporation Stop with Tapping Saddle",EACH,451,sd_sddot_item_catalog_2026_07_27,true
sd_sddot_451E2804_v20260727,sd_sddot_451E2804,2026-07-27,,"1.25"" Corporation Stop with Tapping Saddle","1.25"" Corporation Stop with Tapping Saddle",EACH,451,sd_sddot_item_catalog_2026_07_27,true
sd_sddot_451E2806_v20260727,sd_sddot_451E2806,2026-07-27,,"1.5"" Corporation Stop with Tapping Saddle","1.5"" Corporation Stop with Tapping Saddle",EACH,451,sd_sddot_item_catalog_2026_07_27,true
sd_sddot_451E2808_v20260727,sd_sddot_451E2808,2026-07-27,,"2"" Corporation Stop with Tapping Saddle","2"" Corporation Stop with Tapping Saddle",EACH,451,sd_sddot_item_catalog_2026_07_27,true
sd_sddot_451E2810_v20260727,sd_sddot_451E2810,2026-07-27,,"3"" Corporation Stop with Tapping Saddle","3"" Corporation Stop with Tapping Saddle",EACH,451,sd_sddot_item_catalog_2026_07_27,true
sd_sddot_451E2814_v20260727,sd_sddot_451E2814,2026-07-27,,"4"" Corporation Stop with Tapping Saddle","4"" Corporation Stop with Tapping Saddle",EACH,451,sd_sddot_item_catalog_2026_07_27,true
sd_sddot_451E2900_v20260727,sd_sddot_451E2900,2026-07-27,,"0.75"" Curb Stop with Box","0.75"" Curb Stop with Box",EACH,451,sd_sddot_item_catalog_2026_07_27,true
sd_sddot_451E2902_v20260727,sd_sddot_451E2902,2026-07-27,,"1"" Curb Stop with Box","1"" Curb Stop with Box",EACH,451,sd_sddot_item_catalog_2026_07_27,true
sd_sddot_451E2904_v20260727,sd_sddot_451E2904,2026-07-27,,"1.25"" Curb Stop with Box","1.25"" Curb Stop with Box",EACH,451,sd_sddot_item_catalog_2026_07_27,true
sd_sddot_451E2906_v20260727,sd_sddot_451E2906,2026-07-27,,"1.5"" Curb Stop with Box","1.5"" Curb Stop with Box",EACH,451,sd_sddot_item_catalog_2026_07_27,true
sd_sddot_451E2908_v20260727,sd_sddot_451E2908,2026-07-27,,"2"" Curb Stop with Box","2"" Curb Stop with Box",EACH,451,sd_sddot_item_catalog_2026_07_27,true
sd_sddot_451E2910_v20260727,sd_sddot_451E2910,2026-07-27,,"3"" Curb Stop with Box","3"" Curb Stop with Box",EACH,451,sd_sddot_item_catalog_2026_07_27,true
sd_sddot_451E2914_v20260727,sd_sddot_451E2914,2026-07-27,,"4"" Curb Stop with Box","4"" Curb Stop with Box",EACH,451,sd_sddot_item_catalog_2026_07_27,true
sd_sddot_451E2999_v20260727,sd_sddot_451E2999,2026-07-27,,"0.75"" Pipe Bend","0.75"" Pipe Bend",EACH,451,sd_sddot_item_catalog_2026_07_27,true
sd_sddot_451E3000_v20260727,sd_sddot_451E3000,2026-07-27,,"1"" Pipe Bend","1"" Pipe Bend",EACH,451,sd_sddot_item_catalog_2026_07_27,true
sd_sddot_451E3002_v20260727,sd_sddot_451E3002,2026-07-27,,"1.5"" Pipe Bend","1.5"" Pipe Bend",EACH,451,sd_sddot_item_catalog_2026_07_27,true
sd_sddot_451E3003_v20260727,sd_sddot_451E3003,2026-07-27,,"2"" Pipe Bend","2"" Pipe Bend",EACH,451,sd_sddot_item_catalog_2026_07_27,true
sd_sddot_451E3004_v20260727,sd_sddot_451E3004,2026-07-27,,"4"" Pipe Bend","4"" Pipe Bend",EACH,451,sd_sddot_item_catalog_2026_07_27,true
sd_sddot_451E3006_v20260727,sd_sddot_451E3006,2026-07-27,,"6"" Pipe Bend","6"" Pipe Bend",EACH,451,sd_sddot_item_catalog_2026_07_27,true
sd_sddot_451E3008_v20260727,sd_sddot_451E3008,2026-07-27,,"8"" Pipe Bend","8"" Pipe Bend",EACH,451,sd_sddot_item_catalog_2026_07_27,true
sd_sddot_451E3010_v20260727,sd_sddot_451E3010,2026-07-27,,"10"" Pipe Bend","10"" Pipe Bend",EACH,451,sd_sddot_item_catalog_2026_07_27,true
sd_sddot_451E3012_v20260727,sd_sddot_451E3012,2026-07-27,,"12"" Pipe Bend","12"" Pipe Bend",EACH,451,sd_sddot_item_catalog_2026_07_27,true
sd_sddot_451E3014_v20260727,sd_sddot_451E3014,2026-07-27,,"14"" Pipe Bend","14"" Pipe Bend",EACH,451,sd_sddot_item_catalog_2026_07_27,true
sd_sddot_451E3015_v20260727,sd_sddot_451E3015,2026-07-27,,"15"" Pipe Bend","15"" Pipe Bend",EACH,451,sd_sddot_item_catalog_2026_07_27,true
sd_sddot_451E3016_v20260727,sd_sddot_451E3016,2026-07-27,,"16"" Pipe Bend","16"" Pipe Bend",EACH,451,sd_sddot_item_catalog_2026_07_27,true
sd_sddot_451E3018_v20260727,sd_sddot_451E3018,2026-07-27,,"18"" Pipe Bend","18"" Pipe Bend",EACH,451,sd_sddot_item_catalog_2026_07_27,true
sd_sddot_451E3020_v20260727,sd_sddot_451E3020,2026-07-27,,"20"" Pipe Bend","20"" Pipe Bend",EACH,451,sd_sddot_item_catalog_2026_07_27,true
sd_sddot_451E3024_v20260727,sd_sddot_451E3024,2026-07-27,,"24"" Pipe Bend","24"" Pipe Bend",EACH,451,sd_sddot_item_catalog_2026_07_27,true
sd_sddot_451E3030_v20260727,sd_sddot_451E3030,2026-07-27,,"30"" Pipe Bend","30"" Pipe Bend",EACH,451,sd_sddot_item_catalog_2026_07_27,true
sd_sddot_451E3036_v20260727,sd_sddot_451E3036,2026-07-27,,"36"" Pipe Bend","36"" Pipe Bend",EACH,451,sd_sddot_item_catalog_2026_07_27,true
sd_sddot_451E3103_v20260727,sd_sddot_451E3103,2026-07-27,,"3"" Pipe Cap","3"" Pipe Cap",EACH,451,sd_sddot_item_catalog_2026_07_27,true
sd_sddot_451E3104_v20260727,sd_sddot_451E3104,2026-07-27,,"4"" Pipe Cap","4"" Pipe Cap",EACH,451,sd_sddot_item_catalog_2026_07_27,true
sd_sddot_451E3106_v20260727,sd_sddot_451E3106,2026-07-27,,"6"" Pipe Cap","6"" Pipe Cap",EACH,451,sd_sddot_item_catalog_2026_07_27,true
sd_sddot_451E3108_v20260727,sd_sddot_451E3108,2026-07-27,,"8"" Pipe Cap","8"" Pipe Cap",EACH,451,sd_sddot_item_catalog_2026_07_27,true
sd_sddot_451E3110_v20260727,sd_sddot_451E3110,2026-07-27,,"10"" Pipe Cap","10"" Pipe Cap",EACH,451,sd_sddot_item_catalog_2026_07_27,true
sd_sddot_451E3112_v20260727,sd_sddot_451E3112,2026-07-27,,"12"" Pipe Cap","12"" Pipe Cap",EACH,451,sd_sddot_item_catalog_2026_07_27,true
sd_sddot_451E3114_v20260727,sd_sddot_451E3114,2026-07-27,,"14"" Pipe Cap","14"" Pipe Cap",EACH,451,sd_sddot_item_catalog_2026_07_27,true
sd_sddot_451E3115_v20260727,sd_sddot_451E3115,2026-07-27,,"15"" Pipe Cap","15"" Pipe Cap",EACH,451,sd_sddot_item_catalog_2026_07_27,true
sd_sddot_451E3116_v20260727,sd_sddot_451E3116,2026-07-27,,"16"" Pipe Cap","16"" Pipe Cap",EACH,451,sd_sddot_item_catalog_2026_07_27,true
sd_sddot_451E3118_v20260727,sd_sddot_451E3118,2026-07-27,,"18"" Pipe Cap","18"" Pipe Cap",EACH,451,sd_sddot_item_catalog_2026_07_27,true
sd_sddot_451E3120_v20260727,sd_sddot_451E3120,2026-07-27,,"20"" Pipe Cap","20"" Pipe Cap",EACH,451,sd_sddot_item_catalog_2026_07_27,true
sd_sddot_451E3121_v20260727,sd_sddot_451E3121,2026-07-27,,"21"" Pipe Cap","21"" Pipe Cap",EACH,451,sd_sddot_item_catalog_2026_07_27,true
sd_sddot_451E3124_v20260727,sd_sddot_451E3124,2026-07-27,,"24"" Pipe Cap","24"" Pipe Cap",EACH,451,sd_sddot_item_catalog_2026_07_27,true
sd_sddot_451E3130_v20260727,sd_sddot_451E3130,2026-07-27,,"30"" Pipe Cap","30"" Pipe Cap",EACH,451,sd_sddot_item_catalog_2026_07_27,true
sd_sddot_451E3136_v20260727,sd_sddot_451E3136,2026-07-27,,"36"" Pipe Cap","36"" Pipe Cap",EACH,451,sd_sddot_item_catalog_2026_07_27,true
sd_sddot_451E3148_v20260727,sd_sddot_451E3148,2026-07-27,,"48"" Pipe Cap","48"" Pipe Cap",EACH,451,sd_sddot_item_catalog_2026_07_27,true
sd_sddot_451E3199_v20260727,sd_sddot_451E3199,2026-07-27,,"0.75"" Pipe Coupling","0.75"" Pipe Coupling",EACH,451,sd_sddot_item_catalog_2026_07_27,true
sd_sddot_451E3200_v20260727,sd_sddot_451E3200,2026-07-27,,"1"" Pipe Coupling","1"" Pipe Coupling",EACH,451,sd_sddot_item_catalog_2026_07_27,true
sd_sddot_451E3201_v20260727,sd_sddot_451E3201,2026-07-27,,"1.25"" Pipe Coupling","1.25"" Pipe Coupling",EACH,451,sd_sddot_item_catalog_2026_07_27,true
sd_sddot_451E3202_v20260727,sd_sddot_451E3202,2026-07-27,,"1.5"" Pipe Coupling","1.5"" Pipe Coupling",EACH,451,sd_sddot_item_catalog_2026_07_27,true
sd_sddot_451E3203_v20260727,sd_sddot_451E3203,2026-07-27,,"2"" Pipe Coupling","2"" Pipe Coupling",EACH,451,sd_sddot_item_catalog_2026_07_27,true
sd_sddot_451E3204_v20260727,sd_sddot_451E3204,2026-07-27,,"4"" Pipe Coupling","4"" Pipe Coupling",EACH,451,sd_sddot_item_catalog_2026_07_27,true
sd_sddot_451E3206_v20260727,sd_sddot_451E3206,2026-07-27,,"6"" Pipe Coupling","6"" Pipe Coupling",EACH,451,sd_sddot_item_catalog_2026_07_27,true
sd_sddot_451E3208_v20260727,sd_sddot_451E3208,2026-07-27,,"8"" Pipe Coupling","8"" Pipe Coupling",EACH,451,sd_sddot_item_catalog_2026_07_27,true
sd_sddot_451E3210_v20260727,sd_sddot_451E3210,2026-07-27,,"10"" Pipe Coupling","10"" Pipe Coupling",EACH,451,sd_sddot_item_catalog_2026_07_27,true
sd_sddot_451E3212_v20260727,sd_sddot_451E3212,2026-07-27,,"12"" Pipe Coupling","12"" Pipe Coupling",EACH,451,sd_sddot_item_catalog_2026_07_27,true
sd_sddot_451E3214_v20260727,sd_sddot_451E3214,2026-07-27,,"14"" Pipe Coupling","14"" Pipe Coupling",EACH,451,sd_sddot_item_catalog_2026_07_27,true
sd_sddot_451E3215_v20260727,sd_sddot_451E3215,2026-07-27,,"15"" Pipe Coupling","15"" Pipe Coupling",EACH,451,sd_sddot_item_catalog_2026_07_27,true
sd_sddot_451E3216_v20260727,sd_sddot_451E3216,2026-07-27,,"16"" Pipe Coupling","16"" Pipe Coupling",EACH,451,sd_sddot_item_catalog_2026_07_27,true
sd_sddot_451E3218_v20260727,sd_sddot_451E3218,2026-07-27,,"18"" Pipe Coupling","18"" Pipe Coupling",EACH,451,sd_sddot_item_catalog_2026_07_27,true
sd_sddot_451E3220_v20260727,sd_sddot_451E3220,2026-07-27,,"20"" Pipe Coupling","20"" Pipe Coupling",EACH,451,sd_sddot_item_catalog_2026_07_27,true
sd_sddot_451E3221_v20260727,sd_sddot_451E3221,2026-07-27,,"21"" Pipe Coupling","21"" Pipe Coupling",EACH,451,sd_sddot_item_catalog_2026_07_27,true
sd_sddot_451E3224_v20260727,sd_sddot_451E3224,2026-07-27,,"24"" Pipe Coupling","24"" Pipe Coupling",EACH,451,sd_sddot_item_catalog_2026_07_27,true
sd_sddot_451E3230_v20260727,sd_sddot_451E3230,2026-07-27,,"30"" Pipe Coupling","30"" Pipe Coupling",EACH,451,sd_sddot_item_catalog_2026_07_27,true
sd_sddot_451E3236_v20260727,sd_sddot_451E3236,2026-07-27,,"36"" Pipe Coupling","36"" Pipe Coupling",EACH,451,sd_sddot_item_catalog_2026_07_27,true
sd_sddot_451E3299_v20260727,sd_sddot_451E3299,2026-07-27,,"0.75"" Pipe Transition Coupling","0.75"" Pipe Transition Coupling",EACH,451,sd_sddot_item_catalog_2026_07_27,true
sd_sddot_451E3300_v20260727,sd_sddot_451E3300,2026-07-27,,"1"" Pipe Transition Coupling","1"" Pipe Transition Coupling",EACH,451,sd_sddot_item_catalog_2026_07_27,true
sd_sddot_451E3304_v20260727,sd_sddot_451E3304,2026-07-27,,"4"" Pipe Transition Coupling","4"" Pipe Transition Coupling",EACH,451,sd_sddot_item_catalog_2026_07_27,true
sd_sddot_451E3306_v20260727,sd_sddot_451E3306,2026-07-27,,"6"" Pipe Transition Coupling","6"" Pipe Transition Coupling",EACH,451,sd_sddot_item_catalog_2026_07_27,true
sd_sddot_451E3308_v20260727,sd_sddot_451E3308,2026-07-27,,"8"" Pipe Transition Coupling","8"" Pipe Transition Coupling",EACH,451,sd_sddot_item_catalog_2026_07_27,true
sd_sddot_451E3310_v20260727,sd_sddot_451E3310,2026-07-27,,"10"" Pipe Transition Coupling","10"" Pipe Transition Coupling",EACH,451,sd_sddot_item_catalog_2026_07_27,true
sd_sddot_451E3312_v20260727,sd_sddot_451E3312,2026-07-27,,"12"" Pipe Transition Coupling","12"" Pipe Transition Coupling",EACH,451,sd_sddot_item_catalog_2026_07_27,true
sd_sddot_451E3314_v20260727,sd_sddot_451E3314,2026-07-27,,"14"" Pipe Transition Coupling","14"" Pipe Transition Coupling",EACH,451,sd_sddot_item_catalog_2026_07_27,true
sd_sddot_451E3316_v20260727,sd_sddot_451E3316,2026-07-27,,"16"" Pipe Transition Coupling","16"" Pipe Transition Coupling",EACH,451,sd_sddot_item_catalog_2026_07_27,true
sd_sddot_451E3320_v20260727,sd_sddot_451E3320,2026-07-27,,"20"" Pipe Transition Coupling","20"" Pipe Transition Coupling",EACH,451,sd_sddot_item_catalog_2026_07_27,true
sd_sddot_451E3324_v20260727,sd_sddot_451E3324,2026-07-27,,"24"" Pipe Transition Coupling","24"" Pipe Transition Coupling",EACH,451,sd_sddot_item_catalog_2026_07_27,true
sd_sddot_451E3330_v20260727,sd_sddot_451E3330,2026-07-27,,"30"" Pipe Transition Coupling","30"" Pipe Transition Coupling",EACH,451,sd_sddot_item_catalog_2026_07_27,true
sd_sddot_451E3336_v20260727,sd_sddot_451E3336,2026-07-27,,"36"" Pipe Transition Coupling","36"" Pipe Transition Coupling",EACH,451,sd_sddot_item_catalog_2026_07_27,true
sd_sddot_451E3402_v20260727,sd_sddot_451E3402,2026-07-27,,"1"" Pipe Plug","1"" Pipe Plug",EACH,451,sd_sddot_item_catalog_2026_07_27,true
sd_sddot_451E3404_v20260727,sd_sddot_451E3404,2026-07-27,,"1.25"" Pipe Plug","1.25"" Pipe Plug",EACH,451,sd_sddot_item_catalog_2026_07_27,true
sd_sddot_451E3406_v20260727,sd_sddot_451E3406,2026-07-27,,"1.5"" Pipe Plug","1.5"" Pipe Plug",EACH,451,sd_sddot_item_catalog_2026_07_27,true
sd_sddot_451E3408_v20260727,sd_sddot_451E3408,2026-07-27,,"2"" Pipe Plug","2"" Pipe Plug",EACH,451,sd_sddot_item_catalog_2026_07_27,true
sd_sddot_451E3410_v20260727,sd_sddot_451E3410,2026-07-27,,"4"" Pipe Plug","4"" Pipe Plug",EACH,451,sd_sddot_item_catalog_2026_07_27,true
sd_sddot_451E3412_v20260727,sd_sddot_451E3412,2026-07-27,,"6"" Pipe Plug","6"" Pipe Plug",EACH,451,sd_sddot_item_catalog_2026_07_27,true
sd_sddot_451E3414_v20260727,sd_sddot_451E3414,2026-07-27,,"8"" Pipe Plug","8"" Pipe Plug",EACH,451,sd_sddot_item_catalog_2026_07_27,true
sd_sddot_451E3450_v20260727,sd_sddot_451E3450,2026-07-27,,"10"" Pipe Plug","10"" Pipe Plug",EACH,451,sd_sddot_item_catalog_2026_07_27,true
sd_sddot_451E3452_v20260727,sd_sddot_451E3452,2026-07-27,,"12"" Pipe Plug","12"" Pipe Plug",EACH,451,sd_sddot_item_catalog_2026_07_27,true
sd_sddot_451E3454_v20260727,sd_sddot_451E3454,2026-07-27,,"14"" Pipe Plug","14"" Pipe Plug",EACH,451,sd_sddot_item_catalog_2026_07_27,true
sd_sddot_451E3455_v20260727,sd_sddot_451E3455,2026-07-27,,"15"" Pipe Plug","15"" Pipe Plug",EACH,451,sd_sddot_item_catalog_2026_07_27,true
sd_sddot_451E3456_v20260727,sd_sddot_451E3456,2026-07-27,,"16"" Pipe Plug","16"" Pipe Plug",EACH,451,sd_sddot_item_catalog_2026_07_27,true
sd_sddot_451E3458_v20260727,sd_sddot_451E3458,2026-07-27,,"18"" Pipe Plug","18"" Pipe Plug",EACH,451,sd_sddot_item_catalog_2026_07_27,true
sd_sddot_451E3460_v20260727,sd_sddot_451E3460,2026-07-27,,"20"" Pipe Plug","20"" Pipe Plug",EACH,451,sd_sddot_item_catalog_2026_07_27,true
sd_sddot_451E3461_v20260727,sd_sddot_451E3461,2026-07-27,,"21"" Pipe Plug","21"" Pipe Plug",EACH,451,sd_sddot_item_catalog_2026_07_27,true
sd_sddot_451E3464_v20260727,sd_sddot_451E3464,2026-07-27,,"24"" Pipe Plug","24"" Pipe Plug",EACH,451,sd_sddot_item_catalog_2026_07_27,true
sd_sddot_451E3470_v20260727,sd_sddot_451E3470,2026-07-27,,"30"" Pipe Plug","30"" Pipe Plug",EACH,451,sd_sddot_item_catalog_2026_07_27,true
sd_sddot_451E3476_v20260727,sd_sddot_451E3476,2026-07-27,,"36"" Pipe Plug","36"" Pipe Plug",EACH,451,sd_sddot_item_catalog_2026_07_27,true
sd_sddot_451E3488_v20260727,sd_sddot_451E3488,2026-07-27,,"48"" Pipe Plug","48"" Pipe Plug",EACH,451,sd_sddot_item_catalog_2026_07_27,true
sd_sddot_451E3504_v20260727,sd_sddot_451E3504,2026-07-27,,"4"" Retainer Gland","4"" Retainer Gland",EACH,451,sd_sddot_item_catalog_2026_07_27,true
sd_sddot_451E3506_v20260727,sd_sddot_451E3506,2026-07-27,,"6"" Retainer Gland","6"" Retainer Gland",EACH,451,sd_sddot_item_catalog_2026_07_27,true
sd_sddot_451E3508_v20260727,sd_sddot_451E3508,2026-07-27,,"8"" Retainer Gland","8"" Retainer Gland",EACH,451,sd_sddot_item_catalog_2026_07_27,true
sd_sddot_451E3510_v20260727,sd_sddot_451E3510,2026-07-27,,"10"" Retainer Gland","10"" Retainer Gland",EACH,451,sd_sddot_item_catalog_2026_07_27,true
sd_sddot_451E3512_v20260727,sd_sddot_451E3512,2026-07-27,,"12"" Retainer Gland","12"" Retainer Gland",EACH,451,sd_sddot_item_catalog_2026_07_27,true
sd_sddot_451E3514_v20260727,sd_sddot_451E3514,2026-07-27,,"14"" Retainer Gland","14"" Retainer Gland",EACH,451,sd_sddot_item_catalog_2026_07_27,true
sd_sddot_451E3516_v20260727,sd_sddot_451E3516,2026-07-27,,"16"" Retainer Gland","16"" Retainer Gland",EACH,451,sd_sddot_item_catalog_2026_07_27,true
sd_sddot_451E3520_v20260727,sd_sddot_451E3520,2026-07-27,,"20"" Retainer Gland","20"" Retainer Gland",EACH,451,sd_sddot_item_catalog_2026_07_27,true
sd_sddot_451E3524_v20260727,sd_sddot_451E3524,2026-07-27,,"24"" Retainer Gland","24"" Retainer Gland",EACH,451,sd_sddot_item_catalog_2026_07_27,true
sd_sddot_451E3530_v20260727,sd_sddot_451E3530,2026-07-27,,"30"" Retainer Gland","30"" Retainer Gland",EACH,451,sd_sddot_item_catalog_2026_07_27,true
sd_sddot_451E3536_v20260727,sd_sddot_451E3536,2026-07-27,,"36"" Retainer Gland","36"" Retainer Gland",EACH,451,sd_sddot_item_catalog_2026_07_27,true
sd_sddot_451E3604_v20260727,sd_sddot_451E3604,2026-07-27,,"4"" Pipe Sleeve","4"" Pipe Sleeve",EACH,451,sd_sddot_item_catalog_2026_07_27,true
sd_sddot_451E3606_v20260727,sd_sddot_451E3606,2026-07-27,,"6"" Pipe Sleeve","6"" Pipe Sleeve",EACH,451,sd_sddot_item_catalog_2026_07_27,true
sd_sddot_451E3608_v20260727,sd_sddot_451E3608,2026-07-27,,"8"" Pipe Sleeve","8"" Pipe Sleeve",EACH,451,sd_sddot_item_catalog_2026_07_27,true
sd_sddot_451E3610_v20260727,sd_sddot_451E3610,2026-07-27,,"10"" Pipe Sleeve","10"" Pipe Sleeve",EACH,451,sd_sddot_item_catalog_2026_07_27,true
sd_sddot_451E3612_v20260727,sd_sddot_451E3612,2026-07-27,,"12"" Pipe Sleeve","12"" Pipe Sleeve",EACH,451,sd_sddot_item_catalog_2026_07_27,true
sd_sddot_451E3614_v20260727,sd_sddot_451E3614,2026-07-27,,"14"" Pipe Sleeve","14"" Pipe Sleeve",EACH,451,sd_sddot_item_catalog_2026_07_27,true
sd_sddot_451E3616_v20260727,sd_sddot_451E3616,2026-07-27,,"16"" Pipe Sleeve","16"" Pipe Sleeve",EACH,451,sd_sddot_item_catalog_2026_07_27,true
sd_sddot_451E3620_v20260727,sd_sddot_451E3620,2026-07-27,,"20"" Pipe Sleeve","20"" Pipe Sleeve",EACH,451,sd_sddot_item_catalog_2026_07_27,true
sd_sddot_451E3624_v20260727,sd_sddot_451E3624,2026-07-27,,"24"" Pipe Sleeve","24"" Pipe Sleeve",EACH,451,sd_sddot_item_catalog_2026_07_27,true
sd_sddot_451E3630_v20260727,sd_sddot_451E3630,2026-07-27,,"30"" Pipe Sleeve","30"" Pipe Sleeve",EACH,451,sd_sddot_item_catalog_2026_07_27,true
sd_sddot_451E3636_v20260727,sd_sddot_451E3636,2026-07-27,,"36"" Pipe Sleeve","36"" Pipe Sleeve",EACH,451,sd_sddot_item_catalog_2026_07_27,true
sd_sddot_451E3704_v20260727,sd_sddot_451E3704,2026-07-27,,"4"" Oversize Pipe Sleeve","4"" Oversize Pipe Sleeve",EACH,451,sd_sddot_item_catalog_2026_07_27,true
sd_sddot_451E3706_v20260727,sd_sddot_451E3706,2026-07-27,,"6"" Oversize Pipe Sleeve","6"" Oversize Pipe Sleeve",EACH,451,sd_sddot_item_catalog_2026_07_27,true
sd_sddot_451E3708_v20260727,sd_sddot_451E3708,2026-07-27,,"8"" Oversize Pipe Sleeve","8"" Oversize Pipe Sleeve",EACH,451,sd_sddot_item_catalog_2026_07_27,true
sd_sddot_451E3710_v20260727,sd_sddot_451E3710,2026-07-27,,"10"" Oversize Pipe Sleeve","10"" Oversize Pipe Sleeve",EACH,451,sd_sddot_item_catalog_2026_07_27,true
sd_sddot_451E3712_v20260727,sd_sddot_451E3712,2026-07-27,,"12"" Oversize Pipe Sleeve","12"" Oversize Pipe Sleeve",EACH,451,sd_sddot_item_catalog_2026_07_27,true
sd_sddot_451E3714_v20260727,sd_sddot_451E3714,2026-07-27,,"14"" Oversize Pipe Sleeve","14"" Oversize Pipe Sleeve",EACH,451,sd_sddot_item_catalog_2026_07_27,true
sd_sddot_451E3716_v20260727,sd_sddot_451E3716,2026-07-27,,"16"" Oversize Pipe Sleeve","16"" Oversize Pipe Sleeve",EACH,451,sd_sddot_item_catalog_2026_07_27,true
sd_sddot_451E3720_v20260727,sd_sddot_451E3720,2026-07-27,,"20"" Oversize Pipe Sleeve","20"" Oversize Pipe Sleeve",EACH,451,sd_sddot_item_catalog_2026_07_27,true
sd_sddot_451E3724_v20260727,sd_sddot_451E3724,2026-07-27,,"24"" Oversize Pipe Sleeve","24"" Oversize Pipe Sleeve",EACH,451,sd_sddot_item_catalog_2026_07_27,true
sd_sddot_451E3730_v20260727,sd_sddot_451E3730,2026-07-27,,"30"" Oversize Pipe Sleeve","30"" Oversize Pipe Sleeve",EACH,451,sd_sddot_item_catalog_2026_07_27,true
sd_sddot_451E3736_v20260727,sd_sddot_451E3736,2026-07-27,,"36"" Oversize Pipe Sleeve","36"" Oversize Pipe Sleeve",EACH,451,sd_sddot_item_catalog_2026_07_27,true
sd_sddot_451E3901_v20260727,sd_sddot_451E3901,2026-07-27,,"1"" Air Release Valve Assembly","1"" Air Release Valve Assembly",EACH,451,sd_sddot_item_catalog_2026_07_27,true
sd_sddot_451E3902_v20260727,sd_sddot_451E3902,2026-07-27,,"2"" Air Release Valve Assembly","2"" Air Release Valve Assembly",EACH,451,sd_sddot_item_catalog_2026_07_27,true
sd_sddot_451E3903_v20260727,sd_sddot_451E3903,2026-07-27,,"3"" Air Release Valve Assembly","3"" Air Release Valve Assembly",EACH,451,sd_sddot_item_catalog_2026_07_27,true
sd_sddot_451E3904_v20260727,sd_sddot_451E3904,2026-07-27,,"4"" Air Release Valve Assembly","4"" Air Release Valve Assembly",EACH,451,sd_sddot_item_catalog_2026_07_27,true
sd_sddot_451E4002_v20260727,sd_sddot_451E4002,2026-07-27,,"1"" Backflow Preventor","1"" Backflow Preventor",EACH,451,sd_sddot_item_catalog_2026_07_27,true
sd_sddot_451E4004_v20260727,sd_sddot_451E4004,2026-07-27,,"1.25"" Backflow Preventor","1.25"" Backflow Preventor",EACH,451,sd_sddot_item_catalog_2026_07_27,true
sd_sddot_451E4006_v20260727,sd_sddot_451E4006,2026-07-27,,"1.5"" Backflow Preventor","1.5"" Backflow Preventor",EACH,451,sd_sddot_item_catalog_2026_07_27,true
sd_sddot_451E4008_v20260727,sd_sddot_451E4008,2026-07-27,,"2"" Backflow Preventor","2"" Backflow Preventor",EACH,451,sd_sddot_item_catalog_2026_07_27,true
sd_sddot_451E4010_v20260727,sd_sddot_451E4010,2026-07-27,,"4"" Backflow Preventor","4"" Backflow Preventor",EACH,451,sd_sddot_item_catalog_2026_07_27,true
sd_sddot_451E4012_v20260727,sd_sddot_451E4012,2026-07-27,,"6"" Backflow Preventor","6"" Backflow Preventor",EACH,451,sd_sddot_item_catalog_2026_07_27,true
sd_sddot_451E4014_v20260727,sd_sddot_451E4014,2026-07-27,,"8"" Backflow Preventor","8"" Backflow Preventor",EACH,451,sd_sddot_item_catalog_2026_07_27,true
sd_sddot_451E4016_v20260727,sd_sddot_451E4016,2026-07-27,,"10"" Backflow Preventor","10"" Backflow Preventor",EACH,451,sd_sddot_item_catalog_2026_07_27,true
sd_sddot_451E4051_v20260727,sd_sddot_451E4051,2026-07-27,,"1"" Air Vacuum Valve Assembly","1"" Air Vacuum Valve Assembly",L S,451,sd_sddot_item_catalog_2026_07_27,true
sd_sddot_451E4053_v20260727,sd_sddot_451E4053,2026-07-27,,"3"" Air Vacuum Valve Assembly","3"" Air Vacuum Valve Assembly",L S,451,sd_sddot_item_catalog_2026_07_27,true
sd_sddot_451E4054_v20260727,sd_sddot_451E4054,2026-07-27,,"4"" Air Vacuum Valve Assembly","4"" Air Vacuum Valve Assembly",L S,451,sd_sddot_item_catalog_2026_07_27,true
sd_sddot_451E4112_v20260727,sd_sddot_451E4112,2026-07-27,,"12"" Butterfly Valve with Box","12"" Butterfly Valve with Box",EACH,451,sd_sddot_item_catalog_2026_07_27,true
sd_sddot_451E4114_v20260727,sd_sddot_451E4114,2026-07-27,,"14"" Butterfly Valve with Box","14"" Butterfly Valve with Box",EACH,451,sd_sddot_item_catalog_2026_07_27,true
sd_sddot_451E4116_v20260727,sd_sddot_451E4116,2026-07-27,,"16"" Butterfly Valve with Box","16"" Butterfly Valve with Box",EACH,451,sd_sddot_item_catalog_2026_07_27,true
sd_sddot_451E4118_v20260727,sd_sddot_451E4118,2026-07-27,,"18"" Butterfly Valve with Box","18"" Butterfly Valve with Box",EACH,451,sd_sddot_item_catalog_2026_07_27,true
sd_sddot_451E4120_v20260727,sd_sddot_451E4120,2026-07-27,,"20"" Butterfly Valve with Box","20"" Butterfly Valve with Box",EACH,451,sd_sddot_item_catalog_2026_07_27,true
sd_sddot_451E4124_v20260727,sd_sddot_451E4124,2026-07-27,,"24"" Butterfly Valve with Box","24"" Butterfly Valve with Box",EACH,451,sd_sddot_item_catalog_2026_07_27,true
sd_sddot_451E4130_v20260727,sd_sddot_451E4130,2026-07-27,,"30"" Butterfly Valve with Box","30"" Butterfly Valve with Box",EACH,451,sd_sddot_item_catalog_2026_07_27,true
sd_sddot_451E4136_v20260727,sd_sddot_451E4136,2026-07-27,,"36"" Butterfly Valve with Box","36"" Butterfly Valve with Box",EACH,451,sd_sddot_item_catalog_2026_07_27,true
sd_sddot_451E4203_v20260727,sd_sddot_451E4203,2026-07-27,,"3"" Gate Valve with Box","3"" Gate Valve with Box",EACH,451,sd_sddot_item_catalog_2026_07_27,true
sd_sddot_451E4204_v20260727,sd_sddot_451E4204,2026-07-27,,"4"" Gate Valve with Box","4"" Gate Valve with Box",EACH,451,sd_sddot_item_catalog_2026_07_27,true
sd_sddot_451E4206_v20260727,sd_sddot_451E4206,2026-07-27,,"6"" Gate Valve with Box","6"" Gate Valve with Box",EACH,451,sd_sddot_item_catalog_2026_07_27,true
sd_sddot_451E4208_v20260727,sd_sddot_451E4208,2026-07-27,,"8"" Gate Valve with Box","8"" Gate Valve with Box",EACH,451,sd_sddot_item_catalog_2026_07_27,true
sd_sddot_451E4210_v20260727,sd_sddot_451E4210,2026-07-27,,"10"" Gate Valve with Box","10"" Gate Valve with Box",EACH,451,sd_sddot_item_catalog_2026_07_27,true
sd_sddot_451E4212_v20260727,sd_sddot_451E4212,2026-07-27,,"12"" Gate Valve with Box","12"" Gate Valve with Box",EACH,451,sd_sddot_item_catalog_2026_07_27,true
sd_sddot_451E4214_v20260727,sd_sddot_451E4214,2026-07-27,,"14"" Gate Valve with Box","14"" Gate Valve with Box",EACH,451,sd_sddot_item_catalog_2026_07_27,true
sd_sddot_451E4216_v20260727,sd_sddot_451E4216,2026-07-27,,"16"" Gate Valve with Box","16"" Gate Valve with Box",EACH,451,sd_sddot_item_catalog_2026_07_27,true
sd_sddot_451E4220_v20260727,sd_sddot_451E4220,2026-07-27,,"20"" Gate Valve with Box","20"" Gate Valve with Box",EACH,451,sd_sddot_item_catalog_2026_07_27,true
sd_sddot_451E4222_v20260727,sd_sddot_451E4222,2026-07-27,,"24"" Gate Valve with Box","24"" Gate Valve with Box",EACH,451,sd_sddot_item_catalog_2026_07_27,true
sd_sddot_451E4230_v20260727,sd_sddot_451E4230,2026-07-27,,"30"" Gate Valve with Box","30"" Gate Valve with Box",EACH,451,sd_sddot_item_catalog_2026_07_27,true
sd_sddot_451E4256_v20260727,sd_sddot_451E4256,2026-07-27,,"6"" Plug Valve with Box","6"" Plug Valve with Box",EACH,451,sd_sddot_item_catalog_2026_07_27,true
sd_sddot_451E4258_v20260727,sd_sddot_451E4258,2026-07-27,,"8"" Plug Valve with Box","8"" Plug Valve with Box",EACH,451,sd_sddot_item_catalog_2026_07_27,true
sd_sddot_451E4264_v20260727,sd_sddot_451E4264,2026-07-27,,"14"" Plug Valve with Box","14"" Plug Valve with Box",EACH,451,sd_sddot_item_catalog_2026_07_27,true
sd_sddot_451E4304_v20260727,sd_sddot_451E4304,2026-07-27,,"4"" Pressure Relief Valve","4"" Pressure Relief Valve",EACH,451,sd_sddot_item_catalog_2026_07_27,true
sd_sddot_451E4306_v20260727,sd_sddot_451E4306,2026-07-27,,"6"" Pressure Relief Valve","6"" Pressure Relief Valve",EACH,451,sd_sddot_item_catalog_2026_07_27,true
sd_sddot_451E4308_v20260727,sd_sddot_451E4308,2026-07-27,,"8"" Pressure Relief Valve","8"" Pressure Relief Valve",EACH,451,sd_sddot_item_catalog_2026_07_27,true
sd_sddot_451E4350_v20260727,sd_sddot_451E4350,2026-07-27,,Valve Box,Valve Box,EACH,451,sd_sddot_item_catalog_2026_07_27,true
sd_sddot_451E4360_v20260727,sd_sddot_451E4360,2026-07-27,,Valve Box Extension,Valve Box Extension,EACH,451,sd_sddot_item_catalog_2026_07_27,true
sd_sddot_451E4380_v20260727,sd_sddot_451E4380,2026-07-27,,"Tracer Wire Access Box, Type 1","Tracer Wire Access Box, Type 1",EACH,451,sd_sddot_item_catalog_2026_07_27,true
sd_sddot_451E4385_v20260727,sd_sddot_451E4385,2026-07-27,,"Tracer Wire Access Box, Type 2","Tracer Wire Access Box, Type 2",EACH,451,sd_sddot_item_catalog_2026_07_27,true
sd_sddot_451E4400_v20260727,sd_sddot_451E4400,2026-07-27,,Pipe Insulation,Pipe Insulation,SQFT,451,sd_sddot_item_catalog_2026_07_27,true
sd_sddot_451E4402_v20260727,sd_sddot_451E4402,2026-07-27,,"Poly Wrap Insulation for 2"" Pipe","Poly Wrap Insulation for 2"" Pipe",FT,451,sd_sddot_item_catalog_2026_07_27,true
sd_sddot_451E4404_v20260727,sd_sddot_451E4404,2026-07-27,,"Poly Wrap Insulation for 4"" Pipe","Poly Wrap Insulation for 4"" Pipe",FT,451,sd_sddot_item_catalog_2026_07_27,true
sd_sddot_451E4406_v20260727,sd_sddot_451E4406,2026-07-27,,"Poly Wrap Insulation for 6"" Pipe","Poly Wrap Insulation for 6"" Pipe",FT,451,sd_sddot_item_catalog_2026_07_27,true
sd_sddot_451E4408_v20260727,sd_sddot_451E4408,2026-07-27,,"Poly Wrap Insulation for 8"" Pipe","Poly Wrap Insulation for 8"" Pipe",FT,451,sd_sddot_item_catalog_2026_07_27,true
sd_sddot_451E4410_v20260727,sd_sddot_451E4410,2026-07-27,,"Poly Wrap Insulation for 10"" Pipe","Poly Wrap Insulation for 10"" Pipe",FT,451,sd_sddot_item_catalog_2026_07_27,true
sd_sddot_451E4412_v20260727,sd_sddot_451E4412,2026-07-27,,"Poly Wrap Insulation for 12"" Pipe","Poly Wrap Insulation for 12"" Pipe",FT,451,sd_sddot_item_catalog_2026_07_27,true
sd_sddot_451E4506_v20260727,sd_sddot_451E4506,2026-07-27,,"6"" Fire Hydrant Extension","6"" Fire Hydrant Extension",EACH,451,sd_sddot_item_catalog_2026_07_27,true
sd_sddot_451E4512_v20260727,sd_sddot_451E4512,2026-07-27,,"12"" Fire Hydrant Extension","12"" Fire Hydrant Extension",EACH,451,sd_sddot_item_catalog_2026_07_27,true
sd_sddot_451E4518_v20260727,sd_sddot_451E4518,2026-07-27,,"18"" Fire Hydrant Extension","18"" Fire Hydrant Extension",EACH,451,sd_sddot_item_catalog_2026_07_27,true
sd_sddot_451E4524_v20260727,sd_sddot_451E4524,2026-07-27,,"24"" Fire Hydrant Extension","24"" Fire Hydrant Extension",EACH,451,sd_sddot_item_catalog_2026_07_27,true
sd_sddot_451E4530_v20260727,sd_sddot_451E4530,2026-07-27,,"30"" Fire Hydrant Extension","30"" Fire Hydrant Extension",EACH,451,sd_sddot_item_catalog_2026_07_27,true
sd_sddot_451E4536_v20260727,sd_sddot_451E4536,2026-07-27,,"36"" Fire Hydrant Extension","36"" Fire Hydrant Extension",EACH,451,sd_sddot_item_catalog_2026_07_27,true
sd_sddot_451E4542_v20260727,sd_sddot_451E4542,2026-07-27,,"42"" Fire Hydrant Extension","42"" Fire Hydrant Extension",EACH,451,sd_sddot_item_catalog_2026_07_27,true
sd_sddot_451E4548_v20260727,sd_sddot_451E4548,2026-07-27,,"48"" Fire Hydrant Extension","48"" Fire Hydrant Extension",EACH,451,sd_sddot_item_catalog_2026_07_27,true
sd_sddot_451E4554_v20260727,sd_sddot_451E4554,2026-07-27,,"54"" Fire Hydrant Extension","54"" Fire Hydrant Extension",EACH,451,sd_sddot_item_catalog_2026_07_27,true
sd_sddot_451E4560_v20260727,sd_sddot_451E4560,2026-07-27,,"60"" Fire Hydrant Extension","60"" Fire Hydrant Extension",EACH,451,sd_sddot_item_catalog_2026_07_27,true
sd_sddot_451E4580_v20260727,sd_sddot_451E4580,2026-07-27,,Standard Fire Hydrant,Standard Fire Hydrant,EACH,451,sd_sddot_item_catalog_2026_07_27,true
sd_sddot_451E4581_v20260727,sd_sddot_451E4581,2026-07-27,,Temporary Fire Hydrant,Temporary Fire Hydrant,EACH,451,sd_sddot_item_catalog_2026_07_27,true
sd_sddot_451E4582_v20260727,sd_sddot_451E4582,2026-07-27,,Yard Hydrant,Yard Hydrant,EACH,451,sd_sddot_item_catalog_2026_07_27,true
sd_sddot_451E4583_v20260727,sd_sddot_451E4583,2026-07-27,,Reset Yard Hydrant,Reset Yard Hydrant,EACH,451,sd_sddot_item_catalog_2026_07_27,true
sd_sddot_451E4584_v20260727,sd_sddot_451E4584,2026-07-27,,Flushing Hydrant,Flushing Hydrant,EACH,451,sd_sddot_item_catalog_2026_07_27,true
sd_sddot_451E4585_v20260727,sd_sddot_451E4585,2026-07-27,,Fire Hydrant with Auxiliary Valve & Box,Fire Hydrant with Auxiliary Valve & Box,EACH,451,sd_sddot_item_catalog_2026_07_27,true
sd_sddot_451E4589_v20260727,sd_sddot_451E4589,2026-07-27,,Install Fire Hydrant,Install Fire Hydrant,EACH,451,sd_sddot_item_catalog_2026_07_27,true
sd_sddot_451E4590_v20260727,sd_sddot_451E4590,2026-07-27,,Fire Hydrant Guard Post,Fire Hydrant Guard Post,EACH,451,sd_sddot_item_catalog_2026_07_27,true
sd_sddot_451E4600_v20260727,sd_sddot_451E4600,2026-07-27,,Concrete Pipe Supports,Concrete Pipe Supports,PAIR,451,sd_sddot_item_catalog_2026_07_27,true
sd_sddot_451E4610_v20260727,sd_sddot_451E4610,2026-07-27,,Thrust Block,Thrust Block,EACH,451,sd_sddot_item_catalog_2026_07_27,true
sd_sddot_451E4620_v20260727,sd_sddot_451E4620,2026-07-27,,"Concrete for Casing, Blocks, and Cradles","Concrete for Casing, Blocks, and Cradles",CUYD,451,sd_sddot_item_catalog_2026_07_27,true
sd_sddot_451E4630_v20260727,sd_sddot_451E4630,2026-07-27,,Casing Pipe Spacer,Casing Pipe Spacer,EACH,451,sd_sddot_item_catalog_2026_07_27,true
sd_sddot_451E4650_v20260727,sd_sddot_451E4650,2026-07-27,,Pressure Grout Pipe Opening,Pressure Grout Pipe Opening,EACH,451,sd_sddot_item_catalog_2026_07_27,true
sd_sddot_451E4750_v20260727,sd_sddot_451E4750,2026-07-27,,Meter Pit,Meter Pit,EACH,451,sd_sddot_item_catalog_2026_07_27,true
sd_sddot_451E4897_v20260727,sd_sddot_451E4897,2026-07-27,,Type 1 Granular Backfill,Type 1 Granular Backfill,TON,451,sd_sddot_item_catalog_2026_07_27,true
sd_sddot_451E4898_v20260727,sd_sddot_451E4898,2026-07-27,,Type 2 Granular Backfill,Type 2 Granular Backfill,TON,451,sd_sddot_item_catalog_2026_07_27,true
sd_sddot_451E4899_v20260727,sd_sddot_451E4899,2026-07-27,,Type 3 Granular Backfill,Type 3 Granular Backfill,TON,451,sd_sddot_item_catalog_2026_07_27,true
sd_sddot_451E4900_v20260727,sd_sddot_451E4900,2026-07-27,,Crushed Rock,Crushed Rock,FT,451,sd_sddot_item_catalog_2026_07_27,true
sd_sddot_451E4901_v20260727,sd_sddot_451E4901,2026-07-27,,Type 1 Bedding Material,Type 1 Bedding Material,TON,451,sd_sddot_item_catalog_2026_07_27,true
sd_sddot_451E4902_v20260727,sd_sddot_451E4902,2026-07-27,,Type 2 Bedding Material,Type 2 Bedding Material,TON,451,sd_sddot_item_catalog_2026_07_27,true
sd_sddot_451E4903_v20260727,sd_sddot_451E4903,2026-07-27,,Type 2 Foundation Material,Type 2 Foundation Material,TON,451,sd_sddot_item_catalog_2026_07_27,true
sd_sddot_451E4904_v20260727,sd_sddot_451E4904,2026-07-27,,Type 3 Foundation Material,Type 3 Foundation Material,TON,451,sd_sddot_item_catalog_2026_07_27,true
sd_sddot_451E4905_v20260727,sd_sddot_451E4905,2026-07-27,,Trench Stabilization Material,Trench Stabilization Material,TON,451,sd_sddot_item_catalog_2026_07_27,true
sd_sddot_451E4908_v20260727,sd_sddot_451E4908,2026-07-27,,Select Trench Backfill,Select Trench Backfill,TON,451,sd_sddot_item_catalog_2026_07_27,true
sd_sddot_451E4910_v20260727,sd_sddot_451E4910,2026-07-27,,Imperfect Trench Backfill,Imperfect Trench Backfill,FT,451,sd_sddot_item_catalog_2026_07_27,true
sd_sddot_451E4912_v20260727,sd_sddot_451E4912,2026-07-27,,Controlled Low Strength Backfill,Controlled Low Strength Backfill,CUYD,451,sd_sddot_item_catalog_2026_07_27,true
sd_sddot_451E4915_v20260727,sd_sddot_451E4915,2026-07-27,,Sugar Rock,Sugar Rock,TON,451,sd_sddot_item_catalog_2026_07_27,true
sd_sddot_451E4918_v20260727,sd_sddot_451E4918,2026-07-27,,Imported Trench Backfill,Imported Trench Backfill,CUYD,451,sd_sddot_item_catalog_2026_07_27,true
sd_sddot_451E4920_v20260727,sd_sddot_451E4920,2026-07-27,,Pipe Bedding Material,Pipe Bedding Material,TON,451,sd_sddot_item_catalog_2026_07_27,true
sd_sddot_451E4925_v20260727,sd_sddot_451E4925,2026-07-27,,Water Main Bedding Material,Water Main Bedding Material,TON,451,sd_sddot_item_catalog_2026_07_27,true
sd_sddot_451E4926_v20260727,sd_sddot_451E4926,2026-07-27,,Water Main Bedding Material,Water Main Bedding Material,FT,451,sd_sddot_item_catalog_2026_07_27,true
sd_sddot_451E4930_v20260727,sd_sddot_451E4930,2026-07-27,,Storm Sewer Bedding Material,Storm Sewer Bedding Material,TON,451,sd_sddot_item_catalog_2026_07_27,true
sd_sddot_451E4943_v20260727,sd_sddot_451E4943,2026-07-27,,"4"" Sewer Pipe Bedding Material","4"" Sewer Pipe Bedding Material",FT,451,sd_sddot_item_catalog_2026_07_27,true
sd_sddot_451E4944_v20260727,sd_sddot_451E4944,2026-07-27,,"6"" Sewer Pipe Bedding Material","6"" Sewer Pipe Bedding Material",FT,451,sd_sddot_item_catalog_2026_07_27,true
sd_sddot_451E4945_v20260727,sd_sddot_451E4945,2026-07-27,,"8"" Sewer Pipe Bedding Material","8"" Sewer Pipe Bedding Material",FT,451,sd_sddot_item_catalog_2026_07_27,true
sd_sddot_451E4946_v20260727,sd_sddot_451E4946,2026-07-27,,"10"" Sewer Pipe Bedding Material","10"" Sewer Pipe Bedding Material",FT,451,sd_sddot_item_catalog_2026_07_27,true
sd_sddot_451E4947_v20260727,sd_sddot_451E4947,2026-07-27,,"12"" Sewer Pipe Bedding Material","12"" Sewer Pipe Bedding Material",FT,451,sd_sddot_item_catalog_2026_07_27,true
sd_sddot_451E4948_v20260727,sd_sddot_451E4948,2026-07-27,,"15"" Sewer Pipe Bedding Material","15"" Sewer Pipe Bedding Material",FT,451,sd_sddot_item_catalog_2026_07_27,true
sd_sddot_451E4949_v20260727,sd_sddot_451E4949,2026-07-27,,"18"" Sewer Pipe Bedding Material","18"" Sewer Pipe Bedding Material",FT,451,sd_sddot_item_catalog_2026_07_27,true
sd_sddot_451E4950_v20260727,sd_sddot_451E4950,2026-07-27,,"21"" Sewer Pipe Bedding Material","21"" Sewer Pipe Bedding Material",FT,451,sd_sddot_item_catalog_2026_07_27,true
sd_sddot_451E4951_v20260727,sd_sddot_451E4951,2026-07-27,,"24"" Sewer Pipe Bedding Material","24"" Sewer Pipe Bedding Material",FT,451,sd_sddot_item_catalog_2026_07_27,true
sd_sddot_451E4952_v20260727,sd_sddot_451E4952,2026-07-27,,"27"" Sewer Pipe Bedding Material","27"" Sewer Pipe Bedding Material",FT,451,sd_sddot_item_catalog_2026_07_27,true
sd_sddot_451E4953_v20260727,sd_sddot_451E4953,2026-07-27,,"30"" Sewer Pipe Bedding Material","30"" Sewer Pipe Bedding Material",FT,451,sd_sddot_item_catalog_2026_07_27,true
sd_sddot_451E4954_v20260727,sd_sddot_451E4954,2026-07-27,,"33"" Sewer Pipe Bedding Material","33"" Sewer Pipe Bedding Material",FT,451,sd_sddot_item_catalog_2026_07_27,true
sd_sddot_451E4955_v20260727,sd_sddot_451E4955,2026-07-27,,"36"" Sewer Pipe Bedding Material","36"" Sewer Pipe Bedding Material",FT,451,sd_sddot_item_catalog_2026_07_27,true
sd_sddot_451E4956_v20260727,sd_sddot_451E4956,2026-07-27,,"42"" Sewer Pipe Bedding Material","42"" Sewer Pipe Bedding Material",FT,451,sd_sddot_item_catalog_2026_07_27,true
sd_sddot_451E4957_v20260727,sd_sddot_451E4957,2026-07-27,,"48"" Sewer Pipe Bedding Material","48"" Sewer Pipe Bedding Material",FT,451,sd_sddot_item_catalog_2026_07_27,true
sd_sddot_451E4958_v20260727,sd_sddot_451E4958,2026-07-27,,"54"" Sewer Pipe Bedding Material","54"" Sewer Pipe Bedding Material",FT,451,sd_sddot_item_catalog_2026_07_27,true
sd_sddot_451E4959_v20260727,sd_sddot_451E4959,2026-07-27,,"60"" Sewer Pipe Bedding Material","60"" Sewer Pipe Bedding Material",FT,451,sd_sddot_item_catalog_2026_07_27,true
sd_sddot_451E4988_v20260727,sd_sddot_451E4988,2026-07-27,,Excavate Common Utility Trench,Excavate Common Utility Trench,FT,451,sd_sddot_item_catalog_2026_07_27,true
sd_sddot_451E4990_v20260727,sd_sddot_451E4990,2026-07-27,,Excavate and Backfill Water Service Trench,Excavate and Backfill Water Service Trench,FT,451,sd_sddot_item_catalog_2026_07_27,true
sd_sddot_451E5000_v20260727,sd_sddot_451E5000,2026-07-27,,"Muck Excavation, Trench","Muck Excavation, Trench",CUYD,451,sd_sddot_item_catalog_2026_07_27,true
sd_sddot_451E5010_v20260727,sd_sddot_451E5010,2026-07-27,,"Rock Excavation, Trench","Rock Excavation, Trench",CUYD,451,sd_sddot_item_catalog_2026_07_27,true
sd_sddot_451E5015_v20260727,sd_sddot_451E5015,2026-07-27,,Utility Trench Compaction Testing,Utility Trench Compaction Testing,L S,451,sd_sddot_item_catalog_2026_07_27,true
sd_sddot_451E5020_v20260727,sd_sddot_451E5020,2026-07-27,,Trench Dewatering,Trench Dewatering,FT,451,sd_sddot_item_catalog_2026_07_27,true
sd_sddot_451E5021_v20260727,sd_sddot_451E5021,2026-07-27,,"Trench Dewatering, Water Main","Trench Dewatering, Water Main",FT,451,sd_sddot_item_catalog_2026_07_27,true
sd_sddot_451E5022_v20260727,sd_sddot_451E5022,2026-07-27,,"Trench Dewatering, Sewer Main","Trench Dewatering, Sewer Main",FT,451,sd_sddot_item_catalog_2026_07_27,true
sd_sddot_451E5050_v20260727,sd_sddot_451E5050,2026-07-27,,Trench 0' to 6' Deep,Trench 0' to 6' Deep,FT,451,sd_sddot_item_catalog_2026_07_27,true
sd_sddot_451E5051_v20260727,sd_sddot_451E5051,2026-07-27,,Trench 6' to 8' Deep,Trench 6' to 8' Deep,FT,451,sd_sddot_item_catalog_2026_07_27,true
sd_sddot_451E5052_v20260727,sd_sddot_451E5052,2026-07-27,,Trench 8' to 10' Deep,Trench 8' to 10' Deep,FT,451,sd_sddot_item_catalog_2026_07_27,true
sd_sddot_451E5053_v20260727,sd_sddot_451E5053,2026-07-27,,Trench 10' to 12' Deep,Trench 10' to 12' Deep,FT,451,sd_sddot_item_catalog_2026_07_27,true
sd_sddot_451E5054_v20260727,sd_sddot_451E5054,2026-07-27,,Trench 12' to 14' Deep,Trench 12' to 14' Deep,FT,451,sd_sddot_item_catalog_2026_07_27,true
sd_sddot_451E5055_v20260727,sd_sddot_451E5055,2026-07-27,,Trench 14' to 16' Deep,Trench 14' to 16' Deep,FT,451,sd_sddot_item_catalog_2026_07_27,true
sd_sddot_451E5056_v20260727,sd_sddot_451E5056,2026-07-27,,Trench 16' to 18' Deep,Trench 16' to 18' Deep,FT,451,sd_sddot_item_catalog_2026_07_27,true
sd_sddot_451E5057_v20260727,sd_sddot_451E5057,2026-07-27,,Trench 18' to 20' Deep,Trench 18' to 20' Deep,FT,451,sd_sddot_item_catalog_2026_07_27,true
sd_sddot_451E5058_v20260727,sd_sddot_451E5058,2026-07-27,,Trench 20' to 22' Deep,Trench 20' to 22' Deep,FT,451,sd_sddot_item_catalog_2026_07_27,true
sd_sddot_451E5059_v20260727,sd_sddot_451E5059,2026-07-27,,Trench 24' to 26' Deep,Trench 24' to 26' Deep,FT,451,sd_sddot_item_catalog_2026_07_27,true
sd_sddot_451E5060_v20260727,sd_sddot_451E5060,2026-07-27,,Trench 26' to 28' Deep,Trench 26' to 28' Deep,FT,451,sd_sddot_item_catalog_2026_07_27,true
sd_sddot_451E5061_v20260727,sd_sddot_451E5061,2026-07-27,,Trench 28' to 30' Deep,Trench 28' to 30' Deep,FT,451,sd_sddot_item_catalog_2026_07_27,true
sd_sddot_451E5062_v20260727,sd_sddot_451E5062,2026-07-27,,Trench 30' to 32' Deep,Trench 30' to 32' Deep,FT,451,sd_sddot_item_catalog_2026_07_27,true
sd_sddot_451E5063_v20260727,sd_sddot_451E5063,2026-07-27,,Trench 22' to 24' Deep,Trench 22' to 24' Deep,FT,451,sd_sddot_item_catalog_2026_07_27,true
sd_sddot_451E5064_v20260727,sd_sddot_451E5064,2026-07-27,,Trench 32' to 34' Deep,Trench 32' to 34' Deep,FT,451,sd_sddot_item_catalog_2026_07_27,true
sd_sddot_451E5065_v20260727,sd_sddot_451E5065,2026-07-27,,Trench 34' to 36' Deep,Trench 34' to 36' Deep,FT,451,sd_sddot_item_catalog_2026_07_27,true
sd_sddot_451E5100_v20260727,sd_sddot_451E5100,2026-07-27,,"Bore and Jack 1.5"" Pipe","Bore and Jack 1.5"" Pipe",FT,451,sd_sddot_item_catalog_2026_07_27,true
sd_sddot_451E5101_v20260727,sd_sddot_451E5101,2026-07-27,,"Bore and Jack 1"" Pipe","Bore and Jack 1"" Pipe",FT,451,sd_sddot_item_catalog_2026_07_27,true
sd_sddot_451E5102_v20260727,sd_sddot_451E5102,2026-07-27,,"Bore and Jack 2"" Pipe","Bore and Jack 2"" Pipe",FT,451,sd_sddot_item_catalog_2026_07_27,true
sd_sddot_451E5103_v20260727,sd_sddot_451E5103,2026-07-27,,"Bore and Jack 3"" Pipe","Bore and Jack 3"" Pipe",FT,451,sd_sddot_item_catalog_2026_07_27,true
sd_sddot_451E5104_v20260727,sd_sddot_451E5104,2026-07-27,,"Bore and Jack 4"" Pipe","Bore and Jack 4"" Pipe",FT,451,sd_sddot_item_catalog_2026_07_27,true
sd_sddot_451E5106_v20260727,sd_sddot_451E5106,2026-07-27,,"Bore and Jack 6"" Pipe","Bore and Jack 6"" Pipe",FT,451,sd_sddot_item_catalog_2026_07_27,true
sd_sddot_451E5108_v20260727,sd_sddot_451E5108,2026-07-27,,"Bore and Jack 8"" Pipe","Bore and Jack 8"" Pipe",FT,451,sd_sddot_item_catalog_2026_07_27,true
sd_sddot_451E5110_v20260727,sd_sddot_451E5110,2026-07-27,,"Bore and Jack 10"" Pipe","Bore and Jack 10"" Pipe",FT,451,sd_sddot_item_catalog_2026_07_27,true
sd_sddot_451E5112_v20260727,sd_sddot_451E5112,2026-07-27,,"Bore and Jack 12"" Pipe","Bore and Jack 12"" Pipe",FT,451,sd_sddot_item_catalog_2026_07_27,true
sd_sddot_451E5114_v20260727,sd_sddot_451E5114,2026-07-27,,"Bore and Jack 14"" Pipe","Bore and Jack 14"" Pipe",FT,451,sd_sddot_item_catalog_2026_07_27,true
sd_sddot_451E5115_v20260727,sd_sddot_451E5115,2026-07-27,,"Bore and Jack 15"" Pipe","Bore and Jack 15"" Pipe",FT,451,sd_sddot_item_catalog_2026_07_27,true
sd_sddot_451E5116_v20260727,sd_sddot_451E5116,2026-07-27,,"Bore and Jack 16"" Pipe","Bore and Jack 16"" Pipe",FT,451,sd_sddot_item_catalog_2026_07_27,true
sd_sddot_451E5118_v20260727,sd_sddot_451E5118,2026-07-27,,"Bore and Jack 18"" Pipe","Bore and Jack 18"" Pipe",FT,451,sd_sddot_item_catalog_2026_07_27,true
sd_sddot_451E5120_v20260727,sd_sddot_451E5120,2026-07-27,,"Bore and Jack 20"" Pipe","Bore and Jack 20"" Pipe",FT,451,sd_sddot_item_catalog_2026_07_27,true
sd_sddot_451E5124_v20260727,sd_sddot_451E5124,2026-07-27,,"Bore and Jack 24"" Pipe","Bore and Jack 24"" Pipe",FT,451,sd_sddot_item_catalog_2026_07_27,true
sd_sddot_451E5126_v20260727,sd_sddot_451E5126,2026-07-27,,"Bore and Jack 26"" Pipe","Bore and Jack 26"" Pipe",FT,451,sd_sddot_item_catalog_2026_07_27,true
sd_sddot_451E5130_v20260727,sd_sddot_451E5130,2026-07-27,,"Bore and Jack 30"" Pipe","Bore and Jack 30"" Pipe",FT,451,sd_sddot_item_catalog_2026_07_27,true
sd_sddot_451E5132_v20260727,sd_sddot_451E5132,2026-07-27,,"Bore and Jack 32"" Pipe","Bore and Jack 32"" Pipe",FT,451,sd_sddot_item_catalog_2026_07_27,true
sd_sddot_451E5136_v20260727,sd_sddot_451E5136,2026-07-27,,"Bore and Jack 36"" Pipe","Bore and Jack 36"" Pipe",FT,451,sd_sddot_item_catalog_2026_07_27,true
sd_sddot_451E5142_v20260727,sd_sddot_451E5142,2026-07-27,,"Bore and Jack 42"" Pipe","Bore and Jack 42"" Pipe",FT,451,sd_sddot_item_catalog_2026_07_27,true
sd_sddot_451E5148_v20260727,sd_sddot_451E5148,2026-07-27,,"Bore and Jack 48"" Pipe","Bore and Jack 48"" Pipe",FT,451,sd_sddot_item_catalog_2026_07_27,true
sd_sddot_451E5154_v20260727,sd_sddot_451E5154,2026-07-27,,"Bore and Jack 54"" Pipe","Bore and Jack 54"" Pipe",FT,451,sd_sddot_item_catalog_2026_07_27,true
sd_sddot_451E5160_v20260727,sd_sddot_451E5160,2026-07-27,,"Bore and Jack 60"" Pipe","Bore and Jack 60"" Pipe",FT,451,sd_sddot_item_catalog_2026_07_27,true
sd_sddot_451E5166_v20260727,sd_sddot_451E5166,2026-07-27,,"Bore and Jack 66"" Pipe","Bore and Jack 66"" Pipe",FT,451,sd_sddot_item_catalog_2026_07_27,true
sd_sddot_451E5170_v20260727,sd_sddot_451E5170,2026-07-27,,"Bore and Jack 72"" Pipe","Bore and Jack 72"" Pipe",FT,451,sd_sddot_item_catalog_2026_07_27,true
sd_sddot_451E5180_v20260727,sd_sddot_451E5180,2026-07-27,,"Bore and Jack 96"" Pipe","Bore and Jack 96"" Pipe",FT,451,sd_sddot_item_catalog_2026_07_27,true
sd_sddot_451E5190_v20260727,sd_sddot_451E5190,2026-07-27,,Bore Obstruction,Bore Obstruction,EACH,451,sd_sddot_item_catalog_2026_07_27,true
sd_sddot_451E5195_v20260727,sd_sddot_451E5195,2026-07-27,,Pipe Bursting,Pipe Bursting,FT,451,sd_sddot_item_catalog_2026_07_27,true
sd_sddot_451E5204_v20260727,sd_sddot_451E5204,2026-07-27,,"Adjust 4"" Water Main","Adjust 4"" Water Main",FT,451,sd_sddot_item_catalog_2026_07_27,true
sd_sddot_451E5206_v20260727,sd_sddot_451E5206,2026-07-27,,"Adjust 6"" Water Main","Adjust 6"" Water Main",FT,451,sd_sddot_item_catalog_2026_07_27,true
sd_sddot_451E5208_v20260727,sd_sddot_451E5208,2026-07-27,,"Adjust 8"" Water Main","Adjust 8"" Water Main",FT,451,sd_sddot_item_catalog_2026_07_27,true
sd_sddot_451E5210_v20260727,sd_sddot_451E5210,2026-07-27,,"Adjust 10"" Water Main","Adjust 10"" Water Main",FT,451,sd_sddot_item_catalog_2026_07_27,true
sd_sddot_451E5212_v20260727,sd_sddot_451E5212,2026-07-27,,"Adjust 12"" Water Main","Adjust 12"" Water Main",FT,451,sd_sddot_item_catalog_2026_07_27,true
sd_sddot_451E5214_v20260727,sd_sddot_451E5214,2026-07-27,,"Adjust 14"" Water Main","Adjust 14"" Water Main",FT,451,sd_sddot_item_catalog_2026_07_27,true
sd_sddot_451E5216_v20260727,sd_sddot_451E5216,2026-07-27,,"Adjust 16"" Water Main","Adjust 16"" Water Main",FT,451,sd_sddot_item_catalog_2026_07_27,true
sd_sddot_451E5220_v20260727,sd_sddot_451E5220,2026-07-27,,"Adjust 20"" Water Main","Adjust 20"" Water Main",FT,451,sd_sddot_item_catalog_2026_07_27,true
sd_sddot_451E5224_v20260727,sd_sddot_451E5224,2026-07-27,,"Adjust 24"" Water Main","Adjust 24"" Water Main",FT,451,sd_sddot_item_catalog_2026_07_27,true
sd_sddot_451E5230_v20260727,sd_sddot_451E5230,2026-07-27,,"Adjust 30"" Water Main","Adjust 30"" Water Main",FT,451,sd_sddot_item_catalog_2026_07_27,true
sd_sddot_451E5236_v20260727,sd_sddot_451E5236,2026-07-27,,"Adjust 36"" Water Main","Adjust 36"" Water Main",FT,451,sd_sddot_item_catalog_2026_07_27,true
sd_sddot_451E5304_v20260727,sd_sddot_451E5304,2026-07-27,,"Clean and Reline 4"" Water Main","Clean and Reline 4"" Water Main",FT,451,sd_sddot_item_catalog_2026_07_27,true
sd_sddot_451E5306_v20260727,sd_sddot_451E5306,2026-07-27,,"Clean and Reline 6"" Water Main","Clean and Reline 6"" Water Main",FT,451,sd_sddot_item_catalog_2026_07_27,true
sd_sddot_451E5308_v20260727,sd_sddot_451E5308,2026-07-27,,"Clean and Reline 8"" Water Main","Clean and Reline 8"" Water Main",FT,451,sd_sddot_item_catalog_2026_07_27,true
sd_sddot_451E5310_v20260727,sd_sddot_451E5310,2026-07-27,,"Clean and Reline 10"" Water Main","Clean and Reline 10"" Water Main",FT,451,sd_sddot_item_catalog_2026_07_27,true
sd_sddot_451E5312_v20260727,sd_sddot_451E5312,2026-07-27,,"Clean and Reline 12"" Water Main","Clean and Reline 12"" Water Main",FT,451,sd_sddot_item_catalog_2026_07_27,true
sd_sddot_451E5314_v20260727,sd_sddot_451E5314,2026-07-27,,"Clean and Reline 14"" Water Main","Clean and Reline 14"" Water Main",FT,451,sd_sddot_item_catalog_2026_07_27,true
sd_sddot_451E5316_v20260727,sd_sddot_451E5316,2026-07-27,,"Clean and Reline 16"" Water Main","Clean and Reline 16"" Water Main",FT,451,sd_sddot_item_catalog_2026_07_27,true
sd_sddot_451E5320_v20260727,sd_sddot_451E5320,2026-07-27,,"Clean and Reline 20"" Water Main","Clean and Reline 20"" Water Main",FT,451,sd_sddot_item_catalog_2026_07_27,true
sd_sddot_451E5324_v20260727,sd_sddot_451E5324,2026-07-27,,"Clean and Reline 24"" Water Main","Clean and Reline 24"" Water Main",FT,451,sd_sddot_item_catalog_2026_07_27,true
sd_sddot_451E5330_v20260727,sd_sddot_451E5330,2026-07-27,,"Clean and Reline 30"" Water Main","Clean and Reline 30"" Water Main",FT,451,sd_sddot_item_catalog_2026_07_27,true
sd_sddot_451E5336_v20260727,sd_sddot_451E5336,2026-07-27,,"Clean and Reline 36"" Water Main","Clean and Reline 36"" Water Main",FT,451,sd_sddot_item_catalog_2026_07_27,true
sd_sddot_451E5404_v20260727,sd_sddot_451E5404,2026-07-27,,"Reset 4"" Water Main","Reset 4"" Water Main",FT,451,sd_sddot_item_catalog_2026_07_27,true
sd_sddot_451E5406_v20260727,sd_sddot_451E5406,2026-07-27,,"Reset 6"" Water Main","Reset 6"" Water Main",FT,451,sd_sddot_item_catalog_2026_07_27,true
sd_sddot_451E5408_v20260727,sd_sddot_451E5408,2026-07-27,,"Reset 8"" Water Main","Reset 8"" Water Main",FT,451,sd_sddot_item_catalog_2026_07_27,true
sd_sddot_451E5410_v20260727,sd_sddot_451E5410,2026-07-27,,"Reset 10"" Water Main","Reset 10"" Water Main",FT,451,sd_sddot_item_catalog_2026_07_27,true
sd_sddot_451E5412_v20260727,sd_sddot_451E5412,2026-07-27,,"Reset 12"" Water Main","Reset 12"" Water Main",FT,451,sd_sddot_item_catalog_2026_07_27,true
sd_sddot_451E5414_v20260727,sd_sddot_451E5414,2026-07-27,,"Reset 14"" Water Main","Reset 14"" Water Main",FT,451,sd_sddot_item_catalog_2026_07_27,true
sd_sddot_451E5416_v20260727,sd_sddot_451E5416,2026-07-27,,"Reset 16"" Water Main","Reset 16"" Water Main",FT,451,sd_sddot_item_catalog_2026_07_27,true
sd_sddot_451E5420_v20260727,sd_sddot_451E5420,2026-07-27,,"Reset 20"" Water Main","Reset 20"" Water Main",FT,451,sd_sddot_item_catalog_2026_07_27,true
sd_sddot_451E5424_v20260727,sd_sddot_451E5424,2026-07-27,,"Reset 24"" Water Main","Reset 24"" Water Main",FT,451,sd_sddot_item_catalog_2026_07_27,true
sd_sddot_451E5430_v20260727,sd_sddot_451E5430,2026-07-27,,"Reset 30"" Water Main","Reset 30"" Water Main",FT,451,sd_sddot_item_catalog_2026_07_27,true
sd_sddot_451E5436_v20260727,sd_sddot_451E5436,2026-07-27,,"Reset 36"" Water Main","Reset 36"" Water Main",FT,451,sd_sddot_item_catalog_2026_07_27,true
sd_sddot_451E5515_v20260727,sd_sddot_451E5515,2026-07-27,,"Clean and Reline 15"" Sewer Main","Clean and Reline 15"" Sewer Main",FT,451,sd_sddot_item_catalog_2026_07_27,true
sd_sddot_451E5631_v20260727,sd_sddot_451E5631,2026-07-27,,"12""x6"" Pipe Tangential Tee","12""x6"" Pipe Tangential Tee",EACH,451,sd_sddot_item_catalog_2026_07_27,true
sd_sddot_451E5651_v20260727,sd_sddot_451E5651,2026-07-27,,"16""x6"" Pipe Tangential Tee","16""x6"" Pipe Tangential Tee",EACH,451,sd_sddot_item_catalog_2026_07_27,true
sd_sddot_451E5652_v20260727,sd_sddot_451E5652,2026-07-27,,"16""x8"" Pipe Tangential Tee","16""x8"" Pipe Tangential Tee",EACH,451,sd_sddot_item_catalog_2026_07_27,true
sd_sddot_451E6002_v20260727,sd_sddot_451E6002,2026-07-27,,"1"" Water Service, Connect Charge","1"" Water Service, Connect Charge",EACH,451,sd_sddot_item_catalog_2026_07_27,true
sd_sddot_451E6004_v20260727,sd_sddot_451E6004,2026-07-27,,"1.25"" Water Service, Connect Charge","1.25"" Water Service, Connect Charge",EACH,451,sd_sddot_item_catalog_2026_07_27,true
sd_sddot_451E6006_v20260727,sd_sddot_451E6006,2026-07-27,,"1.5"" Water Service, Connect Charge","1.5"" Water Service, Connect Charge",EACH,451,sd_sddot_item_catalog_2026_07_27,true
sd_sddot_451E6008_v20260727,sd_sddot_451E6008,2026-07-27,,"2"" Water Service, Connect Charge","2"" Water Service, Connect Charge",EACH,451,sd_sddot_item_catalog_2026_07_27,true
sd_sddot_451E6050_v20260727,sd_sddot_451E6050,2026-07-27,,Temporary Water Service,Temporary Water Service,EACH,451,sd_sddot_item_catalog_2026_07_27,true
sd_sddot_451E6055_v20260727,sd_sddot_451E6055,2026-07-27,,Temporary Water Main Connection,Temporary Water Main Connection,EACH,451,sd_sddot_item_catalog_2026_07_27,true
sd_sddot_451E6060_v20260727,sd_sddot_451E6060,2026-07-27,,Water Main Stream Crossing,Water Main Stream Crossing,EACH,451,sd_sddot_item_catalog_2026_07_27,true
sd_sddot_451E6070_v20260727,sd_sddot_451E6070,2026-07-27,,Water Service without Valve,Water Service without Valve,EACH,451,sd_sddot_item_catalog_2026_07_27,true
sd_sddot_451E6075_v20260727,sd_sddot_451E6075,2026-07-27,,Adjust Curb Stop Box,Adjust Curb Stop Box,EACH,451,sd_sddot_item_catalog_2026_07_27,true
sd_sddot_451E6080_v20260727,sd_sddot_451E6080,2026-07-27,,Adjust Water Valve Box,Adjust Water Valve Box,EACH,451,sd_sddot_item_catalog_2026_07_27,true
sd_sddot_451E6085_v20260727,sd_sddot_451E6085,2026-07-27,,Extend Water Valve Box,Extend Water Valve Box,EACH,451,sd_sddot_item_catalog_2026_07_27,true
sd_sddot_451E6090_v20260727,sd_sddot_451E6090,2026-07-27,,Replace Water Valve Box,Replace Water Valve Box,EACH,451,sd_sddot_item_catalog_2026_07_27,true
sd_sddot_451E6095_v20260727,sd_sddot_451E6095,2026-07-27,,Remove and Reset Valve and Box,Remove and Reset Valve and Box,EACH,451,sd_sddot_item_catalog_2026_07_27,true
sd_sddot_451E6099_v20260727,sd_sddot_451E6099,2026-07-27,,Abandon Water Service,Abandon Water Service,EACH,451,sd_sddot_item_catalog_2026_07_27,true
sd_sddot_451E6100_v20260727,sd_sddot_451E6100,2026-07-27,,Reconnect Water Service,Reconnect Water Service,EACH,451,sd_sddot_item_catalog_2026_07_27,true
sd_sddot_451E6101_v20260727,sd_sddot_451E6101,2026-07-27,,Abandon Water Main,Abandon Water Main,EACH,451,sd_sddot_item_catalog_2026_07_27,true
sd_sddot_451E6102_v20260727,sd_sddot_451E6102,2026-07-27,,Water Main Lowering,Water Main Lowering,EACH,451,sd_sddot_item_catalog_2026_07_27,true
sd_sddot_451E6103_v20260727,sd_sddot_451E6103,2026-07-27,,Abandon Water Main,Abandon Water Main,FT,451,sd_sddot_item_catalog_2026_07_27,true
sd_sddot_451E6105_v20260727,sd_sddot_451E6105,2026-07-27,,Connect To Existing Water Main,Connect To Existing Water Main,EACH,451,sd_sddot_item_catalog_2026_07_27,true
sd_sddot_451E6106_v20260727,sd_sddot_451E6106,2026-07-27,,Cut and Tie to Existing Water Main,Cut and Tie to Existing Water Main,EACH,451,sd_sddot_item_catalog_2026_07_27,true
sd_sddot_451E6107_v20260727,sd_sddot_451E6107,2026-07-27,,Temporary Water Main Bypass,Temporary Water Main Bypass,EACH,451,sd_sddot_item_catalog_2026_07_27,true
sd_sddot_451E6150_v20260727,sd_sddot_451E6150,2026-07-27,,Concrete Valve Box Collar,Concrete Valve Box Collar,EACH,451,sd_sddot_item_catalog_2026_07_27,true
sd_sddot_451E6200_v20260727,sd_sddot_451E6200,2026-07-27,,Connect Drain to Drop Inlet,Connect Drain to Drop Inlet,EACH,451,sd_sddot_item_catalog_2026_07_27,true
sd_sddot_451E6500_v20260727,sd_sddot_451E6500,2026-07-27,,Adjust Fire Hydrant,Adjust Fire Hydrant,EACH,451,sd_sddot_item_catalog_2026_07_27,true
sd_sddot_451E6505_v20260727,sd_sddot_451E6505,2026-07-27,,Adjust Fire Hydrant with Valve and Box,Adjust Fire Hydrant with Valve and Box,EACH,451,sd_sddot_item_catalog_2026_07_27,true
sd_sddot_451E6510_v20260727,sd_sddot_451E6510,2026-07-27,,Move Fire Hydrant,Move Fire Hydrant,EACH,451,sd_sddot_item_catalog_2026_07_27,true
sd_sddot_451E6515_v20260727,sd_sddot_451E6515,2026-07-27,,Remove and Reset Fire Hydrant,Remove and Reset Fire Hydrant,EACH,451,sd_sddot_item_catalog_2026_07_27,true
sd_sddot_451E6520_v20260727,sd_sddot_451E6520,2026-07-27,,Reconnect Fire Service Line,Reconnect Fire Service Line,EACH,451,sd_sddot_item_catalog_2026_07_27,true
sd_sddot_451E7000_v20260727,sd_sddot_451E7000,2026-07-27,,Sewer Pipe Stream Crossing,Sewer Pipe Stream Crossing,L S,451,sd_sddot_item_catalog_2026_07_27,true
sd_sddot_451E7002_v20260727,sd_sddot_451E7002,2026-07-27,,Abandon Sewer Service,Abandon Sewer Service,EACH,451,sd_sddot_item_catalog_2026_07_27,true
sd_sddot_451E7005_v20260727,sd_sddot_451E7005,2026-07-27,,Adjust Sewer Service,Adjust Sewer Service,EACH,451,sd_sddot_item_catalog_2026_07_27,true
sd_sddot_451E7010_v20260727,sd_sddot_451E7010,2026-07-27,,Reconnect Sewer Service,Reconnect Sewer Service,EACH,451,sd_sddot_item_catalog_2026_07_27,true
sd_sddot_451E7012_v20260727,sd_sddot_451E7012,2026-07-27,,Reconstruct Sewer Vent,Reconstruct Sewer Vent,EACH,451,sd_sddot_item_catalog_2026_07_27,true
sd_sddot_451E7015_v20260727,sd_sddot_451E7015,2026-07-27,,Connect Sewer Service,Connect Sewer Service,EACH,451,sd_sddot_item_catalog_2026_07_27,true
sd_sddot_451E7016_v20260727,sd_sddot_451E7016,2026-07-27,,Connect to Existing Sewer Main,Connect to Existing Sewer Main,EACH,451,sd_sddot_item_catalog_2026_07_27,true
sd_sddot_451E7017_v20260727,sd_sddot_451E7017,2026-07-27,,Abandon Sewer Main,Abandon Sewer Main,FT,451,sd_sddot_item_catalog_2026_07_27,true
sd_sddot_451E7019_v20260727,sd_sddot_451E7019,2026-07-27,,Sewer Bypass Pumping,Sewer Bypass Pumping,EACH,451,sd_sddot_item_catalog_2026_07_27,true
sd_sddot_451E7020_v20260727,sd_sddot_451E7020,2026-07-27,,Sewer Bypass Pumping,Sewer Bypass Pumping,L S,451,sd_sddot_item_catalog_2026_07_27,true
sd_sddot_451E7021_v20260727,sd_sddot_451E7021,2026-07-27,,Sewer Bypass Pumping 1,Sewer Bypass Pumping 1,L S,451,sd_sddot_item_catalog_2026_07_27,true
sd_sddot_451E7022_v20260727,sd_sddot_451E7022,2026-07-27,,Sewer Bypass Pumping 2,Sewer Bypass Pumping 2,L S,451,sd_sddot_item_catalog_2026_07_27,true
sd_sddot_451E7025_v20260727,sd_sddot_451E7025,2026-07-27,,Repair Sewer Pipe,Repair Sewer Pipe,EACH,451,sd_sddot_item_catalog_2026_07_27,true
sd_sddot_451E7030_v20260727,sd_sddot_451E7030,2026-07-27,,Refurbish Lift Station,Refurbish Lift Station,EACH,451,sd_sddot_item_catalog_2026_07_27,true
sd_sddot_451E7040_v20260727,sd_sddot_451E7040,2026-07-27,,Abandon Lift Station,Abandon Lift Station,EACH,451,sd_sddot_item_catalog_2026_07_27,true
sd_sddot_451E7050_v20260727,sd_sddot_451E7050,2026-07-27,,Temporary Sanitary Sewer Service Connection,Temporary Sanitary Sewer Service Connection,EACH,451,sd_sddot_item_catalog_2026_07_27,true
sd_sddot_451E7052_v20260727,sd_sddot_451E7052,2026-07-27,,Temporary Sanitary Sewer Main Connection,Temporary Sanitary Sewer Main Connection,EACH,451,sd_sddot_item_catalog_2026_07_27,true
sd_sddot_451E7108_v20260727,sd_sddot_451E7108,2026-07-27,,"8"" Temporary Sewer Pipe","8"" Temporary Sewer Pipe",FT,451,sd_sddot_item_catalog_2026_07_27,true
sd_sddot_451E7300_v20260727,sd_sddot_451E7300,2026-07-27,,Repair Drain Tile,Repair Drain Tile,FT,451,sd_sddot_item_catalog_2026_07_27,true
sd_sddot_451E7305_v20260727,sd_sddot_451E7305,2026-07-27,,Cleanout Drain Tile,Cleanout Drain Tile,FT,451,sd_sddot_item_catalog_2026_07_27,true
sd_sddot_451E7318_v20260727,sd_sddot_451E7318,2026-07-27,,"18"" Drain Tile","18"" Drain Tile",FT,451,sd_sddot_item_catalog_2026_07_27,true
sd_sddot_451E7400_v20260727,sd_sddot_451E7400,2026-07-27,,Corrosion Protection,Corrosion Protection,L S,451,sd_sddot_item_catalog_2026_07_27,true
sd_sddot_451E7401_v20260727,sd_sddot_451E7401,2026-07-27,,Joint Bond,Joint Bond,EACH,451,sd_sddot_item_catalog_2026_07_27,true
sd_sddot_451E7402_v20260727,sd_sddot_451E7402,2026-07-27,,Test Station,Test Station,EACH,451,sd_sddot_item_catalog_2026_07_27,true
sd_sddot_451E7500_v20260727,sd_sddot_451E7500,2026-07-27,,Locate Utilities,Locate Utilities,EACH,451,sd_sddot_item_catalog_2026_07_27,true
sd_sddot_451E7510_v20260727,sd_sddot_451E7510,2026-07-27,,Verify Utilities,Verify Utilities,EACH,451,sd_sddot_item_catalog_2026_07_27,true
sd_sddot_451E7520_v20260727,sd_sddot_451E7520,2026-07-27,,Exploratory Excavation,Exploratory Excavation,HOUR,451,sd_sddot_item_catalog_2026_07_27,true
sd_sddot_451E8000_v20260727,sd_sddot_451E8000,2026-07-27,,PVC Pipe Deflection Test,PVC Pipe Deflection Test,FT,451,sd_sddot_item_catalog_2026_07_27,true
sd_sddot_451E8010_v20260727,sd_sddot_451E8010,2026-07-27,,Pipe Exfiltration Test,Pipe Exfiltration Test,FT,451,sd_sddot_item_catalog_2026_07_27,true
sd_sddot_451E9066_v20260727,sd_sddot_451E9066,2026-07-27,,"16"" PVC Restrained Joint Sewer Main","16"" PVC Restrained Joint Sewer Main",FT,451,sd_sddot_item_catalog_2026_07_27,true
sd_sddot_460E0010_v20260727,sd_sddot_460E0010,2026-07-27,,"Class A45 Concrete, Bridge Barrier","Class A45 Concrete, Bridge Barrier",CUYD,460,sd_sddot_item_catalog_2026_07_27,true
sd_sddot_460E0020_v20260727,sd_sddot_460E0020,2026-07-27,,"High Performance Concrete, Bridge Deck","High Performance Concrete, Bridge Deck",CUYD,460,sd_sddot_item_catalog_2026_07_27,true
sd_sddot_460E0028_v20260727,sd_sddot_460E0028,2026-07-27,,"Class A45 Low Shrinkage Concrete, Bridge Deck","Class A45 Low Shrinkage Concrete, Bridge Deck",CUYD,460,sd_sddot_item_catalog_2026_07_27,true
sd_sddot_460E0030_v20260727,sd_sddot_460E0030,2026-07-27,,"Class A45 Concrete, Bridge Deck","Class A45 Concrete, Bridge Deck",CUYD,460,sd_sddot_item_catalog_2026_07_27,true
sd_sddot_460E0050_v20260727,sd_sddot_460E0050,2026-07-27,,"Class A45 Concrete, Bridge","Class A45 Concrete, Bridge",CUYD,460,sd_sddot_item_catalog_2026_07_27,true
sd_sddot_460E0060_v20260727,sd_sddot_460E0060,2026-07-27,,"Class A45 Concrete, Self Consolidating","Class A45 Concrete, Self Consolidating",CUYD,460,sd_sddot_item_catalog_2026_07_27,true
sd_sddot_460E0070_v20260727,sd_sddot_460E0070,2026-07-27,,"Class A45 Concrete, Bridge Repair","Class A45 Concrete, Bridge Repair",CUYD,460,sd_sddot_item_catalog_2026_07_27,true
sd_sddot_460E0100_v20260727,sd_sddot_460E0100,2026-07-27,,"Class A45 Concrete, Miscellaneous","Class A45 Concrete, Miscellaneous",CUYD,460,sd_sddot_item_catalog_2026_07_27,true
sd_sddot_460E0110_v20260727,sd_sddot_460E0110,2026-07-27,,"Class A50 Concrete, Miscellaneous","Class A50 Concrete, Miscellaneous",CUYD,460,sd_sddot_item_catalog_2026_07_27,true
sd_sddot_460E0115_v20260727,sd_sddot_460E0115,2026-07-27,,"Class A60 Concrete, Miscellaneous","Class A60 Concrete, Miscellaneous",CUYD,460,sd_sddot_item_catalog_2026_07_27,true
sd_sddot_460E0120_v20260727,sd_sddot_460E0120,2026-07-27,,"Class A45 Concrete, Box Culvert","Class A45 Concrete, Box Culvert",CUYD,460,sd_sddot_item_catalog_2026_07_27,true
sd_sddot_460E0150_v20260727,sd_sddot_460E0150,2026-07-27,,Concrete Approach Slab for Bridge,Concrete Approach Slab for Bridge,SQYD,460,sd_sddot_item_catalog_2026_07_27,true
sd_sddot_460E0160_v20260727,sd_sddot_460E0160,2026-07-27,,Concrete Approach Sleeper Slab for Bridge,Concrete Approach Sleeper Slab for Bridge,SQYD,460,sd_sddot_item_catalog_2026_07_27,true
sd_sddot_460E0174_v20260727,sd_sddot_460E0174,2026-07-27,,"Concrete Patching Material, Miscellaneous","Concrete Patching Material, Miscellaneous",CUFT,460,sd_sddot_item_catalog_2026_07_27,true
sd_sddot_460E0175_historical,sd_sddot_460E0175,,,"Concrete Substructure Repair, Type I","Concrete Substructure Repair, Type I",SQFT,460,sd_sddot_bid_tabs_2021_05_05,false
sd_sddot_460E0176_historical,sd_sddot_460E0176,,,"Concrete Substructure Repair, Type II","Concrete Substructure Repair, Type II",SQFT,460,sd_sddot_bid_tabs_2021_05_05,false
sd_sddot_460E0177_historical,sd_sddot_460E0177,,,"Concrete Substructure Repair, Type III","Concrete Substructure Repair, Type III",SQFT,460,sd_sddot_bid_tabs_2021_05_05,false
sd_sddot_460E0185_v20260727,sd_sddot_460E0185,2026-07-27,,Rout & Seal Crack in Structural Concrete,Rout & Seal Crack in Structural Concrete,FT,460,sd_sddot_item_catalog_2026_07_27,true
sd_sddot_460E0190_v20260727,sd_sddot_460E0190,2026-07-27,,Concrete Crack Injection/Sealing,Concrete Crack Injection/Sealing,IN,460,sd_sddot_item_catalog_2026_07_27,true
sd_sddot_460E0198_v20260727,sd_sddot_460E0198,2026-07-27,,Remove Special Surface Finish,Remove Special Surface Finish,SQFT,460,sd_sddot_item_catalog_2026_07_27,true
sd_sddot_460E0200_v20260727,sd_sddot_460E0200,2026-07-27,,Special Surface Finish,Special Surface Finish,SQFT,460,sd_sddot_item_catalog_2026_07_27,true
sd_sddot_460E0202_v20260727,sd_sddot_460E0202,2026-07-27,,Concrete Protective Coating,Concrete Protective Coating,SQFT,460,sd_sddot_item_catalog_2026_07_27,true
sd_sddot_460E0204_v20260727,sd_sddot_460E0204,2026-07-27,,Anti-Graffiti Coating,Anti-Graffiti Coating,SQFT,460,sd_sddot_item_catalog_2026_07_27,true
sd_sddot_460E0205_v20260727,sd_sddot_460E0205,2026-07-27,,Architectural Surface Finish,Architectural Surface Finish,SQFT,460,sd_sddot_item_catalog_2026_07_27,true
sd_sddot_460E0206_v20260727,sd_sddot_460E0206,2026-07-27,,Architectural Surface Finish Test Panel,Architectural Surface Finish Test Panel,EACH,460,sd_sddot_item_catalog_2026_07_27,true
sd_sddot_460E0208_v20260727,sd_sddot_460E0208,2026-07-27,,Orthotropic Deck Epoxy Polymer Wearing Surface,Orthotropic Deck Epoxy Polymer Wearing Surface,SQYD,460,sd_sddot_item_catalog_2026_07_27,true
sd_sddot_460E0210_v20260727,sd_sddot_460E0210,2026-07-27,,Concrete Surface Preparation,Concrete Surface Preparation,SQYD,460,sd_sddot_item_catalog_2026_07_27,true
sd_sddot_460E0215_v20260727,sd_sddot_460E0215,2026-07-27,,Grooving Bridge Deck,Grooving Bridge Deck,SQYD,460,sd_sddot_item_catalog_2026_07_27,true
sd_sddot_460E0230_v20260727,sd_sddot_460E0230,2026-07-27,,Concrete Penetrating Sealer,Concrete Penetrating Sealer,SQYD,460,sd_sddot_item_catalog_2026_07_27,true
sd_sddot_460E0240_v20260727,sd_sddot_460E0240,2026-07-27,,Concrete Crack Healer/Sealer,Concrete Crack Healer/Sealer,SQFT,460,sd_sddot_item_catalog_2026_07_27,true
sd_sddot_460E0300_v20260727,sd_sddot_460E0300,2026-07-27,,Breakout Structural Concrete,Breakout Structural Concrete,CUYD,460,sd_sddot_item_catalog_2026_07_27,true
sd_sddot_460E0305_v20260727,sd_sddot_460E0305,2026-07-27,,Overhead Concrete Removal on Structure,Overhead Concrete Removal on Structure,SQYD,460,sd_sddot_item_catalog_2026_07_27,true
sd_sddot_460E0310_v20260727,sd_sddot_460E0310,2026-07-27,,Breakout and Replace Grout Pad,Breakout and Replace Grout Pad,EACH,460,sd_sddot_item_catalog_2026_07_27,true
sd_sddot_460E0320_v20260727,sd_sddot_460E0320,2026-07-27,,Modify Bridge End Block,Modify Bridge End Block,EACH,460,sd_sddot_item_catalog_2026_07_27,true
sd_sddot_460E0375_v20260727,sd_sddot_460E0375,2026-07-27,,Concrete Insert,Concrete Insert,EACH,460,sd_sddot_item_catalog_2026_07_27,true
sd_sddot_460E0379_v20260727,sd_sddot_460E0379,2026-07-27,,Drilled In Shear Bar,Drilled In Shear Bar,EACH,460,sd_sddot_item_catalog_2026_07_27,true
sd_sddot_460E0380_v20260727,sd_sddot_460E0380,2026-07-27,,Install Dowel in Concrete,Install Dowel in Concrete,EACH,460,sd_sddot_item_catalog_2026_07_27,true
sd_sddot_460E0382_v20260727,sd_sddot_460E0382,2026-07-27,,Install Dowel in Rock,Install Dowel in Rock,FT,460,sd_sddot_item_catalog_2026_07_27,true
sd_sddot_460E0400_v20260727,sd_sddot_460E0400,2026-07-27,,Form Liner,Form Liner,SQFT,460,sd_sddot_item_catalog_2026_07_27,true
sd_sddot_460E0500_v20260727,sd_sddot_460E0500,2026-07-27,,"Deck Drain, Girder Bridge","Deck Drain, Girder Bridge",EACH,460,sd_sddot_item_catalog_2026_07_27,true
sd_sddot_460E0502_v20260727,sd_sddot_460E0502,2026-07-27,,"Deck Drain, Slab Bridge","Deck Drain, Slab Bridge",EACH,460,sd_sddot_item_catalog_2026_07_27,true
sd_sddot_460E0510_v20260727,sd_sddot_460E0510,2026-07-27,,Extend Deck Drain,Extend Deck Drain,EACH,460,sd_sddot_item_catalog_2026_07_27,true
sd_sddot_460E0600_v20260727,sd_sddot_460E0600,2026-07-27,,Housing and Heating Concrete,Housing and Heating Concrete,CUYD,460,sd_sddot_item_catalog_2026_07_27,true
sd_sddot_460E0650_v20260727,sd_sddot_460E0650,2026-07-27,,Roadway Canopy,Roadway Canopy,L S,460,sd_sddot_item_catalog_2026_07_27,true
sd_sddot_460E0700_v20260727,sd_sddot_460E0700,2026-07-27,,Joint Nosing Material,Joint Nosing Material,SQFT,460,sd_sddot_item_catalog_2026_07_27,true
sd_sddot_460E4000_v20260727,sd_sddot_460E4000,2026-07-27,,Nonmetallic Fiber Reinforced Concrete Overlay,Nonmetallic Fiber Reinforced Concrete Overlay,CUYD,460,sd_sddot_item_catalog_2026_07_27,true
sd_sddot_460E5050_v20260727,sd_sddot_460E5050,2026-07-27,,"7/8"" Threaded Rod, Adhesive Anchor","7/8"" Threaded Rod, Adhesive Anchor",EACH,460,sd_sddot_item_catalog_2026_07_27,true
sd_sddot_460E5051_v20260727,sd_sddot_460E5051,2026-07-27,,"1"" Threaded Rod, Adhesive Anchor","1"" Threaded Rod, Adhesive Anchor",EACH,460,sd_sddot_item_catalog_2026_07_27,true
sd_sddot_460E5900_v20260727,sd_sddot_460E5900,2026-07-27,,"No. 9 Rebar, Drilled-In Adhesive Anchor","No. 9 Rebar, Drilled-In Adhesive Anchor",EACH,460,sd_sddot_item_catalog_2026_07_27,true
sd_sddot_460E5910_v20260727,sd_sddot_460E5910,2026-07-27,,"No. 9 Rebar, Drilled-In Overhead Adhesive Anchor","No. 9 Rebar, Drilled-In Overhead Adhesive Anchor",EACH,460,sd_sddot_item_catalog_2026_07_27,true
sd_sddot_460E8000_v20260727,sd_sddot_460E8000,2026-07-27,,Column Fiber Wrap,Column Fiber Wrap,EACH,460,sd_sddot_item_catalog_2026_07_27,true
sd_sddot_460E8005_v20260727,sd_sddot_460E8005,2026-07-27,,Repair Column,Repair Column,EACH,460,sd_sddot_item_catalog_2026_07_27,true
sd_sddot_460E8050_v20260727,sd_sddot_460E8050,2026-07-27,,"Composite Fabric Wrap, Concrete Repair","Composite Fabric Wrap, Concrete Repair",SQFT,460,sd_sddot_item_catalog_2026_07_27,true
sd_sddot_460E8100_v20260727,sd_sddot_460E8100,2026-07-27,,Repair Underside of Bridge Deck,Repair Underside of Bridge Deck,SQFT,460,sd_sddot_item_catalog_2026_07_27,true
sd_sddot_460E8200_v20260727,sd_sddot_460E8200,2026-07-27,,Lightweight Concrete Topped Metal Deck,Lightweight Concrete Topped Metal Deck,SQFT,460,sd_sddot_item_catalog_2026_07_27,true
sd_sddot_460E8500_v20260727,sd_sddot_460E8500,2026-07-27,,Concrete Void Form,Concrete Void Form,SQFT,460,sd_sddot_item_catalog_2026_07_27,true
sd_sddot_462E0100_v20260727,sd_sddot_462E0100,2026-07-27,,Class M6 Concrete,Class M6 Concrete,CUYD,462,sd_sddot_item_catalog_2026_07_27,true
sd_sddot_462E0250_historical,sd_sddot_462E0250,,,Cellular Grout,Cellular Grout,CUYD,462,sd_sddot_bid_tabs_2026_05_06,false
sd_sddot_462E0300_v20260727,sd_sddot_462E0300,2026-07-27,,Foundation Stabilization Grout,Foundation Stabilization Grout,CUYD,462,sd_sddot_item_catalog_2026_07_27,true
sd_sddot_463E0250_v20260727,sd_sddot_463E0250,2026-07-27,,Cellular Grout,Cellular Grout,CUYD,463,sd_sddot_item_catalog_2026_07_27,true
sd_sddot_464E0100_v20260727,sd_sddot_464E0100,2026-07-27,,Controlled Density Fill,Controlled Density Fill,CUYD,464,sd_sddot_item_catalog_2026_07_27,true
sd_sddot_465E0010_v20260727,sd_sddot_465E0010,2026-07-27,,Demonstration Drilled Shaft,Demonstration Drilled Shaft,EACH,465,sd_sddot_item_catalog_2026_07_27,true
sd_sddot_465E0100_v20260727,sd_sddot_465E0100,2026-07-27,,"Class A45 Concrete, Drilled Shaft","Class A45 Concrete, Drilled Shaft",CUYD,465,sd_sddot_item_catalog_2026_07_27,true
sd_sddot_465E0200_v20260727,sd_sddot_465E0200,2026-07-27,,Drilled Shaft Excavation,Drilled Shaft Excavation,CUYD,465,sd_sddot_item_catalog_2026_07_27,true
sd_sddot_465E0400_v20260727,sd_sddot_465E0400,2026-07-27,,Crosshole Sonic Log (CSL) Test,Crosshole Sonic Log (CSL) Test,EACH,465,sd_sddot_item_catalog_2026_07_27,true
sd_sddot_465E0406_v20260727,sd_sddot_465E0406,2026-07-27,,Thermal Integrity Profiling (TIP) Test,Thermal Integrity Profiling (TIP) Test,EACH,465,sd_sddot_item_catalog_2026_07_27,true
sd_sddot_465E1024_v20260727,sd_sddot_465E1024,2026-07-27,,"24"" Permanent Casing","24"" Permanent Casing",FT,465,sd_sddot_item_catalog_2026_07_27,true
sd_sddot_465E1026_v20260727,sd_sddot_465E1026,2026-07-27,,"26"" Permanent Casing","26"" Permanent Casing",FT,465,sd_sddot_item_catalog_2026_07_27,true
sd_sddot_465E1030_v20260727,sd_sddot_465E1030,2026-07-27,,"30"" Permanent Casing","30"" Permanent Casing",FT,465,sd_sddot_item_catalog_2026_07_27,true
sd_sddot_465E1032_v20260727,sd_sddot_465E1032,2026-07-27,,"32"" Permanent Casing","32"" Permanent Casing",FT,465,sd_sddot_item_catalog_2026_07_27,true
sd_sddot_465E1034_v20260727,sd_sddot_465E1034,2026-07-27,,"34"" Permanent Casing","34"" Permanent Casing",FT,465,sd_sddot_item_catalog_2026_07_27,true
sd_sddot_465E1036_v20260727,sd_sddot_465E1036,2026-07-27,,"36"" Permanent Casing","36"" Permanent Casing",FT,465,sd_sddot_item_catalog_2026_07_27,true
sd_sddot_465E1038_v20260727,sd_sddot_465E1038,2026-07-27,,"38"" Permanent Casing","38"" Permanent Casing",FT,465,sd_sddot_item_catalog_2026_07_27,true
sd_sddot_465E1044_v20260727,sd_sddot_465E1044,2026-07-27,,"44"" Permanent Casing","44"" Permanent Casing",FT,465,sd_sddot_item_catalog_2026_07_27,true
sd_sddot_465E1050_v20260727,sd_sddot_465E1050,2026-07-27,,"50"" Permanent Casing","50"" Permanent Casing",FT,465,sd_sddot_item_catalog_2026_07_27,true
sd_sddot_465E1056_v20260727,sd_sddot_465E1056,2026-07-27,,"56"" Permanent Casing","56"" Permanent Casing",FT,465,sd_sddot_item_catalog_2026_07_27,true
sd_sddot_465E1062_v20260727,sd_sddot_465E1062,2026-07-27,,"62"" Permanent Casing","62"" Permanent Casing",FT,465,sd_sddot_item_catalog_2026_07_27,true
sd_sddot_465E1074_v20260727,sd_sddot_465E1074,2026-07-27,,"74"" Permanent Casing","74"" Permanent Casing",FT,465,sd_sddot_item_catalog_2026_07_27,true
sd_sddot_465E1086_v20260727,sd_sddot_465E1086,2026-07-27,,"86"" Permanent Casing","86"" Permanent Casing",FT,465,sd_sddot_item_catalog_2026_07_27,true
sd_sddot_465E1110_v20260727,sd_sddot_465E1110,2026-07-27,,"110"" Permanent Casing","110"" Permanent Casing",FT,465,sd_sddot_item_catalog_2026_07_27,true
sd_sddot_465E1120_v20260727,sd_sddot_465E1120,2026-07-27,,"120"" Permanent Casing","120"" Permanent Casing",FT,465,sd_sddot_item_catalog_2026_07_27,true
sd_sddot_465E1144_v20260727,sd_sddot_465E1144,2026-07-27,,"144"" Permanent Casing","144"" Permanent Casing",FT,465,sd_sddot_item_catalog_2026_07_27,true
sd_sddot_470E0020_v20260727,sd_sddot_470E0020,2026-07-27,,Pipe Handrail,Pipe Handrail,FT,470,sd_sddot_item_catalog_2026_07_27,true
sd_sddot_470E0025_v20260727,sd_sddot_470E0025,2026-07-27,,Cable Handrail,Cable Handrail,FT,470,sd_sddot_item_catalog_2026_07_27,true
sd_sddot_470E0030_v20260727,sd_sddot_470E0030,2026-07-27,,Special Steel Railing,Special Steel Railing,FT,470,sd_sddot_item_catalog_2026_07_27,true
sd_sddot_470E0040_v20260727,sd_sddot_470E0040,2026-07-27,,Steel Pedestrian Railing,Steel Pedestrian Railing,FT,470,sd_sddot_item_catalog_2026_07_27,true
sd_sddot_470E0044_v20260727,sd_sddot_470E0044,2026-07-27,,Timber Pedestrian Railing,Timber Pedestrian Railing,FT,470,sd_sddot_item_catalog_2026_07_27,true
sd_sddot_470E0046_v20260727,sd_sddot_470E0046,2026-07-27,,Decorative Concrete Pedestrian Railing,Decorative Concrete Pedestrian Railing,FT,470,sd_sddot_item_catalog_2026_07_27,true
sd_sddot_470E0050_v20260727,sd_sddot_470E0050,2026-07-27,,Steel Bicycle Railing,Steel Bicycle Railing,FT,470,sd_sddot_item_catalog_2026_07_27,true
sd_sddot_470E0054_v20260727,sd_sddot_470E0054,2026-07-27,,Timber Bicycle Railing,Timber Bicycle Railing,FT,470,sd_sddot_item_catalog_2026_07_27,true
sd_sddot_470E0120_v20260727,sd_sddot_470E0120,2026-07-27,,Steel Pedestrian Railing on Sidewalk,Steel Pedestrian Railing on Sidewalk,FT,470,sd_sddot_item_catalog_2026_07_27,true
sd_sddot_470E0130_v20260727,sd_sddot_470E0130,2026-07-27,,Steel Bicycle Railing on Sidewalk,Steel Bicycle Railing on Sidewalk,FT,470,sd_sddot_item_catalog_2026_07_27,true
sd_sddot_470E0220_v20260727,sd_sddot_470E0220,2026-07-27,,Steel Pedestrian Railing on Concrete Barrier,Steel Pedestrian Railing on Concrete Barrier,FT,470,sd_sddot_item_catalog_2026_07_27,true
sd_sddot_470E0230_v20260727,sd_sddot_470E0230,2026-07-27,,Steel Bicycle Railing on Concrete Barrier,Steel Bicycle Railing on Concrete Barrier,FT,470,sd_sddot_item_catalog_2026_07_27,true
sd_sddot_470E0280_v20260727,sd_sddot_470E0280,2026-07-27,,Reset Steel Railing,Reset Steel Railing,FT,470,sd_sddot_item_catalog_2026_07_27,true
sd_sddot_470E0310_v20260727,sd_sddot_470E0310,2026-07-27,,Reset Bridge Rail Post,Reset Bridge Rail Post,EACH,470,sd_sddot_item_catalog_2026_07_27,true
sd_sddot_470E0350_v20260727,sd_sddot_470E0350,2026-07-27,,Railing End Anchor,Railing End Anchor,EACH,470,sd_sddot_item_catalog_2026_07_27,true
sd_sddot_470E0360_v20260727,sd_sddot_470E0360,2026-07-27,,Expanding Railing Splice,Expanding Railing Splice,EACH,470,sd_sddot_item_catalog_2026_07_27,true
sd_sddot_470E0370_v20260727,sd_sddot_470E0370,2026-07-27,,Non-Expanding Railing Splice,Non-Expanding Railing Splice,EACH,470,sd_sddot_item_catalog_2026_07_27,true
sd_sddot_470E0380_v20260727,sd_sddot_470E0380,2026-07-27,,Modify Bridge Rail,Modify Bridge Rail,FT,470,sd_sddot_item_catalog_2026_07_27,true
sd_sddot_470E0410_v20260727,sd_sddot_470E0410,2026-07-27,,Type SL-1 Bridge Railing,Type SL-1 Bridge Railing,FT,470,sd_sddot_item_catalog_2026_07_27,true
sd_sddot_470E0420_v20260727,sd_sddot_470E0420,2026-07-27,,Type T101 Bridge Railing,Type T101 Bridge Railing,FT,470,sd_sddot_item_catalog_2026_07_27,true
sd_sddot_470E0430_v20260727,sd_sddot_470E0430,2026-07-27,,Type T115 Bridge Railing,Type T115 Bridge Railing,FT,470,sd_sddot_item_catalog_2026_07_27,true
sd_sddot_470E0440_v20260727,sd_sddot_470E0440,2026-07-27,,Wyoming Bridge Railing,Wyoming Bridge Railing,FT,470,sd_sddot_item_catalog_2026_07_27,true
sd_sddot_470E0445_v20260727,sd_sddot_470E0445,2026-07-27,,Wyoming Bridge Railing to Thrie Beam Transition,Wyoming Bridge Railing to Thrie Beam Transition,EACH,470,sd_sddot_item_catalog_2026_07_27,true
sd_sddot_470E0460_v20260727,sd_sddot_470E0460,2026-07-27,,Reset Thrie Beam Bridge Rail,Reset Thrie Beam Bridge Rail,FT,470,sd_sddot_item_catalog_2026_07_27,true
sd_sddot_470E0500_v20260727,sd_sddot_470E0500,2026-07-27,,Modified Bridge Rail,Modified Bridge Rail,FT,470,sd_sddot_item_catalog_2026_07_27,true
sd_sddot_470E4010_v20260727,sd_sddot_470E4010,2026-07-27,,"Class B Bridge Guardrail, Design 1T","Class B Bridge Guardrail, Design 1T",FT,470,sd_sddot_item_catalog_2026_07_27,true
sd_sddot_470E4020_v20260727,sd_sddot_470E4020,2026-07-27,,"Class B Bridge Guardrail, Design 2T","Class B Bridge Guardrail, Design 2T",FT,470,sd_sddot_item_catalog_2026_07_27,true
sd_sddot_470E4025_v20260727,sd_sddot_470E4025,2026-07-27,,"Class B Bridge Guardrail, Modified Design 2T","Class B Bridge Guardrail, Modified Design 2T",FT,470,sd_sddot_item_catalog_2026_07_27,true
sd_sddot_470E8000_v20260727,sd_sddot_470E8000,2026-07-27,,Timber Bridge Rail,Timber Bridge Rail,FT,470,sd_sddot_item_catalog_2026_07_27,true
sd_sddot_470E8010_v20260727,sd_sddot_470E8010,2026-07-27,,Timber Bridge Curb,Timber Bridge Curb,FT,470,sd_sddot_item_catalog_2026_07_27,true
sd_sddot_470E8020_v20260727,sd_sddot_470E8020,2026-07-27,,Timber Approach Rail,Timber Approach Rail,FT,470,sd_sddot_item_catalog_2026_07_27,true
sd_sddot_480E0100_v20260727,sd_sddot_480E0100,2026-07-27,,Reinforcing Steel,Reinforcing Steel,LB,480,sd_sddot_item_catalog_2026_07_27,true
sd_sddot_480E0200_v20260727,sd_sddot_480E0200,2026-07-27,,Epoxy Coated Reinforcing Steel,Epoxy Coated Reinforcing Steel,LB,480,sd_sddot_item_catalog_2026_07_27,true
sd_sddot_480E0210_v20260727,sd_sddot_480E0210,2026-07-27,,Install State Furnished Epoxy Coated Reinforcing Steel,Install State Furnished Epoxy Coated Reinforcing Steel,LB,480,sd_sddot_item_catalog_2026_07_27,true
sd_sddot_480E0250_v20260727,sd_sddot_480E0250,2026-07-27,,Zinc and Epoxy Dual-Coated Reinforcing Steel,Zinc and Epoxy Dual-Coated Reinforcing Steel,LB,480,sd_sddot_item_catalog_2026_07_27,true
sd_sddot_480E0300_v20260727,sd_sddot_480E0300,2026-07-27,,Stainless Reinforcing Steel,Stainless Reinforcing Steel,LB,480,sd_sddot_item_catalog_2026_07_27,true
sd_sddot_480E0320_v20260727,sd_sddot_480E0320,2026-07-27,,Stainless Clad Reinforcing Steel,Stainless Clad Reinforcing Steel,LB,480,sd_sddot_item_catalog_2026_07_27,true
sd_sddot_480E0504_v20260727,sd_sddot_480E0504,2026-07-27,,No. 4 Rebar Splice,No. 4 Rebar Splice,EACH,480,sd_sddot_item_catalog_2026_07_27,true
sd_sddot_480E0505_v20260727,sd_sddot_480E0505,2026-07-27,,No. 5 Rebar Splice,No. 5 Rebar Splice,EACH,480,sd_sddot_item_catalog_2026_07_27,true
sd_sddot_480E0506_v20260727,sd_sddot_480E0506,2026-07-27,,No. 6 Rebar Splice,No. 6 Rebar Splice,EACH,480,sd_sddot_item_catalog_2026_07_27,true
sd_sddot_480E0507_v20260727,sd_sddot_480E0507,2026-07-27,,No. 7 Rebar Splice,No. 7 Rebar Splice,EACH,480,sd_sddot_item_catalog_2026_07_27,true
sd_sddot_480E0508_v20260727,sd_sddot_480E0508,2026-07-27,,No. 8 Rebar Splice,No. 8 Rebar Splice,EACH,480,sd_sddot_item_catalog_2026_07_27,true
sd_sddot_480E0509_v20260727,sd_sddot_480E0509,2026-07-27,,No. 9 Rebar Splice,No. 9 Rebar Splice,EACH,480,sd_sddot_item_catalog_2026_07_27,true
sd_sddot_480E0510_v20260727,sd_sddot_480E0510,2026-07-27,,No. 10 Rebar Splice,No. 10 Rebar Splice,EACH,480,sd_sddot_item_catalog_2026_07_27,true
sd_sddot_480E0511_v20260727,sd_sddot_480E0511,2026-07-27,,No. 11 Rebar Splice,No. 11 Rebar Splice,EACH,480,sd_sddot_item_catalog_2026_07_27,true
sd_sddot_480E0514_v20260727,sd_sddot_480E0514,2026-07-27,,No. 14 Rebar Splice,No. 14 Rebar Splice,EACH,480,sd_sddot_item_catalog_2026_07_27,true
sd_sddot_480E0518_v20260727,sd_sddot_480E0518,2026-07-27,,No. 18 Rebar Splice,No. 18 Rebar Splice,EACH,480,sd_sddot_item_catalog_2026_07_27,true
sd_sddot_480E5000_v20260727,sd_sddot_480E5000,2026-07-27,,Galvanic Anode,Galvanic Anode,EACH,480,sd_sddot_item_catalog_2026_07_27,true
sd_sddot_480E5004_v20260727,sd_sddot_480E5004,2026-07-27,,Galvanic Strip Anode,Galvanic Strip Anode,FT,480,sd_sddot_item_catalog_2026_07_27,true
sd_sddot_480E5010_v20260727,sd_sddot_480E5010,2026-07-27,,Concrete Chloride Extraction,Concrete Chloride Extraction,SQFT,480,sd_sddot_item_catalog_2026_07_27,true
sd_sddot_491E0005_v20260727,sd_sddot_491E0005,2026-07-27,,Two Coat Bridge Deck Polymer Chip Seal,Two Coat Bridge Deck Polymer Chip Seal,SQYD,491,sd_sddot_item_catalog_2026_07_27,true
sd_sddot_491E0006_v20260727,sd_sddot_491E0006,2026-07-27,,Two Coat Bridge Deck Polymer Chip Seal Repair,Two Coat Bridge Deck Polymer Chip Seal Repair,SQYD,491,sd_sddot_item_catalog_2026_07_27,true
sd_sddot_491E0007_v20260727,sd_sddot_491E0007,2026-07-27,,Two Coat Bridge Deck Polymer High Friction Chip Seal,Two Coat Bridge Deck Polymer High Friction Chip Seal,SQYD,491,sd_sddot_item_catalog_2026_07_27,true
sd_sddot_491E0008_v20260727,sd_sddot_491E0008,2026-07-27,,Two Coat Bridge Deck Polymer High Friction Chip Seal Repair,Two Coat Bridge Deck Polymer High Friction Chip Seal Repair,SQYD,491,sd_sddot_item_catalog_2026_07_27,true
sd_sddot_491E0010_v20260727,sd_sddot_491E0010,2026-07-27,,Bridge Deck Polymer Chip Seal,Bridge Deck Polymer Chip Seal,SQYD,491,sd_sddot_item_catalog_2026_07_27,true
sd_sddot_491E0025_v20260727,sd_sddot_491E0025,2026-07-27,,Bridge Deck Polymer Chip Seal Placed on Existing Chip Seal,Bridge Deck Polymer Chip Seal Placed on Existing Chip Seal,SQYD,491,sd_sddot_item_catalog_2026_07_27,true
sd_sddot_491E0110_v20260727,sd_sddot_491E0110,2026-07-27,,Abrasive Blasting of Bridge Deck,Abrasive Blasting of Bridge Deck,SQYD,491,sd_sddot_item_catalog_2026_07_27,true
sd_sddot_491E0120_v20260727,sd_sddot_491E0120,2026-07-27,,Bridge Deck Grinding,Bridge Deck Grinding,SQYD,491,sd_sddot_item_catalog_2026_07_27,true
sd_sddot_491E0130_v20260727,sd_sddot_491E0130,2026-07-27,,"Concrete Removal, Class A","Concrete Removal, Class A",SQYD,491,sd_sddot_item_catalog_2026_07_27,true
sd_sddot_491E0140_v20260727,sd_sddot_491E0140,2026-07-27,,"Concrete Removal, Class B","Concrete Removal, Class B",SQYD,491,sd_sddot_item_catalog_2026_07_27,true
sd_sddot_491E0150_v20260727,sd_sddot_491E0150,2026-07-27,,Overhead Concrete Removal on Structure,Overhead Concrete Removal on Structure,CUYD,491,sd_sddot_item_catalog_2026_07_27,true
sd_sddot_491E0172_v20260727,sd_sddot_491E0172,2026-07-27,,"Concrete Patching Material, Bridge Deck","Concrete Patching Material, Bridge Deck",CUFT,491,sd_sddot_item_catalog_2026_07_27,true
sd_sddot_491E0996_v20260727,sd_sddot_491E0996,2026-07-27,,"Two Coat Bridge Deck Polymer Chip Seal ""A""","Two Coat Bridge Deck Polymer Chip Seal ""A""",SQYD,491,sd_sddot_item_catalog_2026_07_27,true
sd_sddot_491E0997_v20260727,sd_sddot_491E0997,2026-07-27,,"Two Coat Bridge Deck Polymer Chip Seal ""B""","Two Coat Bridge Deck Polymer Chip Seal ""B""",SQYD,491,sd_sddot_item_catalog_2026_07_27,true
sd_sddot_491E0998_v20260727,sd_sddot_491E0998,2026-07-27,,"Two Coat Bridge Deck Polymer Chip Seal ""C""","Two Coat Bridge Deck Polymer Chip Seal ""C""",SQYD,491,sd_sddot_item_catalog_2026_07_27,true
sd_sddot_491E0999_v20260727,sd_sddot_491E0999,2026-07-27,,"Two Coat Bridge Deck Polymer Chip Seal ""D""","Two Coat Bridge Deck Polymer Chip Seal ""D""",SQYD,491,sd_sddot_item_catalog_2026_07_27,true
sd_sddot_510E0100_v20260727,sd_sddot_510E0100,2026-07-27,,Extract Pile,Extract Pile,EACH,510,sd_sddot_item_catalog_2026_07_27,true
sd_sddot_510E0200_v20260727,sd_sddot_510E0200,2026-07-27,,Pile Load Test,Pile Load Test,EACH,510,sd_sddot_item_catalog_2026_07_27,true
sd_sddot_510E0220_v20260727,sd_sddot_510E0220,2026-07-27,,Preboring Grouted Pile,Preboring Grouted Pile,FT,510,sd_sddot_item_catalog_2026_07_27,true
sd_sddot_510E0300_v20260727,sd_sddot_510E0300,2026-07-27,,Preboring Pile,Preboring Pile,FT,510,sd_sddot_item_catalog_2026_07_27,true
sd_sddot_510E1000_v20260727,sd_sddot_510E1000,2026-07-27,,Timber Pile Armor,Timber Pile Armor,FT,510,sd_sddot_item_catalog_2026_07_27,true
sd_sddot_510E1100_v20260727,sd_sddot_510E1100,2026-07-27,,Timber Pile Shoe,Timber Pile Shoe,EACH,510,sd_sddot_item_catalog_2026_07_27,true
sd_sddot_510E1200_v20260727,sd_sddot_510E1200,2026-07-27,,Timber Pile Splice,Timber Pile Splice,EACH,510,sd_sddot_item_catalog_2026_07_27,true
sd_sddot_510E1311_v20260727,sd_sddot_510E1311,2026-07-27,,"Timber Test Pile, Furnish and Drive","Timber Test Pile, Furnish and Drive",FT,510,sd_sddot_item_catalog_2026_07_27,true
sd_sddot_510E1331_v20260727,sd_sddot_510E1331,2026-07-27,,"Timber Bearing Pile, Furnish and Drive","Timber Bearing Pile, Furnish and Drive",FT,510,sd_sddot_item_catalog_2026_07_27,true
sd_sddot_510E1500_v20260727,sd_sddot_510E1500,2026-07-27,,Micropile Verification Load Test,Micropile Verification Load Test,EACH,510,sd_sddot_item_catalog_2026_07_27,true
sd_sddot_510E1510_v20260727,sd_sddot_510E1510,2026-07-27,,Micropile Proof Load Test,Micropile Proof Load Test,EACH,510,sd_sddot_item_catalog_2026_07_27,true
sd_sddot_510E1520_v20260727,sd_sddot_510E1520,2026-07-27,,Micropile,Micropile,EACH,510,sd_sddot_item_catalog_2026_07_27,true
sd_sddot_510E2321_v20260727,sd_sddot_510E2321,2026-07-27,,"12""x12"" Prestressed Concrete Test Pile, Furnish and Drive","12""x12"" Prestressed Concrete Test Pile, Furnish and Drive",FT,510,sd_sddot_item_catalog_2026_07_27,true
sd_sddot_510E2325_v20260727,sd_sddot_510E2325,2026-07-27,,"12""x12"" Prestressed Concrete Bearing Pile, Furn and Drive","12""x12"" Prestressed Concrete Bearing Pile, Furn and Drive",FT,510,sd_sddot_item_catalog_2026_07_27,true
sd_sddot_510E2331_v20260727,sd_sddot_510E2331,2026-07-27,,"14""x14"" Prestressed Concrete Test Pile, Furnish and Drive","14""x14"" Prestressed Concrete Test Pile, Furnish and Drive",FT,510,sd_sddot_item_catalog_2026_07_27,true
sd_sddot_510E2335_v20260727,sd_sddot_510E2335,2026-07-27,,"14""x14"" Prestressed Concrete Bearing Pile, Furn and Drive","14""x14"" Prestressed Concrete Bearing Pile, Furn and Drive",FT,510,sd_sddot_item_catalog_2026_07_27,true
sd_sddot_510E3000_v20260727,sd_sddot_510E3000,2026-07-27,,Steel Pile Armor,Steel Pile Armor,FT,510,sd_sddot_item_catalog_2026_07_27,true
sd_sddot_510E3110_v20260727,sd_sddot_510E3110,2026-07-27,,HP 8 Pile Tip Reinforcement,HP 8 Pile Tip Reinforcement,EACH,510,sd_sddot_item_catalog_2026_07_27,true
sd_sddot_510E3120_v20260727,sd_sddot_510E3120,2026-07-27,,HP 10 Pile Tip Reinforcement,HP 10 Pile Tip Reinforcement,EACH,510,sd_sddot_item_catalog_2026_07_27,true
sd_sddot_510E3130_v20260727,sd_sddot_510E3130,2026-07-27,,HP 12 Pile Tip Reinforcement,HP 12 Pile Tip Reinforcement,EACH,510,sd_sddot_item_catalog_2026_07_27,true
sd_sddot_510E3140_v20260727,sd_sddot_510E3140,2026-07-27,,HP 14 Pile Tip Reinforcement,HP 14 Pile Tip Reinforcement,EACH,510,sd_sddot_item_catalog_2026_07_27,true
sd_sddot_510E3210_v20260727,sd_sddot_510E3210,2026-07-27,,HP 8 Steel Pile Ground Splice,HP 8 Steel Pile Ground Splice,EACH,510,sd_sddot_item_catalog_2026_07_27,true
sd_sddot_510E3220_v20260727,sd_sddot_510E3220,2026-07-27,,HP 10 Steel Pile Ground Splice,HP 10 Steel Pile Ground Splice,EACH,510,sd_sddot_item_catalog_2026_07_27,true
sd_sddot_510E3230_v20260727,sd_sddot_510E3230,2026-07-27,,HP 12 Steel Pile Ground Splice,HP 12 Steel Pile Ground Splice,EACH,510,sd_sddot_item_catalog_2026_07_27,true
sd_sddot_510E3240_v20260727,sd_sddot_510E3240,2026-07-27,,HP 14 Steel Pile Ground Splice,HP 14 Steel Pile Ground Splice,EACH,510,sd_sddot_item_catalog_2026_07_27,true
sd_sddot_510E3250_v20260727,sd_sddot_510E3250,2026-07-27,,HP 8 Steel Pile Vertical Splice,HP 8 Steel Pile Vertical Splice,EACH,510,sd_sddot_item_catalog_2026_07_27,true
sd_sddot_510E3260_v20260727,sd_sddot_510E3260,2026-07-27,,HP 10 Steel Pile Vertical Splice,HP 10 Steel Pile Vertical Splice,EACH,510,sd_sddot_item_catalog_2026_07_27,true
sd_sddot_510E3270_v20260727,sd_sddot_510E3270,2026-07-27,,HP 12 Steel Pile Vertical Splice,HP 12 Steel Pile Vertical Splice,EACH,510,sd_sddot_item_catalog_2026_07_27,true
sd_sddot_510E3280_v20260727,sd_sddot_510E3280,2026-07-27,,HP 14 Steel Pile Vertical Splice,HP 14 Steel Pile Vertical Splice,EACH,510,sd_sddot_item_catalog_2026_07_27,true
sd_sddot_510E3341_v20260727,sd_sddot_510E3341,2026-07-27,,"HP 8x36 Steel Test Pile, Furnish and Drive","HP 8x36 Steel Test Pile, Furnish and Drive",FT,510,sd_sddot_item_catalog_2026_07_27,true
sd_sddot_510E3345_v20260727,sd_sddot_510E3345,2026-07-27,,"HP 8x36 Steel Bearing Pile, Furnish and Drive","HP 8x36 Steel Bearing Pile, Furnish and Drive",FT,510,sd_sddot_item_catalog_2026_07_27,true
sd_sddot_510E3361_v20260727,sd_sddot_510E3361,2026-07-27,,"HP 10x42 Steel Test Pile, Furnish and Drive","HP 10x42 Steel Test Pile, Furnish and Drive",FT,510,sd_sddot_item_catalog_2026_07_27,true
sd_sddot_510E3365_v20260727,sd_sddot_510E3365,2026-07-27,,"HP 10x42 Steel Bearing Pile, Furnish and Drive","HP 10x42 Steel Bearing Pile, Furnish and Drive",FT,510,sd_sddot_item_catalog_2026_07_27,true
sd_sddot_510E3371_v20260727,sd_sddot_510E3371,2026-07-27,,"HP 10x57 Steel Test Pile, Furnish and Drive","HP 10x57 Steel Test Pile, Furnish and Drive",FT,510,sd_sddot_item_catalog_2026_07_27,true
sd_sddot_510E3375_v20260727,sd_sddot_510E3375,2026-07-27,,"HP 10x57 Steel Bearing Pile, Furnish and Drive","HP 10x57 Steel Bearing Pile, Furnish and Drive",FT,510,sd_sddot_item_catalog_2026_07_27,true
sd_sddot_510E3401_v20260727,sd_sddot_510E3401,2026-07-27,,"HP 12x53 Steel Test Pile, Furnish and Drive","HP 12x53 Steel Test Pile, Furnish and Drive",FT,510,sd_sddot_item_catalog_2026_07_27,true
sd_sddot_510E3405_v20260727,sd_sddot_510E3405,2026-07-27,,"HP 12x53 Steel Bearing Pile, Furnish and Drive","HP 12x53 Steel Bearing Pile, Furnish and Drive",FT,510,sd_sddot_item_catalog_2026_07_27,true
sd_sddot_510E3411_v20260727,sd_sddot_510E3411,2026-07-27,,"HP 12x63 Steel Test Pile, Furnish and Drive","HP 12x63 Steel Test Pile, Furnish and Drive",FT,510,sd_sddot_item_catalog_2026_07_27,true
sd_sddot_510E3415_v20260727,sd_sddot_510E3415,2026-07-27,,"HP 12x63 Steel Bearing Pile, Furnish and Drive","HP 12x63 Steel Bearing Pile, Furnish and Drive",FT,510,sd_sddot_item_catalog_2026_07_27,true
sd_sddot_510E3421_v20260727,sd_sddot_510E3421,2026-07-27,,"HP 12x74 Steel Test Pile, Furnish and Drive","HP 12x74 Steel Test Pile, Furnish and Drive",FT,510,sd_sddot_item_catalog_2026_07_27,true
sd_sddot_510E3425_v20260727,sd_sddot_510E3425,2026-07-27,,"HP 12x74 Steel Bearing Pile, Furnish and Drive","HP 12x74 Steel Bearing Pile, Furnish and Drive",FT,510,sd_sddot_item_catalog_2026_07_27,true
sd_sddot_510E3431_v20260727,sd_sddot_510E3431,2026-07-27,,"HP 12x84 Steel Test Pile, Furnish and Drive","HP 12x84 Steel Test Pile, Furnish and Drive",FT,510,sd_sddot_item_catalog_2026_07_27,true
sd_sddot_510E3435_v20260727,sd_sddot_510E3435,2026-07-27,,"HP 12x84 Steel Bearing Pile, Furnish and Drive","HP 12x84 Steel Bearing Pile, Furnish and Drive",FT,510,sd_sddot_item_catalog_2026_07_27,true
sd_sddot_510E3521_v20260727,sd_sddot_510E3521,2026-07-27,,"HP 14x73 Steel Test Pile, Furnish and Drive","HP 14x73 Steel Test Pile, Furnish and Drive",FT,510,sd_sddot_item_catalog_2026_07_27,true
sd_sddot_510E3525_v20260727,sd_sddot_510E3525,2026-07-27,,"HP 14x73 Steel Bearing Pile, Furnish and Drive","HP 14x73 Steel Bearing Pile, Furnish and Drive",FT,510,sd_sddot_item_catalog_2026_07_27,true
sd_sddot_510E3531_v20260727,sd_sddot_510E3531,2026-07-27,,"HP 14x89 Steel Test Pile, Furnish and Drive","HP 14x89 Steel Test Pile, Furnish and Drive",FT,510,sd_sddot_item_catalog_2026_07_27,true
sd_sddot_510E3535_v20260727,sd_sddot_510E3535,2026-07-27,,"HP 14x89 Steel Bearing Pile, Furnish and Drive","HP 14x89 Steel Bearing Pile, Furnish and Drive",FT,510,sd_sddot_item_catalog_2026_07_27,true
sd_sddot_510E3541_v20260727,sd_sddot_510E3541,2026-07-27,,"HP 14x102 Steel Test Pile, Furnish and Drive","HP 14x102 Steel Test Pile, Furnish and Drive",FT,510,sd_sddot_item_catalog_2026_07_27,true
sd_sddot_510E3545_v20260727,sd_sddot_510E3545,2026-07-27,,"HP14x102 Steel Bearing Pile, Furnish and Drive","HP14x102 Steel Bearing Pile, Furnish and Drive",FT,510,sd_sddot_item_catalog_2026_07_27,true
sd_sddot_510E3551_v20260727,sd_sddot_510E3551,2026-07-27,,"HP 14x117 Steel Test Pile, Furnish and Drive","HP 14x117 Steel Test Pile, Furnish and Drive",FT,510,sd_sddot_item_catalog_2026_07_27,true
sd_sddot_510E3555_v20260727,sd_sddot_510E3555,2026-07-27,,"HP14x117 Steel Bearing Pile, Furnish and Drive","HP14x117 Steel Bearing Pile, Furnish and Drive",FT,510,sd_sddot_item_catalog_2026_07_27,true
sd_sddot_510E3815_v20260727,sd_sddot_510E3815,2026-07-27,,"6""x0.25"" Steel Pipe Bearing Pile, Furnish and Drive","6""x0.25"" Steel Pipe Bearing Pile, Furnish and Drive",FT,510,sd_sddot_item_catalog_2026_07_27,true
sd_sddot_510E3851_v20260727,sd_sddot_510E3851,2026-07-27,,"16""x0.25"" Steel Pipe Test Pile, Furnish and Drive","16""x0.25"" Steel Pipe Test Pile, Furnish and Drive",FT,510,sd_sddot_item_catalog_2026_07_27,true
sd_sddot_510E3855_v20260727,sd_sddot_510E3855,2026-07-27,,"16""x0.25"" Steel Pipe Bearing Pile, Furnish and Drive","16""x0.25"" Steel Pipe Bearing Pile, Furnish and Drive",FT,510,sd_sddot_item_catalog_2026_07_27,true
sd_sddot_510E3861_v20260727,sd_sddot_510E3861,2026-07-27,,"16""x0.375"" Steel Pipe Test Pile, Furnish and Drive","16""x0.375"" Steel Pipe Test Pile, Furnish and Drive",FT,510,sd_sddot_item_catalog_2026_07_27,true
sd_sddot_510E3865_v20260727,sd_sddot_510E3865,2026-07-27,,"16""x0.375"" Steel Pipe Bearing Pile, Furnish and Drive","16""x0.375"" Steel Pipe Bearing Pile, Furnish and Drive",FT,510,sd_sddot_item_catalog_2026_07_27,true
sd_sddot_510E4000_v20260727,sd_sddot_510E4000,2026-07-27,,Dynamic Pile Test (during driving),Dynamic Pile Test (during driving),EACH,510,sd_sddot_item_catalog_2026_07_27,true
sd_sddot_510E4010_v20260727,sd_sddot_510E4010,2026-07-27,,Dynamic Pile Test (during restrike),Dynamic Pile Test (during restrike),EACH,510,sd_sddot_item_catalog_2026_07_27,true
sd_sddot_510E4050_v20260727,sd_sddot_510E4050,2026-07-27,,Static Pile Load Test,Static Pile Load Test,EACH,510,sd_sddot_item_catalog_2026_07_27,true
sd_sddot_510E8005_v20260727,sd_sddot_510E8005,2026-07-27,,"Sheet Piling, Furnish and Drive","Sheet Piling, Furnish and Drive",SQFT,510,sd_sddot_item_catalog_2026_07_27,true
sd_sddot_530E0100_v20260727,sd_sddot_530E0100,2026-07-27,,Metal Bin Retaining Wall,Metal Bin Retaining Wall,SQFT,530,sd_sddot_item_catalog_2026_07_27,true
sd_sddot_530E0200_v20260727,sd_sddot_530E0200,2026-07-27,,Treated Timber Retaining Wall,Treated Timber Retaining Wall,SQFT,530,sd_sddot_item_catalog_2026_07_27,true
sd_sddot_530E0210_v20260727,sd_sddot_530E0210,2026-07-27,,Treated Timber Crib Wall,Treated Timber Crib Wall,SQFT,530,sd_sddot_item_catalog_2026_07_27,true
sd_sddot_530E0300_v20260727,sd_sddot_530E0300,2026-07-27,,Type C Concrete Retaining Wall,Type C Concrete Retaining Wall,SQFT,530,sd_sddot_item_catalog_2026_07_27,true
sd_sddot_530E0310_v20260727,sd_sddot_530E0310,2026-07-27,,Special Type C Concrete Retaining Wall,Special Type C Concrete Retaining Wall,SQFT,530,sd_sddot_item_catalog_2026_07_27,true
sd_sddot_530E0320_v20260727,sd_sddot_530E0320,2026-07-27,,Reinforced Concrete Crib Wall,Reinforced Concrete Crib Wall,SQFT,530,sd_sddot_item_catalog_2026_07_27,true
sd_sddot_530E0360_v20260727,sd_sddot_530E0360,2026-07-27,,1.5' x 1.5' Welded Wire Form,1.5' x 1.5' Welded Wire Form,FT,530,sd_sddot_item_catalog_2026_07_27,true
sd_sddot_530E0400_v20260727,sd_sddot_530E0400,2026-07-27,,MSE Wire Face Wall,MSE Wire Face Wall,SQFT,530,sd_sddot_item_catalog_2026_07_27,true
sd_sddot_530E0410_v20260727,sd_sddot_530E0410,2026-07-27,,MSE Segmental Block Wall,MSE Segmental Block Wall,SQFT,530,sd_sddot_item_catalog_2026_07_27,true
sd_sddot_530E0411_v20260727,sd_sddot_530E0411,2026-07-27,,Reset MSE Segmental Block Wall,Reset MSE Segmental Block Wall,SQFT,530,sd_sddot_item_catalog_2026_07_27,true
sd_sddot_530E0420_v20260727,sd_sddot_530E0420,2026-07-27,,"MSE Large Panel Wall, Furnish","MSE Large Panel Wall, Furnish",SQFT,530,sd_sddot_item_catalog_2026_07_27,true
sd_sddot_530E0422_v20260727,sd_sddot_530E0422,2026-07-27,,"MSE Large Panel Wall, Install","MSE Large Panel Wall, Install",SQFT,530,sd_sddot_item_catalog_2026_07_27,true
sd_sddot_530E0425_v20260727,sd_sddot_530E0425,2026-07-27,,MSE Large Concrete Block Wall,MSE Large Concrete Block Wall,SQFT,530,sd_sddot_item_catalog_2026_07_27,true
sd_sddot_530E0430_v20260727,sd_sddot_530E0430,2026-07-27,,GRS Solid Concrete Masonry Block Wall,GRS Solid Concrete Masonry Block Wall,SQFT,530,sd_sddot_item_catalog_2026_07_27,true
sd_sddot_530E0432_v20260727,sd_sddot_530E0432,2026-07-27,,GRS Split Face Concrete Masonry Block Wall,GRS Split Face Concrete Masonry Block Wall,SQFT,530,sd_sddot_item_catalog_2026_07_27,true
sd_sddot_530E0435_v20260727,sd_sddot_530E0435,2026-07-27,,Split Face Concrete Masonry Block Wall,Split Face Concrete Masonry Block Wall,SQFT,530,sd_sddot_item_catalog_2026_07_27,true
sd_sddot_530E0440_v20260727,sd_sddot_530E0440,2026-07-27,,Channel Wall,Channel Wall,SQFT,530,sd_sddot_item_catalog_2026_07_27,true
sd_sddot_530E0450_v20260727,sd_sddot_530E0450,2026-07-27,,"Precast Modular Stem Wall, Furnish","Precast Modular Stem Wall, Furnish",SQFT,530,sd_sddot_item_catalog_2026_07_27,true
sd_sddot_530E0452_v20260727,sd_sddot_530E0452,2026-07-27,,"Precast Modular Stem Wall, Install","Precast Modular Stem Wall, Install",SQFT,530,sd_sddot_item_catalog_2026_07_27,true
sd_sddot_530E0460_v20260727,sd_sddot_530E0460,2026-07-27,,Gravity Segmental Block Wall,Gravity Segmental Block Wall,SQFT,530,sd_sddot_item_catalog_2026_07_27,true
sd_sddot_530E0461_v20260727,sd_sddot_530E0461,2026-07-27,,Reset Gravity Segmental Block Wall,Reset Gravity Segmental Block Wall,SQFT,530,sd_sddot_item_catalog_2026_07_27,true
sd_sddot_530E0470_v20260727,sd_sddot_530E0470,2026-07-27,,Gravity Large Concrete Block Wall,Gravity Large Concrete Block Wall,SQFT,530,sd_sddot_item_catalog_2026_07_27,true
sd_sddot_530E0490_v20260727,sd_sddot_530E0490,2026-07-27,,Boulder Retaining Wall,Boulder Retaining Wall,SQFT,530,sd_sddot_item_catalog_2026_07_27,true
sd_sddot_530E0500_v20260727,sd_sddot_530E0500,2026-07-27,,Temporary Retaining Wall,Temporary Retaining Wall,FT,530,sd_sddot_item_catalog_2026_07_27,true
sd_sddot_530E0600_v20260727,sd_sddot_530E0600,2026-07-27,,Soil Nail Retaining Wall,Soil Nail Retaining Wall,SQFT,530,sd_sddot_item_catalog_2026_07_27,true
sd_sddot_530E0602_v20260727,sd_sddot_530E0602,2026-07-27,,Soil Nail,Soil Nail,FT,530,sd_sddot_item_catalog_2026_07_27,true
sd_sddot_530E0603_v20260727,sd_sddot_530E0603,2026-07-27,,Soil Nail Verification Test,Soil Nail Verification Test,EACH,530,sd_sddot_item_catalog_2026_07_27,true
sd_sddot_530E0620_v20260727,sd_sddot_530E0620,2026-07-27,,Reinforcement for MSE Segmental Block Wall,Reinforcement for MSE Segmental Block Wall,SQYD,530,sd_sddot_item_catalog_2026_07_27,true
sd_sddot_530E0640_v20260727,sd_sddot_530E0640,2026-07-27,,"Rock Bolt, Furnish","Rock Bolt, Furnish",FT,530,sd_sddot_item_catalog_2026_07_27,true
sd_sddot_530E0642_v20260727,sd_sddot_530E0642,2026-07-27,,"Rock Bolt, Install","Rock Bolt, Install",FT,530,sd_sddot_item_catalog_2026_07_27,true
sd_sddot_530E0700_v20260727,sd_sddot_530E0700,2026-07-27,,Granular Backfill for MSE Segmental Block Wall,Granular Backfill for MSE Segmental Block Wall,CUYD,530,sd_sddot_item_catalog_2026_07_27,true
sd_sddot_530E0702_v20260727,sd_sddot_530E0702,2026-07-27,,Granular Backfill for MSE Large Panel Wall,Granular Backfill for MSE Large Panel Wall,CUYD,530,sd_sddot_item_catalog_2026_07_27,true
sd_sddot_530E0704_v20260727,sd_sddot_530E0704,2026-07-27,,Granular Backfill for MSE Wire Face Wall,Granular Backfill for MSE Wire Face Wall,CUYD,530,sd_sddot_item_catalog_2026_07_27,true
sd_sddot_530E0706_v20260727,sd_sddot_530E0706,2026-07-27,,Granular Backfill for Precast Modular Stem Wall,Granular Backfill for Precast Modular Stem Wall,CUYD,530,sd_sddot_item_catalog_2026_07_27,true
sd_sddot_530E0708_v20260727,sd_sddot_530E0708,2026-07-27,,Granular Backfill for MSE Large Concrete Block Wall,Granular Backfill for MSE Large Concrete Block Wall,CUYD,530,sd_sddot_item_catalog_2026_07_27,true
sd_sddot_530E0710_v20260727,sd_sddot_530E0710,2026-07-27,,Granular Backfill for GRS Abutment,Granular Backfill for GRS Abutment,CUYD,530,sd_sddot_item_catalog_2026_07_27,true
sd_sddot_530E0718_v20260727,sd_sddot_530E0718,2026-07-27,,Granular Backfill for Gravity Large Concrete Block Wall,Granular Backfill for Gravity Large Concrete Block Wall,CUYD,530,sd_sddot_item_catalog_2026_07_27,true
sd_sddot_530E0800_v20260727,sd_sddot_530E0800,2026-07-27,,Repair Retaining Wall Joint,Repair Retaining Wall Joint,CUFT,530,sd_sddot_item_catalog_2026_07_27,true
sd_sddot_530E0810_v20260727,sd_sddot_530E0810,2026-07-27,,Repair Retaining Wall,Repair Retaining Wall,SQFT,530,sd_sddot_item_catalog_2026_07_27,true
sd_sddot_530E0820_v20260727,sd_sddot_530E0820,2026-07-27,,Reconstruct Stone and Masonry Retaining Wall,Reconstruct Stone and Masonry Retaining Wall,SQFT,530,sd_sddot_item_catalog_2026_07_27,true
sd_sddot_530E1100_v20260727,sd_sddot_530E1100,2026-07-27,,Slope Mesh,Slope Mesh,SQFT,530,sd_sddot_item_catalog_2026_07_27,true
sd_sddot_530E1110_v20260727,sd_sddot_530E1110,2026-07-27,,Slope Mesh Anchor,Slope Mesh Anchor,EACH,530,sd_sddot_item_catalog_2026_07_27,true
sd_sddot_530E2000_v20260727,sd_sddot_530E2000,2026-07-27,,Shotcrete,Shotcrete,SQFT,530,sd_sddot_item_catalog_2026_07_27,true
sd_sddot_530E2010_v20260727,sd_sddot_530E2010,2026-07-27,,Shotcrete Flashcoat/Leveling Course,Shotcrete Flashcoat/Leveling Course,CUYD,530,sd_sddot_item_catalog_2026_07_27,true
sd_sddot_530E2020_v20260727,sd_sddot_530E2020,2026-07-27,,Reinforced Shotcrete Face,Reinforced Shotcrete Face,SQFT,530,sd_sddot_item_catalog_2026_07_27,true
sd_sddot_541E0010_v20260727,sd_sddot_541E0010,2026-07-27,,Treated Timber,Treated Timber,BDFT,541,sd_sddot_item_catalog_2026_07_27,true
sd_sddot_541E0020_v20260727,sd_sddot_541E0020,2026-07-27,,Structural Timber,Structural Timber,L S,541,sd_sddot_item_catalog_2026_07_27,true
sd_sddot_541E0030_v20260727,sd_sddot_541E0030,2026-07-27,,Nonstructural Timber,Nonstructural Timber,L S,541,sd_sddot_item_catalog_2026_07_27,true
sd_sddot_541E0100_v20260727,sd_sddot_541E0100,2026-07-27,,High Strength Fiber Tension Reinforcement Retrofit,High Strength Fiber Tension Reinforcement Retrofit,FT,541,sd_sddot_item_catalog_2026_07_27,true
sd_sddot_541E0110_v20260727,sd_sddot_541E0110,2026-07-27,,Diffuse Timber,Diffuse Timber,CUFT,541,sd_sddot_item_catalog_2026_07_27,true
sd_sddot_541E1000_v20260727,sd_sddot_541E1000,2026-07-27,,"12""x12"" Crib Wall Timber","12""x12"" Crib Wall Timber",BDFT,541,sd_sddot_item_catalog_2026_07_27,true
sd_sddot_541E1200_v20260727,sd_sddot_541E1200,2026-07-27,,"2""x8"" Deck Plank Timber","2""x8"" Deck Plank Timber",BDFT,541,sd_sddot_item_catalog_2026_07_27,true
sd_sddot_541E1205_v20260727,sd_sddot_541E1205,2026-07-27,,"2""x12"" Deck Plank Timber","2""x12"" Deck Plank Timber",BDFT,541,sd_sddot_item_catalog_2026_07_27,true
sd_sddot_541E1207_v20260727,sd_sddot_541E1207,2026-07-27,,"3""x12"" Timber Deck Plank","3""x12"" Timber Deck Plank",BDFT,541,sd_sddot_item_catalog_2026_07_27,true
sd_sddot_541E1209_v20260727,sd_sddot_541E1209,2026-07-27,,"4""x10"" Timber Deck Plank","4""x10"" Timber Deck Plank",BDFT,541,sd_sddot_item_catalog_2026_07_27,true
sd_sddot_541E1210_v20260727,sd_sddot_541E1210,2026-07-27,,"4""x12"" Deck Plank Timber","4""x12"" Deck Plank Timber",BDFT,541,sd_sddot_item_catalog_2026_07_27,true
sd_sddot_541E1258_v20260727,sd_sddot_541E1258,2026-07-27,,"2""x8"" Timber Joist","2""x8"" Timber Joist",FT,541,sd_sddot_item_catalog_2026_07_27,true
sd_sddot_541E1262_v20260727,sd_sddot_541E1262,2026-07-27,,"2""x12"" Timber Joist","2""x12"" Timber Joist",FT,541,sd_sddot_item_catalog_2026_07_27,true
sd_sddot_541E1300_v20260727,sd_sddot_541E1300,2026-07-27,,Transverse Laminated Timber Deck,Transverse Laminated Timber Deck,SQYD,541,sd_sddot_item_catalog_2026_07_27,true
sd_sddot_550E0010_v20260727,sd_sddot_550E0010,2026-07-27,,Low Slump Dense Concrete Bridge Deck Overlay,Low Slump Dense Concrete Bridge Deck Overlay,CUYD,550,sd_sddot_item_catalog_2026_07_27,true
sd_sddot_550E0011_v20260727,sd_sddot_550E0011,2026-07-27,,Concrete Bridge Deck Overlay,Concrete Bridge Deck Overlay,CUYD,550,sd_sddot_item_catalog_2026_07_27,true
sd_sddot_550E0015_v20260727,sd_sddot_550E0015,2026-07-27,,Latex Modified Bridge Deck Overlay,Latex Modified Bridge Deck Overlay,CUYD,550,sd_sddot_item_catalog_2026_07_27,true
sd_sddot_550E0020_v20260727,sd_sddot_550E0020,2026-07-27,,Bridge Sidewalk Overlay,Bridge Sidewalk Overlay,SQYD,550,sd_sddot_item_catalog_2026_07_27,true
sd_sddot_550E0040_v20260727,sd_sddot_550E0040,2026-07-27,,Steel Grid Deck Repair,Steel Grid Deck Repair,SQYD,550,sd_sddot_item_catalog_2026_07_27,true
sd_sddot_550E0060_v20260727,sd_sddot_550E0060,2026-07-27,,Polymer Concrete Overlay,Polymer Concrete Overlay,CUFT,550,sd_sddot_item_catalog_2026_07_27,true
sd_sddot_550E0100_v20260727,sd_sddot_550E0100,2026-07-27,,Concrete Removal Type 1A,Concrete Removal Type 1A,SQYD,550,sd_sddot_item_catalog_2026_07_27,true
sd_sddot_550E0105_v20260727,sd_sddot_550E0105,2026-07-27,,Concrete Removal Type 2A,Concrete Removal Type 2A,SQYD,550,sd_sddot_item_catalog_2026_07_27,true
sd_sddot_550E0110_v20260727,sd_sddot_550E0110,2026-07-27,,Concrete Removal Type 1B,Concrete Removal Type 1B,SQYD,550,sd_sddot_item_catalog_2026_07_27,true
sd_sddot_550E0120_v20260727,sd_sddot_550E0120,2026-07-27,,Concrete Removal Type 1C,Concrete Removal Type 1C,SQYD,550,sd_sddot_item_catalog_2026_07_27,true
sd_sddot_550E0130_v20260727,sd_sddot_550E0130,2026-07-27,,Concrete Removal Type 1D,Concrete Removal Type 1D,SQYD,550,sd_sddot_item_catalog_2026_07_27,true
sd_sddot_550E0140_v20260727,sd_sddot_550E0140,2026-07-27,,Concrete Removal Type B,Concrete Removal Type B,FT,550,sd_sddot_item_catalog_2026_07_27,true
sd_sddot_550E0200_v20260727,sd_sddot_550E0200,2026-07-27,,Class A45 Concrete Fill,Class A45 Concrete Fill,CUYD,550,sd_sddot_item_catalog_2026_07_27,true
sd_sddot_550E0500_v20260727,sd_sddot_550E0500,2026-07-27,,Finishing and Curing,Finishing and Curing,SQYD,550,sd_sddot_item_catalog_2026_07_27,true
sd_sddot_550E2000_v20260727,sd_sddot_550E2000,2026-07-27,,Latex Modified Box Culvert Spall Repair,Latex Modified Box Culvert Spall Repair,SQYD,550,sd_sddot_item_catalog_2026_07_27,true
sd_sddot_560E0050_v20260727,sd_sddot_560E0050,2026-07-27,,"6'x3' Precast Concrete Box Culvert, Furnish","6'x3' Precast Concrete Box Culvert, Furnish",FT,560,sd_sddot_item_catalog_2026_07_27,true
sd_sddot_560E0051_v20260727,sd_sddot_560E0051,2026-07-27,,"6'x3' Precast Concrete Box Culvert, Install","6'x3' Precast Concrete Box Culvert, Install",FT,560,sd_sddot_item_catalog_2026_07_27,true
sd_sddot_560E0052_v20260727,sd_sddot_560E0052,2026-07-27,,"6'x4' Precast Concrete Box Culvert, Furnish","6'x4' Precast Concrete Box Culvert, Furnish",FT,560,sd_sddot_item_catalog_2026_07_27,true
sd_sddot_560E0053_v20260727,sd_sddot_560E0053,2026-07-27,,"6'x4' Precast Concrete Box Culvert, Install","6'x4' Precast Concrete Box Culvert, Install",FT,560,sd_sddot_item_catalog_2026_07_27,true
sd_sddot_560E0054_v20260727,sd_sddot_560E0054,2026-07-27,,"6'x5' Precast Concrete Box Culvert, Furnish","6'x5' Precast Concrete Box Culvert, Furnish",FT,560,sd_sddot_item_catalog_2026_07_27,true
sd_sddot_560E0055_v20260727,sd_sddot_560E0055,2026-07-27,,"6'x5' Precast Concrete Box Culvert, Install","6'x5' Precast Concrete Box Culvert, Install",FT,560,sd_sddot_item_catalog_2026_07_27,true
sd_sddot_560E0056_v20260727,sd_sddot_560E0056,2026-07-27,,"6'x6' Precast Concrete Box Culvert, Furnish","6'x6' Precast Concrete Box Culvert, Furnish",FT,560,sd_sddot_item_catalog_2026_07_27,true
sd_sddot_560E0057_v20260727,sd_sddot_560E0057,2026-07-27,,"6'x6' Precast Concrete Box Culvert, Install","6'x6' Precast Concrete Box Culvert, Install",FT,560,sd_sddot_item_catalog_2026_07_27,true
sd_sddot_560E0068_v20260727,sd_sddot_560E0068,2026-07-27,,"7'x3' Precast Concrete Box Culvert, Furnish","7'x3' Precast Concrete Box Culvert, Furnish",FT,560,sd_sddot_item_catalog_2026_07_27,true
sd_sddot_560E0069_v20260727,sd_sddot_560E0069,2026-07-27,,"7'x3' Precast Concrete Box Culvert, Install","7'x3' Precast Concrete Box Culvert, Install",FT,560,sd_sddot_item_catalog_2026_07_27,true
sd_sddot_560E0070_v20260727,sd_sddot_560E0070,2026-07-27,,"7'x4' Precast Concrete Box Culvert, Furnish","7'x4' Precast Concrete Box Culvert, Furnish",FT,560,sd_sddot_item_catalog_2026_07_27,true
sd_sddot_560E0071_v20260727,sd_sddot_560E0071,2026-07-27,,"7'x4' Precast Concrete Box Culvert, Install","7'x4' Precast Concrete Box Culvert, Install",FT,560,sd_sddot_item_catalog_2026_07_27,true
sd_sddot_560E0072_v20260727,sd_sddot_560E0072,2026-07-27,,"7'x5' Precast Concrete Box Culvert, Furnish","7'x5' Precast Concrete Box Culvert, Furnish",FT,560,sd_sddot_item_catalog_2026_07_27,true
sd_sddot_560E0073_v20260727,sd_sddot_560E0073,2026-07-27,,"7'x5' Precast Concrete Box Culvert, Install","7'x5' Precast Concrete Box Culvert, Install",FT,560,sd_sddot_item_catalog_2026_07_27,true
sd_sddot_560E0074_v20260727,sd_sddot_560E0074,2026-07-27,,"7'x6' Precast Concrete Box Culvert, Furnish","7'x6' Precast Concrete Box Culvert, Furnish",FT,560,sd_sddot_item_catalog_2026_07_27,true
sd_sddot_560E0075_v20260727,sd_sddot_560E0075,2026-07-27,,"7'x6' Precast Concrete Box Culvert, Install","7'x6' Precast Concrete Box Culvert, Install",FT,560,sd_sddot_item_catalog_2026_07_27,true
sd_sddot_560E0076_v20260727,sd_sddot_560E0076,2026-07-27,,"7'x7' Precast Concrete Box Culvert, Furnish","7'x7' Precast Concrete Box Culvert, Furnish",FT,560,sd_sddot_item_catalog_2026_07_27,true
sd_sddot_560E0077_v20260727,sd_sddot_560E0077,2026-07-27,,"7'x7' Precast Concrete Box Culvert, Install","7'x7' Precast Concrete Box Culvert, Install",FT,560,sd_sddot_item_catalog_2026_07_27,true
sd_sddot_560E0086_v20260727,sd_sddot_560E0086,2026-07-27,,"8'x3' Precast Concrete Box Culvert, Furnish","8'x3' Precast Concrete Box Culvert, Furnish",FT,560,sd_sddot_item_catalog_2026_07_27,true
sd_sddot_560E0087_v20260727,sd_sddot_560E0087,2026-07-27,,"8'x3' Precast Concrete Box Culvert, Install","8'x3' Precast Concrete Box Culvert, Install",FT,560,sd_sddot_item_catalog_2026_07_27,true
sd_sddot_560E0088_v20260727,sd_sddot_560E0088,2026-07-27,,"8'x4' Precast Concrete Box Culvert, Furnish","8'x4' Precast Concrete Box Culvert, Furnish",FT,560,sd_sddot_item_catalog_2026_07_27,true
sd_sddot_560E0089_v20260727,sd_sddot_560E0089,2026-07-27,,"8'x4' Precast Concrete Box Culvert, Install","8'x4' Precast Concrete Box Culvert, Install",FT,560,sd_sddot_item_catalog_2026_07_27,true
sd_sddot_560E0090_v20260727,sd_sddot_560E0090,2026-07-27,,"8'x5' Precast Concrete Box Culvert, Furnish","8'x5' Precast Concrete Box Culvert, Furnish",FT,560,sd_sddot_item_catalog_2026_07_27,true
sd_sddot_560E0091_v20260727,sd_sddot_560E0091,2026-07-27,,"8'x5' Precast Concrete Box Culvert, Install","8'x5' Precast Concrete Box Culvert, Install",FT,560,sd_sddot_item_catalog_2026_07_27,true
sd_sddot_560E0092_v20260727,sd_sddot_560E0092,2026-07-27,,"8'x6' Precast Concrete Box Culvert, Furnish","8'x6' Precast Concrete Box Culvert, Furnish",FT,560,sd_sddot_item_catalog_2026_07_27,true
sd_sddot_560E0093_v20260727,sd_sddot_560E0093,2026-07-27,,"8'x6' Precast Concrete Box Culvert, Install","8'x6' Precast Concrete Box Culvert, Install",FT,560,sd_sddot_item_catalog_2026_07_27,true
sd_sddot_560E0094_v20260727,sd_sddot_560E0094,2026-07-27,,"8'x7' Precast Concrete Box Culvert, Furnish","8'x7' Precast Concrete Box Culvert, Furnish",FT,560,sd_sddot_item_catalog_2026_07_27,true
sd_sddot_560E0095_v20260727,sd_sddot_560E0095,2026-07-27,,"8'x7' Precast Concrete Box Culvert, Install","8'x7' Precast Concrete Box Culvert, Install",FT,560,sd_sddot_item_catalog_2026_07_27,true
sd_sddot_560E0096_v20260727,sd_sddot_560E0096,2026-07-27,,"8'x8' Precast Concrete Box Culvert, Furnish","8'x8' Precast Concrete Box Culvert, Furnish",FT,560,sd_sddot_item_catalog_2026_07_27,true
sd_sddot_560E0097_v20260727,sd_sddot_560E0097,2026-07-27,,"8'x8' Precast Concrete Box Culvert, Install","8'x8' Precast Concrete Box Culvert, Install",FT,560,sd_sddot_item_catalog_2026_07_27,true
sd_sddot_560E0100_v20260727,sd_sddot_560E0100,2026-07-27,,"8'x10' Precast Concrete Box Culvert, Furnish","8'x10' Precast Concrete Box Culvert, Furnish",FT,560,sd_sddot_item_catalog_2026_07_27,true
sd_sddot_560E0101_v20260727,sd_sddot_560E0101,2026-07-27,,"8'x10' Precast Concrete Box Culvert, Install","8'x10' Precast Concrete Box Culvert, Install",FT,560,sd_sddot_item_catalog_2026_07_27,true
sd_sddot_560E0108_v20260727,sd_sddot_560E0108,2026-07-27,,"9'x4' Precast Concrete Box Culvert, Furnish","9'x4' Precast Concrete Box Culvert, Furnish",FT,560,sd_sddot_item_catalog_2026_07_27,true
sd_sddot_560E0109_v20260727,sd_sddot_560E0109,2026-07-27,,"9'x4' Precast Concrete Box Culvert, Install","9'x4' Precast Concrete Box Culvert, Install",FT,560,sd_sddot_item_catalog_2026_07_27,true
sd_sddot_560E0110_v20260727,sd_sddot_560E0110,2026-07-27,,"9'x5' Precast Concrete Box Culvert, Furnish","9'x5' Precast Concrete Box Culvert, Furnish",FT,560,sd_sddot_item_catalog_2026_07_27,true
sd_sddot_560E0111_v20260727,sd_sddot_560E0111,2026-07-27,,"9'x5' Precast Concrete Box Culvert, Install","9'x5' Precast Concrete Box Culvert, Install",FT,560,sd_sddot_item_catalog_2026_07_27,true
sd_sddot_560E0112_v20260727,sd_sddot_560E0112,2026-07-27,,"9'x6' Precast Concrete Box Culvert, Furnish","9'x6' Precast Concrete Box Culvert, Furnish",FT,560,sd_sddot_item_catalog_2026_07_27,true
sd_sddot_560E0113_v20260727,sd_sddot_560E0113,2026-07-27,,"9'x6' Precast Concrete Box Culvert, Install","9'x6' Precast Concrete Box Culvert, Install",FT,560,sd_sddot_item_catalog_2026_07_27,true
sd_sddot_560E0114_v20260727,sd_sddot_560E0114,2026-07-27,,"9'x7' Precast Concrete Box Culvert, Furnish","9'x7' Precast Concrete Box Culvert, Furnish",FT,560,sd_sddot_item_catalog_2026_07_27,true
sd_sddot_560E0115_v20260727,sd_sddot_560E0115,2026-07-27,,"9'x7' Precast Concrete Box Culvert, Install","9'x7' Precast Concrete Box Culvert, Install",FT,560,sd_sddot_item_catalog_2026_07_27,true
sd_sddot_560E0116_v20260727,sd_sddot_560E0116,2026-07-27,,"9'x8' Precast Concrete Box Culvert, Furnish","9'x8' Precast Concrete Box Culvert, Furnish",FT,560,sd_sddot_item_catalog_2026_07_27,true
sd_sddot_560E0117_v20260727,sd_sddot_560E0117,2026-07-27,,"9'x8' Precast Concrete Box Culvert, Install","9'x8' Precast Concrete Box Culvert, Install",FT,560,sd_sddot_item_catalog_2026_07_27,true
sd_sddot_560E0118_v20260727,sd_sddot_560E0118,2026-07-27,,"9'x9' Precast Concrete Box Culvert, Furnish","9'x9' Precast Concrete Box Culvert, Furnish",FT,560,sd_sddot_item_catalog_2026_07_27,true
sd_sddot_560E0119_v20260727,sd_sddot_560E0119,2026-07-27,,"9'x9' Precast Concrete Box Culvert, Install","9'x9' Precast Concrete Box Culvert, Install",FT,560,sd_sddot_item_catalog_2026_07_27,true
sd_sddot_560E0128_v20260727,sd_sddot_560E0128,2026-07-27,,"10'x3' Precast Concrete Box Culvert, Furnish","10'x3' Precast Concrete Box Culvert, Furnish",FT,560,sd_sddot_item_catalog_2026_07_27,true
sd_sddot_560E0129_v20260727,sd_sddot_560E0129,2026-07-27,,"10'x3' Precast Concrete Box Culvert, Install","10'x3' Precast Concrete Box Culvert, Install",FT,560,sd_sddot_item_catalog_2026_07_27,true
sd_sddot_560E0130_v20260727,sd_sddot_560E0130,2026-07-27,,"10'x4' Precast Concrete Box Culvert, Furnish","10'x4' Precast Concrete Box Culvert, Furnish",FT,560,sd_sddot_item_catalog_2026_07_27,true
sd_sddot_560E0131_v20260727,sd_sddot_560E0131,2026-07-27,,"10'x4' Precast Concrete Box Culvert, Install","10'x4' Precast Concrete Box Culvert, Install",FT,560,sd_sddot_item_catalog_2026_07_27,true
sd_sddot_560E0132_v20260727,sd_sddot_560E0132,2026-07-27,,"10'x5' Precast Concrete Box Culvert, Furnish","10'x5' Precast Concrete Box Culvert, Furnish",FT,560,sd_sddot_item_catalog_2026_07_27,true
sd_sddot_560E0133_v20260727,sd_sddot_560E0133,2026-07-27,,"10'x5' Precast Concrete Box Culvert, Install","10'x5' Precast Concrete Box Culvert, Install",FT,560,sd_sddot_item_catalog_2026_07_27,true
sd_sddot_560E0134_v20260727,sd_sddot_560E0134,2026-07-27,,"10'x6' Precast Concrete Box Culvert, Furnish","10'x6' Precast Concrete Box Culvert, Furnish",FT,560,sd_sddot_item_catalog_2026_07_27,true
sd_sddot_560E0135_v20260727,sd_sddot_560E0135,2026-07-27,,"10'x6' Precast Concrete Box Culvert, Install","10'x6' Precast Concrete Box Culvert, Install",FT,560,sd_sddot_item_catalog_2026_07_27,true
sd_sddot_560E0136_v20260727,sd_sddot_560E0136,2026-07-27,,"10'x7' Precast Concrete Box Culvert, Furnish","10'x7' Precast Concrete Box Culvert, Furnish",FT,560,sd_sddot_item_catalog_2026_07_27,true
sd_sddot_560E0137_v20260727,sd_sddot_560E0137,2026-07-27,,"10'x7' Precast Concrete Box Culvert, Install","10'x7' Precast Concrete Box Culvert, Install",FT,560,sd_sddot_item_catalog_2026_07_27,true
sd_sddot_560E0138_v20260727,sd_sddot_560E0138,2026-07-27,,"10'x8' Precast Concrete Box Culvert, Furnish","10'x8' Precast Concrete Box Culvert, Furnish",FT,560,sd_sddot_item_catalog_2026_07_27,true
sd_sddot_560E0139_v20260727,sd_sddot_560E0139,2026-07-27,,"10'x8' Precast Concrete Box Culvert, Install","10'x8' Precast Concrete Box Culvert, Install",FT,560,sd_sddot_item_catalog_2026_07_27,true
sd_sddot_560E0140_v20260727,sd_sddot_560E0140,2026-07-27,,"10'x9' Precast Concrete Box Culvert, Furnish","10'x9' Precast Concrete Box Culvert, Furnish",FT,560,sd_sddot_item_catalog_2026_07_27,true
sd_sddot_560E0141_v20260727,sd_sddot_560E0141,2026-07-27,,"10'x9' Precast Concrete Box Culvert, Install","10'x9' Precast Concrete Box Culvert, Install",FT,560,sd_sddot_item_catalog_2026_07_27,true
sd_sddot_560E0142_v20260727,sd_sddot_560E0142,2026-07-27,,"10'x10' Precast Concrete Box Culvert, Furnish","10'x10' Precast Concrete Box Culvert, Furnish",FT,560,sd_sddot_item_catalog_2026_07_27,true
sd_sddot_560E0143_v20260727,sd_sddot_560E0143,2026-07-27,,"10'x10' Precast Concrete Box Culvert, Install","10'x10' Precast Concrete Box Culvert, Install",FT,560,sd_sddot_item_catalog_2026_07_27,true
sd_sddot_560E0154_v20260727,sd_sddot_560E0154,2026-07-27,,"11'x4' Precast Concrete Box Culvert, Furnish","11'x4' Precast Concrete Box Culvert, Furnish",FT,560,sd_sddot_item_catalog_2026_07_27,true
sd_sddot_560E0155_v20260727,sd_sddot_560E0155,2026-07-27,,"11'x4' Precast Concrete Box Culvert, Install","11'x4' Precast Concrete Box Culvert, Install",FT,560,sd_sddot_item_catalog_2026_07_27,true
sd_sddot_560E0156_v20260727,sd_sddot_560E0156,2026-07-27,,"11'x5' Precast Concrete Box Culvert, Furnish","11'x5' Precast Concrete Box Culvert, Furnish",FT,560,sd_sddot_item_catalog_2026_07_27,true
sd_sddot_560E0157_v20260727,sd_sddot_560E0157,2026-07-27,,"11'x5' Precast Concrete Box Culvert, Install","11'x5' Precast Concrete Box Culvert, Install",FT,560,sd_sddot_item_catalog_2026_07_27,true
sd_sddot_560E0158_v20260727,sd_sddot_560E0158,2026-07-27,,"11'x6' Precast Concrete Box Culvert, Furnish","11'x6' Precast Concrete Box Culvert, Furnish",FT,560,sd_sddot_item_catalog_2026_07_27,true
sd_sddot_560E0159_v20260727,sd_sddot_560E0159,2026-07-27,,"11'x6' Precast Concrete Box Culvert, Install","11'x6' Precast Concrete Box Culvert, Install",FT,560,sd_sddot_item_catalog_2026_07_27,true
sd_sddot_560E0160_v20260727,sd_sddot_560E0160,2026-07-27,,"11'x7' Precast Concrete Box Culvert, Furnish","11'x7' Precast Concrete Box Culvert, Furnish",FT,560,sd_sddot_item_catalog_2026_07_27,true
sd_sddot_560E0161_v20260727,sd_sddot_560E0161,2026-07-27,,"11'x7' Precast Concrete Box Culvert, Install","11'x7' Precast Concrete Box Culvert, Install",FT,560,sd_sddot_item_catalog_2026_07_27,true
sd_sddot_560E0162_v20260727,sd_sddot_560E0162,2026-07-27,,"11'x8' Precast Concrete Box Culvert, Furnish","11'x8' Precast Concrete Box Culvert, Furnish",FT,560,sd_sddot_item_catalog_2026_07_27,true
sd_sddot_560E0163_v20260727,sd_sddot_560E0163,2026-07-27,,"11'x8' Precast Concrete Box Culvert, Install","11'x8' Precast Concrete Box Culvert, Install",FT,560,sd_sddot_item_catalog_2026_07_27,true
sd_sddot_560E0164_v20260727,sd_sddot_560E0164,2026-07-27,,"11'x9' Precast Concrete Box Culvert, Furnish","11'x9' Precast Concrete Box Culvert, Furnish",FT,560,sd_sddot_item_catalog_2026_07_27,true
sd_sddot_560E0165_v20260727,sd_sddot_560E0165,2026-07-27,,"11'x9' Precast Concrete Box Culvert, Install","11'x9' Precast Concrete Box Culvert, Install",FT,560,sd_sddot_item_catalog_2026_07_27,true
sd_sddot_560E0166_v20260727,sd_sddot_560E0166,2026-07-27,,"11'x10' Precast Concrete Box Culvert, Furnish","11'x10' Precast Concrete Box Culvert, Furnish",FT,560,sd_sddot_item_catalog_2026_07_27,true
sd_sddot_560E0167_v20260727,sd_sddot_560E0167,2026-07-27,,"11'x10' Precast Concrete Box Culvert, Install","11'x10' Precast Concrete Box Culvert, Install",FT,560,sd_sddot_item_catalog_2026_07_27,true
sd_sddot_560E0168_v20260727,sd_sddot_560E0168,2026-07-27,,"11'x11' Precast Concrete Box Culvert, Furnish","11'x11' Precast Concrete Box Culvert, Furnish",FT,560,sd_sddot_item_catalog_2026_07_27,true
sd_sddot_560E0169_v20260727,sd_sddot_560E0169,2026-07-27,,"11'x11' Precast Concrete Box Culvert, Install","11'x11' Precast Concrete Box Culvert, Install",FT,560,sd_sddot_item_catalog_2026_07_27,true
sd_sddot_560E0178_v20260727,sd_sddot_560E0178,2026-07-27,,"12'x3' Precast Concrete Box Culvert, Furnish","12'x3' Precast Concrete Box Culvert, Furnish",FT,560,sd_sddot_item_catalog_2026_07_27,true
sd_sddot_560E0179_v20260727,sd_sddot_560E0179,2026-07-27,,"12'x3' Precast Concrete Box Culvert, Install","12'x3' Precast Concrete Box Culvert, Install",FT,560,sd_sddot_item_catalog_2026_07_27,true
sd_sddot_560E0180_v20260727,sd_sddot_560E0180,2026-07-27,,"12'x4' Precast Concrete Box Culvert, Furnish","12'x4' Precast Concrete Box Culvert, Furnish",FT,560,sd_sddot_item_catalog_2026_07_27,true
sd_sddot_560E0181_v20260727,sd_sddot_560E0181,2026-07-27,,"12'x4' Precast Concrete Box Culvert, Install","12'x4' Precast Concrete Box Culvert, Install",FT,560,sd_sddot_item_catalog_2026_07_27,true
sd_sddot_560E0182_v20260727,sd_sddot_560E0182,2026-07-27,,"12'x5' Precast Concrete Box Culvert, Furnish","12'x5' Precast Concrete Box Culvert, Furnish",FT,560,sd_sddot_item_catalog_2026_07_27,true
sd_sddot_560E0183_v20260727,sd_sddot_560E0183,2026-07-27,,"12'x5' Precast Concrete Box Culvert, Install","12'x5' Precast Concrete Box Culvert, Install",FT,560,sd_sddot_item_catalog_2026_07_27,true
sd_sddot_560E0184_v20260727,sd_sddot_560E0184,2026-07-27,,"12'x6' Precast Concrete Box Culvert, Furnish","12'x6' Precast Concrete Box Culvert, Furnish",FT,560,sd_sddot_item_catalog_2026_07_27,true
sd_sddot_560E0185_v20260727,sd_sddot_560E0185,2026-07-27,,"12'x6' Precast Concrete Box Culvert, Install","12'x6' Precast Concrete Box Culvert, Install",FT,560,sd_sddot_item_catalog_2026_07_27,true
sd_sddot_560E0186_v20260727,sd_sddot_560E0186,2026-07-27,,"12'x7' Precast Concrete Box Culvert, Furnish","12'x7' Precast Concrete Box Culvert, Furnish",FT,560,sd_sddot_item_catalog_2026_07_27,true
sd_sddot_560E0187_v20260727,sd_sddot_560E0187,2026-07-27,,"12'x7' Precast Concrete Box Culvert, Install","12'x7' Precast Concrete Box Culvert, Install",FT,560,sd_sddot_item_catalog_2026_07_27,true
sd_sddot_560E0188_v20260727,sd_sddot_560E0188,2026-07-27,,"12'x8' Precast Concrete Box Culvert, Furnish","12'x8' Precast Concrete Box Culvert, Furnish",FT,560,sd_sddot_item_catalog_2026_07_27,true
sd_sddot_560E0189_v20260727,sd_sddot_560E0189,2026-07-27,,"12'x8' Precast Concrete Box Culvert, Install","12'x8' Precast Concrete Box Culvert, Install",FT,560,sd_sddot_item_catalog_2026_07_27,true
sd_sddot_560E0190_v20260727,sd_sddot_560E0190,2026-07-27,,"12'x9' Precast Concrete Box Culvert, Furnish","12'x9' Precast Concrete Box Culvert, Furnish",FT,560,sd_sddot_item_catalog_2026_07_27,true
sd_sddot_560E0191_v20260727,sd_sddot_560E0191,2026-07-27,,"12'x9' Precast Concrete Box Culvert, Install","12'x9' Precast Concrete Box Culvert, Install",FT,560,sd_sddot_item_catalog_2026_07_27,true
sd_sddot_560E0192_v20260727,sd_sddot_560E0192,2026-07-27,,"12'x10' Precast Concrete Box Culvert, Furnish","12'x10' Precast Concrete Box Culvert, Furnish",FT,560,sd_sddot_item_catalog_2026_07_27,true
sd_sddot_560E0193_v20260727,sd_sddot_560E0193,2026-07-27,,"12'x10' Precast Concrete Box Culvert, Install","12'x10' Precast Concrete Box Culvert, Install",FT,560,sd_sddot_item_catalog_2026_07_27,true
sd_sddot_560E0194_v20260727,sd_sddot_560E0194,2026-07-27,,"12'x11' Precast Concrete Box Culvert, Furnish","12'x11' Precast Concrete Box Culvert, Furnish",FT,560,sd_sddot_item_catalog_2026_07_27,true
sd_sddot_560E0195_v20260727,sd_sddot_560E0195,2026-07-27,,"12'x11' Precast Concrete Box Culvert, Install","12'x11' Precast Concrete Box Culvert, Install",FT,560,sd_sddot_item_catalog_2026_07_27,true
sd_sddot_560E0196_v20260727,sd_sddot_560E0196,2026-07-27,,"12'x12' Precast Concrete Box Culvert, Furnish","12'x12' Precast Concrete Box Culvert, Furnish",FT,560,sd_sddot_item_catalog_2026_07_27,true
sd_sddot_560E0197_v20260727,sd_sddot_560E0197,2026-07-27,,"12'x12' Precast Concrete Box Culvert, Install","12'x12' Precast Concrete Box Culvert, Install",FT,560,sd_sddot_item_catalog_2026_07_27,true
sd_sddot_560E0208_v20260727,sd_sddot_560E0208,2026-07-27,,"13'x4' Precast Concrete Box Culvert, Furnish","13'x4' Precast Concrete Box Culvert, Furnish",FT,560,sd_sddot_item_catalog_2026_07_27,true
sd_sddot_560E0209_v20260727,sd_sddot_560E0209,2026-07-27,,"13'x4' Precast Concrete Box Culvert, Install","13'x4' Precast Concrete Box Culvert, Install",FT,560,sd_sddot_item_catalog_2026_07_27,true
sd_sddot_560E0210_v20260727,sd_sddot_560E0210,2026-07-27,,"13'x5' Precast Concrete Box Culvert, Furnish","13'x5' Precast Concrete Box Culvert, Furnish",FT,560,sd_sddot_item_catalog_2026_07_27,true
sd_sddot_560E0211_v20260727,sd_sddot_560E0211,2026-07-27,,"13'x5' Precast Concrete Box Culvert, Install","13'x5' Precast Concrete Box Culvert, Install",FT,560,sd_sddot_item_catalog_2026_07_27,true
sd_sddot_560E0212_v20260727,sd_sddot_560E0212,2026-07-27,,"13'x6' Precast Concrete Box Culvert, Furnish","13'x6' Precast Concrete Box Culvert, Furnish",FT,560,sd_sddot_item_catalog_2026_07_27,true
sd_sddot_560E0213_v20260727,sd_sddot_560E0213,2026-07-27,,"13'x6' Precast Concrete Box Culvert, Install","13'x6' Precast Concrete Box Culvert, Install",FT,560,sd_sddot_item_catalog_2026_07_27,true
sd_sddot_560E0214_v20260727,sd_sddot_560E0214,2026-07-27,,"13'x7' Precast Concrete Box Culvert, Furnish","13'x7' Precast Concrete Box Culvert, Furnish",FT,560,sd_sddot_item_catalog_2026_07_27,true
sd_sddot_560E0215_v20260727,sd_sddot_560E0215,2026-07-27,,"13'x7' Precast Concrete Box Culvert, Install","13'x7' Precast Concrete Box Culvert, Install",FT,560,sd_sddot_item_catalog_2026_07_27,true
sd_sddot_560E0216_v20260727,sd_sddot_560E0216,2026-07-27,,"13'x8' Precast Concrete Box Culvert, Furnish","13'x8' Precast Concrete Box Culvert, Furnish",FT,560,sd_sddot_item_catalog_2026_07_27,true
sd_sddot_560E0217_v20260727,sd_sddot_560E0217,2026-07-27,,"13'x8' Precast Concrete Box Culvert, Install","13'x8' Precast Concrete Box Culvert, Install",FT,560,sd_sddot_item_catalog_2026_07_27,true
sd_sddot_560E0218_v20260727,sd_sddot_560E0218,2026-07-27,,"13'x9' Precast Concrete Box Culvert, Furnish","13'x9' Precast Concrete Box Culvert, Furnish",FT,560,sd_sddot_item_catalog_2026_07_27,true
sd_sddot_560E0219_v20260727,sd_sddot_560E0219,2026-07-27,,"13'x9' Precast Concrete Box Culvert, Install","13'x9' Precast Concrete Box Culvert, Install",FT,560,sd_sddot_item_catalog_2026_07_27,true
sd_sddot_560E0220_v20260727,sd_sddot_560E0220,2026-07-27,,"13'x10' Precast Concrete Box Culvert, Furnish","13'x10' Precast Concrete Box Culvert, Furnish",FT,560,sd_sddot_item_catalog_2026_07_27,true
sd_sddot_560E0221_v20260727,sd_sddot_560E0221,2026-07-27,,"13'x10' Precast Concrete Box Culvert, Install","13'x10' Precast Concrete Box Culvert, Install",FT,560,sd_sddot_item_catalog_2026_07_27,true
sd_sddot_560E0222_v20260727,sd_sddot_560E0222,2026-07-27,,"13'x11' Precast Concrete Box Culvert, Furnish","13'x11' Precast Concrete Box Culvert, Furnish",FT,560,sd_sddot_item_catalog_2026_07_27,true
sd_sddot_560E0223_v20260727,sd_sddot_560E0223,2026-07-27,,"13'x11' Precast Concrete Box Culvert, Install","13'x11' Precast Concrete Box Culvert, Install",FT,560,sd_sddot_item_catalog_2026_07_27,true
sd_sddot_560E0224_v20260727,sd_sddot_560E0224,2026-07-27,,"13'x12' Precast Concrete Box Culvert, Furnish","13'x12' Precast Concrete Box Culvert, Furnish",FT,560,sd_sddot_item_catalog_2026_07_27,true
sd_sddot_560E0225_v20260727,sd_sddot_560E0225,2026-07-27,,"13'x12' Precast Concrete Box Culvert, Install","13'x12' Precast Concrete Box Culvert, Install",FT,560,sd_sddot_item_catalog_2026_07_27,true
sd_sddot_560E0226_v20260727,sd_sddot_560E0226,2026-07-27,,"13'x13' Precast Concrete Box Culvert, Furnish","13'x13' Precast Concrete Box Culvert, Furnish",FT,560,sd_sddot_item_catalog_2026_07_27,true
sd_sddot_560E0227_v20260727,sd_sddot_560E0227,2026-07-27,,"13'x13' Precast Concrete Box Culvert, Install","13'x13' Precast Concrete Box Culvert, Install",FT,560,sd_sddot_item_catalog_2026_07_27,true
sd_sddot_560E0238_v20260727,sd_sddot_560E0238,2026-07-27,,"14'x4' Precast Concrete Box Culvert, Furnish","14'x4' Precast Concrete Box Culvert, Furnish",FT,560,sd_sddot_item_catalog_2026_07_27,true
sd_sddot_560E0239_v20260727,sd_sddot_560E0239,2026-07-27,,"14'x4' Precast Concrete Box Culvert, Install","14'x4' Precast Concrete Box Culvert, Install",FT,560,sd_sddot_item_catalog_2026_07_27,true
sd_sddot_560E0240_v20260727,sd_sddot_560E0240,2026-07-27,,"14'x5' Precast Concrete Box Culvert, Furnish","14'x5' Precast Concrete Box Culvert, Furnish",FT,560,sd_sddot_item_catalog_2026_07_27,true
sd_sddot_560E0241_v20260727,sd_sddot_560E0241,2026-07-27,,"14'x5' Precast Concrete Box Culvert, Install","14'x5' Precast Concrete Box Culvert, Install",FT,560,sd_sddot_item_catalog_2026_07_27,true
sd_sddot_560E0242_v20260727,sd_sddot_560E0242,2026-07-27,,"14'x6' Precast Concrete Box Culvert, Furnish","14'x6' Precast Concrete Box Culvert, Furnish",FT,560,sd_sddot_item_catalog_2026_07_27,true
sd_sddot_560E0243_v20260727,sd_sddot_560E0243,2026-07-27,,"14'x6' Precast Concrete Box Culvert, Install","14'x6' Precast Concrete Box Culvert, Install",FT,560,sd_sddot_item_catalog_2026_07_27,true
sd_sddot_560E0244_v20260727,sd_sddot_560E0244,2026-07-27,,"14'x7' Precast Concrete Box Culvert, Furnish","14'x7' Precast Concrete Box Culvert, Furnish",FT,560,sd_sddot_item_catalog_2026_07_27,true
sd_sddot_560E0245_v20260727,sd_sddot_560E0245,2026-07-27,,"14'x7' Precast Concrete Box Culvert, Install","14'x7' Precast Concrete Box Culvert, Install",FT,560,sd_sddot_item_catalog_2026_07_27,true
sd_sddot_560E0246_v20260727,sd_sddot_560E0246,2026-07-27,,"14'x8' Precast Concrete Box Culvert, Furnish","14'x8' Precast Concrete Box Culvert, Furnish",FT,560,sd_sddot_item_catalog_2026_07_27,true
sd_sddot_560E0247_v20260727,sd_sddot_560E0247,2026-07-27,,"14'x8' Precast Concrete Box Culvert, Install","14'x8' Precast Concrete Box Culvert, Install",FT,560,sd_sddot_item_catalog_2026_07_27,true
sd_sddot_560E0248_v20260727,sd_sddot_560E0248,2026-07-27,,"14'x9' Precast Concrete Box Culvert, Furnish","14'x9' Precast Concrete Box Culvert, Furnish",FT,560,sd_sddot_item_catalog_2026_07_27,true
sd_sddot_560E0249_v20260727,sd_sddot_560E0249,2026-07-27,,"14'x9' Precast Concrete Box Culvert, Install","14'x9' Precast Concrete Box Culvert, Install",FT,560,sd_sddot_item_catalog_2026_07_27,true
sd_sddot_560E0250_v20260727,sd_sddot_560E0250,2026-07-27,,"14'x10' Precast Concrete Box Culvert, Furnish","14'x10' Precast Concrete Box Culvert, Furnish",FT,560,sd_sddot_item_catalog_2026_07_27,true
sd_sddot_560E0251_v20260727,sd_sddot_560E0251,2026-07-27,,"14'x10' Precast Concrete Box Culvert, Install","14'x10' Precast Concrete Box Culvert, Install",FT,560,sd_sddot_item_catalog_2026_07_27,true
sd_sddot_560E0252_v20260727,sd_sddot_560E0252,2026-07-27,,"14'x11' Precast Concrete Box Culvert, Furnish","14'x11' Precast Concrete Box Culvert, Furnish",FT,560,sd_sddot_item_catalog_2026_07_27,true
sd_sddot_560E0253_v20260727,sd_sddot_560E0253,2026-07-27,,"14'x11' Precast Concrete Box Culvert, Install","14'x11' Precast Concrete Box Culvert, Install",FT,560,sd_sddot_item_catalog_2026_07_27,true
sd_sddot_560E0254_v20260727,sd_sddot_560E0254,2026-07-27,,"14'x12' Precast Concrete Box Culvert, Furnish","14'x12' Precast Concrete Box Culvert, Furnish",FT,560,sd_sddot_item_catalog_2026_07_27,true
sd_sddot_560E0255_v20260727,sd_sddot_560E0255,2026-07-27,,"14'x12' Precast Concrete Box Culvert, Install","14'x12' Precast Concrete Box Culvert, Install",FT,560,sd_sddot_item_catalog_2026_07_27,true
sd_sddot_560E0256_v20260727,sd_sddot_560E0256,2026-07-27,,"14'x13' Precast Concrete Box Culvert, Furnish","14'x13' Precast Concrete Box Culvert, Furnish",FT,560,sd_sddot_item_catalog_2026_07_27,true
sd_sddot_560E0257_v20260727,sd_sddot_560E0257,2026-07-27,,"14'x13' Precast Concrete Box Culvert, Install","14'x13' Precast Concrete Box Culvert, Install",FT,560,sd_sddot_item_catalog_2026_07_27,true
sd_sddot_560E0258_v20260727,sd_sddot_560E0258,2026-07-27,,"14'x14' Precast Concrete Box Culvert, Furnish","14'x14' Precast Concrete Box Culvert, Furnish",FT,560,sd_sddot_item_catalog_2026_07_27,true
sd_sddot_560E0259_v20260727,sd_sddot_560E0259,2026-07-27,,"14'x14' Precast Concrete Box Culvert, Install","14'x14' Precast Concrete Box Culvert, Install",FT,560,sd_sddot_item_catalog_2026_07_27,true
sd_sddot_560E0330_v20260727,sd_sddot_560E0330,2026-07-27,,"15'x9' Precast Concrete Box Culvert, Furnish","15'x9' Precast Concrete Box Culvert, Furnish",FT,560,sd_sddot_item_catalog_2026_07_27,true
sd_sddot_560E0331_v20260727,sd_sddot_560E0331,2026-07-27,,"15'x9' Precast Concrete Box Culvert, Install","15'x9' Precast Concrete Box Culvert, Install",FT,560,sd_sddot_item_catalog_2026_07_27,true
sd_sddot_560E1050_v20260727,sd_sddot_560E1050,2026-07-27,,"6'x3' Precast Concrete Box Culvert End Section, Furnish","6'x3' Precast Concrete Box Culvert End Section, Furnish",EACH,560,sd_sddot_item_catalog_2026_07_27,true
sd_sddot_560E1051_v20260727,sd_sddot_560E1051,2026-07-27,,"6'x3' Precast Concrete Box Culvert End Section, Install","6'x3' Precast Concrete Box Culvert End Section, Install",EACH,560,sd_sddot_item_catalog_2026_07_27,true
sd_sddot_560E1052_v20260727,sd_sddot_560E1052,2026-07-27,,"6'x4' Precast Concrete Box Culvert End Section, Furnish","6'x4' Precast Concrete Box Culvert End Section, Furnish",EACH,560,sd_sddot_item_catalog_2026_07_27,true
sd_sddot_560E1053_v20260727,sd_sddot_560E1053,2026-07-27,,"6'x4' Precast Concrete Box Culvert End Section, Install","6'x4' Precast Concrete Box Culvert End Section, Install",EACH,560,sd_sddot_item_catalog_2026_07_27,true
sd_sddot_560E1054_v20260727,sd_sddot_560E1054,2026-07-27,,"6'x5' Precast Concrete Box Culvert End Section, Furnish","6'x5' Precast Concrete Box Culvert End Section, Furnish",EACH,560,sd_sddot_item_catalog_2026_07_27,true
sd_sddot_560E1055_v20260727,sd_sddot_560E1055,2026-07-27,,"6'x5' Precast Concrete Box Culvert End Section, Install","6'x5' Precast Concrete Box Culvert End Section, Install",EACH,560,sd_sddot_item_catalog_2026_07_27,true
sd_sddot_560E1056_v20260727,sd_sddot_560E1056,2026-07-27,,"6'x6' Precast Concrete Box Culvert End Section, Furnish","6'x6' Precast Concrete Box Culvert End Section, Furnish",EACH,560,sd_sddot_item_catalog_2026_07_27,true
sd_sddot_560E1057_v20260727,sd_sddot_560E1057,2026-07-27,,"6'x6' Precast Concrete Box Culvert End Section, Install","6'x6' Precast Concrete Box Culvert End Section, Install",EACH,560,sd_sddot_item_catalog_2026_07_27,true
sd_sddot_560E1068_v20260727,sd_sddot_560E1068,2026-07-27,,"7'x3' Precast Concrete Box Culvert End Section, Furnish","7'x3' Precast Concrete Box Culvert End Section, Furnish",EACH,560,sd_sddot_item_catalog_2026_07_27,true
sd_sddot_560E1069_v20260727,sd_sddot_560E1069,2026-07-27,,"7'x3' Precast Concrete Box Culvert End Section, Install","7'x3' Precast Concrete Box Culvert End Section, Install",EACH,560,sd_sddot_item_catalog_2026_07_27,true
sd_sddot_560E1070_v20260727,sd_sddot_560E1070,2026-07-27,,"7'x4' Precast Concrete Box Culvert End Section, Furnish","7'x4' Precast Concrete Box Culvert End Section, Furnish",EACH,560,sd_sddot_item_catalog_2026_07_27,true
sd_sddot_560E1071_v20260727,sd_sddot_560E1071,2026-07-27,,"7'x4' Precast Concrete Box Culvert End Section, Install","7'x4' Precast Concrete Box Culvert End Section, Install",EACH,560,sd_sddot_item_catalog_2026_07_27,true
sd_sddot_560E1072_v20260727,sd_sddot_560E1072,2026-07-27,,"7'x5' Precast Concrete Box Culvert End Section, Furnish","7'x5' Precast Concrete Box Culvert End Section, Furnish",EACH,560,sd_sddot_item_catalog_2026_07_27,true
sd_sddot_560E1073_v20260727,sd_sddot_560E1073,2026-07-27,,"7'x5' Precast Concrete Box Culvert End Section, Install","7'x5' Precast Concrete Box Culvert End Section, Install",EACH,560,sd_sddot_item_catalog_2026_07_27,true
sd_sddot_560E1074_v20260727,sd_sddot_560E1074,2026-07-27,,"7'x6' Precast Concrete Box Culvert End Section, Furnish","7'x6' Precast Concrete Box Culvert End Section, Furnish",EACH,560,sd_sddot_item_catalog_2026_07_27,true
sd_sddot_560E1075_v20260727,sd_sddot_560E1075,2026-07-27,,"7'x6' Precast Concrete Box Culvert End Section, Install","7'x6' Precast Concrete Box Culvert End Section, Install",EACH,560,sd_sddot_item_catalog_2026_07_27,true
sd_sddot_560E1076_v20260727,sd_sddot_560E1076,2026-07-27,,"7'x7' Precast Concrete Box Culvert End Section, Furnish","7'x7' Precast Concrete Box Culvert End Section, Furnish",EACH,560,sd_sddot_item_catalog_2026_07_27,true
sd_sddot_560E1077_v20260727,sd_sddot_560E1077,2026-07-27,,"7'x7' Precast Concrete Box Culvert End Section, Install","7'x7' Precast Concrete Box Culvert End Section, Install",EACH,560,sd_sddot_item_catalog_2026_07_27,true
sd_sddot_560E1086_v20260727,sd_sddot_560E1086,2026-07-27,,"8'x3' Precast Concrete Box Culvert End Section, Furnish","8'x3' Precast Concrete Box Culvert End Section, Furnish",EACH,560,sd_sddot_item_catalog_2026_07_27,true
sd_sddot_560E1087_v20260727,sd_sddot_560E1087,2026-07-27,,"8'x3' Precast Concrete Box Culvert End Section, Install","8'x3' Precast Concrete Box Culvert End Section, Install",EACH,560,sd_sddot_item_catalog_2026_07_27,true
sd_sddot_560E1088_v20260727,sd_sddot_560E1088,2026-07-27,,"8'x4' Precast Concrete Box Culvert End Section, Furnish","8'x4' Precast Concrete Box Culvert End Section, Furnish",EACH,560,sd_sddot_item_catalog_2026_07_27,true
sd_sddot_560E1089_v20260727,sd_sddot_560E1089,2026-07-27,,"8'x4' Precast Concrete Box Culvert End Section, Install","8'x4' Precast Concrete Box Culvert End Section, Install",EACH,560,sd_sddot_item_catalog_2026_07_27,true
sd_sddot_560E1090_v20260727,sd_sddot_560E1090,2026-07-27,,"8'x5' Precast Concrete Box Culvert End Section, Furnish","8'x5' Precast Concrete Box Culvert End Section, Furnish",EACH,560,sd_sddot_item_catalog_2026_07_27,true
sd_sddot_560E1091_v20260727,sd_sddot_560E1091,2026-07-27,,"8'x5' Precast Concrete Box Culvert End Section, Install","8'x5' Precast Concrete Box Culvert End Section, Install",EACH,560,sd_sddot_item_catalog_2026_07_27,true
sd_sddot_560E1092_v20260727,sd_sddot_560E1092,2026-07-27,,"8'x6' Precast Concrete Box Culvert End Section, Furnish","8'x6' Precast Concrete Box Culvert End Section, Furnish",EACH,560,sd_sddot_item_catalog_2026_07_27,true
sd_sddot_560E1093_v20260727,sd_sddot_560E1093,2026-07-27,,"8'x6' Precast Concrete Box Culvert End Section, Install","8'x6' Precast Concrete Box Culvert End Section, Install",EACH,560,sd_sddot_item_catalog_2026_07_27,true
sd_sddot_560E1094_v20260727,sd_sddot_560E1094,2026-07-27,,"8'x7' Precast Concrete Box Culvert End Section, Furnish","8'x7' Precast Concrete Box Culvert End Section, Furnish",EACH,560,sd_sddot_item_catalog_2026_07_27,true
sd_sddot_560E1095_v20260727,sd_sddot_560E1095,2026-07-27,,"8'x7' Precast Concrete Box Culvert End Section, Install","8'x7' Precast Concrete Box Culvert End Section, Install",EACH,560,sd_sddot_item_catalog_2026_07_27,true
sd_sddot_560E1096_v20260727,sd_sddot_560E1096,2026-07-27,,"8'x8' Precast Concrete Box Culvert End Section, Furnish","8'x8' Precast Concrete Box Culvert End Section, Furnish",EACH,560,sd_sddot_item_catalog_2026_07_27,true
sd_sddot_560E1097_v20260727,sd_sddot_560E1097,2026-07-27,,"8'x8' Precast Concrete Box Culvert End Section, Install","8'x8' Precast Concrete Box Culvert End Section, Install",EACH,560,sd_sddot_item_catalog_2026_07_27,true
sd_sddot_560E1100_v20260727,sd_sddot_560E1100,2026-07-27,,"8'x10' Precast Concrete Box Culvert End Section, Furnish","8'x10' Precast Concrete Box Culvert End Section, Furnish",EACH,560,sd_sddot_item_catalog_2026_07_27,true
sd_sddot_560E1101_v20260727,sd_sddot_560E1101,2026-07-27,,"8'x10' Precast Concrete Box Culvert End Section, Install","8'x10' Precast Concrete Box Culvert End Section, Install",EACH,560,sd_sddot_item_catalog_2026_07_27,true
sd_sddot_560E1108_v20260727,sd_sddot_560E1108,2026-07-27,,"9'x4' Precast Concrete Box Culvert End Section, Furnish","9'x4' Precast Concrete Box Culvert End Section, Furnish",EACH,560,sd_sddot_item_catalog_2026_07_27,true
sd_sddot_560E1109_v20260727,sd_sddot_560E1109,2026-07-27,,"9'x4' Precast Concrete Box Culvert End Section, Install","9'x4' Precast Concrete Box Culvert End Section, Install",EACH,560,sd_sddot_item_catalog_2026_07_27,true
sd_sddot_560E1110_v20260727,sd_sddot_560E1110,2026-07-27,,"9'x5' Precast Concrete Box Culvert End Section, Furnish","9'x5' Precast Concrete Box Culvert End Section, Furnish",EACH,560,sd_sddot_item_catalog_2026_07_27,true
sd_sddot_560E1111_v20260727,sd_sddot_560E1111,2026-07-27,,"9'x5' Precast Concrete Box Culvert End Section, Install","9'x5' Precast Concrete Box Culvert End Section, Install",EACH,560,sd_sddot_item_catalog_2026_07_27,true
sd_sddot_560E1112_v20260727,sd_sddot_560E1112,2026-07-27,,"9'x6' Precast Concrete Box Culvert End Section, Furnish","9'x6' Precast Concrete Box Culvert End Section, Furnish",EACH,560,sd_sddot_item_catalog_2026_07_27,true
sd_sddot_560E1113_v20260727,sd_sddot_560E1113,2026-07-27,,"9'x6' Precast Concrete Box Culvert End Section, Install","9'x6' Precast Concrete Box Culvert End Section, Install",EACH,560,sd_sddot_item_catalog_2026_07_27,true
sd_sddot_560E1114_v20260727,sd_sddot_560E1114,2026-07-27,,"9'x7' Precast Concrete Box Culvert End Section, Furnish","9'x7' Precast Concrete Box Culvert End Section, Furnish",EACH,560,sd_sddot_item_catalog_2026_07_27,true
sd_sddot_560E1115_v20260727,sd_sddot_560E1115,2026-07-27,,"9'x7' Precast Concrete Box Culvert End Section, Install","9'x7' Precast Concrete Box Culvert End Section, Install",EACH,560,sd_sddot_item_catalog_2026_07_27,true
sd_sddot_560E1116_v20260727,sd_sddot_560E1116,2026-07-27,,"9'x8' Precast Concrete Box Culvert End Section, Furnish","9'x8' Precast Concrete Box Culvert End Section, Furnish",EACH,560,sd_sddot_item_catalog_2026_07_27,true
sd_sddot_560E1117_v20260727,sd_sddot_560E1117,2026-07-27,,"9'x8' Precast Concrete Box Culvert End Section, Install","9'x8' Precast Concrete Box Culvert End Section, Install",EACH,560,sd_sddot_item_catalog_2026_07_27,true
sd_sddot_560E1118_v20260727,sd_sddot_560E1118,2026-07-27,,"9'x9' Precast Concrete Box Culvert End Section, Furnish","9'x9' Precast Concrete Box Culvert End Section, Furnish",EACH,560,sd_sddot_item_catalog_2026_07_27,true
sd_sddot_560E1119_v20260727,sd_sddot_560E1119,2026-07-27,,"9'x9' Precast Concrete Box Culvert End Section, Install","9'x9' Precast Concrete Box Culvert End Section, Install",EACH,560,sd_sddot_item_catalog_2026_07_27,true
sd_sddot_560E1128_v20260727,sd_sddot_560E1128,2026-07-27,,"10'x3' Precast Concrete Box Culvert End Section, Furnish","10'x3' Precast Concrete Box Culvert End Section, Furnish",EACH,560,sd_sddot_item_catalog_2026_07_27,true
sd_sddot_560E1129_v20260727,sd_sddot_560E1129,2026-07-27,,"10'x3' Precast Concrete Box Culvert End Section, Install","10'x3' Precast Concrete Box Culvert End Section, Install",EACH,560,sd_sddot_item_catalog_2026_07_27,true
sd_sddot_560E1130_v20260727,sd_sddot_560E1130,2026-07-27,,"10'x4' Precast Concrete Box Culvert End Section, Furnish","10'x4' Precast Concrete Box Culvert End Section, Furnish",EACH,560,sd_sddot_item_catalog_2026_07_27,true
sd_sddot_560E1131_v20260727,sd_sddot_560E1131,2026-07-27,,"10'x4' Precast Concrete Box Culvert End Section, Install","10'x4' Precast Concrete Box Culvert End Section, Install",EACH,560,sd_sddot_item_catalog_2026_07_27,true
sd_sddot_560E1132_v20260727,sd_sddot_560E1132,2026-07-27,,"10'x5' Precast Concrete Box Culvert End Section, Furnish","10'x5' Precast Concrete Box Culvert End Section, Furnish",EACH,560,sd_sddot_item_catalog_2026_07_27,true
sd_sddot_560E1133_v20260727,sd_sddot_560E1133,2026-07-27,,"10'x5' Precast Concrete Box Culvert End Section, Install","10'x5' Precast Concrete Box Culvert End Section, Install",EACH,560,sd_sddot_item_catalog_2026_07_27,true
sd_sddot_560E1134_v20260727,sd_sddot_560E1134,2026-07-27,,"10'x6' Precast Concrete Box Culvert End Section, Furnish","10'x6' Precast Concrete Box Culvert End Section, Furnish",EACH,560,sd_sddot_item_catalog_2026_07_27,true
sd_sddot_560E1135_v20260727,sd_sddot_560E1135,2026-07-27,,"10'x6' Precast Concrete Box Culvert End Section, Install","10'x6' Precast Concrete Box Culvert End Section, Install",EACH,560,sd_sddot_item_catalog_2026_07_27,true
sd_sddot_560E1136_v20260727,sd_sddot_560E1136,2026-07-27,,"10'x7' Precast Concrete Box Culvert End Section, Furnish","10'x7' Precast Concrete Box Culvert End Section, Furnish",EACH,560,sd_sddot_item_catalog_2026_07_27,true
sd_sddot_560E1137_v20260727,sd_sddot_560E1137,2026-07-27,,"10'x7' Precast Concrete Box Culvert End Section, Install","10'x7' Precast Concrete Box Culvert End Section, Install",EACH,560,sd_sddot_item_catalog_2026_07_27,true
sd_sddot_560E1138_v20260727,sd_sddot_560E1138,2026-07-27,,"10'x8' Precast Concrete Box Culvert End Section, Furnish","10'x8' Precast Concrete Box Culvert End Section, Furnish",EACH,560,sd_sddot_item_catalog_2026_07_27,true
sd_sddot_560E1139_v20260727,sd_sddot_560E1139,2026-07-27,,"10'x8' Precast Concrete Box Culvert End Section, Install","10'x8' Precast Concrete Box Culvert End Section, Install",EACH,560,sd_sddot_item_catalog_2026_07_27,true
sd_sddot_560E1140_v20260727,sd_sddot_560E1140,2026-07-27,,"10'x9' Precast Concrete Box Culvert End Section, Furnish","10'x9' Precast Concrete Box Culvert End Section, Furnish",EACH,560,sd_sddot_item_catalog_2026_07_27,true
sd_sddot_560E1141_v20260727,sd_sddot_560E1141,2026-07-27,,"10'x9' Precast Concrete Box Culvert End Section, Install","10'x9' Precast Concrete Box Culvert End Section, Install",EACH,560,sd_sddot_item_catalog_2026_07_27,true
sd_sddot_560E1142_v20260727,sd_sddot_560E1142,2026-07-27,,"10'x10' Precast Concrete Box Culvert End Section, Furnish","10'x10' Precast Concrete Box Culvert End Section, Furnish",EACH,560,sd_sddot_item_catalog_2026_07_27,true
sd_sddot_560E1143_v20260727,sd_sddot_560E1143,2026-07-27,,"10'x10' Precast Concrete Box Culvert End Section, Install","10'x10' Precast Concrete Box Culvert End Section, Install",EACH,560,sd_sddot_item_catalog_2026_07_27,true
sd_sddot_560E1154_v20260727,sd_sddot_560E1154,2026-07-27,,"11'x4' Precast Concrete Box Culvert End Section, Furnish","11'x4' Precast Concrete Box Culvert End Section, Furnish",EACH,560,sd_sddot_item_catalog_2026_07_27,true
sd_sddot_560E1155_v20260727,sd_sddot_560E1155,2026-07-27,,"11'x4' Precast Concrete Box Culvert End Section, Install","11'x4' Precast Concrete Box Culvert End Section, Install",EACH,560,sd_sddot_item_catalog_2026_07_27,true
sd_sddot_560E1156_v20260727,sd_sddot_560E1156,2026-07-27,,"11'x5' Precast Concrete Box Culvert End Section, Furnish","11'x5' Precast Concrete Box Culvert End Section, Furnish",EACH,560,sd_sddot_item_catalog_2026_07_27,true
sd_sddot_560E1157_v20260727,sd_sddot_560E1157,2026-07-27,,"11'x5' Precast Concrete Box Culvert End Section, Install","11'x5' Precast Concrete Box Culvert End Section, Install",EACH,560,sd_sddot_item_catalog_2026_07_27,true
sd_sddot_560E1158_v20260727,sd_sddot_560E1158,2026-07-27,,"11'x6' Precast Concrete Box Culvert End Section, Furnish","11'x6' Precast Concrete Box Culvert End Section, Furnish",EACH,560,sd_sddot_item_catalog_2026_07_27,true
sd_sddot_560E1159_v20260727,sd_sddot_560E1159,2026-07-27,,"11'x6' Precast Concrete Box Culvert End Section, Install","11'x6' Precast Concrete Box Culvert End Section, Install",EACH,560,sd_sddot_item_catalog_2026_07_27,true
sd_sddot_560E1160_v20260727,sd_sddot_560E1160,2026-07-27,,"11'x7' Precast Concrete Box Culvert End Section, Furnish","11'x7' Precast Concrete Box Culvert End Section, Furnish",EACH,560,sd_sddot_item_catalog_2026_07_27,true
sd_sddot_560E1161_v20260727,sd_sddot_560E1161,2026-07-27,,"11'x7' Precast Concrete Box Culvert End Section, Install","11'x7' Precast Concrete Box Culvert End Section, Install",EACH,560,sd_sddot_item_catalog_2026_07_27,true
sd_sddot_560E1162_v20260727,sd_sddot_560E1162,2026-07-27,,"11'x8' Precast Concrete Box Culvert End Section, Furnish","11'x8' Precast Concrete Box Culvert End Section, Furnish",EACH,560,sd_sddot_item_catalog_2026_07_27,true
sd_sddot_560E1163_v20260727,sd_sddot_560E1163,2026-07-27,,"11'x8' Precast Concrete Box Culvert End Section, Install","11'x8' Precast Concrete Box Culvert End Section, Install",EACH,560,sd_sddot_item_catalog_2026_07_27,true
sd_sddot_560E1164_v20260727,sd_sddot_560E1164,2026-07-27,,"11'x9' Precast Concrete Box Culvert End Section, Furnish","11'x9' Precast Concrete Box Culvert End Section, Furnish",EACH,560,sd_sddot_item_catalog_2026_07_27,true
sd_sddot_560E1165_v20260727,sd_sddot_560E1165,2026-07-27,,"11'x9' Precast Concrete Box Culvert End Section, Install","11'x9' Precast Concrete Box Culvert End Section, Install",EACH,560,sd_sddot_item_catalog_2026_07_27,true
sd_sddot_560E1166_v20260727,sd_sddot_560E1166,2026-07-27,,"11'x10' Precast Concrete Box Culvert End Section, Furnish","11'x10' Precast Concrete Box Culvert End Section, Furnish",EACH,560,sd_sddot_item_catalog_2026_07_27,true
sd_sddot_560E1167_v20260727,sd_sddot_560E1167,2026-07-27,,"11'x10' Precast Concrete Box Culvert End Section, Install","11'x10' Precast Concrete Box Culvert End Section, Install",EACH,560,sd_sddot_item_catalog_2026_07_27,true
sd_sddot_560E1168_v20260727,sd_sddot_560E1168,2026-07-27,,"11'x11' Precast Concrete Box Culvert End Section, Furnish","11'x11' Precast Concrete Box Culvert End Section, Furnish",EACH,560,sd_sddot_item_catalog_2026_07_27,true
sd_sddot_560E1169_v20260727,sd_sddot_560E1169,2026-07-27,,"11'x11' Precast Concrete Box Culvert End Section, Install","11'x11' Precast Concrete Box Culvert End Section, Install",EACH,560,sd_sddot_item_catalog_2026_07_27,true
sd_sddot_560E1180_v20260727,sd_sddot_560E1180,2026-07-27,,"12'x4' Precast Concrete Box Culvert End Section, Furnish","12'x4' Precast Concrete Box Culvert End Section, Furnish",EACH,560,sd_sddot_item_catalog_2026_07_27,true
sd_sddot_560E1181_v20260727,sd_sddot_560E1181,2026-07-27,,"12'x4' Precast Concrete Box Culvert End Section, Install","12'x4' Precast Concrete Box Culvert End Section, Install",EACH,560,sd_sddot_item_catalog_2026_07_27,true
sd_sddot_560E1182_v20260727,sd_sddot_560E1182,2026-07-27,,"12'x5' Precast Concrete Box Culvert End Section, Furnish","12'x5' Precast Concrete Box Culvert End Section, Furnish",EACH,560,sd_sddot_item_catalog_2026_07_27,true
sd_sddot_560E1183_v20260727,sd_sddot_560E1183,2026-07-27,,"12'x5' Precast Concrete Box Culvert End Section, Install","12'x5' Precast Concrete Box Culvert End Section, Install",EACH,560,sd_sddot_item_catalog_2026_07_27,true
sd_sddot_560E1184_v20260727,sd_sddot_560E1184,2026-07-27,,"12'x6' Precast Concrete Box Culvert End Section, Furnish","12'x6' Precast Concrete Box Culvert End Section, Furnish",EACH,560,sd_sddot_item_catalog_2026_07_27,true
sd_sddot_560E1185_v20260727,sd_sddot_560E1185,2026-07-27,,"12'x6' Precast Concrete Box Culvert End Section, Install","12'x6' Precast Concrete Box Culvert End Section, Install",EACH,560,sd_sddot_item_catalog_2026_07_27,true
sd_sddot_560E1186_v20260727,sd_sddot_560E1186,2026-07-27,,"12'x7' Precast Concrete Box Culvert End Section, Furnish","12'x7' Precast Concrete Box Culvert End Section, Furnish",EACH,560,sd_sddot_item_catalog_2026_07_27,true
sd_sddot_560E1187_v20260727,sd_sddot_560E1187,2026-07-27,,"12'x7' Precast Concrete Box Culvert End Section, Install","12'x7' Precast Concrete Box Culvert End Section, Install",EACH,560,sd_sddot_item_catalog_2026_07_27,true
sd_sddot_560E1188_v20260727,sd_sddot_560E1188,2026-07-27,,"12'x8' Precast Concrete Box Culvert End Section, Furnish","12'x8' Precast Concrete Box Culvert End Section, Furnish",EACH,560,sd_sddot_item_catalog_2026_07_27,true
sd_sddot_560E1189_v20260727,sd_sddot_560E1189,2026-07-27,,"12'x8' Precast Concrete Box Culvert End Section, Install","12'x8' Precast Concrete Box Culvert End Section, Install",EACH,560,sd_sddot_item_catalog_2026_07_27,true
sd_sddot_560E1190_v20260727,sd_sddot_560E1190,2026-07-27,,"12'x9' Precast Concrete Box Culvert End Section, Furnish","12'x9' Precast Concrete Box Culvert End Section, Furnish",EACH,560,sd_sddot_item_catalog_2026_07_27,true
sd_sddot_560E1191_v20260727,sd_sddot_560E1191,2026-07-27,,"12'x9' Precast Concrete Box Culvert End Section, Install","12'x9' Precast Concrete Box Culvert End Section, Install",EACH,560,sd_sddot_item_catalog_2026_07_27,true
sd_sddot_560E1192_v20260727,sd_sddot_560E1192,2026-07-27,,"12'x10' Precast Concrete Box Culvert End Section, Furnish","12'x10' Precast Concrete Box Culvert End Section, Furnish",EACH,560,sd_sddot_item_catalog_2026_07_27,true
sd_sddot_560E1193_v20260727,sd_sddot_560E1193,2026-07-27,,"12'x10' Precast Concrete Box Culvert End Section, Install","12'x10' Precast Concrete Box Culvert End Section, Install",EACH,560,sd_sddot_item_catalog_2026_07_27,true
sd_sddot_560E1194_v20260727,sd_sddot_560E1194,2026-07-27,,"12'x11' Precast Concrete Box Culvert End Section, Furnish","12'x11' Precast Concrete Box Culvert End Section, Furnish",EACH,560,sd_sddot_item_catalog_2026_07_27,true
sd_sddot_560E1195_v20260727,sd_sddot_560E1195,2026-07-27,,"12'x11' Precast Concrete Box Culvert End Section, Install","12'x11' Precast Concrete Box Culvert End Section, Install",EACH,560,sd_sddot_item_catalog_2026_07_27,true
sd_sddot_560E1196_v20260727,sd_sddot_560E1196,2026-07-27,,"12'x12' Precast Concrete Box Culvert End Section, Furnish","12'x12' Precast Concrete Box Culvert End Section, Furnish",EACH,560,sd_sddot_item_catalog_2026_07_27,true
sd_sddot_560E1197_v20260727,sd_sddot_560E1197,2026-07-27,,"12'x12' Precast Concrete Box Culvert End Section, Install","12'x12' Precast Concrete Box Culvert End Section, Install",EACH,560,sd_sddot_item_catalog_2026_07_27,true
sd_sddot_560E1208_v20260727,sd_sddot_560E1208,2026-07-27,,"13'x4' Precast Concrete Box Culvert End Section, Furnish","13'x4' Precast Concrete Box Culvert End Section, Furnish",EACH,560,sd_sddot_item_catalog_2026_07_27,true
sd_sddot_560E1209_v20260727,sd_sddot_560E1209,2026-07-27,,"13'x4' Precast Concrete Box Culvert End Section, Install","13'x4' Precast Concrete Box Culvert End Section, Install",EACH,560,sd_sddot_item_catalog_2026_07_27,true
sd_sddot_560E1210_v20260727,sd_sddot_560E1210,2026-07-27,,"13'x5' Precast Concrete Box Culvert End Section, Furnish","13'x5' Precast Concrete Box Culvert End Section, Furnish",EACH,560,sd_sddot_item_catalog_2026_07_27,true
sd_sddot_560E1211_v20260727,sd_sddot_560E1211,2026-07-27,,"13'x5' Precast Concrete Box Culvert End Section, Install","13'x5' Precast Concrete Box Culvert End Section, Install",EACH,560,sd_sddot_item_catalog_2026_07_27,true
sd_sddot_560E1212_v20260727,sd_sddot_560E1212,2026-07-27,,"13'x6' Precast Concrete Box Culvert End Section, Furnish","13'x6' Precast Concrete Box Culvert End Section, Furnish",EACH,560,sd_sddot_item_catalog_2026_07_27,true
sd_sddot_560E1213_v20260727,sd_sddot_560E1213,2026-07-27,,"13'x6' Precast Concrete Box Culvert End Section, Install","13'x6' Precast Concrete Box Culvert End Section, Install",EACH,560,sd_sddot_item_catalog_2026_07_27,true
sd_sddot_560E1214_v20260727,sd_sddot_560E1214,2026-07-27,,"13'x7' Precast Concrete Box Culvert End Section, Furnish","13'x7' Precast Concrete Box Culvert End Section, Furnish",EACH,560,sd_sddot_item_catalog_2026_07_27,true
sd_sddot_560E1215_v20260727,sd_sddot_560E1215,2026-07-27,,"13'x7' Precast Concrete Box Culvert End Section, Install","13'x7' Precast Concrete Box Culvert End Section, Install",EACH,560,sd_sddot_item_catalog_2026_07_27,true
sd_sddot_560E1216_v20260727,sd_sddot_560E1216,2026-07-27,,"13'x8' Precast Concrete Box Culvert End Section, Furnish","13'x8' Precast Concrete Box Culvert End Section, Furnish",EACH,560,sd_sddot_item_catalog_2026_07_27,true
sd_sddot_560E1217_v20260727,sd_sddot_560E1217,2026-07-27,,"13'x8' Precast Concrete Box Culvert End Section, Install","13'x8' Precast Concrete Box Culvert End Section, Install",EACH,560,sd_sddot_item_catalog_2026_07_27,true
sd_sddot_560E1218_v20260727,sd_sddot_560E1218,2026-07-27,,"13'x9' Precast Concrete Box Culvert End Section, Furnish","13'x9' Precast Concrete Box Culvert End Section, Furnish",EACH,560,sd_sddot_item_catalog_2026_07_27,true
sd_sddot_560E1219_v20260727,sd_sddot_560E1219,2026-07-27,,"13'x9' Precast Concrete Box Culvert End Section, Install","13'x9' Precast Concrete Box Culvert End Section, Install",EACH,560,sd_sddot_item_catalog_2026_07_27,true
sd_sddot_560E1220_v20260727,sd_sddot_560E1220,2026-07-27,,"13'x10' Precast Concrete Box Culvert End Section, Furnish","13'x10' Precast Concrete Box Culvert End Section, Furnish",EACH,560,sd_sddot_item_catalog_2026_07_27,true
sd_sddot_560E1221_v20260727,sd_sddot_560E1221,2026-07-27,,"13'x10' Precast Concrete Box Culvert End Section, Install","13'x10' Precast Concrete Box Culvert End Section, Install",EACH,560,sd_sddot_item_catalog_2026_07_27,true
sd_sddot_560E1222_v20260727,sd_sddot_560E1222,2026-07-27,,"13'x11' Precast Concrete Box Culvert End Section, Furnish","13'x11' Precast Concrete Box Culvert End Section, Furnish",EACH,560,sd_sddot_item_catalog_2026_07_27,true
sd_sddot_560E1223_v20260727,sd_sddot_560E1223,2026-07-27,,"13'x11' Precast Concrete Box Culvert End Section, Install","13'x11' Precast Concrete Box Culvert End Section, Install",EACH,560,sd_sddot_item_catalog_2026_07_27,true
sd_sddot_560E1224_v20260727,sd_sddot_560E1224,2026-07-27,,"13'x12' Precast Concrete Box Culvert End Section, Furnish","13'x12' Precast Concrete Box Culvert End Section, Furnish",EACH,560,sd_sddot_item_catalog_2026_07_27,true
sd_sddot_560E1225_v20260727,sd_sddot_560E1225,2026-07-27,,"13'x12' Precast Concrete Box Culvert End Section, Install","13'x12' Precast Concrete Box Culvert End Section, Install",EACH,560,sd_sddot_item_catalog_2026_07_27,true
sd_sddot_560E1226_v20260727,sd_sddot_560E1226,2026-07-27,,"13'x13' Precast Concrete Box Culvert End Section, Furnish","13'x13' Precast Concrete Box Culvert End Section, Furnish",EACH,560,sd_sddot_item_catalog_2026_07_27,true
sd_sddot_560E1227_v20260727,sd_sddot_560E1227,2026-07-27,,"13'x13' Precast Concrete Box Culvert End Section, Install","13'x13' Precast Concrete Box Culvert End Section, Install",EACH,560,sd_sddot_item_catalog_2026_07_27,true
sd_sddot_560E1238_v20260727,sd_sddot_560E1238,2026-07-27,,"14'x4' Precast Concrete Box Culvert End Section, Furnish","14'x4' Precast Concrete Box Culvert End Section, Furnish",EACH,560,sd_sddot_item_catalog_2026_07_27,true
sd_sddot_560E1239_v20260727,sd_sddot_560E1239,2026-07-27,,"14'x4' Precast Concrete Box Culvert End Section, Install","14'x4' Precast Concrete Box Culvert End Section, Install",EACH,560,sd_sddot_item_catalog_2026_07_27,true
sd_sddot_560E1240_v20260727,sd_sddot_560E1240,2026-07-27,,"14'x5' Precast Concrete Box Culvert End Section, Furnish","14'x5' Precast Concrete Box Culvert End Section, Furnish",EACH,560,sd_sddot_item_catalog_2026_07_27,true
sd_sddot_560E1241_v20260727,sd_sddot_560E1241,2026-07-27,,"14'x5' Precast Concrete Box Culvert End Section, Install","14'x5' Precast Concrete Box Culvert End Section, Install",EACH,560,sd_sddot_item_catalog_2026_07_27,true
sd_sddot_560E1242_v20260727,sd_sddot_560E1242,2026-07-27,,"14'x6' Precast Concrete Box Culvert End Section, Furnish","14'x6' Precast Concrete Box Culvert End Section, Furnish",EACH,560,sd_sddot_item_catalog_2026_07_27,true
sd_sddot_560E1243_v20260727,sd_sddot_560E1243,2026-07-27,,"14'x6' Precast Concrete Box Culvert End Section, Install","14'x6' Precast Concrete Box Culvert End Section, Install",EACH,560,sd_sddot_item_catalog_2026_07_27,true
sd_sddot_560E1244_v20260727,sd_sddot_560E1244,2026-07-27,,"14'x7' Precast Concrete Box Culvert End Section, Furnish","14'x7' Precast Concrete Box Culvert End Section, Furnish",EACH,560,sd_sddot_item_catalog_2026_07_27,true
sd_sddot_560E1245_v20260727,sd_sddot_560E1245,2026-07-27,,"14'x7' Precast Concrete Box Culvert End Section, Install","14'x7' Precast Concrete Box Culvert End Section, Install",EACH,560,sd_sddot_item_catalog_2026_07_27,true
sd_sddot_560E1246_v20260727,sd_sddot_560E1246,2026-07-27,,"14'x8' Precast Concrete Box Culvert End Section, Furnish","14'x8' Precast Concrete Box Culvert End Section, Furnish",EACH,560,sd_sddot_item_catalog_2026_07_27,true
sd_sddot_560E1247_v20260727,sd_sddot_560E1247,2026-07-27,,"14'x8' Precast Concrete Box Culvert End Section, Install","14'x8' Precast Concrete Box Culvert End Section, Install",EACH,560,sd_sddot_item_catalog_2026_07_27,true
sd_sddot_560E1248_v20260727,sd_sddot_560E1248,2026-07-27,,"14'x9' Precast Concrete Box Culvert End Section, Furnish","14'x9' Precast Concrete Box Culvert End Section, Furnish",EACH,560,sd_sddot_item_catalog_2026_07_27,true
sd_sddot_560E1249_v20260727,sd_sddot_560E1249,2026-07-27,,"14'x9' Precast Concrete Box Culvert End Section, Install","14'x9' Precast Concrete Box Culvert End Section, Install",EACH,560,sd_sddot_item_catalog_2026_07_27,true
sd_sddot_560E1250_v20260727,sd_sddot_560E1250,2026-07-27,,"14'x10' Precast Concrete Box Culvert End Section, Furnish","14'x10' Precast Concrete Box Culvert End Section, Furnish",EACH,560,sd_sddot_item_catalog_2026_07_27,true
sd_sddot_560E1251_v20260727,sd_sddot_560E1251,2026-07-27,,"14'x10' Precast Concrete Box Culvert End Section, Install","14'x10' Precast Concrete Box Culvert End Section, Install",EACH,560,sd_sddot_item_catalog_2026_07_27,true
sd_sddot_560E1252_v20260727,sd_sddot_560E1252,2026-07-27,,"14'x11' Precast Concrete Box Culvert End Section, Furnish","14'x11' Precast Concrete Box Culvert End Section, Furnish",EACH,560,sd_sddot_item_catalog_2026_07_27,true
sd_sddot_560E1253_v20260727,sd_sddot_560E1253,2026-07-27,,"14'x11' Precast Concrete Box Culvert End Section, Install","14'x11' Precast Concrete Box Culvert End Section, Install",EACH,560,sd_sddot_item_catalog_2026_07_27,true
sd_sddot_560E1254_v20260727,sd_sddot_560E1254,2026-07-27,,"14'x12' Precast Concrete Box Culvert End Section, Furnish","14'x12' Precast Concrete Box Culvert End Section, Furnish",EACH,560,sd_sddot_item_catalog_2026_07_27,true
sd_sddot_560E1255_v20260727,sd_sddot_560E1255,2026-07-27,,"14'x12' Precast Concrete Box Culvert End Section, Install","14'x12' Precast Concrete Box Culvert End Section, Install",EACH,560,sd_sddot_item_catalog_2026_07_27,true
sd_sddot_560E1256_v20260727,sd_sddot_560E1256,2026-07-27,,"14'x13' Precast Concrete Box Culvert End Section, Furnish","14'x13' Precast Concrete Box Culvert End Section, Furnish",EACH,560,sd_sddot_item_catalog_2026_07_27,true
sd_sddot_560E1257_v20260727,sd_sddot_560E1257,2026-07-27,,"14'x13' Precast Concrete Box Culvert End Section, Install","14'x13' Precast Concrete Box Culvert End Section, Install",EACH,560,sd_sddot_item_catalog_2026_07_27,true
sd_sddot_560E1258_v20260727,sd_sddot_560E1258,2026-07-27,,"14'x14' Precast Concrete Box Culvert End Section, Furnish","14'x14' Precast Concrete Box Culvert End Section, Furnish",EACH,560,sd_sddot_item_catalog_2026_07_27,true
sd_sddot_560E1259_v20260727,sd_sddot_560E1259,2026-07-27,,"14'x14' Precast Concrete Box Culvert End Section, Install","14'x14' Precast Concrete Box Culvert End Section, Install",EACH,560,sd_sddot_item_catalog_2026_07_27,true
sd_sddot_560E1330_v20260727,sd_sddot_560E1330,2026-07-27,,"15'x9' Precast Concrete Box Culvert End Section, Furnish","15'x9' Precast Concrete Box Culvert End Section, Furnish",EACH,560,sd_sddot_item_catalog_2026_07_27,true
sd_sddot_560E1331_v20260727,sd_sddot_560E1331,2026-07-27,,"15'x9' Precast Concrete Box Culvert End Section, Install","15'x9' Precast Concrete Box Culvert End Section, Install",EACH,560,sd_sddot_item_catalog_2026_07_27,true
sd_sddot_560E2050_v20260727,sd_sddot_560E2050,2026-07-27,,"2-7'x3' Precast Concrete Box Culvert, Furnish","2-7'x3' Precast Concrete Box Culvert, Furnish",FT,560,sd_sddot_item_catalog_2026_07_27,true
sd_sddot_560E2051_v20260727,sd_sddot_560E2051,2026-07-27,,"2-7'x3' Precast Concrete Box Culvert, Install","2-7'x3' Precast Concrete Box Culvert, Install",FT,560,sd_sddot_item_catalog_2026_07_27,true
sd_sddot_560E2052_v20260727,sd_sddot_560E2052,2026-07-27,,"2-7'x4' Precast Concrete Box Culvert, Furnish","2-7'x4' Precast Concrete Box Culvert, Furnish",FT,560,sd_sddot_item_catalog_2026_07_27,true
sd_sddot_560E2053_v20260727,sd_sddot_560E2053,2026-07-27,,"2-7'x4' Precast Concrete Box Culvert, Install","2-7'x4' Precast Concrete Box Culvert, Install",FT,560,sd_sddot_item_catalog_2026_07_27,true
sd_sddot_560E2054_v20260727,sd_sddot_560E2054,2026-07-27,,"2-7'x5' Precast Concrete Box Culvert, Furnish","2-7'x5' Precast Concrete Box Culvert, Furnish",FT,560,sd_sddot_item_catalog_2026_07_27,true
sd_sddot_560E2055_v20260727,sd_sddot_560E2055,2026-07-27,,"2-7'x5' Precast Concrete Box Culvert, Install","2-7'x5' Precast Concrete Box Culvert, Install",FT,560,sd_sddot_item_catalog_2026_07_27,true
sd_sddot_560E2056_v20260727,sd_sddot_560E2056,2026-07-27,,"2-7'x6' Precast Concrete Box Culvert, Furnish","2-7'x6' Precast Concrete Box Culvert, Furnish",FT,560,sd_sddot_item_catalog_2026_07_27,true
sd_sddot_560E2057_v20260727,sd_sddot_560E2057,2026-07-27,,"2-7'x6' Precast Concrete Box Culvert, Install","2-7'x6' Precast Concrete Box Culvert, Install",FT,560,sd_sddot_item_catalog_2026_07_27,true
sd_sddot_560E2058_v20260727,sd_sddot_560E2058,2026-07-27,,"2-7'x7' Precast Concrete Box Culvert, Furnish","2-7'x7' Precast Concrete Box Culvert, Furnish",FT,560,sd_sddot_item_catalog_2026_07_27,true
sd_sddot_560E2059_v20260727,sd_sddot_560E2059,2026-07-27,,"2-7'x7' Precast Concrete Box Culvert, Install","2-7'x7' Precast Concrete Box Culvert, Install",FT,560,sd_sddot_item_catalog_2026_07_27,true
sd_sddot_560E2070_v20260727,sd_sddot_560E2070,2026-07-27,,"2-8'x4' Precast Concrete Box Culvert, Furnish","2-8'x4' Precast Concrete Box Culvert, Furnish",FT,560,sd_sddot_item_catalog_2026_07_27,true
sd_sddot_560E2071_v20260727,sd_sddot_560E2071,2026-07-27,,"2-8'x4' Precast Concrete Box Culvert, Install","2-8'x4' Precast Concrete Box Culvert, Install",FT,560,sd_sddot_item_catalog_2026_07_27,true
sd_sddot_560E2072_v20260727,sd_sddot_560E2072,2026-07-27,,"2-8'x5' Precast Concrete Box Culvert, Furnish","2-8'x5' Precast Concrete Box Culvert, Furnish",FT,560,sd_sddot_item_catalog_2026_07_27,true
sd_sddot_560E2073_v20260727,sd_sddot_560E2073,2026-07-27,,"2-8'x5' Precast Concrete Box Culvert, Install","2-8'x5' Precast Concrete Box Culvert, Install",FT,560,sd_sddot_item_catalog_2026_07_27,true
sd_sddot_560E2074_v20260727,sd_sddot_560E2074,2026-07-27,,"2-8'x6' Precast Concrete Box Culvert, Furnish","2-8'x6' Precast Concrete Box Culvert, Furnish",FT,560,sd_sddot_item_catalog_2026_07_27,true
sd_sddot_560E2075_v20260727,sd_sddot_560E2075,2026-07-27,,"2-8'x6' Precast Concrete Box Culvert, Install","2-8'x6' Precast Concrete Box Culvert, Install",FT,560,sd_sddot_item_catalog_2026_07_27,true
sd_sddot_560E2076_v20260727,sd_sddot_560E2076,2026-07-27,,"2-8'x7' Precast Concrete Box Culvert, Furnish","2-8'x7' Precast Concrete Box Culvert, Furnish",FT,560,sd_sddot_item_catalog_2026_07_27,true
sd_sddot_560E2077_v20260727,sd_sddot_560E2077,2026-07-27,,"2-8'x7' Precast Concrete Box Culvert, Install","2-8'x7' Precast Concrete Box Culvert, Install",FT,560,sd_sddot_item_catalog_2026_07_27,true
sd_sddot_560E2078_v20260727,sd_sddot_560E2078,2026-07-27,,"2-8'x8' Precast Concrete Box Culvert, Furnish","2-8'x8' Precast Concrete Box Culvert, Furnish",FT,560,sd_sddot_item_catalog_2026_07_27,true
sd_sddot_560E2079_v20260727,sd_sddot_560E2079,2026-07-27,,"2-8'x8' Precast Concrete Box Culvert, Install","2-8'x8' Precast Concrete Box Culvert, Install",FT,560,sd_sddot_item_catalog_2026_07_27,true
sd_sddot_560E2090_v20260727,sd_sddot_560E2090,2026-07-27,,"2-9'x4' Precast Concrete Box Culvert, Furnish","2-9'x4' Precast Concrete Box Culvert, Furnish",FT,560,sd_sddot_item_catalog_2026_07_27,true
sd_sddot_560E2091_v20260727,sd_sddot_560E2091,2026-07-27,,"2-9'x4' Precast Concrete Box Culvert, Install","2-9'x4' Precast Concrete Box Culvert, Install",FT,560,sd_sddot_item_catalog_2026_07_27,true
sd_sddot_560E2092_v20260727,sd_sddot_560E2092,2026-07-27,,"2-9'x5' Precast Concrete Box Culvert, Furnish","2-9'x5' Precast Concrete Box Culvert, Furnish",FT,560,sd_sddot_item_catalog_2026_07_27,true
sd_sddot_560E2093_v20260727,sd_sddot_560E2093,2026-07-27,,"2-9'x5' Precast Concrete Box Culvert, Install","2-9'x5' Precast Concrete Box Culvert, Install",FT,560,sd_sddot_item_catalog_2026_07_27,true
sd_sddot_560E2094_v20260727,sd_sddot_560E2094,2026-07-27,,"2-9'x6' Precast Concrete Box Culvert, Furnish","2-9'x6' Precast Concrete Box Culvert, Furnish",FT,560,sd_sddot_item_catalog_2026_07_27,true
sd_sddot_560E2095_v20260727,sd_sddot_560E2095,2026-07-27,,"2-9'x6' Precast Concrete Box Culvert, Install","2-9'x6' Precast Concrete Box Culvert, Install",FT,560,sd_sddot_item_catalog_2026_07_27,true
sd_sddot_560E2096_v20260727,sd_sddot_560E2096,2026-07-27,,"2-9'x7' Precast Concrete Box Culvert, Furnish","2-9'x7' Precast Concrete Box Culvert, Furnish",FT,560,sd_sddot_item_catalog_2026_07_27,true
sd_sddot_560E2097_v20260727,sd_sddot_560E2097,2026-07-27,,"2-9'x7' Precast Concrete Box Culvert, Install","2-9'x7' Precast Concrete Box Culvert, Install",FT,560,sd_sddot_item_catalog_2026_07_27,true
sd_sddot_560E2098_v20260727,sd_sddot_560E2098,2026-07-27,,"2-9'x8' Precast Concrete Box Culvert, Furnish","2-9'x8' Precast Concrete Box Culvert, Furnish",FT,560,sd_sddot_item_catalog_2026_07_27,true
sd_sddot_560E2099_v20260727,sd_sddot_560E2099,2026-07-27,,"2-9'x8' Precast Concrete Box Culvert, Install","2-9'x8' Precast Concrete Box Culvert, Install",FT,560,sd_sddot_item_catalog_2026_07_27,true
sd_sddot_560E2100_v20260727,sd_sddot_560E2100,2026-07-27,,"2-9'x9' Precast Concrete Box Culvert, Furnish","2-9'x9' Precast Concrete Box Culvert, Furnish",FT,560,sd_sddot_item_catalog_2026_07_27,true
sd_sddot_560E2101_v20260727,sd_sddot_560E2101,2026-07-27,,"2-9'x9' Precast Concrete Box Culvert, Install","2-9'x9' Precast Concrete Box Culvert, Install",FT,560,sd_sddot_item_catalog_2026_07_27,true
sd_sddot_560E2102_v20260727,sd_sddot_560E2102,2026-07-27,,"2-9'x10' Precast Concrete Box Culvert, Furnish","2-9'x10' Precast Concrete Box Culvert, Furnish",FT,560,sd_sddot_item_catalog_2026_07_27,true
sd_sddot_560E2103_v20260727,sd_sddot_560E2103,2026-07-27,,"2-9'x10' Precast Concrete Box Culvert, Install","2-9'x10' Precast Concrete Box Culvert, Install",FT,560,sd_sddot_item_catalog_2026_07_27,true
sd_sddot_560E2112_v20260727,sd_sddot_560E2112,2026-07-27,,"2-10'x4' Precast Concrete Box Culvert, Furnish","2-10'x4' Precast Concrete Box Culvert, Furnish",FT,560,sd_sddot_item_catalog_2026_07_27,true
sd_sddot_560E2113_v20260727,sd_sddot_560E2113,2026-07-27,,"2-10'x4' Precast Concrete Box Culvert, Install","2-10'x4' Precast Concrete Box Culvert, Install",FT,560,sd_sddot_item_catalog_2026_07_27,true
sd_sddot_560E2114_v20260727,sd_sddot_560E2114,2026-07-27,,"2-10'x5' Precast Concrete Box Culvert, Furnish","2-10'x5' Precast Concrete Box Culvert, Furnish",FT,560,sd_sddot_item_catalog_2026_07_27,true
sd_sddot_560E2115_v20260727,sd_sddot_560E2115,2026-07-27,,"2-10'x5' Precast Concrete Box Culvert, Install","2-10'x5' Precast Concrete Box Culvert, Install",FT,560,sd_sddot_item_catalog_2026_07_27,true
sd_sddot_560E2116_v20260727,sd_sddot_560E2116,2026-07-27,,"2-10'x6' Precast Concrete Box Culvert, Furnish","2-10'x6' Precast Concrete Box Culvert, Furnish",FT,560,sd_sddot_item_catalog_2026_07_27,true
sd_sddot_560E2117_v20260727,sd_sddot_560E2117,2026-07-27,,"2-10'x6' Precast Concrete Box Culvert, Install","2-10'x6' Precast Concrete Box Culvert, Install",FT,560,sd_sddot_item_catalog_2026_07_27,true
sd_sddot_560E2118_v20260727,sd_sddot_560E2118,2026-07-27,,"2-10'x7' Precast Concrete Box Culvert, Furnish","2-10'x7' Precast Concrete Box Culvert, Furnish",FT,560,sd_sddot_item_catalog_2026_07_27,true
sd_sddot_560E2119_v20260727,sd_sddot_560E2119,2026-07-27,,"2-10'x7' Precast Concrete Box Culvert, Install","2-10'x7' Precast Concrete Box Culvert, Install",FT,560,sd_sddot_item_catalog_2026_07_27,true
sd_sddot_560E2120_v20260727,sd_sddot_560E2120,2026-07-27,,"2-10'x8' Precast Concrete Box Culvert, Furnish","2-10'x8' Precast Concrete Box Culvert, Furnish",FT,560,sd_sddot_item_catalog_2026_07_27,true
sd_sddot_560E2121_v20260727,sd_sddot_560E2121,2026-07-27,,"2-10'x8' Precast Concrete Box Culvert, Install","2-10'x8' Precast Concrete Box Culvert, Install",FT,560,sd_sddot_item_catalog_2026_07_27,true
sd_sddot_560E2122_v20260727,sd_sddot_560E2122,2026-07-27,,"2-10'x9' Precast Concrete Box Culvert, Furnish","2-10'x9' Precast Concrete Box Culvert, Furnish",FT,560,sd_sddot_item_catalog_2026_07_27,true
sd_sddot_560E2123_v20260727,sd_sddot_560E2123,2026-07-27,,"2-10'x9' Precast Concrete Box Culvert, Install","2-10'x9' Precast Concrete Box Culvert, Install",FT,560,sd_sddot_item_catalog_2026_07_27,true
sd_sddot_560E2124_v20260727,sd_sddot_560E2124,2026-07-27,,"2-10'x10' Precast Concrete Box Culvert, Furnish","2-10'x10' Precast Concrete Box Culvert, Furnish",FT,560,sd_sddot_item_catalog_2026_07_27,true
sd_sddot_560E2125_v20260727,sd_sddot_560E2125,2026-07-27,,"2-10'x10' Precast Concrete Box Culvert, Install","2-10'x10' Precast Concrete Box Culvert, Install",FT,560,sd_sddot_item_catalog_2026_07_27,true
sd_sddot_560E2136_v20260727,sd_sddot_560E2136,2026-07-27,,"2-11'x4' Precast Concrete Box Culvert, Furnish","2-11'x4' Precast Concrete Box Culvert, Furnish",FT,560,sd_sddot_item_catalog_2026_07_27,true
sd_sddot_560E2137_v20260727,sd_sddot_560E2137,2026-07-27,,"2-11'x4' Precast Concrete Box Culvert, Install","2-11'x4' Precast Concrete Box Culvert, Install",FT,560,sd_sddot_item_catalog_2026_07_27,true
sd_sddot_560E2138_v20260727,sd_sddot_560E2138,2026-07-27,,"2-11'x5' Precast Concrete Box Culvert, Furnish","2-11'x5' Precast Concrete Box Culvert, Furnish",FT,560,sd_sddot_item_catalog_2026_07_27,true
sd_sddot_560E2139_v20260727,sd_sddot_560E2139,2026-07-27,,"2-11'x5' Precast Concrete Box Culvert, Install","2-11'x5' Precast Concrete Box Culvert, Install",FT,560,sd_sddot_item_catalog_2026_07_27,true
sd_sddot_560E2140_v20260727,sd_sddot_560E2140,2026-07-27,,"2-11'x6' Precast Concrete Box Culvert, Furnish","2-11'x6' Precast Concrete Box Culvert, Furnish",FT,560,sd_sddot_item_catalog_2026_07_27,true
sd_sddot_560E2141_v20260727,sd_sddot_560E2141,2026-07-27,,"2-11'x6' Precast Concrete Box Culvert, Install","2-11'x6' Precast Concrete Box Culvert, Install",FT,560,sd_sddot_item_catalog_2026_07_27,true
sd_sddot_560E2142_v20260727,sd_sddot_560E2142,2026-07-27,,"2-11'x7' Precast Concrete Box Culvert, Furnish","2-11'x7' Precast Concrete Box Culvert, Furnish",FT,560,sd_sddot_item_catalog_2026_07_27,true
sd_sddot_560E2143_v20260727,sd_sddot_560E2143,2026-07-27,,"2-11'x7' Precast Concrete Box Culvert, Install","2-11'x7' Precast Concrete Box Culvert, Install",FT,560,sd_sddot_item_catalog_2026_07_27,true
sd_sddot_560E2144_v20260727,sd_sddot_560E2144,2026-07-27,,"2-11'x8' Precast Concrete Box Culvert, Furnish","2-11'x8' Precast Concrete Box Culvert, Furnish",FT,560,sd_sddot_item_catalog_2026_07_27,true
sd_sddot_560E2145_v20260727,sd_sddot_560E2145,2026-07-27,,"2-11'x8' Precast Concrete Box Culvert, Install","2-11'x8' Precast Concrete Box Culvert, Install",FT,560,sd_sddot_item_catalog_2026_07_27,true
sd_sddot_560E2146_v20260727,sd_sddot_560E2146,2026-07-27,,"2-11'x9' Precast Concrete Box Culvert, Furnish","2-11'x9' Precast Concrete Box Culvert, Furnish",FT,560,sd_sddot_item_catalog_2026_07_27,true
sd_sddot_560E2147_v20260727,sd_sddot_560E2147,2026-07-27,,"2-11'x9' Precast Concrete Box Culvert, Install","2-11'x9' Precast Concrete Box Culvert, Install",FT,560,sd_sddot_item_catalog_2026_07_27,true
sd_sddot_560E2148_v20260727,sd_sddot_560E2148,2026-07-27,,"2-11'x10' Precast Concrete Box Culvert, Furnish","2-11'x10' Precast Concrete Box Culvert, Furnish",FT,560,sd_sddot_item_catalog_2026_07_27,true
sd_sddot_560E2149_v20260727,sd_sddot_560E2149,2026-07-27,,"2-11'x10' Precast Concrete Box Culvert, Install","2-11'x10' Precast Concrete Box Culvert, Install",FT,560,sd_sddot_item_catalog_2026_07_27,true
sd_sddot_560E2150_v20260727,sd_sddot_560E2150,2026-07-27,,"2-11'x11' Precast Concrete Box Culvert, Furnish","2-11'x11' Precast Concrete Box Culvert, Furnish",FT,560,sd_sddot_item_catalog_2026_07_27,true
sd_sddot_560E2151_v20260727,sd_sddot_560E2151,2026-07-27,,"2-11'x11' Precast Concrete Box Culvert, Install","2-11'x11' Precast Concrete Box Culvert, Install",FT,560,sd_sddot_item_catalog_2026_07_27,true
sd_sddot_560E2160_v20260727,sd_sddot_560E2160,2026-07-27,,"2-12'x3' Precast Concrete Box Culvert, Furnish","2-12'x3' Precast Concrete Box Culvert, Furnish",FT,560,sd_sddot_item_catalog_2026_07_27,true
sd_sddot_560E2161_v20260727,sd_sddot_560E2161,2026-07-27,,"2-12'x3' Precast Concrete Box Culvert, Install","2-12'x3' Precast Concrete Box Culvert, Install",FT,560,sd_sddot_item_catalog_2026_07_27,true
sd_sddot_560E2162_v20260727,sd_sddot_560E2162,2026-07-27,,"2-12'x4' Precast Concrete Box Culvert, Furnish","2-12'x4' Precast Concrete Box Culvert, Furnish",FT,560,sd_sddot_item_catalog_2026_07_27,true
sd_sddot_560E2163_v20260727,sd_sddot_560E2163,2026-07-27,,"2-12'x4' Precast Concrete Box Culvert, Install","2-12'x4' Precast Concrete Box Culvert, Install",FT,560,sd_sddot_item_catalog_2026_07_27,true
sd_sddot_560E2164_v20260727,sd_sddot_560E2164,2026-07-27,,"2-12'x5' Precast Concrete Box Culvert, Furnish","2-12'x5' Precast Concrete Box Culvert, Furnish",FT,560,sd_sddot_item_catalog_2026_07_27,true
sd_sddot_560E2165_v20260727,sd_sddot_560E2165,2026-07-27,,"2-12'x5' Precast Concrete Box Culvert, Install","2-12'x5' Precast Concrete Box Culvert, Install",FT,560,sd_sddot_item_catalog_2026_07_27,true
sd_sddot_560E2166_v20260727,sd_sddot_560E2166,2026-07-27,,"2-12'x6' Precast Concrete Box Culvert, Furnish","2-12'x6' Precast Concrete Box Culvert, Furnish",FT,560,sd_sddot_item_catalog_2026_07_27,true
sd_sddot_560E2167_v20260727,sd_sddot_560E2167,2026-07-27,,"2-12'x6' Precast Concrete Box Culvert, Install","2-12'x6' Precast Concrete Box Culvert, Install",FT,560,sd_sddot_item_catalog_2026_07_27,true
sd_sddot_560E2168_v20260727,sd_sddot_560E2168,2026-07-27,,"2-12'x7' Precast Concrete Box Culvert, Furnish","2-12'x7' Precast Concrete Box Culvert, Furnish",FT,560,sd_sddot_item_catalog_2026_07_27,true
sd_sddot_560E2169_v20260727,sd_sddot_560E2169,2026-07-27,,"2-12'x7' Precast Concrete Box Culvert, Install","2-12'x7' Precast Concrete Box Culvert, Install",FT,560,sd_sddot_item_catalog_2026_07_27,true
sd_sddot_560E2170_v20260727,sd_sddot_560E2170,2026-07-27,,"2-12'x8' Precast Concrete Box Culvert, Furnish","2-12'x8' Precast Concrete Box Culvert, Furnish",FT,560,sd_sddot_item_catalog_2026_07_27,true
sd_sddot_560E2171_v20260727,sd_sddot_560E2171,2026-07-27,,"2-12'x8' Precast Concrete Box Culvert, Install","2-12'x8' Precast Concrete Box Culvert, Install",FT,560,sd_sddot_item_catalog_2026_07_27,true
sd_sddot_560E2172_v20260727,sd_sddot_560E2172,2026-07-27,,"2-12'x9' Precast Concrete Box Culvert, Furnish","2-12'x9' Precast Concrete Box Culvert, Furnish",FT,560,sd_sddot_item_catalog_2026_07_27,true
sd_sddot_560E2173_v20260727,sd_sddot_560E2173,2026-07-27,,"2-12'x9' Precast Concrete Box Culvert, Install","2-12'x9' Precast Concrete Box Culvert, Install",FT,560,sd_sddot_item_catalog_2026_07_27,true
sd_sddot_560E2174_v20260727,sd_sddot_560E2174,2026-07-27,,"2-12'x10' Precast Concrete Box Culvert, Furnish","2-12'x10' Precast Concrete Box Culvert, Furnish",FT,560,sd_sddot_item_catalog_2026_07_27,true
sd_sddot_560E2175_v20260727,sd_sddot_560E2175,2026-07-27,,"2-12'x10' Precast Concrete Box Culvert, Install","2-12'x10' Precast Concrete Box Culvert, Install",FT,560,sd_sddot_item_catalog_2026_07_27,true
sd_sddot_560E2176_v20260727,sd_sddot_560E2176,2026-07-27,,"2-12'x11' Precast Concrete Box Culvert, Furnish","2-12'x11' Precast Concrete Box Culvert, Furnish",FT,560,sd_sddot_item_catalog_2026_07_27,true
sd_sddot_560E2177_v20260727,sd_sddot_560E2177,2026-07-27,,"2-12'x11' Precast Concrete Box Culvert, Install","2-12'x11' Precast Concrete Box Culvert, Install",FT,560,sd_sddot_item_catalog_2026_07_27,true
sd_sddot_560E2178_v20260727,sd_sddot_560E2178,2026-07-27,,"2-12'x12' Precast Concrete Box Culvert, Furnish","2-12'x12' Precast Concrete Box Culvert, Furnish",FT,560,sd_sddot_item_catalog_2026_07_27,true
sd_sddot_560E2179_v20260727,sd_sddot_560E2179,2026-07-27,,"2-12'x12' Precast Concrete Box Culvert, Install","2-12'x12' Precast Concrete Box Culvert, Install",FT,560,sd_sddot_item_catalog_2026_07_27,true
sd_sddot_560E2188_v20260727,sd_sddot_560E2188,2026-07-27,,"2-13'x5' Precast Concrete Box Culvert, Furnish","2-13'x5' Precast Concrete Box Culvert, Furnish",FT,560,sd_sddot_item_catalog_2026_07_27,true
sd_sddot_560E2189_v20260727,sd_sddot_560E2189,2026-07-27,,"2-13'x5' Precast Concrete Box Culvert, Install","2-13'x5' Precast Concrete Box Culvert, Install",FT,560,sd_sddot_item_catalog_2026_07_27,true
sd_sddot_560E2190_v20260727,sd_sddot_560E2190,2026-07-27,,"2-13'x6' Precast Concrete Box Culvert, Furnish","2-13'x6' Precast Concrete Box Culvert, Furnish",FT,560,sd_sddot_item_catalog_2026_07_27,true
sd_sddot_560E2191_v20260727,sd_sddot_560E2191,2026-07-27,,"2-13'x6' Precast Concrete Box Culvert, Install","2-13'x6' Precast Concrete Box Culvert, Install",FT,560,sd_sddot_item_catalog_2026_07_27,true
sd_sddot_560E2192_v20260727,sd_sddot_560E2192,2026-07-27,,"2-13'x7' Precast Concrete Box Culvert, Furnish","2-13'x7' Precast Concrete Box Culvert, Furnish",FT,560,sd_sddot_item_catalog_2026_07_27,true
sd_sddot_560E2193_v20260727,sd_sddot_560E2193,2026-07-27,,"2-13'x7' Precast Concrete Box Culvert, Install","2-13'x7' Precast Concrete Box Culvert, Install",FT,560,sd_sddot_item_catalog_2026_07_27,true
sd_sddot_560E2194_v20260727,sd_sddot_560E2194,2026-07-27,,"2-13'x8' Precast Concrete Box Culvert, Furnish","2-13'x8' Precast Concrete Box Culvert, Furnish",FT,560,sd_sddot_item_catalog_2026_07_27,true
sd_sddot_560E2195_v20260727,sd_sddot_560E2195,2026-07-27,,"2-13'x8' Precast Concrete Box Culvert, Install","2-13'x8' Precast Concrete Box Culvert, Install",FT,560,sd_sddot_item_catalog_2026_07_27,true
sd_sddot_560E2200_v20260727,sd_sddot_560E2200,2026-07-27,,"2-13'x11' Precast Concrete Box Culvert, Furnish","2-13'x11' Precast Concrete Box Culvert, Furnish",FT,560,sd_sddot_item_catalog_2026_07_27,true
sd_sddot_560E2201_v20260727,sd_sddot_560E2201,2026-07-27,,"2-13'x11' Precast Concrete Box Culvert, Install","2-13'x11' Precast Concrete Box Culvert, Install",FT,560,sd_sddot_item_catalog_2026_07_27,true
sd_sddot_560E2202_v20260727,sd_sddot_560E2202,2026-07-27,,"2-13'x12' Precast Concrete Box Culvert, Furnish","2-13'x12' Precast Concrete Box Culvert, Furnish",FT,560,sd_sddot_item_catalog_2026_07_27,true
sd_sddot_560E2203_v20260727,sd_sddot_560E2203,2026-07-27,,"2-13'x12' Precast Concrete Box Culvert, Install","2-13'x12' Precast Concrete Box Culvert, Install",FT,560,sd_sddot_item_catalog_2026_07_27,true
sd_sddot_560E2220_v20260727,sd_sddot_560E2220,2026-07-27,,"2-14'x4' Precast Concrete Box Culvert, Furnish","2-14'x4' Precast Concrete Box Culvert, Furnish",FT,560,sd_sddot_item_catalog_2026_07_27,true
sd_sddot_560E2221_v20260727,sd_sddot_560E2221,2026-07-27,,"2-14'x4' Precast Concrete Box Culvert, Install","2-14'x4' Precast Concrete Box Culvert, Install",FT,560,sd_sddot_item_catalog_2026_07_27,true
sd_sddot_560E2222_v20260727,sd_sddot_560E2222,2026-07-27,,"2-14'x5' Precast Concrete Box Culvert, Furnish","2-14'x5' Precast Concrete Box Culvert, Furnish",FT,560,sd_sddot_item_catalog_2026_07_27,true
sd_sddot_560E2223_v20260727,sd_sddot_560E2223,2026-07-27,,"2-14'x5' Precast Concrete Box Culvert, Install","2-14'x5' Precast Concrete Box Culvert, Install",FT,560,sd_sddot_item_catalog_2026_07_27,true
sd_sddot_560E2224_v20260727,sd_sddot_560E2224,2026-07-27,,"2-14'x6' Precast Concrete Box Culvert, Furnish","2-14'x6' Precast Concrete Box Culvert, Furnish",FT,560,sd_sddot_item_catalog_2026_07_27,true
sd_sddot_560E2225_v20260727,sd_sddot_560E2225,2026-07-27,,"2-14'x6' Precast Concrete Box Culvert, Install","2-14'x6' Precast Concrete Box Culvert, Install",FT,560,sd_sddot_item_catalog_2026_07_27,true
sd_sddot_560E2226_v20260727,sd_sddot_560E2226,2026-07-27,,"2-14'x7' Precast Concrete Box Culvert, Furnish","2-14'x7' Precast Concrete Box Culvert, Furnish",FT,560,sd_sddot_item_catalog_2026_07_27,true
sd_sddot_560E2227_v20260727,sd_sddot_560E2227,2026-07-27,,"2-14'x7' Precast Concrete Box Culvert, Install","2-14'x7' Precast Concrete Box Culvert, Install",FT,560,sd_sddot_item_catalog_2026_07_27,true
sd_sddot_560E2228_v20260727,sd_sddot_560E2228,2026-07-27,,"2-14'x8' Precast Concrete Box Culvert, Furnish","2-14'x8' Precast Concrete Box Culvert, Furnish",FT,560,sd_sddot_item_catalog_2026_07_27,true
sd_sddot_560E2229_v20260727,sd_sddot_560E2229,2026-07-27,,"2-14'x8' Precast Concrete Box Culvert, Install","2-14'x8' Precast Concrete Box Culvert, Install",FT,560,sd_sddot_item_catalog_2026_07_27,true
sd_sddot_560E2230_v20260727,sd_sddot_560E2230,2026-07-27,,"2-14'x9' Precast Concrete Box Culvert, Furnish","2-14'x9' Precast Concrete Box Culvert, Furnish",FT,560,sd_sddot_item_catalog_2026_07_27,true
sd_sddot_560E2231_v20260727,sd_sddot_560E2231,2026-07-27,,"2-14'x9' Precast Concrete Box Culvert, Install","2-14'x9' Precast Concrete Box Culvert, Install",FT,560,sd_sddot_item_catalog_2026_07_27,true
sd_sddot_560E2232_v20260727,sd_sddot_560E2232,2026-07-27,,"2-14'x10' Precast Concrete Box Culvert, Furnish","2-14'x10' Precast Concrete Box Culvert, Furnish",FT,560,sd_sddot_item_catalog_2026_07_27,true
sd_sddot_560E2233_v20260727,sd_sddot_560E2233,2026-07-27,,"2-14'x10' Precast Concrete Box Culvert, Install","2-14'x10' Precast Concrete Box Culvert, Install",FT,560,sd_sddot_item_catalog_2026_07_27,true
sd_sddot_560E2234_v20260727,sd_sddot_560E2234,2026-07-27,,"2-14'x11' Precast Concrete Box Culvert, Furnish","2-14'x11' Precast Concrete Box Culvert, Furnish",FT,560,sd_sddot_item_catalog_2026_07_27,true
sd_sddot_560E2235_v20260727,sd_sddot_560E2235,2026-07-27,,"2-14'x11' Precast Concrete Box Culvert, Install","2-14'x11' Precast Concrete Box Culvert, Install",FT,560,sd_sddot_item_catalog_2026_07_27,true
sd_sddot_560E2236_v20260727,sd_sddot_560E2236,2026-07-27,,"2-14'x12' Precast Concrete Box Culvert, Furnish","2-14'x12' Precast Concrete Box Culvert, Furnish",FT,560,sd_sddot_item_catalog_2026_07_27,true
sd_sddot_560E2237_v20260727,sd_sddot_560E2237,2026-07-27,,"2-14'x12' Precast Concrete Box Culvert, Install","2-14'x12' Precast Concrete Box Culvert, Install",FT,560,sd_sddot_item_catalog_2026_07_27,true
sd_sddot_560E2238_v20260727,sd_sddot_560E2238,2026-07-27,,"2-14'x13' Precast Concrete Box Culvert, Furnish","2-14'x13' Precast Concrete Box Culvert, Furnish",FT,560,sd_sddot_item_catalog_2026_07_27,true
sd_sddot_560E2239_v20260727,sd_sddot_560E2239,2026-07-27,,"2-14'x13' Precast Concrete Box Culvert, Install","2-14'x13' Precast Concrete Box Culvert, Install",FT,560,sd_sddot_item_catalog_2026_07_27,true
sd_sddot_560E2240_v20260727,sd_sddot_560E2240,2026-07-27,,"2-14'x14' Precast Concrete Box Culvert, Furnish","2-14'x14' Precast Concrete Box Culvert, Furnish",FT,560,sd_sddot_item_catalog_2026_07_27,true
sd_sddot_560E2241_v20260727,sd_sddot_560E2241,2026-07-27,,"2-14'x14' Precast Concrete Box Culvert, Install","2-14'x14' Precast Concrete Box Culvert, Install",FT,560,sd_sddot_item_catalog_2026_07_27,true
sd_sddot_560E2330_v20260727,sd_sddot_560E2330,2026-07-27,,"2-15'x9' Precast Concrete Box Culvert, Furnish","2-15'x9' Precast Concrete Box Culvert, Furnish",FT,560,sd_sddot_item_catalog_2026_07_27,true
sd_sddot_560E2331_v20260727,sd_sddot_560E2331,2026-07-27,,"2-15'x9' Precast Concrete Box Culvert, Install","2-15'x9' Precast Concrete Box Culvert, Install",FT,560,sd_sddot_item_catalog_2026_07_27,true
sd_sddot_560E2332_v20260727,sd_sddot_560E2332,2026-07-27,,"2-15'x10' Precast Concrete Box Culvert, Furnish","2-15'x10' Precast Concrete Box Culvert, Furnish",FT,560,sd_sddot_item_catalog_2026_07_27,true
sd_sddot_560E2333_v20260727,sd_sddot_560E2333,2026-07-27,,"2-15'x10' Precast Concrete Box Culvert, Install","2-15'x10' Precast Concrete Box Culvert, Install",FT,560,sd_sddot_item_catalog_2026_07_27,true
sd_sddot_560E3050_v20260727,sd_sddot_560E3050,2026-07-27,,"2-7'x3' Precast Concrete Box Culvert End Section, Furnish","2-7'x3' Precast Concrete Box Culvert End Section, Furnish",EACH,560,sd_sddot_item_catalog_2026_07_27,true
sd_sddot_560E3051_v20260727,sd_sddot_560E3051,2026-07-27,,"2-7'x3' Precast Concrete Box Culvert End Section, Install","2-7'x3' Precast Concrete Box Culvert End Section, Install",EACH,560,sd_sddot_item_catalog_2026_07_27,true
sd_sddot_560E3052_v20260727,sd_sddot_560E3052,2026-07-27,,"2-7'x4' Precast Concrete Box Culvert End Section, Furnish","2-7'x4' Precast Concrete Box Culvert End Section, Furnish",EACH,560,sd_sddot_item_catalog_2026_07_27,true
sd_sddot_560E3053_v20260727,sd_sddot_560E3053,2026-07-27,,"2-7'x4' Precast Concrete Box Culvert End Section, Install","2-7'x4' Precast Concrete Box Culvert End Section, Install",EACH,560,sd_sddot_item_catalog_2026_07_27,true
sd_sddot_560E3054_v20260727,sd_sddot_560E3054,2026-07-27,,"2-7'x5' Precast Concrete Box Culvert End Section, Furnish","2-7'x5' Precast Concrete Box Culvert End Section, Furnish",EACH,560,sd_sddot_item_catalog_2026_07_27,true
sd_sddot_560E3055_v20260727,sd_sddot_560E3055,2026-07-27,,"2-7'x5' Precast Concrete Box Culvert End Section, Install","2-7'x5' Precast Concrete Box Culvert End Section, Install",EACH,560,sd_sddot_item_catalog_2026_07_27,true
sd_sddot_560E3056_v20260727,sd_sddot_560E3056,2026-07-27,,"2-7'x6' Precast Concrete Box Culvert End Section, Furnish","2-7'x6' Precast Concrete Box Culvert End Section, Furnish",EACH,560,sd_sddot_item_catalog_2026_07_27,true
sd_sddot_560E3057_v20260727,sd_sddot_560E3057,2026-07-27,,"2-7'x6' Precast Concrete Box Culvert End Section, Install","2-7'x6' Precast Concrete Box Culvert End Section, Install",EACH,560,sd_sddot_item_catalog_2026_07_27,true
sd_sddot_560E3058_v20260727,sd_sddot_560E3058,2026-07-27,,"2-7'x7' Precast Concrete Box Culvert End Section, Furnish","2-7'x7' Precast Concrete Box Culvert End Section, Furnish",EACH,560,sd_sddot_item_catalog_2026_07_27,true
sd_sddot_560E3059_v20260727,sd_sddot_560E3059,2026-07-27,,"2-7'x7' Precast Concrete Box Culvert End Section, Install","2-7'x7' Precast Concrete Box Culvert End Section, Install",EACH,560,sd_sddot_item_catalog_2026_07_27,true
sd_sddot_560E3070_v20260727,sd_sddot_560E3070,2026-07-27,,"2-8'x4' Precast Concrete Box Culvert End Section, Furnish","2-8'x4' Precast Concrete Box Culvert End Section, Furnish",EACH,560,sd_sddot_item_catalog_2026_07_27,true
sd_sddot_560E3071_v20260727,sd_sddot_560E3071,2026-07-27,,"2-8'x4' Precast Concrete Box Culvert End Section, Install","2-8'x4' Precast Concrete Box Culvert End Section, Install",EACH,560,sd_sddot_item_catalog_2026_07_27,true
sd_sddot_560E3072_v20260727,sd_sddot_560E3072,2026-07-27,,"2-8'x5' Precast Concrete Box Culvert End Section, Furnish","2-8'x5' Precast Concrete Box Culvert End Section, Furnish",EACH,560,sd_sddot_item_catalog_2026_07_27,true
sd_sddot_560E3073_v20260727,sd_sddot_560E3073,2026-07-27,,"2-8'x5' Precast Concrete Box Culvert End Section, Install","2-8'x5' Precast Concrete Box Culvert End Section, Install",EACH,560,sd_sddot_item_catalog_2026_07_27,true
sd_sddot_560E3074_v20260727,sd_sddot_560E3074,2026-07-27,,"2-8'x6' Precast Concrete Box Culvert End Section, Furnish","2-8'x6' Precast Concrete Box Culvert End Section, Furnish",EACH,560,sd_sddot_item_catalog_2026_07_27,true
sd_sddot_560E3075_v20260727,sd_sddot_560E3075,2026-07-27,,"2-8'x6' Precast Concrete Box Culvert End Section, Install","2-8'x6' Precast Concrete Box Culvert End Section, Install",EACH,560,sd_sddot_item_catalog_2026_07_27,true
sd_sddot_560E3076_v20260727,sd_sddot_560E3076,2026-07-27,,"2-8'x7' Precast Concrete Box Culvert End Section, Furnish","2-8'x7' Precast Concrete Box Culvert End Section, Furnish",EACH,560,sd_sddot_item_catalog_2026_07_27,true
sd_sddot_560E3077_v20260727,sd_sddot_560E3077,2026-07-27,,"2-8'x7' Precast Concrete Box Culvert End Section, Install","2-8'x7' Precast Concrete Box Culvert End Section, Install",EACH,560,sd_sddot_item_catalog_2026_07_27,true
sd_sddot_560E3078_v20260727,sd_sddot_560E3078,2026-07-27,,"2-8'x8' Precast Concrete Box Culvert End Section, Furnish","2-8'x8' Precast Concrete Box Culvert End Section, Furnish",EACH,560,sd_sddot_item_catalog_2026_07_27,true
sd_sddot_560E3079_v20260727,sd_sddot_560E3079,2026-07-27,,"2-8'x8' Precast Concrete Box Culvert End Section, Install","2-8'x8' Precast Concrete Box Culvert End Section, Install",EACH,560,sd_sddot_item_catalog_2026_07_27,true
sd_sddot_560E3090_v20260727,sd_sddot_560E3090,2026-07-27,,"2-9'x4' Precast Concrete Box Culvert End Section, Furnish","2-9'x4' Precast Concrete Box Culvert End Section, Furnish",EACH,560,sd_sddot_item_catalog_2026_07_27,true
sd_sddot_560E3091_v20260727,sd_sddot_560E3091,2026-07-27,,"2-9'x4' Precast Concrete Box Culvert End Section, Install","2-9'x4' Precast Concrete Box Culvert End Section, Install",EACH,560,sd_sddot_item_catalog_2026_07_27,true
sd_sddot_560E3092_v20260727,sd_sddot_560E3092,2026-07-27,,"2-9'x5' Precast Concrete Box Culvert End Section, Furnish","2-9'x5' Precast Concrete Box Culvert End Section, Furnish",EACH,560,sd_sddot_item_catalog_2026_07_27,true
sd_sddot_560E3093_v20260727,sd_sddot_560E3093,2026-07-27,,"2-9'x5' Precast Concrete Box Culvert End Section, Install","2-9'x5' Precast Concrete Box Culvert End Section, Install",EACH,560,sd_sddot_item_catalog_2026_07_27,true
sd_sddot_560E3094_v20260727,sd_sddot_560E3094,2026-07-27,,"2-9'x6' Precast Concrete Box Culvert End Section, Furnish","2-9'x6' Precast Concrete Box Culvert End Section, Furnish",EACH,560,sd_sddot_item_catalog_2026_07_27,true
sd_sddot_560E3095_v20260727,sd_sddot_560E3095,2026-07-27,,"2-9'x6' Precast Concrete Box Culvert End Section, Install","2-9'x6' Precast Concrete Box Culvert End Section, Install",EACH,560,sd_sddot_item_catalog_2026_07_27,true
sd_sddot_560E3096_v20260727,sd_sddot_560E3096,2026-07-27,,"2-9'x7' Precast Concrete Box Culvert End Section, Furnish","2-9'x7' Precast Concrete Box Culvert End Section, Furnish",EACH,560,sd_sddot_item_catalog_2026_07_27,true
sd_sddot_560E3097_v20260727,sd_sddot_560E3097,2026-07-27,,"2-9'x7' Precast Concrete Box Culvert End Section, Install","2-9'x7' Precast Concrete Box Culvert End Section, Install",EACH,560,sd_sddot_item_catalog_2026_07_27,true
sd_sddot_560E3098_v20260727,sd_sddot_560E3098,2026-07-27,,"2-9'x8' Precast Concrete Box Culvert End Section, Furnish","2-9'x8' Precast Concrete Box Culvert End Section, Furnish",EACH,560,sd_sddot_item_catalog_2026_07_27,true
sd_sddot_560E3099_v20260727,sd_sddot_560E3099,2026-07-27,,"2-9'x8' Precast Concrete Box Culvert End Section, Install","2-9'x8' Precast Concrete Box Culvert End Section, Install",EACH,560,sd_sddot_item_catalog_2026_07_27,true
sd_sddot_560E3100_v20260727,sd_sddot_560E3100,2026-07-27,,"2-9'x9' Precast Concrete Box Culvert End Section, Furnish","2-9'x9' Precast Concrete Box Culvert End Section, Furnish",EACH,560,sd_sddot_item_catalog_2026_07_27,true
sd_sddot_560E3101_v20260727,sd_sddot_560E3101,2026-07-27,,"2-9'x9' Precast Concrete Box Culvert End Section, Install","2-9'x9' Precast Concrete Box Culvert End Section, Install",EACH,560,sd_sddot_item_catalog_2026_07_27,true
sd_sddot_560E3112_v20260727,sd_sddot_560E3112,2026-07-27,,"2-10'x4' Precast Concrete Box Culvert End Section, Furnish","2-10'x4' Precast Concrete Box Culvert End Section, Furnish",EACH,560,sd_sddot_item_catalog_2026_07_27,true
sd_sddot_560E3113_v20260727,sd_sddot_560E3113,2026-07-27,,"2-10'x4' Precast Concrete Box Culvert End Section, Install","2-10'x4' Precast Concrete Box Culvert End Section, Install",EACH,560,sd_sddot_item_catalog_2026_07_27,true
sd_sddot_560E3114_v20260727,sd_sddot_560E3114,2026-07-27,,"2-10'x5' Precast Concrete Box Culvert End Section, Furnish","2-10'x5' Precast Concrete Box Culvert End Section, Furnish",EACH,560,sd_sddot_item_catalog_2026_07_27,true
sd_sddot_560E3115_v20260727,sd_sddot_560E3115,2026-07-27,,"2-10'x5' Precast Concrete Box Culvert End Section, Install","2-10'x5' Precast Concrete Box Culvert End Section, Install",EACH,560,sd_sddot_item_catalog_2026_07_27,true
sd_sddot_560E3116_v20260727,sd_sddot_560E3116,2026-07-27,,"2-10'x6' Precast Concrete Box Culvert End Section, Furnish","2-10'x6' Precast Concrete Box Culvert End Section, Furnish",EACH,560,sd_sddot_item_catalog_2026_07_27,true
sd_sddot_560E3117_v20260727,sd_sddot_560E3117,2026-07-27,,"2-10'x6' Precast Concrete Box Culvert End Section, Install","2-10'x6' Precast Concrete Box Culvert End Section, Install",EACH,560,sd_sddot_item_catalog_2026_07_27,true
sd_sddot_560E3118_v20260727,sd_sddot_560E3118,2026-07-27,,"2-10'x7' Precast Concrete Box Culvert End Section, Furnish","2-10'x7' Precast Concrete Box Culvert End Section, Furnish",EACH,560,sd_sddot_item_catalog_2026_07_27,true
sd_sddot_560E3119_v20260727,sd_sddot_560E3119,2026-07-27,,"2-10'x7' Precast Concrete Box Culvert End Section, Install","2-10'x7' Precast Concrete Box Culvert End Section, Install",EACH,560,sd_sddot_item_catalog_2026_07_27,true
sd_sddot_560E3120_v20260727,sd_sddot_560E3120,2026-07-27,,"2-10'x8' Precast Concrete Box Culvert End Section, Furnish","2-10'x8' Precast Concrete Box Culvert End Section, Furnish",EACH,560,sd_sddot_item_catalog_2026_07_27,true
sd_sddot_560E3121_v20260727,sd_sddot_560E3121,2026-07-27,,"2-10'x8' Precast Concrete Box Culvert End Section, Install","2-10'x8' Precast Concrete Box Culvert End Section, Install",EACH,560,sd_sddot_item_catalog_2026_07_27,true
sd_sddot_560E3122_v20260727,sd_sddot_560E3122,2026-07-27,,"2-10'x9' Precast Concrete Box Culvert End Section, Furnish","2-10'x9' Precast Concrete Box Culvert End Section, Furnish",EACH,560,sd_sddot_item_catalog_2026_07_27,true
sd_sddot_560E3123_v20260727,sd_sddot_560E3123,2026-07-27,,"2-10'x9' Precast Concrete Box Culvert End Section, Install","2-10'x9' Precast Concrete Box Culvert End Section, Install",EACH,560,sd_sddot_item_catalog_2026_07_27,true
sd_sddot_560E3124_v20260727,sd_sddot_560E3124,2026-07-27,,"2-10'x10' Precast Concrete Box Culvert End Section, Furnish","2-10'x10' Precast Concrete Box Culvert End Section, Furnish",EACH,560,sd_sddot_item_catalog_2026_07_27,true
sd_sddot_560E3125_v20260727,sd_sddot_560E3125,2026-07-27,,"2-10'x10' Precast Concrete Box Culvert End Section, Install","2-10'x10' Precast Concrete Box Culvert End Section, Install",EACH,560,sd_sddot_item_catalog_2026_07_27,true
sd_sddot_560E3136_v20260727,sd_sddot_560E3136,2026-07-27,,"2-11'x4' Precast Concrete Box Culvert End Section, Furnish","2-11'x4' Precast Concrete Box Culvert End Section, Furnish",EACH,560,sd_sddot_item_catalog_2026_07_27,true
sd_sddot_560E3137_v20260727,sd_sddot_560E3137,2026-07-27,,"2-11'x4' Precast Concrete Box Culvert End Section, Install","2-11'x4' Precast Concrete Box Culvert End Section, Install",EACH,560,sd_sddot_item_catalog_2026_07_27,true
sd_sddot_560E3138_v20260727,sd_sddot_560E3138,2026-07-27,,"2-11'x5' Precast Concrete Box Culvert End Section, Furnish","2-11'x5' Precast Concrete Box Culvert End Section, Furnish",EACH,560,sd_sddot_item_catalog_2026_07_27,true
sd_sddot_560E3139_v20260727,sd_sddot_560E3139,2026-07-27,,"2-11'x5' Precast Concrete Box Culvert End Section, Install","2-11'x5' Precast Concrete Box Culvert End Section, Install",EACH,560,sd_sddot_item_catalog_2026_07_27,true
sd_sddot_560E3140_v20260727,sd_sddot_560E3140,2026-07-27,,"2-11'x6' Precast Concrete Box Culvert End Section, Furnish","2-11'x6' Precast Concrete Box Culvert End Section, Furnish",EACH,560,sd_sddot_item_catalog_2026_07_27,true
sd_sddot_560E3141_v20260727,sd_sddot_560E3141,2026-07-27,,"2-11'x6' Precast Concrete Box Culvert End Section, Install","2-11'x6' Precast Concrete Box Culvert End Section, Install",EACH,560,sd_sddot_item_catalog_2026_07_27,true
sd_sddot_560E3142_v20260727,sd_sddot_560E3142,2026-07-27,,"2-11'x7' Precast Concrete Box Culvert End Section, Furnish","2-11'x7' Precast Concrete Box Culvert End Section, Furnish",EACH,560,sd_sddot_item_catalog_2026_07_27,true
sd_sddot_560E3143_v20260727,sd_sddot_560E3143,2026-07-27,,"2-11'x7' Precast Concrete Box Culvert End Section, Install","2-11'x7' Precast Concrete Box Culvert End Section, Install",EACH,560,sd_sddot_item_catalog_2026_07_27,true
sd_sddot_560E3144_v20260727,sd_sddot_560E3144,2026-07-27,,"2-11'x8' Precast Concrete Box Culvert End Section, Furnish","2-11'x8' Precast Concrete Box Culvert End Section, Furnish",EACH,560,sd_sddot_item_catalog_2026_07_27,true
sd_sddot_560E3145_v20260727,sd_sddot_560E3145,2026-07-27,,"2-11'x8' Precast Concrete Box Culvert End Section, Install","2-11'x8' Precast Concrete Box Culvert End Section, Install",EACH,560,sd_sddot_item_catalog_2026_07_27,true
sd_sddot_560E3146_v20260727,sd_sddot_560E3146,2026-07-27,,"2-11'x9' Precast Concrete Box Culvert End Section, Furnish","2-11'x9' Precast Concrete Box Culvert End Section, Furnish",EACH,560,sd_sddot_item_catalog_2026_07_27,true
sd_sddot_560E3147_v20260727,sd_sddot_560E3147,2026-07-27,,"2-11'x9' Precast Concrete Box Culvert End Section, Install","2-11'x9' Precast Concrete Box Culvert End Section, Install",EACH,560,sd_sddot_item_catalog_2026_07_27,true
sd_sddot_560E3148_v20260727,sd_sddot_560E3148,2026-07-27,,"2-11'x10' Precast Concrete Box Culvert End Section, Furnish","2-11'x10' Precast Concrete Box Culvert End Section, Furnish",EACH,560,sd_sddot_item_catalog_2026_07_27,true
sd_sddot_560E3149_v20260727,sd_sddot_560E3149,2026-07-27,,"2-11'x10' Precast Concrete Box Culvert End Section, Install","2-11'x10' Precast Concrete Box Culvert End Section, Install",EACH,560,sd_sddot_item_catalog_2026_07_27,true
sd_sddot_560E3150_v20260727,sd_sddot_560E3150,2026-07-27,,"2-11'x11' Precast Concrete Box Culvert End Section, Furnish","2-11'x11' Precast Concrete Box Culvert End Section, Furnish",EACH,560,sd_sddot_item_catalog_2026_07_27,true
sd_sddot_560E3151_v20260727,sd_sddot_560E3151,2026-07-27,,"2-11'x11' Precast Concrete Box Culvert End Section, Install","2-11'x11' Precast Concrete Box Culvert End Section, Install",EACH,560,sd_sddot_item_catalog_2026_07_27,true
sd_sddot_560E3160_v20260727,sd_sddot_560E3160,2026-07-27,,"2-12'x3' Precast Concrete Box Culvert End Section, Furnish","2-12'x3' Precast Concrete Box Culvert End Section, Furnish",EACH,560,sd_sddot_item_catalog_2026_07_27,true
sd_sddot_560E3161_v20260727,sd_sddot_560E3161,2026-07-27,,"2-12'x' Precast Concrete Box Culvert End Section, Install","2-12'x' Precast Concrete Box Culvert End Section, Install",EACH,560,sd_sddot_item_catalog_2026_07_27,true
sd_sddot_560E3162_v20260727,sd_sddot_560E3162,2026-07-27,,"2-12'x4' Precast Concrete Box Culvert End Section, Furnish","2-12'x4' Precast Concrete Box Culvert End Section, Furnish",EACH,560,sd_sddot_item_catalog_2026_07_27,true
sd_sddot_560E3163_v20260727,sd_sddot_560E3163,2026-07-27,,"2-12'x4' Precast Concrete Box Culvert End Section, Install","2-12'x4' Precast Concrete Box Culvert End Section, Install",EACH,560,sd_sddot_item_catalog_2026_07_27,true
sd_sddot_560E3164_v20260727,sd_sddot_560E3164,2026-07-27,,"2-12'x5' Precast Concrete Box Culvert End Section, Furnish","2-12'x5' Precast Concrete Box Culvert End Section, Furnish",EACH,560,sd_sddot_item_catalog_2026_07_27,true
sd_sddot_560E3165_v20260727,sd_sddot_560E3165,2026-07-27,,"2-12'x5' Precast Concrete Box Culvert End Section, Install","2-12'x5' Precast Concrete Box Culvert End Section, Install",EACH,560,sd_sddot_item_catalog_2026_07_27,true
sd_sddot_560E3166_v20260727,sd_sddot_560E3166,2026-07-27,,"2-12'x6' Precast Concrete Box Culvert End Section, Furnish","2-12'x6' Precast Concrete Box Culvert End Section, Furnish",EACH,560,sd_sddot_item_catalog_2026_07_27,true
sd_sddot_560E3167_v20260727,sd_sddot_560E3167,2026-07-27,,"2-12'x6' Precast Concrete Box Culvert End Section, Install","2-12'x6' Precast Concrete Box Culvert End Section, Install",EACH,560,sd_sddot_item_catalog_2026_07_27,true
sd_sddot_560E3168_v20260727,sd_sddot_560E3168,2026-07-27,,"2-12'x7' Precast Concrete Box Culvert End Section, Furnish","2-12'x7' Precast Concrete Box Culvert End Section, Furnish",EACH,560,sd_sddot_item_catalog_2026_07_27,true
sd_sddot_560E3169_v20260727,sd_sddot_560E3169,2026-07-27,,"2-12'x7' Precast Concrete Box Culvert End Section, Install","2-12'x7' Precast Concrete Box Culvert End Section, Install",EACH,560,sd_sddot_item_catalog_2026_07_27,true
sd_sddot_560E3170_v20260727,sd_sddot_560E3170,2026-07-27,,"2-12'x8' Precast Concrete Box Culvert End Section, Furnish","2-12'x8' Precast Concrete Box Culvert End Section, Furnish",EACH,560,sd_sddot_item_catalog_2026_07_27,true
sd_sddot_560E3171_v20260727,sd_sddot_560E3171,2026-07-27,,"2-12'x8' Precast Concrete Box Culvert End Section, Install","2-12'x8' Precast Concrete Box Culvert End Section, Install",EACH,560,sd_sddot_item_catalog_2026_07_27,true
sd_sddot_560E3172_v20260727,sd_sddot_560E3172,2026-07-27,,"2-12'x9' Precast Concrete Box Culvert End Section, Furnish","2-12'x9' Precast Concrete Box Culvert End Section, Furnish",EACH,560,sd_sddot_item_catalog_2026_07_27,true
sd_sddot_560E3173_v20260727,sd_sddot_560E3173,2026-07-27,,"2-12'x9' Precast Concrete Box Culvert End Section, Install","2-12'x9' Precast Concrete Box Culvert End Section, Install",EACH,560,sd_sddot_item_catalog_2026_07_27,true
sd_sddot_560E3174_v20260727,sd_sddot_560E3174,2026-07-27,,"2-12'x10' Precast Concrete Box Culvert End Section, Furnish","2-12'x10' Precast Concrete Box Culvert End Section, Furnish",EACH,560,sd_sddot_item_catalog_2026_07_27,true
sd_sddot_560E3175_v20260727,sd_sddot_560E3175,2026-07-27,,"2-12'x10' Precast Concrete Box Culvert End Section, Install","2-12'x10' Precast Concrete Box Culvert End Section, Install",EACH,560,sd_sddot_item_catalog_2026_07_27,true
sd_sddot_560E3176_v20260727,sd_sddot_560E3176,2026-07-27,,"2-12'x11' Precast Concrete Box Culvert End Section, Furnish","2-12'x11' Precast Concrete Box Culvert End Section, Furnish",EACH,560,sd_sddot_item_catalog_2026_07_27,true
sd_sddot_560E3177_v20260727,sd_sddot_560E3177,2026-07-27,,"2-12'x11' Precast Concrete Box Culvert End Section, Install","2-12'x11' Precast Concrete Box Culvert End Section, Install",EACH,560,sd_sddot_item_catalog_2026_07_27,true
sd_sddot_560E3178_v20260727,sd_sddot_560E3178,2026-07-27,,"2-12'x12' Precast Concrete Box Culvert End Section, Furnish","2-12'x12' Precast Concrete Box Culvert End Section, Furnish",EACH,560,sd_sddot_item_catalog_2026_07_27,true
sd_sddot_560E3179_v20260727,sd_sddot_560E3179,2026-07-27,,"2-12'x12' Precast Concrete Box Culvert End Section, Install","2-12'x12' Precast Concrete Box Culvert End Section, Install",EACH,560,sd_sddot_item_catalog_2026_07_27,true
sd_sddot_560E3188_v20260727,sd_sddot_560E3188,2026-07-27,,"2-13'x5' Precast Concrete Box Culvert End Section, Furnish","2-13'x5' Precast Concrete Box Culvert End Section, Furnish",EACH,560,sd_sddot_item_catalog_2026_07_27,true
sd_sddot_560E3189_v20260727,sd_sddot_560E3189,2026-07-27,,"2-13'x5' Precast Concrete Box Culvert End Section, Install","2-13'x5' Precast Concrete Box Culvert End Section, Install",EACH,560,sd_sddot_item_catalog_2026_07_27,true
sd_sddot_560E3190_v20260727,sd_sddot_560E3190,2026-07-27,,"2-13'x6' Precast Concrete Box Culvert End Section, Furnish","2-13'x6' Precast Concrete Box Culvert End Section, Furnish",EACH,560,sd_sddot_item_catalog_2026_07_27,true
sd_sddot_560E3191_v20260727,sd_sddot_560E3191,2026-07-27,,"2-13'x6' Precast Concrete Box Culvert End Section, Install","2-13'x6' Precast Concrete Box Culvert End Section, Install",EACH,560,sd_sddot_item_catalog_2026_07_27,true
sd_sddot_560E3192_v20260727,sd_sddot_560E3192,2026-07-27,,"2-13'x7' Precast Concrete Box Culvert End Section, Furnish","2-13'x7' Precast Concrete Box Culvert End Section, Furnish",EACH,560,sd_sddot_item_catalog_2026_07_27,true
sd_sddot_560E3193_v20260727,sd_sddot_560E3193,2026-07-27,,"2-13'x7' Precast Concrete Box Culvert End Section, Install","2-13'x7' Precast Concrete Box Culvert End Section, Install",EACH,560,sd_sddot_item_catalog_2026_07_27,true
sd_sddot_560E3194_v20260727,sd_sddot_560E3194,2026-07-27,,"2-13'x8' Precast Concrete Box Culvert End Section, Furnish","2-13'x8' Precast Concrete Box Culvert End Section, Furnish",EACH,560,sd_sddot_item_catalog_2026_07_27,true
sd_sddot_560E3195_v20260727,sd_sddot_560E3195,2026-07-27,,"2-13'x8' Precast Concrete Box Culvert End Section, Install","2-13'x8' Precast Concrete Box Culvert End Section, Install",EACH,560,sd_sddot_item_catalog_2026_07_27,true
sd_sddot_560E3200_v20260727,sd_sddot_560E3200,2026-07-27,,"2-13'x11' Precast Concrete Box Culvert End Section, Furnish","2-13'x11' Precast Concrete Box Culvert End Section, Furnish",EACH,560,sd_sddot_item_catalog_2026_07_27,true
sd_sddot_560E3201_v20260727,sd_sddot_560E3201,2026-07-27,,"2-13'x11' Precast Concrete Box Culvert End Section, Install","2-13'x11' Precast Concrete Box Culvert End Section, Install",EACH,560,sd_sddot_item_catalog_2026_07_27,true
sd_sddot_560E3202_v20260727,sd_sddot_560E3202,2026-07-27,,"2-13'x12' Precast Concrete Box Culvert End Section, Furnish","2-13'x12' Precast Concrete Box Culvert End Section, Furnish",EACH,560,sd_sddot_item_catalog_2026_07_27,true
sd_sddot_560E3203_v20260727,sd_sddot_560E3203,2026-07-27,,"2-13'x12' Precast Concrete Box Culvert End Section, Install","2-13'x12' Precast Concrete Box Culvert End Section, Install",EACH,560,sd_sddot_item_catalog_2026_07_27,true
sd_sddot_560E3220_v20260727,sd_sddot_560E3220,2026-07-27,,"2-14'x4' Precast Concrete Box Culvert End Section, Furnish","2-14'x4' Precast Concrete Box Culvert End Section, Furnish",EACH,560,sd_sddot_item_catalog_2026_07_27,true
sd_sddot_560E3221_v20260727,sd_sddot_560E3221,2026-07-27,,"2-14'x4' Precast Concrete Box Culvert End Section, Install","2-14'x4' Precast Concrete Box Culvert End Section, Install",EACH,560,sd_sddot_item_catalog_2026_07_27,true
sd_sddot_560E3222_v20260727,sd_sddot_560E3222,2026-07-27,,"2-14'x5' Precast Concrete Box Culvert End Section, Furnish","2-14'x5' Precast Concrete Box Culvert End Section, Furnish",EACH,560,sd_sddot_item_catalog_2026_07_27,true
sd_sddot_560E3223_v20260727,sd_sddot_560E3223,2026-07-27,,"2-14'x5' Precast Concrete Box Culvert End Section, Install","2-14'x5' Precast Concrete Box Culvert End Section, Install",EACH,560,sd_sddot_item_catalog_2026_07_27,true
sd_sddot_560E3224_v20260727,sd_sddot_560E3224,2026-07-27,,"2-14'x6' Precast Concrete Box Culvert End Section, Furnish","2-14'x6' Precast Concrete Box Culvert End Section, Furnish",EACH,560,sd_sddot_item_catalog_2026_07_27,true
sd_sddot_560E3225_v20260727,sd_sddot_560E3225,2026-07-27,,"2-14'x6' Precast Concrete Box Culvert End Section, Install","2-14'x6' Precast Concrete Box Culvert End Section, Install",EACH,560,sd_sddot_item_catalog_2026_07_27,true
sd_sddot_560E3226_v20260727,sd_sddot_560E3226,2026-07-27,,"2-14'x7' Precast Concrete Box Culvert End Section, Furnish","2-14'x7' Precast Concrete Box Culvert End Section, Furnish",EACH,560,sd_sddot_item_catalog_2026_07_27,true
sd_sddot_560E3227_v20260727,sd_sddot_560E3227,2026-07-27,,"2-14'x7' Precast Concrete Box Culvert End Section, Install","2-14'x7' Precast Concrete Box Culvert End Section, Install",EACH,560,sd_sddot_item_catalog_2026_07_27,true
sd_sddot_560E3228_v20260727,sd_sddot_560E3228,2026-07-27,,"2-14'x8' Precast Concrete Box Culvert End Section, Furnish","2-14'x8' Precast Concrete Box Culvert End Section, Furnish",EACH,560,sd_sddot_item_catalog_2026_07_27,true
sd_sddot_560E3229_v20260727,sd_sddot_560E3229,2026-07-27,,"2-14'x8' Precast Concrete Box Culvert End Section, Install","2-14'x8' Precast Concrete Box Culvert End Section, Install",EACH,560,sd_sddot_item_catalog_2026_07_27,true
sd_sddot_560E3230_v20260727,sd_sddot_560E3230,2026-07-27,,"2-14'x9' Precast Concrete Box Culvert End Section, Furnish","2-14'x9' Precast Concrete Box Culvert End Section, Furnish",EACH,560,sd_sddot_item_catalog_2026_07_27,true
sd_sddot_560E3231_v20260727,sd_sddot_560E3231,2026-07-27,,"2-14'x9' Precast Concrete Box Culvert End Section, Install","2-14'x9' Precast Concrete Box Culvert End Section, Install",EACH,560,sd_sddot_item_catalog_2026_07_27,true
sd_sddot_560E3232_v20260727,sd_sddot_560E3232,2026-07-27,,"2-14'x10' Precast Concrete Box Culvert End Section, Furnish","2-14'x10' Precast Concrete Box Culvert End Section, Furnish",EACH,560,sd_sddot_item_catalog_2026_07_27,true
sd_sddot_560E3233_v20260727,sd_sddot_560E3233,2026-07-27,,"2-14'x10' Precast Concrete Box Culvert End Section, Install","2-14'x10' Precast Concrete Box Culvert End Section, Install",EACH,560,sd_sddot_item_catalog_2026_07_27,true
sd_sddot_560E3234_v20260727,sd_sddot_560E3234,2026-07-27,,"2-14'x11' Precast Concrete Box Culvert End Section, Furnish","2-14'x11' Precast Concrete Box Culvert End Section, Furnish",EACH,560,sd_sddot_item_catalog_2026_07_27,true
sd_sddot_560E3235_v20260727,sd_sddot_560E3235,2026-07-27,,"2-14'x11' Precast Concrete Box Culvert End Section, Install","2-14'x11' Precast Concrete Box Culvert End Section, Install",EACH,560,sd_sddot_item_catalog_2026_07_27,true
sd_sddot_560E3236_v20260727,sd_sddot_560E3236,2026-07-27,,"2-14'x12' Precast Concrete Box Culvert End Section, Furnish","2-14'x12' Precast Concrete Box Culvert End Section, Furnish",EACH,560,sd_sddot_item_catalog_2026_07_27,true
sd_sddot_560E3237_v20260727,sd_sddot_560E3237,2026-07-27,,"2-14'x12' Precast Concrete Box Culvert End Section, Install","2-14'x12' Precast Concrete Box Culvert End Section, Install",EACH,560,sd_sddot_item_catalog_2026_07_27,true
sd_sddot_560E3238_v20260727,sd_sddot_560E3238,2026-07-27,,"2-14'x13' Precast Concrete Box Culvert End Section, Furnish","2-14'x13' Precast Concrete Box Culvert End Section, Furnish",EACH,560,sd_sddot_item_catalog_2026_07_27,true
sd_sddot_560E3239_v20260727,sd_sddot_560E3239,2026-07-27,,"2-14'x13' Precast Concrete Box Culvert End Section, Install","2-14'x13' Precast Concrete Box Culvert End Section, Install",EACH,560,sd_sddot_item_catalog_2026_07_27,true
sd_sddot_560E3240_v20260727,sd_sddot_560E3240,2026-07-27,,"2-14'x14' Precast Concrete Box Culvert End Section, Furnish","2-14'x14' Precast Concrete Box Culvert End Section, Furnish",EACH,560,sd_sddot_item_catalog_2026_07_27,true
sd_sddot_560E3241_v20260727,sd_sddot_560E3241,2026-07-27,,"2-14'x14' Precast Concrete Box Culvert End Section, Install","2-14'x14' Precast Concrete Box Culvert End Section, Install",EACH,560,sd_sddot_item_catalog_2026_07_27,true
sd_sddot_560E3330_v20260727,sd_sddot_560E3330,2026-07-27,,"2-15'x9' Precast Concrete Box Culvert End Section, Furnish","2-15'x9' Precast Concrete Box Culvert End Section, Furnish",EACH,560,sd_sddot_item_catalog_2026_07_27,true
sd_sddot_560E3331_v20260727,sd_sddot_560E3331,2026-07-27,,"2-15'x9' Precast Concrete Box Culvert End Section, Install","2-15'x9' Precast Concrete Box Culvert End Section, Install",EACH,560,sd_sddot_item_catalog_2026_07_27,true
sd_sddot_560E3332_v20260727,sd_sddot_560E3332,2026-07-27,,"2-15'x10' Precast Concrete Box Culvert End Section, Furnish","2-15'x10' Precast Concrete Box Culvert End Section, Furnish",EACH,560,sd_sddot_item_catalog_2026_07_27,true
sd_sddot_560E3333_v20260727,sd_sddot_560E3333,2026-07-27,,"2-15'x10' Precast Concrete Box Culvert End Section, Install","2-15'x10' Precast Concrete Box Culvert End Section, Install",EACH,560,sd_sddot_item_catalog_2026_07_27,true
sd_sddot_560E4001_v20260727,sd_sddot_560E4001,2026-07-27,,"Special Precast Concrete Box Culvert, Furnish","Special Precast Concrete Box Culvert, Furnish",FT,560,sd_sddot_item_catalog_2026_07_27,true
sd_sddot_560E4002_v20260727,sd_sddot_560E4002,2026-07-27,,"Special Precast Concrete Box Culvert, Install","Special Precast Concrete Box Culvert, Install",FT,560,sd_sddot_item_catalog_2026_07_27,true
sd_sddot_560E4003_v20260727,sd_sddot_560E4003,2026-07-27,,"Special Precast Concrete Box Culvert End Section, Furnish","Special Precast Concrete Box Culvert End Section, Furnish",EACH,560,sd_sddot_item_catalog_2026_07_27,true
sd_sddot_560E4004_v20260727,sd_sddot_560E4004,2026-07-27,,"Special Precast Concrete Box Culvert End Section, Install","Special Precast Concrete Box Culvert End Section, Install",EACH,560,sd_sddot_item_catalog_2026_07_27,true
sd_sddot_560E4010_v20260727,sd_sddot_560E4010,2026-07-27,,"Special Precast Concrete Box Culvert Bend, Furnish","Special Precast Concrete Box Culvert Bend, Furnish",EACH,560,sd_sddot_item_catalog_2026_07_27,true
sd_sddot_560E4011_v20260727,sd_sddot_560E4011,2026-07-27,,"Special Precast Concrete Box Culvert Bend, Install","Special Precast Concrete Box Culvert Bend, Install",EACH,560,sd_sddot_item_catalog_2026_07_27,true
sd_sddot_560E4020_v20260727,sd_sddot_560E4020,2026-07-27,,"Special Precast Concrete Box Culvert Transition, Furnish","Special Precast Concrete Box Culvert Transition, Furnish",EACH,560,sd_sddot_item_catalog_2026_07_27,true
sd_sddot_560E4021_v20260727,sd_sddot_560E4021,2026-07-27,,"Special Precast Concrete Box Culvert Transition, Install","Special Precast Concrete Box Culvert Transition, Install",EACH,560,sd_sddot_item_catalog_2026_07_27,true
sd_sddot_560E4030_v20260727,sd_sddot_560E4030,2026-07-27,,"Special Precast Concrete Box Culvert Tee, Furnish","Special Precast Concrete Box Culvert Tee, Furnish",EACH,560,sd_sddot_item_catalog_2026_07_27,true
sd_sddot_560E4031_v20260727,sd_sddot_560E4031,2026-07-27,,"Special Precast Concrete Box Culvert Tee, Install","Special Precast Concrete Box Culvert Tee, Install",EACH,560,sd_sddot_item_catalog_2026_07_27,true
sd_sddot_560E4060_v20260727,sd_sddot_560E4060,2026-07-27,,"Special Precast Concrete Box Culvert Cap, Furnish","Special Precast Concrete Box Culvert Cap, Furnish",EACH,560,sd_sddot_item_catalog_2026_07_27,true
sd_sddot_560E4061_v20260727,sd_sddot_560E4061,2026-07-27,,"Special Precast Concrete Box Culvert Cap, Install","Special Precast Concrete Box Culvert Cap, Install",EACH,560,sd_sddot_item_catalog_2026_07_27,true
sd_sddot_560E5001_v20260727,sd_sddot_560E5001,2026-07-27,,"4'x6' Reinforced Concrete Cattle Pass, Furnish","4'x6' Reinforced Concrete Cattle Pass, Furnish",FT,560,sd_sddot_item_catalog_2026_07_27,true
sd_sddot_560E5002_v20260727,sd_sddot_560E5002,2026-07-27,,"4'x6' Reinforced Concrete Cattle Pass, Install","4'x6' Reinforced Concrete Cattle Pass, Install",FT,560,sd_sddot_item_catalog_2026_07_27,true
sd_sddot_560E5003_v20260727,sd_sddot_560E5003,2026-07-27,,"5'x7' Reinforced Concrete Cattle Pass, Furnish","5'x7' Reinforced Concrete Cattle Pass, Furnish",FT,560,sd_sddot_item_catalog_2026_07_27,true
sd_sddot_560E5004_v20260727,sd_sddot_560E5004,2026-07-27,,"5'x7' Reinforced Concrete Cattle Pass, Install","5'x7' Reinforced Concrete Cattle Pass, Install",FT,560,sd_sddot_item_catalog_2026_07_27,true
sd_sddot_560E5011_v20260727,sd_sddot_560E5011,2026-07-27,,"4'x5' Reinforced Concrete Cattle Pass, Furnish","4'x5' Reinforced Concrete Cattle Pass, Furnish",FT,560,sd_sddot_item_catalog_2026_07_27,true
sd_sddot_560E5012_v20260727,sd_sddot_560E5012,2026-07-27,,"4'x5' Reinforced Concrete Cattle Pass, Install","4'x5' Reinforced Concrete Cattle Pass, Install",FT,560,sd_sddot_item_catalog_2026_07_27,true
sd_sddot_560E5051_v20260727,sd_sddot_560E5051,2026-07-27,,"4'x6' Reinforced Concrete Cattle Pass End Section, Furnish","4'x6' Reinforced Concrete Cattle Pass End Section, Furnish",EACH,560,sd_sddot_item_catalog_2026_07_27,true
sd_sddot_560E5052_v20260727,sd_sddot_560E5052,2026-07-27,,"4'x6' Reinforced Concrete Cattle Pass End Section, Install","4'x6' Reinforced Concrete Cattle Pass End Section, Install",EACH,560,sd_sddot_item_catalog_2026_07_27,true
sd_sddot_560E5053_v20260727,sd_sddot_560E5053,2026-07-27,,"5'x7' Reinforced Concrete Cattle Pass End Section, Furnish","5'x7' Reinforced Concrete Cattle Pass End Section, Furnish",EACH,560,sd_sddot_item_catalog_2026_07_27,true
sd_sddot_560E5054_v20260727,sd_sddot_560E5054,2026-07-27,,"5'x7' Reinforced Concrete Cattle Pass End Section, Install","5'x7' Reinforced Concrete Cattle Pass End Section, Install",EACH,560,sd_sddot_item_catalog_2026_07_27,true
sd_sddot_560E5100_v20260727,sd_sddot_560E5100,2026-07-27,,Reset Reinforced Concrete Cattle Pass,Reset Reinforced Concrete Cattle Pass,FT,560,sd_sddot_item_catalog_2026_07_27,true
sd_sddot_560E5101_v20260727,sd_sddot_560E5101,2026-07-27,,Reset Reinforced Concrete Cattle Pass End Section,Reset Reinforced Concrete Cattle Pass End Section,EACH,560,sd_sddot_item_catalog_2026_07_27,true
sd_sddot_560E5110_v20260727,sd_sddot_560E5110,2026-07-27,,Reset Precast Concrete Box Culvert,Reset Precast Concrete Box Culvert,FT,560,sd_sddot_item_catalog_2026_07_27,true
sd_sddot_560E5111_v20260727,sd_sddot_560E5111,2026-07-27,,Reset Precast Concrete Box Culvert End Section,Reset Precast Concrete Box Culvert End Section,EACH,560,sd_sddot_item_catalog_2026_07_27,true
sd_sddot_560E6000_v20260727,sd_sddot_560E6000,2026-07-27,,Precast Concrete Drop Structure,Precast Concrete Drop Structure,EACH,560,sd_sddot_item_catalog_2026_07_27,true
sd_sddot_560E6500_v20260727,sd_sddot_560E6500,2026-07-27,,Precast Baffle,Precast Baffle,EACH,560,sd_sddot_item_catalog_2026_07_27,true
sd_sddot_560E8002_v20260727,sd_sddot_560E8002,2026-07-27,,AASHTO Type 2 Prestressed Concrete Beam,AASHTO Type 2 Prestressed Concrete Beam,FT,560,sd_sddot_item_catalog_2026_07_27,true
sd_sddot_560E8003_v20260727,sd_sddot_560E8003,2026-07-27,,AASHTO Type 3 Prestressed Concrete Beam,AASHTO Type 3 Prestressed Concrete Beam,FT,560,sd_sddot_item_catalog_2026_07_27,true
sd_sddot_560E8004_v20260727,sd_sddot_560E8004,2026-07-27,,AASHTO Type 4 Prestressed Concrete Beam,AASHTO Type 4 Prestressed Concrete Beam,FT,560,sd_sddot_item_catalog_2026_07_27,true
sd_sddot_560E8027_v20260727,sd_sddot_560E8027,2026-07-27,,"27"" Minnesota Shape Prestressed Concrete Beam","27"" Minnesota Shape Prestressed Concrete Beam",FT,560,sd_sddot_item_catalog_2026_07_27,true
sd_sddot_560E8036_v20260727,sd_sddot_560E8036,2026-07-27,,"36"" Minnesota Shape Prestressed Concrete Beam","36"" Minnesota Shape Prestressed Concrete Beam",FT,560,sd_sddot_item_catalog_2026_07_27,true
sd_sddot_560E8045_v20260727,sd_sddot_560E8045,2026-07-27,,"45"" Minnesota Shape Prestressed Concrete Beam","45"" Minnesota Shape Prestressed Concrete Beam",FT,560,sd_sddot_item_catalog_2026_07_27,true
sd_sddot_560E8054_v20260727,sd_sddot_560E8054,2026-07-27,,"54"" Minnesota Shape Prestressed Concrete Beam","54"" Minnesota Shape Prestressed Concrete Beam",FT,560,sd_sddot_item_catalog_2026_07_27,true
sd_sddot_560E8057_v20260727,sd_sddot_560E8057,2026-07-27,,"54"" Minnesota Shape Prestressed Concrete Beam, Furnish","54"" Minnesota Shape Prestressed Concrete Beam, Furnish",FT,560,sd_sddot_item_catalog_2026_07_27,true
sd_sddot_560E8058_v20260727,sd_sddot_560E8058,2026-07-27,,"54"" Minnesota Shape Prestressed Concrete Beam, Install","54"" Minnesota Shape Prestressed Concrete Beam, Install",FT,560,sd_sddot_item_catalog_2026_07_27,true
sd_sddot_560E8063_v20260727,sd_sddot_560E8063,2026-07-27,,"63"" Minnesota Shape Prestressed Concrete Beam","63"" Minnesota Shape Prestressed Concrete Beam",FT,560,sd_sddot_item_catalog_2026_07_27,true
sd_sddot_560E8067_v20260727,sd_sddot_560E8067,2026-07-27,,"63"" Minnesota Shape Prestressed Concrete Beam, Install","63"" Minnesota Shape Prestressed Concrete Beam, Install",FT,560,sd_sddot_item_catalog_2026_07_27,true
sd_sddot_560E8072_v20260727,sd_sddot_560E8072,2026-07-27,,"72"" Minnesota Shape Prestressed Concrete Beam","72"" Minnesota Shape Prestressed Concrete Beam",FT,560,sd_sddot_item_catalog_2026_07_27,true
sd_sddot_560E8075_v20260727,sd_sddot_560E8075,2026-07-27,,"72"" Minnesota Shape Prestressed Concrete Beam, Furnish","72"" Minnesota Shape Prestressed Concrete Beam, Furnish",FT,560,sd_sddot_item_catalog_2026_07_27,true
sd_sddot_560E8076_v20260727,sd_sddot_560E8076,2026-07-27,,"72"" Minnesota Shape Prestressed Concrete Beam, Install","72"" Minnesota Shape Prestressed Concrete Beam, Install",FT,560,sd_sddot_item_catalog_2026_07_27,true
sd_sddot_560E8081_v20260727,sd_sddot_560E8081,2026-07-27,,"81"" Minnesota Shape Prestressed Concrete Beam","81"" Minnesota Shape Prestressed Concrete Beam",FT,560,sd_sddot_item_catalog_2026_07_27,true
sd_sddot_560E8311_v20260727,sd_sddot_560E8311,2026-07-27,,NU1100 Prestressed Concrete Beam,NU1100 Prestressed Concrete Beam,FT,560,sd_sddot_item_catalog_2026_07_27,true
sd_sddot_560E8320_v20260727,sd_sddot_560E8320,2026-07-27,,NU2000 Prestressed Concrete Beam,NU2000 Prestressed Concrete Beam,FT,560,sd_sddot_item_catalog_2026_07_27,true
sd_sddot_560E8560_v20260727,sd_sddot_560E8560,2026-07-27,,6' Wide Deck Prestressed Concrete Bulb Tee,6' Wide Deck Prestressed Concrete Bulb Tee,FT,560,sd_sddot_item_catalog_2026_07_27,true
sd_sddot_560E8565_v20260727,sd_sddot_560E8565,2026-07-27,,"6'-6"" Wide Deck Prestressed Concrete Bulb Tee","6'-6"" Wide Deck Prestressed Concrete Bulb Tee",FT,560,sd_sddot_item_catalog_2026_07_27,true
sd_sddot_560E8580_v20260727,sd_sddot_560E8580,2026-07-27,,8' Wide Deck Prestressed Concrete Bulb Tee,8' Wide Deck Prestressed Concrete Bulb Tee,FT,560,sd_sddot_item_catalog_2026_07_27,true
sd_sddot_560E8623_v20260727,sd_sddot_560E8623,2026-07-27,,"3'-10"" Wide Deck x 23"" Prestressed Concrete Double Tee","3'-10"" Wide Deck x 23"" Prestressed Concrete Double Tee",FT,560,sd_sddot_item_catalog_2026_07_27,true
sd_sddot_560E8624_v20260727,sd_sddot_560E8624,2026-07-27,,"3'-10"" Wide Deck x 23"" Prestressed Concrete Double Tee, Install","3'-10"" Wide Deck x 23"" Prestressed Concrete Double Tee, Install",FT,560,sd_sddot_item_catalog_2026_07_27,true
sd_sddot_560E8630_v20260727,sd_sddot_560E8630,2026-07-27,,"3'-10"" Wide Deck x 30"" Prestressed Concrete Double Tee","3'-10"" Wide Deck x 30"" Prestressed Concrete Double Tee",FT,560,sd_sddot_item_catalog_2026_07_27,true
sd_sddot_560E8631_v20260727,sd_sddot_560E8631,2026-07-27,,"3'-10"" Wide Deck x 30"" Prestressed Concrete Double Tee, Install","3'-10"" Wide Deck x 30"" Prestressed Concrete Double Tee, Install",FT,560,sd_sddot_item_catalog_2026_07_27,true
sd_sddot_560E8650_v20260727,sd_sddot_560E8650,2026-07-27,,Reset Prestressed Concrete Double Tee,Reset Prestressed Concrete Double Tee,EACH,560,sd_sddot_item_catalog_2026_07_27,true
sd_sddot_560E8770_v20260727,sd_sddot_560E8770,2026-07-27,,"16""x48"" Prestressed Concrete Bridge Deck Plank","16""x48"" Prestressed Concrete Bridge Deck Plank",FT,560,sd_sddot_item_catalog_2026_07_27,true
sd_sddot_560E8771_v20260727,sd_sddot_560E8771,2026-07-27,,"16""x48"" Prestressed Concrete Bridge Deck Plank, Install","16""x48"" Prestressed Concrete Bridge Deck Plank, Install",FT,560,sd_sddot_item_catalog_2026_07_27,true
sd_sddot_560E8800_v20260727,sd_sddot_560E8800,2026-07-27,,"Prestressed Concrete Boat Ramp Plank, Furnish","Prestressed Concrete Boat Ramp Plank, Furnish",SQFT,560,sd_sddot_item_catalog_2026_07_27,true
sd_sddot_560E8801_v20260727,sd_sddot_560E8801,2026-07-27,,"Prestressed Concrete Boat Ramp Plank, Install","Prestressed Concrete Boat Ramp Plank, Install",SQFT,560,sd_sddot_item_catalog_2026_07_27,true
sd_sddot_560E8805_v20260727,sd_sddot_560E8805,2026-07-27,,"Precast Concrete Plank, Furnish","Precast Concrete Plank, Furnish",SQFT,560,sd_sddot_item_catalog_2026_07_27,true
sd_sddot_560E8806_v20260727,sd_sddot_560E8806,2026-07-27,,"Precast Concrete Plank, Install","Precast Concrete Plank, Install",SQFT,560,sd_sddot_item_catalog_2026_07_27,true
sd_sddot_560E8820_v20260727,sd_sddot_560E8820,2026-07-27,,Noise Wall Vertical Support,Noise Wall Vertical Support,FT,560,sd_sddot_item_catalog_2026_07_27,true
sd_sddot_560E8830_v20260727,sd_sddot_560E8830,2026-07-27,,Noise Wall Panel,Noise Wall Panel,SQFT,560,sd_sddot_item_catalog_2026_07_27,true
sd_sddot_560E9500_v20260727,sd_sddot_560E9500,2026-07-27,,Prestressed Concrete Beam End Repair,Prestressed Concrete Beam End Repair,EACH,560,sd_sddot_item_catalog_2026_07_27,true
sd_sddot_560E9503_v20260727,sd_sddot_560E9503,2026-07-27,,Prestressed Concrete Beam Repair,Prestressed Concrete Beam Repair,L S,560,sd_sddot_item_catalog_2026_07_27,true
sd_sddot_560E9510_v20260727,sd_sddot_560E9510,2026-07-27,,Prestressing Cable Splice,Prestressing Cable Splice,EACH,560,sd_sddot_item_catalog_2026_07_27,true
sd_sddot_560E9550_v20260727,sd_sddot_560E9550,2026-07-27,,"Jack Superstructure, Prestressed Concrete Girder Bridge","Jack Superstructure, Prestressed Concrete Girder Bridge",L S,560,sd_sddot_item_catalog_2026_07_27,true
sd_sddot_560E9552_v20260727,sd_sddot_560E9552,2026-07-27,,"Jack Superstructure, Box Girder Bridge","Jack Superstructure, Box Girder Bridge",L S,560,sd_sddot_item_catalog_2026_07_27,true
sd_sddot_600E0100_v20260727,sd_sddot_600E0100,2026-07-27,,Type I Field Laboratory,Type I Field Laboratory,EACH,600,sd_sddot_item_catalog_2026_07_27,true
sd_sddot_600E0200_v20260727,sd_sddot_600E0200,2026-07-27,,Type II Field Laboratory,Type II Field Laboratory,EACH,600,sd_sddot_item_catalog_2026_07_27,true
sd_sddot_600E0300_v20260727,sd_sddot_600E0300,2026-07-27,,Type III Field Laboratory,Type III Field Laboratory,EACH,600,sd_sddot_item_catalog_2026_07_27,true
sd_sddot_601E0100_v20260727,sd_sddot_601E0100,2026-07-27,,Haul Road Preparation,Haul Road Preparation,MILE,601,sd_sddot_item_catalog_2026_07_27,true
sd_sddot_601E0200_v20260727,sd_sddot_601E0200,2026-07-27,,"Water, Haul Road Restoration","Water, Haul Road Restoration",MGAL,601,sd_sddot_item_catalog_2026_07_27,true
sd_sddot_601E0310_v20260727,sd_sddot_601E0310,2026-07-27,,"Granular Material, Haul Road Restoration","Granular Material, Haul Road Restoration",TON,601,sd_sddot_item_catalog_2026_07_27,true
sd_sddot_601E0320_v20260727,sd_sddot_601E0320,2026-07-27,,"Cover Aggregate, Haul Road Restoration","Cover Aggregate, Haul Road Restoration",TON,601,sd_sddot_item_catalog_2026_07_27,true
sd_sddot_601E0400_v20260727,sd_sddot_601E0400,2026-07-27,,"Asphalt Concrete, Haul Road Restoration","Asphalt Concrete, Haul Road Restoration",TON,601,sd_sddot_item_catalog_2026_07_27,true
sd_sddot_601E0500_v20260727,sd_sddot_601E0500,2026-07-27,,"Asphalt for Prime, Haul Road Restoration","Asphalt for Prime, Haul Road Restoration",TON,601,sd_sddot_item_catalog_2026_07_27,true
sd_sddot_601E0510_v20260727,sd_sddot_601E0510,2026-07-27,,"Asphalt for Tack, Haul Road Restoration","Asphalt for Tack, Haul Road Restoration",TON,601,sd_sddot_item_catalog_2026_07_27,true
sd_sddot_601E0520_v20260727,sd_sddot_601E0520,2026-07-27,,"Asphalt for Flush Seal, Haul Road Restoration","Asphalt for Flush Seal, Haul Road Restoration",TON,601,sd_sddot_item_catalog_2026_07_27,true
sd_sddot_601E0530_v20260727,sd_sddot_601E0530,2026-07-27,,"Asphalt for Surface Treatment, Haul Road Restoration","Asphalt for Surface Treatment, Haul Road Restoration",TON,601,sd_sddot_item_catalog_2026_07_27,true
sd_sddot_601E0600_v20260727,sd_sddot_601E0600,2026-07-27,,"Dust Control Chloride, Haul Road Restoration","Dust Control Chloride, Haul Road Restoration",LB,601,sd_sddot_item_catalog_2026_07_27,true
sd_sddot_602E0100_v20260727,sd_sddot_602E0100,2026-07-27,,Detour Route Preparation,Detour Route Preparation,MILE,602,sd_sddot_item_catalog_2026_07_27,true
sd_sddot_602E0200_v20260727,sd_sddot_602E0200,2026-07-27,,"Water, Detour Route Restoration","Water, Detour Route Restoration",MGAL,602,sd_sddot_item_catalog_2026_07_27,true
sd_sddot_602E0310_v20260727,sd_sddot_602E0310,2026-07-27,,"Granular Material, Detour Route Restoration","Granular Material, Detour Route Restoration",TON,602,sd_sddot_item_catalog_2026_07_27,true
sd_sddot_602E0320_v20260727,sd_sddot_602E0320,2026-07-27,,"Cover Aggregate, Detour Route Restoration","Cover Aggregate, Detour Route Restoration",TON,602,sd_sddot_item_catalog_2026_07_27,true
sd_sddot_602E0400_v20260727,sd_sddot_602E0400,2026-07-27,,"Asphalt Concrete, Detour Route Restoration","Asphalt Concrete, Detour Route Restoration",TON,602,sd_sddot_item_catalog_2026_07_27,true
sd_sddot_602E0500_v20260727,sd_sddot_602E0500,2026-07-27,,"Asphalt for Prime, Detour Route Restoration","Asphalt for Prime, Detour Route Restoration",TON,602,sd_sddot_item_catalog_2026_07_27,true
sd_sddot_602E0510_v20260727,sd_sddot_602E0510,2026-07-27,,"Asphalt for Tack, Detour Route Restoration","Asphalt for Tack, Detour Route Restoration",TON,602,sd_sddot_item_catalog_2026_07_27,true
sd_sddot_602E0520_v20260727,sd_sddot_602E0520,2026-07-27,,"Asphalt for Flush Seal, Detour Route Restoration","Asphalt for Flush Seal, Detour Route Restoration",TON,602,sd_sddot_item_catalog_2026_07_27,true
sd_sddot_602E0530_v20260727,sd_sddot_602E0530,2026-07-27,,"Asphalt for Surface Treatment, Detour Route Restoration","Asphalt for Surface Treatment, Detour Route Restoration",TON,602,sd_sddot_item_catalog_2026_07_27,true
sd_sddot_602E0600_v20260727,sd_sddot_602E0600,2026-07-27,,"Dust Control Chloride, Detour Route Restoration","Dust Control Chloride, Detour Route Restoration",LB,602,sd_sddot_item_catalog_2026_07_27,true
sd_sddot_610E0010_v20260727,sd_sddot_610E0010,2026-07-27,,10' Cattle Guard,10' Cattle Guard,EACH,610,sd_sddot_item_catalog_2026_07_27,true
sd_sddot_610E0012_v20260727,sd_sddot_610E0012,2026-07-27,,12' Cattle Guard,12' Cattle Guard,EACH,610,sd_sddot_item_catalog_2026_07_27,true
sd_sddot_610E0014_v20260727,sd_sddot_610E0014,2026-07-27,,14' Cattle Guard,14' Cattle Guard,EACH,610,sd_sddot_item_catalog_2026_07_27,true
sd_sddot_610E0020_v20260727,sd_sddot_610E0020,2026-07-27,,20' Cattle Guard,20' Cattle Guard,EACH,610,sd_sddot_item_catalog_2026_07_27,true
sd_sddot_610E0024_v20260727,sd_sddot_610E0024,2026-07-27,,24' Cattle Guard,24' Cattle Guard,EACH,610,sd_sddot_item_catalog_2026_07_27,true
sd_sddot_610E0030_v20260727,sd_sddot_610E0030,2026-07-27,,30' Cattle Guard,30' Cattle Guard,EACH,610,sd_sddot_item_catalog_2026_07_27,true
sd_sddot_610E0110_v20260727,sd_sddot_610E0110,2026-07-27,,10' Cattle Guard with Wings,10' Cattle Guard with Wings,EACH,610,sd_sddot_item_catalog_2026_07_27,true
sd_sddot_610E0112_v20260727,sd_sddot_610E0112,2026-07-27,,12' Cattle Guard with Wings,12' Cattle Guard with Wings,EACH,610,sd_sddot_item_catalog_2026_07_27,true
sd_sddot_610E0114_v20260727,sd_sddot_610E0114,2026-07-27,,14' Cattle Guard with Wings,14' Cattle Guard with Wings,EACH,610,sd_sddot_item_catalog_2026_07_27,true
sd_sddot_610E0120_v20260727,sd_sddot_610E0120,2026-07-27,,20' Cattle Guard with Wings,20' Cattle Guard with Wings,EACH,610,sd_sddot_item_catalog_2026_07_27,true
sd_sddot_610E0124_v20260727,sd_sddot_610E0124,2026-07-27,,24' Cattle Guard with Wings,24' Cattle Guard with Wings,EACH,610,sd_sddot_item_catalog_2026_07_27,true
sd_sddot_610E0130_v20260727,sd_sddot_610E0130,2026-07-27,,30' Cattle Guard with Wings,30' Cattle Guard with Wings,EACH,610,sd_sddot_item_catalog_2026_07_27,true
sd_sddot_610E0200_v20260727,sd_sddot_610E0200,2026-07-27,,Forest Service Cattle Guard,Forest Service Cattle Guard,EACH,610,sd_sddot_item_catalog_2026_07_27,true
sd_sddot_610E0300_v20260727,sd_sddot_610E0300,2026-07-27,,Forest Service Cattle Guard with Wings,Forest Service Cattle Guard with Wings,EACH,610,sd_sddot_item_catalog_2026_07_27,true
sd_sddot_610E0408_v20260727,sd_sddot_610E0408,2026-07-27,,8' Precast Concrete Cattle Guard Foundation,8' Precast Concrete Cattle Guard Foundation,EACH,610,sd_sddot_item_catalog_2026_07_27,true
sd_sddot_610E0410_v20260727,sd_sddot_610E0410,2026-07-27,,10' Precast Concrete Cattle Guard Foundation,10' Precast Concrete Cattle Guard Foundation,EACH,610,sd_sddot_item_catalog_2026_07_27,true
sd_sddot_610E0412_v20260727,sd_sddot_610E0412,2026-07-27,,12' Precast Concrete Cattle Guard Foundation,12' Precast Concrete Cattle Guard Foundation,EACH,610,sd_sddot_item_catalog_2026_07_27,true
sd_sddot_610E0414_v20260727,sd_sddot_610E0414,2026-07-27,,14' Precast Concrete Cattle Guard Foundation,14' Precast Concrete Cattle Guard Foundation,EACH,610,sd_sddot_item_catalog_2026_07_27,true
sd_sddot_610E0420_v20260727,sd_sddot_610E0420,2026-07-27,,20' Precast Concrete Cattle Guard Foundation,20' Precast Concrete Cattle Guard Foundation,EACH,610,sd_sddot_item_catalog_2026_07_27,true
sd_sddot_610E0424_v20260727,sd_sddot_610E0424,2026-07-27,,24' Precast Concrete Cattle Guard Foundation,24' Precast Concrete Cattle Guard Foundation,EACH,610,sd_sddot_item_catalog_2026_07_27,true
sd_sddot_610E0430_v20260727,sd_sddot_610E0430,2026-07-27,,30' Precast Concrete Cattle Guard Foundation,30' Precast Concrete Cattle Guard Foundation,EACH,610,sd_sddot_item_catalog_2026_07_27,true
sd_sddot_610E0510_v20260727,sd_sddot_610E0510,2026-07-27,,10' Cast In Place Concrete Cattle Guard Foundation,10' Cast In Place Concrete Cattle Guard Foundation,EACH,610,sd_sddot_item_catalog_2026_07_27,true
sd_sddot_610E0512_v20260727,sd_sddot_610E0512,2026-07-27,,12' Cast In Place Concrete Cattle Guard Foundation,12' Cast In Place Concrete Cattle Guard Foundation,EACH,610,sd_sddot_item_catalog_2026_07_27,true
sd_sddot_610E0514_v20260727,sd_sddot_610E0514,2026-07-27,,14' Cast In Place Concrete Cattle Guard Foundation,14' Cast In Place Concrete Cattle Guard Foundation,EACH,610,sd_sddot_item_catalog_2026_07_27,true
sd_sddot_610E0520_v20260727,sd_sddot_610E0520,2026-07-27,,20' Cast In Place Concrete Cattle Guard Foundation,20' Cast In Place Concrete Cattle Guard Foundation,EACH,610,sd_sddot_item_catalog_2026_07_27,true
sd_sddot_610E0524_v20260727,sd_sddot_610E0524,2026-07-27,,24' Cast In Place Concrete Cattle Guard Foundation,24' Cast In Place Concrete Cattle Guard Foundation,EACH,610,sd_sddot_item_catalog_2026_07_27,true
sd_sddot_610E0530_v20260727,sd_sddot_610E0530,2026-07-27,,30' Cast In Place Concrete Cattle Guard Foundation,30' Cast In Place Concrete Cattle Guard Foundation,EACH,610,sd_sddot_item_catalog_2026_07_27,true
sd_sddot_610E0610_v20260727,sd_sddot_610E0610,2026-07-27,,10' Cattle Guard Grate,10' Cattle Guard Grate,EACH,610,sd_sddot_item_catalog_2026_07_27,true
sd_sddot_610E0612_v20260727,sd_sddot_610E0612,2026-07-27,,12' Cattle Guard Grate,12' Cattle Guard Grate,EACH,610,sd_sddot_item_catalog_2026_07_27,true
sd_sddot_610E0614_v20260727,sd_sddot_610E0614,2026-07-27,,14' Cattle Guard Grate,14' Cattle Guard Grate,EACH,610,sd_sddot_item_catalog_2026_07_27,true
sd_sddot_610E0620_v20260727,sd_sddot_610E0620,2026-07-27,,20' Cattle Guard Grate,20' Cattle Guard Grate,EACH,610,sd_sddot_item_catalog_2026_07_27,true
sd_sddot_610E0624_v20260727,sd_sddot_610E0624,2026-07-27,,24' Cattle Guard Grate,24' Cattle Guard Grate,EACH,610,sd_sddot_item_catalog_2026_07_27,true
sd_sddot_610E0630_v20260727,sd_sddot_610E0630,2026-07-27,,30' Cattle Guard Grate,30' Cattle Guard Grate,EACH,610,sd_sddot_item_catalog_2026_07_27,true
sd_sddot_610E0710_v20260727,sd_sddot_610E0710,2026-07-27,,10' Cattle Guard Grate with Wings,10' Cattle Guard Grate with Wings,EACH,610,sd_sddot_item_catalog_2026_07_27,true
sd_sddot_610E0712_v20260727,sd_sddot_610E0712,2026-07-27,,12' Cattle Guard Grate with Wings,12' Cattle Guard Grate with Wings,EACH,610,sd_sddot_item_catalog_2026_07_27,true
sd_sddot_610E0714_v20260727,sd_sddot_610E0714,2026-07-27,,14' Cattle Guard Grate with Wings,14' Cattle Guard Grate with Wings,EACH,610,sd_sddot_item_catalog_2026_07_27,true
sd_sddot_610E0720_v20260727,sd_sddot_610E0720,2026-07-27,,20' Cattle Guard Grate with Wings,20' Cattle Guard Grate with Wings,EACH,610,sd_sddot_item_catalog_2026_07_27,true
sd_sddot_610E0724_v20260727,sd_sddot_610E0724,2026-07-27,,24' Cattle Guard Grate with Wings,24' Cattle Guard Grate with Wings,EACH,610,sd_sddot_item_catalog_2026_07_27,true
sd_sddot_610E0730_v20260727,sd_sddot_610E0730,2026-07-27,,30' Cattle Guard Grate with Wings,30' Cattle Guard Grate with Wings,EACH,610,sd_sddot_item_catalog_2026_07_27,true
sd_sddot_610E1000_v20260727,sd_sddot_610E1000,2026-07-27,,Reset Cattle Guard,Reset Cattle Guard,EACH,610,sd_sddot_item_catalog_2026_07_27,true
sd_sddot_610E1010_v20260727,sd_sddot_610E1010,2026-07-27,,Reset Cattle Guard with Wings,Reset Cattle Guard with Wings,EACH,610,sd_sddot_item_catalog_2026_07_27,true
sd_sddot_610E1020_v20260727,sd_sddot_610E1020,2026-07-27,,Reset Cattle Guard Grate,Reset Cattle Guard Grate,EACH,610,sd_sddot_item_catalog_2026_07_27,true
sd_sddot_610E1100_v20260727,sd_sddot_610E1100,2026-07-27,,Install Cattle Guard,Install Cattle Guard,EACH,610,sd_sddot_item_catalog_2026_07_27,true
sd_sddot_610E5110_v20260727,sd_sddot_610E5110,2026-07-27,,10' Buffalo Guard with Wings,10' Buffalo Guard with Wings,EACH,610,sd_sddot_item_catalog_2026_07_27,true
sd_sddot_610E5112_v20260727,sd_sddot_610E5112,2026-07-27,,12' Buffalo Guard with Wings,12' Buffalo Guard with Wings,EACH,610,sd_sddot_item_catalog_2026_07_27,true
sd_sddot_610E5114_v20260727,sd_sddot_610E5114,2026-07-27,,14' Buffalo Guard with Wings,14' Buffalo Guard with Wings,EACH,610,sd_sddot_item_catalog_2026_07_27,true
sd_sddot_610E5120_v20260727,sd_sddot_610E5120,2026-07-27,,20' Buffalo Guard with Wings,20' Buffalo Guard with Wings,EACH,610,sd_sddot_item_catalog_2026_07_27,true
sd_sddot_610E5124_v20260727,sd_sddot_610E5124,2026-07-27,,24' Buffalo Guard with Wings,24' Buffalo Guard with Wings,EACH,610,sd_sddot_item_catalog_2026_07_27,true
sd_sddot_610E5130_v20260727,sd_sddot_610E5130,2026-07-27,,30' Buffalo Guard with Wings,30' Buffalo Guard with Wings,EACH,610,sd_sddot_item_catalog_2026_07_27,true
sd_sddot_610E5136_v20260727,sd_sddot_610E5136,2026-07-27,,36' Buffalo Guard with Wings,36' Buffalo Guard with Wings,EACH,610,sd_sddot_item_catalog_2026_07_27,true
sd_sddot_610E5140_v20260727,sd_sddot_610E5140,2026-07-27,,40' Buffalo Guard with Wings,40' Buffalo Guard with Wings,EACH,610,sd_sddot_item_catalog_2026_07_27,true
sd_sddot_620E0010_v20260727,sd_sddot_620E0010,2026-07-27,,Type 1 Right-of-Way Fence,Type 1 Right-of-Way Fence,FT,620,sd_sddot_item_catalog_2026_07_27,true
sd_sddot_620E0020_v20260727,sd_sddot_620E0020,2026-07-27,,Type 2 Right-of-Way Fence,Type 2 Right-of-Way Fence,FT,620,sd_sddot_item_catalog_2026_07_27,true
sd_sddot_620E0030_v20260727,sd_sddot_620E0030,2026-07-27,,Type 3 Right-of-Way Fence,Type 3 Right-of-Way Fence,FT,620,sd_sddot_item_catalog_2026_07_27,true
sd_sddot_620E0040_v20260727,sd_sddot_620E0040,2026-07-27,,Type 4 Right-of-Way Fence,Type 4 Right-of-Way Fence,FT,620,sd_sddot_item_catalog_2026_07_27,true
sd_sddot_620E0050_v20260727,sd_sddot_620E0050,2026-07-27,,Type 5 Right-of-Way Fence,Type 5 Right-of-Way Fence,FT,620,sd_sddot_item_catalog_2026_07_27,true
sd_sddot_620E0060_v20260727,sd_sddot_620E0060,2026-07-27,,Type 6 Right-of-Way Fence,Type 6 Right-of-Way Fence,FT,620,sd_sddot_item_catalog_2026_07_27,true
sd_sddot_620E0110_v20260727,sd_sddot_620E0110,2026-07-27,,Type 1s Right-of-Way Fence,Type 1s Right-of-Way Fence,FT,620,sd_sddot_item_catalog_2026_07_27,true
sd_sddot_620E0120_v20260727,sd_sddot_620E0120,2026-07-27,,Type 2s Right-of-Way Fence,Type 2s Right-of-Way Fence,FT,620,sd_sddot_item_catalog_2026_07_27,true
sd_sddot_620E0130_v20260727,sd_sddot_620E0130,2026-07-27,,Type 3s Right-of-Way Fence,Type 3s Right-of-Way Fence,FT,620,sd_sddot_item_catalog_2026_07_27,true
sd_sddot_620E0140_v20260727,sd_sddot_620E0140,2026-07-27,,Type 4s Right-of-Way Fence,Type 4s Right-of-Way Fence,FT,620,sd_sddot_item_catalog_2026_07_27,true
sd_sddot_620E0150_v20260727,sd_sddot_620E0150,2026-07-27,,Type 5s Right-of-Way Fence,Type 5s Right-of-Way Fence,FT,620,sd_sddot_item_catalog_2026_07_27,true
sd_sddot_620E0160_v20260727,sd_sddot_620E0160,2026-07-27,,Type 6s Right-of-Way Fence,Type 6s Right-of-Way Fence,FT,620,sd_sddot_item_catalog_2026_07_27,true
sd_sddot_620E0210_v20260727,sd_sddot_620E0210,2026-07-27,,Modified Type 1 Right-of-Way Fence,Modified Type 1 Right-of-Way Fence,FT,620,sd_sddot_item_catalog_2026_07_27,true
sd_sddot_620E0220_v20260727,sd_sddot_620E0220,2026-07-27,,Modified Type 2 Right-of-Way Fence,Modified Type 2 Right-of-Way Fence,FT,620,sd_sddot_item_catalog_2026_07_27,true
sd_sddot_620E0230_v20260727,sd_sddot_620E0230,2026-07-27,,Modified Type 3 Right-of-Way Fence,Modified Type 3 Right-of-Way Fence,FT,620,sd_sddot_item_catalog_2026_07_27,true
sd_sddot_620E0240_v20260727,sd_sddot_620E0240,2026-07-27,,Modified Type 4 Right-of-Way Fence,Modified Type 4 Right-of-Way Fence,FT,620,sd_sddot_item_catalog_2026_07_27,true
sd_sddot_620E0250_v20260727,sd_sddot_620E0250,2026-07-27,,Modified Type 5 Right-of-Way Fence,Modified Type 5 Right-of-Way Fence,FT,620,sd_sddot_item_catalog_2026_07_27,true
sd_sddot_620E0260_v20260727,sd_sddot_620E0260,2026-07-27,,Modified Type 6 Right-of-Way Fence,Modified Type 6 Right-of-Way Fence,FT,620,sd_sddot_item_catalog_2026_07_27,true
sd_sddot_620E0300_v20260727,sd_sddot_620E0300,2026-07-27,,Special Right-of-Way Fence,Special Right-of-Way Fence,FT,620,sd_sddot_item_catalog_2026_07_27,true
sd_sddot_620E0350_v20260727,sd_sddot_620E0350,2026-07-27,,Cable Right-of-Way Fence,Cable Right-of-Way Fence,FT,620,sd_sddot_item_catalog_2026_07_27,true
sd_sddot_620E0408_v20260727,sd_sddot_620E0408,2026-07-27,,8' Wildlife Fence,8' Wildlife Fence,FT,620,sd_sddot_item_catalog_2026_07_27,true
sd_sddot_620E0420_v20260727,sd_sddot_620E0420,2026-07-27,,Wildlife Fence Terminal Brace,Wildlife Fence Terminal Brace,EACH,620,sd_sddot_item_catalog_2026_07_27,true
sd_sddot_620E0422_v20260727,sd_sddot_620E0422,2026-07-27,,Wildlife Fence Line Brace,Wildlife Fence Line Brace,EACH,620,sd_sddot_item_catalog_2026_07_27,true
sd_sddot_620E0424_v20260727,sd_sddot_620E0424,2026-07-27,,Wildlife Fence Corner Brace,Wildlife Fence Corner Brace,EACH,620,sd_sddot_item_catalog_2026_07_27,true
sd_sddot_620E0430_v20260727,sd_sddot_620E0430,2026-07-27,,Wildlife Fence Standard Escape Ramp,Wildlife Fence Standard Escape Ramp,EACH,620,sd_sddot_item_catalog_2026_07_27,true
sd_sddot_620E0432_v20260727,sd_sddot_620E0432,2026-07-27,,Wildlife Fence Channelized Escape Ramp,Wildlife Fence Channelized Escape Ramp,EACH,620,sd_sddot_item_catalog_2026_07_27,true
sd_sddot_620E0434_v20260727,sd_sddot_620E0434,2026-07-27,,Wildlife Fence Corner Escape Ramp,Wildlife Fence Corner Escape Ramp,EACH,620,sd_sddot_item_catalog_2026_07_27,true
sd_sddot_620E0505_v20260727,sd_sddot_620E0505,2026-07-27,,Special Temporary Fence,Special Temporary Fence,FT,620,sd_sddot_item_catalog_2026_07_27,true
sd_sddot_620E0510_v20260727,sd_sddot_620E0510,2026-07-27,,Type 1 Temporary Fence,Type 1 Temporary Fence,FT,620,sd_sddot_item_catalog_2026_07_27,true
sd_sddot_620E0515_v20260727,sd_sddot_620E0515,2026-07-27,,Type 1A Temporary Fence,Type 1A Temporary Fence,FT,620,sd_sddot_item_catalog_2026_07_27,true
sd_sddot_620E0520_v20260727,sd_sddot_620E0520,2026-07-27,,Type 2 Temporary Fence,Type 2 Temporary Fence,FT,620,sd_sddot_item_catalog_2026_07_27,true
sd_sddot_620E0525_v20260727,sd_sddot_620E0525,2026-07-27,,Type 2A Temporary Fence,Type 2A Temporary Fence,FT,620,sd_sddot_item_catalog_2026_07_27,true
sd_sddot_620E0530_v20260727,sd_sddot_620E0530,2026-07-27,,Type 3 Temporary Fence,Type 3 Temporary Fence,FT,620,sd_sddot_item_catalog_2026_07_27,true
sd_sddot_620E0535_v20260727,sd_sddot_620E0535,2026-07-27,,Type 3A Temporary Fence,Type 3A Temporary Fence,FT,620,sd_sddot_item_catalog_2026_07_27,true
sd_sddot_620E0560_v20260727,sd_sddot_620E0560,2026-07-27,,Type 6 Temporary Fence,Type 6 Temporary Fence,FT,620,sd_sddot_item_catalog_2026_07_27,true
sd_sddot_620E0600_v20260727,sd_sddot_620E0600,2026-07-27,,Wood Privacy Fence,Wood Privacy Fence,FT,620,sd_sddot_item_catalog_2026_07_27,true
sd_sddot_620E0610_v20260727,sd_sddot_620E0610,2026-07-27,,Type 1s Temporary Fence,Type 1s Temporary Fence,FT,620,sd_sddot_item_catalog_2026_07_27,true
sd_sddot_620E0620_v20260727,sd_sddot_620E0620,2026-07-27,,Type 2s Temporary Fence,Type 2s Temporary Fence,FT,620,sd_sddot_item_catalog_2026_07_27,true
sd_sddot_620E0660_v20260727,sd_sddot_620E0660,2026-07-27,,Type 6s Temporary Fence,Type 6s Temporary Fence,FT,620,sd_sddot_item_catalog_2026_07_27,true
sd_sddot_620E0760_v20260727,sd_sddot_620E0760,2026-07-27,,Modified Type 6 Temporary Fence,Modified Type 6 Temporary Fence,FT,620,sd_sddot_item_catalog_2026_07_27,true
sd_sddot_620E1020_v20260727,sd_sddot_620E1020,2026-07-27,,2 Post Panel,2 Post Panel,EACH,620,sd_sddot_item_catalog_2026_07_27,true
sd_sddot_620E1030_v20260727,sd_sddot_620E1030,2026-07-27,,3 Post Panel,3 Post Panel,EACH,620,sd_sddot_item_catalog_2026_07_27,true
sd_sddot_620E1100_v20260727,sd_sddot_620E1100,2026-07-27,,Steel Fence Post,Steel Fence Post,EACH,620,sd_sddot_item_catalog_2026_07_27,true
sd_sddot_620E1110_v20260727,sd_sddot_620E1110,2026-07-27,,Wood Fence Post,Wood Fence Post,EACH,620,sd_sddot_item_catalog_2026_07_27,true
sd_sddot_620E1120_v20260727,sd_sddot_620E1120,2026-07-27,,Install Fence Post,Install Fence Post,EACH,620,sd_sddot_item_catalog_2026_07_27,true
sd_sddot_620E2012_v20260727,sd_sddot_620E2012,2026-07-27,,12' Tubular Gate,12' Tubular Gate,EACH,620,sd_sddot_item_catalog_2026_07_27,true
sd_sddot_620E2014_v20260727,sd_sddot_620E2014,2026-07-27,,14' Tubular Gate,14' Tubular Gate,EACH,620,sd_sddot_item_catalog_2026_07_27,true
sd_sddot_620E2016_v20260727,sd_sddot_620E2016,2026-07-27,,16' Tubular Gate,16' Tubular Gate,EACH,620,sd_sddot_item_catalog_2026_07_27,true
sd_sddot_620E2018_v20260727,sd_sddot_620E2018,2026-07-27,,18' Tubular Gate,18' Tubular Gate,EACH,620,sd_sddot_item_catalog_2026_07_27,true
sd_sddot_620E2020_v20260727,sd_sddot_620E2020,2026-07-27,,20' Tubular Gate,20' Tubular Gate,EACH,620,sd_sddot_item_catalog_2026_07_27,true
sd_sddot_620E2050_v20260727,sd_sddot_620E2050,2026-07-27,,Chicane Fence Entry,Chicane Fence Entry,EACH,620,sd_sddot_item_catalog_2026_07_27,true
sd_sddot_620E2100_v20260727,sd_sddot_620E2100,2026-07-27,,Reset Gate,Reset Gate,EACH,620,sd_sddot_item_catalog_2026_07_27,true
sd_sddot_620E3000_v20260727,sd_sddot_620E3000,2026-07-27,,Install Fence,Install Fence,FT,620,sd_sddot_item_catalog_2026_07_27,true
sd_sddot_620E4000_v20260727,sd_sddot_620E4000,2026-07-27,,Repair Fence,Repair Fence,FT,620,sd_sddot_item_catalog_2026_07_27,true
sd_sddot_620E4100_v20260727,sd_sddot_620E4100,2026-07-27,,Reset Fence,Reset Fence,FT,620,sd_sddot_item_catalog_2026_07_27,true
sd_sddot_620E8000_v20260727,sd_sddot_620E8000,2026-07-27,,Rockfall Fence,Rockfall Fence,FT,620,sd_sddot_item_catalog_2026_07_27,true
sd_sddot_621E0030_v20260727,sd_sddot_621E0030,2026-07-27,,3' Chain Link Fence with Top Rail,3' Chain Link Fence with Top Rail,FT,621,sd_sddot_item_catalog_2026_07_27,true
sd_sddot_621E0040_v20260727,sd_sddot_621E0040,2026-07-27,,4' Chain Link Fence with Top Rail,4' Chain Link Fence with Top Rail,FT,621,sd_sddot_item_catalog_2026_07_27,true
sd_sddot_621E0050_v20260727,sd_sddot_621E0050,2026-07-27,,5' Chain Link Fence with Top Rail,5' Chain Link Fence with Top Rail,FT,621,sd_sddot_item_catalog_2026_07_27,true
sd_sddot_621E0060_v20260727,sd_sddot_621E0060,2026-07-27,,6' Chain Link Fence with Top Rail,6' Chain Link Fence with Top Rail,FT,621,sd_sddot_item_catalog_2026_07_27,true
sd_sddot_621E0070_v20260727,sd_sddot_621E0070,2026-07-27,,7' Chain Link Fence with Top Rail,7' Chain Link Fence with Top Rail,FT,621,sd_sddot_item_catalog_2026_07_27,true
sd_sddot_621E0080_v20260727,sd_sddot_621E0080,2026-07-27,,8' Chain Link Fence with Top Rail,8' Chain Link Fence with Top Rail,FT,621,sd_sddot_item_catalog_2026_07_27,true
sd_sddot_621E0085_v20260727,sd_sddot_621E0085,2026-07-27,,10' Chain Link Fence with Top Rail,10' Chain Link Fence with Top Rail,FT,621,sd_sddot_item_catalog_2026_07_27,true
sd_sddot_621E0090_v20260727,sd_sddot_621E0090,2026-07-27,,12' Chain Link Fence with Top Rail,12' Chain Link Fence with Top Rail,FT,621,sd_sddot_item_catalog_2026_07_27,true
sd_sddot_621E0140_v20260727,sd_sddot_621E0140,2026-07-27,,4' Chain Link Fence with Tension Wired Top,4' Chain Link Fence with Tension Wired Top,FT,621,sd_sddot_item_catalog_2026_07_27,true
sd_sddot_621E0160_v20260727,sd_sddot_621E0160,2026-07-27,,6' Chain Link Fence with Tension Wired Top,6' Chain Link Fence with Tension Wired Top,FT,621,sd_sddot_item_catalog_2026_07_27,true
sd_sddot_621E0180_v20260727,sd_sddot_621E0180,2026-07-27,,8' Chain Link Fence with Tension Wired Top,8' Chain Link Fence with Tension Wired Top,FT,621,sd_sddot_item_catalog_2026_07_27,true
sd_sddot_621E0185_v20260727,sd_sddot_621E0185,2026-07-27,,10' Chain Link Fence with Tension Wired Top,10' Chain Link Fence with Tension Wired Top,FT,621,sd_sddot_item_catalog_2026_07_27,true
sd_sddot_621E0190_v20260727,sd_sddot_621E0190,2026-07-27,,12' Chain Link Fence with Tension Wired Top,12' Chain Link Fence with Tension Wired Top,FT,621,sd_sddot_item_catalog_2026_07_27,true
sd_sddot_621E0240_v20260727,sd_sddot_621E0240,2026-07-27,,Special 4' Chain Link Fence,Special 4' Chain Link Fence,FT,621,sd_sddot_item_catalog_2026_07_27,true
sd_sddot_621E0244_v20260727,sd_sddot_621E0244,2026-07-27,,Special 4' Fence,Special 4' Fence,FT,621,sd_sddot_item_catalog_2026_07_27,true
sd_sddot_621E0260_v20260727,sd_sddot_621E0260,2026-07-27,,Special 6' Chain Link Fence,Special 6' Chain Link Fence,FT,621,sd_sddot_item_catalog_2026_07_27,true
sd_sddot_621E0300_v20260727,sd_sddot_621E0300,2026-07-27,,Chain Link Fence for Bridge Sidewalk,Chain Link Fence for Bridge Sidewalk,FT,621,sd_sddot_item_catalog_2026_07_27,true
sd_sddot_621E0320_v20260727,sd_sddot_621E0320,2026-07-27,,Chain Link Fence Enclosure,Chain Link Fence Enclosure,FT,621,sd_sddot_item_catalog_2026_07_27,true
sd_sddot_621E0380_v20260727,sd_sddot_621E0380,2026-07-27,,8' Curved Top Chain Link Fence,8' Curved Top Chain Link Fence,FT,621,sd_sddot_item_catalog_2026_07_27,true
sd_sddot_621E0400_v20260727,sd_sddot_621E0400,2026-07-27,,Cantilever Gate,Cantilever Gate,EACH,621,sd_sddot_item_catalog_2026_07_27,true
sd_sddot_621E0410_v20260727,sd_sddot_621E0410,2026-07-27,,Pedestrian Swing Gate,Pedestrian Swing Gate,EACH,621,sd_sddot_item_catalog_2026_07_27,true
sd_sddot_621E0420_v20260727,sd_sddot_621E0420,2026-07-27,,Single Vehicular Swing Gate,Single Vehicular Swing Gate,EACH,621,sd_sddot_item_catalog_2026_07_27,true
sd_sddot_621E0430_v20260727,sd_sddot_621E0430,2026-07-27,,Double Vehicular Swing Gate,Double Vehicular Swing Gate,EACH,621,sd_sddot_item_catalog_2026_07_27,true
sd_sddot_621E0450_v20260727,sd_sddot_621E0450,2026-07-27,,Double Vehicular Sliding Gate,Double Vehicular Sliding Gate,EACH,621,sd_sddot_item_catalog_2026_07_27,true
sd_sddot_621E0500_v20260727,sd_sddot_621E0500,2026-07-27,,Modify Chain Link Fence,Modify Chain Link Fence,FT,621,sd_sddot_item_catalog_2026_07_27,true
sd_sddot_621E0510_v20260727,sd_sddot_621E0510,2026-07-27,,Replace Chain Link Fence Fabric,Replace Chain Link Fence Fabric,SQFT,621,sd_sddot_item_catalog_2026_07_27,true
sd_sddot_621E0512_v20260727,sd_sddot_621E0512,2026-07-27,,Straighten Chain Link Fence Post,Straighten Chain Link Fence Post,EACH,621,sd_sddot_item_catalog_2026_07_27,true
sd_sddot_621E0514_v20260727,sd_sddot_621E0514,2026-07-27,,Replace Chain Link Fence Corner,Replace Chain Link Fence Corner,EACH,621,sd_sddot_item_catalog_2026_07_27,true
sd_sddot_621E0520_v20260727,sd_sddot_621E0520,2026-07-27,,Reset Chain Link Fence,Reset Chain Link Fence,FT,621,sd_sddot_item_catalog_2026_07_27,true
sd_sddot_621E0600_v20260727,sd_sddot_621E0600,2026-07-27,,Chain Link Fence Post,Chain Link Fence Post,EACH,621,sd_sddot_item_catalog_2026_07_27,true
sd_sddot_621E0800_v20260727,sd_sddot_621E0800,2026-07-27,,Temporary Chain Link Fence,Temporary Chain Link Fence,FT,621,sd_sddot_item_catalog_2026_07_27,true
sd_sddot_628E0100_v20260727,sd_sddot_628E0100,2026-07-27,,Install State Furnished Crash Cushion,Install State Furnished Crash Cushion,EACH,628,sd_sddot_item_catalog_2026_07_27,true
sd_sddot_628E0200_v20260727,sd_sddot_628E0200,2026-07-27,,Remove and Reset Crash Cushion,Remove and Reset Crash Cushion,EACH,628,sd_sddot_item_catalog_2026_07_27,true
sd_sddot_628E1000_v20260727,sd_sddot_628E1000,2026-07-27,,Straight Concrete Barrier,Straight Concrete Barrier,FT,628,sd_sddot_item_catalog_2026_07_27,true
sd_sddot_628E1010_v20260727,sd_sddot_628E1010,2026-07-27,,Curved Concrete Barrier,Curved Concrete Barrier,FT,628,sd_sddot_item_catalog_2026_07_27,true
sd_sddot_628E1100_v20260727,sd_sddot_628E1100,2026-07-27,,"Movable F Shape Concrete Barrier, Interior Section","Movable F Shape Concrete Barrier, Interior Section",EACH,628,sd_sddot_item_catalog_2026_07_27,true
sd_sddot_628E1110_v20260727,sd_sddot_628E1110,2026-07-27,,"Movable F Shape Concrete Barrier, End Section","Movable F Shape Concrete Barrier, End Section",EACH,628,sd_sddot_item_catalog_2026_07_27,true
sd_sddot_628E1200_v20260727,sd_sddot_628E1200,2026-07-27,,Haul Movable Concrete Barrier,Haul Movable Concrete Barrier,EACH,628,sd_sddot_item_catalog_2026_07_27,true
sd_sddot_628E1300_v20260727,sd_sddot_628E1300,2026-07-27,,Straight Glare Screen for Concrete Barrier,Straight Glare Screen for Concrete Barrier,FT,628,sd_sddot_item_catalog_2026_07_27,true
sd_sddot_628E1310_v20260727,sd_sddot_628E1310,2026-07-27,,Curved Glare Screen for Concrete Barrier,Curved Glare Screen for Concrete Barrier,FT,628,sd_sddot_item_catalog_2026_07_27,true
sd_sddot_628E1500_v20260727,sd_sddot_628E1500,2026-07-27,,Concrete Barrier End Protection,Concrete Barrier End Protection,EACH,628,sd_sddot_item_catalog_2026_07_27,true
sd_sddot_628E1510_v20260727,sd_sddot_628E1510,2026-07-27,,Concrete Barrier End Protection Module Set or Repair Kit,Concrete Barrier End Protection Module Set or Repair Kit,EACH,628,sd_sddot_item_catalog_2026_07_27,true
sd_sddot_628E1520_v20260727,sd_sddot_628E1520,2026-07-27,,Refurbish Concrete Barrier End Protection,Refurbish Concrete Barrier End Protection,EACH,628,sd_sddot_item_catalog_2026_07_27,true
sd_sddot_628E1600_v20260727,sd_sddot_628E1600,2026-07-27,,Median End Protection,Median End Protection,EACH,628,sd_sddot_item_catalog_2026_07_27,true
sd_sddot_628E2000_v20260727,sd_sddot_628E2000,2026-07-27,,Sand Ballasted Plastic Barrel,Sand Ballasted Plastic Barrel,EACH,628,sd_sddot_item_catalog_2026_07_27,true
sd_sddot_628E2100_v20260727,sd_sddot_628E2100,2026-07-27,,Install State Furnished Sand Barrel,Install State Furnished Sand Barrel,EACH,628,sd_sddot_item_catalog_2026_07_27,true
sd_sddot_629E0100_v20260727,sd_sddot_629E0100,2026-07-27,,3 Cable Guardrail,3 Cable Guardrail,FT,629,sd_sddot_item_catalog_2026_07_27,true
sd_sddot_629E0109_v20260727,sd_sddot_629E0109,2026-07-27,,High Tension 3 Cable Guardrail,High Tension 3 Cable Guardrail,FT,629,sd_sddot_item_catalog_2026_07_27,true
sd_sddot_629E0110_v20260727,sd_sddot_629E0110,2026-07-27,,High Tension 4 Cable Guardrail,High Tension 4 Cable Guardrail,FT,629,sd_sddot_item_catalog_2026_07_27,true
sd_sddot_629E0200_v20260727,sd_sddot_629E0200,2026-07-27,,Reset 3 Cable Guardrail,Reset 3 Cable Guardrail,FT,629,sd_sddot_item_catalog_2026_07_27,true
sd_sddot_629E0210_v20260727,sd_sddot_629E0210,2026-07-27,,Reset High Tension 3 Cable Guardrail,Reset High Tension 3 Cable Guardrail,FT,629,sd_sddot_item_catalog_2026_07_27,true
sd_sddot_629E0211_v20260727,sd_sddot_629E0211,2026-07-27,,Reset High Tension 4 Cable Guardrail,Reset High Tension 4 Cable Guardrail,FT,629,sd_sddot_item_catalog_2026_07_27,true
sd_sddot_629E0220_v20260727,sd_sddot_629E0220,2026-07-27,,"Reset 3 Cable Guardrail, Cable Only","Reset 3 Cable Guardrail, Cable Only",FT,629,sd_sddot_item_catalog_2026_07_27,true
sd_sddot_629E0222_v20260727,sd_sddot_629E0222,2026-07-27,,Reset High Tension Cable Guardrail Sleeve,Reset High Tension Cable Guardrail Sleeve,EACH,629,sd_sddot_item_catalog_2026_07_27,true
sd_sddot_629E0225_v20260727,sd_sddot_629E0225,2026-07-27,,Reset High Tension Cable Guardrail Terminal Post,Reset High Tension Cable Guardrail Terminal Post,EACH,629,sd_sddot_item_catalog_2026_07_27,true
sd_sddot_629E0290_v20260727,sd_sddot_629E0290,2026-07-27,,High Tension Cable Guardrail Anchor Assembly,High Tension Cable Guardrail Anchor Assembly,EACH,629,sd_sddot_item_catalog_2026_07_27,true
sd_sddot_629E0295_v20260727,sd_sddot_629E0295,2026-07-27,,Reset High Tension Cable Guardrail Anchor Assembly,Reset High Tension Cable Guardrail Anchor Assembly,EACH,629,sd_sddot_item_catalog_2026_07_27,true
sd_sddot_629E0300_v20260727,sd_sddot_629E0300,2026-07-27,,3 Cable Guardrail Slip Base Anchor Assembly,3 Cable Guardrail Slip Base Anchor Assembly,EACH,629,sd_sddot_item_catalog_2026_07_27,true
sd_sddot_629E0400_v20260727,sd_sddot_629E0400,2026-07-27,,3 Cable Guardrail Anchor Assembly,3 Cable Guardrail Anchor Assembly,EACH,629,sd_sddot_item_catalog_2026_07_27,true
sd_sddot_629E0410_v20260727,sd_sddot_629E0410,2026-07-27,,Reset 3 Cable Guardrail Anchor Assembly,Reset 3 Cable Guardrail Anchor Assembly,EACH,629,sd_sddot_item_catalog_2026_07_27,true
sd_sddot_629E0420_v20260727,sd_sddot_629E0420,2026-07-27,,3 Cable Guardrail Anchor Assembly w/New Anchor and Salvaged Hardware,3 Cable Guardrail Anchor Assembly w/New Anchor and Salvaged Hardware,EACH,629,sd_sddot_item_catalog_2026_07_27,true
sd_sddot_629E0440_v20260727,sd_sddot_629E0440,2026-07-27,,Refurbish 3 Cable Guardrail Anchor Assembly,Refurbish 3 Cable Guardrail Anchor Assembly,EACH,629,sd_sddot_item_catalog_2026_07_27,true
sd_sddot_629E0450_v20260727,sd_sddot_629E0450,2026-07-27,,Retension 3 Cable Guardrail,Retension 3 Cable Guardrail,EACH,629,sd_sddot_item_catalog_2026_07_27,true
sd_sddot_629E0451_v20260727,sd_sddot_629E0451,2026-07-27,,Retension 3 Cable Guardrail,Retension 3 Cable Guardrail,FT,629,sd_sddot_item_catalog_2026_07_27,true
sd_sddot_629E0453_v20260727,sd_sddot_629E0453,2026-07-27,,Retension High Tension 3 Cable Guardrail,Retension High Tension 3 Cable Guardrail,FT,629,sd_sddot_item_catalog_2026_07_27,true
sd_sddot_629E0454_v20260727,sd_sddot_629E0454,2026-07-27,,Retension High Tension 4 Cable Guardrail,Retension High Tension 4 Cable Guardrail,FT,629,sd_sddot_item_catalog_2026_07_27,true
sd_sddot_629E0500_v20260727,sd_sddot_629E0500,2026-07-27,,W Beam to High Tension Cable Guardrail Transition,W Beam to High Tension Cable Guardrail Transition,EACH,629,sd_sddot_item_catalog_2026_07_27,true
sd_sddot_629E1000_v20260727,sd_sddot_629E1000,2026-07-27,,Repair 3 Cable Guardrail,Repair 3 Cable Guardrail,FT,629,sd_sddot_item_catalog_2026_07_27,true
sd_sddot_629E1010_v20260727,sd_sddot_629E1010,2026-07-27,,Repair 3 Cable Guardrail Slip Base Anchor Assembly,Repair 3 Cable Guardrail Slip Base Anchor Assembly,EACH,629,sd_sddot_item_catalog_2026_07_27,true
sd_sddot_629E1100_v20260727,sd_sddot_629E1100,2026-07-27,,3 Cable Guardrail End Post,3 Cable Guardrail End Post,EACH,629,sd_sddot_item_catalog_2026_07_27,true
sd_sddot_629E1102_v20260727,sd_sddot_629E1102,2026-07-27,,3 Cable Guardrail Intermediate Post,3 Cable Guardrail Intermediate Post,EACH,629,sd_sddot_item_catalog_2026_07_27,true
sd_sddot_629E1103_v20260727,sd_sddot_629E1103,2026-07-27,,3 Cable Guardrail Slip Base Anchor Post,3 Cable Guardrail Slip Base Anchor Post,EACH,629,sd_sddot_item_catalog_2026_07_27,true
sd_sddot_629E1104_v20260727,sd_sddot_629E1104,2026-07-27,,"3 Cable Guardrail Post, Winter","3 Cable Guardrail Post, Winter",EACH,629,sd_sddot_item_catalog_2026_07_27,true
sd_sddot_629E1106_v20260727,sd_sddot_629E1106,2026-07-27,,Drive Down 3 Cable Guardrail Post,Drive Down 3 Cable Guardrail Post,EACH,629,sd_sddot_item_catalog_2026_07_27,true
sd_sddot_629E1107_v20260727,sd_sddot_629E1107,2026-07-27,,Furnish High Tension Cable Guardrail Post,Furnish High Tension Cable Guardrail Post,EACH,629,sd_sddot_item_catalog_2026_07_27,true
sd_sddot_629E1108_v20260727,sd_sddot_629E1108,2026-07-27,,Reset 3 Cable Guardrail Post,Reset 3 Cable Guardrail Post,EACH,629,sd_sddot_item_catalog_2026_07_27,true
sd_sddot_629E1109_v20260727,sd_sddot_629E1109,2026-07-27,,Furnish High Tension Cable Guardrail Post and Sleeve,Furnish High Tension Cable Guardrail Post and Sleeve,EACH,629,sd_sddot_item_catalog_2026_07_27,true
sd_sddot_629E1110_v20260727,sd_sddot_629E1110,2026-07-27,,Cable Anchor Bracket,Cable Anchor Bracket,EACH,629,sd_sddot_item_catalog_2026_07_27,true
sd_sddot_629E1112_v20260727,sd_sddot_629E1112,2026-07-27,,Cable Splice,Cable Splice,EACH,629,sd_sddot_item_catalog_2026_07_27,true
sd_sddot_629E1114_v20260727,sd_sddot_629E1114,2026-07-27,,3 Cable Guardrail J Hook Bolt,3 Cable Guardrail J Hook Bolt,EACH,629,sd_sddot_item_catalog_2026_07_27,true
sd_sddot_629E1116_v20260727,sd_sddot_629E1116,2026-07-27,,Steel Turnbuckle Cable End Assembly,Steel Turnbuckle Cable End Assembly,EACH,629,sd_sddot_item_catalog_2026_07_27,true
sd_sddot_629E1117_v20260727,sd_sddot_629E1117,2026-07-27,,Turnbuckle Assembly,Turnbuckle Assembly,EACH,629,sd_sddot_item_catalog_2026_07_27,true
sd_sddot_629E1118_v20260727,sd_sddot_629E1118,2026-07-27,,Spring Cable End Assembly with Turnbuckle,Spring Cable End Assembly with Turnbuckle,EACH,629,sd_sddot_item_catalog_2026_07_27,true
sd_sddot_629E1120_v20260727,sd_sddot_629E1120,2026-07-27,,W Beam to 3 Cable Transition Bracket,W Beam to 3 Cable Transition Bracket,EACH,629,sd_sddot_item_catalog_2026_07_27,true
sd_sddot_629E1122_v20260727,sd_sddot_629E1122,2026-07-27,,3 Cable Guardrail End Post Cap,3 Cable Guardrail End Post Cap,EACH,629,sd_sddot_item_catalog_2026_07_27,true
sd_sddot_629E1143_v20260727,sd_sddot_629E1143,2026-07-27,,High Tension 3 Cable Guardrail Post,High Tension 3 Cable Guardrail Post,EACH,629,sd_sddot_item_catalog_2026_07_27,true
sd_sddot_629E1144_v20260727,sd_sddot_629E1144,2026-07-27,,High Tension 4 Cable Guardrail Post,High Tension 4 Cable Guardrail Post,EACH,629,sd_sddot_item_catalog_2026_07_27,true
sd_sddot_629E1158_v20260727,sd_sddot_629E1158,2026-07-27,,High Tension 3 Cable Guardrail Post and Sleeve,High Tension 3 Cable Guardrail Post and Sleeve,EACH,629,sd_sddot_item_catalog_2026_07_27,true
sd_sddot_629E1159_v20260727,sd_sddot_629E1159,2026-07-27,,High Tension 4 Cable Guardrail Post and Sleeve,High Tension 4 Cable Guardrail Post and Sleeve,EACH,629,sd_sddot_item_catalog_2026_07_27,true
sd_sddot_629E1163_v20260727,sd_sddot_629E1163,2026-07-27,,High Tension 3 Cable Guardrail Sleeve,High Tension 3 Cable Guardrail Sleeve,EACH,629,sd_sddot_item_catalog_2026_07_27,true
sd_sddot_629E1164_v20260727,sd_sddot_629E1164,2026-07-27,,High Tension 4 Cable Guardrail Sleeve,High Tension 4 Cable Guardrail Sleeve,EACH,629,sd_sddot_item_catalog_2026_07_27,true
sd_sddot_629E1170_v20260727,sd_sddot_629E1170,2026-07-27,,High Tension Cable Guardrail Terminal Post,High Tension Cable Guardrail Terminal Post,EACH,629,sd_sddot_item_catalog_2026_07_27,true
sd_sddot_629E1172_v20260727,sd_sddot_629E1172,2026-07-27,,High Tension Cable Guardrail Terminal Cable Release Post,High Tension Cable Guardrail Terminal Cable Release Post,EACH,629,sd_sddot_item_catalog_2026_07_27,true
sd_sddot_629E1174_v20260727,sd_sddot_629E1174,2026-07-27,,Hardware for High Tension Cable Attachment to Terminal Post,Hardware for High Tension Cable Attachment to Terminal Post,EACH,629,sd_sddot_item_catalog_2026_07_27,true
sd_sddot_629E1175_v20260727,sd_sddot_629E1175,2026-07-27,,Hardware for High Tension Cable Attachment to Post,Hardware for High Tension Cable Attachment to Post,EACH,629,sd_sddot_item_catalog_2026_07_27,true
sd_sddot_629E1176_v20260727,sd_sddot_629E1176,2026-07-27,,High Tension Cable Guardrail Turnbuckle,High Tension Cable Guardrail Turnbuckle,EACH,629,sd_sddot_item_catalog_2026_07_27,true
sd_sddot_629E1177_v20260727,sd_sddot_629E1177,2026-07-27,,High Tension Cable Guardrail Double Turnbuckle,High Tension Cable Guardrail Double Turnbuckle,EACH,629,sd_sddot_item_catalog_2026_07_27,true
sd_sddot_629E1179_v20260727,sd_sddot_629E1179,2026-07-27,,High Tension Cable Guardrail Push Lock Fitting,High Tension Cable Guardrail Push Lock Fitting,EACH,629,sd_sddot_item_catalog_2026_07_27,true
sd_sddot_629E1180_v20260727,sd_sddot_629E1180,2026-07-27,,High Tension Cable Guardrail Post Strap,High Tension Cable Guardrail Post Strap,EACH,629,sd_sddot_item_catalog_2026_07_27,true
sd_sddot_629E1181_v20260727,sd_sddot_629E1181,2026-07-27,,High Tension Cable Guardrail Cable Spacer,High Tension Cable Guardrail Cable Spacer,EACH,629,sd_sddot_item_catalog_2026_07_27,true
sd_sddot_629E1182_v20260727,sd_sddot_629E1182,2026-07-27,,High Tension Cable Guardrail Spacer with Delineator,High Tension Cable Guardrail Spacer with Delineator,EACH,629,sd_sddot_item_catalog_2026_07_27,true
sd_sddot_629E1185_v20260727,sd_sddot_629E1185,2026-07-27,,High Tension Guardrail Post Cap,High Tension Guardrail Post Cap,EACH,629,sd_sddot_item_catalog_2026_07_27,true
sd_sddot_629E1186_v20260727,sd_sddot_629E1186,2026-07-27,,High Tension Cable Guardrail Post Cap with Delineator,High Tension Cable Guardrail Post Cap with Delineator,EACH,629,sd_sddot_item_catalog_2026_07_27,true
sd_sddot_629E2000_v20260727,sd_sddot_629E2000,2026-07-27,,1 Cable Guardrail,1 Cable Guardrail,FT,629,sd_sddot_item_catalog_2026_07_27,true
sd_sddot_629E2115_v20260727,sd_sddot_629E2115,2026-07-27,,Cable,Cable,FT,629,sd_sddot_item_catalog_2026_07_27,true
sd_sddot_629E8010_v20260727,sd_sddot_629E8010,2026-07-27,,Cable Tension Indicator,Cable Tension Indicator,EACH,629,sd_sddot_item_catalog_2026_07_27,true
sd_sddot_629E9000_v20260727,sd_sddot_629E9000,2026-07-27,,Crossover Closure,Crossover Closure,FT,629,sd_sddot_item_catalog_2026_07_27,true
sd_sddot_629E9010_v20260727,sd_sddot_629E9010,2026-07-27,,Interim Crossover Closure,Interim Crossover Closure,FT,629,sd_sddot_item_catalog_2026_07_27,true
sd_sddot_629E9050_v20260727,sd_sddot_629E9050,2026-07-27,,Reset Crossover Closure,Reset Crossover Closure,FT,629,sd_sddot_item_catalog_2026_07_27,true
sd_sddot_629E9060_v20260727,sd_sddot_629E9060,2026-07-27,,Reset Interim Crossover Closure,Reset Interim Crossover Closure,FT,629,sd_sddot_item_catalog_2026_07_27,true
sd_sddot_629E9070_v20260727,sd_sddot_629E9070,2026-07-27,,Reflective Crossover PVC Pipe,Reflective Crossover PVC Pipe,EACH,629,sd_sddot_item_catalog_2026_07_27,true
sd_sddot_630E0010_v20260727,sd_sddot_630E0010,2026-07-27,,Straight Class A Thrie Beam Guardrail with Wood Posts,Straight Class A Thrie Beam Guardrail with Wood Posts,FT,630,sd_sddot_item_catalog_2026_07_27,true
sd_sddot_630E0020_v20260727,sd_sddot_630E0020,2026-07-27,,Curved Class A Thrie Beam Guardrail with Wood Posts,Curved Class A Thrie Beam Guardrail with Wood Posts,FT,630,sd_sddot_item_catalog_2026_07_27,true
sd_sddot_630E0050_v20260727,sd_sddot_630E0050,2026-07-27,,Straight Class B Thrie Beam Guardrail with Wood Posts,Straight Class B Thrie Beam Guardrail with Wood Posts,FT,630,sd_sddot_item_catalog_2026_07_27,true
sd_sddot_630E0110_v20260727,sd_sddot_630E0110,2026-07-27,,Straight Double Class A Thrie Beam Guardrail with Wood Posts,Straight Double Class A Thrie Beam Guardrail with Wood Posts,FT,630,sd_sddot_item_catalog_2026_07_27,true
sd_sddot_630E0120_v20260727,sd_sddot_630E0120,2026-07-27,,Straight Double Class B Thrie Beam Guardrail with Wood Posts,Straight Double Class B Thrie Beam Guardrail with Wood Posts,FT,630,sd_sddot_item_catalog_2026_07_27,true
sd_sddot_630E0200_v20260727,sd_sddot_630E0200,2026-07-27,,Straight Class A Thrie Beam Rail,Straight Class A Thrie Beam Rail,FT,630,sd_sddot_item_catalog_2026_07_27,true
sd_sddot_630E0210_v20260727,sd_sddot_630E0210,2026-07-27,,Straight Class B Thrie Beam Rail,Straight Class B Thrie Beam Rail,FT,630,sd_sddot_item_catalog_2026_07_27,true
sd_sddot_630E0250_v20260727,sd_sddot_630E0250,2026-07-27,,Straight Double Class A Thrie Beam Rail,Straight Double Class A Thrie Beam Rail,FT,630,sd_sddot_item_catalog_2026_07_27,true
sd_sddot_630E0500_v20260727,sd_sddot_630E0500,2026-07-27,,Type 1 MGS,Type 1 MGS,FT,630,sd_sddot_item_catalog_2026_07_27,true
sd_sddot_630E0505_v20260727,sd_sddot_630E0505,2026-07-27,,Curved Type 1 MGS,Curved Type 1 MGS,FT,630,sd_sddot_item_catalog_2026_07_27,true
sd_sddot_630E0513_v20260727,sd_sddot_630E0513,2026-07-27,,Type 1C MGS,Type 1C MGS,FT,630,sd_sddot_item_catalog_2026_07_27,true
sd_sddot_630E0520_v20260727,sd_sddot_630E0520,2026-07-27,,Type 2 MGS,Type 2 MGS,FT,630,sd_sddot_item_catalog_2026_07_27,true
sd_sddot_630E0530_v20260727,sd_sddot_630E0530,2026-07-27,,Type 3 MGS,Type 3 MGS,FT,630,sd_sddot_item_catalog_2026_07_27,true
sd_sddot_630E0540_v20260727,sd_sddot_630E0540,2026-07-27,,Type 4 MGS,Type 4 MGS,FT,630,sd_sddot_item_catalog_2026_07_27,true
sd_sddot_630E0600_v20260727,sd_sddot_630E0600,2026-07-27,,Type 30 MGS,Type 30 MGS,FT,630,sd_sddot_item_catalog_2026_07_27,true
sd_sddot_630E1005_v20260727,sd_sddot_630E1005,2026-07-27,,"18'-9"" Longspan MGS","18'-9"" Longspan MGS",EACH,630,sd_sddot_item_catalog_2026_07_27,true
sd_sddot_630E1006_v20260727,sd_sddot_630E1006,2026-07-27,,"25'-0"" Longspan MGS","25'-0"" Longspan MGS",EACH,630,sd_sddot_item_catalog_2026_07_27,true
sd_sddot_630E1010_v20260727,sd_sddot_630E1010,2026-07-27,,Straight Class A W Beam Guardrail with Wood Posts,Straight Class A W Beam Guardrail with Wood Posts,FT,630,sd_sddot_item_catalog_2026_07_27,true
sd_sddot_630E1015_v20260727,sd_sddot_630E1015,2026-07-27,,Straight Class A W Beam Guardrail with CRT Posts,Straight Class A W Beam Guardrail with CRT Posts,FT,630,sd_sddot_item_catalog_2026_07_27,true
sd_sddot_630E1020_v20260727,sd_sddot_630E1020,2026-07-27,,Curved Class A W Beam Guardrail with Wood Posts,Curved Class A W Beam Guardrail with Wood Posts,FT,630,sd_sddot_item_catalog_2026_07_27,true
sd_sddot_630E1025_v20260727,sd_sddot_630E1025,2026-07-27,,Curved Class A W Beam Guardrail with CRT Posts,Curved Class A W Beam Guardrail with CRT Posts,FT,630,sd_sddot_item_catalog_2026_07_27,true
sd_sddot_630E1050_v20260727,sd_sddot_630E1050,2026-07-27,,Straight Class B W Beam Guardrail with Wood Posts,Straight Class B W Beam Guardrail with Wood Posts,FT,630,sd_sddot_item_catalog_2026_07_27,true
sd_sddot_630E1060_v20260727,sd_sddot_630E1060,2026-07-27,,Curved Class B W Beam Guardrail with Wood Posts,Curved Class B W Beam Guardrail with Wood Posts,FT,630,sd_sddot_item_catalog_2026_07_27,true
sd_sddot_630E1140_v20260727,sd_sddot_630E1140,2026-07-27,,Straight Double Class A W Beam Guardrail with Wood Posts,Straight Double Class A W Beam Guardrail with Wood Posts,FT,630,sd_sddot_item_catalog_2026_07_27,true
sd_sddot_630E1150_v20260727,sd_sddot_630E1150,2026-07-27,,Straight Double Class B W Beam Guardrail with Wood Posts,Straight Double Class B W Beam Guardrail with Wood Posts,FT,630,sd_sddot_item_catalog_2026_07_27,true
sd_sddot_630E1160_v20260727,sd_sddot_630E1160,2026-07-27,,Curved Double Class B W Beam Guardrail with Wood Posts,Curved Double Class B W Beam Guardrail with Wood Posts,FT,630,sd_sddot_item_catalog_2026_07_27,true
sd_sddot_630E1200_v20260727,sd_sddot_630E1200,2026-07-27,,Straight Class A W Beam Rail,Straight Class A W Beam Rail,FT,630,sd_sddot_item_catalog_2026_07_27,true
sd_sddot_630E1210_v20260727,sd_sddot_630E1210,2026-07-27,,Straight Class B W Beam Rail,Straight Class B W Beam Rail,FT,630,sd_sddot_item_catalog_2026_07_27,true
sd_sddot_630E1250_v20260727,sd_sddot_630E1250,2026-07-27,,Straight Double Class A W Beam Rail,Straight Double Class A W Beam Rail,FT,630,sd_sddot_item_catalog_2026_07_27,true
sd_sddot_630E1400_v20260727,sd_sddot_630E1400,2026-07-27,,Straight Back to Back Class A W Beam Guardrail with Wood Posts,Straight Back to Back Class A W Beam Guardrail with Wood Posts,FT,630,sd_sddot_item_catalog_2026_07_27,true
sd_sddot_630E1500_v20260727,sd_sddot_630E1500,2026-07-27,,Type 1 Guardrail Transition,Type 1 Guardrail Transition,EACH,630,sd_sddot_item_catalog_2026_07_27,true
sd_sddot_630E1501_v20260727,sd_sddot_630E1501,2026-07-27,,Type 1 Retrofit Guardrail Transition,Type 1 Retrofit Guardrail Transition,EACH,630,sd_sddot_item_catalog_2026_07_27,true
sd_sddot_630E1505_v20260727,sd_sddot_630E1505,2026-07-27,,Type 2A Guardrail Transition,Type 2A Guardrail Transition,EACH,630,sd_sddot_item_catalog_2026_07_27,true
sd_sddot_630E1510_v20260727,sd_sddot_630E1510,2026-07-27,,Type 3 Guardrail Transition,Type 3 Guardrail Transition,EACH,630,sd_sddot_item_catalog_2026_07_27,true
sd_sddot_630E2000_v20260727,sd_sddot_630E2000,2026-07-27,,W Beam to Thrie Beam Guardrail Transition,W Beam to Thrie Beam Guardrail Transition,EACH,630,sd_sddot_item_catalog_2026_07_27,true
sd_sddot_630E2001_v20260727,sd_sddot_630E2001,2026-07-27,,Asymmetrical W Beam to Thrie Beam Guardrail Transition,Asymmetrical W Beam to Thrie Beam Guardrail Transition,EACH,630,sd_sddot_item_catalog_2026_07_27,true
sd_sddot_630E2005_v20260727,sd_sddot_630E2005,2026-07-27,,W Beam Guardrail to MGS Transition,W Beam Guardrail to MGS Transition,EACH,630,sd_sddot_item_catalog_2026_07_27,true
sd_sddot_630E2008_v20260727,sd_sddot_630E2008,2026-07-27,,W Beam Slotted Rail for High Tension Cable Connection,W Beam Slotted Rail for High Tension Cable Connection,FT,630,sd_sddot_item_catalog_2026_07_27,true
sd_sddot_630E2010_v20260727,sd_sddot_630E2010,2026-07-27,,W Beam Guardrail End Terminal,W Beam Guardrail End Terminal,EACH,630,sd_sddot_item_catalog_2026_07_27,true
sd_sddot_630E2015_v20260727,sd_sddot_630E2015,2026-07-27,,W Beam Guardrail Flared End Terminal,W Beam Guardrail Flared End Terminal,EACH,630,sd_sddot_item_catalog_2026_07_27,true
sd_sddot_630E2016_historical,sd_sddot_630E2016,,,MGS Flared End Terminal,MGS Flared End Terminal,EACH,630,sd_sddot_bid_tabs_2025_10_01,false
sd_sddot_630E2017_v20260727,sd_sddot_630E2017,2026-07-27,,MGS MASH Flared End Terminal,MGS MASH Flared End Terminal,EACH,630,sd_sddot_item_catalog_2026_07_27,true
sd_sddot_630E2018_v20260727,sd_sddot_630E2018,2026-07-27,,MGS MASH Tangent End Terminal,MGS MASH Tangent End Terminal,EACH,630,sd_sddot_item_catalog_2026_07_27,true
sd_sddot_630E2019_historical,sd_sddot_630E2019,,,MGS Tangent End Terminal,MGS Tangent End Terminal,EACH,630,sd_sddot_bid_tabs_2024_11_06,false
sd_sddot_630E2020_v20260727,sd_sddot_630E2020,2026-07-27,,W Beam Guardrail Tangent End Terminal,W Beam Guardrail Tangent End Terminal,EACH,630,sd_sddot_item_catalog_2026_07_27,true
sd_sddot_630E2025_v20260727,sd_sddot_630E2025,2026-07-27,,W Beam Guardrail Backslope Terminal,W Beam Guardrail Backslope Terminal,EACH,630,sd_sddot_item_catalog_2026_07_27,true
sd_sddot_630E2030_v20260727,sd_sddot_630E2030,2026-07-27,,W Beam Guardrail Breakaway Cable Terminal,W Beam Guardrail Breakaway Cable Terminal,EACH,630,sd_sddot_item_catalog_2026_07_27,true
sd_sddot_630E2035_v20260727,sd_sddot_630E2035,2026-07-27,,W Beam Guardrail Special Anchor Assembly,W Beam Guardrail Special Anchor Assembly,EACH,630,sd_sddot_item_catalog_2026_07_27,true
sd_sddot_630E2055_v20260727,sd_sddot_630E2055,2026-07-27,,Thrie Beam Guardrail Trailing End Terminal,Thrie Beam Guardrail Trailing End Terminal,EACH,630,sd_sddot_item_catalog_2026_07_27,true
sd_sddot_630E2060_v20260727,sd_sddot_630E2060,2026-07-27,,W Beam Guardrail Trailing End Terminal,W Beam Guardrail Trailing End Terminal,EACH,630,sd_sddot_item_catalog_2026_07_27,true
sd_sddot_630E2065_v20260727,sd_sddot_630E2065,2026-07-27,,MGS Trailing End Terminal,MGS Trailing End Terminal,EACH,630,sd_sddot_item_catalog_2026_07_27,true
sd_sddot_630E2095_v20260727,sd_sddot_630E2095,2026-07-27,,Assembly for Missing Post in Transition Retrofit,Assembly for Missing Post in Transition Retrofit,EACH,630,sd_sddot_item_catalog_2026_07_27,true
sd_sddot_630E2100_v20260727,sd_sddot_630E2100,2026-07-27,,Beam Guardrail Post,Beam Guardrail Post,EACH,630,sd_sddot_item_catalog_2026_07_27,true
sd_sddot_630E2105_v20260727,sd_sddot_630E2105,2026-07-27,,Beam Guardrail Block,Beam Guardrail Block,EACH,630,sd_sddot_item_catalog_2026_07_27,true
sd_sddot_630E2110_v20260727,sd_sddot_630E2110,2026-07-27,,Beam Guardrail Post and Block,Beam Guardrail Post and Block,EACH,630,sd_sddot_item_catalog_2026_07_27,true
sd_sddot_630E2120_v20260727,sd_sddot_630E2120,2026-07-27,,"Beam Guardrail Post and Block, Winter","Beam Guardrail Post and Block, Winter",EACH,630,sd_sddot_item_catalog_2026_07_27,true
sd_sddot_630E2150_v20260727,sd_sddot_630E2150,2026-07-27,,End Terminal Wood Breakaway Post,End Terminal Wood Breakaway Post,EACH,630,sd_sddot_item_catalog_2026_07_27,true
sd_sddot_630E2155_v20260727,sd_sddot_630E2155,2026-07-27,,End Terminal Hinged Breakaway Post,End Terminal Hinged Breakaway Post,EACH,630,sd_sddot_item_catalog_2026_07_27,true
sd_sddot_630E2160_v20260727,sd_sddot_630E2160,2026-07-27,,Footing for Steel Beam Guardrail Post,Footing for Steel Beam Guardrail Post,EACH,630,sd_sddot_item_catalog_2026_07_27,true
sd_sddot_630E2170_v20260727,sd_sddot_630E2170,2026-07-27,,Culvert Mounted Guardrail Post,Culvert Mounted Guardrail Post,EACH,630,sd_sddot_item_catalog_2026_07_27,true
sd_sddot_630E2200_v20260727,sd_sddot_630E2200,2026-07-27,,W Beam Guardrail End Block Adapter,W Beam Guardrail End Block Adapter,EACH,630,sd_sddot_item_catalog_2026_07_27,true
sd_sddot_630E2205_v20260727,sd_sddot_630E2205,2026-07-27,,Breakaway Cable Terminal End Post,Breakaway Cable Terminal End Post,EACH,630,sd_sddot_item_catalog_2026_07_27,true
sd_sddot_630E2210_v20260727,sd_sddot_630E2210,2026-07-27,,Breakaway Cable Terminal End Rail,Breakaway Cable Terminal End Rail,EACH,630,sd_sddot_item_catalog_2026_07_27,true
sd_sddot_630E2215_v20260727,sd_sddot_630E2215,2026-07-27,,W Beam Guardrail End Section Buffer,W Beam Guardrail End Section Buffer,EACH,630,sd_sddot_item_catalog_2026_07_27,true
sd_sddot_630E2220_v20260727,sd_sddot_630E2220,2026-07-27,,Tangent End Terminal Extruder Head,Tangent End Terminal Extruder Head,EACH,630,sd_sddot_item_catalog_2026_07_27,true
sd_sddot_630E2222_v20260727,sd_sddot_630E2222,2026-07-27,,MGS Extruder Head,MGS Extruder Head,EACH,630,sd_sddot_item_catalog_2026_07_27,true
sd_sddot_630E2225_v20260727,sd_sddot_630E2225,2026-07-27,,Tangent End Terminal Wood Post,Tangent End Terminal Wood Post,EACH,630,sd_sddot_item_catalog_2026_07_27,true
sd_sddot_630E2230_v20260727,sd_sddot_630E2230,2026-07-27,,Tangent End Terminal Wood Post and Block,Tangent End Terminal Wood Post and Block,EACH,630,sd_sddot_item_catalog_2026_07_27,true
sd_sddot_630E2235_v20260727,sd_sddot_630E2235,2026-07-27,,Tangent End Terminal Rail,Tangent End Terminal Rail,FT,630,sd_sddot_item_catalog_2026_07_27,true
sd_sddot_630E2250_v20260727,sd_sddot_630E2250,2026-07-27,,Flared End Terminal Rail,Flared End Terminal Rail,FT,630,sd_sddot_item_catalog_2026_07_27,true
sd_sddot_630E2260_v20260727,sd_sddot_630E2260,2026-07-27,,MGS End Rail,MGS End Rail,FT,630,sd_sddot_item_catalog_2026_07_27,true
sd_sddot_630E2262_v20260727,sd_sddot_630E2262,2026-07-27,,MGS Terminal Post,MGS Terminal Post,EACH,630,sd_sddot_item_catalog_2026_07_27,true
sd_sddot_630E2264_v20260727,sd_sddot_630E2264,2026-07-27,,MGS Anchor Post,MGS Anchor Post,EACH,630,sd_sddot_item_catalog_2026_07_27,true
sd_sddot_630E2266_v20260727,sd_sddot_630E2266,2026-07-27,,MGS End Terminal Upper Post,MGS End Terminal Upper Post,EACH,630,sd_sddot_item_catalog_2026_07_27,true
sd_sddot_630E2300_v20260727,sd_sddot_630E2300,2026-07-27,,Rubrail,Rubrail,FT,630,sd_sddot_item_catalog_2026_07_27,true
sd_sddot_630E5000_v20260727,sd_sddot_630E5000,2026-07-27,,Install State Furnished Guardrail with Wood Posts,Install State Furnished Guardrail with Wood Posts,FT,630,sd_sddot_item_catalog_2026_07_27,true
sd_sddot_630E5010_v20260727,sd_sddot_630E5010,2026-07-27,,Reset Type 1 MGS,Reset Type 1 MGS,FT,630,sd_sddot_item_catalog_2026_07_27,true
sd_sddot_630E5013_v20260727,sd_sddot_630E5013,2026-07-27,,Reset Type 1C MGS,Reset Type 1C MGS,FT,630,sd_sddot_item_catalog_2026_07_27,true
sd_sddot_630E5020_v20260727,sd_sddot_630E5020,2026-07-27,,Reset Type 2 MGS,Reset Type 2 MGS,FT,630,sd_sddot_item_catalog_2026_07_27,true
sd_sddot_630E5030_v20260727,sd_sddot_630E5030,2026-07-27,,Reset Type 3 MGS,Reset Type 3 MGS,FT,630,sd_sddot_item_catalog_2026_07_27,true
sd_sddot_630E5040_v20260727,sd_sddot_630E5040,2026-07-27,,Reset Type 4 MGS,Reset Type 4 MGS,FT,630,sd_sddot_item_catalog_2026_07_27,true
sd_sddot_630E5095_v20260727,sd_sddot_630E5095,2026-07-27,,"Reset 18'-9"" Longspan MGS","Reset 18'-9"" Longspan MGS",EACH,630,sd_sddot_item_catalog_2026_07_27,true
sd_sddot_630E5096_v20260727,sd_sddot_630E5096,2026-07-27,,"Reset 25'-0"" Longspan MGS","Reset 25'-0"" Longspan MGS",EACH,630,sd_sddot_item_catalog_2026_07_27,true
sd_sddot_630E5100_v20260727,sd_sddot_630E5100,2026-07-27,,Reset Thrie Beam Guardrail with Wood Posts,Reset Thrie Beam Guardrail with Wood Posts,FT,630,sd_sddot_item_catalog_2026_07_27,true
sd_sddot_630E5110_v20260727,sd_sddot_630E5110,2026-07-27,,Reset Double Thrie Beam Guardrail with Wood Posts,Reset Double Thrie Beam Guardrail with Wood Posts,FT,630,sd_sddot_item_catalog_2026_07_27,true
sd_sddot_630E5120_v20260727,sd_sddot_630E5120,2026-07-27,,Reset Thrie Beam Rail,Reset Thrie Beam Rail,FT,630,sd_sddot_item_catalog_2026_07_27,true
sd_sddot_630E5130_v20260727,sd_sddot_630E5130,2026-07-27,,Reset Double Thrie Beam Rail,Reset Double Thrie Beam Rail,FT,630,sd_sddot_item_catalog_2026_07_27,true
sd_sddot_630E5140_v20260727,sd_sddot_630E5140,2026-07-27,,Reset W Beam Guardrail with Wood Posts,Reset W Beam Guardrail with Wood Posts,FT,630,sd_sddot_item_catalog_2026_07_27,true
sd_sddot_630E5150_v20260727,sd_sddot_630E5150,2026-07-27,,Reset Double W Beam Guardrail with Wood Posts,Reset Double W Beam Guardrail with Wood Posts,FT,630,sd_sddot_item_catalog_2026_07_27,true
sd_sddot_630E5160_v20260727,sd_sddot_630E5160,2026-07-27,,Reset W Beam Rail,Reset W Beam Rail,FT,630,sd_sddot_item_catalog_2026_07_27,true
sd_sddot_630E5170_v20260727,sd_sddot_630E5170,2026-07-27,,Reset Double W Beam Rail,Reset Double W Beam Rail,FT,630,sd_sddot_item_catalog_2026_07_27,true
sd_sddot_630E5180_v20260727,sd_sddot_630E5180,2026-07-27,,Reset W Beam Guardrail Breakaway Cable Terminal,Reset W Beam Guardrail Breakaway Cable Terminal,EACH,630,sd_sddot_item_catalog_2026_07_27,true
sd_sddot_630E5190_v20260727,sd_sddot_630E5190,2026-07-27,,Reset W Beam to Thrie Beam Guardrail Transition,Reset W Beam to Thrie Beam Guardrail Transition,EACH,630,sd_sddot_item_catalog_2026_07_27,true
sd_sddot_630E5191_v20260727,sd_sddot_630E5191,2026-07-27,,Reset Asymmetrical W Beam to Thrie Beam Guardrail Transition,Reset Asymmetrical W Beam to Thrie Beam Guardrail Transition,EACH,630,sd_sddot_item_catalog_2026_07_27,true
sd_sddot_630E5200_v20260727,sd_sddot_630E5200,2026-07-27,,Reset W Beam to Thrie Beam Transition Rail,Reset W Beam to Thrie Beam Transition Rail,EACH,630,sd_sddot_item_catalog_2026_07_27,true
sd_sddot_630E5201_v20260727,sd_sddot_630E5201,2026-07-27,,Reset Asymmetrical W Beam to Thrie Beam Transition Rail,Reset Asymmetrical W Beam to Thrie Beam Transition Rail,EACH,630,sd_sddot_item_catalog_2026_07_27,true
sd_sddot_630E5203_v20260727,sd_sddot_630E5203,2026-07-27,,Reset MGS MASH Flared End Terminal,Reset MGS MASH Flared End Terminal,EACH,630,sd_sddot_item_catalog_2026_07_27,true
sd_sddot_630E5204_v20260727,sd_sddot_630E5204,2026-07-27,,Reset MGS MASH Tangent End Terminal,Reset MGS MASH Tangent End Terminal,EACH,630,sd_sddot_item_catalog_2026_07_27,true
sd_sddot_630E5205_historical,sd_sddot_630E5205,,,Reset MGS Flared End Terminal,Reset MGS Flared End Terminal,EACH,630,sd_sddot_bid_tabs_2022_12_14,false
sd_sddot_630E5206_historical,sd_sddot_630E5206,,,Reset MGS Tangent End Terminal,Reset MGS Tangent End Terminal,EACH,630,sd_sddot_bid_tabs_2025_02_05,false
sd_sddot_630E5207_v20260727,sd_sddot_630E5207,2026-07-27,,Reset W Beam Guardrail Flared End Terminal,Reset W Beam Guardrail Flared End Terminal,EACH,630,sd_sddot_item_catalog_2026_07_27,true
sd_sddot_630E5208_v20260727,sd_sddot_630E5208,2026-07-27,,Reset W Beam Guardrail Tangent End Terminal,Reset W Beam Guardrail Tangent End Terminal,EACH,630,sd_sddot_item_catalog_2026_07_27,true
sd_sddot_630E5209_v20260727,sd_sddot_630E5209,2026-07-27,,Reset W Beam Guardrail End Terminal,Reset W Beam Guardrail End Terminal,EACH,630,sd_sddot_item_catalog_2026_07_27,true
sd_sddot_630E5210_v20260727,sd_sddot_630E5210,2026-07-27,,Reset Beam Guardrail Trailing End Terminal,Reset Beam Guardrail Trailing End Terminal,EACH,630,sd_sddot_item_catalog_2026_07_27,true
sd_sddot_630E5212_v20260727,sd_sddot_630E5212,2026-07-27,,Reset MGS Extruder Head,Reset MGS Extruder Head,EACH,630,sd_sddot_item_catalog_2026_07_27,true
sd_sddot_630E5220_v20260727,sd_sddot_630E5220,2026-07-27,,Reset Rubrail,Reset Rubrail,FT,630,sd_sddot_item_catalog_2026_07_27,true
sd_sddot_630E5300_v20260727,sd_sddot_630E5300,2026-07-27,,Reset Type 1 Guardrail Transition,Reset Type 1 Guardrail Transition,EACH,630,sd_sddot_item_catalog_2026_07_27,true
sd_sddot_630E5301_v20260727,sd_sddot_630E5301,2026-07-27,,Reset Type 1 Retrofit Guardrail Transition,Reset Type 1 Retrofit Guardrail Transition,EACH,630,sd_sddot_item_catalog_2026_07_27,true
sd_sddot_630E5305_v20260727,sd_sddot_630E5305,2026-07-27,,Reset Type 2A Guardrail Transition,Reset Type 2A Guardrail Transition,EACH,630,sd_sddot_item_catalog_2026_07_27,true
sd_sddot_630E5310_v20260727,sd_sddot_630E5310,2026-07-27,,Reset Type 3 Guardrail Transition,Reset Type 3 Guardrail Transition,EACH,630,sd_sddot_item_catalog_2026_07_27,true
sd_sddot_630E5500_v20260727,sd_sddot_630E5500,2026-07-27,,Furnish Beam Guardrail Post and Block,Furnish Beam Guardrail Post and Block,EACH,630,sd_sddot_item_catalog_2026_07_27,true
sd_sddot_630E5510_v20260727,sd_sddot_630E5510,2026-07-27,,Furnish Beam Guardrail Post,Furnish Beam Guardrail Post,EACH,630,sd_sddot_item_catalog_2026_07_27,true
sd_sddot_630E5520_v20260727,sd_sddot_630E5520,2026-07-27,,Drive Down Beam Guardrail Post,Drive Down Beam Guardrail Post,EACH,630,sd_sddot_item_catalog_2026_07_27,true
sd_sddot_630E5530_v20260727,sd_sddot_630E5530,2026-07-27,,Remove and Reset Beam Guardrail Post and Block,Remove and Reset Beam Guardrail Post and Block,EACH,630,sd_sddot_item_catalog_2026_07_27,true
sd_sddot_630E5540_v20260727,sd_sddot_630E5540,2026-07-27,,Reset Beam Guardrail Post,Reset Beam Guardrail Post,EACH,630,sd_sddot_item_catalog_2026_07_27,true
sd_sddot_630E5550_v20260727,sd_sddot_630E5550,2026-07-27,,Reset Beam Guardrail Post and Block,Reset Beam Guardrail Post and Block,EACH,630,sd_sddot_item_catalog_2026_07_27,true
sd_sddot_632E0010_v20260727,sd_sddot_632E0010,2026-07-27,,1.25' Diameter Breakaway Support Concrete Footing,1.25' Diameter Breakaway Support Concrete Footing,FT,632,sd_sddot_item_catalog_2026_07_27,true
sd_sddot_632E0012_v20260727,sd_sddot_632E0012,2026-07-27,,1.5' Diameter Breakaway Support Concrete Footing,1.5' Diameter Breakaway Support Concrete Footing,FT,632,sd_sddot_item_catalog_2026_07_27,true
sd_sddot_632E0014_v20260727,sd_sddot_632E0014,2026-07-27,,1.75' Diameter Breakaway Support Concrete Footing,1.75' Diameter Breakaway Support Concrete Footing,FT,632,sd_sddot_item_catalog_2026_07_27,true
sd_sddot_632E0016_v20260727,sd_sddot_632E0016,2026-07-27,,2' Diameter Breakaway Support Concrete Footing,2' Diameter Breakaway Support Concrete Footing,FT,632,sd_sddot_item_catalog_2026_07_27,true
sd_sddot_632E0018_v20260727,sd_sddot_632E0018,2026-07-27,,2.5' Diameter Breakaway Support Concrete Footing,2.5' Diameter Breakaway Support Concrete Footing,FT,632,sd_sddot_item_catalog_2026_07_27,true
sd_sddot_632E0054_v20260727,sd_sddot_632E0054,2026-07-27,,1.75' Diameter Fixed Support Concrete Footing,1.75' Diameter Fixed Support Concrete Footing,FT,632,sd_sddot_item_catalog_2026_07_27,true
sd_sddot_632E0056_v20260727,sd_sddot_632E0056,2026-07-27,,2' Diameter Fixed Support Concrete Footing,2' Diameter Fixed Support Concrete Footing,FT,632,sd_sddot_item_catalog_2026_07_27,true
sd_sddot_632E0058_v20260727,sd_sddot_632E0058,2026-07-27,,2.25' Diameter Fixed Support Concrete Footing,2.25' Diameter Fixed Support Concrete Footing,FT,632,sd_sddot_item_catalog_2026_07_27,true
sd_sddot_632E0060_v20260727,sd_sddot_632E0060,2026-07-27,,2.5' Diameter Fixed Support Concrete Footing,2.5' Diameter Fixed Support Concrete Footing,FT,632,sd_sddot_item_catalog_2026_07_27,true
sd_sddot_632E0062_v20260727,sd_sddot_632E0062,2026-07-27,,2.75' Diameter Fixed Support Concrete Footing,2.75' Diameter Fixed Support Concrete Footing,FT,632,sd_sddot_item_catalog_2026_07_27,true
sd_sddot_632E0064_v20260727,sd_sddot_632E0064,2026-07-27,,3' Diameter Fixed Support Concrete Footing,3' Diameter Fixed Support Concrete Footing,FT,632,sd_sddot_item_catalog_2026_07_27,true
sd_sddot_632E0072_v20260727,sd_sddot_632E0072,2026-07-27,,4' Diameter Fixed Support Concrete Footing,4' Diameter Fixed Support Concrete Footing,FT,632,sd_sddot_item_catalog_2026_07_27,true
sd_sddot_632E0074_v20260727,sd_sddot_632E0074,2026-07-27,,4.5' Diameter Fixed Support Concrete Footing,4.5' Diameter Fixed Support Concrete Footing,FT,632,sd_sddot_item_catalog_2026_07_27,true
sd_sddot_632E0092_v20260727,sd_sddot_632E0092,2026-07-27,,4.5' Diameter DMS Footing,4.5' Diameter DMS Footing,FT,632,sd_sddot_item_catalog_2026_07_27,true
sd_sddot_632E0093_v20260727,sd_sddot_632E0093,2026-07-27,,5' Diameter DMS Footing,5' Diameter DMS Footing,FT,632,sd_sddot_item_catalog_2026_07_27,true
sd_sddot_632E1100_v20260727,sd_sddot_632E1100,2026-07-27,,1.12 Lb/Ft Flanged Channel Post,1.12 Lb/Ft Flanged Channel Post,FT,632,sd_sddot_item_catalog_2026_07_27,true
sd_sddot_632E1105_v20260727,sd_sddot_632E1105,2026-07-27,,Furnish 1.12 Lb/Ft Flanged Channel Post,Furnish 1.12 Lb/Ft Flanged Channel Post,FT,632,sd_sddot_item_catalog_2026_07_27,true
sd_sddot_632E1110_v20260727,sd_sddot_632E1110,2026-07-27,,2.0 Lb/Ft Flanged Channel Post,2.0 Lb/Ft Flanged Channel Post,FT,632,sd_sddot_item_catalog_2026_07_27,true
sd_sddot_632E1115_v20260727,sd_sddot_632E1115,2026-07-27,,Furnish 2.0 Lb/Ft Flanged Channel Post,Furnish 2.0 Lb/Ft Flanged Channel Post,FT,632,sd_sddot_item_catalog_2026_07_27,true
sd_sddot_632E1120_v20260727,sd_sddot_632E1120,2026-07-27,,2.5 Lb/Ft Flanged Channel Post,2.5 Lb/Ft Flanged Channel Post,FT,632,sd_sddot_item_catalog_2026_07_27,true
sd_sddot_632E1125_v20260727,sd_sddot_632E1125,2026-07-27,,Furnish 2.5 Lb/Ft Flanged Channel Post,Furnish 2.5 Lb/Ft Flanged Channel Post,FT,632,sd_sddot_item_catalog_2026_07_27,true
sd_sddot_632E1126_v20260727,sd_sddot_632E1126,2026-07-27,,2.5 Lb/Ft Flanged Channel Base Post,2.5 Lb/Ft Flanged Channel Base Post,EACH,632,sd_sddot_item_catalog_2026_07_27,true
sd_sddot_632E1130_v20260727,sd_sddot_632E1130,2026-07-27,,3.0 Lb/Ft Flanged Channel Post,3.0 Lb/Ft Flanged Channel Post,FT,632,sd_sddot_item_catalog_2026_07_27,true
sd_sddot_632E1135_v20260727,sd_sddot_632E1135,2026-07-27,,Furnish 3.0 Lb/Ft Flanged Channel Post,Furnish 3.0 Lb/Ft Flanged Channel Post,FT,632,sd_sddot_item_catalog_2026_07_27,true
sd_sddot_632E1140_v20260727,sd_sddot_632E1140,2026-07-27,,4.0 Lb/Ft Flanged Channel Post,4.0 Lb/Ft Flanged Channel Post,FT,632,sd_sddot_item_catalog_2026_07_27,true
sd_sddot_632E1145_v20260727,sd_sddot_632E1145,2026-07-27,,Furnish 4.0 Lb/Ft Flanged Channel Post,Furnish 4.0 Lb/Ft Flanged Channel Post,FT,632,sd_sddot_item_catalog_2026_07_27,true
sd_sddot_632E1210_v20260727,sd_sddot_632E1210,2026-07-27,,S3x5.7 Steel Post,S3x5.7 Steel Post,FT,632,sd_sddot_item_catalog_2026_07_27,true
sd_sddot_632E1215_v20260727,sd_sddot_632E1215,2026-07-27,,S4x7.7 Steel Post,S4x7.7 Steel Post,FT,632,sd_sddot_item_catalog_2026_07_27,true
sd_sddot_632E1220_v20260727,sd_sddot_632E1220,2026-07-27,,S5x10 Steel Post,S5x10 Steel Post,FT,632,sd_sddot_item_catalog_2026_07_27,true
sd_sddot_632E1225_v20260727,sd_sddot_632E1225,2026-07-27,,W6x12 Steel Post,W6x12 Steel Post,FT,632,sd_sddot_item_catalog_2026_07_27,true
sd_sddot_632E1230_v20260727,sd_sddot_632E1230,2026-07-27,,W6x15 Steel Post,W6x15 Steel Post,FT,632,sd_sddot_item_catalog_2026_07_27,true
sd_sddot_632E1235_v20260727,sd_sddot_632E1235,2026-07-27,,W6x20 Steel Post,W6x20 Steel Post,FT,632,sd_sddot_item_catalog_2026_07_27,true
sd_sddot_632E1240_v20260727,sd_sddot_632E1240,2026-07-27,,W8x18 Steel Post,W8x18 Steel Post,FT,632,sd_sddot_item_catalog_2026_07_27,true
sd_sddot_632E1245_v20260727,sd_sddot_632E1245,2026-07-27,,W8x21 Steel Post,W8x21 Steel Post,FT,632,sd_sddot_item_catalog_2026_07_27,true
sd_sddot_632E1250_v20260727,sd_sddot_632E1250,2026-07-27,,W8x24 Steel Post,W8x24 Steel Post,FT,632,sd_sddot_item_catalog_2026_07_27,true
sd_sddot_632E1255_v20260727,sd_sddot_632E1255,2026-07-27,,W8x28 Steel Post,W8x28 Steel Post,FT,632,sd_sddot_item_catalog_2026_07_27,true
sd_sddot_632E1260_v20260727,sd_sddot_632E1260,2026-07-27,,W8x31 Steel Post,W8x31 Steel Post,FT,632,sd_sddot_item_catalog_2026_07_27,true
sd_sddot_632E1265_v20260727,sd_sddot_632E1265,2026-07-27,,W10x33 Steel Post,W10x33 Steel Post,FT,632,sd_sddot_item_catalog_2026_07_27,true
sd_sddot_632E1270_v20260727,sd_sddot_632E1270,2026-07-27,,W10x39 Steel Post,W10x39 Steel Post,FT,632,sd_sddot_item_catalog_2026_07_27,true
sd_sddot_632E1275_v20260727,sd_sddot_632E1275,2026-07-27,,W10x45 Steel Post,W10x45 Steel Post,FT,632,sd_sddot_item_catalog_2026_07_27,true
sd_sddot_632E1285_v20260727,sd_sddot_632E1285,2026-07-27,,W12x45 Steel Post,W12x45 Steel Post,FT,632,sd_sddot_item_catalog_2026_07_27,true
sd_sddot_632E1310_v20260727,sd_sddot_632E1310,2026-07-27,,"1.75""x1.75"" Perforated Tube Post","1.75""x1.75"" Perforated Tube Post",FT,632,sd_sddot_item_catalog_2026_07_27,true
sd_sddot_632E1315_v20260727,sd_sddot_632E1315,2026-07-27,,"Furnish 1.75""x1.75"" Perforated Tube Post","Furnish 1.75""x1.75"" Perforated Tube Post",FT,632,sd_sddot_item_catalog_2026_07_27,true
sd_sddot_632E1320_v20260727,sd_sddot_632E1320,2026-07-27,,"2.0""x2.0"" Perforated Tube Post","2.0""x2.0"" Perforated Tube Post",FT,632,sd_sddot_item_catalog_2026_07_27,true
sd_sddot_632E1321_v20260727,sd_sddot_632E1321,2026-07-27,,"2.0""x2.0"" Perforated Tube Post","2.0""x2.0"" Perforated Tube Post",EACH,632,sd_sddot_item_catalog_2026_07_27,true
sd_sddot_632E1325_v20260727,sd_sddot_632E1325,2026-07-27,,"Furnish 2.0""x2.0"" Perforated Tube Post","Furnish 2.0""x2.0"" Perforated Tube Post",FT,632,sd_sddot_item_catalog_2026_07_27,true
sd_sddot_632E1330_v20260727,sd_sddot_632E1330,2026-07-27,,"2.25""x2.25"" Perforated Tube Post","2.25""x2.25"" Perforated Tube Post",FT,632,sd_sddot_item_catalog_2026_07_27,true
sd_sddot_632E1335_v20260727,sd_sddot_632E1335,2026-07-27,,"Furnish 2.25""x2.25"" Perforated Tube Post","Furnish 2.25""x2.25"" Perforated Tube Post",FT,632,sd_sddot_item_catalog_2026_07_27,true
sd_sddot_632E1340_v20260727,sd_sddot_632E1340,2026-07-27,,"2.5""x2.5"" Perforated Tube Post","2.5""x2.5"" Perforated Tube Post",FT,632,sd_sddot_item_catalog_2026_07_27,true
sd_sddot_632E1341_v20260727,sd_sddot_632E1341,2026-07-27,,"2.5""x2.5"" Perforated Tube Post","2.5""x2.5"" Perforated Tube Post",EACH,632,sd_sddot_item_catalog_2026_07_27,true
sd_sddot_632E1345_v20260727,sd_sddot_632E1345,2026-07-27,,"Furnish 2.5""x2.5"" Perforated Tube Post","Furnish 2.5""x2.5"" Perforated Tube Post",FT,632,sd_sddot_item_catalog_2026_07_27,true
sd_sddot_632E1375_v20260727,sd_sddot_632E1375,2026-07-27,,"4.0""x4.0"" Tubular Post","4.0""x4.0"" Tubular Post",FT,632,sd_sddot_item_catalog_2026_07_27,true
sd_sddot_632E1410_v20260727,sd_sddot_632E1410,2026-07-27,,"3"" Diameter Steel Post, .216"" Shell","3"" Diameter Steel Post, .216"" Shell",FT,632,sd_sddot_item_catalog_2026_07_27,true
sd_sddot_632E1415_v20260727,sd_sddot_632E1415,2026-07-27,,"4"" Diameter Steel Post, .237"" Shell","4"" Diameter Steel Post, .237"" Shell",FT,632,sd_sddot_item_catalog_2026_07_27,true
sd_sddot_632E1500_v20260727,sd_sddot_632E1500,2026-07-27,,"4""x4"" Wood Post","4""x4"" Wood Post",FT,632,sd_sddot_item_catalog_2026_07_27,true
sd_sddot_632E1505_v20260727,sd_sddot_632E1505,2026-07-27,,"4""x6"" Wood Post","4""x6"" Wood Post",FT,632,sd_sddot_item_catalog_2026_07_27,true
sd_sddot_632E1510_v20260727,sd_sddot_632E1510,2026-07-27,,"6""x6"" Wood Post","6""x6"" Wood Post",FT,632,sd_sddot_item_catalog_2026_07_27,true
sd_sddot_632E1550_v20260727,sd_sddot_632E1550,2026-07-27,,Miscellaneous Post Hardware,Miscellaneous Post Hardware,L S,632,sd_sddot_item_catalog_2026_07_27,true
sd_sddot_632E1650_v20260727,sd_sddot_632E1650,2026-07-27,,No Passing Zone Reference Post,No Passing Zone Reference Post,EACH,632,sd_sddot_item_catalog_2026_07_27,true
sd_sddot_632E2000_v20260727,sd_sddot_632E2000,2026-07-27,,"4""x4"" Amber Delineator with 1.12 Lb/Ft Post","4""x4"" Amber Delineator with 1.12 Lb/Ft Post",EACH,632,sd_sddot_item_catalog_2026_07_27,true
sd_sddot_632E2002_v20260727,sd_sddot_632E2002,2026-07-27,,"4""x4"" Amber Delineator Back to Back with 1.12 Lb/Ft Post","4""x4"" Amber Delineator Back to Back with 1.12 Lb/Ft Post",EACH,632,sd_sddot_item_catalog_2026_07_27,true
sd_sddot_632E2004_v20260727,sd_sddot_632E2004,2026-07-27,,"4""x8"" Amber Delineator with 1.12 Lb/Ft Post","4""x8"" Amber Delineator with 1.12 Lb/Ft Post",EACH,632,sd_sddot_item_catalog_2026_07_27,true
sd_sddot_632E2008_v20260727,sd_sddot_632E2008,2026-07-27,,"4"" Tubular Amber Delineator with 1.12 Lb/Ft Post","4"" Tubular Amber Delineator with 1.12 Lb/Ft Post",EACH,632,sd_sddot_item_catalog_2026_07_27,true
sd_sddot_632E2012_v20260727,sd_sddot_632E2012,2026-07-27,,"4""x4"" Blue Delineator Back to Back with 1.12 Lb/Ft Post","4""x4"" Blue Delineator Back to Back with 1.12 Lb/Ft Post",EACH,632,sd_sddot_item_catalog_2026_07_27,true
sd_sddot_632E2020_v20260727,sd_sddot_632E2020,2026-07-27,,"4""x4"" White Delineator with 1.12 Lb/Ft Post","4""x4"" White Delineator with 1.12 Lb/Ft Post",EACH,632,sd_sddot_item_catalog_2026_07_27,true
sd_sddot_632E2022_v20260727,sd_sddot_632E2022,2026-07-27,,"4""x4"" White Delineator Back to Back with 1.12 Lb/Ft Post","4""x4"" White Delineator Back to Back with 1.12 Lb/Ft Post",EACH,632,sd_sddot_item_catalog_2026_07_27,true
sd_sddot_632E2024_v20260727,sd_sddot_632E2024,2026-07-27,,"4""x8"" White Delineator with 1.12 Lb/Ft Post","4""x8"" White Delineator with 1.12 Lb/Ft Post",EACH,632,sd_sddot_item_catalog_2026_07_27,true
sd_sddot_632E2028_v20260727,sd_sddot_632E2028,2026-07-27,,"4"" Tubular White Delineator with 1.12 Lb/Ft Post","4"" Tubular White Delineator with 1.12 Lb/Ft Post",EACH,632,sd_sddot_item_catalog_2026_07_27,true
sd_sddot_632E2100_v20260727,sd_sddot_632E2100,2026-07-27,,Reset Delineator,Reset Delineator,EACH,632,sd_sddot_item_catalog_2026_07_27,true
sd_sddot_632E2200_v20260727,sd_sddot_632E2200,2026-07-27,,"4""x4"" Amber Delineator Reflector","4""x4"" Amber Delineator Reflector",EACH,632,sd_sddot_item_catalog_2026_07_27,true
sd_sddot_632E2202_v20260727,sd_sddot_632E2202,2026-07-27,,"4""x8"" Amber Delineator Reflector","4""x8"" Amber Delineator Reflector",EACH,632,sd_sddot_item_catalog_2026_07_27,true
sd_sddot_632E2203_v20260727,sd_sddot_632E2203,2026-07-27,,"4"" Tubular Amber Delineator Reflector","4"" Tubular Amber Delineator Reflector",EACH,632,sd_sddot_item_catalog_2026_07_27,true
sd_sddot_632E2204_v20260727,sd_sddot_632E2204,2026-07-27,,"4""x4"" White Delineator Reflector","4""x4"" White Delineator Reflector",EACH,632,sd_sddot_item_catalog_2026_07_27,true
sd_sddot_632E2206_v20260727,sd_sddot_632E2206,2026-07-27,,"4""x8"" White Delineator Reflector","4""x8"" White Delineator Reflector",EACH,632,sd_sddot_item_catalog_2026_07_27,true
sd_sddot_632E2207_v20260727,sd_sddot_632E2207,2026-07-27,,"4"" Tubular White Delineator Reflector","4"" Tubular White Delineator Reflector",EACH,632,sd_sddot_item_catalog_2026_07_27,true
sd_sddot_632E2220_v20260727,sd_sddot_632E2220,2026-07-27,,Guardrail Delineator,Guardrail Delineator,EACH,632,sd_sddot_item_catalog_2026_07_27,true
sd_sddot_632E2300_v20260727,sd_sddot_632E2300,2026-07-27,,Deer Reflector,Deer Reflector,EACH,632,sd_sddot_item_catalog_2026_07_27,true
sd_sddot_632E2350_v20260727,sd_sddot_632E2350,2026-07-27,,Reset Deer Reflector,Reset Deer Reflector,EACH,632,sd_sddot_item_catalog_2026_07_27,true
sd_sddot_632E2400_v20260727,sd_sddot_632E2400,2026-07-27,,Single Face Barrier Reflector,Single Face Barrier Reflector,EACH,632,sd_sddot_item_catalog_2026_07_27,true
sd_sddot_632E2500_v20260727,sd_sddot_632E2500,2026-07-27,,Type 1 Yellow Object Marker,Type 1 Yellow Object Marker,EACH,632,sd_sddot_item_catalog_2026_07_27,true
sd_sddot_632E2510_v20260727,sd_sddot_632E2510,2026-07-27,,Type 2 Object Marker Back to Back,Type 2 Object Marker Back to Back,EACH,632,sd_sddot_item_catalog_2026_07_27,true
sd_sddot_632E2520_v20260727,sd_sddot_632E2520,2026-07-27,,Type 2 Object Marker,Type 2 Object Marker,EACH,632,sd_sddot_item_catalog_2026_07_27,true
sd_sddot_632E2522_v20260727,sd_sddot_632E2522,2026-07-27,,"Type 2 Object Marker, Furnish","Type 2 Object Marker, Furnish",EACH,632,sd_sddot_item_catalog_2026_07_27,true
sd_sddot_632E2530_v20260727,sd_sddot_632E2530,2026-07-27,,Type 3 Object Marker,Type 3 Object Marker,EACH,632,sd_sddot_item_catalog_2026_07_27,true
sd_sddot_632E2531_v20260727,sd_sddot_632E2531,2026-07-27,,Type 3 Flexible Object Marker Back to Back,Type 3 Flexible Object Marker Back to Back,EACH,632,sd_sddot_item_catalog_2026_07_27,true
sd_sddot_632E2532_v20260727,sd_sddot_632E2532,2026-07-27,,"Type 3 Object Marker, Furnish","Type 3 Object Marker, Furnish",EACH,632,sd_sddot_item_catalog_2026_07_27,true
sd_sddot_632E2533_v20260727,sd_sddot_632E2533,2026-07-27,,Type 3 Flexible Object Marker,Type 3 Flexible Object Marker,EACH,632,sd_sddot_item_catalog_2026_07_27,true
sd_sddot_632E2534_v20260727,sd_sddot_632E2534,2026-07-27,,"Type 3 Flexible Object Marker, Furnish","Type 3 Flexible Object Marker, Furnish",EACH,632,sd_sddot_item_catalog_2026_07_27,true
sd_sddot_632E2535_v20260727,sd_sddot_632E2535,2026-07-27,,Type 4 Object Marker,Type 4 Object Marker,EACH,632,sd_sddot_item_catalog_2026_07_27,true
sd_sddot_632E2540_v20260727,sd_sddot_632E2540,2026-07-27,,Flexible Object Marker Post,Flexible Object Marker Post,EACH,632,sd_sddot_item_catalog_2026_07_27,true
sd_sddot_632E3003_v20260727,sd_sddot_632E3003,2026-07-27,,"Aluminum Overlay Sign, Nonremovable Copy High Intensity","Aluminum Overlay Sign, Nonremovable Copy High Intensity",SQFT,632,sd_sddot_item_catalog_2026_07_27,true
sd_sddot_632E3005_v20260727,sd_sddot_632E3005,2026-07-27,,"Aluminum Overlay Sign, Nonremovable Copy Super/Very High Intensity","Aluminum Overlay Sign, Nonremovable Copy Super/Very High Intensity",SQFT,632,sd_sddot_item_catalog_2026_07_27,true
sd_sddot_632E3103_v20260727,sd_sddot_632E3103,2026-07-27,,"Extruded Aluminum Sign, Removable Copy High Intensity","Extruded Aluminum Sign, Removable Copy High Intensity",SQFT,632,sd_sddot_item_catalog_2026_07_27,true
sd_sddot_632E3105_v20260727,sd_sddot_632E3105,2026-07-27,,"Extruded Aluminum Sign, Removable Copy Super/Very High Intensity","Extruded Aluminum Sign, Removable Copy Super/Very High Intensity",SQFT,632,sd_sddot_item_catalog_2026_07_27,true
sd_sddot_632E3113_v20260727,sd_sddot_632E3113,2026-07-27,,"Extruded Aluminum Sign, Nonremovable Copy High Intensity","Extruded Aluminum Sign, Nonremovable Copy High Intensity",SQFT,632,sd_sddot_item_catalog_2026_07_27,true
sd_sddot_632E3115_v20260727,sd_sddot_632E3115,2026-07-27,,"Extruded Aluminum Sign, Nonremovable Copy Super/Very High Intensity","Extruded Aluminum Sign, Nonremovable Copy Super/Very High Intensity",SQFT,632,sd_sddot_item_catalog_2026_07_27,true
sd_sddot_632E3203_v20260727,sd_sddot_632E3203,2026-07-27,,"Flat Aluminum Sign, Nonremovable Copy High Intensity","Flat Aluminum Sign, Nonremovable Copy High Intensity",SQFT,632,sd_sddot_item_catalog_2026_07_27,true
sd_sddot_632E3205_v20260727,sd_sddot_632E3205,2026-07-27,,"Flat Aluminum Sign, Nonremovable Copy Super/Very High Intensity","Flat Aluminum Sign, Nonremovable Copy Super/Very High Intensity",SQFT,632,sd_sddot_item_catalog_2026_07_27,true
sd_sddot_632E3300_v20260727,sd_sddot_632E3300,2026-07-27,,Extruded Aluminum Sign Panel,Extruded Aluminum Sign Panel,SQFT,632,sd_sddot_item_catalog_2026_07_27,true
sd_sddot_632E3500_v20260727,sd_sddot_632E3500,2026-07-27,,Reset Sign,Reset Sign,EACH,632,sd_sddot_item_catalog_2026_07_27,true
sd_sddot_632E3520_historical,sd_sddot_632E3520,,,"Remove, Salvage, Relocate, and Reset Traffic Sign","Remove, Salvage, Relocate, and Reset Traffic Sign",EACH,632,sd_sddot_bid_tabs_2020_12_09,false
sd_sddot_632E3522_v20260727,sd_sddot_632E3522,2026-07-27,,Modify Sign Panel,Modify Sign Panel,EACH,632,sd_sddot_item_catalog_2026_07_27,true
sd_sddot_632E3525_v20260727,sd_sddot_632E3525,2026-07-27,,Install State Furnished Sign,Install State Furnished Sign,SQFT,632,sd_sddot_item_catalog_2026_07_27,true
sd_sddot_632E3526_v20260727,sd_sddot_632E3526,2026-07-27,,Install State Furnished Sign,Install State Furnished Sign,EACH,632,sd_sddot_item_catalog_2026_07_27,true
sd_sddot_632E3530_v20260727,sd_sddot_632E3530,2026-07-27,,Install State Furnished Barricade,Install State Furnished Barricade,FT,632,sd_sddot_item_catalog_2026_07_27,true
sd_sddot_632E3610_v20260727,sd_sddot_632E3610,2026-07-27,,Variable Speed Limit Sign,Variable Speed Limit Sign,EACH,632,sd_sddot_item_catalog_2026_07_27,true
sd_sddot_632E3700_v20260727,sd_sddot_632E3700,2026-07-27,,Radar Speed Sign,Radar Speed Sign,EACH,632,sd_sddot_item_catalog_2026_07_27,true
sd_sddot_632E3710_v20260727,sd_sddot_632E3710,2026-07-27,,"Radar Speed Sign, Solar Powered","Radar Speed Sign, Solar Powered",EACH,632,sd_sddot_item_catalog_2026_07_27,true
sd_sddot_632E3720_v20260727,sd_sddot_632E3720,2026-07-27,,Relocate Radar Speed Sign,Relocate Radar Speed Sign,EACH,632,sd_sddot_item_catalog_2026_07_27,true
sd_sddot_632E3750_v20260727,sd_sddot_632E3750,2026-07-27,,"36"" LED Blinker Stop Sign","36"" LED Blinker Stop Sign",EACH,632,sd_sddot_item_catalog_2026_07_27,true
sd_sddot_632E3755_v20260727,sd_sddot_632E3755,2026-07-27,,"36"" LED Blinker Warning Sign","36"" LED Blinker Warning Sign",EACH,632,sd_sddot_item_catalog_2026_07_27,true
sd_sddot_632E3800_v20260727,sd_sddot_632E3800,2026-07-27,,"48"" LED Blinker Stop Sign","48"" LED Blinker Stop Sign",EACH,632,sd_sddot_item_catalog_2026_07_27,true
sd_sddot_632E3805_v20260727,sd_sddot_632E3805,2026-07-27,,"48"" LED Blinker Warning Sign","48"" LED Blinker Warning Sign",EACH,632,sd_sddot_item_catalog_2026_07_27,true
sd_sddot_632E3900_v20260727,sd_sddot_632E3900,2026-07-27,,Digital Warning Sign,Digital Warning Sign,EACH,632,sd_sddot_item_catalog_2026_07_27,true
sd_sddot_632E4000_v20260727,sd_sddot_632E4000,2026-07-27,,Type 3 Double Sided Barricade,Type 3 Double Sided Barricade,FT,632,sd_sddot_item_catalog_2026_07_27,true
sd_sddot_632E4005_v20260727,sd_sddot_632E4005,2026-07-27,,Type 3 Single Sided Barricade,Type 3 Single Sided Barricade,FT,632,sd_sddot_item_catalog_2026_07_27,true
sd_sddot_632E4500_v20260727,sd_sddot_632E4500,2026-07-27,,Weigh Station Variable Message Sign,Weigh Station Variable Message Sign,EACH,632,sd_sddot_item_catalog_2026_07_27,true
sd_sddot_632E4600_v20260727,sd_sddot_632E4600,2026-07-27,,Dynamic Curve Warning and Guidance System,Dynamic Curve Warning and Guidance System,SITE,632,sd_sddot_item_catalog_2026_07_27,true
sd_sddot_632E5000_v20260727,sd_sddot_632E5000,2026-07-27,,Single Beam Sign Bridge,Single Beam Sign Bridge,EACH,632,sd_sddot_item_catalog_2026_07_27,true
sd_sddot_632E5010_v20260727,sd_sddot_632E5010,2026-07-27,,Double Beam Sign Bridge,Double Beam Sign Bridge,EACH,632,sd_sddot_item_catalog_2026_07_27,true
sd_sddot_632E5020_v20260727,sd_sddot_632E5020,2026-07-27,,Overhead Cantilever Sign Support,Overhead Cantilever Sign Support,EACH,632,sd_sddot_item_catalog_2026_07_27,true
sd_sddot_632E5030_v20260727,sd_sddot_632E5030,2026-07-27,,Span Wire Sign Bridge,Span Wire Sign Bridge,EACH,632,sd_sddot_item_catalog_2026_07_27,true
sd_sddot_632E5040_v20260727,sd_sddot_632E5040,2026-07-27,,Reset Sign Bridge,Reset Sign Bridge,EACH,632,sd_sddot_item_catalog_2026_07_27,true
sd_sddot_632E5045_v20260727,sd_sddot_632E5045,2026-07-27,,State Furnished Sign Bridge,State Furnished Sign Bridge,EACH,632,sd_sddot_item_catalog_2026_07_27,true
sd_sddot_632E5050_v20260727,sd_sddot_632E5050,2026-07-27,,Sign Support Structure,Sign Support Structure,L S,632,sd_sddot_item_catalog_2026_07_27,true
sd_sddot_632E5055_v20260727,sd_sddot_632E5055,2026-07-27,,Mast Arm Sign Support,Mast Arm Sign Support,EACH,632,sd_sddot_item_catalog_2026_07_27,true
sd_sddot_632E6050_v20260727,sd_sddot_632E6050,2026-07-27,,"96"" Anchor for 4.0""x4.0"" Tubular Post","96"" Anchor for 4.0""x4.0"" Tubular Post",EACH,632,sd_sddot_item_catalog_2026_07_27,true
sd_sddot_632E6100_v20260727,sd_sddot_632E6100,2026-07-27,,"Slip Base Assembly for 4.0""x4.0"" Tubular Post","Slip Base Assembly for 4.0""x4.0"" Tubular Post",EACH,632,sd_sddot_item_catalog_2026_07_27,true
sd_sddot_632E6105_v20260727,sd_sddot_632E6105,2026-07-27,,"Multi-Directional Hinge Assembly for 4.0""x4.0"" Tubular Post","Multi-Directional Hinge Assembly for 4.0""x4.0"" Tubular Post",EACH,632,sd_sddot_item_catalog_2026_07_27,true
sd_sddot_632E6110_v20260727,sd_sddot_632E6110,2026-07-27,,"4.0""x4.0"" Tubular Post Closure Cap","4.0""x4.0"" Tubular Post Closure Cap",EACH,632,sd_sddot_item_catalog_2026_07_27,true
sd_sddot_633E0010_v20260727,sd_sddot_633E0010,2026-07-27,,"Cold Applied Plastic Pavement Marking, 4""","Cold Applied Plastic Pavement Marking, 4""",FT,633,sd_sddot_item_catalog_2026_07_27,true
sd_sddot_633E0011_v20260727,sd_sddot_633E0011,2026-07-27,,"State Furnished Cold Applied Plastic Pavement Marking, 4""","State Furnished Cold Applied Plastic Pavement Marking, 4""",FT,633,sd_sddot_item_catalog_2026_07_27,true
sd_sddot_633E0015_v20260727,sd_sddot_633E0015,2026-07-27,,"Cold Applied Plastic Pavement Marking, 6""","Cold Applied Plastic Pavement Marking, 6""",FT,633,sd_sddot_item_catalog_2026_07_27,true
sd_sddot_633E0019_v20260727,sd_sddot_633E0019,2026-07-27,,"Cold Applied Plastic Pavement Marking, 4"" with Contrast Border","Cold Applied Plastic Pavement Marking, 4"" with Contrast Border",FT,633,sd_sddot_item_catalog_2026_07_27,true
sd_sddot_633E0020_v20260727,sd_sddot_633E0020,2026-07-27,,"Cold Applied Plastic Pavement Marking, 8""","Cold Applied Plastic Pavement Marking, 8""",FT,633,sd_sddot_item_catalog_2026_07_27,true
sd_sddot_633E0021_v20260727,sd_sddot_633E0021,2026-07-27,,"Cold Applied Plastic Pavement Marking, 8"" with Contrast Border","Cold Applied Plastic Pavement Marking, 8"" with Contrast Border",FT,633,sd_sddot_item_catalog_2026_07_27,true
sd_sddot_633E0025_v20260727,sd_sddot_633E0025,2026-07-27,,"Cold Applied Plastic Pavement Marking, 12""","Cold Applied Plastic Pavement Marking, 12""",FT,633,sd_sddot_item_catalog_2026_07_27,true
sd_sddot_633E0030_v20260727,sd_sddot_633E0030,2026-07-27,,"Cold Applied Plastic Pavement Marking, 24""","Cold Applied Plastic Pavement Marking, 24""",FT,633,sd_sddot_item_catalog_2026_07_27,true
sd_sddot_633E0035_v20260727,sd_sddot_633E0035,2026-07-27,,"Cold Applied Plastic Pavement Marking, Area","Cold Applied Plastic Pavement Marking, Area",SQFT,633,sd_sddot_item_catalog_2026_07_27,true
sd_sddot_633E0040_v20260727,sd_sddot_633E0040,2026-07-27,,"Cold Applied Plastic Pavement Marking, Arrow","Cold Applied Plastic Pavement Marking, Arrow",EACH,633,sd_sddot_item_catalog_2026_07_27,true
sd_sddot_633E0045_v20260727,sd_sddot_633E0045,2026-07-27,,"Cold Applied Plastic Pavement Marking, Combination Arrow","Cold Applied Plastic Pavement Marking, Combination Arrow",EACH,633,sd_sddot_item_catalog_2026_07_27,true
sd_sddot_633E0046_v20260727,sd_sddot_633E0046,2026-07-27,,"Cold Applied Plastic Pavement Marking, Lane Reduction Arrow","Cold Applied Plastic Pavement Marking, Lane Reduction Arrow",EACH,633,sd_sddot_item_catalog_2026_07_27,true
sd_sddot_633E0050_v20260727,sd_sddot_633E0050,2026-07-27,,"Cold Applied Plastic Pavement Marking, Message","Cold Applied Plastic Pavement Marking, Message",WORD,633,sd_sddot_item_catalog_2026_07_27,true
sd_sddot_633E0055_v20260727,sd_sddot_633E0055,2026-07-27,,"Cold Applied Plastic Pavement Marking, Railroad Crossing","Cold Applied Plastic Pavement Marking, Railroad Crossing",EACH,633,sd_sddot_item_catalog_2026_07_27,true
sd_sddot_633E0062_v20260727,sd_sddot_633E0062,2026-07-27,,"Cold Applied Plastic Pavement Marking, Symbol","Cold Applied Plastic Pavement Marking, Symbol",EACH,633,sd_sddot_item_catalog_2026_07_27,true
sd_sddot_633E0210_v20260727,sd_sddot_633E0210,2026-07-27,,"Preformed Thermoplastic Pavement Marking, 4""","Preformed Thermoplastic Pavement Marking, 4""",FT,633,sd_sddot_item_catalog_2026_07_27,true
sd_sddot_633E0211_v20260727,sd_sddot_633E0211,2026-07-27,,"Preformed Thermoplastic Pavement Marking, 4"" with Contrast Border","Preformed Thermoplastic Pavement Marking, 4"" with Contrast Border",FT,633,sd_sddot_item_catalog_2026_07_27,true
sd_sddot_633E0215_v20260727,sd_sddot_633E0215,2026-07-27,,"Preformed Thermoplastic Pavement Marking, 8""","Preformed Thermoplastic Pavement Marking, 8""",FT,633,sd_sddot_item_catalog_2026_07_27,true
sd_sddot_633E0216_v20260727,sd_sddot_633E0216,2026-07-27,,"Preformed Thermoplastic Pavement Marking, 8"" with Contrast Border","Preformed Thermoplastic Pavement Marking, 8"" with Contrast Border",FT,633,sd_sddot_item_catalog_2026_07_27,true
sd_sddot_633E0220_v20260727,sd_sddot_633E0220,2026-07-27,,"Preformed Thermoplastic Pavement Marking, 12""","Preformed Thermoplastic Pavement Marking, 12""",FT,633,sd_sddot_item_catalog_2026_07_27,true
sd_sddot_633E0225_v20260727,sd_sddot_633E0225,2026-07-27,,"Preformed Thermoplastic Pavement Marking, 24""","Preformed Thermoplastic Pavement Marking, 24""",FT,633,sd_sddot_item_catalog_2026_07_27,true
sd_sddot_633E0230_v20260727,sd_sddot_633E0230,2026-07-27,,"Preformed Thermoplastic Pavement Marking, Area","Preformed Thermoplastic Pavement Marking, Area",SQFT,633,sd_sddot_item_catalog_2026_07_27,true
sd_sddot_633E0235_v20260727,sd_sddot_633E0235,2026-07-27,,"Preformed Thermoplastic Pavement Marking, Arrow","Preformed Thermoplastic Pavement Marking, Arrow",EACH,633,sd_sddot_item_catalog_2026_07_27,true
sd_sddot_633E0240_v20260727,sd_sddot_633E0240,2026-07-27,,"Preformed Thermoplastic Pavement Marking, Combination Arrow","Preformed Thermoplastic Pavement Marking, Combination Arrow",EACH,633,sd_sddot_item_catalog_2026_07_27,true
sd_sddot_633E0241_v20260727,sd_sddot_633E0241,2026-07-27,,"Preformed Thermoplastic Pavement Marking, Lane Reduction Arrow","Preformed Thermoplastic Pavement Marking, Lane Reduction Arrow",EACH,633,sd_sddot_item_catalog_2026_07_27,true
sd_sddot_633E0245_v20260727,sd_sddot_633E0245,2026-07-27,,"Preformed Thermoplastic Pavement Marking, Message","Preformed Thermoplastic Pavement Marking, Message",WORD,633,sd_sddot_item_catalog_2026_07_27,true
sd_sddot_633E0250_v20260727,sd_sddot_633E0250,2026-07-27,,"Preformed Thermoplastic Pavement Marking, Railroad Crossing","Preformed Thermoplastic Pavement Marking, Railroad Crossing",EACH,633,sd_sddot_item_catalog_2026_07_27,true
sd_sddot_633E0255_v20260727,sd_sddot_633E0255,2026-07-27,,"Preformed Thermoplastic Pavement Marking, Symbol","Preformed Thermoplastic Pavement Marking, Symbol",EACH,633,sd_sddot_item_catalog_2026_07_27,true
sd_sddot_633E1000_v20260727,sd_sddot_633E1000,2026-07-27,,"Epoxy Pavement Marking Paint, White","Epoxy Pavement Marking Paint, White",GAL,633,sd_sddot_item_catalog_2026_07_27,true
sd_sddot_633E1005_v20260727,sd_sddot_633E1005,2026-07-27,,"Epoxy Pavement Marking Paint, Yellow","Epoxy Pavement Marking Paint, Yellow",GAL,633,sd_sddot_item_catalog_2026_07_27,true
sd_sddot_633E1010_v20260727,sd_sddot_633E1010,2026-07-27,,"State Furnished Epoxy Pavement Marking Paint, White","State Furnished Epoxy Pavement Marking Paint, White",FT,633,sd_sddot_item_catalog_2026_07_27,true
sd_sddot_633E1015_v20260727,sd_sddot_633E1015,2026-07-27,,"State Furnished Epoxy Pavement Marking Paint, Yellow","State Furnished Epoxy Pavement Marking Paint, Yellow",FT,633,sd_sddot_item_catalog_2026_07_27,true
sd_sddot_633E1100_v20260727,sd_sddot_633E1100,2026-07-27,,"Epoxy Pavement Marking Paint, 4"" White","Epoxy Pavement Marking Paint, 4"" White",FT,633,sd_sddot_item_catalog_2026_07_27,true
sd_sddot_633E1105_v20260727,sd_sddot_633E1105,2026-07-27,,"Epoxy Pavement Marking Paint, 4"" Yellow","Epoxy Pavement Marking Paint, 4"" Yellow",FT,633,sd_sddot_item_catalog_2026_07_27,true
sd_sddot_633E1110_v20260727,sd_sddot_633E1110,2026-07-27,,"Epoxy Pavement Marking Paint, 8"" White","Epoxy Pavement Marking Paint, 8"" White",FT,633,sd_sddot_item_catalog_2026_07_27,true
sd_sddot_633E1115_v20260727,sd_sddot_633E1115,2026-07-27,,"Epoxy Pavement Marking Paint, 8"" Yellow","Epoxy Pavement Marking Paint, 8"" Yellow",FT,633,sd_sddot_item_catalog_2026_07_27,true
sd_sddot_633E1120_v20260727,sd_sddot_633E1120,2026-07-27,,"Epoxy Pavement Marking Paint, 12"" White","Epoxy Pavement Marking Paint, 12"" White",FT,633,sd_sddot_item_catalog_2026_07_27,true
sd_sddot_633E1125_v20260727,sd_sddot_633E1125,2026-07-27,,"Epoxy Pavement Marking Paint, 12"" Yellow","Epoxy Pavement Marking Paint, 12"" Yellow",FT,633,sd_sddot_item_catalog_2026_07_27,true
sd_sddot_633E1130_v20260727,sd_sddot_633E1130,2026-07-27,,"Epoxy Pavement Marking Paint, 24"" White","Epoxy Pavement Marking Paint, 24"" White",FT,633,sd_sddot_item_catalog_2026_07_27,true
sd_sddot_633E1135_v20260727,sd_sddot_633E1135,2026-07-27,,"Epoxy Pavement Marking Paint, 24"" Yellow","Epoxy Pavement Marking Paint, 24"" Yellow",FT,633,sd_sddot_item_catalog_2026_07_27,true
sd_sddot_633E1145_v20260727,sd_sddot_633E1145,2026-07-27,,"Epoxy Pavement Marking Paint, Arrow","Epoxy Pavement Marking Paint, Arrow",EACH,633,sd_sddot_item_catalog_2026_07_27,true
sd_sddot_633E1200_v20260727,sd_sddot_633E1200,2026-07-27,,"High Build Waterborne Pavement Marking Paint, White","High Build Waterborne Pavement Marking Paint, White",GAL,633,sd_sddot_item_catalog_2026_07_27,true
sd_sddot_633E1201_v20260727,sd_sddot_633E1201,2026-07-27,,"High Build Waterborne Pavement Marking Paint with Reflective Elements, White","High Build Waterborne Pavement Marking Paint with Reflective Elements, White",GAL,633,sd_sddot_item_catalog_2026_07_27,true
sd_sddot_633E1205_v20260727,sd_sddot_633E1205,2026-07-27,,"High Build Waterborne Pavement Marking Paint, Yellow","High Build Waterborne Pavement Marking Paint, Yellow",GAL,633,sd_sddot_item_catalog_2026_07_27,true
sd_sddot_633E1206_v20260727,sd_sddot_633E1206,2026-07-27,,"High Build Waterborne Pavement Marking Paint with Reflective Elements, Yellow","High Build Waterborne Pavement Marking Paint with Reflective Elements, Yellow",GAL,633,sd_sddot_item_catalog_2026_07_27,true
sd_sddot_633E1220_v20260727,sd_sddot_633E1220,2026-07-27,,"High Build Waterborne Pavement Marking Paint, 4"" White","High Build Waterborne Pavement Marking Paint, 4"" White",FT,633,sd_sddot_item_catalog_2026_07_27,true
sd_sddot_633E1222_v20260727,sd_sddot_633E1222,2026-07-27,,"High Build Waterborne Pavement Marking Paint, 4"" Yellow","High Build Waterborne Pavement Marking Paint, 4"" Yellow",FT,633,sd_sddot_item_catalog_2026_07_27,true
sd_sddot_633E1230_v20260727,sd_sddot_633E1230,2026-07-27,,"High Build Waterborne Pavement Marking Paint, 6"" White","High Build Waterborne Pavement Marking Paint, 6"" White",FT,633,sd_sddot_item_catalog_2026_07_27,true
sd_sddot_633E1232_v20260727,sd_sddot_633E1232,2026-07-27,,"High Build Waterborne Pavement Marking Paint, 6"" Yellow","High Build Waterborne Pavement Marking Paint, 6"" Yellow",FT,633,sd_sddot_item_catalog_2026_07_27,true
sd_sddot_633E1240_v20260727,sd_sddot_633E1240,2026-07-27,,"High Build Waterborne Pavement Marking Paint, 8"" White","High Build Waterborne Pavement Marking Paint, 8"" White",FT,633,sd_sddot_item_catalog_2026_07_27,true
sd_sddot_633E1242_v20260727,sd_sddot_633E1242,2026-07-27,,"High Build Waterborne Pavement Marking Paint, 8"" Yellow","High Build Waterborne Pavement Marking Paint, 8"" Yellow",FT,633,sd_sddot_item_catalog_2026_07_27,true
sd_sddot_633E1250_v20260727,sd_sddot_633E1250,2026-07-27,,"High Build Waterborne Pavement Marking Paint, 12"" White","High Build Waterborne Pavement Marking Paint, 12"" White",FT,633,sd_sddot_item_catalog_2026_07_27,true
sd_sddot_633E1252_v20260727,sd_sddot_633E1252,2026-07-27,,"High Build Waterborne Pavement Marking Paint, 12"" Yellow","High Build Waterborne Pavement Marking Paint, 12"" Yellow",FT,633,sd_sddot_item_catalog_2026_07_27,true
sd_sddot_633E1260_v20260727,sd_sddot_633E1260,2026-07-27,,"High Build Waterborne Pavement Marking Paint, 24"" White","High Build Waterborne Pavement Marking Paint, 24"" White",FT,633,sd_sddot_item_catalog_2026_07_27,true
sd_sddot_633E1262_v20260727,sd_sddot_633E1262,2026-07-27,,"High Build Waterborne Pavement Marking Paint, 24"" Yellow","High Build Waterborne Pavement Marking Paint, 24"" Yellow",FT,633,sd_sddot_item_catalog_2026_07_27,true
sd_sddot_633E1270_v20260727,sd_sddot_633E1270,2026-07-27,,"High Build Waterborne Pavement Marking Paint, Area","High Build Waterborne Pavement Marking Paint, Area",SQFT,633,sd_sddot_item_catalog_2026_07_27,true
sd_sddot_633E1272_v20260727,sd_sddot_633E1272,2026-07-27,,"High Build Waterborne Pavement Marking Paint, Arrow","High Build Waterborne Pavement Marking Paint, Arrow",EACH,633,sd_sddot_item_catalog_2026_07_27,true
sd_sddot_633E1278_v20260727,sd_sddot_633E1278,2026-07-27,,"High Build Waterborne Pavement Marking Paint, Combination Arrow","High Build Waterborne Pavement Marking Paint, Combination Arrow",EACH,633,sd_sddot_item_catalog_2026_07_27,true
sd_sddot_633E1280_v20260727,sd_sddot_633E1280,2026-07-27,,"High Build Waterborne Pavement Marking Paint, Lane Reduction Arrow","High Build Waterborne Pavement Marking Paint, Lane Reduction Arrow",EACH,633,sd_sddot_item_catalog_2026_07_27,true
sd_sddot_633E1286_v20260727,sd_sddot_633E1286,2026-07-27,,"High Build Waterborne Pavement Marking Paint, Message","High Build Waterborne Pavement Marking Paint, Message",EACH,633,sd_sddot_item_catalog_2026_07_27,true
sd_sddot_633E1288_v20260727,sd_sddot_633E1288,2026-07-27,,"High Build Waterborne Pavement Marking Paint, Symbol","High Build Waterborne Pavement Marking Paint, Symbol",EACH,633,sd_sddot_item_catalog_2026_07_27,true
sd_sddot_633E1290_v20260727,sd_sddot_633E1290,2026-07-27,,"High Build Waterborne Pavement Marking Paint, Railroad Crossing","High Build Waterborne Pavement Marking Paint, Railroad Crossing",EACH,633,sd_sddot_item_catalog_2026_07_27,true
sd_sddot_633E1300_historical,sd_sddot_633E1300,,,"Pavement Marking Paint, White","Pavement Marking Paint, White",GAL,633,sd_sddot_bid_tabs_2020_12_02,false
sd_sddot_633E1305_historical,sd_sddot_633E1305,,,"Pavement Marking Paint, Yellow","Pavement Marking Paint, Yellow",GAL,633,sd_sddot_bid_tabs_2021_01_20,false
sd_sddot_633E1400_historical,sd_sddot_633E1400,,,"Pavement Marking Paint, 4"" White","Pavement Marking Paint, 4"" White",FT,633,sd_sddot_bid_tabs_2021_10_20,false
sd_sddot_633E1405_historical,sd_sddot_633E1405,,,"Pavement Marking Paint, 4"" Yellow","Pavement Marking Paint, 4"" Yellow",FT,633,sd_sddot_bid_tabs_2021_10_20,false
sd_sddot_633E1410_historical,sd_sddot_633E1410,,,"Pavement Marking Paint, 8"" White","Pavement Marking Paint, 8"" White",FT,633,sd_sddot_bid_tabs_2019_04_10,false
sd_sddot_633E1425_historical,sd_sddot_633E1425,,,"Pavement Marking Paint, 12"" Yellow","Pavement Marking Paint, 12"" Yellow",FT,633,sd_sddot_bid_tabs_2020_04_01,false
sd_sddot_633E1430_historical,sd_sddot_633E1430,,,"Pavement Marking Paint, 24"" White","Pavement Marking Paint, 24"" White",FT,633,sd_sddot_bid_tabs_2020_09_02,false
sd_sddot_633E1435_historical,sd_sddot_633E1435,,,"Pavement Marking Paint, 24"" Yellow","Pavement Marking Paint, 24"" Yellow",FT,633,sd_sddot_bid_tabs_2020_09_02,false
sd_sddot_633E1440_historical,sd_sddot_633E1440,,,"Pavement Marking Paint, Area","Pavement Marking Paint, Area",SQFT,633,sd_sddot_bid_tabs_2020_04_15,false
sd_sddot_633E1445_historical,sd_sddot_633E1445,,,"Pavement Marking Paint, Arrow","Pavement Marking Paint, Arrow",EACH,633,sd_sddot_bid_tabs_2020_09_02,false
sd_sddot_633E1450_historical,sd_sddot_633E1450,,,"Pavement Marking Paint, Combination Arrow","Pavement Marking Paint, Combination Arrow",EACH,633,sd_sddot_bid_tabs_2020_09_02,false
sd_sddot_633E1452_historical,sd_sddot_633E1452,,,"Pavement Marking Paint, Lane Reduction Arrow","Pavement Marking Paint, Lane Reduction Arrow",EACH,633,sd_sddot_bid_tabs_2019_02_06,false
sd_sddot_633E1460_historical,sd_sddot_633E1460,,,"Pavement Marking Paint, Symbol","Pavement Marking Paint, Symbol",EACH,633,sd_sddot_bid_tabs_2020_02_05,false
sd_sddot_633E1500_v20260727,sd_sddot_633E1500,2026-07-27,,"Methyl Methacrylate Pavement Marking, 4"" White","Methyl Methacrylate Pavement Marking, 4"" White",FT,633,sd_sddot_item_catalog_2026_07_27,true
sd_sddot_633E1505_v20260727,sd_sddot_633E1505,2026-07-27,,"Methyl Methacrylate Pavement Marking, 4"" Yellow","Methyl Methacrylate Pavement Marking, 4"" Yellow",FT,633,sd_sddot_item_catalog_2026_07_27,true
sd_sddot_633E1530_v20260727,sd_sddot_633E1530,2026-07-27,,"Methyl Methacrylate Pavement Marking, 24"" White","Methyl Methacrylate Pavement Marking, 24"" White",FT,633,sd_sddot_item_catalog_2026_07_27,true
sd_sddot_633E1535_v20260727,sd_sddot_633E1535,2026-07-27,,"Methyl Methacrylate Pavement Marking, 24"" Yellow","Methyl Methacrylate Pavement Marking, 24"" Yellow",FT,633,sd_sddot_item_catalog_2026_07_27,true
sd_sddot_633E3000_v20260727,sd_sddot_633E3000,2026-07-27,,"Durable Pavement Marking, 4"" White","Durable Pavement Marking, 4"" White",FT,633,sd_sddot_item_catalog_2026_07_27,true
sd_sddot_633E3005_v20260727,sd_sddot_633E3005,2026-07-27,,"Durable Pavement Marking, 4"" Yellow","Durable Pavement Marking, 4"" Yellow",FT,633,sd_sddot_item_catalog_2026_07_27,true
sd_sddot_633E3007_v20260727,sd_sddot_633E3007,2026-07-27,,"Durable Pavement Marking, 6"" White","Durable Pavement Marking, 6"" White",FT,633,sd_sddot_item_catalog_2026_07_27,true
sd_sddot_633E3008_v20260727,sd_sddot_633E3008,2026-07-27,,"Durable Pavement Marking, 6"" Yellow","Durable Pavement Marking, 6"" Yellow",FT,633,sd_sddot_item_catalog_2026_07_27,true
sd_sddot_633E3010_v20260727,sd_sddot_633E3010,2026-07-27,,"Durable Pavement Marking, 8"" White","Durable Pavement Marking, 8"" White",FT,633,sd_sddot_item_catalog_2026_07_27,true
sd_sddot_633E3015_v20260727,sd_sddot_633E3015,2026-07-27,,"Durable Pavement Marking, 8"" Yellow","Durable Pavement Marking, 8"" Yellow",FT,633,sd_sddot_item_catalog_2026_07_27,true
sd_sddot_633E3020_v20260727,sd_sddot_633E3020,2026-07-27,,"Durable Pavement Marking, 12"" White","Durable Pavement Marking, 12"" White",FT,633,sd_sddot_item_catalog_2026_07_27,true
sd_sddot_633E3025_v20260727,sd_sddot_633E3025,2026-07-27,,"Durable Pavement Marking, 12"" Yellow","Durable Pavement Marking, 12"" Yellow",FT,633,sd_sddot_item_catalog_2026_07_27,true
sd_sddot_633E3030_v20260727,sd_sddot_633E3030,2026-07-27,,"Durable Pavement Marking, 24"" White","Durable Pavement Marking, 24"" White",FT,633,sd_sddot_item_catalog_2026_07_27,true
sd_sddot_633E3035_v20260727,sd_sddot_633E3035,2026-07-27,,"Durable Pavement Marking, 24"" Yellow","Durable Pavement Marking, 24"" Yellow",FT,633,sd_sddot_item_catalog_2026_07_27,true
sd_sddot_633E3040_v20260727,sd_sddot_633E3040,2026-07-27,,"Durable Pavement Marking, Area","Durable Pavement Marking, Area",SQFT,633,sd_sddot_item_catalog_2026_07_27,true
sd_sddot_633E3045_v20260727,sd_sddot_633E3045,2026-07-27,,"Durable Pavement Marking, Arrow","Durable Pavement Marking, Arrow",EACH,633,sd_sddot_item_catalog_2026_07_27,true
sd_sddot_633E3050_v20260727,sd_sddot_633E3050,2026-07-27,,"Durable Pavement Marking, Combination Arrow","Durable Pavement Marking, Combination Arrow",EACH,633,sd_sddot_item_catalog_2026_07_27,true
sd_sddot_633E3055_v20260727,sd_sddot_633E3055,2026-07-27,,"Durable Pavement Marking, Lane Reduction Arrow","Durable Pavement Marking, Lane Reduction Arrow",EACH,633,sd_sddot_item_catalog_2026_07_27,true
sd_sddot_633E3060_v20260727,sd_sddot_633E3060,2026-07-27,,"Durable Pavement Marking, Message","Durable Pavement Marking, Message",WORD,633,sd_sddot_item_catalog_2026_07_27,true
sd_sddot_633E3065_v20260727,sd_sddot_633E3065,2026-07-27,,"Durable Pavement Marking, Symbol","Durable Pavement Marking, Symbol",EACH,633,sd_sddot_item_catalog_2026_07_27,true
sd_sddot_633E3070_v20260727,sd_sddot_633E3070,2026-07-27,,"Durable Pavement Marking, Railroad Crossing","Durable Pavement Marking, Railroad Crossing",EACH,633,sd_sddot_item_catalog_2026_07_27,true
sd_sddot_633E5000_v20260727,sd_sddot_633E5000,2026-07-27,,"Grooving for Cold Applied Plastic Pavement Marking, 4""","Grooving for Cold Applied Plastic Pavement Marking, 4""",FT,633,sd_sddot_item_catalog_2026_07_27,true
sd_sddot_633E5002_v20260727,sd_sddot_633E5002,2026-07-27,,"Grooving for Cold Applied Plastic Pavement Marking, 6""","Grooving for Cold Applied Plastic Pavement Marking, 6""",FT,633,sd_sddot_item_catalog_2026_07_27,true
sd_sddot_633E5004_v20260727,sd_sddot_633E5004,2026-07-27,,"Grooving for Cold Applied Plastic Pavement Marking, 4"" with Contrast Border","Grooving for Cold Applied Plastic Pavement Marking, 4"" with Contrast Border",FT,633,sd_sddot_item_catalog_2026_07_27,true
sd_sddot_633E5005_v20260727,sd_sddot_633E5005,2026-07-27,,"Grooving for Cold Applied Plastic Pavement Marking, 8""","Grooving for Cold Applied Plastic Pavement Marking, 8""",FT,633,sd_sddot_item_catalog_2026_07_27,true
sd_sddot_633E5008_v20260727,sd_sddot_633E5008,2026-07-27,,"Grooving for Cold Applied Plastic Pavement Marking, 8"" with Contrast Border","Grooving for Cold Applied Plastic Pavement Marking, 8"" with Contrast Border",FT,633,sd_sddot_item_catalog_2026_07_27,true
sd_sddot_633E5010_v20260727,sd_sddot_633E5010,2026-07-27,,"Grooving for Cold Applied Plastic Pavement Marking, 12""","Grooving for Cold Applied Plastic Pavement Marking, 12""",FT,633,sd_sddot_item_catalog_2026_07_27,true
sd_sddot_633E5015_v20260727,sd_sddot_633E5015,2026-07-27,,"Grooving for Cold Applied Plastic Pavement Marking, 24""","Grooving for Cold Applied Plastic Pavement Marking, 24""",FT,633,sd_sddot_item_catalog_2026_07_27,true
sd_sddot_633E5020_v20260727,sd_sddot_633E5020,2026-07-27,,"Grooving for Cold Applied Plastic Pavement Marking, Area","Grooving for Cold Applied Plastic Pavement Marking, Area",SQFT,633,sd_sddot_item_catalog_2026_07_27,true
sd_sddot_633E5025_v20260727,sd_sddot_633E5025,2026-07-27,,"Grooving for Cold Applied Plastic Pavement Marking, Arrow","Grooving for Cold Applied Plastic Pavement Marking, Arrow",EACH,633,sd_sddot_item_catalog_2026_07_27,true
sd_sddot_633E5030_v20260727,sd_sddot_633E5030,2026-07-27,,"Grooving for Cold Applied Plastic Pavement Marking, Combination Arrow","Grooving for Cold Applied Plastic Pavement Marking, Combination Arrow",EACH,633,sd_sddot_item_catalog_2026_07_27,true
sd_sddot_633E5031_v20260727,sd_sddot_633E5031,2026-07-27,,"Grooving for Cold Applied Plastic Pavement Marking, Lane Reduction Arrow","Grooving for Cold Applied Plastic Pavement Marking, Lane Reduction Arrow",EACH,633,sd_sddot_item_catalog_2026_07_27,true
sd_sddot_633E5035_v20260727,sd_sddot_633E5035,2026-07-27,,"Grooving for Cold Applied Plastic Pavement Marking, Message","Grooving for Cold Applied Plastic Pavement Marking, Message",WORD,633,sd_sddot_item_catalog_2026_07_27,true
sd_sddot_633E5037_v20260727,sd_sddot_633E5037,2026-07-27,,"Grooving for Cold Applied Plastic Pavement Marking, Symbol","Grooving for Cold Applied Plastic Pavement Marking, Symbol",EACH,633,sd_sddot_item_catalog_2026_07_27,true
sd_sddot_633E5040_v20260727,sd_sddot_633E5040,2026-07-27,,"Grooving for Cold Applied Plastic Pavement Marking, Railroad Crossing","Grooving for Cold Applied Plastic Pavement Marking, Railroad Crossing",EACH,633,sd_sddot_item_catalog_2026_07_27,true
sd_sddot_633E5050_v20260727,sd_sddot_633E5050,2026-07-27,,Surface Preparation for Pavement Marking,Surface Preparation for Pavement Marking,FT,633,sd_sddot_item_catalog_2026_07_27,true
sd_sddot_633E5051_v20260727,sd_sddot_633E5051,2026-07-27,,Surface Preparation for Pavement Marking,Surface Preparation for Pavement Marking,SQFT,633,sd_sddot_item_catalog_2026_07_27,true
sd_sddot_633E5052_v20260727,sd_sddot_633E5052,2026-07-27,,Surface Preparation for Pavement Marking,Surface Preparation for Pavement Marking,EACH,633,sd_sddot_item_catalog_2026_07_27,true
sd_sddot_633E5100_v20260727,sd_sddot_633E5100,2026-07-27,,"Grooving for Durable Pavement Marking, 4""","Grooving for Durable Pavement Marking, 4""",FT,633,sd_sddot_item_catalog_2026_07_27,true
sd_sddot_633E5102_v20260727,sd_sddot_633E5102,2026-07-27,,"Grooving for Durable Pavement Marking, 6""","Grooving for Durable Pavement Marking, 6""",FT,633,sd_sddot_item_catalog_2026_07_27,true
sd_sddot_633E5105_v20260727,sd_sddot_633E5105,2026-07-27,,"Grooving for Durable Pavement Marking, 8""","Grooving for Durable Pavement Marking, 8""",FT,633,sd_sddot_item_catalog_2026_07_27,true
sd_sddot_633E5110_v20260727,sd_sddot_633E5110,2026-07-27,,"Grooving for Durable Pavement Marking, 12""","Grooving for Durable Pavement Marking, 12""",FT,633,sd_sddot_item_catalog_2026_07_27,true
sd_sddot_633E5115_v20260727,sd_sddot_633E5115,2026-07-27,,"Grooving for Durable Pavement Marking, 24""","Grooving for Durable Pavement Marking, 24""",FT,633,sd_sddot_item_catalog_2026_07_27,true
sd_sddot_633E5120_v20260727,sd_sddot_633E5120,2026-07-27,,"Grooving for Durable Pavement Marking, Area","Grooving for Durable Pavement Marking, Area",SQFT,633,sd_sddot_item_catalog_2026_07_27,true
sd_sddot_633E5125_v20260727,sd_sddot_633E5125,2026-07-27,,"Grooving for Durable Pavement Marking, Arrow","Grooving for Durable Pavement Marking, Arrow",EACH,633,sd_sddot_item_catalog_2026_07_27,true
sd_sddot_633E5130_v20260727,sd_sddot_633E5130,2026-07-27,,"Grooving for Durable Pavement Marking, Combination Arrow","Grooving for Durable Pavement Marking, Combination Arrow",EACH,633,sd_sddot_item_catalog_2026_07_27,true
sd_sddot_633E5131_v20260727,sd_sddot_633E5131,2026-07-27,,"Grooving for Durable Pavement Marking, Lane Reduction Arrow","Grooving for Durable Pavement Marking, Lane Reduction Arrow",EACH,633,sd_sddot_item_catalog_2026_07_27,true
sd_sddot_633E5135_v20260727,sd_sddot_633E5135,2026-07-27,,"Grooving for Durable Pavement Marking, Message","Grooving for Durable Pavement Marking, Message",WORD,633,sd_sddot_item_catalog_2026_07_27,true
sd_sddot_633E5137_v20260727,sd_sddot_633E5137,2026-07-27,,"Grooving for Durable Pavement Marking, Symbol","Grooving for Durable Pavement Marking, Symbol",EACH,633,sd_sddot_item_catalog_2026_07_27,true
sd_sddot_633E5140_v20260727,sd_sddot_633E5140,2026-07-27,,"Grooving for Durable Pavement Marking, Railroad Crossing","Grooving for Durable Pavement Marking, Railroad Crossing",EACH,633,sd_sddot_item_catalog_2026_07_27,true
sd_sddot_633E6005_v20260727,sd_sddot_633E6005,2026-07-27,,"Pavement Marking Masking, 5""","Pavement Marking Masking, 5""",FT,633,sd_sddot_item_catalog_2026_07_27,true
sd_sddot_633E6010_v20260727,sd_sddot_633E6010,2026-07-27,,"Pavement Marking Masking, 9""","Pavement Marking Masking, 9""",FT,633,sd_sddot_item_catalog_2026_07_27,true
sd_sddot_633E6015_v20260727,sd_sddot_633E6015,2026-07-27,,"Pavement Marking Masking, 13""","Pavement Marking Masking, 13""",FT,633,sd_sddot_item_catalog_2026_07_27,true
sd_sddot_633E6020_v20260727,sd_sddot_633E6020,2026-07-27,,"Pavement Marking Masking, 25""","Pavement Marking Masking, 25""",FT,633,sd_sddot_item_catalog_2026_07_27,true
sd_sddot_633E6025_v20260727,sd_sddot_633E6025,2026-07-27,,"Pavement Marking Masking, Area","Pavement Marking Masking, Area",SQFT,633,sd_sddot_item_catalog_2026_07_27,true
sd_sddot_633E6030_v20260727,sd_sddot_633E6030,2026-07-27,,"Pavement Marking Masking, Arrow","Pavement Marking Masking, Arrow",EACH,633,sd_sddot_item_catalog_2026_07_27,true
sd_sddot_633E6035_v20260727,sd_sddot_633E6035,2026-07-27,,"Pavement Marking Masking, Combination Arrow","Pavement Marking Masking, Combination Arrow",EACH,633,sd_sddot_item_catalog_2026_07_27,true
sd_sddot_633E6036_v20260727,sd_sddot_633E6036,2026-07-27,,"Pavement Marking Masking, Lane Reduction Arrow","Pavement Marking Masking, Lane Reduction Arrow",EACH,633,sd_sddot_item_catalog_2026_07_27,true
sd_sddot_633E6040_v20260727,sd_sddot_633E6040,2026-07-27,,"Pavement Marking Masking, Message","Pavement Marking Masking, Message",WORD,633,sd_sddot_item_catalog_2026_07_27,true
sd_sddot_633E6045_v20260727,sd_sddot_633E6045,2026-07-27,,"Pavement Marking Masking, Railroad Crossing","Pavement Marking Masking, Railroad Crossing",EACH,633,sd_sddot_item_catalog_2026_07_27,true
sd_sddot_633E6050_v20260727,sd_sddot_633E6050,2026-07-27,,"Pavement Marking Masking, Symbol","Pavement Marking Masking, Symbol",EACH,633,sd_sddot_item_catalog_2026_07_27,true
sd_sddot_633E8000_v20260727,sd_sddot_633E8000,2026-07-27,,Curb Painting,Curb Painting,FT,633,sd_sddot_item_catalog_2026_07_27,true
sd_sddot_633E9000_v20260727,sd_sddot_633E9000,2026-07-27,,Runway and Taxiway Painting,Runway and Taxiway Painting,L S,633,sd_sddot_item_catalog_2026_07_27,true
sd_sddot_633E9200_v20260727,sd_sddot_633E9200,2026-07-27,,Mobile Retroreflectometer Measurements,Mobile Retroreflectometer Measurements,MILE,633,sd_sddot_item_catalog_2026_07_27,true
sd_sddot_634E0010_v20260727,sd_sddot_634E0010,2026-07-27,,Flagging,Flagging,HOUR,634,sd_sddot_item_catalog_2026_07_27,true
sd_sddot_634E0015_v20260727,sd_sddot_634E0015,2026-07-27,,Automated Flagger Assistance Devices,Automated Flagger Assistance Devices,UNIT,634,sd_sddot_item_catalog_2026_07_27,true
sd_sddot_634E0020_v20260727,sd_sddot_634E0020,2026-07-27,,Pilot Car,Pilot Car,HOUR,634,sd_sddot_item_catalog_2026_07_27,true
sd_sddot_634E0050_v20260727,sd_sddot_634E0050,2026-07-27,,Traffic Control for Alternate Bidding,Traffic Control for Alternate Bidding,L S,634,sd_sddot_item_catalog_2026_07_27,true
sd_sddot_634E0110_v20260727,sd_sddot_634E0110,2026-07-27,,Traffic Control Signs,Traffic Control Signs,SQFT,634,sd_sddot_item_catalog_2026_07_27,true
sd_sddot_634E0120_v20260727,sd_sddot_634E0120,2026-07-27,,"Traffic Control, Miscellaneous","Traffic Control, Miscellaneous",L S,634,sd_sddot_item_catalog_2026_07_27,true
sd_sddot_634E0125_v20260727,sd_sddot_634E0125,2026-07-27,,Traffic Control for Repair on Two-Lane Highway,Traffic Control for Repair on Two-Lane Highway,SITE,634,sd_sddot_item_catalog_2026_07_27,true
sd_sddot_634E0126_v20260727,sd_sddot_634E0126,2026-07-27,,Traffic Control for Repair on Multi-Lane Highway Under 2 Miles,Traffic Control for Repair on Multi-Lane Highway Under 2 Miles,SITE,634,sd_sddot_item_catalog_2026_07_27,true
sd_sddot_634E0127_v20260727,sd_sddot_634E0127,2026-07-27,,Traffic Control for Repair on Multi-Lane Highway Over 2 Miles,Traffic Control for Repair on Multi-Lane Highway Over 2 Miles,SITE,634,sd_sddot_item_catalog_2026_07_27,true
sd_sddot_634E0130_v20260727,sd_sddot_634E0130,2026-07-27,,Traffic Control Supervisor,Traffic Control Supervisor,DAY,634,sd_sddot_item_catalog_2026_07_27,true
sd_sddot_634E0135_v20260727,sd_sddot_634E0135,2026-07-27,,Traffic Control Supervisor,Traffic Control Supervisor,L S,634,sd_sddot_item_catalog_2026_07_27,true
sd_sddot_634E0200_historical,sd_sddot_634E0200,,,Traffic Control Drum,Traffic Control Drum,EACH,634,sd_sddot_bid_tabs_2020_11_04,false
sd_sddot_634E0265_historical,sd_sddot_634E0265,,,"Type 3 Barricade, 6' Double Sided","Type 3 Barricade, 6' Double Sided",EACH,634,sd_sddot_bid_tabs_2019_02_06,false
sd_sddot_634E0275_v20260727,sd_sddot_634E0275,2026-07-27,,Type 3 Barricade,Type 3 Barricade,EACH,634,sd_sddot_item_catalog_2026_07_27,true
sd_sddot_634E0280_historical,sd_sddot_634E0280,,,"Type 3 Barricade, 8' Single Sided","Type 3 Barricade, 8' Single Sided",EACH,634,sd_sddot_bid_tabs_2019_02_06,false
sd_sddot_634E0285_historical,sd_sddot_634E0285,,,"Type 3 Barricade, 8' Double Sided","Type 3 Barricade, 8' Double Sided",EACH,634,sd_sddot_bid_tabs_2019_11_06,false
sd_sddot_634E0310_v20260727,sd_sddot_634E0310,2026-07-27,,Temporary Flexible Vertical Markers (Tabs),Temporary Flexible Vertical Markers (Tabs),FT,634,sd_sddot_item_catalog_2026_07_27,true
sd_sddot_634E0320_v20260727,sd_sddot_634E0320,2026-07-27,,Temporary Flexible Vertical Markers (Tabs),Temporary Flexible Vertical Markers (Tabs),MILE,634,sd_sddot_item_catalog_2026_07_27,true
sd_sddot_634E0330_v20260727,sd_sddot_634E0330,2026-07-27,,Temporary Raised Pavement Markers,Temporary Raised Pavement Markers,FT,634,sd_sddot_item_catalog_2026_07_27,true
sd_sddot_634E0340_v20260727,sd_sddot_634E0340,2026-07-27,,Temporary Raised Pavement Markers,Temporary Raised Pavement Markers,MILE,634,sd_sddot_item_catalog_2026_07_27,true
sd_sddot_634E0350_v20260727,sd_sddot_634E0350,2026-07-27,,Raised Plowable Pavement Marker,Raised Plowable Pavement Marker,EACH,634,sd_sddot_item_catalog_2026_07_27,true
sd_sddot_634E0360_v20260727,sd_sddot_634E0360,2026-07-27,,Channelizing Marker,Channelizing Marker,EACH,634,sd_sddot_item_catalog_2026_07_27,true
sd_sddot_634E0370_v20260727,sd_sddot_634E0370,2026-07-27,,Replace Channelizing Marker,Replace Channelizing Marker,EACH,634,sd_sddot_item_catalog_2026_07_27,true
sd_sddot_634E0380_v20260727,sd_sddot_634E0380,2026-07-27,,Tubular Marker,Tubular Marker,EACH,634,sd_sddot_item_catalog_2026_07_27,true
sd_sddot_634E0390_v20260727,sd_sddot_634E0390,2026-07-27,,Replace Tubular Marker,Replace Tubular Marker,EACH,634,sd_sddot_item_catalog_2026_07_27,true
sd_sddot_634E0400_v20260727,sd_sddot_634E0400,2026-07-27,,Type A Advance Warning Arrow Board,Type A Advance Warning Arrow Board,EACH,634,sd_sddot_item_catalog_2026_07_27,true
sd_sddot_634E0410_v20260727,sd_sddot_634E0410,2026-07-27,,Type B Advance Warning Arrow Board,Type B Advance Warning Arrow Board,EACH,634,sd_sddot_item_catalog_2026_07_27,true
sd_sddot_634E0420_v20260727,sd_sddot_634E0420,2026-07-27,,Type C Advance Warning Arrow Board,Type C Advance Warning Arrow Board,EACH,634,sd_sddot_item_catalog_2026_07_27,true
sd_sddot_634E0500_v20260727,sd_sddot_634E0500,2026-07-27,,"4""x8"" Amber Delineator Back to Back, Barrier Mounted","4""x8"" Amber Delineator Back to Back, Barrier Mounted",EACH,634,sd_sddot_item_catalog_2026_07_27,true
sd_sddot_634E0510_v20260727,sd_sddot_634E0510,2026-07-27,,"4""x8"" White Delineator Back to Back, Barrier Mounted","4""x8"" White Delineator Back to Back, Barrier Mounted",EACH,634,sd_sddot_item_catalog_2026_07_27,true
sd_sddot_634E0520_v20260727,sd_sddot_634E0520,2026-07-27,,"4""x8"" Delineator, Barrier Mounted","4""x8"" Delineator, Barrier Mounted",EACH,634,sd_sddot_item_catalog_2026_07_27,true
sd_sddot_634E0525_v20260727,sd_sddot_634E0525,2026-07-27,,"Linear Delineation System Panel, Barrier Mounted","Linear Delineation System Panel, Barrier Mounted",EACH,634,sd_sddot_item_catalog_2026_07_27,true
sd_sddot_634E0530_v20260727,sd_sddot_634E0530,2026-07-27,,Flexible Delineator,Flexible Delineator,EACH,634,sd_sddot_item_catalog_2026_07_27,true
sd_sddot_634E0560_v20260727,sd_sddot_634E0560,2026-07-27,,"Remove Pavement Marking, 4"" or Equivalent","Remove Pavement Marking, 4"" or Equivalent",FT,634,sd_sddot_item_catalog_2026_07_27,true
sd_sddot_634E0565_v20260727,sd_sddot_634E0565,2026-07-27,,"Remove Pavement Marking, Arrow","Remove Pavement Marking, Arrow",EACH,634,sd_sddot_item_catalog_2026_07_27,true
sd_sddot_634E0570_v20260727,sd_sddot_634E0570,2026-07-27,,"Remove Pavement Marking, Message","Remove Pavement Marking, Message",WORD,634,sd_sddot_item_catalog_2026_07_27,true
sd_sddot_634E0575_v20260727,sd_sddot_634E0575,2026-07-27,,"Remove Pavement Marking, Area","Remove Pavement Marking, Area",SQFT,634,sd_sddot_item_catalog_2026_07_27,true
sd_sddot_634E0580_v20260727,sd_sddot_634E0580,2026-07-27,,"Remove Pavement Marking, Railroad Crossing","Remove Pavement Marking, Railroad Crossing",EACH,634,sd_sddot_item_catalog_2026_07_27,true
sd_sddot_634E0600_v20260727,sd_sddot_634E0600,2026-07-27,,"4"" Temporary Pavement Marking Tape Type I","4"" Temporary Pavement Marking Tape Type I",FT,634,sd_sddot_item_catalog_2026_07_27,true
sd_sddot_634E0610_v20260727,sd_sddot_634E0610,2026-07-27,,"4"" Temporary Pavement Marking Tape Type II","4"" Temporary Pavement Marking Tape Type II",FT,634,sd_sddot_item_catalog_2026_07_27,true
sd_sddot_634E0630_v20260727,sd_sddot_634E0630,2026-07-27,,Temporary Pavement Marking,Temporary Pavement Marking,MILE,634,sd_sddot_item_catalog_2026_07_27,true
sd_sddot_634E0640_v20260727,sd_sddot_634E0640,2026-07-27,,Temporary Pavement Marking,Temporary Pavement Marking,FT,634,sd_sddot_item_catalog_2026_07_27,true
sd_sddot_634E0650_v20260727,sd_sddot_634E0650,2026-07-27,,Temporary Pavement Marking,Temporary Pavement Marking,GAL,634,sd_sddot_item_catalog_2026_07_27,true
sd_sddot_634E0700_v20260727,sd_sddot_634E0700,2026-07-27,,Traffic Control Movable Concrete Barrier,Traffic Control Movable Concrete Barrier,EACH,634,sd_sddot_item_catalog_2026_07_27,true
sd_sddot_634E0702_v20260727,sd_sddot_634E0702,2026-07-27,,Contractor Supplied Traffic Control Movable Concrete Barrier,Contractor Supplied Traffic Control Movable Concrete Barrier,EACH,634,sd_sddot_item_catalog_2026_07_27,true
sd_sddot_634E0705_v20260727,sd_sddot_634E0705,2026-07-27,,Remove and Reset Traffic Control Movable Concrete Barrier,Remove and Reset Traffic Control Movable Concrete Barrier,EACH,634,sd_sddot_item_catalog_2026_07_27,true
sd_sddot_634E0750_v20260727,sd_sddot_634E0750,2026-07-27,,Temporary Concrete Barrier End Protection,Temporary Concrete Barrier End Protection,EACH,634,sd_sddot_item_catalog_2026_07_27,true
sd_sddot_634E0755_v20260727,sd_sddot_634E0755,2026-07-27,,Remove and Reset Temporary Concrete Barrier End Protection,Remove and Reset Temporary Concrete Barrier End Protection,EACH,634,sd_sddot_item_catalog_2026_07_27,true
sd_sddot_634E0760_v20260727,sd_sddot_634E0760,2026-07-27,,Temporary Concrete Barrier End Protection Module Set or Repair Kit,Temporary Concrete Barrier End Protection Module Set or Repair Kit,EACH,634,sd_sddot_item_catalog_2026_07_27,true
sd_sddot_634E0775_v20260727,sd_sddot_634E0775,2026-07-27,,Temporary Concrete Barrier Glare Screen,Temporary Concrete Barrier Glare Screen,FT,634,sd_sddot_item_catalog_2026_07_27,true
sd_sddot_634E0800_v20260727,sd_sddot_634E0800,2026-07-27,,Temporary Portable Rumble Strips,Temporary Portable Rumble Strips,EACH,634,sd_sddot_item_catalog_2026_07_27,true
sd_sddot_634E0806_historical,sd_sddot_634E0806,,,"Groove 4"" Wide Rumble Strip","Groove 4"" Wide Rumble Strip",FT,634,sd_sddot_bid_tabs_2019_05_01,false
sd_sddot_634E0810_historical,sd_sddot_634E0810,,,"Groove 6"" Wide Rumble Strip","Groove 6"" Wide Rumble Strip",FT,634,sd_sddot_bid_tabs_2020_04_01,false
sd_sddot_634E0900_v20260727,sd_sddot_634E0900,2026-07-27,,Portable Temporary Traffic Control Signal,Portable Temporary Traffic Control Signal,UNIT,634,sd_sddot_item_catalog_2026_07_27,true
sd_sddot_634E0915_v20260727,sd_sddot_634E0915,2026-07-27,,Short Term Temporary Traffic Control Signal,Short Term Temporary Traffic Control Signal,SITE,634,sd_sddot_item_catalog_2026_07_27,true
sd_sddot_634E0919_v20260727,sd_sddot_634E0919,2026-07-27,,Driveway Assistance Device,Driveway Assistance Device,MTH,634,sd_sddot_item_catalog_2026_07_27,true
sd_sddot_634E0920_v20260727,sd_sddot_634E0920,2026-07-27,,Hazard Identification Beacon,Hazard Identification Beacon,SITE,634,sd_sddot_item_catalog_2026_07_27,true
sd_sddot_634E0930_v20260727,sd_sddot_634E0930,2026-07-27,,Intersection Control Beacon,Intersection Control Beacon,EACH,634,sd_sddot_item_catalog_2026_07_27,true
sd_sddot_634E0950_v20260727,sd_sddot_634E0950,2026-07-27,,Permanent Traffic Counter,Permanent Traffic Counter,EACH,634,sd_sddot_item_catalog_2026_07_27,true
sd_sddot_634E1002_v20260727,sd_sddot_634E1002,2026-07-27,,Detour and Restriction Signing,Detour and Restriction Signing,SQFT,634,sd_sddot_item_catalog_2026_07_27,true
sd_sddot_634E1020_v20260727,sd_sddot_634E1020,2026-07-27,,Temporary Business Signing,Temporary Business Signing,SQFT,634,sd_sddot_item_catalog_2026_07_27,true
sd_sddot_634E1150_v20260727,sd_sddot_634E1150,2026-07-27,,Opposing Traffic Lane Divider,Opposing Traffic Lane Divider,EACH,634,sd_sddot_item_catalog_2026_07_27,true
sd_sddot_634E1160_v20260727,sd_sddot_634E1160,2026-07-27,,Replace Opposing Traffic Lane Divider,Replace Opposing Traffic Lane Divider,EACH,634,sd_sddot_item_catalog_2026_07_27,true
sd_sddot_634E1200_v20260727,sd_sddot_634E1200,2026-07-27,,Portable Changeable Speed Sign,Portable Changeable Speed Sign,EACH,634,sd_sddot_item_catalog_2026_07_27,true
sd_sddot_634E1210_v20260727,sd_sddot_634E1210,2026-07-27,,State Furnished Portable Changeable Message Sign,State Furnished Portable Changeable Message Sign,EACH,634,sd_sddot_item_catalog_2026_07_27,true
sd_sddot_634E1215_v20260727,sd_sddot_634E1215,2026-07-27,,Contractor Furnished Portable Changeable Message Sign,Contractor Furnished Portable Changeable Message Sign,EACH,634,sd_sddot_item_catalog_2026_07_27,true
sd_sddot_634E1220_v20260727,sd_sddot_634E1220,2026-07-27,,Solar Powered Portable Changeable Message Sign,Solar Powered Portable Changeable Message Sign,EACH,634,sd_sddot_item_catalog_2026_07_27,true
sd_sddot_634E1230_v20260727,sd_sddot_634E1230,2026-07-27,,Portable Sign System(s),Portable Sign System(s),L S,634,sd_sddot_item_catalog_2026_07_27,true
sd_sddot_634E1235_v20260727,sd_sddot_634E1235,2026-07-27,,Queue Detection System,Queue Detection System,MTH,634,sd_sddot_item_catalog_2026_07_27,true
sd_sddot_634E1240_v20260727,sd_sddot_634E1240,2026-07-27,,Queue Detection System,Queue Detection System,EACH,634,sd_sddot_item_catalog_2026_07_27,true
sd_sddot_634E1245_v20260727,sd_sddot_634E1245,2026-07-27,,Maintenance of Queue Detection System,Maintenance of Queue Detection System,HOUR,634,sd_sddot_item_catalog_2026_07_27,true
sd_sddot_634E1255_v20260727,sd_sddot_634E1255,2026-07-27,,Contractor Furnished Vehicle Speed Feedback Sign,Contractor Furnished Vehicle Speed Feedback Sign,EACH,634,sd_sddot_item_catalog_2026_07_27,true
sd_sddot_634E1260_v20260727,sd_sddot_634E1260,2026-07-27,,Truck/Trailer Mounted Attenuator,Truck/Trailer Mounted Attenuator,EACH,634,sd_sddot_item_catalog_2026_07_27,true
sd_sddot_634E2000_v20260727,sd_sddot_634E2000,2026-07-27,,Longitudinal Pedestrian Barricade,Longitudinal Pedestrian Barricade,FT,634,sd_sddot_item_catalog_2026_07_27,true
sd_sddot_634E2010_v20260727,sd_sddot_634E2010,2026-07-27,,Temporary Pedestrian Facility(s),Temporary Pedestrian Facility(s),L S,634,sd_sddot_item_catalog_2026_07_27,true
sd_sddot_634E2015_v20260727,sd_sddot_634E2015,2026-07-27,,Temporary Pedestrian Access Route,Temporary Pedestrian Access Route,L S,634,sd_sddot_item_catalog_2026_07_27,true
sd_sddot_634E2020_v20260727,sd_sddot_634E2020,2026-07-27,,Temporary Curb Ramp,Temporary Curb Ramp,EACH,634,sd_sddot_item_catalog_2026_07_27,true
sd_sddot_634E2025_v20260727,sd_sddot_634E2025,2026-07-27,,Longitudinal Pedestrian Barrier,Longitudinal Pedestrian Barrier,FT,634,sd_sddot_item_catalog_2026_07_27,true
sd_sddot_634E2030_v20260727,sd_sddot_634E2030,2026-07-27,,Audible Message Device,Audible Message Device,EACH,634,sd_sddot_item_catalog_2026_07_27,true
sd_sddot_634E2050_v20260727,sd_sddot_634E2050,2026-07-27,,Temporary Sidewalk,Temporary Sidewalk,SQFT,634,sd_sddot_item_catalog_2026_07_27,true
sd_sddot_634E2052_v20260727,sd_sddot_634E2052,2026-07-27,,Temporary Flexible Sidewalk,Temporary Flexible Sidewalk,SQFT,634,sd_sddot_item_catalog_2026_07_27,true
sd_sddot_634E2054_v20260727,sd_sddot_634E2054,2026-07-27,,Reset Temporary Flexible Sidewalk,Reset Temporary Flexible Sidewalk,SQFT,634,sd_sddot_item_catalog_2026_07_27,true
sd_sddot_634E3000_v20260727,sd_sddot_634E3000,2026-07-27,,Traffic Control Barrier,Traffic Control Barrier,FT,634,sd_sddot_item_catalog_2026_07_27,true
sd_sddot_634E3010_v20260727,sd_sddot_634E3010,2026-07-27,,Traffic Control Barrier - State Furnished,Traffic Control Barrier - State Furnished,FT,634,sd_sddot_item_catalog_2026_07_27,true
sd_sddot_634E3020_v20260727,sd_sddot_634E3020,2026-07-27,,Traffic Control Barrier - Rental,Traffic Control Barrier - Rental,FT,634,sd_sddot_item_catalog_2026_07_27,true
sd_sddot_634E3030_v20260727,sd_sddot_634E3030,2026-07-27,,Reset Traffic Control Barrier,Reset Traffic Control Barrier,FT,634,sd_sddot_item_catalog_2026_07_27,true
sd_sddot_634E3040_v20260727,sd_sddot_634E3040,2026-07-27,,Haul Traffic Control Barrier,Haul Traffic Control Barrier,FT,634,sd_sddot_item_catalog_2026_07_27,true
sd_sddot_634E3100_v20260727,sd_sddot_634E3100,2026-07-27,,Reset Traffic Control Barrier End Protection,Reset Traffic Control Barrier End Protection,EACH,634,sd_sddot_item_catalog_2026_07_27,true
sd_sddot_635E0015_v20260727,sd_sddot_635E0015,2026-07-27,,"Breakaway Base Luminaire Pole with Arm, 15' Mounting Height","Breakaway Base Luminaire Pole with Arm, 15' Mounting Height",EACH,635,sd_sddot_item_catalog_2026_07_27,true
sd_sddot_635E0020_v20260727,sd_sddot_635E0020,2026-07-27,,"Breakaway Base Luminaire Pole with Arm, 20' Mounting Height","Breakaway Base Luminaire Pole with Arm, 20' Mounting Height",EACH,635,sd_sddot_item_catalog_2026_07_27,true
sd_sddot_635E0025_v20260727,sd_sddot_635E0025,2026-07-27,,"Breakaway Base Luminaire Pole with Arm, 25' Mounting Height","Breakaway Base Luminaire Pole with Arm, 25' Mounting Height",EACH,635,sd_sddot_item_catalog_2026_07_27,true
sd_sddot_635E0030_v20260727,sd_sddot_635E0030,2026-07-27,,"Breakaway Base Luminaire Pole with Arm, 30' Mounting Height","Breakaway Base Luminaire Pole with Arm, 30' Mounting Height",EACH,635,sd_sddot_item_catalog_2026_07_27,true
sd_sddot_635E0035_v20260727,sd_sddot_635E0035,2026-07-27,,"Breakaway Base Luminaire Pole with Arm, 35' Mounting Height","Breakaway Base Luminaire Pole with Arm, 35' Mounting Height",EACH,635,sd_sddot_item_catalog_2026_07_27,true
sd_sddot_635E0040_v20260727,sd_sddot_635E0040,2026-07-27,,"Breakaway Base Luminaire Pole with Arm, 40' Mounting Height","Breakaway Base Luminaire Pole with Arm, 40' Mounting Height",EACH,635,sd_sddot_item_catalog_2026_07_27,true
sd_sddot_635E0045_v20260727,sd_sddot_635E0045,2026-07-27,,"Breakaway Base Luminaire Pole with Arm, 45' Mounting Height","Breakaway Base Luminaire Pole with Arm, 45' Mounting Height",EACH,635,sd_sddot_item_catalog_2026_07_27,true
sd_sddot_635E0050_v20260727,sd_sddot_635E0050,2026-07-27,,"Breakaway Base Luminaire Pole with Arm, 50' Mounting Height","Breakaway Base Luminaire Pole with Arm, 50' Mounting Height",EACH,635,sd_sddot_item_catalog_2026_07_27,true
sd_sddot_635E0115_v20260727,sd_sddot_635E0115,2026-07-27,,"Breakaway Base Luminaire Pole with Twin Arms, 15' Mounting Height","Breakaway Base Luminaire Pole with Twin Arms, 15' Mounting Height",EACH,635,sd_sddot_item_catalog_2026_07_27,true
sd_sddot_635E0125_v20260727,sd_sddot_635E0125,2026-07-27,,"Breakaway Base Luminaire Pole with Twin Arms, 25' Mounting Height","Breakaway Base Luminaire Pole with Twin Arms, 25' Mounting Height",EACH,635,sd_sddot_item_catalog_2026_07_27,true
sd_sddot_635E0130_v20260727,sd_sddot_635E0130,2026-07-27,,"Breakaway Base Luminaire Pole with Twin Arms, 30' Mounting Height","Breakaway Base Luminaire Pole with Twin Arms, 30' Mounting Height",EACH,635,sd_sddot_item_catalog_2026_07_27,true
sd_sddot_635E0135_v20260727,sd_sddot_635E0135,2026-07-27,,"Breakaway Base Luminaire Pole with Twin Arms, 35' Mounting Height","Breakaway Base Luminaire Pole with Twin Arms, 35' Mounting Height",EACH,635,sd_sddot_item_catalog_2026_07_27,true
sd_sddot_635E0140_v20260727,sd_sddot_635E0140,2026-07-27,,"Breakaway Base Luminaire Pole with Twin Arms, 40' Mounting Height","Breakaway Base Luminaire Pole with Twin Arms, 40' Mounting Height",EACH,635,sd_sddot_item_catalog_2026_07_27,true
sd_sddot_635E0145_v20260727,sd_sddot_635E0145,2026-07-27,,"Breakaway Base Luminaire Pole with Twin Arms, 45' Mounting Height","Breakaway Base Luminaire Pole with Twin Arms, 45' Mounting Height",EACH,635,sd_sddot_item_catalog_2026_07_27,true
sd_sddot_635E0150_v20260727,sd_sddot_635E0150,2026-07-27,,"Breakaway Base Luminaire Pole with Twin Arms, 50' Mounting Height","Breakaway Base Luminaire Pole with Twin Arms, 50' Mounting Height",EACH,635,sd_sddot_item_catalog_2026_07_27,true
sd_sddot_635E0215_v20260727,sd_sddot_635E0215,2026-07-27,,"Breakaway Base Luminaire Pole with Top Mount, 15' Mounting Height","Breakaway Base Luminaire Pole with Top Mount, 15' Mounting Height",EACH,635,sd_sddot_item_catalog_2026_07_27,true
sd_sddot_635E0220_v20260727,sd_sddot_635E0220,2026-07-27,,"Breakaway Base Luminaire Pole with Top Mount, 20' Mounting Height","Breakaway Base Luminaire Pole with Top Mount, 20' Mounting Height",EACH,635,sd_sddot_item_catalog_2026_07_27,true
sd_sddot_635E0225_v20260727,sd_sddot_635E0225,2026-07-27,,"Breakaway Base Luminaire Pole with Top Mount, 25' Mounting Height","Breakaway Base Luminaire Pole with Top Mount, 25' Mounting Height",EACH,635,sd_sddot_item_catalog_2026_07_27,true
sd_sddot_635E0230_v20260727,sd_sddot_635E0230,2026-07-27,,"Breakaway Base Luminaire Pole with Top Mount, 30' Mounting Height","Breakaway Base Luminaire Pole with Top Mount, 30' Mounting Height",EACH,635,sd_sddot_item_catalog_2026_07_27,true
sd_sddot_635E0235_v20260727,sd_sddot_635E0235,2026-07-27,,"Breakaway Base Luminaire Pole with Top Mount, 35' Mounting Height","Breakaway Base Luminaire Pole with Top Mount, 35' Mounting Height",EACH,635,sd_sddot_item_catalog_2026_07_27,true
sd_sddot_635E0240_v20260727,sd_sddot_635E0240,2026-07-27,,"Breakaway Base Luminaire Pole with Top Mount, 40' Mounting Height","Breakaway Base Luminaire Pole with Top Mount, 40' Mounting Height",EACH,635,sd_sddot_item_catalog_2026_07_27,true
sd_sddot_635E0245_v20260727,sd_sddot_635E0245,2026-07-27,,"Breakaway Base Luminaire Pole with Top Mount, 45' Mounting Height","Breakaway Base Luminaire Pole with Top Mount, 45' Mounting Height",EACH,635,sd_sddot_item_catalog_2026_07_27,true
sd_sddot_635E0250_v20260727,sd_sddot_635E0250,2026-07-27,,"Breakaway Base Luminaire Pole with Top Mount, 50' Mounting Height","Breakaway Base Luminaire Pole with Top Mount, 50' Mounting Height",EACH,635,sd_sddot_item_catalog_2026_07_27,true
sd_sddot_635E0320_v20260727,sd_sddot_635E0320,2026-07-27,,"Breakaway Base Luminaire Pole with Top Twin Mount, 20' Mounting Height","Breakaway Base Luminaire Pole with Top Twin Mount, 20' Mounting Height",EACH,635,sd_sddot_item_catalog_2026_07_27,true
sd_sddot_635E0325_v20260727,sd_sddot_635E0325,2026-07-27,,"Breakaway Base Luminaire Pole with Top Twin Mount, 25' Mounting Height","Breakaway Base Luminaire Pole with Top Twin Mount, 25' Mounting Height",EACH,635,sd_sddot_item_catalog_2026_07_27,true
sd_sddot_635E0330_v20260727,sd_sddot_635E0330,2026-07-27,,"Breakaway Base Luminaire Pole with Top Twin Mount, 30' Mounting Height","Breakaway Base Luminaire Pole with Top Twin Mount, 30' Mounting Height",EACH,635,sd_sddot_item_catalog_2026_07_27,true
sd_sddot_635E0335_v20260727,sd_sddot_635E0335,2026-07-27,,"Breakaway Base Luminaire Pole with Top Twin Mount, 35' Mounting Height","Breakaway Base Luminaire Pole with Top Twin Mount, 35' Mounting Height",EACH,635,sd_sddot_item_catalog_2026_07_27,true
sd_sddot_635E0340_v20260727,sd_sddot_635E0340,2026-07-27,,"Breakaway Base Luminaire Pole with Top Twin Mount, 40' Mounting Height","Breakaway Base Luminaire Pole with Top Twin Mount, 40' Mounting Height",EACH,635,sd_sddot_item_catalog_2026_07_27,true
sd_sddot_635E0345_v20260727,sd_sddot_635E0345,2026-07-27,,"Breakaway Base Luminaire Pole with Top Twin Mount, 45' Mounting Height","Breakaway Base Luminaire Pole with Top Twin Mount, 45' Mounting Height",EACH,635,sd_sddot_item_catalog_2026_07_27,true
sd_sddot_635E0350_v20260727,sd_sddot_635E0350,2026-07-27,,"Breakaway Base Luminaire Pole with Top Twin Mount, 50' Mounting Height","Breakaway Base Luminaire Pole with Top Twin Mount, 50' Mounting Height",EACH,635,sd_sddot_item_catalog_2026_07_27,true
sd_sddot_635E0550_v20260727,sd_sddot_635E0550,2026-07-27,,"Fixed Base Luminaire Pole with Top Twin Mount, 50' Mounting Height","Fixed Base Luminaire Pole with Top Twin Mount, 50' Mounting Height",EACH,635,sd_sddot_item_catalog_2026_07_27,true
sd_sddot_635E0612_v20260727,sd_sddot_635E0612,2026-07-27,,"Fixed Base Luminaire Pole with Arm, 12' Mounting Height","Fixed Base Luminaire Pole with Arm, 12' Mounting Height",EACH,635,sd_sddot_item_catalog_2026_07_27,true
sd_sddot_635E0614_v20260727,sd_sddot_635E0614,2026-07-27,,"Fixed Base Luminaire Pole with Arm, 14' Mounting Height","Fixed Base Luminaire Pole with Arm, 14' Mounting Height",EACH,635,sd_sddot_item_catalog_2026_07_27,true
sd_sddot_635E0616_v20260727,sd_sddot_635E0616,2026-07-27,,"Fixed Base Luminaire Pole with Arm, 16' Mounting Height","Fixed Base Luminaire Pole with Arm, 16' Mounting Height",EACH,635,sd_sddot_item_catalog_2026_07_27,true
sd_sddot_635E0630_v20260727,sd_sddot_635E0630,2026-07-27,,"Fixed Base Luminaire Pole with Arm, 30' Mounting Height","Fixed Base Luminaire Pole with Arm, 30' Mounting Height",EACH,635,sd_sddot_item_catalog_2026_07_27,true
sd_sddot_635E0635_v20260727,sd_sddot_635E0635,2026-07-27,,"Fixed Base Luminaire Pole with Arm, 35' Mounting Height","Fixed Base Luminaire Pole with Arm, 35' Mounting Height",EACH,635,sd_sddot_item_catalog_2026_07_27,true
sd_sddot_635E0640_v20260727,sd_sddot_635E0640,2026-07-27,,"Fixed Base Luminaire Pole with Arm, 40' Mounting Height","Fixed Base Luminaire Pole with Arm, 40' Mounting Height",EACH,635,sd_sddot_item_catalog_2026_07_27,true
sd_sddot_635E0645_v20260727,sd_sddot_635E0645,2026-07-27,,"Fixed Base Luminaire Pole with Arm, 45' Mounting Height","Fixed Base Luminaire Pole with Arm, 45' Mounting Height",EACH,635,sd_sddot_item_catalog_2026_07_27,true
sd_sddot_635E0650_v20260727,sd_sddot_635E0650,2026-07-27,,"Fixed Base Luminaire Pole with Arm, 50' Mounting Height","Fixed Base Luminaire Pole with Arm, 50' Mounting Height",EACH,635,sd_sddot_item_catalog_2026_07_27,true
sd_sddot_635E0730_v20260727,sd_sddot_635E0730,2026-07-27,,"Fixed Base Luminaire Pole with Twin Arms, 30' Mounting Height","Fixed Base Luminaire Pole with Twin Arms, 30' Mounting Height",EACH,635,sd_sddot_item_catalog_2026_07_27,true
sd_sddot_635E0735_v20260727,sd_sddot_635E0735,2026-07-27,,"Fixed Base Luminaire Pole with Twin Arms, 35' Mounting Height","Fixed Base Luminaire Pole with Twin Arms, 35' Mounting Height",EACH,635,sd_sddot_item_catalog_2026_07_27,true
sd_sddot_635E0740_v20260727,sd_sddot_635E0740,2026-07-27,,"Fixed Base Luminaire Pole with Twin Arms, 40' Mounting Height","Fixed Base Luminaire Pole with Twin Arms, 40' Mounting Height",EACH,635,sd_sddot_item_catalog_2026_07_27,true
sd_sddot_635E0745_v20260727,sd_sddot_635E0745,2026-07-27,,"Fixed Base Luminaire Pole with Twin Arms, 45' Mounting Height","Fixed Base Luminaire Pole with Twin Arms, 45' Mounting Height",EACH,635,sd_sddot_item_catalog_2026_07_27,true
sd_sddot_635E0750_v20260727,sd_sddot_635E0750,2026-07-27,,"Fixed Base Luminaire Pole with Twin Arms, 50' Mounting Height","Fixed Base Luminaire Pole with Twin Arms, 50' Mounting Height",EACH,635,sd_sddot_item_catalog_2026_07_27,true
sd_sddot_635E0770_v20260727,sd_sddot_635E0770,2026-07-27,,"Fixed Base Luminaire Pole with Top Mount, 20' Mounting Height","Fixed Base Luminaire Pole with Top Mount, 20' Mounting Height",EACH,635,sd_sddot_item_catalog_2026_07_27,true
sd_sddot_635E0800_v20260727,sd_sddot_635E0800,2026-07-27,,Fiberglass Luminaire Pole with Arm,Fiberglass Luminaire Pole with Arm,EACH,635,sd_sddot_item_catalog_2026_07_27,true
sd_sddot_635E0802_v20260727,sd_sddot_635E0802,2026-07-27,,Fiberglass Luminaire Pole with Top Mount,Fiberglass Luminaire Pole with Top Mount,EACH,635,sd_sddot_item_catalog_2026_07_27,true
sd_sddot_635E0820_v20260727,sd_sddot_635E0820,2026-07-27,,"Luminaire Pole, Top Mount","Luminaire Pole, Top Mount",EACH,635,sd_sddot_item_catalog_2026_07_27,true
sd_sddot_635E0900_v20260727,sd_sddot_635E0900,2026-07-27,,Decorative Luminaire Pole,Decorative Luminaire Pole,EACH,635,sd_sddot_item_catalog_2026_07_27,true
sd_sddot_635E0901_v20260727,sd_sddot_635E0901,2026-07-27,,Decorative Luminaire Pole with Arm,Decorative Luminaire Pole with Arm,EACH,635,sd_sddot_item_catalog_2026_07_27,true
sd_sddot_635E0902_v20260727,sd_sddot_635E0902,2026-07-27,,Decorative Luminaire Pole with Twin Arms,Decorative Luminaire Pole with Twin Arms,EACH,635,sd_sddot_item_catalog_2026_07_27,true
sd_sddot_635E0903_v20260727,sd_sddot_635E0903,2026-07-27,,Decorative Luminaire Pole with Triple Arms,Decorative Luminaire Pole with Triple Arms,EACH,635,sd_sddot_item_catalog_2026_07_27,true
sd_sddot_635E0910_v20260727,sd_sddot_635E0910,2026-07-27,,Decorative Luminaire Arm,Decorative Luminaire Arm,EACH,635,sd_sddot_item_catalog_2026_07_27,true
sd_sddot_635E1040_v20260727,sd_sddot_635E1040,2026-07-27,,"Wood Luminaire Pole with Arm, 40' Mounting Height","Wood Luminaire Pole with Arm, 40' Mounting Height",EACH,635,sd_sddot_item_catalog_2026_07_27,true
sd_sddot_635E1900_v20260727,sd_sddot_635E1900,2026-07-27,,Single Beam Signal Bridge,Single Beam Signal Bridge,EACH,635,sd_sddot_item_catalog_2026_07_27,true
sd_sddot_635E2000_v20260727,sd_sddot_635E2000,2026-07-27,,Pedestal Signal Pole,Pedestal Signal Pole,EACH,635,sd_sddot_item_catalog_2026_07_27,true
sd_sddot_635E2010_v20260727,sd_sddot_635E2010,2026-07-27,,Signal Pole with 10' Mast Arm,Signal Pole with 10' Mast Arm,EACH,635,sd_sddot_item_catalog_2026_07_27,true
sd_sddot_635E2015_v20260727,sd_sddot_635E2015,2026-07-27,,Signal Pole with 15' Mast Arm,Signal Pole with 15' Mast Arm,EACH,635,sd_sddot_item_catalog_2026_07_27,true
sd_sddot_635E2020_v20260727,sd_sddot_635E2020,2026-07-27,,Signal Pole with 20' Mast Arm,Signal Pole with 20' Mast Arm,EACH,635,sd_sddot_item_catalog_2026_07_27,true
sd_sddot_635E2021_v20260727,sd_sddot_635E2021,2026-07-27,,Signal Pole with 20' and 45' Mast Arms,Signal Pole with 20' and 45' Mast Arms,EACH,635,sd_sddot_item_catalog_2026_07_27,true
sd_sddot_635E2025_v20260727,sd_sddot_635E2025,2026-07-27,,Signal Pole with 25' Mast Arm,Signal Pole with 25' Mast Arm,EACH,635,sd_sddot_item_catalog_2026_07_27,true
sd_sddot_635E2026_v20260727,sd_sddot_635E2026,2026-07-27,,Signal Pole with 25' and 40' Mast Arms with Luminaire Arm,Signal Pole with 25' and 40' Mast Arms with Luminaire Arm,EACH,635,sd_sddot_item_catalog_2026_07_27,true
sd_sddot_635E2027_v20260727,sd_sddot_635E2027,2026-07-27,,Signal Pole with 25' and 45' Mast Arms,Signal Pole with 25' and 45' Mast Arms,EACH,635,sd_sddot_item_catalog_2026_07_27,true
sd_sddot_635E2030_v20260727,sd_sddot_635E2030,2026-07-27,,Signal Pole with 30' Mast Arm,Signal Pole with 30' Mast Arm,EACH,635,sd_sddot_item_catalog_2026_07_27,true
sd_sddot_635E2035_v20260727,sd_sddot_635E2035,2026-07-27,,Signal Pole with 35' Mast Arm,Signal Pole with 35' Mast Arm,EACH,635,sd_sddot_item_catalog_2026_07_27,true
sd_sddot_635E2040_v20260727,sd_sddot_635E2040,2026-07-27,,Signal Pole with 40' Mast Arm,Signal Pole with 40' Mast Arm,EACH,635,sd_sddot_item_catalog_2026_07_27,true
sd_sddot_635E2041_v20260727,sd_sddot_635E2041,2026-07-27,,Signal Pole with 40' and 20' Mast Arm,Signal Pole with 40' and 20' Mast Arm,EACH,635,sd_sddot_item_catalog_2026_07_27,true
sd_sddot_635E2045_v20260727,sd_sddot_635E2045,2026-07-27,,Signal Pole with 45' Mast Arm,Signal Pole with 45' Mast Arm,EACH,635,sd_sddot_item_catalog_2026_07_27,true
sd_sddot_635E2046_v20260727,sd_sddot_635E2046,2026-07-27,,Signal Pole with 45' and 35' Mast Arms,Signal Pole with 45' and 35' Mast Arms,EACH,635,sd_sddot_item_catalog_2026_07_27,true
sd_sddot_635E2050_v20260727,sd_sddot_635E2050,2026-07-27,,Signal Pole with 50' Mast Arm,Signal Pole with 50' Mast Arm,EACH,635,sd_sddot_item_catalog_2026_07_27,true
sd_sddot_635E2053_v20260727,sd_sddot_635E2053,2026-07-27,,Signal Pole with 50' and 50' Mast Arms,Signal Pole with 50' and 50' Mast Arms,EACH,635,sd_sddot_item_catalog_2026_07_27,true
sd_sddot_635E2054_v20260727,sd_sddot_635E2054,2026-07-27,,Signal Pole with 50' and 40' Mast Arms with Luminaire Arm,Signal Pole with 50' and 40' Mast Arms with Luminaire Arm,EACH,635,sd_sddot_item_catalog_2026_07_27,true
sd_sddot_635E2055_v20260727,sd_sddot_635E2055,2026-07-27,,Signal Pole with 55' Mast Arm,Signal Pole with 55' Mast Arm,EACH,635,sd_sddot_item_catalog_2026_07_27,true
sd_sddot_635E2056_v20260727,sd_sddot_635E2056,2026-07-27,,Signal Pole with 55' and 15' Mast Arm,Signal Pole with 55' and 15' Mast Arm,EACH,635,sd_sddot_item_catalog_2026_07_27,true
sd_sddot_635E2060_v20260727,sd_sddot_635E2060,2026-07-27,,Signal Pole with 60' Mast Arm,Signal Pole with 60' Mast Arm,EACH,635,sd_sddot_item_catalog_2026_07_27,true
sd_sddot_635E2065_v20260727,sd_sddot_635E2065,2026-07-27,,Signal Pole with 65' Mast Arm,Signal Pole with 65' Mast Arm,EACH,635,sd_sddot_item_catalog_2026_07_27,true
sd_sddot_635E2070_v20260727,sd_sddot_635E2070,2026-07-27,,Signal Pole with 70' Mast Arm,Signal Pole with 70' Mast Arm,EACH,635,sd_sddot_item_catalog_2026_07_27,true
sd_sddot_635E2075_v20260727,sd_sddot_635E2075,2026-07-27,,Signal Pole with 75' Mast Arm,Signal Pole with 75' Mast Arm,EACH,635,sd_sddot_item_catalog_2026_07_27,true
sd_sddot_635E2080_v20260727,sd_sddot_635E2080,2026-07-27,,Signal Pole with 80' Mast Arm,Signal Pole with 80' Mast Arm,EACH,635,sd_sddot_item_catalog_2026_07_27,true
sd_sddot_635E2085_v20260727,sd_sddot_635E2085,2026-07-27,,Signal Pole with 85' Mast Arm,Signal Pole with 85' Mast Arm,EACH,635,sd_sddot_item_catalog_2026_07_27,true
sd_sddot_635E2115_v20260727,sd_sddot_635E2115,2026-07-27,,Signal Pole with 15' Mast Arm and Luminaire Arm,Signal Pole with 15' Mast Arm and Luminaire Arm,EACH,635,sd_sddot_item_catalog_2026_07_27,true
sd_sddot_635E2120_v20260727,sd_sddot_635E2120,2026-07-27,,Signal Pole with 20' Mast Arm and Luminaire Arm,Signal Pole with 20' Mast Arm and Luminaire Arm,EACH,635,sd_sddot_item_catalog_2026_07_27,true
sd_sddot_635E2122_v20260727,sd_sddot_635E2122,2026-07-27,,Signal Pole with 20' and 45' Mast Arms with Luminaire Arm,Signal Pole with 20' and 45' Mast Arms with Luminaire Arm,EACH,635,sd_sddot_item_catalog_2026_07_27,true
sd_sddot_635E2125_v20260727,sd_sddot_635E2125,2026-07-27,,Signal Pole with 25' Mast Arm and Luminaire Arm,Signal Pole with 25' Mast Arm and Luminaire Arm,EACH,635,sd_sddot_item_catalog_2026_07_27,true
sd_sddot_635E2130_v20260727,sd_sddot_635E2130,2026-07-27,,Signal Pole with 30' Mast Arm and Luminaire Arm,Signal Pole with 30' Mast Arm and Luminaire Arm,EACH,635,sd_sddot_item_catalog_2026_07_27,true
sd_sddot_635E2135_v20260727,sd_sddot_635E2135,2026-07-27,,Signal Pole with 35' Mast Arm and Luminaire Arm,Signal Pole with 35' Mast Arm and Luminaire Arm,EACH,635,sd_sddot_item_catalog_2026_07_27,true
sd_sddot_635E2136_v20260727,sd_sddot_635E2136,2026-07-27,,Signal Pole with 35' and 10' Mast Arms with Luminaire Arm,Signal Pole with 35' and 10' Mast Arms with Luminaire Arm,EACH,635,sd_sddot_item_catalog_2026_07_27,true
sd_sddot_635E2137_v20260727,sd_sddot_635E2137,2026-07-27,,Signal Pole with 35' and 15' Mast Arms with Luminaire Arm,Signal Pole with 35' and 15' Mast Arms with Luminaire Arm,EACH,635,sd_sddot_item_catalog_2026_07_27,true
sd_sddot_635E2138_v20260727,sd_sddot_635E2138,2026-07-27,,Signal Pole with 35' and 45' Mast Arms with Luminaire Arm,Signal Pole with 35' and 45' Mast Arms with Luminaire Arm,EACH,635,sd_sddot_item_catalog_2026_07_27,true
sd_sddot_635E2139_v20260727,sd_sddot_635E2139,2026-07-27,,Signal Pole with 35' and 25' Mast Arms with Luminaire Arm,Signal Pole with 35' and 25' Mast Arms with Luminaire Arm,EACH,635,sd_sddot_item_catalog_2026_07_27,true
sd_sddot_635E2140_v20260727,sd_sddot_635E2140,2026-07-27,,Signal Pole with 40' Mast Arm and Luminaire Arm,Signal Pole with 40' Mast Arm and Luminaire Arm,EACH,635,sd_sddot_item_catalog_2026_07_27,true
sd_sddot_635E2142_v20260727,sd_sddot_635E2142,2026-07-27,,Signal Pole with 40' and 20' Mast Arms with Luminaire Arm,Signal Pole with 40' and 20' Mast Arms with Luminaire Arm,EACH,635,sd_sddot_item_catalog_2026_07_27,true
sd_sddot_635E2144_v20260727,sd_sddot_635E2144,2026-07-27,,Signal Pole with 40' and 30' Mast Arms with Luminaire Arm,Signal Pole with 40' and 30' Mast Arms with Luminaire Arm,EACH,635,sd_sddot_item_catalog_2026_07_27,true
sd_sddot_635E2145_v20260727,sd_sddot_635E2145,2026-07-27,,Signal Pole with 45' Mast Arm and Luminaire Arm,Signal Pole with 45' Mast Arm and Luminaire Arm,EACH,635,sd_sddot_item_catalog_2026_07_27,true
sd_sddot_635E2150_v20260727,sd_sddot_635E2150,2026-07-27,,Signal Pole with 50' Mast Arm and Luminaire Arm,Signal Pole with 50' Mast Arm and Luminaire Arm,EACH,635,sd_sddot_item_catalog_2026_07_27,true
sd_sddot_635E2152_v20260727,sd_sddot_635E2152,2026-07-27,,Signal Pole with 50' and 20' Mast Arms with Luminaire Arm,Signal Pole with 50' and 20' Mast Arms with Luminaire Arm,EACH,635,sd_sddot_item_catalog_2026_07_27,true
sd_sddot_635E2153_v20260727,sd_sddot_635E2153,2026-07-27,,Signal Pole with 50' and 30' Mast Arms with Luminaire Arm,Signal Pole with 50' and 30' Mast Arms with Luminaire Arm,EACH,635,sd_sddot_item_catalog_2026_07_27,true
sd_sddot_635E2155_v20260727,sd_sddot_635E2155,2026-07-27,,Signal Pole with 55' Mast Arm and Luminaire Arm,Signal Pole with 55' Mast Arm and Luminaire Arm,EACH,635,sd_sddot_item_catalog_2026_07_27,true
sd_sddot_635E2160_v20260727,sd_sddot_635E2160,2026-07-27,,Signal Pole with 60' Mast Arm and Luminaire Arm,Signal Pole with 60' Mast Arm and Luminaire Arm,EACH,635,sd_sddot_item_catalog_2026_07_27,true
sd_sddot_635E2165_v20260727,sd_sddot_635E2165,2026-07-27,,Signal Pole with 65' Mast Arm and Luminaire Arm,Signal Pole with 65' Mast Arm and Luminaire Arm,EACH,635,sd_sddot_item_catalog_2026_07_27,true
sd_sddot_635E2170_v20260727,sd_sddot_635E2170,2026-07-27,,Signal Pole with 70' Mast Arm and Luminaire Arm,Signal Pole with 70' Mast Arm and Luminaire Arm,EACH,635,sd_sddot_item_catalog_2026_07_27,true
sd_sddot_635E2175_v20260727,sd_sddot_635E2175,2026-07-27,,Signal Pole with 75' Mast Arm and Luminaire Arm,Signal Pole with 75' Mast Arm and Luminaire Arm,EACH,635,sd_sddot_item_catalog_2026_07_27,true
sd_sddot_635E2180_v20260727,sd_sddot_635E2180,2026-07-27,,Signal Pole with 80' Mast Arm and Luminaire Arm,Signal Pole with 80' Mast Arm and Luminaire Arm,EACH,635,sd_sddot_item_catalog_2026_07_27,true
sd_sddot_635E2185_v20260727,sd_sddot_635E2185,2026-07-27,,Signal Pole with 85' Mast Arm and Luminaire Arm,Signal Pole with 85' Mast Arm and Luminaire Arm,EACH,635,sd_sddot_item_catalog_2026_07_27,true
sd_sddot_635E2215_v20260727,sd_sddot_635E2215,2026-07-27,,Signal Pole with 15' Mast Arm and Twin Luminaire Arms,Signal Pole with 15' Mast Arm and Twin Luminaire Arms,EACH,635,sd_sddot_item_catalog_2026_07_27,true
sd_sddot_635E2220_v20260727,sd_sddot_635E2220,2026-07-27,,Signal Pole with 20' Mast Arm and Twin Luminaire Arms,Signal Pole with 20' Mast Arm and Twin Luminaire Arms,EACH,635,sd_sddot_item_catalog_2026_07_27,true
sd_sddot_635E2225_v20260727,sd_sddot_635E2225,2026-07-27,,Signal Pole with 25' Mast Arm and Twin Luminaire Arms,Signal Pole with 25' Mast Arm and Twin Luminaire Arms,EACH,635,sd_sddot_item_catalog_2026_07_27,true
sd_sddot_635E2230_v20260727,sd_sddot_635E2230,2026-07-27,,Signal Pole with 30' Mast Arm and Twin Luminaire Arms,Signal Pole with 30' Mast Arm and Twin Luminaire Arms,EACH,635,sd_sddot_item_catalog_2026_07_27,true
sd_sddot_635E2235_v20260727,sd_sddot_635E2235,2026-07-27,,Signal Pole with 35' Mast Arm and Twin Luminaire Arms,Signal Pole with 35' Mast Arm and Twin Luminaire Arms,EACH,635,sd_sddot_item_catalog_2026_07_27,true
sd_sddot_635E2240_v20260727,sd_sddot_635E2240,2026-07-27,,Signal Pole with 40' Mast Arm and Twin Luminaire Arms,Signal Pole with 40' Mast Arm and Twin Luminaire Arms,EACH,635,sd_sddot_item_catalog_2026_07_27,true
sd_sddot_635E2245_v20260727,sd_sddot_635E2245,2026-07-27,,Signal Pole with 45' Mast Arm and Twin Luminaire Arms,Signal Pole with 45' Mast Arm and Twin Luminaire Arms,EACH,635,sd_sddot_item_catalog_2026_07_27,true
sd_sddot_635E2250_v20260727,sd_sddot_635E2250,2026-07-27,,Signal Pole with 50' Mast Arm and Twin Luminaire Arms,Signal Pole with 50' Mast Arm and Twin Luminaire Arms,EACH,635,sd_sddot_item_catalog_2026_07_27,true
sd_sddot_635E2255_v20260727,sd_sddot_635E2255,2026-07-27,,Signal Pole with 55' Mast Arm and Twin Luminaire Arms,Signal Pole with 55' Mast Arm and Twin Luminaire Arms,EACH,635,sd_sddot_item_catalog_2026_07_27,true
sd_sddot_635E2260_v20260727,sd_sddot_635E2260,2026-07-27,,Signal Pole with 60' Mast Arm and Twin Luminaire Arms,Signal Pole with 60' Mast Arm and Twin Luminaire Arms,EACH,635,sd_sddot_item_catalog_2026_07_27,true
sd_sddot_635E2265_v20260727,sd_sddot_635E2265,2026-07-27,,Signal Pole with 65' Mast Arm and Twin Luminaire Arms,Signal Pole with 65' Mast Arm and Twin Luminaire Arms,EACH,635,sd_sddot_item_catalog_2026_07_27,true
sd_sddot_635E2266_v20260727,sd_sddot_635E2266,2026-07-27,,Signal Pole with 65' and 15' Mast Arms with Twin Luminaire Arms,Signal Pole with 65' and 15' Mast Arms with Twin Luminaire Arms,EACH,635,sd_sddot_item_catalog_2026_07_27,true
sd_sddot_635E2270_v20260727,sd_sddot_635E2270,2026-07-27,,Signal Pole with 70' Mast Arm and Twin Luminaire Arms,Signal Pole with 70' Mast Arm and Twin Luminaire Arms,EACH,635,sd_sddot_item_catalog_2026_07_27,true
sd_sddot_635E2275_v20260727,sd_sddot_635E2275,2026-07-27,,Signal Pole with 75' Mast Arm and Twin Luminaire Arms,Signal Pole with 75' Mast Arm and Twin Luminaire Arms,EACH,635,sd_sddot_item_catalog_2026_07_27,true
sd_sddot_635E2285_v20260727,sd_sddot_635E2285,2026-07-27,,Signal Pole with 85' Mast Arm and Twin Luminaire Arms,Signal Pole with 85' Mast Arm and Twin Luminaire Arms,EACH,635,sd_sddot_item_catalog_2026_07_27,true
sd_sddot_635E2290_v20260727,sd_sddot_635E2290,2026-07-27,,Signal Pole w/o Mast Arm,Signal Pole w/o Mast Arm,EACH,635,sd_sddot_item_catalog_2026_07_27,true
sd_sddot_635E2300_v20260727,sd_sddot_635E2300,2026-07-27,,Decorative Pedestal Signal Pole,Decorative Pedestal Signal Pole,EACH,635,sd_sddot_item_catalog_2026_07_27,true
sd_sddot_635E2315_v20260727,sd_sddot_635E2315,2026-07-27,,Decorative Signal Pole with 15' Mast Arm,Decorative Signal Pole with 15' Mast Arm,EACH,635,sd_sddot_item_catalog_2026_07_27,true
sd_sddot_635E2316_v20260727,sd_sddot_635E2316,2026-07-27,,Decorative Signal Pole with 2 - 15' Mast Arms,Decorative Signal Pole with 2 - 15' Mast Arms,EACH,635,sd_sddot_item_catalog_2026_07_27,true
sd_sddot_635E2340_v20260727,sd_sddot_635E2340,2026-07-27,,Decorative Signal Pole with 20' Mast Arm,Decorative Signal Pole with 20' Mast Arm,EACH,635,sd_sddot_item_catalog_2026_07_27,true
sd_sddot_635E2344_v20260727,sd_sddot_635E2344,2026-07-27,,Decorative Signal Pole with 25' Mast Arm,Decorative Signal Pole with 25' Mast Arm,EACH,635,sd_sddot_item_catalog_2026_07_27,true
sd_sddot_635E2346_v20260727,sd_sddot_635E2346,2026-07-27,,Decorative Signal Pole with 35' Mast Arm,Decorative Signal Pole with 35' Mast Arm,EACH,635,sd_sddot_item_catalog_2026_07_27,true
sd_sddot_635E2348_v20260727,sd_sddot_635E2348,2026-07-27,,Decorative Signal Pole with 40' Mast Arm,Decorative Signal Pole with 40' Mast Arm,EACH,635,sd_sddot_item_catalog_2026_07_27,true
sd_sddot_635E2350_v20260727,sd_sddot_635E2350,2026-07-27,,Decorative Signal Pole with 45' Mast Arm,Decorative Signal Pole with 45' Mast Arm,EACH,635,sd_sddot_item_catalog_2026_07_27,true
sd_sddot_635E2352_v20260727,sd_sddot_635E2352,2026-07-27,,Decorative Signal Pole with 50' Mast Arm,Decorative Signal Pole with 50' Mast Arm,EACH,635,sd_sddot_item_catalog_2026_07_27,true
sd_sddot_635E2354_v20260727,sd_sddot_635E2354,2026-07-27,,Decorative Signal Pole with 55' Mast Arm,Decorative Signal Pole with 55' Mast Arm,EACH,635,sd_sddot_item_catalog_2026_07_27,true
sd_sddot_635E2360_v20260727,sd_sddot_635E2360,2026-07-27,,Decorative Signal Pole with 15' Mast Arm and Luminaire Arm,Decorative Signal Pole with 15' Mast Arm and Luminaire Arm,EACH,635,sd_sddot_item_catalog_2026_07_27,true
sd_sddot_635E2362_v20260727,sd_sddot_635E2362,2026-07-27,,Decorative Signal Pole with 20' Mast Arm and Luminaire Arm,Decorative Signal Pole with 20' Mast Arm and Luminaire Arm,EACH,635,sd_sddot_item_catalog_2026_07_27,true
sd_sddot_635E2364_v20260727,sd_sddot_635E2364,2026-07-27,,Decorative Signal Pole with 25' Mast Arm and Luminaire Arm,Decorative Signal Pole with 25' Mast Arm and Luminaire Arm,EACH,635,sd_sddot_item_catalog_2026_07_27,true
sd_sddot_635E2366_v20260727,sd_sddot_635E2366,2026-07-27,,Decorative Signal Pole with 35' Mast Arm and Luminaire Arm,Decorative Signal Pole with 35' Mast Arm and Luminaire Arm,EACH,635,sd_sddot_item_catalog_2026_07_27,true
sd_sddot_635E2368_v20260727,sd_sddot_635E2368,2026-07-27,,Decorative Signal Pole with 40' Mast Arm and Luminaire Arm,Decorative Signal Pole with 40' Mast Arm and Luminaire Arm,EACH,635,sd_sddot_item_catalog_2026_07_27,true
sd_sddot_635E2370_v20260727,sd_sddot_635E2370,2026-07-27,,Decorative Signal Pole with 45' Mast Arm and Luminaire Arm,Decorative Signal Pole with 45' Mast Arm and Luminaire Arm,EACH,635,sd_sddot_item_catalog_2026_07_27,true
sd_sddot_635E2372_v20260727,sd_sddot_635E2372,2026-07-27,,Decorative Signal Pole with 50' Mast Arm and Luminaire Arm,Decorative Signal Pole with 50' Mast Arm and Luminaire Arm,EACH,635,sd_sddot_item_catalog_2026_07_27,true
sd_sddot_635E2376_v20260727,sd_sddot_635E2376,2026-07-27,,Decorative Signal Pole with 60' Mast Arm and Luminaire Arm,Decorative Signal Pole with 60' Mast Arm and Luminaire Arm,EACH,635,sd_sddot_item_catalog_2026_07_27,true
sd_sddot_635E2400_v20260727,sd_sddot_635E2400,2026-07-27,,Span Wire System,Span Wire System,SITE,635,sd_sddot_item_catalog_2026_07_27,true
sd_sddot_635E2430_v20260727,sd_sddot_635E2430,2026-07-27,,30' Hinged ITS Pole,30' Hinged ITS Pole,EACH,635,sd_sddot_item_catalog_2026_07_27,true
sd_sddot_635E2520_v20260727,sd_sddot_635E2520,2026-07-27,,Wood Utility Pole,Wood Utility Pole,EACH,635,sd_sddot_item_catalog_2026_07_27,true
sd_sddot_635E2530_v20260727,sd_sddot_635E2530,2026-07-27,,Galvanized Steel Utility Pole,Galvanized Steel Utility Pole,EACH,635,sd_sddot_item_catalog_2026_07_27,true
sd_sddot_635E2540_v20260727,sd_sddot_635E2540,2026-07-27,,Roadway Weather Information System Tower,Roadway Weather Information System Tower,EACH,635,sd_sddot_item_catalog_2026_07_27,true
sd_sddot_635E2542_v20260727,sd_sddot_635E2542,2026-07-27,,"Roadway Weather Information System Tower, Install","Roadway Weather Information System Tower, Install",EACH,635,sd_sddot_item_catalog_2026_07_27,true
sd_sddot_635E3080_v20260727,sd_sddot_635E3080,2026-07-27,,80' Light Tower with Lowering Device,80' Light Tower with Lowering Device,EACH,635,sd_sddot_item_catalog_2026_07_27,true
sd_sddot_635E3095_v20260727,sd_sddot_635E3095,2026-07-27,,95' Light Tower with Lowering Device,95' Light Tower with Lowering Device,EACH,635,sd_sddot_item_catalog_2026_07_27,true
sd_sddot_635E3100_v20260727,sd_sddot_635E3100,2026-07-27,,100' Light Tower with Lowering Device,100' Light Tower with Lowering Device,EACH,635,sd_sddot_item_catalog_2026_07_27,true
sd_sddot_635E3120_v20260727,sd_sddot_635E3120,2026-07-27,,120' Light Tower with Lowering Device,120' Light Tower with Lowering Device,EACH,635,sd_sddot_item_catalog_2026_07_27,true
sd_sddot_635E3130_v20260727,sd_sddot_635E3130,2026-07-27,,130' Light Tower with Lowering Device,130' Light Tower with Lowering Device,EACH,635,sd_sddot_item_catalog_2026_07_27,true
sd_sddot_635E3140_v20260727,sd_sddot_635E3140,2026-07-27,,140' Light Tower with Lowering Device,140' Light Tower with Lowering Device,EACH,635,sd_sddot_item_catalog_2026_07_27,true
sd_sddot_635E3150_v20260727,sd_sddot_635E3150,2026-07-27,,150' Light Tower with Lowering Device,150' Light Tower with Lowering Device,EACH,635,sd_sddot_item_catalog_2026_07_27,true
sd_sddot_635E3152_v20260727,sd_sddot_635E3152,2026-07-27,,150' Light Tower,150' Light Tower,EACH,635,sd_sddot_item_catalog_2026_07_27,true
sd_sddot_635E3205_v20260727,sd_sddot_635E3205,2026-07-27,,"Roadway Luminaire, 150 Watt","Roadway Luminaire, 150 Watt",EACH,635,sd_sddot_item_catalog_2026_07_27,true
sd_sddot_635E3210_v20260727,sd_sddot_635E3210,2026-07-27,,"Roadway Luminaire, 250 Watt","Roadway Luminaire, 250 Watt",EACH,635,sd_sddot_item_catalog_2026_07_27,true
sd_sddot_635E3220_v20260727,sd_sddot_635E3220,2026-07-27,,"Roadway Luminaire, 400 Watt","Roadway Luminaire, 400 Watt",EACH,635,sd_sddot_item_catalog_2026_07_27,true
sd_sddot_635E3225_v20260727,sd_sddot_635E3225,2026-07-27,,"Roadway Luminaire, 750 Watt","Roadway Luminaire, 750 Watt",EACH,635,sd_sddot_item_catalog_2026_07_27,true
sd_sddot_635E3230_v20260727,sd_sddot_635E3230,2026-07-27,,"Roadway Luminaire, 1000 Watt","Roadway Luminaire, 1000 Watt",EACH,635,sd_sddot_item_catalog_2026_07_27,true
sd_sddot_635E3278_v20260727,sd_sddot_635E3278,2026-07-27,,"Post Top Luminaire, 175 Watt","Post Top Luminaire, 175 Watt",EACH,635,sd_sddot_item_catalog_2026_07_27,true
sd_sddot_635E3284_v20260727,sd_sddot_635E3284,2026-07-27,,"Post Top Luminaire, 400 Watt","Post Top Luminaire, 400 Watt",EACH,635,sd_sddot_item_catalog_2026_07_27,true
sd_sddot_635E3300_v20260727,sd_sddot_635E3300,2026-07-27,,"Roadway Luminaire, 100 Watt with Photoelectric Cell","Roadway Luminaire, 100 Watt with Photoelectric Cell",EACH,635,sd_sddot_item_catalog_2026_07_27,true
sd_sddot_635E3310_v20260727,sd_sddot_635E3310,2026-07-27,,"Roadway Luminaire, 150 Watt with Photoelectric Cell","Roadway Luminaire, 150 Watt with Photoelectric Cell",EACH,635,sd_sddot_item_catalog_2026_07_27,true
sd_sddot_635E3320_v20260727,sd_sddot_635E3320,2026-07-27,,"Roadway Luminaire, 200 Watt with Photoelectric Cell","Roadway Luminaire, 200 Watt with Photoelectric Cell",EACH,635,sd_sddot_item_catalog_2026_07_27,true
sd_sddot_635E3330_v20260727,sd_sddot_635E3330,2026-07-27,,"Roadway Luminaire, 250 Watt with Photoelectric Cell","Roadway Luminaire, 250 Watt with Photoelectric Cell",EACH,635,sd_sddot_item_catalog_2026_07_27,true
sd_sddot_635E3340_v20260727,sd_sddot_635E3340,2026-07-27,,"Roadway Luminaire, 400 Watt with Photoelectric Cell","Roadway Luminaire, 400 Watt with Photoelectric Cell",EACH,635,sd_sddot_item_catalog_2026_07_27,true
sd_sddot_635E3345_v20260727,sd_sddot_635E3345,2026-07-27,,"Roadway Luminaire, 450 Watt with Photoelectric Cell","Roadway Luminaire, 450 Watt with Photoelectric Cell",EACH,635,sd_sddot_item_catalog_2026_07_27,true
sd_sddot_635E3350_v20260727,sd_sddot_635E3350,2026-07-27,,"Roadway Luminaire, 750 Watt with Photoelectric Cell","Roadway Luminaire, 750 Watt with Photoelectric Cell",EACH,635,sd_sddot_item_catalog_2026_07_27,true
sd_sddot_635E3360_v20260727,sd_sddot_635E3360,2026-07-27,,"Roadway Luminaire, 1000 Watt with Photoelectric Cell","Roadway Luminaire, 1000 Watt with Photoelectric Cell",EACH,635,sd_sddot_item_catalog_2026_07_27,true
sd_sddot_635E3375_v20260727,sd_sddot_635E3375,2026-07-27,,"Post Top Luminaire, 50 Watt with Photoelectric Cell","Post Top Luminaire, 50 Watt with Photoelectric Cell",EACH,635,sd_sddot_item_catalog_2026_07_27,true
sd_sddot_635E3380_v20260727,sd_sddot_635E3380,2026-07-27,,"Post Top Luminaire, 100 Watt with Photoelectric Cell","Post Top Luminaire, 100 Watt with Photoelectric Cell",EACH,635,sd_sddot_item_catalog_2026_07_27,true
sd_sddot_635E3381_v20260727,sd_sddot_635E3381,2026-07-27,,"Post Top Luminaire, 150 Watt with Photoelectric Cell","Post Top Luminaire, 150 Watt with Photoelectric Cell",EACH,635,sd_sddot_item_catalog_2026_07_27,true
sd_sddot_635E3382_v20260727,sd_sddot_635E3382,2026-07-27,,"Post Top Luminaire, 175 Watt with Photoelectric Cell","Post Top Luminaire, 175 Watt with Photoelectric Cell",EACH,635,sd_sddot_item_catalog_2026_07_27,true
sd_sddot_635E3383_v20260727,sd_sddot_635E3383,2026-07-27,,"Post Top Luminaire, 250 Watt with Photoelectric Cell","Post Top Luminaire, 250 Watt with Photoelectric Cell",EACH,635,sd_sddot_item_catalog_2026_07_27,true
sd_sddot_635E3384_v20260727,sd_sddot_635E3384,2026-07-27,,"Post Top Luminaire, 400 Watt with Photoelectric Cell","Post Top Luminaire, 400 Watt with Photoelectric Cell",EACH,635,sd_sddot_item_catalog_2026_07_27,true
sd_sddot_635E3390_v20260727,sd_sddot_635E3390,2026-07-27,,"Post Top Luminaire, LED with Photoelectric Cell","Post Top Luminaire, LED with Photoelectric Cell",EACH,635,sd_sddot_item_catalog_2026_07_27,true
sd_sddot_635E3395_v20260727,sd_sddot_635E3395,2026-07-27,,"Decorative Luminaire, 70 Watt","Decorative Luminaire, 70 Watt",EACH,635,sd_sddot_item_catalog_2026_07_27,true
sd_sddot_635E3397_v20260727,sd_sddot_635E3397,2026-07-27,,"Decorative Luminaire, 100 Watt","Decorative Luminaire, 100 Watt",EACH,635,sd_sddot_item_catalog_2026_07_27,true
sd_sddot_635E3400_v20260727,sd_sddot_635E3400,2026-07-27,,"Decorative Luminaire, 150 Watt","Decorative Luminaire, 150 Watt",EACH,635,sd_sddot_item_catalog_2026_07_27,true
sd_sddot_635E3401_v20260727,sd_sddot_635E3401,2026-07-27,,"Decorative Luminaire, 175 Watt","Decorative Luminaire, 175 Watt",EACH,635,sd_sddot_item_catalog_2026_07_27,true
sd_sddot_635E3410_v20260727,sd_sddot_635E3410,2026-07-27,,"Decorative Luminaire, 400 Watt","Decorative Luminaire, 400 Watt",EACH,635,sd_sddot_item_catalog_2026_07_27,true
sd_sddot_635E3440_v20260727,sd_sddot_635E3440,2026-07-27,,"Decorative Luminaire, 100 Watt with Photoelectric Cell","Decorative Luminaire, 100 Watt with Photoelectric Cell",EACH,635,sd_sddot_item_catalog_2026_07_27,true
sd_sddot_635E3450_v20260727,sd_sddot_635E3450,2026-07-27,,"Decorative Luminaire, 150 Watt with Photoelectric Cell","Decorative Luminaire, 150 Watt with Photoelectric Cell",EACH,635,sd_sddot_item_catalog_2026_07_27,true
sd_sddot_635E3455_v20260727,sd_sddot_635E3455,2026-07-27,,"Decorative Luminaire, 250 Watt with Photoelectric Cell","Decorative Luminaire, 250 Watt with Photoelectric Cell",EACH,635,sd_sddot_item_catalog_2026_07_27,true
sd_sddot_635E3460_v20260727,sd_sddot_635E3460,2026-07-27,,"Decorative Luminaire, 400 Watt with Photoelectric Cell","Decorative Luminaire, 400 Watt with Photoelectric Cell",EACH,635,sd_sddot_item_catalog_2026_07_27,true
sd_sddot_635E3497_v20260727,sd_sddot_635E3497,2026-07-27,,"Under Bridge Deck Luminaire, 35 Watt","Under Bridge Deck Luminaire, 35 Watt",EACH,635,sd_sddot_item_catalog_2026_07_27,true
sd_sddot_635E3500_v20260727,sd_sddot_635E3500,2026-07-27,,"Under Bridge Deck Luminaire, 50 Watt","Under Bridge Deck Luminaire, 50 Watt",EACH,635,sd_sddot_item_catalog_2026_07_27,true
sd_sddot_635E3510_v20260727,sd_sddot_635E3510,2026-07-27,,"Under Bridge Deck Luminaire, 70 Watt","Under Bridge Deck Luminaire, 70 Watt",EACH,635,sd_sddot_item_catalog_2026_07_27,true
sd_sddot_635E3515_v20260727,sd_sddot_635E3515,2026-07-27,,"Under Bridge Deck Luminaire, 100 Watt","Under Bridge Deck Luminaire, 100 Watt",EACH,635,sd_sddot_item_catalog_2026_07_27,true
sd_sddot_635E3520_v20260727,sd_sddot_635E3520,2026-07-27,,"Under Bridge Deck Luminaire, 150 Watt","Under Bridge Deck Luminaire, 150 Watt",EACH,635,sd_sddot_item_catalog_2026_07_27,true
sd_sddot_635E3530_v20260727,sd_sddot_635E3530,2026-07-27,,"Under Bridge Deck Luminaire, 250 Watt","Under Bridge Deck Luminaire, 250 Watt",EACH,635,sd_sddot_item_catalog_2026_07_27,true
sd_sddot_635E3540_v20260727,sd_sddot_635E3540,2026-07-27,,"Under Bridge Deck Luminaire, 400 Watt","Under Bridge Deck Luminaire, 400 Watt",EACH,635,sd_sddot_item_catalog_2026_07_27,true
sd_sddot_635E3545_v20260727,sd_sddot_635E3545,2026-07-27,,"Under Bridge Deck Luminaire, LED","Under Bridge Deck Luminaire, LED",EACH,635,sd_sddot_item_catalog_2026_07_27,true
sd_sddot_635E3550_v20260727,sd_sddot_635E3550,2026-07-27,,"Tunnel Luminaire, 70 Watt","Tunnel Luminaire, 70 Watt",EACH,635,sd_sddot_item_catalog_2026_07_27,true
sd_sddot_635E3580_v20260727,sd_sddot_635E3580,2026-07-27,,"Tunnel Luminaire, 400 Watt","Tunnel Luminaire, 400 Watt",EACH,635,sd_sddot_item_catalog_2026_07_27,true
sd_sddot_635E3585_v20260727,sd_sddot_635E3585,2026-07-27,,"Tunnel Luminaire, LED","Tunnel Luminaire, LED",EACH,635,sd_sddot_item_catalog_2026_07_27,true
sd_sddot_635E3600_v20260727,sd_sddot_635E3600,2026-07-27,,"Floodlight Luminaire, 100 Watt","Floodlight Luminaire, 100 Watt",EACH,635,sd_sddot_item_catalog_2026_07_27,true
sd_sddot_635E3610_v20260727,sd_sddot_635E3610,2026-07-27,,"Floodlight Luminaire, 150 Watt","Floodlight Luminaire, 150 Watt",EACH,635,sd_sddot_item_catalog_2026_07_27,true
sd_sddot_635E3620_v20260727,sd_sddot_635E3620,2026-07-27,,"Floodlight Luminaire, 175 Watt","Floodlight Luminaire, 175 Watt",EACH,635,sd_sddot_item_catalog_2026_07_27,true
sd_sddot_635E3625_v20260727,sd_sddot_635E3625,2026-07-27,,"Floodlight Luminaire, 250 Watt","Floodlight Luminaire, 250 Watt",EACH,635,sd_sddot_item_catalog_2026_07_27,true
sd_sddot_635E3630_v20260727,sd_sddot_635E3630,2026-07-27,,"Floodlight Luminaire, 400 Watt","Floodlight Luminaire, 400 Watt",EACH,635,sd_sddot_item_catalog_2026_07_27,true
sd_sddot_635E3645_v20260727,sd_sddot_635E3645,2026-07-27,,"Floodlight Luminaire, LED","Floodlight Luminaire, LED",EACH,635,sd_sddot_item_catalog_2026_07_27,true
sd_sddot_635E3700_v20260727,sd_sddot_635E3700,2026-07-27,,"Roadway Luminaire, LED with Photoelectric Cell","Roadway Luminaire, LED with Photoelectric Cell",EACH,635,sd_sddot_item_catalog_2026_07_27,true
sd_sddot_635E3800_v20260727,sd_sddot_635E3800,2026-07-27,,"Roadway Luminaire, LED","Roadway Luminaire, LED",EACH,635,sd_sddot_item_catalog_2026_07_27,true
sd_sddot_635E3810_v20260727,sd_sddot_635E3810,2026-07-27,,"Decorative Luminaire, LED","Decorative Luminaire, LED",EACH,635,sd_sddot_item_catalog_2026_07_27,true
sd_sddot_635E3815_v20260727,sd_sddot_635E3815,2026-07-27,,"Decorative Luminaire, LED with Photoelectric Cell","Decorative Luminaire, LED with Photoelectric Cell",EACH,635,sd_sddot_item_catalog_2026_07_27,true
sd_sddot_635E3998_v20260727,sd_sddot_635E3998,2026-07-27,,Mast Arm for Existing Signal Pole,Mast Arm for Existing Signal Pole,EACH,635,sd_sddot_item_catalog_2026_07_27,true
sd_sddot_635E3999_v20260727,sd_sddot_635E3999,2026-07-27,,Luminaire Arm,Luminaire Arm,EACH,635,sd_sddot_item_catalog_2026_07_27,true
sd_sddot_635E4010_v20260727,sd_sddot_635E4010,2026-07-27,,1 Section Vehicle Signal Head,1 Section Vehicle Signal Head,EACH,635,sd_sddot_item_catalog_2026_07_27,true
sd_sddot_635E4020_v20260727,sd_sddot_635E4020,2026-07-27,,2 Section Vehicle Signal Head,2 Section Vehicle Signal Head,EACH,635,sd_sddot_item_catalog_2026_07_27,true
sd_sddot_635E4030_v20260727,sd_sddot_635E4030,2026-07-27,,3 Section Vehicle Signal Head,3 Section Vehicle Signal Head,EACH,635,sd_sddot_item_catalog_2026_07_27,true
sd_sddot_635E4040_v20260727,sd_sddot_635E4040,2026-07-27,,4 Section Vehicle Signal Head,4 Section Vehicle Signal Head,EACH,635,sd_sddot_item_catalog_2026_07_27,true
sd_sddot_635E4050_v20260727,sd_sddot_635E4050,2026-07-27,,5 Section Vehicle Signal Head,5 Section Vehicle Signal Head,EACH,635,sd_sddot_item_catalog_2026_07_27,true
sd_sddot_635E4080_v20260727,sd_sddot_635E4080,2026-07-27,,3 Section Directional Vehicle Signal Head,3 Section Directional Vehicle Signal Head,EACH,635,sd_sddot_item_catalog_2026_07_27,true
sd_sddot_635E4090_v20260727,sd_sddot_635E4090,2026-07-27,,4 Section Directional Vehicle Signal Head,4 Section Directional Vehicle Signal Head,EACH,635,sd_sddot_item_catalog_2026_07_27,true
sd_sddot_635E4100_v20260727,sd_sddot_635E4100,2026-07-27,,5 Section Directional Vehicle Signal Head,5 Section Directional Vehicle Signal Head,EACH,635,sd_sddot_item_catalog_2026_07_27,true
sd_sddot_635E4900_v20260727,sd_sddot_635E4900,2026-07-27,,Breakaway Transformer Base,Breakaway Transformer Base,EACH,635,sd_sddot_item_catalog_2026_07_27,true
sd_sddot_635E5010_v20260727,sd_sddot_635E5010,2026-07-27,,1' Diameter Footing,1' Diameter Footing,FT,635,sd_sddot_item_catalog_2026_07_27,true
sd_sddot_635E5015_v20260727,sd_sddot_635E5015,2026-07-27,,1.5' Diameter Footing,1.5' Diameter Footing,FT,635,sd_sddot_item_catalog_2026_07_27,true
sd_sddot_635E5020_v20260727,sd_sddot_635E5020,2026-07-27,,2' Diameter Footing,2' Diameter Footing,FT,635,sd_sddot_item_catalog_2026_07_27,true
sd_sddot_635E5025_v20260727,sd_sddot_635E5025,2026-07-27,,2.5' Diameter Footing,2.5' Diameter Footing,FT,635,sd_sddot_item_catalog_2026_07_27,true
sd_sddot_635E5030_v20260727,sd_sddot_635E5030,2026-07-27,,3' Diameter Footing,3' Diameter Footing,FT,635,sd_sddot_item_catalog_2026_07_27,true
sd_sddot_635E5035_v20260727,sd_sddot_635E5035,2026-07-27,,3.5' Diameter Footing,3.5' Diameter Footing,FT,635,sd_sddot_item_catalog_2026_07_27,true
sd_sddot_635E5040_v20260727,sd_sddot_635E5040,2026-07-27,,4' Diameter Footing,4' Diameter Footing,FT,635,sd_sddot_item_catalog_2026_07_27,true
sd_sddot_635E5045_v20260727,sd_sddot_635E5045,2026-07-27,,4.5' Diameter Footing,4.5' Diameter Footing,FT,635,sd_sddot_item_catalog_2026_07_27,true
sd_sddot_635E5050_v20260727,sd_sddot_635E5050,2026-07-27,,5' Diameter Footing,5' Diameter Footing,FT,635,sd_sddot_item_catalog_2026_07_27,true
sd_sddot_635E5100_v20260727,sd_sddot_635E5100,2026-07-27,,Controller Cabinet Footing,Controller Cabinet Footing,EACH,635,sd_sddot_item_catalog_2026_07_27,true
sd_sddot_635E5200_v20260727,sd_sddot_635E5200,2026-07-27,,Twist in Steel Footing,Twist in Steel Footing,EACH,635,sd_sddot_item_catalog_2026_07_27,true
sd_sddot_635E5290_v20260727,sd_sddot_635E5290,2026-07-27,,Fiber Optic Pull Box,Fiber Optic Pull Box,EACH,635,sd_sddot_item_catalog_2026_07_27,true
sd_sddot_635E5292_v20260727,sd_sddot_635E5292,2026-07-27,,Fiber Optic Splice Vault,Fiber Optic Splice Vault,EACH,635,sd_sddot_item_catalog_2026_07_27,true
sd_sddot_635E5301_v20260727,sd_sddot_635E5301,2026-07-27,,Type 1 Electrical Junction Box,Type 1 Electrical Junction Box,EACH,635,sd_sddot_item_catalog_2026_07_27,true
sd_sddot_635E5302_v20260727,sd_sddot_635E5302,2026-07-27,,Type 2 Electrical Junction Box,Type 2 Electrical Junction Box,EACH,635,sd_sddot_item_catalog_2026_07_27,true
sd_sddot_635E5303_v20260727,sd_sddot_635E5303,2026-07-27,,Type 3 Electrical Junction Box,Type 3 Electrical Junction Box,EACH,635,sd_sddot_item_catalog_2026_07_27,true
sd_sddot_635E5304_v20260727,sd_sddot_635E5304,2026-07-27,,Type 4 Electrical Junction Box,Type 4 Electrical Junction Box,EACH,635,sd_sddot_item_catalog_2026_07_27,true
sd_sddot_635E5310_v20260727,sd_sddot_635E5310,2026-07-27,,Special Electrical Junction Box,Special Electrical Junction Box,EACH,635,sd_sddot_item_catalog_2026_07_27,true
sd_sddot_635E5313_v20260727,sd_sddot_635E5313,2026-07-27,,Type 3A Electrical Junction box,Type 3A Electrical Junction box,EACH,635,sd_sddot_item_catalog_2026_07_27,true
sd_sddot_635E5360_v20260727,sd_sddot_635E5360,2026-07-27,,Surface Mounted Junction Box,Surface Mounted Junction Box,EACH,635,sd_sddot_item_catalog_2026_07_27,true
sd_sddot_635E5380_v20260727,sd_sddot_635E5380,2026-07-27,,Reset Electrical Junction Box,Reset Electrical Junction Box,EACH,635,sd_sddot_item_catalog_2026_07_27,true
sd_sddot_635E5390_v20260727,sd_sddot_635E5390,2026-07-27,,Adjust Electrical Junction Box,Adjust Electrical Junction Box,EACH,635,sd_sddot_item_catalog_2026_07_27,true
sd_sddot_635E5400_v20260727,sd_sddot_635E5400,2026-07-27,,Electrical Service Cabinet,Electrical Service Cabinet,EACH,635,sd_sddot_item_catalog_2026_07_27,true
sd_sddot_635E5405_v20260727,sd_sddot_635E5405,2026-07-27,,Electrical Service Cabinet with Secondary Disconnect,Electrical Service Cabinet with Secondary Disconnect,EACH,635,sd_sddot_item_catalog_2026_07_27,true
sd_sddot_635E5410_v20260727,sd_sddot_635E5410,2026-07-27,,Controller Cabinet,Controller Cabinet,EACH,635,sd_sddot_item_catalog_2026_07_27,true
sd_sddot_635E5420_v20260727,sd_sddot_635E5420,2026-07-27,,Circuit Control Center,Circuit Control Center,EACH,635,sd_sddot_item_catalog_2026_07_27,true
sd_sddot_635E5430_v20260727,sd_sddot_635E5430,2026-07-27,,Traffic Signal Controller,Traffic Signal Controller,EACH,635,sd_sddot_item_catalog_2026_07_27,true
sd_sddot_635E5432_v20260727,sd_sddot_635E5432,2026-07-27,,Traffic Signal Controller Unit,Traffic Signal Controller Unit,EACH,635,sd_sddot_item_catalog_2026_07_27,true
sd_sddot_635E5440_v20260727,sd_sddot_635E5440,2026-07-27,,Master Controller,Master Controller,EACH,635,sd_sddot_item_catalog_2026_07_27,true
sd_sddot_635E5450_v20260727,sd_sddot_635E5450,2026-07-27,,Side Mounted Cabinet,Side Mounted Cabinet,EACH,635,sd_sddot_item_catalog_2026_07_27,true
sd_sddot_635E5461_v20260727,sd_sddot_635E5461,2026-07-27,,Type 1 Communication Cabinet,Type 1 Communication Cabinet,EACH,635,sd_sddot_item_catalog_2026_07_27,true
sd_sddot_635E5462_v20260727,sd_sddot_635E5462,2026-07-27,,Type 2 Communication Cabinet,Type 2 Communication Cabinet,EACH,635,sd_sddot_item_catalog_2026_07_27,true
sd_sddot_635E5463_v20260727,sd_sddot_635E5463,2026-07-27,,Type 3 Communication Cabinet,Type 3 Communication Cabinet,EACH,635,sd_sddot_item_catalog_2026_07_27,true
sd_sddot_635E5464_v20260727,sd_sddot_635E5464,2026-07-27,,Type 4 Communication Cabinet,Type 4 Communication Cabinet,EACH,635,sd_sddot_item_catalog_2026_07_27,true
sd_sddot_635E5470_v20260727,sd_sddot_635E5470,2026-07-27,,Wireless Interconnect System,Wireless Interconnect System,EACH,635,sd_sddot_item_catalog_2026_07_27,true
sd_sddot_635E5500_v20260727,sd_sddot_635E5500,2026-07-27,,Meter Socket,Meter Socket,EACH,635,sd_sddot_item_catalog_2026_07_27,true
sd_sddot_635E5510_v20260727,sd_sddot_635E5510,2026-07-27,,Signal Flasher Unit,Signal Flasher Unit,EACH,635,sd_sddot_item_catalog_2026_07_27,true
sd_sddot_635E5515_v20260727,sd_sddot_635E5515,2026-07-27,,Battery Backup System for Traffic Signal,Battery Backup System for Traffic Signal,EACH,635,sd_sddot_item_catalog_2026_07_27,true
sd_sddot_635E5518_v20260727,sd_sddot_635E5518,2026-07-27,,Battery Backup System for ITS,Battery Backup System for ITS,EACH,635,sd_sddot_item_catalog_2026_07_27,true
sd_sddot_635E5520_v20260727,sd_sddot_635E5520,2026-07-27,,Video Detection System,Video Detection System,EACH,635,sd_sddot_item_catalog_2026_07_27,true
sd_sddot_635E5530_v20260727,sd_sddot_635E5530,2026-07-27,,Preformed Detector Loop,Preformed Detector Loop,EACH,635,sd_sddot_item_catalog_2026_07_27,true
sd_sddot_635E5535_v20260727,sd_sddot_635E5535,2026-07-27,,"Sawed-In, Preformed Detector Loop","Sawed-In, Preformed Detector Loop",EACH,635,sd_sddot_item_catalog_2026_07_27,true
sd_sddot_635E5540_v20260727,sd_sddot_635E5540,2026-07-27,,Sawed-In Detector Loop,Sawed-In Detector Loop,EACH,635,sd_sddot_item_catalog_2026_07_27,true
sd_sddot_635E5542_v20260727,sd_sddot_635E5542,2026-07-27,,Magnetic Detector,Magnetic Detector,EACH,635,sd_sddot_item_catalog_2026_07_27,true
sd_sddot_635E5545_v20260727,sd_sddot_635E5545,2026-07-27,,Wireless In Pavement Traffic Sensor,Wireless In Pavement Traffic Sensor,EACH,635,sd_sddot_item_catalog_2026_07_27,true
sd_sddot_635E5550_v20260727,sd_sddot_635E5550,2026-07-27,,Detector Unit,Detector Unit,EACH,635,sd_sddot_item_catalog_2026_07_27,true
sd_sddot_635E5555_v20260727,sd_sddot_635E5555,2026-07-27,,Wireless Access Point,Wireless Access Point,EACH,635,sd_sddot_item_catalog_2026_07_27,true
sd_sddot_635E5558_v20260727,sd_sddot_635E5558,2026-07-27,,Wireless Repeater,Wireless Repeater,EACH,635,sd_sddot_item_catalog_2026_07_27,true
sd_sddot_635E5560_v20260727,sd_sddot_635E5560,2026-07-27,,Emergency Vehicle Preemption Unit,Emergency Vehicle Preemption Unit,EACH,635,sd_sddot_item_catalog_2026_07_27,true
sd_sddot_635E5561_v20260727,sd_sddot_635E5561,2026-07-27,,Install Emergency Vehicle Preemption Unit,Install Emergency Vehicle Preemption Unit,EACH,635,sd_sddot_item_catalog_2026_07_27,true
sd_sddot_635E5562_v20260727,sd_sddot_635E5562,2026-07-27,,Siren Emergency Vehicle Preemption System,Siren Emergency Vehicle Preemption System,EACH,635,sd_sddot_item_catalog_2026_07_27,true
sd_sddot_635E5565_v20260727,sd_sddot_635E5565,2026-07-27,,Preemption Actuating Push Button,Preemption Actuating Push Button,EACH,635,sd_sddot_item_catalog_2026_07_27,true
sd_sddot_635E5570_v20260727,sd_sddot_635E5570,2026-07-27,,Optical Detector,Optical Detector,EACH,635,sd_sddot_item_catalog_2026_07_27,true
sd_sddot_635E5575_v20260727,sd_sddot_635E5575,2026-07-27,,Optical Emitter,Optical Emitter,EACH,635,sd_sddot_item_catalog_2026_07_27,true
sd_sddot_635E5580_v20260727,sd_sddot_635E5580,2026-07-27,,LED Blankout Sign,LED Blankout Sign,EACH,635,sd_sddot_item_catalog_2026_07_27,true
sd_sddot_635E5590_v20260727,sd_sddot_635E5590,2026-07-27,,Vehicle Radar Detector,Vehicle Radar Detector,EACH,635,sd_sddot_item_catalog_2026_07_27,true
sd_sddot_635E5600_v20260727,sd_sddot_635E5600,2026-07-27,,Surveillance Camera,Surveillance Camera,EACH,635,sd_sddot_item_catalog_2026_07_27,true
sd_sddot_635E5680_v20260727,sd_sddot_635E5680,2026-07-27,,Pedestal Mounted Receptacle with Concrete Base,Pedestal Mounted Receptacle with Concrete Base,EACH,635,sd_sddot_item_catalog_2026_07_27,true
sd_sddot_635E5700_v20260727,sd_sddot_635E5700,2026-07-27,,In-Pavement LED Marker System,In-Pavement LED Marker System,EACH,635,sd_sddot_item_catalog_2026_07_27,true
sd_sddot_635E5800_v20260727,sd_sddot_635E5800,2026-07-27,,Miscellaneous Signal Parts,Miscellaneous Signal Parts,L S,635,sd_sddot_item_catalog_2026_07_27,true
sd_sddot_635E5810_v20260727,sd_sddot_635E5810,2026-07-27,,Anchor Bolt Cover,Anchor Bolt Cover,EACH,635,sd_sddot_item_catalog_2026_07_27,true
sd_sddot_635E5880_v20260727,sd_sddot_635E5880,2026-07-27,,Accessible Pedestrian Signal,Accessible Pedestrian Signal,EACH,635,sd_sddot_item_catalog_2026_07_27,true
sd_sddot_635E5900_v20260727,sd_sddot_635E5900,2026-07-27,,Pedestrian Push Button,Pedestrian Push Button,EACH,635,sd_sddot_item_catalog_2026_07_27,true
sd_sddot_635E5910_v20260727,sd_sddot_635E5910,2026-07-27,,Pedestrian Push Button Pole,Pedestrian Push Button Pole,EACH,635,sd_sddot_item_catalog_2026_07_27,true
sd_sddot_635E5915_v20260727,sd_sddot_635E5915,2026-07-27,,Pedestrian Push Button Station,Pedestrian Push Button Station,EACH,635,sd_sddot_item_catalog_2026_07_27,true
sd_sddot_635E5916_v20260727,sd_sddot_635E5916,2026-07-27,,Pedestrian Push Button Station Extension Bracket,Pedestrian Push Button Station Extension Bracket,EACH,635,sd_sddot_item_catalog_2026_07_27,true
sd_sddot_635E5922_v20260727,sd_sddot_635E5922,2026-07-27,,Pedestrian Signal Head with Countdown Timer,Pedestrian Signal Head with Countdown Timer,EACH,635,sd_sddot_item_catalog_2026_07_27,true
sd_sddot_635E5930_v20260727,sd_sddot_635E5930,2026-07-27,,Pedestrian Crossing Sign,Pedestrian Crossing Sign,EACH,635,sd_sddot_item_catalog_2026_07_27,true
sd_sddot_635E5940_v20260727,sd_sddot_635E5940,2026-07-27,,Extra Crossing Time Plaque,Extra Crossing Time Plaque,EACH,635,sd_sddot_item_catalog_2026_07_27,true
sd_sddot_635E5960_v20260727,sd_sddot_635E5960,2026-07-27,,Solar Powered Flashing Beacon,Solar Powered Flashing Beacon,EACH,635,sd_sddot_item_catalog_2026_07_27,true
sd_sddot_635E5970_v20260727,sd_sddot_635E5970,2026-07-27,,Pedestrian Hybrid Beacon Signal Head,Pedestrian Hybrid Beacon Signal Head,EACH,635,sd_sddot_item_catalog_2026_07_27,true
sd_sddot_635E5980_v20260727,sd_sddot_635E5980,2026-07-27,,Rectangular Rapid Flashing Beacon System,Rectangular Rapid Flashing Beacon System,EACH,635,sd_sddot_item_catalog_2026_07_27,true
sd_sddot_635E6000_v20260727,sd_sddot_635E6000,2026-07-27,,Ramp Queue Detection System,Ramp Queue Detection System,EACH,635,sd_sddot_item_catalog_2026_07_27,true
sd_sddot_635E6100_v20260727,sd_sddot_635E6100,2026-07-27,,Over-Height Vehicle Detection System,Over-Height Vehicle Detection System,EACH,635,sd_sddot_item_catalog_2026_07_27,true
sd_sddot_635E6200_v20260727,sd_sddot_635E6200,2026-07-27,,"Miscellaneous, Electrical","Miscellaneous, Electrical",L S,635,sd_sddot_item_catalog_2026_07_27,true
sd_sddot_635E6210_v20260727,sd_sddot_635E6210,2026-07-27,,Install Pole Mounted Dynamic Message Sign,Install Pole Mounted Dynamic Message Sign,EACH,635,sd_sddot_item_catalog_2026_07_27,true
sd_sddot_635E6220_v20260727,sd_sddot_635E6220,2026-07-27,,Pole Mounted Dynamic Message Sign,Pole Mounted Dynamic Message Sign,EACH,635,sd_sddot_item_catalog_2026_07_27,true
sd_sddot_635E6230_v20260727,sd_sddot_635E6230,2026-07-27,,Overhead Dynamic Message Sign,Overhead Dynamic Message Sign,EACH,635,sd_sddot_item_catalog_2026_07_27,true
sd_sddot_635E6240_v20260727,sd_sddot_635E6240,2026-07-27,,Post Mounted Dynamic Message Sign,Post Mounted Dynamic Message Sign,EACH,635,sd_sddot_item_catalog_2026_07_27,true
sd_sddot_635E6500_v20260727,sd_sddot_635E6500,2026-07-27,,Furnish Signal Pole with Mast Arm,Furnish Signal Pole with Mast Arm,EACH,635,sd_sddot_item_catalog_2026_07_27,true
sd_sddot_635E6603_v20260727,sd_sddot_635E6603,2026-07-27,,Backplate for 3 Section Signal Head,Backplate for 3 Section Signal Head,EACH,635,sd_sddot_item_catalog_2026_07_27,true
sd_sddot_635E6604_v20260727,sd_sddot_635E6604,2026-07-27,,Backplate for 4 Section Signal Head,Backplate for 4 Section Signal Head,EACH,635,sd_sddot_item_catalog_2026_07_27,true
sd_sddot_635E6605_v20260727,sd_sddot_635E6605,2026-07-27,,Backplate for 5 Section Signal Head,Backplate for 5 Section Signal Head,EACH,635,sd_sddot_item_catalog_2026_07_27,true
sd_sddot_635E6949_v20260727,sd_sddot_635E6949,2026-07-27,,"Furnish Roadway Luminaire, LED with Photoelectric Cell","Furnish Roadway Luminaire, LED with Photoelectric Cell",EACH,635,sd_sddot_item_catalog_2026_07_27,true
sd_sddot_635E6950_v20260727,sd_sddot_635E6950,2026-07-27,,Install Luminaire,Install Luminaire,EACH,635,sd_sddot_item_catalog_2026_07_27,true
sd_sddot_635E6952_v20260727,sd_sddot_635E6952,2026-07-27,,Install Luminaire Arm,Install Luminaire Arm,EACH,635,sd_sddot_item_catalog_2026_07_27,true
sd_sddot_635E6958_v20260727,sd_sddot_635E6958,2026-07-27,,Install Surface Mounted Junction Box,Install Surface Mounted Junction Box,EACH,635,sd_sddot_item_catalog_2026_07_27,true
sd_sddot_635E6959_v20260727,sd_sddot_635E6959,2026-07-27,,Furnish Controller Cabinet,Furnish Controller Cabinet,EACH,635,sd_sddot_item_catalog_2026_07_27,true
sd_sddot_635E6960_v20260727,sd_sddot_635E6960,2026-07-27,,Install Controller Cabinet,Install Controller Cabinet,EACH,635,sd_sddot_item_catalog_2026_07_27,true
sd_sddot_635E6961_v20260727,sd_sddot_635E6961,2026-07-27,,Furnish Traffic Signal Controller,Furnish Traffic Signal Controller,EACH,635,sd_sddot_item_catalog_2026_07_27,true
sd_sddot_635E6962_v20260727,sd_sddot_635E6962,2026-07-27,,Install Traffic Signal Controller,Install Traffic Signal Controller,EACH,635,sd_sddot_item_catalog_2026_07_27,true
sd_sddot_635E6969_v20260727,sd_sddot_635E6969,2026-07-27,,Furnish Pedestrian Push Button,Furnish Pedestrian Push Button,EACH,635,sd_sddot_item_catalog_2026_07_27,true
sd_sddot_635E6970_v20260727,sd_sddot_635E6970,2026-07-27,,Install Pedestrian Push Button,Install Pedestrian Push Button,EACH,635,sd_sddot_item_catalog_2026_07_27,true
sd_sddot_635E6991_v20260727,sd_sddot_635E6991,2026-07-27,,Install Battery Backup System for Traffic SIgnal,Install Battery Backup System for Traffic SIgnal,EACH,635,sd_sddot_item_catalog_2026_07_27,true
sd_sddot_635E6999_v20260727,sd_sddot_635E6999,2026-07-27,,Furnish Breakaway Base Luminaire Pole with Arm,Furnish Breakaway Base Luminaire Pole with Arm,EACH,635,sd_sddot_item_catalog_2026_07_27,true
sd_sddot_635E7000_v20260727,sd_sddot_635E7000,2026-07-27,,Install Luminaire Pole,Install Luminaire Pole,EACH,635,sd_sddot_item_catalog_2026_07_27,true
sd_sddot_635E7010_v20260727,sd_sddot_635E7010,2026-07-27,,Install Pedestal Signal Pole,Install Pedestal Signal Pole,EACH,635,sd_sddot_item_catalog_2026_07_27,true
sd_sddot_635E7015_v20260727,sd_sddot_635E7015,2026-07-27,,Furnish Signal Pole with Luminaire,Furnish Signal Pole with Luminaire,EACH,635,sd_sddot_item_catalog_2026_07_27,true
sd_sddot_635E7016_v20260727,sd_sddot_635E7016,2026-07-27,,Install Signal Pole with Luminaire,Install Signal Pole with Luminaire,EACH,635,sd_sddot_item_catalog_2026_07_27,true
sd_sddot_635E7017_v20260727,sd_sddot_635E7017,2026-07-27,,Furnish Signal Pole with Mast Arm and Luminaire Arm,Furnish Signal Pole with Mast Arm and Luminaire Arm,EACH,635,sd_sddot_item_catalog_2026_07_27,true
sd_sddot_635E7018_v20260727,sd_sddot_635E7018,2026-07-27,,Install Signal Pole with Mast Arm and Luminaire Arm,Install Signal Pole with Mast Arm and Luminaire Arm,EACH,635,sd_sddot_item_catalog_2026_07_27,true
sd_sddot_635E7020_v20260727,sd_sddot_635E7020,2026-07-27,,Install Signal Pole with Mast Arm,Install Signal Pole with Mast Arm,EACH,635,sd_sddot_item_catalog_2026_07_27,true
sd_sddot_635E7026_v20260727,sd_sddot_635E7026,2026-07-27,,Furnish 3 Section Vehicle Signal Head,Furnish 3 Section Vehicle Signal Head,EACH,635,sd_sddot_item_catalog_2026_07_27,true
sd_sddot_635E7028_v20260727,sd_sddot_635E7028,2026-07-27,,Furnish 5 Section Vehicle Signal Head,Furnish 5 Section Vehicle Signal Head,EACH,635,sd_sddot_item_catalog_2026_07_27,true
sd_sddot_635E7029_v20260727,sd_sddot_635E7029,2026-07-27,,Furnish Pedestrian Signal Head,Furnish Pedestrian Signal Head,EACH,635,sd_sddot_item_catalog_2026_07_27,true
sd_sddot_635E7030_v20260727,sd_sddot_635E7030,2026-07-27,,Install Signal Head,Install Signal Head,EACH,635,sd_sddot_item_catalog_2026_07_27,true
sd_sddot_635E7035_v20260727,sd_sddot_635E7035,2026-07-27,,Install Preformed Detector Loop,Install Preformed Detector Loop,EACH,635,sd_sddot_item_catalog_2026_07_27,true
sd_sddot_635E7500_v20260727,sd_sddot_635E7500,2026-07-27,,Remove and Reset Luminaire Pole,Remove and Reset Luminaire Pole,EACH,635,sd_sddot_item_catalog_2026_07_27,true
sd_sddot_635E7505_v20260727,sd_sddot_635E7505,2026-07-27,,Reset Luminaire Pole,Reset Luminaire Pole,EACH,635,sd_sddot_item_catalog_2026_07_27,true
sd_sddot_635E7510_v20260727,sd_sddot_635E7510,2026-07-27,,Remove and Reset Signal Pole,Remove and Reset Signal Pole,EACH,635,sd_sddot_item_catalog_2026_07_27,true
sd_sddot_635E7511_v20260727,sd_sddot_635E7511,2026-07-27,,Reset Signal Pole,Reset Signal Pole,EACH,635,sd_sddot_item_catalog_2026_07_27,true
sd_sddot_635E7513_v20260727,sd_sddot_635E7513,2026-07-27,,Remove and Reset Pedestal Signal Pole,Remove and Reset Pedestal Signal Pole,EACH,635,sd_sddot_item_catalog_2026_07_27,true
sd_sddot_635E7516_v20260727,sd_sddot_635E7516,2026-07-27,,Reset Pedestrian Push Button,Reset Pedestrian Push Button,EACH,635,sd_sddot_item_catalog_2026_07_27,true
sd_sddot_635E7517_v20260727,sd_sddot_635E7517,2026-07-27,,Reset Pedestrian Crossing Sign,Reset Pedestrian Crossing Sign,EACH,635,sd_sddot_item_catalog_2026_07_27,true
sd_sddot_635E7520_v20260727,sd_sddot_635E7520,2026-07-27,,Reset Light Tower,Reset Light Tower,EACH,635,sd_sddot_item_catalog_2026_07_27,true
sd_sddot_635E7522_v20260727,sd_sddot_635E7522,2026-07-27,,Install Light Tower,Install Light Tower,EACH,635,sd_sddot_item_catalog_2026_07_27,true
sd_sddot_635E7530_v20260727,sd_sddot_635E7530,2026-07-27,,Relocate Signal Equipment,Relocate Signal Equipment,L S,635,sd_sddot_item_catalog_2026_07_27,true
sd_sddot_635E7600_v20260727,sd_sddot_635E7600,2026-07-27,,Maintenance of Traffic Signal(s),Maintenance of Traffic Signal(s),HOUR,635,sd_sddot_item_catalog_2026_07_27,true
sd_sddot_635E7899_v20260727,sd_sddot_635E7899,2026-07-27,,Locator Ball,Locator Ball,EACH,635,sd_sddot_item_catalog_2026_07_27,true
sd_sddot_635E7900_v20260727,sd_sddot_635E7900,2026-07-27,,Fiberglass Conduit,Fiberglass Conduit,FT,635,sd_sddot_item_catalog_2026_07_27,true
sd_sddot_635E7908_v20260727,sd_sddot_635E7908,2026-07-27,,"0.75"" Intermediate Metal Conduit","0.75"" Intermediate Metal Conduit",FT,635,sd_sddot_item_catalog_2026_07_27,true
sd_sddot_635E8008_v20260727,sd_sddot_635E8008,2026-07-27,,"0.75"" Rigid Galvanized Steel Conduit","0.75"" Rigid Galvanized Steel Conduit",FT,635,sd_sddot_item_catalog_2026_07_27,true
sd_sddot_635E8010_v20260727,sd_sddot_635E8010,2026-07-27,,"1"" Rigid Galvanized Steel Conduit","1"" Rigid Galvanized Steel Conduit",FT,635,sd_sddot_item_catalog_2026_07_27,true
sd_sddot_635E8015_v20260727,sd_sddot_635E8015,2026-07-27,,"1.5"" Rigid Galvanized Steel Conduit","1.5"" Rigid Galvanized Steel Conduit",FT,635,sd_sddot_item_catalog_2026_07_27,true
sd_sddot_635E8020_v20260727,sd_sddot_635E8020,2026-07-27,,"2"" Rigid Galvanized Steel Conduit","2"" Rigid Galvanized Steel Conduit",FT,635,sd_sddot_item_catalog_2026_07_27,true
sd_sddot_635E8025_v20260727,sd_sddot_635E8025,2026-07-27,,"2.5"" Rigid Galvanized Steel Conduit","2.5"" Rigid Galvanized Steel Conduit",FT,635,sd_sddot_item_catalog_2026_07_27,true
sd_sddot_635E8030_v20260727,sd_sddot_635E8030,2026-07-27,,"3"" Rigid Galvanized Steel Conduit","3"" Rigid Galvanized Steel Conduit",FT,635,sd_sddot_item_catalog_2026_07_27,true
sd_sddot_635E8035_v20260727,sd_sddot_635E8035,2026-07-27,,"3.5"" Rigid Galvanized Steel Conduit","3.5"" Rigid Galvanized Steel Conduit",FT,635,sd_sddot_item_catalog_2026_07_27,true
sd_sddot_635E8040_v20260727,sd_sddot_635E8040,2026-07-27,,"4"" Rigid Galvanized Steel Conduit","4"" Rigid Galvanized Steel Conduit",FT,635,sd_sddot_item_catalog_2026_07_27,true
sd_sddot_635E8050_v20260727,sd_sddot_635E8050,2026-07-27,,"5"" Rigid Galvanized Steel Conduit","5"" Rigid Galvanized Steel Conduit",FT,635,sd_sddot_item_catalog_2026_07_27,true
sd_sddot_635E8060_v20260727,sd_sddot_635E8060,2026-07-27,,"6"" Rigid Galvanized Steel Conduit","6"" Rigid Galvanized Steel Conduit",FT,635,sd_sddot_item_catalog_2026_07_27,true
sd_sddot_635E8108_v20260727,sd_sddot_635E8108,2026-07-27,,"0.75"" Rigid Conduit, Schedule 40","0.75"" Rigid Conduit, Schedule 40",FT,635,sd_sddot_item_catalog_2026_07_27,true
sd_sddot_635E8110_v20260727,sd_sddot_635E8110,2026-07-27,,"1"" Rigid Conduit, Schedule 40","1"" Rigid Conduit, Schedule 40",FT,635,sd_sddot_item_catalog_2026_07_27,true
sd_sddot_635E8112_v20260727,sd_sddot_635E8112,2026-07-27,,"1.25"" Rigid Conduit, Schedule 40","1.25"" Rigid Conduit, Schedule 40",FT,635,sd_sddot_item_catalog_2026_07_27,true
sd_sddot_635E8115_v20260727,sd_sddot_635E8115,2026-07-27,,"1.5"" Rigid Conduit, Schedule 40","1.5"" Rigid Conduit, Schedule 40",FT,635,sd_sddot_item_catalog_2026_07_27,true
sd_sddot_635E8120_v20260727,sd_sddot_635E8120,2026-07-27,,"2"" Rigid Conduit, Schedule 40","2"" Rigid Conduit, Schedule 40",FT,635,sd_sddot_item_catalog_2026_07_27,true
sd_sddot_635E8125_v20260727,sd_sddot_635E8125,2026-07-27,,"2.5"" Rigid Conduit, Schedule 40","2.5"" Rigid Conduit, Schedule 40",FT,635,sd_sddot_item_catalog_2026_07_27,true
sd_sddot_635E8130_v20260727,sd_sddot_635E8130,2026-07-27,,"3"" Rigid Conduit, Schedule 40","3"" Rigid Conduit, Schedule 40",FT,635,sd_sddot_item_catalog_2026_07_27,true
sd_sddot_635E8135_v20260727,sd_sddot_635E8135,2026-07-27,,"3.5"" Rigid Conduit, Schedule 40","3.5"" Rigid Conduit, Schedule 40",FT,635,sd_sddot_item_catalog_2026_07_27,true
sd_sddot_635E8140_v20260727,sd_sddot_635E8140,2026-07-27,,"4"" Rigid Conduit, Schedule 40","4"" Rigid Conduit, Schedule 40",FT,635,sd_sddot_item_catalog_2026_07_27,true
sd_sddot_635E8150_v20260727,sd_sddot_635E8150,2026-07-27,,"5"" Rigid Conduit, Schedule 40","5"" Rigid Conduit, Schedule 40",FT,635,sd_sddot_item_catalog_2026_07_27,true
sd_sddot_635E8160_v20260727,sd_sddot_635E8160,2026-07-27,,"6"" Rigid Conduit, Schedule 40","6"" Rigid Conduit, Schedule 40",FT,635,sd_sddot_item_catalog_2026_07_27,true
sd_sddot_635E8210_v20260727,sd_sddot_635E8210,2026-07-27,,"1"" Rigid Conduit, Schedule 80","1"" Rigid Conduit, Schedule 80",FT,635,sd_sddot_item_catalog_2026_07_27,true
sd_sddot_635E8215_v20260727,sd_sddot_635E8215,2026-07-27,,"1.5"" Rigid Conduit, Schedule 80","1.5"" Rigid Conduit, Schedule 80",FT,635,sd_sddot_item_catalog_2026_07_27,true
sd_sddot_635E8220_v20260727,sd_sddot_635E8220,2026-07-27,,"2"" Rigid Conduit, Schedule 80","2"" Rigid Conduit, Schedule 80",FT,635,sd_sddot_item_catalog_2026_07_27,true
sd_sddot_635E8225_v20260727,sd_sddot_635E8225,2026-07-27,,"2.5"" Rigid Conduit, Schedule 80","2.5"" Rigid Conduit, Schedule 80",FT,635,sd_sddot_item_catalog_2026_07_27,true
sd_sddot_635E8230_v20260727,sd_sddot_635E8230,2026-07-27,,"3"" Rigid Conduit, Schedule 80","3"" Rigid Conduit, Schedule 80",FT,635,sd_sddot_item_catalog_2026_07_27,true
sd_sddot_635E8235_v20260727,sd_sddot_635E8235,2026-07-27,,"3.5"" Rigid Conduit, Schedule 80","3.5"" Rigid Conduit, Schedule 80",FT,635,sd_sddot_item_catalog_2026_07_27,true
sd_sddot_635E8240_v20260727,sd_sddot_635E8240,2026-07-27,,"4"" Rigid Conduit, Schedule 80","4"" Rigid Conduit, Schedule 80",FT,635,sd_sddot_item_catalog_2026_07_27,true
sd_sddot_635E8250_v20260727,sd_sddot_635E8250,2026-07-27,,"5"" Rigid Conduit, Schedule 80","5"" Rigid Conduit, Schedule 80",FT,635,sd_sddot_item_catalog_2026_07_27,true
sd_sddot_635E8260_v20260727,sd_sddot_635E8260,2026-07-27,,"6"" Rigid Conduit, Schedule 80","6"" Rigid Conduit, Schedule 80",FT,635,sd_sddot_item_catalog_2026_07_27,true
sd_sddot_635E8280_v20260727,sd_sddot_635E8280,2026-07-27,,"8"" Rigid Conduit, Schedule 80","8"" Rigid Conduit, Schedule 80",FT,635,sd_sddot_item_catalog_2026_07_27,true
sd_sddot_635E8310_v20260727,sd_sddot_635E8310,2026-07-27,,"1"" Innerduct, Schedule 40","1"" Innerduct, Schedule 40",FT,635,sd_sddot_item_catalog_2026_07_27,true
sd_sddot_635E8315_v20260727,sd_sddot_635E8315,2026-07-27,,"1.5"" Innerduct, Schedule 40","1.5"" Innerduct, Schedule 40",FT,635,sd_sddot_item_catalog_2026_07_27,true
sd_sddot_635E8320_v20260727,sd_sddot_635E8320,2026-07-27,,"2"" Innerduct, Schedule 40","2"" Innerduct, Schedule 40",FT,635,sd_sddot_item_catalog_2026_07_27,true
sd_sddot_635E8360_v20260727,sd_sddot_635E8360,2026-07-27,,"1"" Innerduct, Schedule 80","1"" Innerduct, Schedule 80",FT,635,sd_sddot_item_catalog_2026_07_27,true
sd_sddot_635E8365_v20260727,sd_sddot_635E8365,2026-07-27,,"1.5"" Innerduct, Schedule 80","1.5"" Innerduct, Schedule 80",FT,635,sd_sddot_item_catalog_2026_07_27,true
sd_sddot_635E8370_v20260727,sd_sddot_635E8370,2026-07-27,,"2"" Innerduct, Schedule 80","2"" Innerduct, Schedule 80",FT,635,sd_sddot_item_catalog_2026_07_27,true
sd_sddot_635E8410_v20260727,sd_sddot_635E8410,2026-07-27,,"1/2"" Innerduct, SDR 13.5","1/2"" Innerduct, SDR 13.5",FT,635,sd_sddot_item_catalog_2026_07_27,true
sd_sddot_635E8412_v20260727,sd_sddot_635E8412,2026-07-27,,"3/4"" Innerduct, SDR 13.5","3/4"" Innerduct, SDR 13.5",FT,635,sd_sddot_item_catalog_2026_07_27,true
sd_sddot_635E8415_v20260727,sd_sddot_635E8415,2026-07-27,,"1"" Innerduct, SDR 13.5","1"" Innerduct, SDR 13.5",FT,635,sd_sddot_item_catalog_2026_07_27,true
sd_sddot_635E8418_v20260727,sd_sddot_635E8418,2026-07-27,,"1.25"" Innerduct, SDR 13.5","1.25"" Innerduct, SDR 13.5",FT,635,sd_sddot_item_catalog_2026_07_27,true
sd_sddot_635E8420_v20260727,sd_sddot_635E8420,2026-07-27,,"1.5"" Innerduct, SDR 13.5","1.5"" Innerduct, SDR 13.5",FT,635,sd_sddot_item_catalog_2026_07_27,true
sd_sddot_635E8425_v20260727,sd_sddot_635E8425,2026-07-27,,"2"" Innerduct, SDR 13.5","2"" Innerduct, SDR 13.5",FT,635,sd_sddot_item_catalog_2026_07_27,true
sd_sddot_635E8520_v20260727,sd_sddot_635E8520,2026-07-27,,"2"" Rigid Stainless Steel Conduit","2"" Rigid Stainless Steel Conduit",FT,635,sd_sddot_item_catalog_2026_07_27,true
sd_sddot_635E8530_v20260727,sd_sddot_635E8530,2026-07-27,,"3"" Split Duct Conduit, Schedule 80","3"" Split Duct Conduit, Schedule 80",FT,635,sd_sddot_item_catalog_2026_07_27,true
sd_sddot_635E8610_v20260727,sd_sddot_635E8610,2026-07-27,,"1"" Conduit, SDR 13.5","1"" Conduit, SDR 13.5",FT,635,sd_sddot_item_catalog_2026_07_27,true
sd_sddot_635E8615_v20260727,sd_sddot_635E8615,2026-07-27,,"1.5"" Conduit, SDR 13.5","1.5"" Conduit, SDR 13.5",FT,635,sd_sddot_item_catalog_2026_07_27,true
sd_sddot_635E8620_v20260727,sd_sddot_635E8620,2026-07-27,,"2"" Conduit, SDR 13.5","2"" Conduit, SDR 13.5",FT,635,sd_sddot_item_catalog_2026_07_27,true
sd_sddot_635E8630_v20260727,sd_sddot_635E8630,2026-07-27,,"3"" Conduit, SDR 13.5","3"" Conduit, SDR 13.5",FT,635,sd_sddot_item_catalog_2026_07_27,true
sd_sddot_635E8640_v20260727,sd_sddot_635E8640,2026-07-27,,"4"" Conduit, SDR 13.5","4"" Conduit, SDR 13.5",FT,635,sd_sddot_item_catalog_2026_07_27,true
sd_sddot_635E8750_v20260727,sd_sddot_635E8750,2026-07-27,,4/4/4/4 ALU Quadraplex,4/4/4/4 ALU Quadraplex,FT,635,sd_sddot_item_catalog_2026_07_27,true
sd_sddot_635E8830_v20260727,sd_sddot_635E8830,2026-07-27,,2/2/2/4 Aluminum Wire,2/2/2/4 Aluminum Wire,FT,635,sd_sddot_item_catalog_2026_07_27,true
sd_sddot_635E8850_v20260727,sd_sddot_635E8850,2026-07-27,,4/4/4/4 Aluminum Wire,4/4/4/4 Aluminum Wire,FT,635,sd_sddot_item_catalog_2026_07_27,true
sd_sddot_635E8851_v20260727,sd_sddot_635E8851,2026-07-27,,4/4/4 Aluminum Wire,4/4/4 Aluminum Wire,FT,635,sd_sddot_item_catalog_2026_07_27,true
sd_sddot_635E8852_v20260727,sd_sddot_635E8852,2026-07-27,,2/2/2 Aluminum Wire,2/2/2 Aluminum Wire,FT,635,sd_sddot_item_catalog_2026_07_27,true
sd_sddot_635E8853_v20260727,sd_sddot_635E8853,2026-07-27,,2/2/4 Aluminum Wire,2/2/4 Aluminum Wire,FT,635,sd_sddot_item_catalog_2026_07_27,true
sd_sddot_635E8900_v20260727,sd_sddot_635E8900,2026-07-27,,3/C #0000 AWG Aluminum Wire,3/C #0000 AWG Aluminum Wire,FT,635,sd_sddot_item_catalog_2026_07_27,true
sd_sddot_635E9000_v20260727,sd_sddot_635E9000,2026-07-27,,1/C #0000 AWG Copper Wire,1/C #0000 AWG Copper Wire,FT,635,sd_sddot_item_catalog_2026_07_27,true
sd_sddot_635E9001_v20260727,sd_sddot_635E9001,2026-07-27,,1/C #000 AWG Copper Wire,1/C #000 AWG Copper Wire,FT,635,sd_sddot_item_catalog_2026_07_27,true
sd_sddot_635E9002_v20260727,sd_sddot_635E9002,2026-07-27,,1/C #00 AWG Copper Wire,1/C #00 AWG Copper Wire,FT,635,sd_sddot_item_catalog_2026_07_27,true
sd_sddot_635E9010_v20260727,sd_sddot_635E9010,2026-07-27,,1/C #0 AWG Copper Wire,1/C #0 AWG Copper Wire,FT,635,sd_sddot_item_catalog_2026_07_27,true
sd_sddot_635E9011_v20260727,sd_sddot_635E9011,2026-07-27,,1/C #1 AWG Copper Wire,1/C #1 AWG Copper Wire,FT,635,sd_sddot_item_catalog_2026_07_27,true
sd_sddot_635E9012_v20260727,sd_sddot_635E9012,2026-07-27,,1/C #2 AWG Copper Wire,1/C #2 AWG Copper Wire,FT,635,sd_sddot_item_catalog_2026_07_27,true
sd_sddot_635E9013_v20260727,sd_sddot_635E9013,2026-07-27,,1/C #3 AWG Copper Wire,1/C #3 AWG Copper Wire,FT,635,sd_sddot_item_catalog_2026_07_27,true
sd_sddot_635E9014_v20260727,sd_sddot_635E9014,2026-07-27,,1/C #4 AWG Copper Wire,1/C #4 AWG Copper Wire,FT,635,sd_sddot_item_catalog_2026_07_27,true
sd_sddot_635E9016_v20260727,sd_sddot_635E9016,2026-07-27,,1/C #6 AWG Copper Wire,1/C #6 AWG Copper Wire,FT,635,sd_sddot_item_catalog_2026_07_27,true
sd_sddot_635E9018_v20260727,sd_sddot_635E9018,2026-07-27,,1/C #8 AWG Copper Wire,1/C #8 AWG Copper Wire,FT,635,sd_sddot_item_catalog_2026_07_27,true
sd_sddot_635E9020_v20260727,sd_sddot_635E9020,2026-07-27,,1/C #10 AWG Copper Wire,1/C #10 AWG Copper Wire,FT,635,sd_sddot_item_catalog_2026_07_27,true
sd_sddot_635E9021_v20260727,sd_sddot_635E9021,2026-07-27,,2/C #12 AWG Copper Wire,2/C #12 AWG Copper Wire,FT,635,sd_sddot_item_catalog_2026_07_27,true
sd_sddot_635E9022_v20260727,sd_sddot_635E9022,2026-07-27,,1/C #12 AWG Copper Wire,1/C #12 AWG Copper Wire,FT,635,sd_sddot_item_catalog_2026_07_27,true
sd_sddot_635E9023_v20260727,sd_sddot_635E9023,2026-07-27,,3/C #12 AWG Copper Wire,3/C #12 AWG Copper Wire,FT,635,sd_sddot_item_catalog_2026_07_27,true
sd_sddot_635E9024_v20260727,sd_sddot_635E9024,2026-07-27,,1/C #14 AWG Copper Wire,1/C #14 AWG Copper Wire,FT,635,sd_sddot_item_catalog_2026_07_27,true
sd_sddot_635E9026_v20260727,sd_sddot_635E9026,2026-07-27,,3/C #14 AWG Copper Wire,3/C #14 AWG Copper Wire,FT,635,sd_sddot_item_catalog_2026_07_27,true
sd_sddot_635E9050_v20260727,sd_sddot_635E9050,2026-07-27,,4/C #20 AWG Copper Wire,4/C #20 AWG Copper Wire,FT,635,sd_sddot_item_catalog_2026_07_27,true
sd_sddot_635E9100_v20260727,sd_sddot_635E9100,2026-07-27,,1/C #0000 AWG Direct Burial Copper Wire,1/C #0000 AWG Direct Burial Copper Wire,FT,635,sd_sddot_item_catalog_2026_07_27,true
sd_sddot_635E9101_v20260727,sd_sddot_635E9101,2026-07-27,,1/C #000 AWG Direct Burial Copper Wire,1/C #000 AWG Direct Burial Copper Wire,FT,635,sd_sddot_item_catalog_2026_07_27,true
sd_sddot_635E9102_v20260727,sd_sddot_635E9102,2026-07-27,,1/C #00 AWG Direct Burial Copper Wire,1/C #00 AWG Direct Burial Copper Wire,FT,635,sd_sddot_item_catalog_2026_07_27,true
sd_sddot_635E9110_v20260727,sd_sddot_635E9110,2026-07-27,,1/C #0 AWG Direct Burial Copper Wire,1/C #0 AWG Direct Burial Copper Wire,FT,635,sd_sddot_item_catalog_2026_07_27,true
sd_sddot_635E9111_v20260727,sd_sddot_635E9111,2026-07-27,,1/C #1 AWG Direct Burial Copper Wire,1/C #1 AWG Direct Burial Copper Wire,FT,635,sd_sddot_item_catalog_2026_07_27,true
sd_sddot_635E9112_v20260727,sd_sddot_635E9112,2026-07-27,,1/C #2 AWG Direct Burial Copper Wire,1/C #2 AWG Direct Burial Copper Wire,FT,635,sd_sddot_item_catalog_2026_07_27,true
sd_sddot_635E9113_v20260727,sd_sddot_635E9113,2026-07-27,,1/C #3 AWG Direct Burial Copper Wire,1/C #3 AWG Direct Burial Copper Wire,FT,635,sd_sddot_item_catalog_2026_07_27,true
sd_sddot_635E9114_v20260727,sd_sddot_635E9114,2026-07-27,,1/C #4 AWG Direct Burial Copper Wire,1/C #4 AWG Direct Burial Copper Wire,FT,635,sd_sddot_item_catalog_2026_07_27,true
sd_sddot_635E9116_v20260727,sd_sddot_635E9116,2026-07-27,,1/C #6 AWG Direct Burial Copper Wire,1/C #6 AWG Direct Burial Copper Wire,FT,635,sd_sddot_item_catalog_2026_07_27,true
sd_sddot_635E9118_v20260727,sd_sddot_635E9118,2026-07-27,,1/C #8 AWG Direct Burial Copper Wire,1/C #8 AWG Direct Burial Copper Wire,FT,635,sd_sddot_item_catalog_2026_07_27,true
sd_sddot_635E9120_v20260727,sd_sddot_635E9120,2026-07-27,,1/C #10 AWG Direct Burial Copper Wire,1/C #10 AWG Direct Burial Copper Wire,FT,635,sd_sddot_item_catalog_2026_07_27,true
sd_sddot_635E9200_v20260727,sd_sddot_635E9200,2026-07-27,,"2/C #10 AWG IMSA Copper Cable, K1","2/C #10 AWG IMSA Copper Cable, K1",FT,635,sd_sddot_item_catalog_2026_07_27,true
sd_sddot_635E9301_v20260727,sd_sddot_635E9301,2026-07-27,,"1/C #14 AWG IMSA Copper Cable, K1","1/C #14 AWG IMSA Copper Cable, K1",FT,635,sd_sddot_item_catalog_2026_07_27,true
sd_sddot_635E9302_v20260727,sd_sddot_635E9302,2026-07-27,,"2/C #14 AWG IMSA Copper Cable, K1","2/C #14 AWG IMSA Copper Cable, K1",FT,635,sd_sddot_item_catalog_2026_07_27,true
sd_sddot_635E9303_v20260727,sd_sddot_635E9303,2026-07-27,,"3/C #14 AWG IMSA Copper Cable, K1","3/C #14 AWG IMSA Copper Cable, K1",FT,635,sd_sddot_item_catalog_2026_07_27,true
sd_sddot_635E9304_v20260727,sd_sddot_635E9304,2026-07-27,,"4/C #14 AWG IMSA Copper Cable, K1","4/C #14 AWG IMSA Copper Cable, K1",FT,635,sd_sddot_item_catalog_2026_07_27,true
sd_sddot_635E9305_v20260727,sd_sddot_635E9305,2026-07-27,,"5/C #14 AWG IMSA Copper Cable, K1","5/C #14 AWG IMSA Copper Cable, K1",FT,635,sd_sddot_item_catalog_2026_07_27,true
sd_sddot_635E9307_v20260727,sd_sddot_635E9307,2026-07-27,,"7/C #14 AWG IMSA Copper Cable, K1","7/C #14 AWG IMSA Copper Cable, K1",FT,635,sd_sddot_item_catalog_2026_07_27,true
sd_sddot_635E9309_v20260727,sd_sddot_635E9309,2026-07-27,,"9/C #14 AWG IMSA Copper Cable, K1","9/C #14 AWG IMSA Copper Cable, K1",FT,635,sd_sddot_item_catalog_2026_07_27,true
sd_sddot_635E9312_v20260727,sd_sddot_635E9312,2026-07-27,,"12/C #14 AWG IMSA Copper Cable, K1","12/C #14 AWG IMSA Copper Cable, K1",FT,635,sd_sddot_item_catalog_2026_07_27,true
sd_sddot_635E9319_v20260727,sd_sddot_635E9319,2026-07-27,,"19/C #14 AWG IMSA Copper Cable, K1","19/C #14 AWG IMSA Copper Cable, K1",FT,635,sd_sddot_item_catalog_2026_07_27,true
sd_sddot_635E9320_v20260727,sd_sddot_635E9320,2026-07-27,,"20/C #14 AWG IMSA Copper Cable, K1","20/C #14 AWG IMSA Copper Cable, K1",FT,635,sd_sddot_item_catalog_2026_07_27,true
sd_sddot_635E9324_v20260727,sd_sddot_635E9324,2026-07-27,,"24/C #14 AWG IMSA Copper Cable, K1","24/C #14 AWG IMSA Copper Cable, K1",FT,635,sd_sddot_item_catalog_2026_07_27,true
sd_sddot_635E9325_v20260727,sd_sddot_635E9325,2026-07-27,,"25/C #14 AWG IMSA Copper Cable, K1","25/C #14 AWG IMSA Copper Cable, K1",FT,635,sd_sddot_item_catalog_2026_07_27,true
sd_sddot_635E9353_v20260727,sd_sddot_635E9353,2026-07-27,,"3/C #16 AWG IMSA Copper Cable, K1","3/C #16 AWG IMSA Copper Cable, K1",FT,635,sd_sddot_item_catalog_2026_07_27,true
sd_sddot_635E9387_v20260727,sd_sddot_635E9387,2026-07-27,,"7/C #10 AWG Copper Tray Cable, K2","7/C #10 AWG Copper Tray Cable, K2",FT,635,sd_sddot_item_catalog_2026_07_27,true
sd_sddot_635E9502_v20260727,sd_sddot_635E9502,2026-07-27,,"2/C #14 AWG Copper Tray Cable, K2","2/C #14 AWG Copper Tray Cable, K2",FT,635,sd_sddot_item_catalog_2026_07_27,true
sd_sddot_635E9503_v20260727,sd_sddot_635E9503,2026-07-27,,"3/C #14 AWG Copper Tray Cable, K2","3/C #14 AWG Copper Tray Cable, K2",FT,635,sd_sddot_item_catalog_2026_07_27,true
sd_sddot_635E9504_v20260727,sd_sddot_635E9504,2026-07-27,,"4/C #14 AWG Copper Tray Cable, K2","4/C #14 AWG Copper Tray Cable, K2",FT,635,sd_sddot_item_catalog_2026_07_27,true
sd_sddot_635E9505_v20260727,sd_sddot_635E9505,2026-07-27,,"5/C #14 AWG Copper Tray Cable, K2","5/C #14 AWG Copper Tray Cable, K2",FT,635,sd_sddot_item_catalog_2026_07_27,true
sd_sddot_635E9506_v20260727,sd_sddot_635E9506,2026-07-27,,"6/C #14 AWG Copper Tray Cable, K2","6/C #14 AWG Copper Tray Cable, K2",FT,635,sd_sddot_item_catalog_2026_07_27,true
sd_sddot_635E9507_v20260727,sd_sddot_635E9507,2026-07-27,,"7/C #14 AWG Copper Tray Cable, K2","7/C #14 AWG Copper Tray Cable, K2",FT,635,sd_sddot_item_catalog_2026_07_27,true
sd_sddot_635E9508_v20260727,sd_sddot_635E9508,2026-07-27,,"8/C #14 AWG Copper Tray Cable, K2","8/C #14 AWG Copper Tray Cable, K2",FT,635,sd_sddot_item_catalog_2026_07_27,true
sd_sddot_635E9509_v20260727,sd_sddot_635E9509,2026-07-27,,"9/C #14 AWG Copper Tray Cable, K2","9/C #14 AWG Copper Tray Cable, K2",FT,635,sd_sddot_item_catalog_2026_07_27,true
sd_sddot_635E9510_v20260727,sd_sddot_635E9510,2026-07-27,,"10/C #14 AWG Copper Tray Cable, K2","10/C #14 AWG Copper Tray Cable, K2",FT,635,sd_sddot_item_catalog_2026_07_27,true
sd_sddot_635E9512_v20260727,sd_sddot_635E9512,2026-07-27,,"12/C #14 AWG Copper Tray Cable, K2","12/C #14 AWG Copper Tray Cable, K2",FT,635,sd_sddot_item_catalog_2026_07_27,true
sd_sddot_635E9515_v20260727,sd_sddot_635E9515,2026-07-27,,"15/C #14 AWG Copper Tray Cable, K2","15/C #14 AWG Copper Tray Cable, K2",FT,635,sd_sddot_item_catalog_2026_07_27,true
sd_sddot_635E9519_v20260727,sd_sddot_635E9519,2026-07-27,,"19/C #14 AWG Copper Tray Cable, K2","19/C #14 AWG Copper Tray Cable, K2",FT,635,sd_sddot_item_catalog_2026_07_27,true
sd_sddot_635E9520_v20260727,sd_sddot_635E9520,2026-07-27,,"20/C #14 AWG Copper Tray Cable, K2","20/C #14 AWG Copper Tray Cable, K2",FT,635,sd_sddot_item_catalog_2026_07_27,true
sd_sddot_635E9524_v20260727,sd_sddot_635E9524,2026-07-27,,"24/C #14 AWG Copper Tray Cable, K2","24/C #14 AWG Copper Tray Cable, K2",FT,635,sd_sddot_item_catalog_2026_07_27,true
sd_sddot_635E9525_v20260727,sd_sddot_635E9525,2026-07-27,,"25/C #14 AWG Copper Tray Cable, K2","25/C #14 AWG Copper Tray Cable, K2",FT,635,sd_sddot_item_catalog_2026_07_27,true
sd_sddot_635E9526_v20260727,sd_sddot_635E9526,2026-07-27,,"26/C #14 AWG Copper Tray Cable, K2","26/C #14 AWG Copper Tray Cable, K2",FT,635,sd_sddot_item_catalog_2026_07_27,true
sd_sddot_635E9530_v20260727,sd_sddot_635E9530,2026-07-27,,"30/C #14 AWG Copper Tray Cable, K2","30/C #14 AWG Copper Tray Cable, K2",FT,635,sd_sddot_item_catalog_2026_07_27,true
sd_sddot_635E9534_v20260727,sd_sddot_635E9534,2026-07-27,,"4/C #16 AWG Copper Tray Cable, K2","4/C #16 AWG Copper Tray Cable, K2",FT,635,sd_sddot_item_catalog_2026_07_27,true
sd_sddot_635E9537_v20260727,sd_sddot_635E9537,2026-07-27,,"7/C #16 AWG Copper Tray Cable, K2","7/C #16 AWG Copper Tray Cable, K2",FT,635,sd_sddot_item_catalog_2026_07_27,true
sd_sddot_635E9542_v20260727,sd_sddot_635E9542,2026-07-27,,"12/C #16 AWG Copper Tray Cable, K2","12/C #16 AWG Copper Tray Cable, K2",FT,635,sd_sddot_item_catalog_2026_07_27,true
sd_sddot_635E9549_v20260727,sd_sddot_635E9549,2026-07-27,,"19/C #16 AWG Copper Tray Cable, K2","19/C #16 AWG Copper Tray Cable, K2",FT,635,sd_sddot_item_catalog_2026_07_27,true
sd_sddot_635E9555_v20260727,sd_sddot_635E9555,2026-07-27,,"25/C #16 AWG Copper Tray Cable, K2","25/C #16 AWG Copper Tray Cable, K2",FT,635,sd_sddot_item_catalog_2026_07_27,true
sd_sddot_635E9600_v20260727,sd_sddot_635E9600,2026-07-27,,#16 AWG Copper Twisted Shielded Pair,#16 AWG Copper Twisted Shielded Pair,FT,635,sd_sddot_item_catalog_2026_07_27,true
sd_sddot_635E9603_v20260727,sd_sddot_635E9603,2026-07-27,,#14 AWG Copper Twisted Shielded Pair,#14 AWG Copper Twisted Shielded Pair,FT,635,sd_sddot_item_catalog_2026_07_27,true
sd_sddot_635E9605_v20260727,sd_sddot_635E9605,2026-07-27,,#12 AWG Copper Twisted Shielded Pair,#12 AWG Copper Twisted Shielded Pair,FT,635,sd_sddot_item_catalog_2026_07_27,true
sd_sddot_635E9620_v20260727,sd_sddot_635E9620,2026-07-27,,4 Pair #16 AWG Copper Twisted Shielded Pair,4 Pair #16 AWG Copper Twisted Shielded Pair,FT,635,sd_sddot_item_catalog_2026_07_27,true
sd_sddot_635E9708_v20260727,sd_sddot_635E9708,2026-07-27,,2/C #8 AWG Copper Pole and Bracket Cable,2/C #8 AWG Copper Pole and Bracket Cable,FT,635,sd_sddot_item_catalog_2026_07_27,true
sd_sddot_635E9710_v20260727,sd_sddot_635E9710,2026-07-27,,2/C #10 AWG Copper Pole and Bracket Cable,2/C #10 AWG Copper Pole and Bracket Cable,FT,635,sd_sddot_item_catalog_2026_07_27,true
sd_sddot_635E9720_v20260727,sd_sddot_635E9720,2026-07-27,,12/2 UF-B Copper Pole and Bracket Cable,12/2 UF-B Copper Pole and Bracket Cable,FT,635,sd_sddot_item_catalog_2026_07_27,true
sd_sddot_635E9800_v20260727,sd_sddot_635E9800,2026-07-27,,Preemption Cable,Preemption Cable,FT,635,sd_sddot_item_catalog_2026_07_27,true
sd_sddot_635E9806_v20260727,sd_sddot_635E9806,2026-07-27,,6/C Communication Cable,6/C Communication Cable,FT,635,sd_sddot_item_catalog_2026_07_27,true
sd_sddot_635E9819_v20260727,sd_sddot_635E9819,2026-07-27,,19/C Communication Cable,19/C Communication Cable,FT,635,sd_sddot_item_catalog_2026_07_27,true
sd_sddot_635E9826_v20260727,sd_sddot_635E9826,2026-07-27,,6 Pair Communication Cable,6 Pair Communication Cable,FT,635,sd_sddot_item_catalog_2026_07_27,true
sd_sddot_635E9860_v20260727,sd_sddot_635E9860,2026-07-27,,Outdoor Rated Cat5 Cable,Outdoor Rated Cat5 Cable,FT,635,sd_sddot_item_catalog_2026_07_27,true
sd_sddot_635E9862_v20260727,sd_sddot_635E9862,2026-07-27,,Outdoor Rated Cat6 Cable,Outdoor Rated Cat6 Cable,FT,635,sd_sddot_item_catalog_2026_07_27,true
sd_sddot_635E9900_v20260727,sd_sddot_635E9900,2026-07-27,,Coaxial Cable,Coaxial Cable,FT,635,sd_sddot_item_catalog_2026_07_27,true
sd_sddot_635E9903_v20260727,sd_sddot_635E9903,2026-07-27,,3 Strand Fiber Optic Cable,3 Strand Fiber Optic Cable,FT,635,sd_sddot_item_catalog_2026_07_27,true
sd_sddot_635E9906_v20260727,sd_sddot_635E9906,2026-07-27,,6 Strand Fiber Optic Cable,6 Strand Fiber Optic Cable,FT,635,sd_sddot_item_catalog_2026_07_27,true
sd_sddot_635E9908_v20260727,sd_sddot_635E9908,2026-07-27,,8 Strand Fiber Optic Cable,8 Strand Fiber Optic Cable,FT,635,sd_sddot_item_catalog_2026_07_27,true
sd_sddot_635E9912_v20260727,sd_sddot_635E9912,2026-07-27,,12 Strand Fiber Optic Cable,12 Strand Fiber Optic Cable,FT,635,sd_sddot_item_catalog_2026_07_27,true
sd_sddot_635E9924_v20260727,sd_sddot_635E9924,2026-07-27,,24 Strand Fiber Optic Cable,24 Strand Fiber Optic Cable,FT,635,sd_sddot_item_catalog_2026_07_27,true
sd_sddot_635E9936_v20260727,sd_sddot_635E9936,2026-07-27,,36 Strand Fiber Optic Cable,36 Strand Fiber Optic Cable,FT,635,sd_sddot_item_catalog_2026_07_27,true
sd_sddot_635E9948_v20260727,sd_sddot_635E9948,2026-07-27,,48 Strand Fiber Optic Cable,48 Strand Fiber Optic Cable,FT,635,sd_sddot_item_catalog_2026_07_27,true
sd_sddot_635E9950_v20260727,sd_sddot_635E9950,2026-07-27,,Install Fiber Optic Cable,Install Fiber Optic Cable,FT,635,sd_sddot_item_catalog_2026_07_27,true
sd_sddot_635E9960_v20260727,sd_sddot_635E9960,2026-07-27,,60 Strand Fiber Optic Cable,60 Strand Fiber Optic Cable,FT,635,sd_sddot_item_catalog_2026_07_27,true
sd_sddot_635E9996_v20260727,sd_sddot_635E9996,2026-07-27,,96 Strand Fiber Optic Cable,96 Strand Fiber Optic Cable,FT,635,sd_sddot_item_catalog_2026_07_27,true
sd_sddot_650E0059_v20260727,sd_sddot_650E0059,2026-07-27,,Modified Type B66 Concrete Curb and Gutter,Modified Type B66 Concrete Curb and Gutter,FT,650,sd_sddot_item_catalog_2026_07_27,true
sd_sddot_650E0060_v20260727,sd_sddot_650E0060,2026-07-27,,Type B66 Concrete Curb and Gutter,Type B66 Concrete Curb and Gutter,FT,650,sd_sddot_item_catalog_2026_07_27,true
sd_sddot_650E0070_v20260727,sd_sddot_650E0070,2026-07-27,,Type B67 Concrete Curb and Gutter,Type B67 Concrete Curb and Gutter,FT,650,sd_sddot_item_catalog_2026_07_27,true
sd_sddot_650E0079_v20260727,sd_sddot_650E0079,2026-07-27,,Modified Type B68 Concrete Curb and Gutter,Modified Type B68 Concrete Curb and Gutter,FT,650,sd_sddot_item_catalog_2026_07_27,true
sd_sddot_650E0080_v20260727,sd_sddot_650E0080,2026-07-27,,Type B68 Concrete Curb and Gutter,Type B68 Concrete Curb and Gutter,FT,650,sd_sddot_item_catalog_2026_07_27,true
sd_sddot_650E0084_v20260727,sd_sddot_650E0084,2026-07-27,,Modified Type B68.5 Concrete Curb and Gutter,Modified Type B68.5 Concrete Curb and Gutter,FT,650,sd_sddot_item_catalog_2026_07_27,true
sd_sddot_650E0085_v20260727,sd_sddot_650E0085,2026-07-27,,Type B68.5 Concrete Curb and Gutter,Type B68.5 Concrete Curb and Gutter,FT,650,sd_sddot_item_catalog_2026_07_27,true
sd_sddot_650E0089_v20260727,sd_sddot_650E0089,2026-07-27,,Modified Type B69 Concrete Curb and Gutter,Modified Type B69 Concrete Curb and Gutter,FT,650,sd_sddot_item_catalog_2026_07_27,true
sd_sddot_650E0090_v20260727,sd_sddot_650E0090,2026-07-27,,Type B69 Concrete Curb and Gutter,Type B69 Concrete Curb and Gutter,FT,650,sd_sddot_item_catalog_2026_07_27,true
sd_sddot_650E0094_v20260727,sd_sddot_650E0094,2026-07-27,,Modified Type B69.5 Concrete Curb and Gutter,Modified Type B69.5 Concrete Curb and Gutter,FT,650,sd_sddot_item_catalog_2026_07_27,true
sd_sddot_650E0095_v20260727,sd_sddot_650E0095,2026-07-27,,Type B69.5 Concrete Curb and Gutter,Type B69.5 Concrete Curb and Gutter,FT,650,sd_sddot_item_catalog_2026_07_27,true
sd_sddot_650E0100_v20260727,sd_sddot_650E0100,2026-07-27,,Type B610 Concrete Curb and Gutter,Type B610 Concrete Curb and Gutter,FT,650,sd_sddot_item_catalog_2026_07_27,true
sd_sddot_650E0104_v20260727,sd_sddot_650E0104,2026-07-27,,Modified Type B610 Concrete Curb and Gutter,Modified Type B610 Concrete Curb and Gutter,FT,650,sd_sddot_item_catalog_2026_07_27,true
sd_sddot_650E0105_v20260727,sd_sddot_650E0105,2026-07-27,,Type B610.5 Concrete Curb and Gutter,Type B610.5 Concrete Curb and Gutter,FT,650,sd_sddot_item_catalog_2026_07_27,true
sd_sddot_650E0109_v20260727,sd_sddot_650E0109,2026-07-27,,Modified Type B610.5 Concrete Curb and Gutter,Modified Type B610.5 Concrete Curb and Gutter,FT,650,sd_sddot_item_catalog_2026_07_27,true
sd_sddot_650E0110_v20260727,sd_sddot_650E0110,2026-07-27,,Type B611 Concrete Curb and Gutter,Type B611 Concrete Curb and Gutter,FT,650,sd_sddot_item_catalog_2026_07_27,true
sd_sddot_650E0115_v20260727,sd_sddot_650E0115,2026-07-27,,Type B611.5 Concrete Curb and Gutter,Type B611.5 Concrete Curb and Gutter,FT,650,sd_sddot_item_catalog_2026_07_27,true
sd_sddot_650E0120_v20260727,sd_sddot_650E0120,2026-07-27,,Type B612 Concrete Curb and Gutter,Type B612 Concrete Curb and Gutter,FT,650,sd_sddot_item_catalog_2026_07_27,true
sd_sddot_650E0360_v20260727,sd_sddot_650E0360,2026-07-27,,Type BL66 Concrete Curb and Gutter,Type BL66 Concrete Curb and Gutter,FT,650,sd_sddot_item_catalog_2026_07_27,true
sd_sddot_650E0370_v20260727,sd_sddot_650E0370,2026-07-27,,Type BL67 Concrete Curb and Gutter,Type BL67 Concrete Curb and Gutter,FT,650,sd_sddot_item_catalog_2026_07_27,true
sd_sddot_650E0379_v20260727,sd_sddot_650E0379,2026-07-27,,Modified Type BL68 Concrete Curb and Gutter,Modified Type BL68 Concrete Curb and Gutter,FT,650,sd_sddot_item_catalog_2026_07_27,true
sd_sddot_650E0380_v20260727,sd_sddot_650E0380,2026-07-27,,Type BL68 Concrete Curb and Gutter,Type BL68 Concrete Curb and Gutter,FT,650,sd_sddot_item_catalog_2026_07_27,true
sd_sddot_650E0384_v20260727,sd_sddot_650E0384,2026-07-27,,Modified Type BL68.5 Concrete Curb and Gutter,Modified Type BL68.5 Concrete Curb and Gutter,FT,650,sd_sddot_item_catalog_2026_07_27,true
sd_sddot_650E0385_v20260727,sd_sddot_650E0385,2026-07-27,,Type BL68.5 Concrete Curb and Gutter,Type BL68.5 Concrete Curb and Gutter,FT,650,sd_sddot_item_catalog_2026_07_27,true
sd_sddot_650E0390_v20260727,sd_sddot_650E0390,2026-07-27,,Type BL69 Concrete Curb and Gutter,Type BL69 Concrete Curb and Gutter,FT,650,sd_sddot_item_catalog_2026_07_27,true
sd_sddot_650E0394_v20260727,sd_sddot_650E0394,2026-07-27,,Modified Type BL69 Concrete Curb and Gutter,Modified Type BL69 Concrete Curb and Gutter,FT,650,sd_sddot_item_catalog_2026_07_27,true
sd_sddot_650E0395_v20260727,sd_sddot_650E0395,2026-07-27,,Type BL69.5 Concrete Curb and Gutter,Type BL69.5 Concrete Curb and Gutter,FT,650,sd_sddot_item_catalog_2026_07_27,true
sd_sddot_650E0400_v20260727,sd_sddot_650E0400,2026-07-27,,Type BL610 Concrete Curb and Gutter,Type BL610 Concrete Curb and Gutter,FT,650,sd_sddot_item_catalog_2026_07_27,true
sd_sddot_650E0404_v20260727,sd_sddot_650E0404,2026-07-27,,Modified Type BL610 Concrete Curb and Gutter,Modified Type BL610 Concrete Curb and Gutter,FT,650,sd_sddot_item_catalog_2026_07_27,true
sd_sddot_650E0405_v20260727,sd_sddot_650E0405,2026-07-27,,Type BL610.5 Concrete Curb and Gutter,Type BL610.5 Concrete Curb and Gutter,FT,650,sd_sddot_item_catalog_2026_07_27,true
sd_sddot_650E0409_v20260727,sd_sddot_650E0409,2026-07-27,,Modified Type BL610.5 Concrete Curb and Gutter,Modified Type BL610.5 Concrete Curb and Gutter,FT,650,sd_sddot_item_catalog_2026_07_27,true
sd_sddot_650E0410_v20260727,sd_sddot_650E0410,2026-07-27,,Type BL611 Concrete Curb and Gutter,Type BL611 Concrete Curb and Gutter,FT,650,sd_sddot_item_catalog_2026_07_27,true
sd_sddot_650E0415_v20260727,sd_sddot_650E0415,2026-07-27,,Type BL611.5 Concrete Curb and Gutter,Type BL611.5 Concrete Curb and Gutter,FT,650,sd_sddot_item_catalog_2026_07_27,true
sd_sddot_650E0420_v20260727,sd_sddot_650E0420,2026-07-27,,Type BL612 Concrete Curb and Gutter,Type BL612 Concrete Curb and Gutter,FT,650,sd_sddot_item_catalog_2026_07_27,true
sd_sddot_650E1060_v20260727,sd_sddot_650E1060,2026-07-27,,Type F66 Concrete Curb and Gutter,Type F66 Concrete Curb and Gutter,FT,650,sd_sddot_item_catalog_2026_07_27,true
sd_sddot_650E1070_v20260727,sd_sddot_650E1070,2026-07-27,,Type F67 Concrete Curb and Gutter,Type F67 Concrete Curb and Gutter,FT,650,sd_sddot_item_catalog_2026_07_27,true
sd_sddot_650E1079_v20260727,sd_sddot_650E1079,2026-07-27,,Modified Type F68 Concrete Curb and Gutter,Modified Type F68 Concrete Curb and Gutter,FT,650,sd_sddot_item_catalog_2026_07_27,true
sd_sddot_650E1080_v20260727,sd_sddot_650E1080,2026-07-27,,Type F68 Concrete Curb and Gutter,Type F68 Concrete Curb and Gutter,FT,650,sd_sddot_item_catalog_2026_07_27,true
sd_sddot_650E1084_v20260727,sd_sddot_650E1084,2026-07-27,,Modified Type F68.5 Concrete Curb and Gutter,Modified Type F68.5 Concrete Curb and Gutter,FT,650,sd_sddot_item_catalog_2026_07_27,true
sd_sddot_650E1085_v20260727,sd_sddot_650E1085,2026-07-27,,Type F68.5 Concrete Curb and Gutter,Type F68.5 Concrete Curb and Gutter,FT,650,sd_sddot_item_catalog_2026_07_27,true
sd_sddot_650E1089_v20260727,sd_sddot_650E1089,2026-07-27,,Modified Type F69 Concrete Curb and Gutter,Modified Type F69 Concrete Curb and Gutter,FT,650,sd_sddot_item_catalog_2026_07_27,true
sd_sddot_650E1090_v20260727,sd_sddot_650E1090,2026-07-27,,Type F69 Concrete Curb and Gutter,Type F69 Concrete Curb and Gutter,FT,650,sd_sddot_item_catalog_2026_07_27,true
sd_sddot_650E1095_v20260727,sd_sddot_650E1095,2026-07-27,,Type F69.5 Concrete Curb and Gutter,Type F69.5 Concrete Curb and Gutter,FT,650,sd_sddot_item_catalog_2026_07_27,true
sd_sddot_650E1100_v20260727,sd_sddot_650E1100,2026-07-27,,Type F610 Concrete Curb and Gutter,Type F610 Concrete Curb and Gutter,FT,650,sd_sddot_item_catalog_2026_07_27,true
sd_sddot_650E1105_v20260727,sd_sddot_650E1105,2026-07-27,,Type F610.5 Concrete Curb and Gutter,Type F610.5 Concrete Curb and Gutter,FT,650,sd_sddot_item_catalog_2026_07_27,true
sd_sddot_650E1110_v20260727,sd_sddot_650E1110,2026-07-27,,Type F611 Concrete Curb and Gutter,Type F611 Concrete Curb and Gutter,FT,650,sd_sddot_item_catalog_2026_07_27,true
sd_sddot_650E1115_v20260727,sd_sddot_650E1115,2026-07-27,,Type F611.5 Concrete Curb and Gutter,Type F611.5 Concrete Curb and Gutter,FT,650,sd_sddot_item_catalog_2026_07_27,true
sd_sddot_650E1120_v20260727,sd_sddot_650E1120,2026-07-27,,Type F612 Concrete Curb and Gutter,Type F612 Concrete Curb and Gutter,FT,650,sd_sddot_item_catalog_2026_07_27,true
sd_sddot_650E1360_v20260727,sd_sddot_650E1360,2026-07-27,,Type FL66 Concrete Curb and Gutter,Type FL66 Concrete Curb and Gutter,FT,650,sd_sddot_item_catalog_2026_07_27,true
sd_sddot_650E1370_v20260727,sd_sddot_650E1370,2026-07-27,,Type FL67 Concrete Curb and Gutter,Type FL67 Concrete Curb and Gutter,FT,650,sd_sddot_item_catalog_2026_07_27,true
sd_sddot_650E1380_v20260727,sd_sddot_650E1380,2026-07-27,,Type FL68 Concrete Curb and Gutter,Type FL68 Concrete Curb and Gutter,FT,650,sd_sddot_item_catalog_2026_07_27,true
sd_sddot_650E1385_v20260727,sd_sddot_650E1385,2026-07-27,,Type FL68.5 Concrete Curb and Gutter,Type FL68.5 Concrete Curb and Gutter,FT,650,sd_sddot_item_catalog_2026_07_27,true
sd_sddot_650E1390_v20260727,sd_sddot_650E1390,2026-07-27,,Type FL69 Concrete Curb and Gutter,Type FL69 Concrete Curb and Gutter,FT,650,sd_sddot_item_catalog_2026_07_27,true
sd_sddot_650E1395_v20260727,sd_sddot_650E1395,2026-07-27,,Type FL69.5 Concrete Curb and Gutter,Type FL69.5 Concrete Curb and Gutter,FT,650,sd_sddot_item_catalog_2026_07_27,true
sd_sddot_650E1400_v20260727,sd_sddot_650E1400,2026-07-27,,Type FL610 Concrete Curb and Gutter,Type FL610 Concrete Curb and Gutter,FT,650,sd_sddot_item_catalog_2026_07_27,true
sd_sddot_650E1405_v20260727,sd_sddot_650E1405,2026-07-27,,Type FL610.5 Concrete Curb and Gutter,Type FL610.5 Concrete Curb and Gutter,FT,650,sd_sddot_item_catalog_2026_07_27,true
sd_sddot_650E1410_v20260727,sd_sddot_650E1410,2026-07-27,,Type FL611 Concrete Curb and Gutter,Type FL611 Concrete Curb and Gutter,FT,650,sd_sddot_item_catalog_2026_07_27,true
sd_sddot_650E1415_v20260727,sd_sddot_650E1415,2026-07-27,,Type FL611.5 Concrete Curb and Gutter,Type FL611.5 Concrete Curb and Gutter,FT,650,sd_sddot_item_catalog_2026_07_27,true
sd_sddot_650E1420_v20260727,sd_sddot_650E1420,2026-07-27,,Type FL612 Concrete Curb and Gutter,Type FL612 Concrete Curb and Gutter,FT,650,sd_sddot_item_catalog_2026_07_27,true
sd_sddot_650E1560_v20260727,sd_sddot_650E1560,2026-07-27,,Type R48 Concrete Curb and Gutter,Type R48 Concrete Curb and Gutter,FT,650,sd_sddot_item_catalog_2026_07_27,true
sd_sddot_650E2000_v20260727,sd_sddot_650E2000,2026-07-27,,Concrete Barrier Curb and Gutter,Concrete Barrier Curb and Gutter,FT,650,sd_sddot_item_catalog_2026_07_27,true
sd_sddot_650E2001_v20260727,sd_sddot_650E2001,2026-07-27,,Concrete Barrier Curb and Gutter End Section,Concrete Barrier Curb and Gutter End Section,FT,650,sd_sddot_item_catalog_2026_07_27,true
sd_sddot_650E2100_v20260727,sd_sddot_650E2100,2026-07-27,,Special Concrete Curb and Gutter,Special Concrete Curb and Gutter,FT,650,sd_sddot_item_catalog_2026_07_27,true
sd_sddot_650E3060_v20260727,sd_sddot_650E3060,2026-07-27,,Type B6 Concrete Curb,Type B6 Concrete Curb,FT,650,sd_sddot_item_catalog_2026_07_27,true
sd_sddot_650E3070_v20260727,sd_sddot_650E3070,2026-07-27,,Type B7 Concrete Curb,Type B7 Concrete Curb,FT,650,sd_sddot_item_catalog_2026_07_27,true
sd_sddot_650E3080_v20260727,sd_sddot_650E3080,2026-07-27,,Type B8 Concrete Curb,Type B8 Concrete Curb,FT,650,sd_sddot_item_catalog_2026_07_27,true
sd_sddot_650E3090_v20260727,sd_sddot_650E3090,2026-07-27,,Type B9 Concrete Curb,Type B9 Concrete Curb,FT,650,sd_sddot_item_catalog_2026_07_27,true
sd_sddot_650E3100_v20260727,sd_sddot_650E3100,2026-07-27,,Type B10 Concrete Curb,Type B10 Concrete Curb,FT,650,sd_sddot_item_catalog_2026_07_27,true
sd_sddot_650E3200_v20260727,sd_sddot_650E3200,2026-07-27,,Special Concrete Curb,Special Concrete Curb,FT,650,sd_sddot_item_catalog_2026_07_27,true
sd_sddot_650E4060_v20260727,sd_sddot_650E4060,2026-07-27,,Type C6 Concrete Gutter,Type C6 Concrete Gutter,FT,650,sd_sddot_item_catalog_2026_07_27,true
sd_sddot_650E4090_v20260727,sd_sddot_650E4090,2026-07-27,,Type C9 Concrete Gutter,Type C9 Concrete Gutter,FT,650,sd_sddot_item_catalog_2026_07_27,true
sd_sddot_650E4120_v20260727,sd_sddot_650E4120,2026-07-27,,Type C12 Concrete Gutter,Type C12 Concrete Gutter,FT,650,sd_sddot_item_catalog_2026_07_27,true
sd_sddot_650E4360_v20260727,sd_sddot_650E4360,2026-07-27,,Type D46 Concrete Curb and Gutter,Type D46 Concrete Curb and Gutter,FT,650,sd_sddot_item_catalog_2026_07_27,true
sd_sddot_650E4370_v20260727,sd_sddot_650E4370,2026-07-27,,Type D47 Concrete Curb and Gutter,Type D47 Concrete Curb and Gutter,FT,650,sd_sddot_item_catalog_2026_07_27,true
sd_sddot_650E4379_v20260727,sd_sddot_650E4379,2026-07-27,,Modified Type D48 Concrete Curb and Gutter,Modified Type D48 Concrete Curb and Gutter,FT,650,sd_sddot_item_catalog_2026_07_27,true
sd_sddot_650E4380_v20260727,sd_sddot_650E4380,2026-07-27,,Type D48 Concrete Curb and Gutter,Type D48 Concrete Curb and Gutter,FT,650,sd_sddot_item_catalog_2026_07_27,true
sd_sddot_650E4384_v20260727,sd_sddot_650E4384,2026-07-27,,Modified Type D48.5 Concrete Curb and Gutter,Modified Type D48.5 Concrete Curb and Gutter,FT,650,sd_sddot_item_catalog_2026_07_27,true
sd_sddot_650E4385_v20260727,sd_sddot_650E4385,2026-07-27,,Type D48.5 Concrete Curb and Gutter,Type D48.5 Concrete Curb and Gutter,FT,650,sd_sddot_item_catalog_2026_07_27,true
sd_sddot_650E4390_v20260727,sd_sddot_650E4390,2026-07-27,,Type D49 Concrete Curb and Gutter,Type D49 Concrete Curb and Gutter,FT,650,sd_sddot_item_catalog_2026_07_27,true
sd_sddot_650E4395_v20260727,sd_sddot_650E4395,2026-07-27,,Type D49.5 Concrete Curb and Gutter,Type D49.5 Concrete Curb and Gutter,FT,650,sd_sddot_item_catalog_2026_07_27,true
sd_sddot_650E4400_v20260727,sd_sddot_650E4400,2026-07-27,,Type D410 Concrete Curb and Gutter,Type D410 Concrete Curb and Gutter,FT,650,sd_sddot_item_catalog_2026_07_27,true
sd_sddot_650E4405_v20260727,sd_sddot_650E4405,2026-07-27,,Type D410.5 Concrete Curb and Gutter,Type D410.5 Concrete Curb and Gutter,FT,650,sd_sddot_item_catalog_2026_07_27,true
sd_sddot_650E4410_v20260727,sd_sddot_650E4410,2026-07-27,,Type D411 Concrete Curb and Gutter,Type D411 Concrete Curb and Gutter,FT,650,sd_sddot_item_catalog_2026_07_27,true
sd_sddot_650E4415_v20260727,sd_sddot_650E4415,2026-07-27,,Type D411.5 Concrete Curb and Gutter,Type D411.5 Concrete Curb and Gutter,FT,650,sd_sddot_item_catalog_2026_07_27,true
sd_sddot_650E4420_v20260727,sd_sddot_650E4420,2026-07-27,,Type D412 Concrete Curb and Gutter,Type D412 Concrete Curb and Gutter,FT,650,sd_sddot_item_catalog_2026_07_27,true
sd_sddot_650E4460_v20260727,sd_sddot_650E4460,2026-07-27,,Type DL46 Concrete Curb and Gutter,Type DL46 Concrete Curb and Gutter,FT,650,sd_sddot_item_catalog_2026_07_27,true
sd_sddot_650E4480_v20260727,sd_sddot_650E4480,2026-07-27,,Type DL48 Concrete Curb and Gutter,Type DL48 Concrete Curb and Gutter,FT,650,sd_sddot_item_catalog_2026_07_27,true
sd_sddot_650E4490_v20260727,sd_sddot_650E4490,2026-07-27,,Type DL49 Concrete Curb and Gutter,Type DL49 Concrete Curb and Gutter,FT,650,sd_sddot_item_catalog_2026_07_27,true
sd_sddot_650E4659_v20260727,sd_sddot_650E4659,2026-07-27,,Modified Type P6 Concrete Gutter,Modified Type P6 Concrete Gutter,FT,650,sd_sddot_item_catalog_2026_07_27,true
sd_sddot_650E4660_v20260727,sd_sddot_650E4660,2026-07-27,,Type P6 Concrete Gutter,Type P6 Concrete Gutter,FT,650,sd_sddot_item_catalog_2026_07_27,true
sd_sddot_650E4670_v20260727,sd_sddot_650E4670,2026-07-27,,Type P7 Concrete Gutter,Type P7 Concrete Gutter,FT,650,sd_sddot_item_catalog_2026_07_27,true
sd_sddot_650E4679_v20260727,sd_sddot_650E4679,2026-07-27,,Modified Type P8 Concrete Gutter,Modified Type P8 Concrete Gutter,FT,650,sd_sddot_item_catalog_2026_07_27,true
sd_sddot_650E4680_v20260727,sd_sddot_650E4680,2026-07-27,,Type P8 Concrete Gutter,Type P8 Concrete Gutter,FT,650,sd_sddot_item_catalog_2026_07_27,true
sd_sddot_650E4684_v20260727,sd_sddot_650E4684,2026-07-27,,Modified Type P8.5 Concrete Gutter,Modified Type P8.5 Concrete Gutter,FT,650,sd_sddot_item_catalog_2026_07_27,true
sd_sddot_650E4685_v20260727,sd_sddot_650E4685,2026-07-27,,Type P8.5 Concrete Gutter,Type P8.5 Concrete Gutter,FT,650,sd_sddot_item_catalog_2026_07_27,true
sd_sddot_650E4689_v20260727,sd_sddot_650E4689,2026-07-27,,Modified Type P9 Concrete Gutter,Modified Type P9 Concrete Gutter,FT,650,sd_sddot_item_catalog_2026_07_27,true
sd_sddot_650E4690_v20260727,sd_sddot_650E4690,2026-07-27,,Type P9 Concrete Gutter,Type P9 Concrete Gutter,FT,650,sd_sddot_item_catalog_2026_07_27,true
sd_sddot_650E4694_v20260727,sd_sddot_650E4694,2026-07-27,,Modified Type P9.5 Concrete Gutter,Modified Type P9.5 Concrete Gutter,FT,650,sd_sddot_item_catalog_2026_07_27,true
sd_sddot_650E4695_v20260727,sd_sddot_650E4695,2026-07-27,,Type P9.5 Concrete Gutter,Type P9.5 Concrete Gutter,FT,650,sd_sddot_item_catalog_2026_07_27,true
sd_sddot_650E4699_v20260727,sd_sddot_650E4699,2026-07-27,,Modified Type P10 Concrete Gutter,Modified Type P10 Concrete Gutter,FT,650,sd_sddot_item_catalog_2026_07_27,true
sd_sddot_650E4700_v20260727,sd_sddot_650E4700,2026-07-27,,Type P10 Concrete Gutter,Type P10 Concrete Gutter,FT,650,sd_sddot_item_catalog_2026_07_27,true
sd_sddot_650E4705_v20260727,sd_sddot_650E4705,2026-07-27,,Type P10.5 Concrete Gutter,Type P10.5 Concrete Gutter,FT,650,sd_sddot_item_catalog_2026_07_27,true
sd_sddot_650E4709_v20260727,sd_sddot_650E4709,2026-07-27,,Modified Type P10.5 Concrete Gutter,Modified Type P10.5 Concrete Gutter,FT,650,sd_sddot_item_catalog_2026_07_27,true
sd_sddot_650E4710_v20260727,sd_sddot_650E4710,2026-07-27,,Type P11 Concrete Gutter,Type P11 Concrete Gutter,FT,650,sd_sddot_item_catalog_2026_07_27,true
sd_sddot_650E4715_v20260727,sd_sddot_650E4715,2026-07-27,,Type P11.5 Concrete Gutter,Type P11.5 Concrete Gutter,FT,650,sd_sddot_item_catalog_2026_07_27,true
sd_sddot_650E4720_v20260727,sd_sddot_650E4720,2026-07-27,,Type P12 Concrete Gutter,Type P12 Concrete Gutter,FT,650,sd_sddot_item_catalog_2026_07_27,true
sd_sddot_650E4864_v20260727,sd_sddot_650E4864,2026-07-27,,Modified Type PL8.5 Concrete Gutter,Modified Type PL8.5 Concrete Gutter,FT,650,sd_sddot_item_catalog_2026_07_27,true
sd_sddot_650E5000_v20260727,sd_sddot_650E5000,2026-07-27,,Special Concrete Gutter,Special Concrete Gutter,FT,650,sd_sddot_item_catalog_2026_07_27,true
sd_sddot_650E6060_historical,sd_sddot_650E6060,,,"6"" Concrete Valley Gutter","6"" Concrete Valley Gutter",FT,650,sd_sddot_bid_tabs_2025_02_12,false
sd_sddot_650E6080_historical,sd_sddot_650E6080,,,"8"" Concrete Valley Gutter","8"" Concrete Valley Gutter",FT,650,sd_sddot_bid_tabs_2026_02_18,false
sd_sddot_650E6085_historical,sd_sddot_650E6085,,,"8.5"" Concrete Valley Gutter","8.5"" Concrete Valley Gutter",FT,650,sd_sddot_bid_tabs_2021_11_03,false
sd_sddot_650E6090_historical,sd_sddot_650E6090,,,"9"" Concrete Valley Gutter","9"" Concrete Valley Gutter",FT,650,sd_sddot_bid_tabs_2024_03_20,false
sd_sddot_650E6100_historical,sd_sddot_650E6100,,,"10"" Concrete Valley Gutter","10"" Concrete Valley Gutter",FT,650,sd_sddot_bid_tabs_2022_01_19,false
sd_sddot_650E6260_v20260727,sd_sddot_650E6260,2026-07-27,,"6"" Concrete Valley Gutter","6"" Concrete Valley Gutter",SQYD,650,sd_sddot_item_catalog_2026_07_27,true
sd_sddot_650E6270_v20260727,sd_sddot_650E6270,2026-07-27,,"7"" Concrete Valley Gutter","7"" Concrete Valley Gutter",SQYD,650,sd_sddot_item_catalog_2026_07_27,true
sd_sddot_650E6280_v20260727,sd_sddot_650E6280,2026-07-27,,"8"" Concrete Valley Gutter","8"" Concrete Valley Gutter",SQYD,650,sd_sddot_item_catalog_2026_07_27,true
sd_sddot_650E6285_v20260727,sd_sddot_650E6285,2026-07-27,,"8.5"" Concrete Valley Gutter","8.5"" Concrete Valley Gutter",SQYD,650,sd_sddot_item_catalog_2026_07_27,true
sd_sddot_650E6290_v20260727,sd_sddot_650E6290,2026-07-27,,"9"" Concrete Valley Gutter","9"" Concrete Valley Gutter",SQYD,650,sd_sddot_item_catalog_2026_07_27,true
sd_sddot_650E6300_v20260727,sd_sddot_650E6300,2026-07-27,,"10"" Concrete Valley Gutter","10"" Concrete Valley Gutter",SQYD,650,sd_sddot_item_catalog_2026_07_27,true
sd_sddot_650E9000_v20260727,sd_sddot_650E9000,2026-07-27,,Repair Concrete Curb and/or Gutter,Repair Concrete Curb and/or Gutter,FT,650,sd_sddot_item_catalog_2026_07_27,true
sd_sddot_651E0040_v20260727,sd_sddot_651E0040,2026-07-27,,"4"" Concrete Sidewalk","4"" Concrete Sidewalk",SQFT,651,sd_sddot_item_catalog_2026_07_27,true
sd_sddot_651E0050_v20260727,sd_sddot_651E0050,2026-07-27,,"5"" Concrete Sidewalk","5"" Concrete Sidewalk",SQFT,651,sd_sddot_item_catalog_2026_07_27,true
sd_sddot_651E0060_v20260727,sd_sddot_651E0060,2026-07-27,,"6"" Concrete Sidewalk","6"" Concrete Sidewalk",SQFT,651,sd_sddot_item_catalog_2026_07_27,true
sd_sddot_651E0080_v20260727,sd_sddot_651E0080,2026-07-27,,"8"" Concrete Sidewalk","8"" Concrete Sidewalk",SQFT,651,sd_sddot_item_catalog_2026_07_27,true
sd_sddot_651E0140_v20260727,sd_sddot_651E0140,2026-07-27,,"4"" Reinforced Concrete Sidewalk","4"" Reinforced Concrete Sidewalk",SQFT,651,sd_sddot_item_catalog_2026_07_27,true
sd_sddot_651E0150_v20260727,sd_sddot_651E0150,2026-07-27,,"5"" Reinforced Concrete Sidewalk","5"" Reinforced Concrete Sidewalk",SQFT,651,sd_sddot_item_catalog_2026_07_27,true
sd_sddot_651E0160_v20260727,sd_sddot_651E0160,2026-07-27,,"6"" Reinforced Concrete Sidewalk","6"" Reinforced Concrete Sidewalk",SQFT,651,sd_sddot_item_catalog_2026_07_27,true
sd_sddot_651E0180_v20260727,sd_sddot_651E0180,2026-07-27,,"8"" Reinforced Concrete Sidewalk","8"" Reinforced Concrete Sidewalk",SQFT,651,sd_sddot_item_catalog_2026_07_27,true
sd_sddot_651E0240_v20260727,sd_sddot_651E0240,2026-07-27,,"4"" Frost Protected Concrete Sidewalk","4"" Frost Protected Concrete Sidewalk",SQFT,651,sd_sddot_item_catalog_2026_07_27,true
sd_sddot_651E0250_v20260727,sd_sddot_651E0250,2026-07-27,,"5"" Frost Protected Concrete Sidewalk","5"" Frost Protected Concrete Sidewalk",SQFT,651,sd_sddot_item_catalog_2026_07_27,true
sd_sddot_651E0260_v20260727,sd_sddot_651E0260,2026-07-27,,"6"" Frost Protected Concrete Sidewalk","6"" Frost Protected Concrete Sidewalk",SQFT,651,sd_sddot_item_catalog_2026_07_27,true
sd_sddot_651E0330_v20260727,sd_sddot_651E0330,2026-07-27,,"3"" Exposed Aggregate Concrete Sidewalk","3"" Exposed Aggregate Concrete Sidewalk",SQFT,651,sd_sddot_item_catalog_2026_07_27,true
sd_sddot_651E0340_v20260727,sd_sddot_651E0340,2026-07-27,,"4"" Exposed Aggregate Concrete Sidewalk","4"" Exposed Aggregate Concrete Sidewalk",SQFT,651,sd_sddot_item_catalog_2026_07_27,true
sd_sddot_651E0350_v20260727,sd_sddot_651E0350,2026-07-27,,"5"" Exposed Aggregate Concrete Sidewalk","5"" Exposed Aggregate Concrete Sidewalk",SQFT,651,sd_sddot_item_catalog_2026_07_27,true
sd_sddot_651E0360_v20260727,sd_sddot_651E0360,2026-07-27,,"6"" Exposed Aggregate Concrete Sidewalk","6"" Exposed Aggregate Concrete Sidewalk",SQFT,651,sd_sddot_item_catalog_2026_07_27,true
sd_sddot_651E0440_v20260727,sd_sddot_651E0440,2026-07-27,,"4"" Colored and Patterned Concrete Sidewalk","4"" Colored and Patterned Concrete Sidewalk",SQFT,651,sd_sddot_item_catalog_2026_07_27,true
sd_sddot_651E0450_v20260727,sd_sddot_651E0450,2026-07-27,,"5"" Colored and Patterned Concrete Sidewalk","5"" Colored and Patterned Concrete Sidewalk",SQFT,651,sd_sddot_item_catalog_2026_07_27,true
sd_sddot_651E0460_v20260727,sd_sddot_651E0460,2026-07-27,,"6"" Colored and Patterned Concrete Sidewalk","6"" Colored and Patterned Concrete Sidewalk",SQFT,651,sd_sddot_item_catalog_2026_07_27,true
sd_sddot_651E0540_v20260727,sd_sddot_651E0540,2026-07-27,,"4"" Colored Concrete Sidewalk","4"" Colored Concrete Sidewalk",SQFT,651,sd_sddot_item_catalog_2026_07_27,true
sd_sddot_651E0550_v20260727,sd_sddot_651E0550,2026-07-27,,"5"" Colored Concrete Sidewalk","5"" Colored Concrete Sidewalk",SQFT,651,sd_sddot_item_catalog_2026_07_27,true
sd_sddot_651E0560_v20260727,sd_sddot_651E0560,2026-07-27,,"6"" Colored Concrete Sidewalk","6"" Colored Concrete Sidewalk",SQFT,651,sd_sddot_item_catalog_2026_07_27,true
sd_sddot_651E0580_v20260727,sd_sddot_651E0580,2026-07-27,,"8"" Colored Concrete Sidewalk","8"" Colored Concrete Sidewalk",SQFT,651,sd_sddot_item_catalog_2026_07_27,true
sd_sddot_651E0740_v20260727,sd_sddot_651E0740,2026-07-27,,"4"" Reinforced Colored Concrete Sidewalk","4"" Reinforced Colored Concrete Sidewalk",SQFT,651,sd_sddot_item_catalog_2026_07_27,true
sd_sddot_651E0750_v20260727,sd_sddot_651E0750,2026-07-27,,"5"" Reinforced Colored Concrete Sidewalk","5"" Reinforced Colored Concrete Sidewalk",SQFT,651,sd_sddot_item_catalog_2026_07_27,true
sd_sddot_651E0760_v20260727,sd_sddot_651E0760,2026-07-27,,"6"" Reinforced Colored Concrete Sidewalk","6"" Reinforced Colored Concrete Sidewalk",SQFT,651,sd_sddot_item_catalog_2026_07_27,true
sd_sddot_651E0780_v20260727,sd_sddot_651E0780,2026-07-27,,"8"" Reinforced Colored Concrete Sidewalk","8"" Reinforced Colored Concrete Sidewalk",SQFT,651,sd_sddot_item_catalog_2026_07_27,true
sd_sddot_651E2000_v20260727,sd_sddot_651E2000,2026-07-27,,Brick Sidewalk,Brick Sidewalk,SQFT,651,sd_sddot_item_catalog_2026_07_27,true
sd_sddot_651E2010_v20260727,sd_sddot_651E2010,2026-07-27,,Special Sidewalk,Special Sidewalk,SQFT,651,sd_sddot_item_catalog_2026_07_27,true
sd_sddot_651E2020_v20260727,sd_sddot_651E2020,2026-07-27,,Permeable Pavers,Permeable Pavers,SQFT,651,sd_sddot_item_catalog_2026_07_27,true
sd_sddot_651E2500_v20260727,sd_sddot_651E2500,2026-07-27,,Decorative Sidewalk Feature,Decorative Sidewalk Feature,EACH,651,sd_sddot_item_catalog_2026_07_27,true
sd_sddot_651E3000_v20260727,sd_sddot_651E3000,2026-07-27,,Grinding Miscellaneous Concrete,Grinding Miscellaneous Concrete,SQFT,651,sd_sddot_item_catalog_2026_07_27,true
sd_sddot_651E5000_v20260727,sd_sddot_651E5000,2026-07-27,,Sidewalk Drain,Sidewalk Drain,FT,651,sd_sddot_item_catalog_2026_07_27,true
sd_sddot_651E7000_v20260727,sd_sddot_651E7000,2026-07-27,,Type 1 Detectable Warnings,Type 1 Detectable Warnings,SQFT,651,sd_sddot_item_catalog_2026_07_27,true
sd_sddot_651E7010_v20260727,sd_sddot_651E7010,2026-07-27,,Type 2 Detectable Warnings,Type 2 Detectable Warnings,SQFT,651,sd_sddot_item_catalog_2026_07_27,true
sd_sddot_670E0200_v20260727,sd_sddot_670E0200,2026-07-27,,Type A Frame and Grate,Type A Frame and Grate,EACH,670,sd_sddot_item_catalog_2026_07_27,true
sd_sddot_670E1010_v20260727,sd_sddot_670E1010,2026-07-27,,2' x 3' Type B Drop Inlet,2' x 3' Type B Drop Inlet,EACH,670,sd_sddot_item_catalog_2026_07_27,true
sd_sddot_670E1015_v20260727,sd_sddot_670E1015,2026-07-27,,3' x 4' Type B Drop Inlet,3' x 4' Type B Drop Inlet,EACH,670,sd_sddot_item_catalog_2026_07_27,true
sd_sddot_670E1020_v20260727,sd_sddot_670E1020,2026-07-27,,3' x 5.5' Type B Drop Inlet,3' x 5.5' Type B Drop Inlet,EACH,670,sd_sddot_item_catalog_2026_07_27,true
sd_sddot_670E1025_v20260727,sd_sddot_670E1025,2026-07-27,,4' x 4' Type B Drop Inlet,4' x 4' Type B Drop Inlet,EACH,670,sd_sddot_item_catalog_2026_07_27,true
sd_sddot_670E1026_v20260727,sd_sddot_670E1026,2026-07-27,,4' x 5' Type B Drop Inlet,4' x 5' Type B Drop Inlet,EACH,670,sd_sddot_item_catalog_2026_07_27,true
sd_sddot_670E1030_v20260727,sd_sddot_670E1030,2026-07-27,,5.5' x 3' Type B Drop Inlet,5.5' x 3' Type B Drop Inlet,EACH,670,sd_sddot_item_catalog_2026_07_27,true
sd_sddot_670E1035_v20260727,sd_sddot_670E1035,2026-07-27,,5.5'x5.5' Type B Drop Inlet,5.5'x5.5' Type B Drop Inlet,EACH,670,sd_sddot_item_catalog_2026_07_27,true
sd_sddot_670E1100_v20260727,sd_sddot_670E1100,2026-07-27,,Type B Curb Box,Type B Curb Box,EACH,670,sd_sddot_item_catalog_2026_07_27,true
sd_sddot_670E1200_v20260727,sd_sddot_670E1200,2026-07-27,,Type B Frame and Grate,Type B Frame and Grate,EACH,670,sd_sddot_item_catalog_2026_07_27,true
sd_sddot_670E2015_v20260727,sd_sddot_670E2015,2026-07-27,,3' x 4' Type C Drop Inlet,3' x 4' Type C Drop Inlet,EACH,670,sd_sddot_item_catalog_2026_07_27,true
sd_sddot_670E2030_v20260727,sd_sddot_670E2030,2026-07-27,,4' x 5' Type C Drop Inlet,4' x 5' Type C Drop Inlet,EACH,670,sd_sddot_item_catalog_2026_07_27,true
sd_sddot_670E2200_v20260727,sd_sddot_670E2200,2026-07-27,,Type C Frame and Grate,Type C Frame and Grate,EACH,670,sd_sddot_item_catalog_2026_07_27,true
sd_sddot_670E3000_historical,sd_sddot_670E3000,,,1.5' x 3' Type D Drop Inlet,1.5' x 3' Type D Drop Inlet,EACH,670,sd_sddot_bid_tabs_2022_03_02,false
sd_sddot_670E3200_historical,sd_sddot_670E3200,,,Type D Frame and Grate,Type D Frame and Grate,EACH,670,sd_sddot_bid_tabs_2023_09_06,false
sd_sddot_670E3300_v20260727,sd_sddot_670E3300,2026-07-27,,Type E Frame and Grate,Type E Frame and Grate,EACH,670,sd_sddot_item_catalog_2026_07_27,true
sd_sddot_670E4100_v20260727,sd_sddot_670E4100,2026-07-27,,"24"" Concrete Median Drain","24"" Concrete Median Drain",EACH,670,sd_sddot_item_catalog_2026_07_27,true
sd_sddot_670E4120_v20260727,sd_sddot_670E4120,2026-07-27,,Type L Median Drain,Type L Median Drain,EACH,670,sd_sddot_item_catalog_2026_07_27,true
sd_sddot_670E4122_v20260727,sd_sddot_670E4122,2026-07-27,,Type L Frame and Grate Assembly,Type L Frame and Grate Assembly,EACH,670,sd_sddot_item_catalog_2026_07_27,true
sd_sddot_670E4200_v20260727,sd_sddot_670E4200,2026-07-27,,Type M Median Drain,Type M Median Drain,EACH,670,sd_sddot_item_catalog_2026_07_27,true
sd_sddot_670E4205_v20260727,sd_sddot_670E4205,2026-07-27,,Type M Frame and Grate Assembly,Type M Frame and Grate Assembly,EACH,670,sd_sddot_item_catalog_2026_07_27,true
sd_sddot_670E4210_v20260727,sd_sddot_670E4210,2026-07-27,,Type N Grate,Type N Grate,EACH,670,sd_sddot_item_catalog_2026_07_27,true
sd_sddot_670E4300_v20260727,sd_sddot_670E4300,2026-07-27,,Barrier Drop Inlet Single Unit,Barrier Drop Inlet Single Unit,EACH,670,sd_sddot_item_catalog_2026_07_27,true
sd_sddot_670E4305_v20260727,sd_sddot_670E4305,2026-07-27,,Barrier Drop Inlet Double Unit,Barrier Drop Inlet Double Unit,EACH,670,sd_sddot_item_catalog_2026_07_27,true
sd_sddot_670E4320_v20260727,sd_sddot_670E4320,2026-07-27,,Barrier Drop Inlet Single Unit Frame and Grate Assembly,Barrier Drop Inlet Single Unit Frame and Grate Assembly,EACH,670,sd_sddot_item_catalog_2026_07_27,true
sd_sddot_670E4325_v20260727,sd_sddot_670E4325,2026-07-27,,Barrier Drop Inlet Double Unit Frame and Grate Assembly,Barrier Drop Inlet Double Unit Frame and Grate Assembly,EACH,670,sd_sddot_item_catalog_2026_07_27,true
sd_sddot_670E4440_v20260727,sd_sddot_670E4440,2026-07-27,,4' x 11' Concrete Type S Drop Inlet Base,4' x 11' Concrete Type S Drop Inlet Base,EACH,670,sd_sddot_item_catalog_2026_07_27,true
sd_sddot_670E4442_v20260727,sd_sddot_670E4442,2026-07-27,,4' x 6' Concrete Type S Drop Inlet Base,4' x 6' Concrete Type S Drop Inlet Base,EACH,670,sd_sddot_item_catalog_2026_07_27,true
sd_sddot_670E4448_v20260727,sd_sddot_670E4448,2026-07-27,,7' x 11' Concrete Type S Drop Inlet Base,7' x 11' Concrete Type S Drop Inlet Base,EACH,670,sd_sddot_item_catalog_2026_07_27,true
sd_sddot_670E4800_v20260727,sd_sddot_670E4800,2026-07-27,,Install Precast Drop Inlet,Install Precast Drop Inlet,EACH,670,sd_sddot_item_catalog_2026_07_27,true
sd_sddot_670E5200_v20260727,sd_sddot_670E5200,2026-07-27,,Special Frame and Grate Assembly,Special Frame and Grate Assembly,EACH,670,sd_sddot_item_catalog_2026_07_27,true
sd_sddot_670E5202_v20260727,sd_sddot_670E5202,2026-07-27,,Special Frame and Grate,Special Frame and Grate,EACH,670,sd_sddot_item_catalog_2026_07_27,true
sd_sddot_670E5205_v20260727,sd_sddot_670E5205,2026-07-27,,Special Grate,Special Grate,EACH,670,sd_sddot_item_catalog_2026_07_27,true
sd_sddot_670E5300_v20260727,sd_sddot_670E5300,2026-07-27,,3' x 4' Drop Inlet Cover,3' x 4' Drop Inlet Cover,EACH,670,sd_sddot_item_catalog_2026_07_27,true
sd_sddot_670E5304_v20260727,sd_sddot_670E5304,2026-07-27,,4' x 5' Drop Inlet Cover,4' x 5' Drop Inlet Cover,EACH,670,sd_sddot_item_catalog_2026_07_27,true
sd_sddot_670E5305_v20260727,sd_sddot_670E5305,2026-07-27,,4' x 6.5' Drop Inlet Cover,4' x 6.5' Drop Inlet Cover,EACH,670,sd_sddot_item_catalog_2026_07_27,true
sd_sddot_670E5308_v20260727,sd_sddot_670E5308,2026-07-27,,4' x 11' Drop Inlet Cover,4' x 11' Drop Inlet Cover,EACH,670,sd_sddot_item_catalog_2026_07_27,true
sd_sddot_670E5310_v20260727,sd_sddot_670E5310,2026-07-27,,5' x 5' Drop Inlet Cover,5' x 5' Drop Inlet Cover,EACH,670,sd_sddot_item_catalog_2026_07_27,true
sd_sddot_670E5312_v20260727,sd_sddot_670E5312,2026-07-27,,5.5' x 11' Drop Inlet Cover,5.5' x 11' Drop Inlet Cover,EACH,670,sd_sddot_item_catalog_2026_07_27,true
sd_sddot_670E5316_v20260727,sd_sddot_670E5316,2026-07-27,,7' x 11' Drop Inlet Cover,7' x 11' Drop Inlet Cover,EACH,670,sd_sddot_item_catalog_2026_07_27,true
sd_sddot_670E5340_v20260727,sd_sddot_670E5340,2026-07-27,,4' x 11' Precast Concrete Type S Drop Inlet Lid,4' x 11' Precast Concrete Type S Drop Inlet Lid,EACH,670,sd_sddot_item_catalog_2026_07_27,true
sd_sddot_670E5342_v20260727,sd_sddot_670E5342,2026-07-27,,4' x 6' Precast Concrete Type S Drop Inlet Lid,4' x 6' Precast Concrete Type S Drop Inlet Lid,EACH,670,sd_sddot_item_catalog_2026_07_27,true
sd_sddot_670E5350_v20260727,sd_sddot_670E5350,2026-07-27,,Special Precast Concrete Type S Drop Inlet Lid,Special Precast Concrete Type S Drop Inlet Lid,EACH,670,sd_sddot_item_catalog_2026_07_27,true
sd_sddot_670E5400_v20260727,sd_sddot_670E5400,2026-07-27,,Precast Drop Inlet Collar,Precast Drop Inlet Collar,EACH,670,sd_sddot_item_catalog_2026_07_27,true
sd_sddot_670E5500_v20260727,sd_sddot_670E5500,2026-07-27,,Concrete Median Drain Apron,Concrete Median Drain Apron,EACH,670,sd_sddot_item_catalog_2026_07_27,true
sd_sddot_670E6000_v20260727,sd_sddot_670E6000,2026-07-27,,Adjust Drop Inlet,Adjust Drop Inlet,EACH,670,sd_sddot_item_catalog_2026_07_27,true
sd_sddot_670E6005_v20260727,sd_sddot_670E6005,2026-07-27,,Modify Drop Inlet,Modify Drop Inlet,EACH,670,sd_sddot_item_catalog_2026_07_27,true
sd_sddot_670E6900_v20260727,sd_sddot_670E6900,2026-07-27,,Reset Drop Inlet,Reset Drop Inlet,EACH,670,sd_sddot_item_catalog_2026_07_27,true
sd_sddot_670E7000_v20260727,sd_sddot_670E7000,2026-07-27,,Reset Drop Inlet Frame and Grate Assembly,Reset Drop Inlet Frame and Grate Assembly,EACH,670,sd_sddot_item_catalog_2026_07_27,true
sd_sddot_670E8000_v20260727,sd_sddot_670E8000,2026-07-27,,Trench Drain,Trench Drain,FT,670,sd_sddot_item_catalog_2026_07_27,true
sd_sddot_670E8002_v20260727,sd_sddot_670E8002,2026-07-27,,Trench Drain Frame and Grate,Trench Drain Frame and Grate,FT,670,sd_sddot_item_catalog_2026_07_27,true
sd_sddot_670E8020_v20260727,sd_sddot_670E8020,2026-07-27,,Slotted Vane Drain Assembly,Slotted Vane Drain Assembly,EACH,670,sd_sddot_item_catalog_2026_07_27,true
sd_sddot_670E9010_v20260727,sd_sddot_670E9010,2026-07-27,,Type I Drop Inlet,Type I Drop Inlet,EACH,670,sd_sddot_item_catalog_2026_07_27,true
sd_sddot_670E9020_v20260727,sd_sddot_670E9020,2026-07-27,,Type II Drop Inlet,Type II Drop Inlet,EACH,670,sd_sddot_item_catalog_2026_07_27,true
sd_sddot_671E0046_v20260727,sd_sddot_671E0046,2026-07-27,,4' x 11' Junction Box,4' x 11' Junction Box,EACH,671,sd_sddot_item_catalog_2026_07_27,true
sd_sddot_671E0050_v20260727,sd_sddot_671E0050,2026-07-27,,5' x 5' Junction Box,5' x 5' Junction Box,EACH,671,sd_sddot_item_catalog_2026_07_27,true
sd_sddot_671E0055_v20260727,sd_sddot_671E0055,2026-07-27,,"60"" CMP Junction Box","60"" CMP Junction Box",EACH,671,sd_sddot_item_catalog_2026_07_27,true
sd_sddot_671E0060_v20260727,sd_sddot_671E0060,2026-07-27,,6' x 6' Junction Box,6' x 6' Junction Box,EACH,671,sd_sddot_item_catalog_2026_07_27,true
sd_sddot_671E0065_v20260727,sd_sddot_671E0065,2026-07-27,,"72"" CMP Junction Box","72"" CMP Junction Box",EACH,671,sd_sddot_item_catalog_2026_07_27,true
sd_sddot_671E0070_v20260727,sd_sddot_671E0070,2026-07-27,,7' x 7' Junction Box,7' x 7' Junction Box,EACH,671,sd_sddot_item_catalog_2026_07_27,true
sd_sddot_671E0100_v20260727,sd_sddot_671E0100,2026-07-27,,Adjust Junction Box,Adjust Junction Box,EACH,671,sd_sddot_item_catalog_2026_07_27,true
sd_sddot_671E0110_v20260727,sd_sddot_671E0110,2026-07-27,,Special Junction Box Cover,Special Junction Box Cover,EACH,671,sd_sddot_item_catalog_2026_07_27,true
sd_sddot_671E0448_v20260727,sd_sddot_671E0448,2026-07-27,,"48"" Air Release Manhole","48"" Air Release Manhole",EACH,671,sd_sddot_item_catalog_2026_07_27,true
sd_sddot_671E0472_v20260727,sd_sddot_671E0472,2026-07-27,,"72"" Air Release Manhole","72"" Air Release Manhole",EACH,671,sd_sddot_item_catalog_2026_07_27,true
sd_sddot_671E0500_v20260727,sd_sddot_671E0500,2026-07-27,,Air Release Manhole,Air Release Manhole,EACH,671,sd_sddot_item_catalog_2026_07_27,true
sd_sddot_671E0550_v20260727,sd_sddot_671E0550,2026-07-27,,Special Manhole,Special Manhole,EACH,671,sd_sddot_item_catalog_2026_07_27,true
sd_sddot_671E1042_v20260727,sd_sddot_671E1042,2026-07-27,,"42"" Manhole","42"" Manhole",EACH,671,sd_sddot_item_catalog_2026_07_27,true
sd_sddot_671E1048_v20260727,sd_sddot_671E1048,2026-07-27,,"48"" Manhole","48"" Manhole",EACH,671,sd_sddot_item_catalog_2026_07_27,true
sd_sddot_671E1054_v20260727,sd_sddot_671E1054,2026-07-27,,"54"" Manhole","54"" Manhole",EACH,671,sd_sddot_item_catalog_2026_07_27,true
sd_sddot_671E1060_v20260727,sd_sddot_671E1060,2026-07-27,,"60"" Manhole","60"" Manhole",EACH,671,sd_sddot_item_catalog_2026_07_27,true
sd_sddot_671E1066_v20260727,sd_sddot_671E1066,2026-07-27,,"66"" Manhole","66"" Manhole",EACH,671,sd_sddot_item_catalog_2026_07_27,true
sd_sddot_671E1072_v20260727,sd_sddot_671E1072,2026-07-27,,"72"" Manhole","72"" Manhole",EACH,671,sd_sddot_item_catalog_2026_07_27,true
sd_sddot_671E1078_v20260727,sd_sddot_671E1078,2026-07-27,,"78"" Manhole","78"" Manhole",EACH,671,sd_sddot_item_catalog_2026_07_27,true
sd_sddot_671E1084_v20260727,sd_sddot_671E1084,2026-07-27,,"84"" Manhole","84"" Manhole",EACH,671,sd_sddot_item_catalog_2026_07_27,true
sd_sddot_671E1090_v20260727,sd_sddot_671E1090,2026-07-27,,"90"" Manhole","90"" Manhole",EACH,671,sd_sddot_item_catalog_2026_07_27,true
sd_sddot_671E1096_v20260727,sd_sddot_671E1096,2026-07-27,,"96"" Manhole","96"" Manhole",EACH,671,sd_sddot_item_catalog_2026_07_27,true
sd_sddot_671E1120_v20260727,sd_sddot_671E1120,2026-07-27,,"120"" Manhole","120"" Manhole",EACH,671,sd_sddot_item_catalog_2026_07_27,true
sd_sddot_671E1130_v20260727,sd_sddot_671E1130,2026-07-27,,"48"" Manhole 0' to 6' Deep","48"" Manhole 0' to 6' Deep",EACH,671,sd_sddot_item_catalog_2026_07_27,true
sd_sddot_671E1131_v20260727,sd_sddot_671E1131,2026-07-27,,"48"" Manhole 6' to 8' Deep","48"" Manhole 6' to 8' Deep",EACH,671,sd_sddot_item_catalog_2026_07_27,true
sd_sddot_671E1132_v20260727,sd_sddot_671E1132,2026-07-27,,"48"" Manhole 8' to 10' Deep","48"" Manhole 8' to 10' Deep",EACH,671,sd_sddot_item_catalog_2026_07_27,true
sd_sddot_671E1133_v20260727,sd_sddot_671E1133,2026-07-27,,"48"" Manhole 10' to 12' Deep","48"" Manhole 10' to 12' Deep",EACH,671,sd_sddot_item_catalog_2026_07_27,true
sd_sddot_671E1134_v20260727,sd_sddot_671E1134,2026-07-27,,"48"" Manhole 12' to 14' Deep","48"" Manhole 12' to 14' Deep",EACH,671,sd_sddot_item_catalog_2026_07_27,true
sd_sddot_671E1135_v20260727,sd_sddot_671E1135,2026-07-27,,"48"" Manhole 14' to 16' Deep","48"" Manhole 14' to 16' Deep",EACH,671,sd_sddot_item_catalog_2026_07_27,true
sd_sddot_671E1136_v20260727,sd_sddot_671E1136,2026-07-27,,"48"" Manhole 16' to 18' Deep","48"" Manhole 16' to 18' Deep",EACH,671,sd_sddot_item_catalog_2026_07_27,true
sd_sddot_671E1137_v20260727,sd_sddot_671E1137,2026-07-27,,"48"" Manhole 20' to 22' Deep","48"" Manhole 20' to 22' Deep",EACH,671,sd_sddot_item_catalog_2026_07_27,true
sd_sddot_671E1138_v20260727,sd_sddot_671E1138,2026-07-27,,"48"" Manhole 22' to 24' Deep","48"" Manhole 22' to 24' Deep",EACH,671,sd_sddot_item_catalog_2026_07_27,true
sd_sddot_671E1139_v20260727,sd_sddot_671E1139,2026-07-27,,"48"" Manhole 24' to 26' Deep","48"" Manhole 24' to 26' Deep",EACH,671,sd_sddot_item_catalog_2026_07_27,true
sd_sddot_671E1140_v20260727,sd_sddot_671E1140,2026-07-27,,"48"" Manhole 26' to 28' Deep","48"" Manhole 26' to 28' Deep",EACH,671,sd_sddot_item_catalog_2026_07_27,true
sd_sddot_671E1141_v20260727,sd_sddot_671E1141,2026-07-27,,"48"" Manhole 28' to 30' Deep","48"" Manhole 28' to 30' Deep",EACH,671,sd_sddot_item_catalog_2026_07_27,true
sd_sddot_671E1142_v20260727,sd_sddot_671E1142,2026-07-27,,"48"" Manhole 18' to 20' Deep","48"" Manhole 18' to 20' Deep",EACH,671,sd_sddot_item_catalog_2026_07_27,true
sd_sddot_671E1248_v20260727,sd_sddot_671E1248,2026-07-27,,"48"" PVC Lined Manhole","48"" PVC Lined Manhole",EACH,671,sd_sddot_item_catalog_2026_07_27,true
sd_sddot_671E1260_v20260727,sd_sddot_671E1260,2026-07-27,,"60"" PVC Lined Manhole","60"" PVC Lined Manhole",EACH,671,sd_sddot_item_catalog_2026_07_27,true
sd_sddot_671E1266_v20260727,sd_sddot_671E1266,2026-07-27,,"66"" PVC Lined Manhole","66"" PVC Lined Manhole",EACH,671,sd_sddot_item_catalog_2026_07_27,true
sd_sddot_671E1272_v20260727,sd_sddot_671E1272,2026-07-27,,"72"" PVC Lined Manhole","72"" PVC Lined Manhole",EACH,671,sd_sddot_item_catalog_2026_07_27,true
sd_sddot_671E1278_v20260727,sd_sddot_671E1278,2026-07-27,,"78"" PVC Lined Manhole","78"" PVC Lined Manhole",EACH,671,sd_sddot_item_catalog_2026_07_27,true
sd_sddot_671E1348_v20260727,sd_sddot_671E1348,2026-07-27,,"48"" Drop Manhole","48"" Drop Manhole",EACH,671,sd_sddot_item_catalog_2026_07_27,true
sd_sddot_671E1360_v20260727,sd_sddot_671E1360,2026-07-27,,"60"" Drop Manhole","60"" Drop Manhole",EACH,671,sd_sddot_item_catalog_2026_07_27,true
sd_sddot_671E2000_v20260727,sd_sddot_671E2000,2026-07-27,,External Manhole Seal,External Manhole Seal,EACH,671,sd_sddot_item_catalog_2026_07_27,true
sd_sddot_671E2004_v20260727,sd_sddot_671E2004,2026-07-27,,"4"" Manhole Boot","4"" Manhole Boot",EACH,671,sd_sddot_item_catalog_2026_07_27,true
sd_sddot_671E2006_v20260727,sd_sddot_671E2006,2026-07-27,,"6"" Manhole Boot","6"" Manhole Boot",EACH,671,sd_sddot_item_catalog_2026_07_27,true
sd_sddot_671E2008_v20260727,sd_sddot_671E2008,2026-07-27,,"8"" Manhole Boot","8"" Manhole Boot",EACH,671,sd_sddot_item_catalog_2026_07_27,true
sd_sddot_671E2010_v20260727,sd_sddot_671E2010,2026-07-27,,"10"" Manhole Boot","10"" Manhole Boot",EACH,671,sd_sddot_item_catalog_2026_07_27,true
sd_sddot_671E2012_v20260727,sd_sddot_671E2012,2026-07-27,,"12"" Manhole Boot","12"" Manhole Boot",EACH,671,sd_sddot_item_catalog_2026_07_27,true
sd_sddot_671E2015_v20260727,sd_sddot_671E2015,2026-07-27,,"15"" Manhole Boot","15"" Manhole Boot",EACH,671,sd_sddot_item_catalog_2026_07_27,true
sd_sddot_671E2018_v20260727,sd_sddot_671E2018,2026-07-27,,"18"" Manhole Boot","18"" Manhole Boot",EACH,671,sd_sddot_item_catalog_2026_07_27,true
sd_sddot_671E2021_v20260727,sd_sddot_671E2021,2026-07-27,,"21"" Manhole Boot","21"" Manhole Boot",EACH,671,sd_sddot_item_catalog_2026_07_27,true
sd_sddot_671E2024_v20260727,sd_sddot_671E2024,2026-07-27,,"24"" Manhole Boot","24"" Manhole Boot",EACH,671,sd_sddot_item_catalog_2026_07_27,true
sd_sddot_671E2027_v20260727,sd_sddot_671E2027,2026-07-27,,"27"" Manhole Boot","27"" Manhole Boot",EACH,671,sd_sddot_item_catalog_2026_07_27,true
sd_sddot_671E2030_v20260727,sd_sddot_671E2030,2026-07-27,,"30"" Manhole Boot","30"" Manhole Boot",EACH,671,sd_sddot_item_catalog_2026_07_27,true
sd_sddot_671E2033_v20260727,sd_sddot_671E2033,2026-07-27,,"33"" Manhole Boot","33"" Manhole Boot",EACH,671,sd_sddot_item_catalog_2026_07_27,true
sd_sddot_671E2036_v20260727,sd_sddot_671E2036,2026-07-27,,"36"" Manhole Boot","36"" Manhole Boot",EACH,671,sd_sddot_item_catalog_2026_07_27,true
sd_sddot_671E2042_v20260727,sd_sddot_671E2042,2026-07-27,,"42"" Manhole Boot","42"" Manhole Boot",EACH,671,sd_sddot_item_catalog_2026_07_27,true
sd_sddot_671E3048_v20260727,sd_sddot_671E3048,2026-07-27,,"48"" Manhole Base and Barrel Section","48"" Manhole Base and Barrel Section",EACH,671,sd_sddot_item_catalog_2026_07_27,true
sd_sddot_671E3054_v20260727,sd_sddot_671E3054,2026-07-27,,"54"" Manhole Base and Barrel Section","54"" Manhole Base and Barrel Section",EACH,671,sd_sddot_item_catalog_2026_07_27,true
sd_sddot_671E3060_v20260727,sd_sddot_671E3060,2026-07-27,,"60"" Manhole Base and Barrel Section","60"" Manhole Base and Barrel Section",EACH,671,sd_sddot_item_catalog_2026_07_27,true
sd_sddot_671E3066_v20260727,sd_sddot_671E3066,2026-07-27,,"66"" Manhole Base and Barrel Section","66"" Manhole Base and Barrel Section",EACH,671,sd_sddot_item_catalog_2026_07_27,true
sd_sddot_671E3072_v20260727,sd_sddot_671E3072,2026-07-27,,"72"" Manhole Base and Barrel Section","72"" Manhole Base and Barrel Section",EACH,671,sd_sddot_item_catalog_2026_07_27,true
sd_sddot_671E3078_v20260727,sd_sddot_671E3078,2026-07-27,,"78"" Manhole Base and Barrel Section","78"" Manhole Base and Barrel Section",EACH,671,sd_sddot_item_catalog_2026_07_27,true
sd_sddot_671E3084_v20260727,sd_sddot_671E3084,2026-07-27,,"84"" Manhole Base and Barrel Section","84"" Manhole Base and Barrel Section",EACH,671,sd_sddot_item_catalog_2026_07_27,true
sd_sddot_671E3090_v20260727,sd_sddot_671E3090,2026-07-27,,"90"" Manhole Base and Barrel Section","90"" Manhole Base and Barrel Section",EACH,671,sd_sddot_item_catalog_2026_07_27,true
sd_sddot_671E3096_v20260727,sd_sddot_671E3096,2026-07-27,,"96"" Manhole Base and Barrel Section","96"" Manhole Base and Barrel Section",EACH,671,sd_sddot_item_catalog_2026_07_27,true
sd_sddot_671E3120_v20260727,sd_sddot_671E3120,2026-07-27,,"120"" Manhole Base and Barrel Section","120"" Manhole Base and Barrel Section",EACH,671,sd_sddot_item_catalog_2026_07_27,true
sd_sddot_671E3548_v20260727,sd_sddot_671E3548,2026-07-27,,"48"" PVC Lined Manhole Base and Barrel Section","48"" PVC Lined Manhole Base and Barrel Section",EACH,671,sd_sddot_item_catalog_2026_07_27,true
sd_sddot_671E3554_v20260727,sd_sddot_671E3554,2026-07-27,,"54"" PVC Lined Manhole Base and Barrel Section","54"" PVC Lined Manhole Base and Barrel Section",EACH,671,sd_sddot_item_catalog_2026_07_27,true
sd_sddot_671E3560_v20260727,sd_sddot_671E3560,2026-07-27,,"60"" PVC Lined Manhole Base and Barrel Section","60"" PVC Lined Manhole Base and Barrel Section",EACH,671,sd_sddot_item_catalog_2026_07_27,true
sd_sddot_671E3566_v20260727,sd_sddot_671E3566,2026-07-27,,"66"" PVC Lined Manhole Base and Barrel Section","66"" PVC Lined Manhole Base and Barrel Section",EACH,671,sd_sddot_item_catalog_2026_07_27,true
sd_sddot_671E3572_v20260727,sd_sddot_671E3572,2026-07-27,,"72"" PVC Lined Manhole Base and Barrel Section","72"" PVC Lined Manhole Base and Barrel Section",EACH,671,sd_sddot_item_catalog_2026_07_27,true
sd_sddot_671E4048_v20260727,sd_sddot_671E4048,2026-07-27,,"48"" Manhole Riser Section","48"" Manhole Riser Section",FT,671,sd_sddot_item_catalog_2026_07_27,true
sd_sddot_671E4054_v20260727,sd_sddot_671E4054,2026-07-27,,"54"" Manhole Riser Section","54"" Manhole Riser Section",FT,671,sd_sddot_item_catalog_2026_07_27,true
sd_sddot_671E4060_v20260727,sd_sddot_671E4060,2026-07-27,,"60"" Manhole Riser Section","60"" Manhole Riser Section",FT,671,sd_sddot_item_catalog_2026_07_27,true
sd_sddot_671E4066_v20260727,sd_sddot_671E4066,2026-07-27,,"66"" Manhole Riser Section","66"" Manhole Riser Section",FT,671,sd_sddot_item_catalog_2026_07_27,true
sd_sddot_671E4072_v20260727,sd_sddot_671E4072,2026-07-27,,"72"" Manhole Riser Section","72"" Manhole Riser Section",FT,671,sd_sddot_item_catalog_2026_07_27,true
sd_sddot_671E4078_v20260727,sd_sddot_671E4078,2026-07-27,,"78"" Manhole Riser Section","78"" Manhole Riser Section",FT,671,sd_sddot_item_catalog_2026_07_27,true
sd_sddot_671E4084_v20260727,sd_sddot_671E4084,2026-07-27,,"84"" Manhole Riser Section","84"" Manhole Riser Section",FT,671,sd_sddot_item_catalog_2026_07_27,true
sd_sddot_671E4090_v20260727,sd_sddot_671E4090,2026-07-27,,"90"" Manhole Riser Section","90"" Manhole Riser Section",FT,671,sd_sddot_item_catalog_2026_07_27,true
sd_sddot_671E4096_v20260727,sd_sddot_671E4096,2026-07-27,,"96"" Manhole Riser Section","96"" Manhole Riser Section",FT,671,sd_sddot_item_catalog_2026_07_27,true
sd_sddot_671E4120_v20260727,sd_sddot_671E4120,2026-07-27,,"120"" Manhole Riser Section","120"" Manhole Riser Section",FT,671,sd_sddot_item_catalog_2026_07_27,true
sd_sddot_671E4200_v20260727,sd_sddot_671E4200,2026-07-27,,Manhole Drop Section,Manhole Drop Section,EACH,671,sd_sddot_item_catalog_2026_07_27,true
sd_sddot_671E4542_v20260727,sd_sddot_671E4542,2026-07-27,,"42"" Manhole Cone Section","42"" Manhole Cone Section",FT,671,sd_sddot_item_catalog_2026_07_27,true
sd_sddot_671E4548_v20260727,sd_sddot_671E4548,2026-07-27,,"48"" Manhole Cone Section","48"" Manhole Cone Section",FT,671,sd_sddot_item_catalog_2026_07_27,true
sd_sddot_671E5036_v20260727,sd_sddot_671E5036,2026-07-27,,"36"" Manhole Cover Slab","36"" Manhole Cover Slab",EACH,671,sd_sddot_item_catalog_2026_07_27,true
sd_sddot_671E5048_v20260727,sd_sddot_671E5048,2026-07-27,,"48"" Manhole Cover Slab","48"" Manhole Cover Slab",EACH,671,sd_sddot_item_catalog_2026_07_27,true
sd_sddot_671E5054_v20260727,sd_sddot_671E5054,2026-07-27,,"54"" Manhole Cover Slab","54"" Manhole Cover Slab",EACH,671,sd_sddot_item_catalog_2026_07_27,true
sd_sddot_671E5060_v20260727,sd_sddot_671E5060,2026-07-27,,"60"" Manhole Cover Slab","60"" Manhole Cover Slab",EACH,671,sd_sddot_item_catalog_2026_07_27,true
sd_sddot_671E5066_v20260727,sd_sddot_671E5066,2026-07-27,,"66"" Manhole Cover Slab","66"" Manhole Cover Slab",EACH,671,sd_sddot_item_catalog_2026_07_27,true
sd_sddot_671E5072_v20260727,sd_sddot_671E5072,2026-07-27,,"72"" Manhole Cover Slab","72"" Manhole Cover Slab",EACH,671,sd_sddot_item_catalog_2026_07_27,true
sd_sddot_671E5078_v20260727,sd_sddot_671E5078,2026-07-27,,"78"" Manhole Cover Slab","78"" Manhole Cover Slab",EACH,671,sd_sddot_item_catalog_2026_07_27,true
sd_sddot_671E5084_v20260727,sd_sddot_671E5084,2026-07-27,,"84"" Manhole Cover Slab","84"" Manhole Cover Slab",EACH,671,sd_sddot_item_catalog_2026_07_27,true
sd_sddot_671E5090_v20260727,sd_sddot_671E5090,2026-07-27,,"90"" Manhole Cover Slab","90"" Manhole Cover Slab",EACH,671,sd_sddot_item_catalog_2026_07_27,true
sd_sddot_671E5096_v20260727,sd_sddot_671E5096,2026-07-27,,"96"" Manhole Cover Slab","96"" Manhole Cover Slab",EACH,671,sd_sddot_item_catalog_2026_07_27,true
sd_sddot_671E5120_v20260727,sd_sddot_671E5120,2026-07-27,,"120"" Manhole Cover Slab","120"" Manhole Cover Slab",EACH,671,sd_sddot_item_catalog_2026_07_27,true
sd_sddot_671E5502_v20260727,sd_sddot_671E5502,2026-07-27,,"2"" Adjusting Ring for Manhole","2"" Adjusting Ring for Manhole",EACH,671,sd_sddot_item_catalog_2026_07_27,true
sd_sddot_671E5504_v20260727,sd_sddot_671E5504,2026-07-27,,"4"" Adjusting Ring for Manhole","4"" Adjusting Ring for Manhole",EACH,671,sd_sddot_item_catalog_2026_07_27,true
sd_sddot_671E5506_v20260727,sd_sddot_671E5506,2026-07-27,,"6"" Adjusting Ring for Manhole","6"" Adjusting Ring for Manhole",EACH,671,sd_sddot_item_catalog_2026_07_27,true
sd_sddot_671E5510_v20260727,sd_sddot_671E5510,2026-07-27,,"Extra Depth for 48"" Manhole","Extra Depth for 48"" Manhole",FT,671,sd_sddot_item_catalog_2026_07_27,true
sd_sddot_671E5512_v20260727,sd_sddot_671E5512,2026-07-27,,"Extra Depth for 60"" Manhole","Extra Depth for 60"" Manhole",FT,671,sd_sddot_item_catalog_2026_07_27,true
sd_sddot_671E5514_v20260727,sd_sddot_671E5514,2026-07-27,,"Extra Depth for 72"" Manhole","Extra Depth for 72"" Manhole",FT,671,sd_sddot_item_catalog_2026_07_27,true
sd_sddot_671E5516_v20260727,sd_sddot_671E5516,2026-07-27,,"Extra Depth for 84"" Manhole","Extra Depth for 84"" Manhole",FT,671,sd_sddot_item_catalog_2026_07_27,true
sd_sddot_671E6000_v20260727,sd_sddot_671E6000,2026-07-27,,Temporary Manhole Cover,Temporary Manhole Cover,EACH,671,sd_sddot_item_catalog_2026_07_27,true
sd_sddot_671E6007_v20260727,sd_sddot_671E6007,2026-07-27,,Type A7 Manhole Frame and Lid,Type A7 Manhole Frame and Lid,EACH,671,sd_sddot_item_catalog_2026_07_27,true
sd_sddot_671E6008_v20260727,sd_sddot_671E6008,2026-07-27,,Type A8 Manhole Frame and Lid,Type A8 Manhole Frame and Lid,EACH,671,sd_sddot_item_catalog_2026_07_27,true
sd_sddot_671E6009_v20260727,sd_sddot_671E6009,2026-07-27,,Type A9 Manhole Frame and Lid,Type A9 Manhole Frame and Lid,EACH,671,sd_sddot_item_catalog_2026_07_27,true
sd_sddot_671E6010_v20260727,sd_sddot_671E6010,2026-07-27,,Type A10 Manhole Frame and Lid,Type A10 Manhole Frame and Lid,EACH,671,sd_sddot_item_catalog_2026_07_27,true
sd_sddot_671E6020_v20260727,sd_sddot_671E6020,2026-07-27,,Type C Manhole Frame and Lid,Type C Manhole Frame and Lid,EACH,671,sd_sddot_item_catalog_2026_07_27,true
sd_sddot_671E6030_v20260727,sd_sddot_671E6030,2026-07-27,,Type S Manhole Frame and Lid,Type S Manhole Frame and Lid,EACH,671,sd_sddot_item_catalog_2026_07_27,true
sd_sddot_671E6035_v20260727,sd_sddot_671E6035,2026-07-27,,Special Manhole Frame and Lid,Special Manhole Frame and Lid,EACH,671,sd_sddot_item_catalog_2026_07_27,true
sd_sddot_671E6040_v20260727,sd_sddot_671E6040,2026-07-27,,Manhole Frame,Manhole Frame,EACH,671,sd_sddot_item_catalog_2026_07_27,true
sd_sddot_671E6050_v20260727,sd_sddot_671E6050,2026-07-27,,Manhole Lid,Manhole Lid,EACH,671,sd_sddot_item_catalog_2026_07_27,true
sd_sddot_671E6100_v20260727,sd_sddot_671E6100,2026-07-27,,"Manhole Frame & Lid, Install","Manhole Frame & Lid, Install",EACH,671,sd_sddot_item_catalog_2026_07_27,true
sd_sddot_671E7000_v20260727,sd_sddot_671E7000,2026-07-27,,Reset Manhole Frame and Lid,Reset Manhole Frame and Lid,EACH,671,sd_sddot_item_catalog_2026_07_27,true
sd_sddot_671E7010_v20260727,sd_sddot_671E7010,2026-07-27,,Adjust Manhole,Adjust Manhole,EACH,671,sd_sddot_item_catalog_2026_07_27,true
sd_sddot_671E7012_v20260727,sd_sddot_671E7012,2026-07-27,,Adjust and Seal Manhole,Adjust and Seal Manhole,EACH,671,sd_sddot_item_catalog_2026_07_27,true
sd_sddot_671E7015_v20260727,sd_sddot_671E7015,2026-07-27,,Remove and Reset Manhole,Remove and Reset Manhole,EACH,671,sd_sddot_item_catalog_2026_07_27,true
sd_sddot_671E7020_v20260727,sd_sddot_671E7020,2026-07-27,,Connect Into Existing Manhole,Connect Into Existing Manhole,EACH,671,sd_sddot_item_catalog_2026_07_27,true
sd_sddot_671E7022_v20260727,sd_sddot_671E7022,2026-07-27,,Reshape Manhole Invert,Reshape Manhole Invert,EACH,671,sd_sddot_item_catalog_2026_07_27,true
sd_sddot_671E8000_v20260727,sd_sddot_671E8000,2026-07-27,,Reconstruct Manhole,Reconstruct Manhole,EACH,671,sd_sddot_item_catalog_2026_07_27,true
sd_sddot_671E8002_v20260727,sd_sddot_671E8002,2026-07-27,,Repair Manhole,Repair Manhole,EACH,671,sd_sddot_item_catalog_2026_07_27,true
sd_sddot_671E8050_v20260727,sd_sddot_671E8050,2026-07-27,,Line Manhole,Line Manhole,FT,671,sd_sddot_item_catalog_2026_07_27,true
sd_sddot_671E9000_v20260727,sd_sddot_671E9000,2026-07-27,,Manhole Exfiltration/Vacuum Test,Manhole Exfiltration/Vacuum Test,EACH,671,sd_sddot_item_catalog_2026_07_27,true
sd_sddot_671E9005_v20260727,sd_sddot_671E9005,2026-07-27,,Abandon Manhole,Abandon Manhole,EACH,671,sd_sddot_item_catalog_2026_07_27,true
sd_sddot_671E9500_v20260727,sd_sddot_671E9500,2026-07-27,,Concrete Manhole Collar,Concrete Manhole Collar,EACH,671,sd_sddot_item_catalog_2026_07_27,true
sd_sddot_680E0010_historical,sd_sddot_680E0010,,,Edge Drain,Edge Drain,FT,680,sd_sddot_bid_tabs_2025_02_05,false
sd_sddot_680E0015_historical,sd_sddot_680E0015,,,Edge Drain Outlet,Edge Drain Outlet,EACH,680,sd_sddot_bid_tabs_2025_02_05,false
sd_sddot_680E0030_v20260727,sd_sddot_680E0030,2026-07-27,,2' Deep Transverse Drain,2' Deep Transverse Drain,FT,680,sd_sddot_item_catalog_2026_07_27,true
sd_sddot_680E0040_v20260727,sd_sddot_680E0040,2026-07-27,,"4"" Underdrain Pipe","4"" Underdrain Pipe",FT,680,sd_sddot_item_catalog_2026_07_27,true
sd_sddot_680E0060_v20260727,sd_sddot_680E0060,2026-07-27,,"6"" Underdrain Pipe","6"" Underdrain Pipe",FT,680,sd_sddot_item_catalog_2026_07_27,true
sd_sddot_680E0090_v20260727,sd_sddot_680E0090,2026-07-27,,Underdrain Service Cleanout,Underdrain Service Cleanout,EACH,680,sd_sddot_item_catalog_2026_07_27,true
sd_sddot_680E0100_v20260727,sd_sddot_680E0100,2026-07-27,,Cutoff Drain,Cutoff Drain,EACH,680,sd_sddot_item_catalog_2026_07_27,true
sd_sddot_680E0130_v20260727,sd_sddot_680E0130,2026-07-27,,Drilled Horizontal Drain,Drilled Horizontal Drain,FT,680,sd_sddot_item_catalog_2026_07_27,true
sd_sddot_680E0150_v20260727,sd_sddot_680E0150,2026-07-27,,Double Sided Sheet Drain,Double Sided Sheet Drain,SQFT,680,sd_sddot_item_catalog_2026_07_27,true
sd_sddot_680E0154_v20260727,sd_sddot_680E0154,2026-07-27,,"12"" Base Drain","12"" Base Drain",FT,680,sd_sddot_item_catalog_2026_07_27,true
sd_sddot_680E0160_v20260727,sd_sddot_680E0160,2026-07-27,,Universal Tee Outlet,Universal Tee Outlet,EACH,680,sd_sddot_item_catalog_2026_07_27,true
sd_sddot_680E0204_v20260727,sd_sddot_680E0204,2026-07-27,,"4"" Perforated PVC Drain Pipe with Sleeve","4"" Perforated PVC Drain Pipe with Sleeve",FT,680,sd_sddot_item_catalog_2026_07_27,true
sd_sddot_680E0206_v20260727,sd_sddot_680E0206,2026-07-27,,"6"" Perforated PVC Drain Pipe with Sleeve","6"" Perforated PVC Drain Pipe with Sleeve",FT,680,sd_sddot_item_catalog_2026_07_27,true
sd_sddot_680E0224_v20260727,sd_sddot_680E0224,2026-07-27,,"4"" PVC Outlet Pipe","4"" PVC Outlet Pipe",FT,680,sd_sddot_item_catalog_2026_07_27,true
sd_sddot_680E0226_v20260727,sd_sddot_680E0226,2026-07-27,,"6"" PVC Outlet Pipe","6"" PVC Outlet Pipe",FT,680,sd_sddot_item_catalog_2026_07_27,true
sd_sddot_680E0240_v20260727,sd_sddot_680E0240,2026-07-27,,"4"" Corrugated Polyethylene Drainage Tubing","4"" Corrugated Polyethylene Drainage Tubing",FT,680,sd_sddot_item_catalog_2026_07_27,true
sd_sddot_680E0260_v20260727,sd_sddot_680E0260,2026-07-27,,"6"" Corrugated Polyethylene Drainage Tubing","6"" Corrugated Polyethylene Drainage Tubing",FT,680,sd_sddot_item_catalog_2026_07_27,true
sd_sddot_680E0280_v20260727,sd_sddot_680E0280,2026-07-27,,"8"" Corrugated Polyethylene Drainage Tubing","8"" Corrugated Polyethylene Drainage Tubing",FT,680,sd_sddot_item_catalog_2026_07_27,true
sd_sddot_680E0292_v20260727,sd_sddot_680E0292,2026-07-27,,"12"" Corrugated Polyethylene Drainage Tubing","12"" Corrugated Polyethylene Drainage Tubing",FT,680,sd_sddot_item_catalog_2026_07_27,true
sd_sddot_680E0295_v20260727,sd_sddot_680E0295,2026-07-27,,"15"" Corrugated Polyethylene Drainage Tubing","15"" Corrugated Polyethylene Drainage Tubing",FT,680,sd_sddot_item_catalog_2026_07_27,true
sd_sddot_680E0298_v20260727,sd_sddot_680E0298,2026-07-27,,"18"" Corrugated Polyethylene Drainage Tubing","18"" Corrugated Polyethylene Drainage Tubing",FT,680,sd_sddot_item_catalog_2026_07_27,true
sd_sddot_680E0304_v20260727,sd_sddot_680E0304,2026-07-27,,"4"" Perforated Dual Wall HDPE Pipe","4"" Perforated Dual Wall HDPE Pipe",FT,680,sd_sddot_item_catalog_2026_07_27,true
sd_sddot_680E0324_v20260727,sd_sddot_680E0324,2026-07-27,,"4"" Dual Wall HDPE Pipe","4"" Dual Wall HDPE Pipe",FT,680,sd_sddot_item_catalog_2026_07_27,true
sd_sddot_680E0440_v20260727,sd_sddot_680E0440,2026-07-27,,"4"" Slotted Corrugated Polyethylene Drainage Tubing","4"" Slotted Corrugated Polyethylene Drainage Tubing",FT,680,sd_sddot_item_catalog_2026_07_27,true
sd_sddot_680E0660_v20260727,sd_sddot_680E0660,2026-07-27,,"6"" Slotted Corrugated Polyethylene Drainage Tubing","6"" Slotted Corrugated Polyethylene Drainage Tubing",FT,680,sd_sddot_item_catalog_2026_07_27,true
sd_sddot_680E1040_v20260727,sd_sddot_680E1040,2026-07-27,,"4"" Pipe Sock","4"" Pipe Sock",FT,680,sd_sddot_item_catalog_2026_07_27,true
sd_sddot_680E1200_v20260727,sd_sddot_680E1200,2026-07-27,,Fiberglass Drain Pipe,Fiberglass Drain Pipe,FT,680,sd_sddot_item_catalog_2026_07_27,true
sd_sddot_680E2000_v20260727,sd_sddot_680E2000,2026-07-27,,Concrete Headwall for Underdrain,Concrete Headwall for Underdrain,EACH,680,sd_sddot_item_catalog_2026_07_27,true
sd_sddot_680E2500_v20260727,sd_sddot_680E2500,2026-07-27,,Porous Backfill,Porous Backfill,TON,680,sd_sddot_item_catalog_2026_07_27,true
sd_sddot_680E2502_v20260727,sd_sddot_680E2502,2026-07-27,,Crushed Rock,Crushed Rock,TON,680,sd_sddot_item_catalog_2026_07_27,true
sd_sddot_680E6036_v20260727,sd_sddot_680E6036,2026-07-27,,"36"" Strip Drain","36"" Strip Drain",FT,680,sd_sddot_item_catalog_2026_07_27,true
sd_sddot_681E0010_v20260727,sd_sddot_681E0010,2026-07-27,,Edge Drain,Edge Drain,FT,681,sd_sddot_item_catalog_2026_07_27,true
sd_sddot_681E0012_v20260727,sd_sddot_681E0012,2026-07-27,,Deep Edge Drain,Deep Edge Drain,FT,681,sd_sddot_item_catalog_2026_07_27,true
sd_sddot_681E0015_v20260727,sd_sddot_681E0015,2026-07-27,,Edge Drain Outlet,Edge Drain Outlet,EACH,681,sd_sddot_item_catalog_2026_07_27,true
sd_sddot_681E0025_v20260727,sd_sddot_681E0025,2026-07-27,,Adjust Edge Drain Outlet,Adjust Edge Drain Outlet,EACH,681,sd_sddot_item_catalog_2026_07_27,true
sd_sddot_700E0110_v20260727,sd_sddot_700E0110,2026-07-27,,Class A Riprap,Class A Riprap,TON,700,sd_sddot_item_catalog_2026_07_27,true
sd_sddot_700E0210_v20260727,sd_sddot_700E0210,2026-07-27,,Class B Riprap,Class B Riprap,TON,700,sd_sddot_item_catalog_2026_07_27,true
sd_sddot_700E0310_v20260727,sd_sddot_700E0310,2026-07-27,,Class C Riprap,Class C Riprap,TON,700,sd_sddot_item_catalog_2026_07_27,true
sd_sddot_700E0410_v20260727,sd_sddot_700E0410,2026-07-27,,Class D Riprap,Class D Riprap,TON,700,sd_sddot_item_catalog_2026_07_27,true
sd_sddot_700E0510_v20260727,sd_sddot_700E0510,2026-07-27,,Class E Riprap,Class E Riprap,TON,700,sd_sddot_item_catalog_2026_07_27,true
sd_sddot_700E0610_v20260727,sd_sddot_700E0610,2026-07-27,,Class F Riprap,Class F Riprap,TON,700,sd_sddot_item_catalog_2026_07_27,true
sd_sddot_700E1010_v20260727,sd_sddot_700E1010,2026-07-27,,Special Riprap,Special Riprap,TON,700,sd_sddot_item_catalog_2026_07_27,true
sd_sddot_700E1100_v20260727,sd_sddot_700E1100,2026-07-27,,Overburden Excavation for Riprap,Overburden Excavation for Riprap,CUYD,700,sd_sddot_item_catalog_2026_07_27,true
sd_sddot_700E1200_v20260727,sd_sddot_700E1200,2026-07-27,,Partially Grouted Class B Riprap,Partially Grouted Class B Riprap,TON,700,sd_sddot_item_catalog_2026_07_27,true
sd_sddot_700E1250_v20260727,sd_sddot_700E1250,2026-07-27,,Fully Grouted Riprap,Fully Grouted Riprap,TON,700,sd_sddot_item_catalog_2026_07_27,true
sd_sddot_700E2010_v20260727,sd_sddot_700E2010,2026-07-27,,Place Riprap,Place Riprap,TON,700,sd_sddot_item_catalog_2026_07_27,true
sd_sddot_720E1010_v20260727,sd_sddot_720E1010,2026-07-27,,PVC Coated Bank and Channel Protection Gabion,PVC Coated Bank and Channel Protection Gabion,CUYD,720,sd_sddot_item_catalog_2026_07_27,true
sd_sddot_720E1015_v20260727,sd_sddot_720E1015,2026-07-27,,Bank and Channel Protection Gabion,Bank and Channel Protection Gabion,CUYD,720,sd_sddot_item_catalog_2026_07_27,true
sd_sddot_720E2000_v20260727,sd_sddot_720E2000,2026-07-27,,Wire Mattress,Wire Mattress,SQYD,720,sd_sddot_item_catalog_2026_07_27,true
sd_sddot_720E2010_v20260727,sd_sddot_720E2010,2026-07-27,,PVC Coated Wire Mattress,PVC Coated Wire Mattress,SQYD,720,sd_sddot_item_catalog_2026_07_27,true
sd_sddot_730E0100_v20260727,sd_sddot_730E0100,2026-07-27,,Cover Crop Seeding,Cover Crop Seeding,BU,730,sd_sddot_item_catalog_2026_07_27,true
sd_sddot_730E0200_v20260727,sd_sddot_730E0200,2026-07-27,,Type A Permanent Seed Mixture,Type A Permanent Seed Mixture,LB,730,sd_sddot_item_catalog_2026_07_27,true
sd_sddot_730E0202_v20260727,sd_sddot_730E0202,2026-07-27,,Type B Permanent Seed Mixture,Type B Permanent Seed Mixture,LB,730,sd_sddot_item_catalog_2026_07_27,true
sd_sddot_730E0204_v20260727,sd_sddot_730E0204,2026-07-27,,Type C Permanent Seed Mixture,Type C Permanent Seed Mixture,LB,730,sd_sddot_item_catalog_2026_07_27,true
sd_sddot_730E0206_v20260727,sd_sddot_730E0206,2026-07-27,,Type D Permanent Seed Mixture,Type D Permanent Seed Mixture,LB,730,sd_sddot_item_catalog_2026_07_27,true
sd_sddot_730E0208_v20260727,sd_sddot_730E0208,2026-07-27,,Type E Permanent Seed Mixture,Type E Permanent Seed Mixture,LB,730,sd_sddot_item_catalog_2026_07_27,true
sd_sddot_730E0210_v20260727,sd_sddot_730E0210,2026-07-27,,Type F Permanent Seed Mixture,Type F Permanent Seed Mixture,LB,730,sd_sddot_item_catalog_2026_07_27,true
sd_sddot_730E0212_v20260727,sd_sddot_730E0212,2026-07-27,,Type G Permanent Seed Mixture,Type G Permanent Seed Mixture,LB,730,sd_sddot_item_catalog_2026_07_27,true
sd_sddot_730E0251_v20260727,sd_sddot_730E0251,2026-07-27,,Special Permanent Seed Mixture 1,Special Permanent Seed Mixture 1,LB,730,sd_sddot_item_catalog_2026_07_27,true
sd_sddot_730E0252_v20260727,sd_sddot_730E0252,2026-07-27,,Special Permanent Seed Mixture 2,Special Permanent Seed Mixture 2,LB,730,sd_sddot_item_catalog_2026_07_27,true
sd_sddot_730E0253_v20260727,sd_sddot_730E0253,2026-07-27,,Special Permanent Seed Mixture 3,Special Permanent Seed Mixture 3,LB,730,sd_sddot_item_catalog_2026_07_27,true
sd_sddot_730E0254_v20260727,sd_sddot_730E0254,2026-07-27,,Special Permanent Seed Mixture 4,Special Permanent Seed Mixture 4,LB,730,sd_sddot_item_catalog_2026_07_27,true
sd_sddot_730E0255_v20260727,sd_sddot_730E0255,2026-07-27,,Special Permanent Seed Mixture 5,Special Permanent Seed Mixture 5,LB,730,sd_sddot_item_catalog_2026_07_27,true
sd_sddot_730E1200_v20260727,sd_sddot_730E1200,2026-07-27,,Hydroseeding,Hydroseeding,SQYD,730,sd_sddot_item_catalog_2026_07_27,true
sd_sddot_731E0100_v20260727,sd_sddot_731E0100,2026-07-27,,Fertilizing,Fertilizing,LB,731,sd_sddot_item_catalog_2026_07_27,true
sd_sddot_731E0200_v20260727,sd_sddot_731E0200,2026-07-27,,Fertilizing,Fertilizing,TON,731,sd_sddot_item_catalog_2026_07_27,true
sd_sddot_732E0100_v20260727,sd_sddot_732E0100,2026-07-27,,Mulching,Mulching,TON,732,sd_sddot_item_catalog_2026_07_27,true
sd_sddot_732E0200_v20260727,sd_sddot_732E0200,2026-07-27,,Fiber Mulching,Fiber Mulching,TON,732,sd_sddot_item_catalog_2026_07_27,true
sd_sddot_732E0250_v20260727,sd_sddot_732E0250,2026-07-27,,Fiber Mulching,Fiber Mulching,LB,732,sd_sddot_item_catalog_2026_07_27,true
sd_sddot_732E0300_v20260727,sd_sddot_732E0300,2026-07-27,,Bonded Fiber Matrix,Bonded Fiber Matrix,TON,732,sd_sddot_item_catalog_2026_07_27,true
sd_sddot_732E0350_v20260727,sd_sddot_732E0350,2026-07-27,,Bonded Fiber Matrix,Bonded Fiber Matrix,LB,732,sd_sddot_item_catalog_2026_07_27,true
sd_sddot_732E0500_v20260727,sd_sddot_732E0500,2026-07-27,,Fiber Reinforced Matrix,Fiber Reinforced Matrix,TON,732,sd_sddot_item_catalog_2026_07_27,true
sd_sddot_732E0550_v20260727,sd_sddot_732E0550,2026-07-27,,Fiber Reinforced Matrix,Fiber Reinforced Matrix,LB,732,sd_sddot_item_catalog_2026_07_27,true
sd_sddot_732E0600_v20260727,sd_sddot_732E0600,2026-07-27,,Hydraulic Straw Mulch,Hydraulic Straw Mulch,LB,732,sd_sddot_item_catalog_2026_07_27,true
sd_sddot_732E1000_v20260727,sd_sddot_732E1000,2026-07-27,,Temporary Mulching,Temporary Mulching,SQYD,732,sd_sddot_item_catalog_2026_07_27,true
sd_sddot_733E0100_v20260727,sd_sddot_733E0100,2026-07-27,,Sodding,Sodding,SQYD,733,sd_sddot_item_catalog_2026_07_27,true
sd_sddot_733E0150_v20260727,sd_sddot_733E0150,2026-07-27,,"Salvage, Store, and Replant Sod","Salvage, Store, and Replant Sod",SQYD,733,sd_sddot_item_catalog_2026_07_27,true
sd_sddot_734E0010_v20260727,sd_sddot_734E0010,2026-07-27,,Erosion Control,Erosion Control,L S,734,sd_sddot_item_catalog_2026_07_27,true
sd_sddot_734E0020_v20260727,sd_sddot_734E0020,2026-07-27,,Asphalt For Erosion Control,Asphalt For Erosion Control,GAL,734,sd_sddot_item_catalog_2026_07_27,true
sd_sddot_734E0042_v20260727,sd_sddot_734E0042,2026-07-27,,Soil Stabilizer,Soil Stabilizer,SQYD,734,sd_sddot_item_catalog_2026_07_27,true
sd_sddot_734E0044_v20260727,sd_sddot_734E0044,2026-07-27,,Soil Stabilizer,Soil Stabilizer,ACRE,734,sd_sddot_item_catalog_2026_07_27,true
sd_sddot_734E0050_v20260727,sd_sddot_734E0050,2026-07-27,,Chemical Grout,Chemical Grout,GAL,734,sd_sddot_item_catalog_2026_07_27,true
sd_sddot_734E0090_v20260727,sd_sddot_734E0090,2026-07-27,,Perforated Geocell,Perforated Geocell,SQFT,734,sd_sddot_item_catalog_2026_07_27,true
sd_sddot_734E0101_v20260727,sd_sddot_734E0101,2026-07-27,,Type 1 Erosion Control Blanket,Type 1 Erosion Control Blanket,SQYD,734,sd_sddot_item_catalog_2026_07_27,true
sd_sddot_734E0102_v20260727,sd_sddot_734E0102,2026-07-27,,Type 2 Erosion Control Blanket,Type 2 Erosion Control Blanket,SQYD,734,sd_sddot_item_catalog_2026_07_27,true
sd_sddot_734E0103_v20260727,sd_sddot_734E0103,2026-07-27,,Type 3 Erosion Control Blanket,Type 3 Erosion Control Blanket,SQYD,734,sd_sddot_item_catalog_2026_07_27,true
sd_sddot_734E0104_v20260727,sd_sddot_734E0104,2026-07-27,,Type 4 Erosion Control Blanket,Type 4 Erosion Control Blanket,SQYD,734,sd_sddot_item_catalog_2026_07_27,true
sd_sddot_734E0109_v20260727,sd_sddot_734E0109,2026-07-27,,Install State Furnished Erosion Control Blanket,Install State Furnished Erosion Control Blanket,SQYD,734,sd_sddot_item_catalog_2026_07_27,true
sd_sddot_734E0111_v20260727,sd_sddot_734E0111,2026-07-27,,Type 1 Erosion Control Compost,Type 1 Erosion Control Compost,TON,734,sd_sddot_item_catalog_2026_07_27,true
sd_sddot_734E0112_v20260727,sd_sddot_734E0112,2026-07-27,,Type 2 Erosion Control Compost,Type 2 Erosion Control Compost,TON,734,sd_sddot_item_catalog_2026_07_27,true
sd_sddot_734E0113_v20260727,sd_sddot_734E0113,2026-07-27,,Type 3 Erosion Control Compost,Type 3 Erosion Control Compost,TON,734,sd_sddot_item_catalog_2026_07_27,true
sd_sddot_734E0114_v20260727,sd_sddot_734E0114,2026-07-27,,Type 4 Erosion Control Compost,Type 4 Erosion Control Compost,TON,734,sd_sddot_item_catalog_2026_07_27,true
sd_sddot_734E0115_v20260727,sd_sddot_734E0115,2026-07-27,,Type 5 Erosion Control Compost,Type 5 Erosion Control Compost,TON,734,sd_sddot_item_catalog_2026_07_27,true
sd_sddot_734E0130_v20260727,sd_sddot_734E0130,2026-07-27,,Fiberglass Roving,Fiberglass Roving,SQYD,734,sd_sddot_item_catalog_2026_07_27,true
sd_sddot_734E0131_v20260727,sd_sddot_734E0131,2026-07-27,,Type 1 Turf Reinforcement Mat,Type 1 Turf Reinforcement Mat,SQYD,734,sd_sddot_item_catalog_2026_07_27,true
sd_sddot_734E0132_v20260727,sd_sddot_734E0132,2026-07-27,,Type 2 Turf Reinforcement Mat,Type 2 Turf Reinforcement Mat,SQYD,734,sd_sddot_item_catalog_2026_07_27,true
sd_sddot_734E0133_v20260727,sd_sddot_734E0133,2026-07-27,,Type 3 Turf Reinforcement Mat,Type 3 Turf Reinforcement Mat,SQYD,734,sd_sddot_item_catalog_2026_07_27,true
sd_sddot_734E0135_v20260727,sd_sddot_734E0135,2026-07-27,,Turf Reinforcement Mat,Turf Reinforcement Mat,SQYD,734,sd_sddot_item_catalog_2026_07_27,true
sd_sddot_734E0140_v20260727,sd_sddot_734E0140,2026-07-27,,Erosion Bale,Erosion Bale,EACH,734,sd_sddot_item_catalog_2026_07_27,true
sd_sddot_734E0150_v20260727,sd_sddot_734E0150,2026-07-27,,"6"" Diameter Erosion Control Wattle","6"" Diameter Erosion Control Wattle",FT,734,sd_sddot_item_catalog_2026_07_27,true
sd_sddot_734E0151_v20260727,sd_sddot_734E0151,2026-07-27,,"9"" Diameter Erosion Control Wattle","9"" Diameter Erosion Control Wattle",FT,734,sd_sddot_item_catalog_2026_07_27,true
sd_sddot_734E0154_v20260727,sd_sddot_734E0154,2026-07-27,,"12"" Diameter Erosion Control Wattle","12"" Diameter Erosion Control Wattle",FT,734,sd_sddot_item_catalog_2026_07_27,true
sd_sddot_734E0160_v20260727,sd_sddot_734E0160,2026-07-27,,"20"" Diameter Erosion Control Wattle","20"" Diameter Erosion Control Wattle",FT,734,sd_sddot_item_catalog_2026_07_27,true
sd_sddot_734E0165_v20260727,sd_sddot_734E0165,2026-07-27,,Remove and Reset Erosion Control Wattle,Remove and Reset Erosion Control Wattle,FT,734,sd_sddot_item_catalog_2026_07_27,true
sd_sddot_734E0170_v20260727,sd_sddot_734E0170,2026-07-27,,Temporary Sediment Barrier,Temporary Sediment Barrier,FT,734,sd_sddot_item_catalog_2026_07_27,true
sd_sddot_734E0180_v20260727,sd_sddot_734E0180,2026-07-27,,Sediment Filter Bag,Sediment Filter Bag,FT,734,sd_sddot_item_catalog_2026_07_27,true
sd_sddot_734E0185_v20260727,sd_sddot_734E0185,2026-07-27,,Remove and Reset Sediment Filter Bag,Remove and Reset Sediment Filter Bag,FT,734,sd_sddot_item_catalog_2026_07_27,true
sd_sddot_734E0200_v20260727,sd_sddot_734E0200,2026-07-27,,Buffalo Grass Plug,Buffalo Grass Plug,EACH,734,sd_sddot_item_catalog_2026_07_27,true
sd_sddot_734E0300_v20260727,sd_sddot_734E0300,2026-07-27,,Cultivation,Cultivation,ACRE,734,sd_sddot_item_catalog_2026_07_27,true
sd_sddot_734E0325_v20260727,sd_sddot_734E0325,2026-07-27,,Surface Roughening,Surface Roughening,ACRE,734,sd_sddot_item_catalog_2026_07_27,true
sd_sddot_734E0400_v20260727,sd_sddot_734E0400,2026-07-27,,Rock Check Dam,Rock Check Dam,CUYD,734,sd_sddot_item_catalog_2026_07_27,true
sd_sddot_734E0425_v20260727,sd_sddot_734E0425,2026-07-27,,Triangular Silt Barrier,Triangular Silt Barrier,FT,734,sd_sddot_item_catalog_2026_07_27,true
sd_sddot_734E0430_v20260727,sd_sddot_734E0430,2026-07-27,,Remove and Reset Triangular Silt Barrier,Remove and Reset Triangular Silt Barrier,FT,734,sd_sddot_item_catalog_2026_07_27,true
sd_sddot_734E0450_v20260727,sd_sddot_734E0450,2026-07-27,,Temporary Water Barrier,Temporary Water Barrier,FT,734,sd_sddot_item_catalog_2026_07_27,true
sd_sddot_734E0460_v20260727,sd_sddot_734E0460,2026-07-27,,Temporary Water Barrier for Bank Stabilization,Temporary Water Barrier for Bank Stabilization,L S,734,sd_sddot_item_catalog_2026_07_27,true
sd_sddot_734E0510_v20260727,sd_sddot_734E0510,2026-07-27,,Shaping for Erosion Control Blanket,Shaping for Erosion Control Blanket,FT,734,sd_sddot_item_catalog_2026_07_27,true
sd_sddot_734E0602_v20260727,sd_sddot_734E0602,2026-07-27,,Low Flow Silt Fence,Low Flow Silt Fence,FT,734,sd_sddot_item_catalog_2026_07_27,true
sd_sddot_734E0604_v20260727,sd_sddot_734E0604,2026-07-27,,High Flow Silt Fence,High Flow Silt Fence,FT,734,sd_sddot_item_catalog_2026_07_27,true
sd_sddot_734E0610_v20260727,sd_sddot_734E0610,2026-07-27,,Mucking Silt Fence,Mucking Silt Fence,CUYD,734,sd_sddot_item_catalog_2026_07_27,true
sd_sddot_734E0620_v20260727,sd_sddot_734E0620,2026-07-27,,Repair Silt Fence,Repair Silt Fence,FT,734,sd_sddot_item_catalog_2026_07_27,true
sd_sddot_734E0630_v20260727,sd_sddot_734E0630,2026-07-27,,Floating Silt Curtain,Floating Silt Curtain,FT,734,sd_sddot_item_catalog_2026_07_27,true
sd_sddot_734E0635_v20260727,sd_sddot_734E0635,2026-07-27,,Remove and Reset Floating Silt Curtain,Remove and Reset Floating Silt Curtain,FT,734,sd_sddot_item_catalog_2026_07_27,true
sd_sddot_734E0640_v20260727,sd_sddot_734E0640,2026-07-27,,Silt Trap,Silt Trap,CUYD,734,sd_sddot_item_catalog_2026_07_27,true
sd_sddot_734E0680_v20260727,sd_sddot_734E0680,2026-07-27,,Flocculent Housing Unit,Flocculent Housing Unit,EACH,734,sd_sddot_item_catalog_2026_07_27,true
sd_sddot_734E0682_v20260727,sd_sddot_734E0682,2026-07-27,,250K Gallon Treatment Flocculent Bag,250K Gallon Treatment Flocculent Bag,EACH,734,sd_sddot_item_catalog_2026_07_27,true
sd_sddot_734E0683_v20260727,sd_sddot_734E0683,2026-07-27,,500K Gallon Treatment Flocculent Bag,500K Gallon Treatment Flocculent Bag,EACH,734,sd_sddot_item_catalog_2026_07_27,true
sd_sddot_734E0685_v20260727,sd_sddot_734E0685,2026-07-27,,2% Concentrate Liquid Flocculent,2% Concentrate Liquid Flocculent,GAL,734,sd_sddot_item_catalog_2026_07_27,true
sd_sddot_734E0700_v20260727,sd_sddot_734E0700,2026-07-27,,Cellular Confinement System,Cellular Confinement System,SQFT,734,sd_sddot_item_catalog_2026_07_27,true
sd_sddot_734E0810_v20260727,sd_sddot_734E0810,2026-07-27,,Stream Bank Treatment Type 1,Stream Bank Treatment Type 1,FT,734,sd_sddot_item_catalog_2026_07_27,true
sd_sddot_734E0820_v20260727,sd_sddot_734E0820,2026-07-27,,Stream Bank Treatment Type 2,Stream Bank Treatment Type 2,FT,734,sd_sddot_item_catalog_2026_07_27,true
sd_sddot_734E0830_v20260727,sd_sddot_734E0830,2026-07-27,,Stream Bank Treatment Type 3,Stream Bank Treatment Type 3,FT,734,sd_sddot_item_catalog_2026_07_27,true
sd_sddot_734E0840_v20260727,sd_sddot_734E0840,2026-07-27,,Sediment Control at Type B Reinforced Concrete Drop Inlet,Sediment Control at Type B Reinforced Concrete Drop Inlet,EACH,734,sd_sddot_item_catalog_2026_07_27,true
sd_sddot_734E0845_v20260727,sd_sddot_734E0845,2026-07-27,,Sediment Control at Inlet with Frame and Grate,Sediment Control at Inlet with Frame and Grate,EACH,734,sd_sddot_item_catalog_2026_07_27,true
sd_sddot_734E0847_v20260727,sd_sddot_734E0847,2026-07-27,,Sediment Control at Type S Reinforced Concrete Drop Inlet,Sediment Control at Type S Reinforced Concrete Drop Inlet,FT,734,sd_sddot_item_catalog_2026_07_27,true
sd_sddot_734E0855_v20260727,sd_sddot_734E0855,2026-07-27,,Interim Sediment Control at Inlet,Interim Sediment Control at Inlet,EACH,734,sd_sddot_item_catalog_2026_07_27,true
sd_sddot_734E0860_v20260727,sd_sddot_734E0860,2026-07-27,,Catch Basin Filter,Catch Basin Filter,EACH,734,sd_sddot_item_catalog_2026_07_27,true
sd_sddot_734E0862_v20260727,sd_sddot_734E0862,2026-07-27,,"12"" Temporary Slope Drain","12"" Temporary Slope Drain",FT,734,sd_sddot_item_catalog_2026_07_27,true
sd_sddot_734E0868_v20260727,sd_sddot_734E0868,2026-07-27,,"18"" Temporary Slope Drain","18"" Temporary Slope Drain",FT,734,sd_sddot_item_catalog_2026_07_27,true
sd_sddot_734E0871_v20260727,sd_sddot_734E0871,2026-07-27,,"21"" Temporary Slope Drain","21"" Temporary Slope Drain",FT,734,sd_sddot_item_catalog_2026_07_27,true
sd_sddot_734E0874_v20260727,sd_sddot_734E0874,2026-07-27,,"24"" Temporary Slope Drain","24"" Temporary Slope Drain",FT,734,sd_sddot_item_catalog_2026_07_27,true
sd_sddot_734E0880_v20260727,sd_sddot_734E0880,2026-07-27,,"30"" Temporary Slope Drain","30"" Temporary Slope Drain",FT,734,sd_sddot_item_catalog_2026_07_27,true
sd_sddot_734E0900_v20260727,sd_sddot_734E0900,2026-07-27,,Temporary Diversion Channel for Fish Passage,Temporary Diversion Channel for Fish Passage,EACH,734,sd_sddot_item_catalog_2026_07_27,true
sd_sddot_734E0905_v20260727,sd_sddot_734E0905,2026-07-27,,Temporary Stream Diversion for Box Culvert Extension,Temporary Stream Diversion for Box Culvert Extension,EACH,734,sd_sddot_item_catalog_2026_07_27,true
sd_sddot_734E0906_v20260727,sd_sddot_734E0906,2026-07-27,,Temporary Stream Diversion for Pipe Culvert Extension,Temporary Stream Diversion for Pipe Culvert Extension,EACH,734,sd_sddot_item_catalog_2026_07_27,true
sd_sddot_734E0950_v20260727,sd_sddot_734E0950,2026-07-27,,Channel Reinforcement,Channel Reinforcement,SQYD,734,sd_sddot_item_catalog_2026_07_27,true
sd_sddot_734E0960_v20260727,sd_sddot_734E0960,2026-07-27,,Channel Liner,Channel Liner,SQFT,734,sd_sddot_item_catalog_2026_07_27,true
sd_sddot_734E0972_v20260727,sd_sddot_734E0972,2026-07-27,,Transition Mat,Transition Mat,SQYD,734,sd_sddot_item_catalog_2026_07_27,true
sd_sddot_734E0980_v20260727,sd_sddot_734E0980,2026-07-27,,Channel Liner,Channel Liner,FT,734,sd_sddot_item_catalog_2026_07_27,true
sd_sddot_734E1000_v20260727,sd_sddot_734E1000,2026-07-27,,Fish Baffle,Fish Baffle,FT,734,sd_sddot_item_catalog_2026_07_27,true
sd_sddot_734E1010_v20260727,sd_sddot_734E1010,2026-07-27,,Brush Bundle,Brush Bundle,EACH,734,sd_sddot_item_catalog_2026_07_27,true
sd_sddot_734E1015_v20260727,sd_sddot_734E1015,2026-07-27,,"Salvage, Store, and Place Wood Debris","Salvage, Store, and Place Wood Debris",EACH,734,sd_sddot_item_catalog_2026_07_27,true
sd_sddot_734E1020_v20260727,sd_sddot_734E1020,2026-07-27,,Rock Ledge Pool,Rock Ledge Pool,EACH,734,sd_sddot_item_catalog_2026_07_27,true
sd_sddot_734E1030_v20260727,sd_sddot_734E1030,2026-07-27,,Vortex Rock Weir,Vortex Rock Weir,EACH,734,sd_sddot_item_catalog_2026_07_27,true
sd_sddot_734E1200_v20260727,sd_sddot_734E1200,2026-07-27,,Natural Streambed Material,Natural Streambed Material,TON,734,sd_sddot_item_catalog_2026_07_27,true
sd_sddot_734E1201_v20260727,sd_sddot_734E1201,2026-07-27,,Natural Streambed Material Type 1,Natural Streambed Material Type 1,TON,734,sd_sddot_item_catalog_2026_07_27,true
sd_sddot_734E1202_v20260727,sd_sddot_734E1202,2026-07-27,,Natural Streambed Material Type 2,Natural Streambed Material Type 2,TON,734,sd_sddot_item_catalog_2026_07_27,true
sd_sddot_734E1300_v20260727,sd_sddot_734E1300,2026-07-27,,Soil Mix,Soil Mix,CUYD,734,sd_sddot_item_catalog_2026_07_27,true
sd_sddot_734E1301_v20260727,sd_sddot_734E1301,2026-07-27,,Soil/Rock Mix,Soil/Rock Mix,CUYD,734,sd_sddot_item_catalog_2026_07_27,true
sd_sddot_734E2000_v20260727,sd_sddot_734E2000,2026-07-27,,"Bridge Berm Slope Protection, Asphalt","Bridge Berm Slope Protection, Asphalt",SQYD,734,sd_sddot_item_catalog_2026_07_27,true
sd_sddot_734E2010_v20260727,sd_sddot_734E2010,2026-07-27,,"Bridge Berm Slope Protection, Concrete Pavement","Bridge Berm Slope Protection, Concrete Pavement",SQYD,734,sd_sddot_item_catalog_2026_07_27,true
sd_sddot_734E2020_v20260727,sd_sddot_734E2020,2026-07-27,,"Bridge Berm Slope Protection, Coated Crushed Aggregate","Bridge Berm Slope Protection, Coated Crushed Aggregate",SQYD,734,sd_sddot_item_catalog_2026_07_27,true
sd_sddot_734E2022_v20260727,sd_sddot_734E2022,2026-07-27,,"Bridge Berm Slope Protection, Quarried Aggregate","Bridge Berm Slope Protection, Quarried Aggregate",SQYD,734,sd_sddot_item_catalog_2026_07_27,true
sd_sddot_734E2023_v20260727,sd_sddot_734E2023,2026-07-27,,"Bridge Berm Slope Protection Rehabilitation, Coated Crushed Aggregate","Bridge Berm Slope Protection Rehabilitation, Coated Crushed Aggregate",SQYD,734,sd_sddot_item_catalog_2026_07_27,true
sd_sddot_734E2030_v20260727,sd_sddot_734E2030,2026-07-27,,Special Bridge Berm Slope Protection,Special Bridge Berm Slope Protection,SQYD,734,sd_sddot_item_catalog_2026_07_27,true
sd_sddot_734E2500_v20260727,sd_sddot_734E2500,2026-07-27,,Erosion Control Supervisor,Erosion Control Supervisor,L S,734,sd_sddot_item_catalog_2026_07_27,true
sd_sddot_734E3000_v20260727,sd_sddot_734E3000,2026-07-27,,Water Pollution Control,Water Pollution Control,L S,734,sd_sddot_item_catalog_2026_07_27,true
sd_sddot_734E3100_v20260727,sd_sddot_734E3100,2026-07-27,,Portable Sediment Containment System,Portable Sediment Containment System,EACH,734,sd_sddot_item_catalog_2026_07_27,true
sd_sddot_734E3110_v20260727,sd_sddot_734E3110,2026-07-27,,Restore Portable Sediment Containment System,Restore Portable Sediment Containment System,EACH,734,sd_sddot_item_catalog_2026_07_27,true
sd_sddot_734E3120_v20260727,sd_sddot_734E3120,2026-07-27,,Pump for Portable Sediment Containment System,Pump for Portable Sediment Containment System,HOUR,734,sd_sddot_item_catalog_2026_07_27,true
sd_sddot_734E4100_v20260727,sd_sddot_734E4100,2026-07-27,,Sediment Basin Skimmer,Sediment Basin Skimmer,EACH,734,sd_sddot_item_catalog_2026_07_27,true
sd_sddot_734E4990_v20260727,sd_sddot_734E4990,2026-07-27,,Dewatering,Dewatering,DAY,734,sd_sddot_item_catalog_2026_07_27,true
sd_sddot_734E4995_v20260727,sd_sddot_734E4995,2026-07-27,,Dewatering Standby,Dewatering Standby,DAY,734,sd_sddot_item_catalog_2026_07_27,true
sd_sddot_734E5000_v20260727,sd_sddot_734E5000,2026-07-27,,Dewatering,Dewatering,HOUR,734,sd_sddot_item_catalog_2026_07_27,true
sd_sddot_734E5005_v20260727,sd_sddot_734E5005,2026-07-27,,Dewatering,Dewatering,L S,734,sd_sddot_item_catalog_2026_07_27,true
sd_sddot_734E5010_v20260727,sd_sddot_734E5010,2026-07-27,,Sweeping,Sweeping,HOUR,734,sd_sddot_item_catalog_2026_07_27,true
sd_sddot_735E0100_v20260727,sd_sddot_735E0100,2026-07-27,,"Perennial Plant, Furnish and Plant","Perennial Plant, Furnish and Plant",EACH,735,sd_sddot_item_catalog_2026_07_27,true
sd_sddot_735E0110_v20260727,sd_sddot_735E0110,2026-07-27,,"1 Gallon Perennial Plant, Furnish and Plant","1 Gallon Perennial Plant, Furnish and Plant",EACH,735,sd_sddot_item_catalog_2026_07_27,true
sd_sddot_735E0120_v20260727,sd_sddot_735E0120,2026-07-27,,"2 Gallon Perennial Plant, Furnish and Plant","2 Gallon Perennial Plant, Furnish and Plant",EACH,735,sd_sddot_item_catalog_2026_07_27,true
sd_sddot_735E1000_v20260727,sd_sddot_735E1000,2026-07-27,,"Shrub, Furnish and Plant","Shrub, Furnish and Plant",EACH,735,sd_sddot_item_catalog_2026_07_27,true
sd_sddot_735E1112_v20260727,sd_sddot_735E1112,2026-07-27,,"12"" Deciduous Shrub, Furnish and Plant","12"" Deciduous Shrub, Furnish and Plant",EACH,735,sd_sddot_item_catalog_2026_07_27,true
sd_sddot_735E1118_v20260727,sd_sddot_735E1118,2026-07-27,,"18"" Deciduous Shrub, Furnish and Plant","18"" Deciduous Shrub, Furnish and Plant",EACH,735,sd_sddot_item_catalog_2026_07_27,true
sd_sddot_735E1120_v20260727,sd_sddot_735E1120,2026-07-27,,"2' Deciduous Shrub, Furnish and Plant","2' Deciduous Shrub, Furnish and Plant",EACH,735,sd_sddot_item_catalog_2026_07_27,true
sd_sddot_735E1130_v20260727,sd_sddot_735E1130,2026-07-27,,"3' Deciduous Shrub, Furnish and Plant","3' Deciduous Shrub, Furnish and Plant",EACH,735,sd_sddot_item_catalog_2026_07_27,true
sd_sddot_735E1140_v20260727,sd_sddot_735E1140,2026-07-27,,"4' Deciduous Shrub, Furnish and Plant","4' Deciduous Shrub, Furnish and Plant",EACH,735,sd_sddot_item_catalog_2026_07_27,true
sd_sddot_735E1150_v20260727,sd_sddot_735E1150,2026-07-27,,"5' Deciduous Shrub, Furnish and Plant","5' Deciduous Shrub, Furnish and Plant",EACH,735,sd_sddot_item_catalog_2026_07_27,true
sd_sddot_735E1160_v20260727,sd_sddot_735E1160,2026-07-27,,"6' Deciduous Shrub, Furnish and Plant","6' Deciduous Shrub, Furnish and Plant",EACH,735,sd_sddot_item_catalog_2026_07_27,true
sd_sddot_735E1170_v20260727,sd_sddot_735E1170,2026-07-27,,"7' Deciduous Shrub, Furnish and Plant","7' Deciduous Shrub, Furnish and Plant",EACH,735,sd_sddot_item_catalog_2026_07_27,true
sd_sddot_735E1180_v20260727,sd_sddot_735E1180,2026-07-27,,"8' Deciduous Shrub, Furnish and Plant","8' Deciduous Shrub, Furnish and Plant",EACH,735,sd_sddot_item_catalog_2026_07_27,true
sd_sddot_735E1190_v20260727,sd_sddot_735E1190,2026-07-27,,"9' Deciduous Shrub, Furnish and Plant","9' Deciduous Shrub, Furnish and Plant",EACH,735,sd_sddot_item_catalog_2026_07_27,true
sd_sddot_735E1200_v20260727,sd_sddot_735E1200,2026-07-27,,"10' Deciduous Shrub, Furnish and Plant","10' Deciduous Shrub, Furnish and Plant",EACH,735,sd_sddot_item_catalog_2026_07_27,true
sd_sddot_735E1205_v20260727,sd_sddot_735E1205,2026-07-27,,"1 Gallon Deciduous Shrub, Furnish and Plant","1 Gallon Deciduous Shrub, Furnish and Plant",EACH,735,sd_sddot_item_catalog_2026_07_27,true
sd_sddot_735E1210_v20260727,sd_sddot_735E1210,2026-07-27,,"2 Gallon Deciduous Shrub, Furnish and Plant","2 Gallon Deciduous Shrub, Furnish and Plant",EACH,735,sd_sddot_item_catalog_2026_07_27,true
sd_sddot_735E1215_v20260727,sd_sddot_735E1215,2026-07-27,,"3 Gallon Deciduous Shrub, Furnish and Plant","3 Gallon Deciduous Shrub, Furnish and Plant",EACH,735,sd_sddot_item_catalog_2026_07_27,true
sd_sddot_735E1306_v20260727,sd_sddot_735E1306,2026-07-27,,"6"" Coniferous Evergreen, Furnish and Plant","6"" Coniferous Evergreen, Furnish and Plant",EACH,735,sd_sddot_item_catalog_2026_07_27,true
sd_sddot_735E1309_v20260727,sd_sddot_735E1309,2026-07-27,,"9"" Coniferous Evergreen, Furnish and Plant","9"" Coniferous Evergreen, Furnish and Plant",EACH,735,sd_sddot_item_catalog_2026_07_27,true
sd_sddot_735E1312_v20260727,sd_sddot_735E1312,2026-07-27,,"12"" Coniferous Evergreen, Furnish and Plant","12"" Coniferous Evergreen, Furnish and Plant",EACH,735,sd_sddot_item_catalog_2026_07_27,true
sd_sddot_735E1315_v20260727,sd_sddot_735E1315,2026-07-27,,"15"" Coniferous Evergreen, Furnish and Plant","15"" Coniferous Evergreen, Furnish and Plant",EACH,735,sd_sddot_item_catalog_2026_07_27,true
sd_sddot_735E1318_v20260727,sd_sddot_735E1318,2026-07-27,,"18"" Coniferous Evergreen, Furnish and Plant","18"" Coniferous Evergreen, Furnish and Plant",EACH,735,sd_sddot_item_catalog_2026_07_27,true
sd_sddot_735E1320_v20260727,sd_sddot_735E1320,2026-07-27,,"2' Coniferous Evergreen, Furnish and Plant","2' Coniferous Evergreen, Furnish and Plant",EACH,735,sd_sddot_item_catalog_2026_07_27,true
sd_sddot_735E1330_v20260727,sd_sddot_735E1330,2026-07-27,,"3' Coniferous Evergreen, Furnish and Plant","3' Coniferous Evergreen, Furnish and Plant",EACH,735,sd_sddot_item_catalog_2026_07_27,true
sd_sddot_735E1340_v20260727,sd_sddot_735E1340,2026-07-27,,"4' Coniferous Evergreen, Furnish and Plant","4' Coniferous Evergreen, Furnish and Plant",EACH,735,sd_sddot_item_catalog_2026_07_27,true
sd_sddot_735E1350_v20260727,sd_sddot_735E1350,2026-07-27,,"5' Coniferous Evergreen, Furnish and Plant","5' Coniferous Evergreen, Furnish and Plant",EACH,735,sd_sddot_item_catalog_2026_07_27,true
sd_sddot_735E1360_v20260727,sd_sddot_735E1360,2026-07-27,,"6' Coniferous Evergreen, Furnish and Plant","6' Coniferous Evergreen, Furnish and Plant",EACH,735,sd_sddot_item_catalog_2026_07_27,true
sd_sddot_735E1370_v20260727,sd_sddot_735E1370,2026-07-27,,"7' Coniferous Evergreen, Furnish and Plant","7' Coniferous Evergreen, Furnish and Plant",EACH,735,sd_sddot_item_catalog_2026_07_27,true
sd_sddot_735E1380_v20260727,sd_sddot_735E1380,2026-07-27,,"8' Coniferous Evergreen, Furnish and Plant","8' Coniferous Evergreen, Furnish and Plant",EACH,735,sd_sddot_item_catalog_2026_07_27,true
sd_sddot_735E1390_v20260727,sd_sddot_735E1390,2026-07-27,,"9' Coniferous Evergreen, Furnish and Plant","9' Coniferous Evergreen, Furnish and Plant",EACH,735,sd_sddot_item_catalog_2026_07_27,true
sd_sddot_735E1400_v20260727,sd_sddot_735E1400,2026-07-27,,"10' Coniferous Evergreen, Furnish and Plant","10' Coniferous Evergreen, Furnish and Plant",EACH,735,sd_sddot_item_catalog_2026_07_27,true
sd_sddot_735E1404_v20260727,sd_sddot_735E1404,2026-07-27,,"Coniferous Evergreen, Furnish","Coniferous Evergreen, Furnish",EACH,735,sd_sddot_item_catalog_2026_07_27,true
sd_sddot_735E1405_v20260727,sd_sddot_735E1405,2026-07-27,,"Coniferous Evergreen, Plant","Coniferous Evergreen, Plant",EACH,735,sd_sddot_item_catalog_2026_07_27,true
sd_sddot_735E1510_v20260727,sd_sddot_735E1510,2026-07-27,,"1 Gallon Coniferous Shrub, Furnish and Plant","1 Gallon Coniferous Shrub, Furnish and Plant",EACH,735,sd_sddot_item_catalog_2026_07_27,true
sd_sddot_735E1520_v20260727,sd_sddot_735E1520,2026-07-27,,"2 Gallon Coniferous Shrub, Furnish and Plant","2 Gallon Coniferous Shrub, Furnish and Plant",EACH,735,sd_sddot_item_catalog_2026_07_27,true
sd_sddot_735E1530_v20260727,sd_sddot_735E1530,2026-07-27,,"3 Gallon Coniferous Shrub, Furnish and Plant","3 Gallon Coniferous Shrub, Furnish and Plant",EACH,735,sd_sddot_item_catalog_2026_07_27,true
sd_sddot_735E2000_v20260727,sd_sddot_735E2000,2026-07-27,,"Tree Seedling, Furnish and Plant","Tree Seedling, Furnish and Plant",EACH,735,sd_sddot_item_catalog_2026_07_27,true
sd_sddot_735E2020_v20260727,sd_sddot_735E2020,2026-07-27,,"2' to 4' Tree, Furnish and Plant","2' to 4' Tree, Furnish and Plant",EACH,735,sd_sddot_item_catalog_2026_07_27,true
sd_sddot_735E2040_v20260727,sd_sddot_735E2040,2026-07-27,,"4' to 6' Tree, Furnish and Plant","4' to 6' Tree, Furnish and Plant",EACH,735,sd_sddot_item_catalog_2026_07_27,true
sd_sddot_735E2060_v20260727,sd_sddot_735E2060,2026-07-27,,"6' to 8' Tree, Furnish and Plant","6' to 8' Tree, Furnish and Plant",EACH,735,sd_sddot_item_catalog_2026_07_27,true
sd_sddot_735E2080_v20260727,sd_sddot_735E2080,2026-07-27,,"8' to 10' Tree, Furnish and Plant","8' to 10' Tree, Furnish and Plant",EACH,735,sd_sddot_item_catalog_2026_07_27,true
sd_sddot_735E2100_v20260727,sd_sddot_735E2100,2026-07-27,,"10' to 15' Tree, Furnish and Plant","10' to 15' Tree, Furnish and Plant",EACH,735,sd_sddot_item_catalog_2026_07_27,true
sd_sddot_735E2202_v20260727,sd_sddot_735E2202,2026-07-27,,"2' Deciduous Tree, Furnish and Plant","2' Deciduous Tree, Furnish and Plant",EACH,735,sd_sddot_item_catalog_2026_07_27,true
sd_sddot_735E2203_v20260727,sd_sddot_735E2203,2026-07-27,,"3' Deciduous Tree, Furnish and Plant","3' Deciduous Tree, Furnish and Plant",EACH,735,sd_sddot_item_catalog_2026_07_27,true
sd_sddot_735E2204_v20260727,sd_sddot_735E2204,2026-07-27,,"4' Deciduous Tree, Furnish and Plant","4' Deciduous Tree, Furnish and Plant",EACH,735,sd_sddot_item_catalog_2026_07_27,true
sd_sddot_735E2205_v20260727,sd_sddot_735E2205,2026-07-27,,"5' Deciduous Tree, Furnish and Plant","5' Deciduous Tree, Furnish and Plant",EACH,735,sd_sddot_item_catalog_2026_07_27,true
sd_sddot_735E2206_v20260727,sd_sddot_735E2206,2026-07-27,,"0.5"" Caliper Deciduous Tree, Furnish and Plant","0.5"" Caliper Deciduous Tree, Furnish and Plant",EACH,735,sd_sddot_item_catalog_2026_07_27,true
sd_sddot_735E2207_v20260727,sd_sddot_735E2207,2026-07-27,,"0.75"" Caliper Deciduous Tree, Furnish and Plant","0.75"" Caliper Deciduous Tree, Furnish and Plant",EACH,735,sd_sddot_item_catalog_2026_07_27,true
sd_sddot_735E2210_v20260727,sd_sddot_735E2210,2026-07-27,,"1"" Caliper Deciduous Tree, Furnish and Plant","1"" Caliper Deciduous Tree, Furnish and Plant",EACH,735,sd_sddot_item_catalog_2026_07_27,true
sd_sddot_735E2212_v20260727,sd_sddot_735E2212,2026-07-27,,"1.25"" Caliper Deciduous Tree, Furnish and Plant","1.25"" Caliper Deciduous Tree, Furnish and Plant",EACH,735,sd_sddot_item_catalog_2026_07_27,true
sd_sddot_735E2215_v20260727,sd_sddot_735E2215,2026-07-27,,"1.5"" Caliper Deciduous Tree, Furnish and Plant","1.5"" Caliper Deciduous Tree, Furnish and Plant",EACH,735,sd_sddot_item_catalog_2026_07_27,true
sd_sddot_735E2217_v20260727,sd_sddot_735E2217,2026-07-27,,"1.75"" Caliper Deciduous Tree, Furnish and Plant","1.75"" Caliper Deciduous Tree, Furnish and Plant",EACH,735,sd_sddot_item_catalog_2026_07_27,true
sd_sddot_735E2220_v20260727,sd_sddot_735E2220,2026-07-27,,"2"" Caliper Deciduous Tree, Furnish and Plant","2"" Caliper Deciduous Tree, Furnish and Plant",EACH,735,sd_sddot_item_catalog_2026_07_27,true
sd_sddot_735E2225_v20260727,sd_sddot_735E2225,2026-07-27,,"2.5"" Caliper Deciduous Tree, Furnish and Plant","2.5"" Caliper Deciduous Tree, Furnish and Plant",EACH,735,sd_sddot_item_catalog_2026_07_27,true
sd_sddot_735E2230_v20260727,sd_sddot_735E2230,2026-07-27,,"3"" Caliper Deciduous Tree, Furnish and Plant","3"" Caliper Deciduous Tree, Furnish and Plant",EACH,735,sd_sddot_item_catalog_2026_07_27,true
sd_sddot_735E2235_v20260727,sd_sddot_735E2235,2026-07-27,,"3.5"" Caliper Deciduous Tree, Furnish and Plant","3.5"" Caliper Deciduous Tree, Furnish and Plant",EACH,735,sd_sddot_item_catalog_2026_07_27,true
sd_sddot_735E2240_v20260727,sd_sddot_735E2240,2026-07-27,,"4"" Caliper Deciduous Tree, Furnish and Plant","4"" Caliper Deciduous Tree, Furnish and Plant",EACH,735,sd_sddot_item_catalog_2026_07_27,true
sd_sddot_735E2250_v20260727,sd_sddot_735E2250,2026-07-27,,"5"" Caliper Deciduous Tree, Furnish and Plant","5"" Caliper Deciduous Tree, Furnish and Plant",EACH,735,sd_sddot_item_catalog_2026_07_27,true
sd_sddot_735E2260_v20260727,sd_sddot_735E2260,2026-07-27,,"5' Whip, Deciduous Tree, Furnish and Plant","5' Whip, Deciduous Tree, Furnish and Plant",EACH,735,sd_sddot_item_catalog_2026_07_27,true
sd_sddot_735E2265_v20260727,sd_sddot_735E2265,2026-07-27,,"6' Deciduous Tree, Furnish and Plant","6' Deciduous Tree, Furnish and Plant",EACH,735,sd_sddot_item_catalog_2026_07_27,true
sd_sddot_735E3000_v20260727,sd_sddot_735E3000,2026-07-27,,"Salvage, Store, and Replant Shrub","Salvage, Store, and Replant Shrub",EACH,735,sd_sddot_item_catalog_2026_07_27,true
sd_sddot_735E3010_v20260727,sd_sddot_735E3010,2026-07-27,,"Salvage, Store, and Replant Tree","Salvage, Store, and Replant Tree",EACH,735,sd_sddot_item_catalog_2026_07_27,true
sd_sddot_735E3100_v20260727,sd_sddot_735E3100,2026-07-27,,Willow Cutting,Willow Cutting,EACH,735,sd_sddot_item_catalog_2026_07_27,true
sd_sddot_735E4000_v20260727,sd_sddot_735E4000,2026-07-27,,Tree Trimming,Tree Trimming,EACH,735,sd_sddot_item_catalog_2026_07_27,true
sd_sddot_735E5010_v20260727,sd_sddot_735E5010,2026-07-27,,"1 Gallon Ornamental Grass, Furnish and Plant","1 Gallon Ornamental Grass, Furnish and Plant",EACH,735,sd_sddot_item_catalog_2026_07_27,true
sd_sddot_735E5020_v20260727,sd_sddot_735E5020,2026-07-27,,"2 Gallon Ornamental Grass, Furnish and Plant","2 Gallon Ornamental Grass, Furnish and Plant",EACH,735,sd_sddot_item_catalog_2026_07_27,true
sd_sddot_740E0010_v20260727,sd_sddot_740E0010,2026-07-27,,"Aggregate, Type 1A","Aggregate, Type 1A",TON,740,sd_sddot_item_catalog_2026_07_27,true
sd_sddot_740E0020_v20260727,sd_sddot_740E0020,2026-07-27,,"Aggregate, Type 1B","Aggregate, Type 1B",TON,740,sd_sddot_item_catalog_2026_07_27,true
sd_sddot_740E0050_v20260727,sd_sddot_740E0050,2026-07-27,,"Aggregate, Type 2A","Aggregate, Type 2A",TON,740,sd_sddot_item_catalog_2026_07_27,true
sd_sddot_740E0060_v20260727,sd_sddot_740E0060,2026-07-27,,"Aggregate, Type 2B","Aggregate, Type 2B",TON,740,sd_sddot_item_catalog_2026_07_27,true
sd_sddot_740E0300_v20260727,sd_sddot_740E0300,2026-07-27,,Gravel Surfacing,Gravel Surfacing,TON,740,sd_sddot_item_catalog_2026_07_27,true
sd_sddot_740E0500_v20260727,sd_sddot_740E0500,2026-07-27,,Contractor Furnished Aggregate Modified,Contractor Furnished Aggregate Modified,TON,740,sd_sddot_item_catalog_2026_07_27,true
sd_sddot_740E0600_v20260727,sd_sddot_740E0600,2026-07-27,,Rock for Crushed Aggregate,Rock for Crushed Aggregate,TON,740,sd_sddot_item_catalog_2026_07_27,true
sd_sddot_740E0700_v20260727,sd_sddot_740E0700,2026-07-27,,Sand for Crushed Aggregate,Sand for Crushed Aggregate,TON,740,sd_sddot_item_catalog_2026_07_27,true
sd_sddot_740E0800_v20260727,sd_sddot_740E0800,2026-07-27,,Sand for Deicing,Sand for Deicing,TON,740,sd_sddot_item_catalog_2026_07_27,true
sd_sddot_740E0801_v20260727,sd_sddot_740E0801,2026-07-27,,Sand for Deicing,Sand for Deicing,CUYD,740,sd_sddot_item_catalog_2026_07_27,true
sd_sddot_831E0100_v20260727,sd_sddot_831E0100,2026-07-27,,Type A Drainage Fabric,Type A Drainage Fabric,SQYD,831,sd_sddot_item_catalog_2026_07_27,true
sd_sddot_831E0110_v20260727,sd_sddot_831E0110,2026-07-27,,Type B Drainage Fabric,Type B Drainage Fabric,SQYD,831,sd_sddot_item_catalog_2026_07_27,true
sd_sddot_831E0200_v20260727,sd_sddot_831E0200,2026-07-27,,Woven Separator Fabric,Woven Separator Fabric,SQYD,831,sd_sddot_item_catalog_2026_07_27,true
sd_sddot_831E0202_v20260727,sd_sddot_831E0202,2026-07-27,,"Woven Separator Fabric, Modified","Woven Separator Fabric, Modified",SQYD,831,sd_sddot_item_catalog_2026_07_27,true
sd_sddot_831E0210_v20260727,sd_sddot_831E0210,2026-07-27,,Non-woven Separator Fabric,Non-woven Separator Fabric,SQYD,831,sd_sddot_item_catalog_2026_07_27,true
sd_sddot_831E0300_v20260727,sd_sddot_831E0300,2026-07-27,,Reinforcement Fabric (MSE),Reinforcement Fabric (MSE),SQYD,831,sd_sddot_item_catalog_2026_07_27,true
sd_sddot_831E0320_v20260727,sd_sddot_831E0320,2026-07-27,,Reinforcement for GRS Abutment,Reinforcement for GRS Abutment,SQYD,831,sd_sddot_item_catalog_2026_07_27,true
sd_sddot_831E0400_v20260727,sd_sddot_831E0400,2026-07-27,,Impermeable Plastic Membrane,Impermeable Plastic Membrane,SQYD,831,sd_sddot_item_catalog_2026_07_27,true
sd_sddot_831E1000_v20260727,sd_sddot_831E1000,2026-07-27,,Slope Face Stabilization Fabric,Slope Face Stabilization Fabric,SQYD,831,sd_sddot_item_catalog_2026_07_27,true
sd_sddot_831E1010_v20260727,sd_sddot_831E1010,2026-07-27,,Geogrid Reinforcement,Geogrid Reinforcement,SQYD,831,sd_sddot_item_catalog_2026_07_27,true
sd_sddot_831E1020_v20260727,sd_sddot_831E1020,2026-07-27,,Asphalt Reinforcement Geogrid,Asphalt Reinforcement Geogrid,SQYD,831,sd_sddot_item_catalog_2026_07_27,true
sd_sddot_831E1030_historical,sd_sddot_831E1030,,,Perforated Geocell,Perforated Geocell,SQFT,831,sd_sddot_bid_tabs_2026_05_20,false
sd_sddot_831E1500_v20260727,sd_sddot_831E1500,2026-07-27,,Geotextile Bond Breaker Fabric,Geotextile Bond Breaker Fabric,SQYD,831,sd_sddot_item_catalog_2026_07_27,true
sd_sddot_831E2000_v20260727,sd_sddot_831E2000,2026-07-27,,Slope Reinforcement Fabric,Slope Reinforcement Fabric,SQYD,831,sd_sddot_item_catalog_2026_07_27,true
sd_sddot_831E2010_v20260727,sd_sddot_831E2010,2026-07-27,,Slope Reinforcement Geogrid,Slope Reinforcement Geogrid,SQYD,831,sd_sddot_item_catalog_2026_07_27,true
sd_sddot_900E0010_v20260727,sd_sddot_900E0010,2026-07-27,,Refurbish Single Mailbox,Refurbish Single Mailbox,EACH,900,sd_sddot_item_catalog_2026_07_27,true
sd_sddot_900E0012_v20260727,sd_sddot_900E0012,2026-07-27,,Refurbish Double Mailbox,Refurbish Double Mailbox,EACH,900,sd_sddot_item_catalog_2026_07_27,true
sd_sddot_900E0015_v20260727,sd_sddot_900E0015,2026-07-27,,Multiple Mailbox Support,Multiple Mailbox Support,EACH,900,sd_sddot_item_catalog_2026_07_27,true
sd_sddot_900E0020_v20260727,sd_sddot_900E0020,2026-07-27,,Remove and Reset Neighborhood Mailbox,Remove and Reset Neighborhood Mailbox,EACH,900,sd_sddot_item_catalog_2026_07_27,true
sd_sddot_900E0022_v20260727,sd_sddot_900E0022,2026-07-27,,Remove and Reset Mailbox,Remove and Reset Mailbox,EACH,900,sd_sddot_item_catalog_2026_07_27,true
sd_sddot_900E0030_v20260727,sd_sddot_900E0030,2026-07-27,,Remove and Reset Historical Marker,Remove and Reset Historical Marker,EACH,900,sd_sddot_item_catalog_2026_07_27,true
sd_sddot_900E0040_v20260727,sd_sddot_900E0040,2026-07-27,,Road Closure Gate,Road Closure Gate,EACH,900,sd_sddot_item_catalog_2026_07_27,true
sd_sddot_900E0041_v20260727,sd_sddot_900E0041,2026-07-27,,Reset Road Closure Gate,Reset Road Closure Gate,EACH,900,sd_sddot_item_catalog_2026_07_27,true
sd_sddot_900E0042_v20260727,sd_sddot_900E0042,2026-07-27,,Road Closure Gate Automation,Road Closure Gate Automation,EACH,900,sd_sddot_item_catalog_2026_07_27,true
sd_sddot_900E0045_v20260727,sd_sddot_900E0045,2026-07-27,,Drop Arm Road Closure Gate,Drop Arm Road Closure Gate,EACH,900,sd_sddot_item_catalog_2026_07_27,true
sd_sddot_900E0046_v20260727,sd_sddot_900E0046,2026-07-27,,Furnish Drop Arm Road Closure Gate,Furnish Drop Arm Road Closure Gate,EACH,900,sd_sddot_item_catalog_2026_07_27,true
sd_sddot_900E0048_v20260727,sd_sddot_900E0048,2026-07-27,,Furnish Drop Arm,Furnish Drop Arm,EACH,900,sd_sddot_item_catalog_2026_07_27,true
sd_sddot_900E0050_v20260727,sd_sddot_900E0050,2026-07-27,,Forest Service Road Closure Gate,Forest Service Road Closure Gate,EACH,900,sd_sddot_item_catalog_2026_07_27,true
sd_sddot_900E0075_v20260727,sd_sddot_900E0075,2026-07-27,,Test Slab,Test Slab,EACH,900,sd_sddot_item_catalog_2026_07_27,true
sd_sddot_900E0100_v20260727,sd_sddot_900E0100,2026-07-27,,Stone Facing,Stone Facing,SQFT,900,sd_sddot_item_catalog_2026_07_27,true
sd_sddot_900E0600_v20260727,sd_sddot_900E0600,2026-07-27,,Temporary Longitudinal Curb with Channelizer,Temporary Longitudinal Curb with Channelizer,FT,900,sd_sddot_item_catalog_2026_07_27,true
sd_sddot_900E0895_v20260727,sd_sddot_900E0895,2026-07-27,,Temporary Rumble Strip,Temporary Rumble Strip,FT,900,sd_sddot_item_catalog_2026_07_27,true
sd_sddot_900E0900_v20260727,sd_sddot_900E0900,2026-07-27,,Curb Stop,Curb Stop,EACH,900,sd_sddot_item_catalog_2026_07_27,true
sd_sddot_900E1000_v20260727,sd_sddot_900E1000,2026-07-27,,Pavers on Concrete Base,Pavers on Concrete Base,SQFT,900,sd_sddot_item_catalog_2026_07_27,true
sd_sddot_900E1010_v20260727,sd_sddot_900E1010,2026-07-27,,Brick Pavers for Roadway,Brick Pavers for Roadway,SQFT,900,sd_sddot_item_catalog_2026_07_27,true
sd_sddot_900E1015_v20260727,sd_sddot_900E1015,2026-07-27,,Brick Pavers for Sidewalk,Brick Pavers for Sidewalk,SQFT,900,sd_sddot_item_catalog_2026_07_27,true
sd_sddot_900E1020_v20260727,sd_sddot_900E1020,2026-07-27,,Butyl Rope,Butyl Rope,FT,900,sd_sddot_item_catalog_2026_07_27,true
sd_sddot_900E1025_v20260727,sd_sddot_900E1025,2026-07-27,,Silicone Sealer,Silicone Sealer,QT,900,sd_sddot_item_catalog_2026_07_27,true
sd_sddot_900E1030_v20260727,sd_sddot_900E1030,2026-07-27,,Caulk,Caulk,FT,900,sd_sddot_item_catalog_2026_07_27,true
sd_sddot_900E1036_v20260727,sd_sddot_900E1036,2026-07-27,,Soy-Based Penetrating Sealer,Soy-Based Penetrating Sealer,FT,900,sd_sddot_item_catalog_2026_07_27,true
sd_sddot_900E1049_historical,sd_sddot_900E1049,,,EPS Geomembrane,EPS Geomembrane,SQYD,900,sd_sddot_bid_tabs_2025_10_15,false
sd_sddot_900E1050_historical,sd_sddot_900E1050,,,Expanded Polystyrene (EPS) Foam,Expanded Polystyrene (EPS) Foam,CUYD,900,sd_sddot_bid_tabs_2025_10_15,false
sd_sddot_900E1080_v20260727,sd_sddot_900E1080,2026-07-27,,Orange Plastic Safety Fence,Orange Plastic Safety Fence,FT,900,sd_sddot_item_catalog_2026_07_27,true
sd_sddot_900E1085_v20260727,sd_sddot_900E1085,2026-07-27,,Ornamental Metal Fence,Ornamental Metal Fence,FT,900,sd_sddot_item_catalog_2026_07_27,true
sd_sddot_900E1092_v20260727,sd_sddot_900E1092,2026-07-27,,4' Wood Lath Snow Fence,4' Wood Lath Snow Fence,FT,900,sd_sddot_item_catalog_2026_07_27,true
sd_sddot_900E1093_v20260727,sd_sddot_900E1093,2026-07-27,,4' Snow Fence,4' Snow Fence,FT,900,sd_sddot_item_catalog_2026_07_27,true
sd_sddot_900E1095_v20260727,sd_sddot_900E1095,2026-07-27,,8' Snow Fence,8' Snow Fence,FT,900,sd_sddot_item_catalog_2026_07_27,true
sd_sddot_900E1097_v20260727,sd_sddot_900E1097,2026-07-27,,10' Snow Fence,10' Snow Fence,FT,900,sd_sddot_item_catalog_2026_07_27,true
sd_sddot_900E1100_v20260727,sd_sddot_900E1100,2026-07-27,,14' Snow Fence,14' Snow Fence,FT,900,sd_sddot_item_catalog_2026_07_27,true
sd_sddot_900E1116_v20260727,sd_sddot_900E1116,2026-07-27,,"1""x6"" Snow Fence Board","1""x6"" Snow Fence Board",FT,900,sd_sddot_item_catalog_2026_07_27,true
sd_sddot_900E1126_v20260727,sd_sddot_900E1126,2026-07-27,,"2""x6"" Snow Fence Board","2""x6"" Snow Fence Board",FT,900,sd_sddot_item_catalog_2026_07_27,true
sd_sddot_900E1128_v20260727,sd_sddot_900E1128,2026-07-27,,"2""x8"" Snow Fence Board","2""x8"" Snow Fence Board",FT,900,sd_sddot_item_catalog_2026_07_27,true
sd_sddot_900E1150_v20260727,sd_sddot_900E1150,2026-07-27,,Concrete Right of Way Marker,Concrete Right of Way Marker,EACH,900,sd_sddot_item_catalog_2026_07_27,true
sd_sddot_900E1200_v20260727,sd_sddot_900E1200,2026-07-27,,MC-3000 Asphalt for Surface Treatment,MC-3000 Asphalt for Surface Treatment,TON,900,sd_sddot_item_catalog_2026_07_27,true
sd_sddot_900E1250_historical,sd_sddot_900E1250,,,High Friction Surface Treatment,High Friction Surface Treatment,SQYD,900,sd_sddot_bid_tabs_2025_06_04,false
sd_sddot_900E1256_historical,sd_sddot_900E1256,,,Abrasive Blasting of PCC Pavement,Abrasive Blasting of PCC Pavement,SQYD,900,sd_sddot_bid_tabs_2025_06_04,false
sd_sddot_900E1258_historical,sd_sddot_900E1258,,,Abrasive Blasting of AC Pavement,Abrasive Blasting of AC Pavement,SQYD,900,sd_sddot_bid_tabs_2024_08_21,false
sd_sddot_900E1300_v20260727,sd_sddot_900E1300,2026-07-27,,Granular Material for Construction Entrance,Granular Material for Construction Entrance,TON,900,sd_sddot_item_catalog_2026_07_27,true
sd_sddot_900E1310_v20260727,sd_sddot_900E1310,2026-07-27,,Concrete Washout Facility,Concrete Washout Facility,EACH,900,sd_sddot_item_catalog_2026_07_27,true
sd_sddot_900E1320_v20260727,sd_sddot_900E1320,2026-07-27,,Construction Entrance,Construction Entrance,EACH,900,sd_sddot_item_catalog_2026_07_27,true
sd_sddot_900E1350_v20260727,sd_sddot_900E1350,2026-07-27,,Temporary Surfacing,Temporary Surfacing,SQFT,900,sd_sddot_item_catalog_2026_07_27,true
sd_sddot_900E1980_v20260727,sd_sddot_900E1980,2026-07-27,,Storage Unit,Storage Unit,EACH,900,sd_sddot_item_catalog_2026_07_27,true
sd_sddot_900E1990_v20260727,sd_sddot_900E1990,2026-07-27,,Remove and Reset Building,Remove and Reset Building,EACH,900,sd_sddot_item_catalog_2026_07_27,true
sd_sddot_900E2000_v20260727,sd_sddot_900E2000,2026-07-27,,"Building, General","Building, General",EACH,900,sd_sddot_item_catalog_2026_07_27,true
sd_sddot_900E2001_v20260727,sd_sddot_900E2001,2026-07-27,,"Building 1, General","Building 1, General",EACH,900,sd_sddot_item_catalog_2026_07_27,true
sd_sddot_900E2002_v20260727,sd_sddot_900E2002,2026-07-27,,"Building, Electrical","Building, Electrical",EACH,900,sd_sddot_item_catalog_2026_07_27,true
sd_sddot_900E2003_v20260727,sd_sddot_900E2003,2026-07-27,,"Building 1, Electrical","Building 1, Electrical",EACH,900,sd_sddot_item_catalog_2026_07_27,true
sd_sddot_900E2004_v20260727,sd_sddot_900E2004,2026-07-27,,"Building, Mechanical","Building, Mechanical",EACH,900,sd_sddot_item_catalog_2026_07_27,true
sd_sddot_900E2005_v20260727,sd_sddot_900E2005,2026-07-27,,"Building 1, Mechanical","Building 1, Mechanical",EACH,900,sd_sddot_item_catalog_2026_07_27,true
sd_sddot_900E2006_v20260727,sd_sddot_900E2006,2026-07-27,,"Building 2, General","Building 2, General",EACH,900,sd_sddot_item_catalog_2026_07_27,true
sd_sddot_900E2007_v20260727,sd_sddot_900E2007,2026-07-27,,"Building 2, Electrical","Building 2, Electrical",EACH,900,sd_sddot_item_catalog_2026_07_27,true
sd_sddot_900E2008_v20260727,sd_sddot_900E2008,2026-07-27,,"Building 2, Mechanical","Building 2, Mechanical",EACH,900,sd_sddot_item_catalog_2026_07_27,true
sd_sddot_900E2010_v20260727,sd_sddot_900E2010,2026-07-27,,"Rest Area Building, General","Rest Area Building, General",EACH,900,sd_sddot_item_catalog_2026_07_27,true
sd_sddot_900E2012_v20260727,sd_sddot_900E2012,2026-07-27,,"Rest Area Building, Electrical","Rest Area Building, Electrical",EACH,900,sd_sddot_item_catalog_2026_07_27,true
sd_sddot_900E2014_v20260727,sd_sddot_900E2014,2026-07-27,,"Rest Area Building, Mechanical","Rest Area Building, Mechanical",EACH,900,sd_sddot_item_catalog_2026_07_27,true
sd_sddot_900E2015_v20260727,sd_sddot_900E2015,2026-07-27,,"Building, General","Building, General",L S,900,sd_sddot_item_catalog_2026_07_27,true
sd_sddot_900E2016_v20260727,sd_sddot_900E2016,2026-07-27,,"Building, Electrical","Building, Electrical",L S,900,sd_sddot_item_catalog_2026_07_27,true
sd_sddot_900E2017_v20260727,sd_sddot_900E2017,2026-07-27,,"Building, Mechanical","Building, Mechanical",L S,900,sd_sddot_item_catalog_2026_07_27,true
sd_sddot_900E2020_v20260727,sd_sddot_900E2020,2026-07-27,,"Miscellaneous Construction, Lumber","Miscellaneous Construction, Lumber",L S,900,sd_sddot_item_catalog_2026_07_27,true
sd_sddot_900E2022_v20260727,sd_sddot_900E2022,2026-07-27,,"Miscellaneous Construction, Masonry","Miscellaneous Construction, Masonry",L S,900,sd_sddot_item_catalog_2026_07_27,true
sd_sddot_900E2024_v20260727,sd_sddot_900E2024,2026-07-27,,"Miscellaneous Work, Electrical","Miscellaneous Work, Electrical",L S,900,sd_sddot_item_catalog_2026_07_27,true
sd_sddot_900E2026_v20260727,sd_sddot_900E2026,2026-07-27,,"Miscellaneous Work, Mechanical","Miscellaneous Work, Mechanical",L S,900,sd_sddot_item_catalog_2026_07_27,true
sd_sddot_900E2028_v20260727,sd_sddot_900E2028,2026-07-27,,"Miscellaneous Work, Plumbing","Miscellaneous Work, Plumbing",L S,900,sd_sddot_item_catalog_2026_07_27,true
sd_sddot_900E2030_v20260727,sd_sddot_900E2030,2026-07-27,,Miscellaneous Work,Miscellaneous Work,SITE,900,sd_sddot_item_catalog_2026_07_27,true
sd_sddot_900E2040_v20260727,sd_sddot_900E2040,2026-07-27,,Furnish Miscellaneous Electrical Items,Furnish Miscellaneous Electrical Items,L S,900,sd_sddot_item_catalog_2026_07_27,true
sd_sddot_900E2050_v20260727,sd_sddot_900E2050,2026-07-27,,Construction Safety Plan,Construction Safety Plan,L S,900,sd_sddot_item_catalog_2026_07_27,true
sd_sddot_900E2088_v20260727,sd_sddot_900E2088,2026-07-27,,One-Point Soils Test,One-Point Soils Test,EACH,900,sd_sddot_item_catalog_2026_07_27,true
sd_sddot_900E2090_v20260727,sd_sddot_900E2090,2026-07-27,,AASHTO T-180 Soil Test,AASHTO T-180 Soil Test,EACH,900,sd_sddot_item_catalog_2026_07_27,true
sd_sddot_900E2092_v20260727,sd_sddot_900E2092,2026-07-27,,Paint Testing Kit,Paint Testing Kit,EACH,900,sd_sddot_item_catalog_2026_07_27,true
sd_sddot_900E2094_v20260727,sd_sddot_900E2094,2026-07-27,,Concrete Test Set,Concrete Test Set,EACH,900,sd_sddot_item_catalog_2026_07_27,true
sd_sddot_900E2096_v20260727,sd_sddot_900E2096,2026-07-27,,Test Galvanized Coating,Test Galvanized Coating,EACH,900,sd_sddot_item_catalog_2026_07_27,true
sd_sddot_900E2200_v20260727,sd_sddot_900E2200,2026-07-27,,Technical Field Representative,Technical Field Representative,DAY,900,sd_sddot_item_catalog_2026_07_27,true
sd_sddot_900E2201_v20260727,sd_sddot_900E2201,2026-07-27,,Expenses for Technical Field Representative,Expenses for Technical Field Representative,L S,900,sd_sddot_item_catalog_2026_07_27,true
sd_sddot_900E2300_v20260727,sd_sddot_900E2300,2026-07-27,,Mowing,Mowing,ACRE,900,sd_sddot_item_catalog_2026_07_27,true
sd_sddot_900E2302_v20260727,sd_sddot_900E2302,2026-07-27,,Mowing,Mowing,HOUR,900,sd_sddot_item_catalog_2026_07_27,true
sd_sddot_900E2310_v20260727,sd_sddot_900E2310,2026-07-27,,Weed Spraying,Weed Spraying,L S,900,sd_sddot_item_catalog_2026_07_27,true
sd_sddot_900E2400_v20260727,sd_sddot_900E2400,2026-07-27,,Winter Road Inspection,Winter Road Inspection,HOUR,900,sd_sddot_item_catalog_2026_07_27,true
sd_sddot_900E2402_v20260727,sd_sddot_900E2402,2026-07-27,,Standby Time,Standby Time,HOUR,900,sd_sddot_item_catalog_2026_07_27,true
sd_sddot_900E2410_v20260727,sd_sddot_900E2410,2026-07-27,,Sanding Road,Sanding Road,HOUR,900,sd_sddot_item_catalog_2026_07_27,true
sd_sddot_900E2418_v20260727,sd_sddot_900E2418,2026-07-27,,Snow Plowing and Sanding Road,Snow Plowing and Sanding Road,HOUR,900,sd_sddot_item_catalog_2026_07_27,true
sd_sddot_900E2420_v20260727,sd_sddot_900E2420,2026-07-27,,Snow Plowing,Snow Plowing,HOUR,900,sd_sddot_item_catalog_2026_07_27,true
sd_sddot_900E2424_v20260727,sd_sddot_900E2424,2026-07-27,,"Snow Plowing (0""-6"")","Snow Plowing (0""-6"")",EACH,900,sd_sddot_item_catalog_2026_07_27,true
sd_sddot_900E2426_v20260727,sd_sddot_900E2426,2026-07-27,,"Snow Plowing (6"" or more)","Snow Plowing (6"" or more)",EACH,900,sd_sddot_item_catalog_2026_07_27,true
sd_sddot_900E2430_v20260727,sd_sddot_900E2430,2026-07-27,,Snow Blowing,Snow Blowing,HOUR,900,sd_sddot_item_catalog_2026_07_27,true
sd_sddot_900E2440_v20260727,sd_sddot_900E2440,2026-07-27,,Ice Control,Ice Control,HOUR,900,sd_sddot_item_catalog_2026_07_27,true
sd_sddot_900E2442_v20260727,sd_sddot_900E2442,2026-07-27,,Snow Plowing & Ice Control,Snow Plowing & Ice Control,HOUR,900,sd_sddot_item_catalog_2026_07_27,true
sd_sddot_900E2450_v20260727,sd_sddot_900E2450,2026-07-27,,Trailing Vehicle for Winter Operations,Trailing Vehicle for Winter Operations,HOUR,900,sd_sddot_item_catalog_2026_07_27,true
sd_sddot_900E2460_v20260727,sd_sddot_900E2460,2026-07-27,,Trenching,Trenching,FT,900,sd_sddot_item_catalog_2026_07_27,true
sd_sddot_900E2490_v20260727,sd_sddot_900E2490,2026-07-27,,Blading,Blading,HOUR,900,sd_sddot_item_catalog_2026_07_27,true
sd_sddot_900E2495_v20260727,sd_sddot_900E2495,2026-07-27,,Motor Grader #1,Motor Grader #1,HOUR,900,sd_sddot_item_catalog_2026_07_27,true
sd_sddot_900E2496_v20260727,sd_sddot_900E2496,2026-07-27,,Motor Grader #2,Motor Grader #2,HOUR,900,sd_sddot_item_catalog_2026_07_27,true
sd_sddot_900E2500_v20260727,sd_sddot_900E2500,2026-07-27,,Motor Grader,Motor Grader,HOUR,900,sd_sddot_item_catalog_2026_07_27,true
sd_sddot_900E2502_v20260727,sd_sddot_900E2502,2026-07-27,,Tractor and Disc,Tractor and Disc,HOUR,900,sd_sddot_item_catalog_2026_07_27,true
sd_sddot_900E2504_v20260727,sd_sddot_900E2504,2026-07-27,,Pneumatic Roller,Pneumatic Roller,HOUR,900,sd_sddot_item_catalog_2026_07_27,true
sd_sddot_900E2506_v20260727,sd_sddot_900E2506,2026-07-27,,Power Feed Equipment,Power Feed Equipment,EACH,900,sd_sddot_item_catalog_2026_07_27,true
sd_sddot_900E2508_v20260727,sd_sddot_900E2508,2026-07-27,,Track Dozer,Track Dozer,HOUR,900,sd_sddot_item_catalog_2026_07_27,true
sd_sddot_900E2510_v20260727,sd_sddot_900E2510,2026-07-27,,Excavator,Excavator,HOUR,900,sd_sddot_item_catalog_2026_07_27,true
sd_sddot_900E2512_v20260727,sd_sddot_900E2512,2026-07-27,,Skid Loader,Skid Loader,HOUR,900,sd_sddot_item_catalog_2026_07_27,true
sd_sddot_900E2514_v20260727,sd_sddot_900E2514,2026-07-27,,Mini-Excavator,Mini-Excavator,HOUR,900,sd_sddot_item_catalog_2026_07_27,true
sd_sddot_900E2516_v20260727,sd_sddot_900E2516,2026-07-27,,Loader,Loader,HOUR,900,sd_sddot_item_catalog_2026_07_27,true
sd_sddot_900E2518_v20260727,sd_sddot_900E2518,2026-07-27,,Sidedump Truck,Sidedump Truck,HOUR,900,sd_sddot_item_catalog_2026_07_27,true
sd_sddot_900E2520_v20260727,sd_sddot_900E2520,2026-07-27,,Debris Disposal,Debris Disposal,EACH,900,sd_sddot_item_catalog_2026_07_27,true
sd_sddot_900E2550_v20260727,sd_sddot_900E2550,2026-07-27,,Portable Generator,Portable Generator,EACH,900,sd_sddot_item_catalog_2026_07_27,true
sd_sddot_900E2552_v20260727,sd_sddot_900E2552,2026-07-27,,Backup Generator,Backup Generator,EACH,900,sd_sddot_item_catalog_2026_07_27,true
sd_sddot_900E2560_v20260727,sd_sddot_900E2560,2026-07-27,,Gyratory Compactor,Gyratory Compactor,EACH,900,sd_sddot_item_catalog_2026_07_27,true
sd_sddot_900E3000_v20260727,sd_sddot_900E3000,2026-07-27,,Construct FDR Test Sections,Construct FDR Test Sections,L S,900,sd_sddot_item_catalog_2026_07_27,true
sd_sddot_900E3010_v20260727,sd_sddot_900E3010,2026-07-27,,Fibrillated Poly Fibers for FDR,Fibrillated Poly Fibers for FDR,LB,900,sd_sddot_item_catalog_2026_07_27,true
sd_sddot_900E3020_v20260727,sd_sddot_900E3020,2026-07-27,,Fly Ash for FDR,Fly Ash for FDR,TON,900,sd_sddot_item_catalog_2026_07_27,true
sd_sddot_900E3030_v20260727,sd_sddot_900E3030,2026-07-27,,Cement for FDR,Cement for FDR,TON,900,sd_sddot_item_catalog_2026_07_27,true
sd_sddot_900E3040_v20260727,sd_sddot_900E3040,2026-07-27,,Asphalt Emulsion for FDR,Asphalt Emulsion for FDR,TON,900,sd_sddot_item_catalog_2026_07_27,true
sd_sddot_900E3050_v20260727,sd_sddot_900E3050,2026-07-27,,Lime for FDR,Lime for FDR,TON,900,sd_sddot_item_catalog_2026_07_27,true
sd_sddot_900E3060_v20260727,sd_sddot_900E3060,2026-07-27,,Foamed Asphalt for FDR,Foamed Asphalt for FDR,TON,900,sd_sddot_item_catalog_2026_07_27,true
sd_sddot_900E3070_v20260727,sd_sddot_900E3070,2026-07-27,,Stabilizing Additive for Granular Material,Stabilizing Additive for Granular Material,GAL,900,sd_sddot_item_catalog_2026_07_27,true
sd_sddot_900E3100_v20260727,sd_sddot_900E3100,2026-07-27,,Subsurface Void Filler,Subsurface Void Filler,CUYD,900,sd_sddot_item_catalog_2026_07_27,true
sd_sddot_900E4000_v20260727,sd_sddot_900E4000,2026-07-27,,Lagoon Depth Indicator,Lagoon Depth Indicator,EACH,900,sd_sddot_item_catalog_2026_07_27,true
sd_sddot_900E4010_v20260727,sd_sddot_900E4010,2026-07-27,,Contaminated Material Land Application,Contaminated Material Land Application,CUYD,900,sd_sddot_item_catalog_2026_07_27,true
sd_sddot_900E4100_v20260727,sd_sddot_900E4100,2026-07-27,,Deep Pipe Excavation,Deep Pipe Excavation,CUYD,900,sd_sddot_item_catalog_2026_07_27,true
sd_sddot_900E4510_v20260727,sd_sddot_900E4510,2026-07-27,,"6"" Air Vent","6"" Air Vent",EACH,900,sd_sddot_item_catalog_2026_07_27,true
sd_sddot_900E4750_v20260727,sd_sddot_900E4750,2026-07-27,,C 15x40 Steel Channel,C 15x40 Steel Channel,FT,900,sd_sddot_item_catalog_2026_07_27,true
sd_sddot_900E5000_v20260727,sd_sddot_900E5000,2026-07-27,,Aircraft Tie Down Anchors,Aircraft Tie Down Anchors,SET,900,sd_sddot_item_catalog_2026_07_27,true
sd_sddot_900E5100_v20260727,sd_sddot_900E5100,2026-07-27,,Bench,Bench,EACH,900,sd_sddot_item_catalog_2026_07_27,true
sd_sddot_900E5110_v20260727,sd_sddot_900E5110,2026-07-27,,Bike Rack,Bike Rack,EACH,900,sd_sddot_item_catalog_2026_07_27,true
sd_sddot_900E5120_v20260727,sd_sddot_900E5120,2026-07-27,,Flag Pole,Flag Pole,EACH,900,sd_sddot_item_catalog_2026_07_27,true
sd_sddot_900E5130_v20260727,sd_sddot_900E5130,2026-07-27,,Outside Drinking Fountain,Outside Drinking Fountain,EACH,900,sd_sddot_item_catalog_2026_07_27,true
sd_sddot_900E5135_v20260727,sd_sddot_900E5135,2026-07-27,,Traffic Counter Surface Utility Box,Traffic Counter Surface Utility Box,EACH,900,sd_sddot_item_catalog_2026_07_27,true
sd_sddot_900E5140_v20260727,sd_sddot_900E5140,2026-07-27,,Parking Meter Post,Parking Meter Post,EACH,900,sd_sddot_item_catalog_2026_07_27,true
sd_sddot_900E5141_v20260727,sd_sddot_900E5141,2026-07-27,,"4"" Fabric Formed Concrete Mattress","4"" Fabric Formed Concrete Mattress",SQFT,900,sd_sddot_item_catalog_2026_07_27,true
sd_sddot_900E5142_v20260727,sd_sddot_900E5142,2026-07-27,,"10"" Fabric Formed Concrete Mattress","10"" Fabric Formed Concrete Mattress",SQFT,900,sd_sddot_item_catalog_2026_07_27,true
sd_sddot_900E5145_v20260727,sd_sddot_900E5145,2026-07-27,,Bollard,Bollard,EACH,900,sd_sddot_item_catalog_2026_07_27,true
sd_sddot_900E5146_v20260727,sd_sddot_900E5146,2026-07-27,,Metal Landscape Edging,Metal Landscape Edging,FT,900,sd_sddot_item_catalog_2026_07_27,true
sd_sddot_900E5147_v20260727,sd_sddot_900E5147,2026-07-27,,Articulated Concrete Mattress,Articulated Concrete Mattress,SQYD,900,sd_sddot_item_catalog_2026_07_27,true
sd_sddot_900E5148_v20260727,sd_sddot_900E5148,2026-07-27,,"Articulated Concrete Mattress, Install","Articulated Concrete Mattress, Install",SQYD,900,sd_sddot_item_catalog_2026_07_27,true
sd_sddot_900E5149_v20260727,sd_sddot_900E5149,2026-07-27,,Landscaping Rock,Landscaping Rock,CUYD,900,sd_sddot_item_catalog_2026_07_27,true
sd_sddot_900E5150_v20260727,sd_sddot_900E5150,2026-07-27,,Landscape Edging,Landscape Edging,FT,900,sd_sddot_item_catalog_2026_07_27,true
sd_sddot_900E5151_v20260727,sd_sddot_900E5151,2026-07-27,,Ornamental Landscaping Boulders,Ornamental Landscaping Boulders,EACH,900,sd_sddot_item_catalog_2026_07_27,true
sd_sddot_900E5152_v20260727,sd_sddot_900E5152,2026-07-27,,Weed Barrier Fabric,Weed Barrier Fabric,SQYD,900,sd_sddot_item_catalog_2026_07_27,true
sd_sddot_900E5153_v20260727,sd_sddot_900E5153,2026-07-27,,Mulch Ring,Mulch Ring,EACH,900,sd_sddot_item_catalog_2026_07_27,true
sd_sddot_900E5154_v20260727,sd_sddot_900E5154,2026-07-27,,Shredded Bark Mulch,Shredded Bark Mulch,CUFT,900,sd_sddot_item_catalog_2026_07_27,true
sd_sddot_900E5155_v20260727,sd_sddot_900E5155,2026-07-27,,"2"" Depth Shredded Bark Mulch","2"" Depth Shredded Bark Mulch",SQYD,900,sd_sddot_item_catalog_2026_07_27,true
sd_sddot_900E5156_v20260727,sd_sddot_900E5156,2026-07-27,,"3"" Depth Shredded Bark Mulch","3"" Depth Shredded Bark Mulch",SQYD,900,sd_sddot_item_catalog_2026_07_27,true
sd_sddot_900E5157_v20260727,sd_sddot_900E5157,2026-07-27,,"4"" Depth Shredded Bark Mulch","4"" Depth Shredded Bark Mulch",SQYD,900,sd_sddot_item_catalog_2026_07_27,true
sd_sddot_900E5158_v20260727,sd_sddot_900E5158,2026-07-27,,Amending Existing Topsoil,Amending Existing Topsoil,CUYD,900,sd_sddot_item_catalog_2026_07_27,true
sd_sddot_900E5159_v20260727,sd_sddot_900E5159,2026-07-27,,Raised Plant Bed,Raised Plant Bed,EACH,900,sd_sddot_item_catalog_2026_07_27,true
sd_sddot_900E5160_v20260727,sd_sddot_900E5160,2026-07-27,,Planter,Planter,EACH,900,sd_sddot_item_catalog_2026_07_27,true
sd_sddot_900E5161_v20260727,sd_sddot_900E5161,2026-07-27,,Planter,Planter,L S,900,sd_sddot_item_catalog_2026_07_27,true
sd_sddot_900E5162_v20260727,sd_sddot_900E5162,2026-07-27,,Engineered Reinforced Grass,Engineered Reinforced Grass,SQYD,900,sd_sddot_item_catalog_2026_07_27,true
sd_sddot_900E5163_v20260727,sd_sddot_900E5163,2026-07-27,,Ornamental Landscape Feature,Ornamental Landscape Feature,EACH,900,sd_sddot_item_catalog_2026_07_27,true
sd_sddot_900E5164_v20260727,sd_sddot_900E5164,2026-07-27,,Landscape Pad,Landscape Pad,EACH,900,sd_sddot_item_catalog_2026_07_27,true
sd_sddot_900E5165_v20260727,sd_sddot_900E5165,2026-07-27,,Wire Mesh,Wire Mesh,SQYD,900,sd_sddot_item_catalog_2026_07_27,true
sd_sddot_900E5166_v20260727,sd_sddot_900E5166,2026-07-27,,Bench Planter,Bench Planter,EACH,900,sd_sddot_item_catalog_2026_07_27,true
sd_sddot_900E5167_v20260727,sd_sddot_900E5167,2026-07-27,,Entrance Monument,Entrance Monument,EACH,900,sd_sddot_item_catalog_2026_07_27,true
sd_sddot_900E5168_v20260727,sd_sddot_900E5168,2026-07-27,,Mid-Block Monument,Mid-Block Monument,EACH,900,sd_sddot_item_catalog_2026_07_27,true
sd_sddot_900E5170_v20260727,sd_sddot_900E5170,2026-07-27,,Plaque Pedestal,Plaque Pedestal,EACH,900,sd_sddot_item_catalog_2026_07_27,true
sd_sddot_900E5180_v20260727,sd_sddot_900E5180,2026-07-27,,Compost,Compost,TON,900,sd_sddot_item_catalog_2026_07_27,true
sd_sddot_900E5190_v20260727,sd_sddot_900E5190,2026-07-27,,Planter Rail,Planter Rail,FT,900,sd_sddot_item_catalog_2026_07_27,true
sd_sddot_900E5200_v20260727,sd_sddot_900E5200,2026-07-27,,Playground Area,Playground Area,L S,900,sd_sddot_item_catalog_2026_07_27,true
sd_sddot_900E5210_v20260727,sd_sddot_900E5210,2026-07-27,,Trash Container,Trash Container,EACH,900,sd_sddot_item_catalog_2026_07_27,true
sd_sddot_900E5220_v20260727,sd_sddot_900E5220,2026-07-27,,Tree Grate,Tree Grate,EACH,900,sd_sddot_item_catalog_2026_07_27,true
sd_sddot_900E5230_v20260727,sd_sddot_900E5230,2026-07-27,,Tree Grate with Frame,Tree Grate with Frame,EACH,900,sd_sddot_item_catalog_2026_07_27,true
sd_sddot_900E5240_v20260727,sd_sddot_900E5240,2026-07-27,,Reset Tree Grate,Reset Tree Grate,EACH,900,sd_sddot_item_catalog_2026_07_27,true
sd_sddot_900E5250_v20260727,sd_sddot_900E5250,2026-07-27,,Water Storage Tank,Water Storage Tank,EACH,900,sd_sddot_item_catalog_2026_07_27,true
sd_sddot_900E5252_v20260727,sd_sddot_900E5252,2026-07-27,,Propane Storage Tank,Propane Storage Tank,EACH,900,sd_sddot_item_catalog_2026_07_27,true
sd_sddot_900E5260_v20260727,sd_sddot_900E5260,2026-07-27,,Wind Meter,Wind Meter,EACH,900,sd_sddot_item_catalog_2026_07_27,true
sd_sddot_900E5300_v20260727,sd_sddot_900E5300,2026-07-27,,"Incidental Work, Pump Replacement","Incidental Work, Pump Replacement",L S,900,sd_sddot_item_catalog_2026_07_27,true
sd_sddot_900E5301_v20260727,sd_sddot_900E5301,2026-07-27,,"Incidental Work, New Well","Incidental Work, New Well",L S,900,sd_sddot_item_catalog_2026_07_27,true
sd_sddot_900E5310_v20260727,sd_sddot_900E5310,2026-07-27,,"5"" Black Steel Pipe Casing","5"" Black Steel Pipe Casing",FT,900,sd_sddot_item_catalog_2026_07_27,true
sd_sddot_900E5315_v20260727,sd_sddot_900E5315,2026-07-27,,Well Drop Pipe,Well Drop Pipe,FT,900,sd_sddot_item_catalog_2026_07_27,true
sd_sddot_900E5320_v20260727,sd_sddot_900E5320,2026-07-27,,"8"" Drilled Hole","8"" Drilled Hole",FT,900,sd_sddot_item_catalog_2026_07_27,true
sd_sddot_900E5325_v20260727,sd_sddot_900E5325,2026-07-27,,Grout,Grout,FT,900,sd_sddot_item_catalog_2026_07_27,true
sd_sddot_900E5326_v20260727,sd_sddot_900E5326,2026-07-27,,Grout,Grout,SQFT,900,sd_sddot_item_catalog_2026_07_27,true
sd_sddot_900E5330_v20260727,sd_sddot_900E5330,2026-07-27,,Well Pump,Well Pump,EACH,900,sd_sddot_item_catalog_2026_07_27,true
sd_sddot_900E5331_v20260727,sd_sddot_900E5331,2026-07-27,,Well Check Valve,Well Check Valve,EACH,900,sd_sddot_item_catalog_2026_07_27,true
sd_sddot_900E5332_v20260727,sd_sddot_900E5332,2026-07-27,,"Pitless Unit, Supply Well","Pitless Unit, Supply Well",L S,900,sd_sddot_item_catalog_2026_07_27,true
sd_sddot_900E5340_v20260727,sd_sddot_900E5340,2026-07-27,,Pull Pump and Equipment Analysis,Pull Pump and Equipment Analysis,L S,900,sd_sddot_item_catalog_2026_07_27,true
sd_sddot_900E5341_v20260727,sd_sddot_900E5341,2026-07-27,,Well Development,Well Development,HOUR,900,sd_sddot_item_catalog_2026_07_27,true
sd_sddot_900E5342_v20260727,sd_sddot_900E5342,2026-07-27,,Testing for Yield and Drawdown,Testing for Yield and Drawdown,L S,900,sd_sddot_item_catalog_2026_07_27,true
sd_sddot_900E5399_v20260727,sd_sddot_900E5399,2026-07-27,,Tree Aeration Inlet,Tree Aeration Inlet,EACH,900,sd_sddot_item_catalog_2026_07_27,true
sd_sddot_900E5400_v20260727,sd_sddot_900E5400,2026-07-27,,Sprinkler System,Sprinkler System,L S,900,sd_sddot_item_catalog_2026_07_27,true
sd_sddot_900E5410_v20260727,sd_sddot_900E5410,2026-07-27,,Modify Sprinkler System,Modify Sprinkler System,L S,900,sd_sddot_item_catalog_2026_07_27,true
sd_sddot_900E5420_v20260727,sd_sddot_900E5420,2026-07-27,,Irrigation System,Irrigation System,EACH,900,sd_sddot_item_catalog_2026_07_27,true
sd_sddot_900E5430_v20260727,sd_sddot_900E5430,2026-07-27,,Irrigation System,Irrigation System,L S,900,sd_sddot_item_catalog_2026_07_27,true
sd_sddot_900E5440_v20260727,sd_sddot_900E5440,2026-07-27,,Detention Pond Liner,Detention Pond Liner,L S,900,sd_sddot_item_catalog_2026_07_27,true
sd_sddot_900E5500_v20260727,sd_sddot_900E5500,2026-07-27,,Drainage System,Drainage System,L S,900,sd_sddot_item_catalog_2026_07_27,true
sd_sddot_900E5510_v20260727,sd_sddot_900E5510,2026-07-27,,"8"" Area Drain with Grate Assembly","8"" Area Drain with Grate Assembly",EACH,900,sd_sddot_item_catalog_2026_07_27,true
sd_sddot_900E5520_v20260727,sd_sddot_900E5520,2026-07-27,,"12"" Area Drain with Grate Assembly","12"" Area Drain with Grate Assembly",EACH,900,sd_sddot_item_catalog_2026_07_27,true
sd_sddot_900E5800_v20260727,sd_sddot_900E5800,2026-07-27,,Perimeter Detection System,Perimeter Detection System,L S,900,sd_sddot_item_catalog_2026_07_27,true
sd_sddot_900E5810_v20260727,sd_sddot_900E5810,2026-07-27,,Environmental Surveillance Alarm,Environmental Surveillance Alarm,EACH,900,sd_sddot_item_catalog_2026_07_27,true
sd_sddot_900E5815_v20260727,sd_sddot_900E5815,2026-07-27,,Channel Cross Section Survey,Channel Cross Section Survey,L S,900,sd_sddot_item_catalog_2026_07_27,true
sd_sddot_900E5820_v20260727,sd_sddot_900E5820,2026-07-27,,Concrete Vault Toilet (SST),Concrete Vault Toilet (SST),EACH,900,sd_sddot_item_catalog_2026_07_27,true
sd_sddot_900E5821_v20260727,sd_sddot_900E5821,2026-07-27,,Reset Concrete Vault Toilet (SST),Reset Concrete Vault Toilet (SST),EACH,900,sd_sddot_item_catalog_2026_07_27,true
sd_sddot_900E5830_v20260727,sd_sddot_900E5830,2026-07-27,,Trailer Waste Station Appurtenances,Trailer Waste Station Appurtenances,L S,900,sd_sddot_item_catalog_2026_07_27,true
sd_sddot_900E5835_v20260727,sd_sddot_900E5835,2026-07-27,,Static Scale,Static Scale,EACH,900,sd_sddot_item_catalog_2026_07_27,true
sd_sddot_900E5840_v20260727,sd_sddot_900E5840,2026-07-27,,Permanent Vehicle Classification System,Permanent Vehicle Classification System,EACH,900,sd_sddot_item_catalog_2026_07_27,true
sd_sddot_900E5842_v20260727,sd_sddot_900E5842,2026-07-27,,Permanent Vehicle Detection System,Permanent Vehicle Detection System,EACH,900,sd_sddot_item_catalog_2026_07_27,true
sd_sddot_900E5845_v20260727,sd_sddot_900E5845,2026-07-27,,P.A. System,P.A. System,EACH,900,sd_sddot_item_catalog_2026_07_27,true
sd_sddot_900E5999_v20260727,sd_sddot_900E5999,2026-07-27,,Decorative Sign,Decorative Sign,EACH,900,sd_sddot_item_catalog_2026_07_27,true
sd_sddot_900E6000_v20260727,sd_sddot_900E6000,2026-07-27,,Kiosk Information Unit,Kiosk Information Unit,EACH,900,sd_sddot_item_catalog_2026_07_27,true
sd_sddot_900E6005_v20260727,sd_sddot_900E6005,2026-07-27,,Concrete Foundation,Concrete Foundation,EACH,900,sd_sddot_item_catalog_2026_07_27,true
sd_sddot_900E6010_v20260727,sd_sddot_900E6010,2026-07-27,,"Precast Concrete Welcome Sign, Furnish","Precast Concrete Welcome Sign, Furnish",EACH,900,sd_sddot_item_catalog_2026_07_27,true
sd_sddot_900E6011_v20260727,sd_sddot_900E6011,2026-07-27,,"Precast Concrete Welcome Sign, Install","Precast Concrete Welcome Sign, Install",EACH,900,sd_sddot_item_catalog_2026_07_27,true
sd_sddot_900E6013_v20260727,sd_sddot_900E6013,2026-07-27,,3 Panel Information Unit,3 Panel Information Unit,EACH,900,sd_sddot_item_catalog_2026_07_27,true
sd_sddot_900E6014_v20260727,sd_sddot_900E6014,2026-07-27,,4 Panel Information Unit,4 Panel Information Unit,EACH,900,sd_sddot_item_catalog_2026_07_27,true
sd_sddot_900E6023_v20260727,sd_sddot_900E6023,2026-07-27,,Remove and Reset 3 Panel Information Unit,Remove and Reset 3 Panel Information Unit,EACH,900,sd_sddot_item_catalog_2026_07_27,true
sd_sddot_900E6024_v20260727,sd_sddot_900E6024,2026-07-27,,Remove and Reset 4 Panel Information Unit,Remove and Reset 4 Panel Information Unit,EACH,900,sd_sddot_item_catalog_2026_07_27,true
sd_sddot_900E6300_v20260727,sd_sddot_900E6300,2026-07-27,,Vibration Monitoring & Testing,Vibration Monitoring & Testing,L S,900,sd_sddot_item_catalog_2026_07_27,true
sd_sddot_900E6400_v20260727,sd_sddot_900E6400,2026-07-27,,Abandoned Gas Line Mitigation,Abandoned Gas Line Mitigation,EACH,900,sd_sddot_item_catalog_2026_07_27,true
sd_sddot_900E6500_v20260727,sd_sddot_900E6500,2026-07-27,,One Table Shelter Unit,One Table Shelter Unit,EACH,900,sd_sddot_item_catalog_2026_07_27,true
sd_sddot_900E6502_v20260727,sd_sddot_900E6502,2026-07-27,,"One Table Shelter Unit, Modify","One Table Shelter Unit, Modify",EACH,900,sd_sddot_item_catalog_2026_07_27,true
sd_sddot_900E6510_v20260727,sd_sddot_900E6510,2026-07-27,,Two Table Shelter Unit,Two Table Shelter Unit,EACH,900,sd_sddot_item_catalog_2026_07_27,true
sd_sddot_900E6512_v20260727,sd_sddot_900E6512,2026-07-27,,"Two Table Shelter Unit, Modify","Two Table Shelter Unit, Modify",EACH,900,sd_sddot_item_catalog_2026_07_27,true
sd_sddot_900E6700_v20260727,sd_sddot_900E6700,2026-07-27,,LED Illuminated Street Sign,LED Illuminated Street Sign,EACH,900,sd_sddot_item_catalog_2026_07_27,true
sd_sddot_900E6819_v20260727,sd_sddot_900E6819,2026-07-27,,Repair Roof,Repair Roof,L S,900,sd_sddot_item_catalog_2026_07_27,true
sd_sddot_900E6820_v20260727,sd_sddot_900E6820,2026-07-27,,Remove and Replace Roofing Materials,Remove and Replace Roofing Materials,L S,900,sd_sddot_item_catalog_2026_07_27,true
sd_sddot_900E6821_v20260727,sd_sddot_900E6821,2026-07-27,,Remove and Replace Roof Sheathing,Remove and Replace Roof Sheathing,SQFT,900,sd_sddot_item_catalog_2026_07_27,true
sd_sddot_900E6822_v20260727,sd_sddot_900E6822,2026-07-27,,Repair Roof Rafters,Repair Roof Rafters,EACH,900,sd_sddot_item_catalog_2026_07_27,true
sd_sddot_900E6823_v20260727,sd_sddot_900E6823,2026-07-27,,Remove and Replace Door,Remove and Replace Door,EACH,900,sd_sddot_item_catalog_2026_07_27,true
sd_sddot_900E6824_v20260727,sd_sddot_900E6824,2026-07-27,,Remove and Replace Exterior Rotted Wood,Remove and Replace Exterior Rotted Wood,L S,900,sd_sddot_item_catalog_2026_07_27,true
sd_sddot_900E6825_v20260727,sd_sddot_900E6825,2026-07-27,,Insulate Attic,Insulate Attic,L S,900,sd_sddot_item_catalog_2026_07_27,true
sd_sddot_900E6826_v20260727,sd_sddot_900E6826,2026-07-27,,Insulate Walls,Insulate Walls,L S,900,sd_sddot_item_catalog_2026_07_27,true
sd_sddot_900E6827_v20260727,sd_sddot_900E6827,2026-07-27,,Tuckpoint Seal Masonry,Tuckpoint Seal Masonry,L S,900,sd_sddot_item_catalog_2026_07_27,true
sd_sddot_900E6828_v20260727,sd_sddot_900E6828,2026-07-27,,Remove and Replace Brick,Remove and Replace Brick,EACH,900,sd_sddot_item_catalog_2026_07_27,true
sd_sddot_900E6829_v20260727,sd_sddot_900E6829,2026-07-27,,Patch and Seal Concrete Window Sills and Foundation,Patch and Seal Concrete Window Sills and Foundation,L S,900,sd_sddot_item_catalog_2026_07_27,true
sd_sddot_900E6830_v20260727,sd_sddot_900E6830,2026-07-27,,Paint Interior,Paint Interior,L S,900,sd_sddot_item_catalog_2026_07_27,true
sd_sddot_900E6831_v20260727,sd_sddot_900E6831,2026-07-27,,Paint Exterior,Paint Exterior,L S,900,sd_sddot_item_catalog_2026_07_27,true
sd_sddot_900E6832_v20260727,sd_sddot_900E6832,2026-07-27,,Remove and Replace Stoops,Remove and Replace Stoops,L S,900,sd_sddot_item_catalog_2026_07_27,true
sd_sddot_900E6833_v20260727,sd_sddot_900E6833,2026-07-27,,Incidental Milling,Incidental Milling,L S,900,sd_sddot_item_catalog_2026_07_27,true
sd_sddot_900E6834_v20260727,sd_sddot_900E6834,2026-07-27,,Asphalt Concrete Resurfacing,Asphalt Concrete Resurfacing,SQFT,900,sd_sddot_item_catalog_2026_07_27,true
sd_sddot_900E6835_v20260727,sd_sddot_900E6835,2026-07-27,,Waste Container with Snuffer Attachment,Waste Container with Snuffer Attachment,EACH,900,sd_sddot_item_catalog_2026_07_27,true
sd_sddot_900E6836_v20260727,sd_sddot_900E6836,2026-07-27,,Waste Container Liner,Waste Container Liner,EACH,900,sd_sddot_item_catalog_2026_07_27,true
sd_sddot_900E6837_v20260727,sd_sddot_900E6837,2026-07-27,,Remove Existing Plant and Landscape Materials,Remove Existing Plant and Landscape Materials,L S,900,sd_sddot_item_catalog_2026_07_27,true
sd_sddot_900E6839_v20260727,sd_sddot_900E6839,2026-07-27,,"Plant, Install","Plant, Install",EACH,900,sd_sddot_item_catalog_2026_07_27,true
sd_sddot_900E6900_v20260727,sd_sddot_900E6900,2026-07-27,,"2"" x 8"" Composite Decking","2"" x 8"" Composite Decking",SQFT,900,sd_sddot_item_catalog_2026_07_27,true
sd_sddot_900E7000_v20260727,sd_sddot_900E7000,2026-07-27,,Corrugated Steel Bridge Plank,Corrugated Steel Bridge Plank,SQFT,900,sd_sddot_item_catalog_2026_07_27,true
sd_sddot_900E7003_v20260727,sd_sddot_900E7003,2026-07-27,,Pedestrian Bridge,Pedestrian Bridge,EACH,900,sd_sddot_item_catalog_2026_07_27,true
sd_sddot_900E7007_v20260727,sd_sddot_900E7007,2026-07-27,,Wood Boardwalk with Handrail,Wood Boardwalk with Handrail,SQFT,900,sd_sddot_item_catalog_2026_07_27,true
sd_sddot_900E7020_v20260727,sd_sddot_900E7020,2026-07-27,,Bridge Cleaning,Bridge Cleaning,L S,900,sd_sddot_item_catalog_2026_07_27,true
sd_sddot_900E7030_v20260727,sd_sddot_900E7030,2026-07-27,,Wood Repair Compound,Wood Repair Compound,OZ,900,sd_sddot_item_catalog_2026_07_27,true
sd_sddot_900E7050_v20260727,sd_sddot_900E7050,2026-07-27,,"4"" Wood Lagging","4"" Wood Lagging",SQFT,900,sd_sddot_item_catalog_2026_07_27,true
sd_sddot_900E7060_v20260727,sd_sddot_900E7060,2026-07-27,,Helical Pile,Helical Pile,EACH,900,sd_sddot_item_catalog_2026_07_27,true
sd_sddot_900E7070_v20260727,sd_sddot_900E7070,2026-07-27,,HP 12x53 Soldier Pile,HP 12x53 Soldier Pile,FT,900,sd_sddot_item_catalog_2026_07_27,true
sd_sddot_900E7080_v20260727,sd_sddot_900E7080,2026-07-27,,Concrete Metalizing,Concrete Metalizing,SQFT,900,sd_sddot_item_catalog_2026_07_27,true
sd_sddot_900E7090_v20260727,sd_sddot_900E7090,2026-07-27,,Waterproofing Membrane for Structure,Waterproofing Membrane for Structure,SQFT,900,sd_sddot_item_catalog_2026_07_27,true
sd_sddot_900E7100_v20260727,sd_sddot_900E7100,2026-07-27,,Pneumatically Operated Spillway Gate System,Pneumatically Operated Spillway Gate System,L S,900,sd_sddot_item_catalog_2026_07_27,true
sd_sddot_900E7200_v20260727,sd_sddot_900E7200,2026-07-27,,Low Water Crossing,Low Water Crossing,EACH,900,sd_sddot_item_catalog_2026_07_27,true
sd_sddot_900E7500_v20260727,sd_sddot_900E7500,2026-07-27,,LTP Special,LTP Special,EACH,900,sd_sddot_item_catalog_2026_07_27,true
sd_sddot_900E8001_v20260727,sd_sddot_900E8001,2026-07-27,,Modify Fixed Joint 1,Modify Fixed Joint 1,FT,900,sd_sddot_item_catalog_2026_07_27,true
sd_sddot_900E8002_v20260727,sd_sddot_900E8002,2026-07-27,,Modify Fixed Joint 2,Modify Fixed Joint 2,FT,900,sd_sddot_item_catalog_2026_07_27,true
sd_sddot_900E8003_v20260727,sd_sddot_900E8003,2026-07-27,,Modify Fixed Joint 3,Modify Fixed Joint 3,FT,900,sd_sddot_item_catalog_2026_07_27,true
sd_sddot_900E8100_v20260727,sd_sddot_900E8100,2026-07-27,,Boulder,Boulder,EACH,900,sd_sddot_item_catalog_2026_07_27,true
sd_sddot_900E8900_v20260727,sd_sddot_900E8900,2026-07-27,,Anchor Bolt Coring,Anchor Bolt Coring,FT,900,sd_sddot_item_catalog_2026_07_27,true
sd_sddot_900E8950_v20260727,sd_sddot_900E8950,2026-07-27,,Ground Anchor,Ground Anchor,FT,900,sd_sddot_item_catalog_2026_07_27,true
sd_sddot_900E9090_v20260727,sd_sddot_900E9090,2026-07-27,,Equipment Rental,Equipment Rental,L S,900,sd_sddot_item_catalog_2026_07_27,true
sd_sddot_910E0001_v20260727,sd_sddot_910E0001,2026-07-27,,Tordon 22K,Tordon 22K,GAL,910,sd_sddot_item_catalog_2026_07_27,true
sd_sddot_910E0002_v20260727,sd_sddot_910E0002,2026-07-27,,24D LV-6,24D LV-6,GAL,910,sd_sddot_item_catalog_2026_07_27,true
sd_sddot_910E0003_v20260727,sd_sddot_910E0003,2026-07-27,,24D Amine,24D Amine,OZ,910,sd_sddot_item_catalog_2026_07_27,true
sd_sddot_910E0004_v20260727,sd_sddot_910E0004,2026-07-27,,24D Aquatic Amine,24D Aquatic Amine,OZ,910,sd_sddot_item_catalog_2026_07_27,true
sd_sddot_910E0005_v20260727,sd_sddot_910E0005,2026-07-27,,24D Ester,24D Ester,LB,910,sd_sddot_item_catalog_2026_07_27,true
sd_sddot_910E0006_v20260727,sd_sddot_910E0006,2026-07-27,,24D Hi-Dep,24D Hi-Dep,GAL,910,sd_sddot_item_catalog_2026_07_27,true
sd_sddot_910E0007_v20260727,sd_sddot_910E0007,2026-07-27,,Tordon 22K,Tordon 22K,OZ,910,sd_sddot_item_catalog_2026_07_27,true
sd_sddot_910E0008_v20260727,sd_sddot_910E0008,2026-07-27,,Round Up or Cornerstone,Round Up or Cornerstone,GAL,910,sd_sddot_item_catalog_2026_07_27,true
sd_sddot_910E0009_v20260727,sd_sddot_910E0009,2026-07-27,,24D Amine,24D Amine,GAL,910,sd_sddot_item_catalog_2026_07_27,true
sd_sddot_910E0010_v20260727,sd_sddot_910E0010,2026-07-27,,24D Amine,24D Amine,LB,910,sd_sddot_item_catalog_2026_07_27,true
sd_sddot_910E0012_v20260727,sd_sddot_910E0012,2026-07-27,,24D,24D,OZ,910,sd_sddot_item_catalog_2026_07_27,true
sd_sddot_910E0013_v20260727,sd_sddot_910E0013,2026-07-27,,24D,24D,GAL,910,sd_sddot_item_catalog_2026_07_27,true
sd_sddot_910E0014_v20260727,sd_sddot_910E0014,2026-07-27,,24D Aquatic,24D Aquatic,GAL,910,sd_sddot_item_catalog_2026_07_27,true
sd_sddot_910E0015_v20260727,sd_sddot_910E0015,2026-07-27,,24D Ester,24D Ester,OZ,910,sd_sddot_item_catalog_2026_07_27,true
sd_sddot_910E0016_v20260727,sd_sddot_910E0016,2026-07-27,,24D Platoon,24D Platoon,OZ,910,sd_sddot_item_catalog_2026_07_27,true
sd_sddot_910E0017_v20260727,sd_sddot_910E0017,2026-07-27,,24D Ester,24D Ester,GAL,910,sd_sddot_item_catalog_2026_07_27,true
sd_sddot_910E0018_v20260727,sd_sddot_910E0018,2026-07-27,,24D Freelexx,24D Freelexx,GAL,910,sd_sddot_item_catalog_2026_07_27,true
sd_sddot_910E0019_v20260727,sd_sddot_910E0019,2026-07-27,,24D Freelexx,24D Freelexx,OZ,910,sd_sddot_item_catalog_2026_07_27,true
sd_sddot_910E0020_v20260727,sd_sddot_910E0020,2026-07-27,,Sahara,Sahara,L S,910,sd_sddot_item_catalog_2026_07_27,true
sd_sddot_910E0021_v20260727,sd_sddot_910E0021,2026-07-27,,Sahara DG Dry,Sahara DG Dry,LB,910,sd_sddot_item_catalog_2026_07_27,true
sd_sddot_910E0022_v20260727,sd_sddot_910E0022,2026-07-27,,Sahara,Sahara,OZ,910,sd_sddot_item_catalog_2026_07_27,true
sd_sddot_910E0025_v20260727,sd_sddot_910E0025,2026-07-27,,Garlon,Garlon,OZ,910,sd_sddot_item_catalog_2026_07_27,true
sd_sddot_910E0026_v20260727,sd_sddot_910E0026,2026-07-27,,All Clear,All Clear,OZ,910,sd_sddot_item_catalog_2026_07_27,true
sd_sddot_910E0030_v20260727,sd_sddot_910E0030,2026-07-27,,Round Up,Round Up,OZ,910,sd_sddot_item_catalog_2026_07_27,true
sd_sddot_910E0031_v20260727,sd_sddot_910E0031,2026-07-27,,Round Up,Round Up,GAL,910,sd_sddot_item_catalog_2026_07_27,true
sd_sddot_910E0032_v20260727,sd_sddot_910E0032,2026-07-27,,Round Up Pro,Round Up Pro,OZ,910,sd_sddot_item_catalog_2026_07_27,true
sd_sddot_910E0036_v20260727,sd_sddot_910E0036,2026-07-27,,Graslan L Herbicide,Graslan L Herbicide,OZ,910,sd_sddot_item_catalog_2026_07_27,true
sd_sddot_910E0037_v20260727,sd_sddot_910E0037,2026-07-27,,Opensight,Opensight,LB,910,sd_sddot_item_catalog_2026_07_27,true
sd_sddot_910E0040_v20260727,sd_sddot_910E0040,2026-07-27,,Premier 90,Premier 90,OZ,910,sd_sddot_item_catalog_2026_07_27,true
sd_sddot_910E0043_v20260727,sd_sddot_910E0043,2026-07-27,,Plainview,Plainview,OZ,910,sd_sddot_item_catalog_2026_07_27,true
sd_sddot_910E0045_v20260727,sd_sddot_910E0045,2026-07-27,,Gardian,Gardian,OZ,910,sd_sddot_item_catalog_2026_07_27,true
sd_sddot_910E0046_v20260727,sd_sddot_910E0046,2026-07-27,,MSM 60,MSM 60,OZ,910,sd_sddot_item_catalog_2026_07_27,true
sd_sddot_910E0047_v20260727,sd_sddot_910E0047,2026-07-27,,Brush Rhap,Brush Rhap,OZ,910,sd_sddot_item_catalog_2026_07_27,true
sd_sddot_910E0050_v20260727,sd_sddot_910E0050,2026-07-27,,Plateau,Plateau,OZ,910,sd_sddot_item_catalog_2026_07_27,true
sd_sddot_910E0051_v20260727,sd_sddot_910E0051,2026-07-27,,Plateau,Plateau,GAL,910,sd_sddot_item_catalog_2026_07_27,true
sd_sddot_910E0055_v20260727,sd_sddot_910E0055,2026-07-27,,Dicamba,Dicamba,OZ,910,sd_sddot_item_catalog_2026_07_27,true
sd_sddot_910E0056_v20260727,sd_sddot_910E0056,2026-07-27,,Dicamba,Dicamba,GAL,910,sd_sddot_item_catalog_2026_07_27,true
sd_sddot_910E0057_v20260727,sd_sddot_910E0057,2026-07-27,,Grazon PD3,Grazon PD3,GAL,910,sd_sddot_item_catalog_2026_07_27,true
sd_sddot_910E0058_v20260727,sd_sddot_910E0058,2026-07-27,,Grazon PD3,Grazon PD3,OZ,910,sd_sddot_item_catalog_2026_07_27,true
sd_sddot_910E0059_v20260727,sd_sddot_910E0059,2026-07-27,,Chapparral,Chapparral,LB,910,sd_sddot_item_catalog_2026_07_27,true
sd_sddot_910E0060_v20260727,sd_sddot_910E0060,2026-07-27,,Buccaneer Plus,Buccaneer Plus,OZ,910,sd_sddot_item_catalog_2026_07_27,true
sd_sddot_910E0065_v20260727,sd_sddot_910E0065,2026-07-27,,Vanquish,Vanquish,OZ,910,sd_sddot_item_catalog_2026_07_27,true
sd_sddot_910E0070_v20260727,sd_sddot_910E0070,2026-07-27,,Rodeo,Rodeo,OZ,910,sd_sddot_item_catalog_2026_07_27,true
sd_sddot_910E0071_v20260727,sd_sddot_910E0071,2026-07-27,,Rodeo,Rodeo,GAL,910,sd_sddot_item_catalog_2026_07_27,true
sd_sddot_910E0075_v20260727,sd_sddot_910E0075,2026-07-27,,Mirage,Mirage,OZ,910,sd_sddot_item_catalog_2026_07_27,true
sd_sddot_910E0077_v20260727,sd_sddot_910E0077,2026-07-27,,Tailspin,Tailspin,GAL,910,sd_sddot_item_catalog_2026_07_27,true
sd_sddot_910E0080_v20260727,sd_sddot_910E0080,2026-07-27,,Payload,Payload,OZ,910,sd_sddot_item_catalog_2026_07_27,true
sd_sddot_910E0082_v20260727,sd_sddot_910E0082,2026-07-27,,Perspective,Perspective,OZ,910,sd_sddot_item_catalog_2026_07_27,true
sd_sddot_910E0085_v20260727,sd_sddot_910E0085,2026-07-27,,Milestone,Milestone,OZ,910,sd_sddot_item_catalog_2026_07_27,true
sd_sddot_910E0086_v20260727,sd_sddot_910E0086,2026-07-27,,Milestone,Milestone,GAL,910,sd_sddot_item_catalog_2026_07_27,true
sd_sddot_910E0087_v20260727,sd_sddot_910E0087,2026-07-27,,Weatherguard,Weatherguard,OZ,910,sd_sddot_item_catalog_2026_07_27,true
sd_sddot_910E0088_v20260727,sd_sddot_910E0088,2026-07-27,,Weatherguard,Weatherguard,GAL,910,sd_sddot_item_catalog_2026_07_27,true
sd_sddot_910E0090_v20260727,sd_sddot_910E0090,2026-07-27,,Overdrive,Overdrive,OZ,910,sd_sddot_item_catalog_2026_07_27,true
sd_sddot_910E0091_v20260727,sd_sddot_910E0091,2026-07-27,,Overdrive,Overdrive,LB,910,sd_sddot_item_catalog_2026_07_27,true
sd_sddot_910E0093_v20260727,sd_sddot_910E0093,2026-07-27,,HighNoon,HighNoon,GAL,910,sd_sddot_item_catalog_2026_07_27,true
sd_sddot_910E0095_v20260727,sd_sddot_910E0095,2026-07-27,,Embark,Embark,OZ,910,sd_sddot_item_catalog_2026_07_27,true
sd_sddot_910E0098_v20260727,sd_sddot_910E0098,2026-07-27,,TerraVue,TerraVue,OZ,910,sd_sddot_item_catalog_2026_07_27,true
sd_sddot_910E0099_v20260727,sd_sddot_910E0099,2026-07-27,,TerraVue,TerraVue,GAL,910,sd_sddot_item_catalog_2026_07_27,true
sd_sddot_910E0100_v20260727,sd_sddot_910E0100,2026-07-27,,Escort,Escort,OZ,910,sd_sddot_item_catalog_2026_07_27,true
sd_sddot_910E0102_v20260727,sd_sddot_910E0102,2026-07-27,,Patriot,Patriot,OZ,910,sd_sddot_item_catalog_2026_07_27,true
sd_sddot_910E0103_v20260727,sd_sddot_910E0103,2026-07-27,,Metcel,Metcel,OZ,910,sd_sddot_item_catalog_2026_07_27,true
sd_sddot_910E0104_v20260727,sd_sddot_910E0104,2026-07-27,,Metcel,Metcel,GAL,910,sd_sddot_item_catalog_2026_07_27,true
sd_sddot_910E0105_v20260727,sd_sddot_910E0105,2026-07-27,,Diuron,Diuron,OZ,910,sd_sddot_item_catalog_2026_07_27,true
sd_sddot_910E0110_v20260727,sd_sddot_910E0110,2026-07-27,,Journey,Journey,OZ,910,sd_sddot_item_catalog_2026_07_27,true
sd_sddot_910E0112_v20260727,sd_sddot_910E0112,2026-07-27,,Arsenal,Arsenal,OZ,910,sd_sddot_item_catalog_2026_07_27,true
sd_sddot_910E0114_v20260727,sd_sddot_910E0114,2026-07-27,,Intensity One,Intensity One,OZ,910,sd_sddot_item_catalog_2026_07_27,true
sd_sddot_910E0120_v20260727,sd_sddot_910E0120,2026-07-27,,Ammonium Sulfate,Ammonium Sulfate,LB,910,sd_sddot_item_catalog_2026_07_27,true
sd_sddot_910E0130_v20260727,sd_sddot_910E0130,2026-07-27,,Hyvar XL,Hyvar XL,GAL,910,sd_sddot_item_catalog_2026_07_27,true
sd_sddot_910E0135_v20260727,sd_sddot_910E0135,2026-07-27,,Transline,Transline,OZ,910,sd_sddot_item_catalog_2026_07_27,true
sd_sddot_910E0140_v20260727,sd_sddot_910E0140,2026-07-27,,Telar,Telar,OZ,910,sd_sddot_item_catalog_2026_07_27,true
sd_sddot_910E0142_v20260727,sd_sddot_910E0142,2026-07-27,,Curtail,Curtail,GAL,910,sd_sddot_item_catalog_2026_07_27,true
sd_sddot_910E0145_v20260727,sd_sddot_910E0145,2026-07-27,,Peltvea,Peltvea,OZ,910,sd_sddot_item_catalog_2026_07_27,true
sd_sddot_910E0150_v20260727,sd_sddot_910E0150,2026-07-27,,Alley,Alley,OZ,910,sd_sddot_item_catalog_2026_07_27,true
sd_sddot_910E0155_v20260727,sd_sddot_910E0155,2026-07-27,,Drift Control,Drift Control,GAL,910,sd_sddot_item_catalog_2026_07_27,true
sd_sddot_910E0160_v20260727,sd_sddot_910E0160,2026-07-27,,Glyphosate,Glyphosate,OZ,910,sd_sddot_item_catalog_2026_07_27,true
sd_sddot_910E0161_v20260727,sd_sddot_910E0161,2026-07-27,,Glyphosate,Glyphosate,GAL,910,sd_sddot_item_catalog_2026_07_27,true
sd_sddot_910E0165_v20260727,sd_sddot_910E0165,2026-07-27,,Metholated Seed Oil,Metholated Seed Oil,OZ,910,sd_sddot_item_catalog_2026_07_27,true
sd_sddot_910E0170_v20260727,sd_sddot_910E0170,2026-07-27,,Soy Stik,Soy Stik,OZ,910,sd_sddot_item_catalog_2026_07_27,true
sd_sddot_910E0171_v20260727,sd_sddot_910E0171,2026-07-27,,Soy Stik,Soy Stik,GAL,910,sd_sddot_item_catalog_2026_07_27,true
sd_sddot_910E0175_v20260727,sd_sddot_910E0175,2026-07-27,,Crop Oil,Crop Oil,OZ,910,sd_sddot_item_catalog_2026_07_27,true
sd_sddot_910E0179_v20260727,sd_sddot_910E0179,2026-07-27,,Spray Additive,Spray Additive,OZ,910,sd_sddot_item_catalog_2026_07_27,true
sd_sddot_910E0180_v20260727,sd_sddot_910E0180,2026-07-27,,Marker Dye,Marker Dye,OZ,910,sd_sddot_item_catalog_2026_07_27,true
sd_sddot_910E0181_v20260727,sd_sddot_910E0181,2026-07-27,,Dye,Dye,GAL,910,sd_sddot_item_catalog_2026_07_27,true
sd_sddot_910E0185_v20260727,sd_sddot_910E0185,2026-07-27,,Highlight,Highlight,OZ,910,sd_sddot_item_catalog_2026_07_27,true
sd_sddot_910E0190_v20260727,sd_sddot_910E0190,2026-07-27,,Spreader 90 Surfactant,Spreader 90 Surfactant,OZ,910,sd_sddot_item_catalog_2026_07_27,true
sd_sddot_910E0191_v20260727,sd_sddot_910E0191,2026-07-27,,Spreader 90 Surfactant,Spreader 90 Surfactant,GAL,910,sd_sddot_item_catalog_2026_07_27,true
sd_sddot_910E0195_v20260727,sd_sddot_910E0195,2026-07-27,,Brewer 90 Surfactant,Brewer 90 Surfactant,OZ,910,sd_sddot_item_catalog_2026_07_27,true
sd_sddot_910E0196_v20260727,sd_sddot_910E0196,2026-07-27,,Brewer 90 Surfactant,Brewer 90 Surfactant,GAL,910,sd_sddot_item_catalog_2026_07_27,true
sd_sddot_910E0197_v20260727,sd_sddot_910E0197,2026-07-27,,Surfactant,Surfactant,OZ,910,sd_sddot_item_catalog_2026_07_27,true
sd_sddot_910E0200_v20260727,sd_sddot_910E0200,2026-07-27,,Aquaneat,Aquaneat,OZ,910,sd_sddot_item_catalog_2026_07_27,true
sd_sddot_910E0201_v20260727,sd_sddot_910E0201,2026-07-27,,Aquaneat,Aquaneat,GAL,910,sd_sddot_item_catalog_2026_07_27,true
sd_sddot_910E0205_v20260727,sd_sddot_910E0205,2026-07-27,,Razor Pro,Razor Pro,OZ,910,sd_sddot_item_catalog_2026_07_27,true
sd_sddot_910E0210_v20260727,sd_sddot_910E0210,2026-07-27,,Pronto Big N Tuf,Pronto Big N Tuf,OZ,910,sd_sddot_item_catalog_2026_07_27,true
sd_sddot_910E0215_v20260727,sd_sddot_910E0215,2026-07-27,,Outpost,Outpost,OZ,910,sd_sddot_item_catalog_2026_07_27,true
sd_sddot_910E0217_v20260727,sd_sddot_910E0217,2026-07-27,,Outpost 22K,Outpost 22K,GAL,910,sd_sddot_item_catalog_2026_07_27,true
sd_sddot_910E0220_v20260727,sd_sddot_910E0220,2026-07-27,,Drift Guardian,Drift Guardian,GAL,910,sd_sddot_item_catalog_2026_07_27,true
sd_sddot_910E0225_v20260727,sd_sddot_910E0225,2026-07-27,,Affect GC Driftguard,Affect GC Driftguard,LB,910,sd_sddot_item_catalog_2026_07_27,true
sd_sddot_910E0230_v20260727,sd_sddot_910E0230,2026-07-27,,AMS,AMS,GAL,910,sd_sddot_item_catalog_2026_07_27,true
sd_sddot_910E0240_v20260727,sd_sddot_910E0240,2026-07-27,,NIS,NIS,GAL,910,sd_sddot_item_catalog_2026_07_27,true
sd_sddot_910E0250_v20260727,sd_sddot_910E0250,2026-07-27,,Pendulum,Pendulum,OZ,910,sd_sddot_item_catalog_2026_07_27,true
sd_sddot_910E0252_v20260727,sd_sddot_910E0252,2026-07-27,,Tahoe,Tahoe,OZ,910,sd_sddot_item_catalog_2026_07_27,true
sd_sddot_910E0256_v20260727,sd_sddot_910E0256,2026-07-27,,Polaris,Polaris,OZ,910,sd_sddot_item_catalog_2026_07_27,true
sd_sddot_910E0258_v20260727,sd_sddot_910E0258,2026-07-27,,Polaris,Polaris,GAL,910,sd_sddot_item_catalog_2026_07_27,true
sd_sddot_910E0260_v20260727,sd_sddot_910E0260,2026-07-27,,Wetting Agent,Wetting Agent,OZ,910,sd_sddot_item_catalog_2026_07_27,true
sd_sddot_910E0261_v20260727,sd_sddot_910E0261,2026-07-27,,Wetting Agent,Wetting Agent,GAL,910,sd_sddot_item_catalog_2026_07_27,true
sd_sddot_910E0265_v20260727,sd_sddot_910E0265,2026-07-27,,Piper WDG,Piper WDG,OZ,910,sd_sddot_item_catalog_2026_07_27,true
sd_sddot_910E0267_v20260727,sd_sddot_910E0267,2026-07-27,,Fighter F,Fighter F,OZ,910,sd_sddot_item_catalog_2026_07_27,true
sd_sddot_910E0270_v20260727,sd_sddot_910E0270,2026-07-27,,Vista,Vista,OZ,910,sd_sddot_item_catalog_2026_07_27,true
sd_sddot_910E0280_v20260727,sd_sddot_910E0280,2026-07-27,,Triclopyr,Triclopyr,GAL,910,sd_sddot_item_catalog_2026_07_27,true
sd_sddot_910E0305_v20260727,sd_sddot_910E0305,2026-07-27,,Mad Dog Plus,Mad Dog Plus,OZ,910,sd_sddot_item_catalog_2026_07_27,true
sd_sddot_910E0310_v20260727,sd_sddot_910E0310,2026-07-27,,Streamline,Streamline,OZ,910,sd_sddot_item_catalog_2026_07_27,true
sd_sddot_910E0315_v20260727,sd_sddot_910E0315,2026-07-27,,Hi-Lite,Hi-Lite,QT,910,sd_sddot_item_catalog_2026_07_27,true
sd_sddot_910E0320_v20260727,sd_sddot_910E0320,2026-07-27,,Liberate,Liberate,QT,910,sd_sddot_item_catalog_2026_07_27,true
sd_sddot_910E0322_v20260727,sd_sddot_910E0322,2026-07-27,,Liberate,Liberate,GAL,910,sd_sddot_item_catalog_2026_07_27,true
sd_sddot_910E0330_v20260727,sd_sddot_910E0330,2026-07-27,,Makaze,Makaze,OZ,910,sd_sddot_item_catalog_2026_07_27,true
sd_sddot_910E0335_v20260727,sd_sddot_910E0335,2026-07-27,,Method 240SL,Method 240SL,OZ,910,sd_sddot_item_catalog_2026_07_27,true
sd_sddot_910E0340_v20260727,sd_sddot_910E0340,2026-07-27,,ProZap,ProZap,LB,910,sd_sddot_item_catalog_2026_07_27,true
sd_sddot_910E0350_v20260727,sd_sddot_910E0350,2026-07-27,,WeevilCide,WeevilCide,LB,910,sd_sddot_item_catalog_2026_07_27,true
sd_sddot_910E0355_v20260727,sd_sddot_910E0355,2026-07-27,,WeevilCide,WeevilCide,PELL,910,sd_sddot_item_catalog_2026_07_27,true
sd_sddot_910E0360_v20260727,sd_sddot_910E0360,2026-07-27,,Zinc Phosphide,Zinc Phosphide,CART,910,sd_sddot_item_catalog_2026_07_27,true
sd_sddot_910E0365_v20260727,sd_sddot_910E0365,2026-07-27,,DuraCor,DuraCor,GAL,910,sd_sddot_item_catalog_2026_07_27,true
sd_sddot_910E0400_v20260727,sd_sddot_910E0400,2026-07-27,,"Pickup and Dispose of Road Kill Deer, State Highways","Pickup and Dispose of Road Kill Deer, State Highways",EACH,910,sd_sddot_item_catalog_2026_07_27,true
sd_sddot_910E0405_v20260727,sd_sddot_910E0405,2026-07-27,,"Pickup and Dispose of Road Kill Deer, State Highways","Pickup and Dispose of Road Kill Deer, State Highways",L S,910,sd_sddot_item_catalog_2026_07_27,true
sd_sddot_910E0410_v20260727,sd_sddot_910E0410,2026-07-27,,"Pickup and Dispose of Road Kill Deer, County Highways","Pickup and Dispose of Road Kill Deer, County Highways",EACH,910,sd_sddot_item_catalog_2026_07_27,true
sd_sddot_910E0420_v20260727,sd_sddot_910E0420,2026-07-27,,"Pickup and Dispose of Road Kill Animals (Non-Deer) and Miscellaneous Debris, State Highways","Pickup and Dispose of Road Kill Animals (Non-Deer) and Miscellaneous Debris, State Highways",L S,910,sd_sddot_item_catalog_2026_07_27,true
sd_sddot_910E0425_v20260727,sd_sddot_910E0425,2026-07-27,,Pickup and Dispose of Road Kill Animal (Non-Deer),Pickup and Dispose of Road Kill Animal (Non-Deer),EACH,910,sd_sddot_item_catalog_2026_07_27,true
sd_sddot_910E0430_v20260727,sd_sddot_910E0430,2026-07-27,,Pickup and Dispose of Road Kill Large Animal,Pickup and Dispose of Road Kill Large Animal,EACH,910,sd_sddot_item_catalog_2026_07_27,true
sd_sddot_910E0435_v20260727,sd_sddot_910E0435,2026-07-27,,Pickup and Dispose of Road Kill Large Animal,Pickup and Dispose of Road Kill Large Animal,L S,910,sd_sddot_item_catalog_2026_07_27,true
sd_sddot_910E0450_v20260727,sd_sddot_910E0450,2026-07-27,,Animal Head Collection for Chronic Wasting Disease Testing,Animal Head Collection for Chronic Wasting Disease Testing,EACH,910,sd_sddot_item_catalog_2026_07_27,true
sd_sddot_910E0500_v20260727,sd_sddot_910E0500,2026-07-27,,Two Man Rock Scaling Crew and Rigging,Two Man Rock Scaling Crew and Rigging,HOUR,910,sd_sddot_item_catalog_2026_07_27,true
sd_sddot_910E0510_v20260727,sd_sddot_910E0510,2026-07-27,,Rock Scaling and Rigging,Rock Scaling and Rigging,HOUR,910,sd_sddot_item_catalog_2026_07_27,true
sd_sddot_910E0600_v20260727,sd_sddot_910E0600,2026-07-27,,Pickup Garbage in Right of Way,Pickup Garbage in Right of Way,L S,910,sd_sddot_item_catalog_2026_07_27,true
sd_sddot_910E1000_v20260727,sd_sddot_910E1000,2026-07-27,,Equipment truck/sprayer,Equipment truck/sprayer,HOUR,910,sd_sddot_item_catalog_2026_07_27,true
sd_sddot_910E1005_v20260727,sd_sddot_910E1005,2026-07-27,,Backpack Spraying,Backpack Spraying,HOUR,910,sd_sddot_item_catalog_2026_07_27,true
sd_sddot_910E1010_v20260727,sd_sddot_910E1010,2026-07-27,,Truck,Truck,HOUR,910,sd_sddot_item_catalog_2026_07_27,true
sd_sddot_910E1020_v20260727,sd_sddot_910E1020,2026-07-27,,Trailer,Trailer,HOUR,910,sd_sddot_item_catalog_2026_07_27,true
sd_sddot_910E1030_v20260727,sd_sddot_910E1030,2026-07-27,,Pickup,Pickup,HOUR,910,sd_sddot_item_catalog_2026_07_27,true
sd_sddot_910E1040_v20260727,sd_sddot_910E1040,2026-07-27,,Pickup/Sprayer,Pickup/Sprayer,HOUR,910,sd_sddot_item_catalog_2026_07_27,true
sd_sddot_910E1050_v20260727,sd_sddot_910E1050,2026-07-27,,ATV/Sprayer,ATV/Sprayer,HOUR,910,sd_sddot_item_catalog_2026_07_27,true
sd_sddot_910E1060_v20260727,sd_sddot_910E1060,2026-07-27,,Labor,Labor,HOUR,910,sd_sddot_item_catalog_2026_07_27,true
sd_sddot_910E1070_v20260727,sd_sddot_910E1070,2026-07-27,,Labor and Equipment,Labor and Equipment,HOUR,910,sd_sddot_item_catalog_2026_07_27,true
sd_sddot_910E1080_v20260727,sd_sddot_910E1080,2026-07-27,,Journeyman Electrician (Labor),Journeyman Electrician (Labor),HOUR,910,sd_sddot_item_catalog_2026_07_27,true
sd_sddot_910E1081_v20260727,sd_sddot_910E1081,2026-07-27,,Apprentice Electrician (Labor),Apprentice Electrician (Labor),HOUR,910,sd_sddot_item_catalog_2026_07_27,true
sd_sddot_910E1082_v20260727,sd_sddot_910E1082,2026-07-27,,Traffic Control,Traffic Control,DAY,910,sd_sddot_item_catalog_2026_07_27,true
sd_sddot_910E1083_v20260727,sd_sddot_910E1083,2026-07-27,,Pickup Vehicle,Pickup Vehicle,HOUR,910,sd_sddot_item_catalog_2026_07_27,true
sd_sddot_910E1084_v20260727,sd_sddot_910E1084,2026-07-27,,Bucket Truck,Bucket Truck,HOUR,910,sd_sddot_item_catalog_2026_07_27,true
sd_sddot_910E1085_v20260727,sd_sddot_910E1085,2026-07-27,,Digger Derrick truck,Digger Derrick truck,HOUR,910,sd_sddot_item_catalog_2026_07_27,true
sd_sddot_910E1086_v20260727,sd_sddot_910E1086,2026-07-27,,Locate Underground Utility,Locate Underground Utility,HOUR,910,sd_sddot_item_catalog_2026_07_27,true
sd_sddot_910E1100_v20260727,sd_sddot_910E1100,2026-07-27,,Grinding PCCP,Grinding PCCP,HOUR,910,sd_sddot_item_catalog_2026_07_27,true
sd_sddot_910E1200_v20260727,sd_sddot_910E1200,2026-07-27,,Sweeper,Sweeper,HOUR,910,sd_sddot_item_catalog_2026_07_27,true
sd_sddot_910E1210_v20260727,sd_sddot_910E1210,2026-07-27,,"Truck with Operator, Street Sweeping","Truck with Operator, Street Sweeping",HOUR,910,sd_sddot_item_catalog_2026_07_27,true
sd_sddot_910E1220_v20260727,sd_sddot_910E1220,2026-07-27,,"Operator, Street Sweeping","Operator, Street Sweeping",HOUR,910,sd_sddot_item_catalog_2026_07_27,true
sd_sddot_910E2000_v20260727,sd_sddot_910E2000,2026-07-27,,Pocket Gopher Baiting,Pocket Gopher Baiting,HOUR,910,sd_sddot_item_catalog_2026_07_27,true
sd_sddot_910E2005_v20260727,sd_sddot_910E2005,2026-07-27,,Bait (Gopher),Bait (Gopher),LB,910,sd_sddot_item_catalog_2026_07_27,true
sd_sddot_910E2500_v20260727,sd_sddot_910E2500,2026-07-27,,Lawn Fertilization Application,Lawn Fertilization Application,EACH,910,sd_sddot_item_catalog_2026_07_27,true
sd_sddot_910E2510_v20260727,sd_sddot_910E2510,2026-07-27,,"Fertilize Trees, Deep Root","Fertilize Trees, Deep Root",EACH,910,sd_sddot_item_catalog_2026_07_27,true
sd_sddot_910E2520_v20260727,sd_sddot_910E2520,2026-07-27,,Weed Spraying at Lagoon,Weed Spraying at Lagoon,EACH,910,sd_sddot_item_catalog_2026_07_27,true
sd_sddot_910E3000_v20260727,sd_sddot_910E3000,2026-07-27,,Elemet,Elemet,OZ,910,sd_sddot_item_catalog_2026_07_27,true
sd_sddot_910E3010_v20260727,sd_sddot_910E3010,2026-07-27,,Bark Oil Blue,Bark Oil Blue,OZ,910,sd_sddot_item_catalog_2026_07_27,true
sd_sddot_910E4900_v20260727,sd_sddot_910E4900,2026-07-27,,Road Salt,Road Salt,TON,910,sd_sddot_item_catalog_2026_07_27,true
sd_sddot_910E4950_v20260727,sd_sddot_910E4950,2026-07-27,,Road Salt/Sand Mixture,Road Salt/Sand Mixture,TON,910,sd_sddot_item_catalog_2026_07_27,true
sd_sddot_910E5000_v20260727,sd_sddot_910E5000,2026-07-27,,Furnish Penetrating Epoxy,Furnish Penetrating Epoxy,GAL,910,sd_sddot_item_catalog_2026_07_27,true
sd_sddot_910E5010_v20260727,sd_sddot_910E5010,2026-07-27,,Furnish Silane Sealer,Furnish Silane Sealer,GAL,910,sd_sddot_item_catalog_2026_07_27,true
sd_sddot_910E6100_v20260727,sd_sddot_910E6100,2026-07-27,,"Magnesium Chloride, 30% Solution","Magnesium Chloride, 30% Solution",GAL,910,sd_sddot_item_catalog_2026_07_27,true
sd_sddot_997E0100_v20260727,sd_sddot_997E0100,2026-07-27,,Ballast,Ballast,TON,997,sd_sddot_item_catalog_2026_07_27,true
sd_sddot_997E0110_v20260727,sd_sddot_997E0110,2026-07-27,,Subballast,Subballast,TON,997,sd_sddot_item_catalog_2026_07_27,true
sd_sddot_997E0200_v20260727,sd_sddot_997E0200,2026-07-27,,Paneled Crossing,Paneled Crossing,SQFT,997,sd_sddot_item_catalog_2026_07_27,true
sd_sddot_997E0210_v20260727,sd_sddot_997E0210,2026-07-27,,Precast Concrete Crossing,Precast Concrete Crossing,SQFT,997,sd_sddot_item_catalog_2026_07_27,true
sd_sddot_997E0220_v20260727,sd_sddot_997E0220,2026-07-27,,Plank Crossing,Plank Crossing,SQFT,997,sd_sddot_item_catalog_2026_07_27,true
sd_sddot_997E0400_v20260727,sd_sddot_997E0400,2026-07-27,,75 Lb Rail,75 Lb Rail,FT,997,sd_sddot_item_catalog_2026_07_27,true
sd_sddot_997E0410_v20260727,sd_sddot_997E0410,2026-07-27,,90 Lb Rail,90 Lb Rail,FT,997,sd_sddot_item_catalog_2026_07_27,true
sd_sddot_997E0415_v20260727,sd_sddot_997E0415,2026-07-27,,115 Lb Rail,115 Lb Rail,FT,997,sd_sddot_item_catalog_2026_07_27,true
sd_sddot_997E0500_v20260727,sd_sddot_997E0500,2026-07-27,,Joint Bars,Joint Bars,PAIR,997,sd_sddot_item_catalog_2026_07_27,true
sd_sddot_997E0510_v20260727,sd_sddot_997E0510,2026-07-27,,Compromise Joint Bars,Compromise Joint Bars,PAIR,997,sd_sddot_item_catalog_2026_07_27,true
sd_sddot_997E0600_v20260727,sd_sddot_997E0600,2026-07-27,,Cross Tie,Cross Tie,EACH,997,sd_sddot_item_catalog_2026_07_27,true
sd_sddot_997E0610_v20260727,sd_sddot_997E0610,2026-07-27,,10' Cross Tie,10' Cross Tie,EACH,997,sd_sddot_item_catalog_2026_07_27,true
sd_sddot_997E0620_v20260727,sd_sddot_997E0620,2026-07-27,,Switch Tie,Switch Tie,EACH,997,sd_sddot_item_catalog_2026_07_27,true
sd_sddot_997E1000_v20260727,sd_sddot_997E1000,2026-07-27,,Weld Joint,Weld Joint,EACH,997,sd_sddot_item_catalog_2026_07_27,true
sd_sddot_998E0100_v20260727,sd_sddot_998E0100,2026-07-27,,Railroad Protective Insurance,Railroad Protective Insurance,L S,998,sd_sddot_item_catalog_2026_07_27,true
