contract_id,letting_id,source_id,state,agency_id,official_contract_id,call_order,letting_status,awarded_vendor,awarded_amount,primary_county,route,work_type,contract_period,dbe_goal,bid_count,location,district,terrain,award_index
sd_sddot_20190116_item_001,sd_sddot_2019_01_16,sd_sddot_bid_tabs_2019_01_16,SD,sd_sddot,,1,AWARDED,"PCIROADS, LLC",146244.95,Brown,,Structure Repair,,,3,"US12 WB, 3.5 miles west of Groton",,,
sd_sddot_20190116_item_002,sd_sddot_2019_01_16,sd_sddot_bid_tabs_2019_01_16,SD,sd_sddot,,2,AWARDED,"PCIROADS, LLC",125162.6,"Grant, Hamlin",,Structure Repair,,,3,"US12 0.6 miles east of SD109 over the Whetstone River Diversion Channel & SD22, 3.2 miles east of US81 over the Big Sioux River",,,
sd_sddot_20190116_item_003,sd_sddot_2019_01_16,sd_sddot_bid_tabs_2019_01_16,SD,sd_sddot,,3,AWARDED,ZANDSTRA CONSTRUCTION INCORPORATED,18638962.86,"Jones, Mellette",,"Grading, Structures, Interim Surfacing",,,3,US83 from north of the Mellette/Jones Co. Line to south of Murdo,,,
sd_sddot_20190116_item_004,sd_sddot_2019_01_16,sd_sddot_bid_tabs_2019_01_16,SD,sd_sddot,,4,AWARDED,"BX CIVIL & CONSTRUCTION, INC.",259480.5,Lincoln,,Str (2-12'x7' RCBC) & Appr Grading,,,3,Structure 8 miles south & 1.6 miles east of Lennox over Snake Creek,,,
sd_sddot_20190116_item_005,sd_sddot_2019_01_16,sd_sddot_bid_tabs_2019_01_16,SD,sd_sddot,,5,AWARDED,"HEAVY CONSTRUCTORS, INC.",1847364,Lawrence,,Structure & Approach Grading,,,2,"US14A, in Central City over Deadwood Creek",,,
sd_sddot_20190116_item_006,sd_sddot_2019_01_16,sd_sddot_bid_tabs_2019_01_16,SD,sd_sddot,,6,WITHDRAWN,,,"Davison, McCook Project Withdrawn From 1/16/2019 Letting",,Culvert Repair,,,,Various Locations in the Mitchell Area,,,
sd_sddot_20190116_item_007,sd_sddot_2019_01_16,sd_sddot_bid_tabs_2019_01_16,SD,sd_sddot,,7,AWARDED,"Anderson Western, Inc.",4052668.72,"Butte, Lawrence",,"Mill & AC Resurfacing, Pipe Work",,,5,"SD34 from US85 to I90, & I90 ramps at Exit 23",,,
sd_sddot_20190116_item_008,sd_sddot_2019_01_16,sd_sddot_bid_tabs_2019_01_16,SD,sd_sddot,,8,AWARDED,"WESTERN CONSTRUCTION, INC.",1389007.84,Pennington,,Cold Mill AC & AC Resurfacing,,,3,"US16 from SD244 to south of the US16B south Jct in Hill City, & US16 between Hill City and Three Forks",,,
sd_sddot_20190116_item_009,sd_sddot_2019_01_16,sd_sddot_bid_tabs_2019_01_16,SD,sd_sddot,,9,AWARDED,"BITUMINOUS PAVING, INC.",3439087.5,Hamlin,,"Cold Mill AC, AC Resurf, & Pipe Repair",,,6,SD28 from US81 east through Estelline,,,
sd_sddot_20190123_item_001,sd_sddot_2019_01_23,sd_sddot_bid_tabs_2019_01_23,SD,sd_sddot,,1,AWARDED,"D & G Concrete Construction, Inc.",12467527.57,Minnehaha,,Interchange Improv & High Frict. Treatmt,,,5,I229 at Exit 5 (26th St. Intch/Yeager Rd) & the curve at Cliff Ave on I229 in Sioux Falls,,,
sd_sddot_20190123_item_002,sd_sddot_2019_01_23,sd_sddot_bid_tabs_2019_01_23,SD,sd_sddot,,2,AWARDED,"D & G Concrete Construction, Inc.",23990635.29,Minnehaha,,Urban Reconstruction w/Structures,,,5,"26th Street from Cleveland Avenue to 1,050 feet West of Southeastern Avenue in Sioux Falls",,,
sd_sddot_20190123_item_003,sd_sddot_2019_01_23,sd_sddot_bid_tabs_2019_01_23,SD,sd_sddot,,3,AWARDED,"D & G Concrete Construction, Inc.",667099.03,Minnehaha,,Water Main & Sanitary Sewer,,,5,26th Street and Southeastern Avenue in Sioux Falls,,,
sd_sddot_20190206_item_001,sd_sddot_2019_02_06,sd_sddot_bid_tabs_2019_02_06,SD,sd_sddot,,1,AWARDED,"Corr Construction Services, Inc",345040.25,Sanborn,,Structure & Approach Grading,,,6,Structure 0.5 miles east & 3.4 miles north of Artesian over a creek,,,
sd_sddot_20190206_item_002,sd_sddot_2019_02_06,sd_sddot_bid_tabs_2019_02_06,SD,sd_sddot,,2,AWARDED,"CENTRAL SPECIALTIES, INC",17140261.12,"Brown, Spink",,"Mill AC, AC Resurf, Culverts & End Blks",,,4,"US281 NBL and SBL from SD20 to Aberdeen, and from Old US281 south of Wylie Park to End of Div Hwy; & Structure 1.1 miles south of US12 over Foot Creek",,,
sd_sddot_20190206_item_003,sd_sddot_2019_02_06,sd_sddot_bid_tabs_2019_02_06,SD,sd_sddot,,3,AWARDED,T&R Contracting Inc,15649999.99,Lincoln,,Reconstruction,,,3,SD115 from the Harrisburg corner (273rd Street) to 85th St in Sioux Falls,,,
sd_sddot_20190206_item_004,sd_sddot_2019_02_06,sd_sddot_bid_tabs_2019_02_06,SD,sd_sddot,,4,AWARDED,T&R Contracting Inc,1966600,Lincoln,,Watermain Relocation,,,3,SD115 from the Harrisburg corner (273rd Street) to 85th St. in Sioux Falls.,,,
sd_sddot_20190206_item_005,sd_sddot_2019_02_06,sd_sddot_bid_tabs_2019_02_06,SD,sd_sddot,,5,AWARDED,T&R Contracting Inc,662662,Lincoln,,Watermain Installation,,,3,SD115 from 85th Street to Co Hwy 106 (271st St),,,
sd_sddot_20190206_item_006,sd_sddot_2019_02_06,sd_sddot_bid_tabs_2019_02_06,SD,sd_sddot,,6,AWARDED,ZANDSTRA CONSTRUCTION INCORPORATED,3796363.37,Lawrence,,Grading and AC Surfacing,,,4,"US14A, 2 miles east of US85 (Cheyenne Crossing)",,,
sd_sddot_20190206_item_007,sd_sddot_2019_02_06,sd_sddot_bid_tabs_2019_02_06,SD,sd_sddot,,7,AWARDED,"PCIROADS, LLC",541431.83,"Brookings, Deuel",,Structure Repair,,,2,I29 at the SD30 Interchange & SD28 Interchange,,,
sd_sddot_20190206_item_008,sd_sddot_2019_02_06,sd_sddot_bid_tabs_2019_02_06,SD,sd_sddot,,8,AWARDED,"DeBoer Construction, Inc.",839213.28,"Brown, Day, Marshall",,Culvert Repair,,,6,Various Locations in the Aberdeen Area,,,
sd_sddot_20190206_item_009,sd_sddot_2019_02_06,sd_sddot_bid_tabs_2019_02_06,SD,sd_sddot,,9,AWARDED,"Dakota Barricade, LLC",455576.1,"Custer, Meade, Pennington",,Cold Applied Plastic Pavement Marking,,,3,Various locations on the State System in the Rapid City Region,,,
sd_sddot_20190206_item_010,sd_sddot_2019_02_06,sd_sddot_bid_tabs_2019_02_06,SD,sd_sddot,,10,AWARDED,SPENCER QUARRIES INCORPORATED,5898526.81,Charles Mix,,Cold Mill AC & AC Resurfacing,,,5,US18 from Lake Andes to the SD50 E Jct & SD46 from Pickstown to Wagner,,,
sd_sddot_20190206_item_011,sd_sddot_2019_02_06,sd_sddot_bid_tabs_2019_02_06,SD,sd_sddot,,11,AWARDED,"Simon Contractors of South Dakota, Inc.",1614583.37,"Custer, Oglala Lakota, Pennington",,Asphalt Surface Treatment,,,3,Various Routes in the Custer Area,,,
sd_sddot_20190206_item_012,sd_sddot_2019_02_06,sd_sddot_bid_tabs_2019_02_06,SD,sd_sddot,,12,AWARDED,"BITUMINOUS PAVING, INC.",668331.68,"Jackson, Lyman, Mellette",,Asphalt Surface Treatment,,,5,Various Routes in the Winner Area,,,
sd_sddot_20190206_item_013,sd_sddot_2019_02_06,sd_sddot_bid_tabs_2019_02_06,SD,sd_sddot,,13,AWARDED,"Hilt Construction,Inc.",697904.19,"Jackson, Meade, Pennington",,Corridor Signing,,,3,Interstate 90 from east of Sturgis to Cactus Flats,,,
sd_sddot_20190220_item_001,sd_sddot_2019_02_20,sd_sddot_bid_tabs_2019_02_20,SD,sd_sddot,,1,AWARDED,"J.V. Bailey Company, Inc.",1349759.45,Pennington,,ADA Upgrades & Signal Modification,,,4,"SD44 (Omaha St) from 11th Street to I-190 & from Mt Rushmore Rd to Brennan Ave, and US16 from I-190 to Mt Rushmore Rd, & Omaha Street to Kansas City St in Rapid City",,,
sd_sddot_20190220_item_002,sd_sddot_2019_02_20,sd_sddot_bid_tabs_2019_02_20,SD,sd_sddot,,2,AWARDED,"Reede Construction, Inc.",9174913.03,Codington,,Urban Reconstruction & Str Replacement,,,3,US212 from east of SD20 to west of US81 in Watertown,,,
sd_sddot_20190220_item_003,sd_sddot_2019_02_20,sd_sddot_bid_tabs_2019_02_20,SD,sd_sddot,,3,AWARDED,"Reede Construction, Inc.",605154,Codington,,Watermain Installation,,,3,US212 from east of SD20 to west of US81 in Watertown,,,
sd_sddot_20190220_item_004,sd_sddot_2019_02_20,sd_sddot_bid_tabs_2019_02_20,SD,sd_sddot,,4,AWARDED,"Reede Construction, Inc.",382055.5,Codington,,Sanitary Sewer Replacement Crossing Big,,,3,US212 Adjacent to Big Sioux River Bridge in Watertown,,,
sd_sddot_20190220_item_005,sd_sddot_2019_02_20,sd_sddot_bid_tabs_2019_02_20,SD,sd_sddot,,5,AWARDED,"LOISEAU CONSTRUCTION, INC.",3197645.15,"Lake, Miner",,Intersection Improvements,,,4,"SD34 Intersections with 437th Ave, 461st Ave, 462nd Ave (Wentworth Corner), 463rd Ave, 464th Ave (Chester Corner) & Dakota Ethanol Plant; & SD19 Intersection with 236th (Hillside Corner)",,,
sd_sddot_20190220_item_006,sd_sddot_2019_02_20,sd_sddot_bid_tabs_2019_02_20,SD,sd_sddot,,6,AWARDED,"Prahm Construction, Inc.",725501.4,McCook,,Structure & Appr Grading,,,6,Structure 1.5 miles south & 6.1 miles east of Canistota over the East Fork of the Vermillion River,,,
sd_sddot_20190220_item_007,sd_sddot_2019_02_20,sd_sddot_bid_tabs_2019_02_20,SD,sd_sddot,,7,AWARDED,"Louis-Company, LLC",223093.17,Custer,,Polymer Deck Seals & Structure Repair,,,6,"Structures on SD79N & S, 2.7 miles north of the Fall River County Line over Beaver Creek & on SD40, 4.4 miles west of SD79 over Battle Creek",,,
sd_sddot_20190220_item_008,sd_sddot_2019_02_20,sd_sddot_bid_tabs_2019_02_20,SD,sd_sddot,,8,AWARDED,"Louis-Company, LLC",505463.28,"Brookings, Moody",,Polymer & High Friction Seals,,,7,I29 NBL & SBL from Exit 121 to 2 miles south of Exit 133,,,
sd_sddot_20190220_item_009,sd_sddot_2019_02_20,sd_sddot_bid_tabs_2019_02_20,SD,sd_sddot,,9,AWARDED,"BOWES CONSTRUCTION, INC.",2486865.36,Brookings,,Cold Mill & AC Resurf of Shoulders,,,5,US14 E&W from Volga to Brookings & US14 from Bushnell to the MN State Line,,,
sd_sddot_20190220_item_010,sd_sddot_2019_02_20,sd_sddot_bid_tabs_2019_02_20,SD,sd_sddot,,10,AWARDED,Asphalt Paving & Materials Company,5795935.55,"Jackson, Jones",,AC Resurfacing,,,5,SD248 from Kadoka to Murdo,,,
sd_sddot_20190220_item_011,sd_sddot_2019_02_20,sd_sddot_bid_tabs_2019_02_20,SD,sd_sddot,,11,AWARDED,"Jensen Rock & Sand, Inc.",1136881.52,Pennington,,Asphalt Surface Treatment,,,4,Various Routes in the Rapid City Area,,,
sd_sddot_20190220_item_012,sd_sddot_2019_02_20,sd_sddot_bid_tabs_2019_02_20,SD,sd_sddot,,12,AWARDED,"BITUMINOUS PAVING, INC.",3746787.49,"Aurora, Charles Mix, Douglas, Gregory, Hanson, Hutchinson, Jerauld, Sanborn",,Asphalt Surface Treatment,,,4,Various Routes in the Mitchell Area,,,
sd_sddot_20190306_item_001,sd_sddot_2019_03_06,sd_sddot_bid_tabs_2019_03_06,SD,sd_sddot,,1,AWARDED,"BX CIVIL & CONSTRUCTION, INC.",653000,Minnehaha,,ADA & Traffic Signal Upgrades,,,3,SD11 through Brandon,,,
sd_sddot_20190306_item_002,sd_sddot_2019_03_06,sd_sddot_bid_tabs_2019_03_06,SD,sd_sddot,,2,AWARDED,"Prahm Construction, Inc.",540560.95,Spink,,Structure & Approach Grading,,,5,"162nd St, 2.2 miles north & 0.1 mile east of Athol over Snake Creek",,,
sd_sddot_20190306_item_003,sd_sddot_2019_03_06,sd_sddot_bid_tabs_2019_03_06,SD,sd_sddot,,3,AWARDED,"NEWMAN SIGNS, INC",49619.44,"Beadle, Brookings, Brown, Clark, Day, Deuel, Edmunds, Faulk, Grant, Hamlin, Marshall, McPherson, Miner, Roberts, Sanborn, Spink",,Intersection Sight Distance Improvements,,,3,Various Locations in the Aberdeen Region,,,
sd_sddot_20190306_item_004,sd_sddot_2019_03_06,sd_sddot_bid_tabs_2019_03_06,SD,sd_sddot,,4,AWARDED,"MIDLAND CONTRACTING, INC",1664793.9,Faulk,,"Grading, Gravel Surfacing, & AC Resurf",,,8,Co. Hwy 11 (Wecota Road) from US212 at Faulkton to SD20,,,
sd_sddot_20190306_item_005,sd_sddot_2019_03_06,sd_sddot_bid_tabs_2019_03_06,SD,sd_sddot,,5,AWARDED,"BORDER STATES PAVING, INC.",22939718.99,Lyman,,AC Resufacing & Bridge Rehab,,,4,I90 EBL & WBL from 2 miles west of Exit 212 to 0.6 miles east of Exit 226,,,
sd_sddot_20190306_item_006,sd_sddot_2019_03_06,sd_sddot_bid_tabs_2019_03_06,SD,sd_sddot,,6,AWARDED,"BORDER STATES PAVING, INC.",6220975.69,"Fall River, Oglala Lakota",,"Cold Mill AC, AC Resuf, & Culvert Work",,,3,US18 from the south junction with US385 to Oglala,,,
sd_sddot_20190306_item_007,sd_sddot_2019_03_06,sd_sddot_bid_tabs_2019_03_06,SD,sd_sddot,,7,AWARDED,"BORDER STATES PAVING, INC.",3026293.96,Walworth,,"Cold Mill AC, AC Resurfacing & Pipe Work",,,6,SD20 from US83 to Hoven,,,
sd_sddot_20190306_item_008,sd_sddot_2019_03_06,sd_sddot_bid_tabs_2019_03_06,SD,sd_sddot,,8,AWARDED,LIEN TRANSPORTATION CO,224146.61,Marshall,,Railroad Crossing Improvements,,,2,Railroad Crossings on SD10 & SD27 in Britton,,,
sd_sddot_20190306_item_009,sd_sddot_2019_03_06,sd_sddot_bid_tabs_2019_03_06,SD,sd_sddot,,9,AWARDED,The Road Guy Construction Company Inc,1026488.29,"Brookings, Kingsbury, Lincoln, Miner, Minnehaha, Moody",,Asphalt Surface Treatment (Chip Seal),,,3,Various Routes in the Sioux Falls Area,,,
sd_sddot_20190306_item_010,sd_sddot_2019_03_06,sd_sddot_bid_tabs_2019_03_06,SD,sd_sddot,,10,AWARDED,"Roadway Services, Inc.",345131.34,"Buffalo, Clay, Douglas, Hutchinson, McCook, Union",,Asphalt Concrete Crack Sealing,,,5,Various Routes in the Mitchell & Yankton Areas,,,
sd_sddot_20190306_item_011,sd_sddot_2019_03_06,sd_sddot_bid_tabs_2019_03_06,SD,sd_sddot,,11,AWARDED,"DIAMOND SURFACE, INC",1061422.34,"Aurora, Brule",,Pavement Grinding,,,2,I90 EBL from White Lake to Plankinton & I90 WBL west of Kimball,,,
sd_sddot_20190320_item_001,sd_sddot_2019_03_20,sd_sddot_bid_tabs_2019_03_20,SD,sd_sddot,,1,AWARDED,"LANDSCAPE SOLUTIONS,LLC DBA RMS DRAINAGE & EXCAVAT",268901.6,Turner,,Wetland Bank Site Construction,,,4,3 miles east & 0.5 mile north of Davis,,,
sd_sddot_20190320_item_002,sd_sddot_2019_03_20,sd_sddot_bid_tabs_2019_03_20,SD,sd_sddot,,2,AWARDED,Asphalt Surface Technologies Corporation,210397.97,"Butte, Harding, Pennington",,Asphalt Concrete Crack Sealing,,,4,Various Routes in the Rapid City Region,,,
sd_sddot_20190320_item_003,sd_sddot_2019_03_20,sd_sddot_bid_tabs_2019_03_20,SD,sd_sddot,,3,AWARDED,Asphalt Paving & Materials Company,2658509.84,Marshall,,Cold Mill & AC Resurfacing,,,5,SD10 from Britton east 11 miles,,,
sd_sddot_20190320_item_004,sd_sddot_2019_03_20,sd_sddot_bid_tabs_2019_03_20,SD,sd_sddot,,4,AWARDED,"Anderson Western, Inc.",4497805.83,Edmunds,,"Cold Mill AC, AC Resurf, & Culverts",,,5,US12 from Roscoe to Ipswich,,,
sd_sddot_20190320_item_005,sd_sddot_2019_03_20,sd_sddot_bid_tabs_2019_03_20,SD,sd_sddot,,5,AWARDED,"Jensen Rock & Sand, Inc.",2171513.24,"Brookings, Clark, Codington, Grant, Hamlin, Roberts",,Asphalt Surface Treatment,,,4,Various Routes in the Watertown Area,,,
sd_sddot_20190320_item_006,sd_sddot_2019_03_20,sd_sddot_bid_tabs_2019_03_20,SD,sd_sddot,,6,AWARDED,"Jensen Rock & Sand, Inc.",2694342.13,"Haakon, Hughes, Jackson, Potter, Stanley, Sully",,Asphalt Surface Treatment,,,4,Various Routes in the Pierre Area,,,
sd_sddot_20190320_item_007,sd_sddot_2019_03_20,sd_sddot_bid_tabs_2019_03_20,SD,sd_sddot,,7,AWARDED,"Louis-Company, LLC",1272301.64,"Day, Minnehaha",,High Friction Surface Treatment,,,4,Various Locations in the Aberdeen and Mitchell Regions,,,
sd_sddot_20190320_item_008,sd_sddot_2019_03_20,sd_sddot_bid_tabs_2019_03_20,SD,sd_sddot,,8,REJECTED,,,"Bon Homme, Charles Mix, Hutchinson, Yankton Project Rejected/Withdrawn by the Transportation Commission",,Culvert Repair,,,,Various Locations in the Yankton Area,,,
sd_sddot_20190320_item_009,sd_sddot_2019_03_20,sd_sddot_bid_tabs_2019_03_20,SD,sd_sddot,,9,AWARDED,"MIDWEST CONTRACTING, LLC",1229450.75,"Lake, Minnehaha, Moody",,Culvert Repair,,,3,Various Locations in the Sioux Falls Area,,,
sd_sddot_20190327_item_001,sd_sddot_2019_03_27,sd_sddot_bid_tabs_2019_03_27,SD,sd_sddot,,1,AWARDED,"HEAVY CONSTRUCTORS, INC.",492635.98,Lawrence,,Traffic Signals & ADA Upgrades,,,3,Intersection of US14A & Deadwood Street in Deadwood,,,
sd_sddot_20190403_item_001,sd_sddot_2019_04_03,sd_sddot_bid_tabs_2019_04_03,SD,sd_sddot,,1,AWARDED,"Dakota Barricade, LLC",578641.45,Regionwide,,County Pavement Marking,,,2,Various Locations in the Rapid City Region,,,
sd_sddot_20190403_item_002,sd_sddot_2019_04_03,sd_sddot_bid_tabs_2019_04_03,SD,sd_sddot,,2,AWARDED,"VOGEL TRAFFIC SERVICES, INC",427156.7,Regionwide,,County Pavement Marking,,,1,Various Locations in the Aberdeen Region,,,
sd_sddot_20190403_item_003,sd_sddot_2019_04_03,sd_sddot_bid_tabs_2019_04_03,SD,sd_sddot,,3,AWARDED,Asphalt Surface Technologies Corporation,139098.6,"Haakon, Hughes, Jackson, Lyman, Stanley",,Asphalt Concrete Crack Sealing,,,4,Various Routes in the Pierre Area,,,
sd_sddot_20190403_item_004,sd_sddot_2019_04_03,sd_sddot_bid_tabs_2019_04_03,SD,sd_sddot,,4,AWARDED,"MIDWEST CONTRACTING, LLC",280922.5,Davison,,Structure & Approach Grading,,,3,Structure 4 miles west & 2.4 miles south of Ethanl over South Fork of Twelve Mile Creek,,,
sd_sddot_20190403_item_005,sd_sddot_2019_04_03,sd_sddot_bid_tabs_2019_04_03,SD,sd_sddot,,5,AWARDED,Journey Group Companies,1828058.33,Turner,,Structure & Approach Grading,,,2,Structure 3 miles south & 1.7 miles west of Chancellor over the Vermillion River,,,
sd_sddot_20190403_item_006,sd_sddot_2019_04_03,sd_sddot_bid_tabs_2019_04_03,SD,sd_sddot,,6,AWARDED,"DUININCK, INC",4764799.38,"Hughes, Stanley, Sully",,Cold Mill AC & AC Resurfacing,,,4,SD1804 from US14 north 14.6 miles; & SD204 from SD1806 to SD1804,,,
sd_sddot_20190403_item_007,sd_sddot_2019_04_03,sd_sddot_bid_tabs_2019_04_03,SD,sd_sddot,,7,AWARDED,"Anderson Western, Inc.",7965546.34,"Harding, Perkins",,"Cold Mill AC, AC Resurf & Pipe work",,,5,SD20 - Fm 10 W of the W SD79 Junction to Priaire City & SD79 - Fm 15 N of the E SD20 Jct to the ND State Line,,,
sd_sddot_20190403_item_008,sd_sddot_2019_04_03,sd_sddot_bid_tabs_2019_04_03,SD,sd_sddot,,8,AWARDED,"BITUMINOUS PAVING, INC.",1645047.32,"Beadle, Clark, Sanborn, Spink",,Asphalt Surface Treatment,,,3,Various Routes in the Huron Area,,,
sd_sddot_20190403_item_009,sd_sddot_2019_04_03,sd_sddot_bid_tabs_2019_04_03,SD,sd_sddot,,9,AWARDED,"Jensen Rock & Sand, Inc.",2054864.88,"Campbell, Edmunds, Walworth, Ziebach",,Asphalt Surface Treatment,,,4,Various Routes in the Mobridge Area,,,
sd_sddot_20190403_item_010,sd_sddot_2019_04_03,sd_sddot_bid_tabs_2019_04_03,SD,sd_sddot,,10,AWARDED,Asphalt Surface Technologies Corporation,2468118.67,"Bon Homme, Hutchinson, Turner, Union, Yankton",,Asphalt Surface Treatment,,,3,Various Routes in the Yankton Area,,,
sd_sddot_20190403_item_011,sd_sddot_2019_04_03,sd_sddot_bid_tabs_2019_04_03,SD,sd_sddot,,11,AWARDED,"BX CIVIL & CONSTRUCTION, INC.",1899000,"Brown, Day, Faulk",,PCC Pavement Restoration,,,2,Various Routes in the Aberdeen Area,,,
sd_sddot_20190403_item_012,sd_sddot_2019_04_03,sd_sddot_bid_tabs_2019_04_03,SD,sd_sddot,,12,AWARDED,Traffic Services Company LLC,391153.6,"Custer, Lawrence, Pennington",,Sprayable Durable Pavement Marking,,,2,Various locations in the Rapid City Region,,,
sd_sddot_20190410_item_001,sd_sddot_2019_04_10,sd_sddot_bid_tabs_2019_04_10,SD,sd_sddot,,1,AWARDED,"BX CIVIL & CONSTRUCTION, INC.",7895000,Roberts,,"Grading, AC Surf, RCBC & Roundabouts",,,1,"SD10 from the west city limits in Sisseton, east to SD127",,,
sd_sddot_20190410_item_002,sd_sddot_2019_04_10,sd_sddot_bid_tabs_2019_04_10,SD,sd_sddot,,2,AWARDED,"BX CIVIL & CONSTRUCTION, INC.",1118000,Roberts,,Sanitary Sewer and Water Main,,,1,SD10 from the west city limits to 458th Ave (8th Ave) in Sisseton,,,
sd_sddot_20190410_item_003,sd_sddot_2019_04_10,sd_sddot_bid_tabs_2019_04_10,SD,sd_sddot,,3,AWARDED,"BORDER STATES PAVING, INC.",10055799.27,Meade,,AC Resurfacing,,,4,US212 from the junction of Maurine Rd/Bixby Rd to Faith,,,
sd_sddot_20190410_item_004,sd_sddot_2019_04_10,sd_sddot_bid_tabs_2019_04_10,SD,sd_sddot,,4,AWARDED,"BITUMINOUS PAVING, INC.",5707330.9,Fall River,,"Crack & Seat PCCP, & AC Surfacing",,,4,US18 from the Wyoming State Line to west of Edgemont,,,
sd_sddot_20190417_item_001,sd_sddot_2019_04_17,sd_sddot_bid_tabs_2019_04_17,SD,sd_sddot,,1,AWARDED,"VOGEL TRAFFIC SERVICES, INC",895018.48,Regionwide,,County Pavement Marking,,,1,Various Locations in the Mitchell Region,,,
sd_sddot_20190417_item_002,sd_sddot_2019_04_17,sd_sddot_bid_tabs_2019_04_17,SD,sd_sddot,,2,AWARDED,Traffic Solutions Inc,57777.83,Regionwide,,County Pavement Marking,,,1,Various Locations in the Pierre Region,,,
sd_sddot_20190417_item_003,sd_sddot_2019_04_17,sd_sddot_bid_tabs_2019_04_17,SD,sd_sddot,,3,AWARDED,"HEAVY CONSTRUCTORS, INC.",406118.98,Pennington,,Bridge Deck Overlay & Structure Repair,,,2,Structure 0.1 mile north of Omaha St over Rapid Creek in Rapid City,,,
sd_sddot_20190417_item_004,sd_sddot_2019_04_17,sd_sddot_bid_tabs_2019_04_17,SD,sd_sddot,,4,AWARDED,Robert R. Schroeder Construction Inc.,2048732.05,Brown,,Structure & Approach Grading,,,1,Structure 3 miles south & 1 mile east of Westport on 123rd St. over the Elm River,,,
sd_sddot_20190417_item_005,sd_sddot_2019_04_17,sd_sddot_bid_tabs_2019_04_17,SD,sd_sddot,,5,AWARDED,Complete Concrete Inc dba Complete Contracting Sol,665587.25,Pennington,,Streetscape,,,2,Main Street in Hill City,,,
sd_sddot_20190417_item_006,sd_sddot_2019_04_17,sd_sddot_bid_tabs_2019_04_17,SD,sd_sddot,,6,REJECTED,,,"Brookings, Deuel Project Rejected/Withdrawn by the Transportation Commission",,Structure Repair,,,,"Structures on US14, 1.9 miles east of Volga; US14B near Brookings & SD22 8.7, 9.3, & 11.4 miles east of SD15",,,
sd_sddot_20190417_item_007,sd_sddot_2019_04_17,sd_sddot_bid_tabs_2019_04_17,SD,sd_sddot,,7,AWARDED,"BITUMINOUS PAVING, INC.",7525920.45,"Haakon, Stanley",,"Cold Mill AC, AC Resurf, & Culverts",,,3,"US14 from SD34 to east of Hayes, SD34 16 miles west of US14, SD34 at the junction of US14, & SD63 2.1 miles south of the Ziebach Co. Line",,,
sd_sddot_20190417_item_008,sd_sddot_2019_04_17,sd_sddot_bid_tabs_2019_04_17,SD,sd_sddot,,8,AWARDED,"Roadway Services, Inc.",115186.76,"Brown, Day, Edmunds, McPherson",,Asphalt Concrete Crack Sealing,,,5,Various Routes in the Aberdeen Area,,,
sd_sddot_20190417_item_009,sd_sddot_2019_04_17,sd_sddot_bid_tabs_2019_04_17,SD,sd_sddot,,9,AWARDED,"Roadway Services, Inc.",32707.9,"Buffalo, Hand",,Asphalt Concrete Crack Sealing,,,5,SD Highway 45 from 1 mile south of the County Line north to the Jct with 208th Street,,,
sd_sddot_20190417_item_010,sd_sddot_2019_04_17,sd_sddot_bid_tabs_2019_04_17,SD,sd_sddot,,10,AWARDED,"BITUMINOUS PAVING, INC.",9319298.67,"Bennett, Mellette, Todd",,"Cold Mill AC, AC Resurf, & Berm Repair",,,2,"US83 from the west junction of US18 to the north junction of SD44, & US18 from the Bennett Co. Line to east of Mission.",,,
sd_sddot_20190417_item_011,sd_sddot_2019_04_17,sd_sddot_bid_tabs_2019_04_17,SD,sd_sddot,,11,AWARDED,WEBSTER SCALE INC,1272282.63,"Davison, Hanson, McCook, Minnehaha",,Resurf Existing & Construct Crossovers,,,3,I90 at Various Locations from east of the Davision/Hanson County Line to west of the Humboldt Exit,,,
sd_sddot_20190501_item_001,sd_sddot_2019_05_01,sd_sddot_bid_tabs_2019_05_01,SD,sd_sddot,,1,REJECTED,,,Minnehaha Project Rejected/Withdrawn by the Transportation Commission,,Intersection Reconstruction,,,,Intersection of Western & 41st St. in Sioux Falls,,,
sd_sddot_20190501_item_002,sd_sddot_2019_05_01,sd_sddot_bid_tabs_2019_05_01,SD,sd_sddot,,2,REJECTED,,,Minnehaha Project Rejected/Withdrawn by the Transportation Commission,,Sanitary Sewer and Watermain,,,,City of Sioux Falls at the intersection of Western Ave & 41st St,,,
sd_sddot_20190501_item_003,sd_sddot_2019_05_01,sd_sddot_bid_tabs_2019_05_01,SD,sd_sddot,,3,AWARDED,"Anderson Contractors, Inc.",317567.8,Jones,,Sidewalk,,,2,"Various locations along 4th Street, Cleveland Avenue, and Jackson Avenue in Murdo",,,
sd_sddot_20190501_item_004,sd_sddot_2019_05_01,sd_sddot_bid_tabs_2019_05_01,SD,sd_sddot,,4,AWARDED,"Anderson Contractors, Inc.",272019.9,Jones,,Sidewalk & Curb & Gutter,,,2,"Various Locations on Clevland Avenue, 3rd Street & Jackson Avenue in Murdo",,,
sd_sddot_20190501_item_005,sd_sddot_2019_05_01,sd_sddot_bid_tabs_2019_05_01,SD,sd_sddot,,5,REJECTED,,,Union Project Rejected/Withdrawn by the Transportation Commission,,Shared Use Path,,,,North Sioux City along Streeter Drive between River Drive & Bruneau Drive,,,
sd_sddot_20190501_item_006,sd_sddot_2019_05_01,sd_sddot_bid_tabs_2019_05_01,SD,sd_sddot,,6,REJECTED,,,Beadle Project Rejected/Withdrawn by the Transportation Commission,,Polymer Chip Seals & Appr Slabs,,,,"US14, 14E & 14W; Structures 0.5 miles east of SD37 Over Ravine Lake (2), 1.3 miles east of SD37 over the James River, 1.4 miles east of SD37 (Commercial Route), 2.8 miles east of Cavour over Pearl Crk, & 2.7 miles west of Iroquois",,,
sd_sddot_20190501_item_007,sd_sddot_2019_05_01,sd_sddot_bid_tabs_2019_05_01,SD,sd_sddot,,7,AWARDED,"MIDWEST CONTRACTING, LLC",536461.25,"Davison, McCook",,Culvert Repair,,,1,Various Locations in the Mitchell Area,,,
sd_sddot_20190501_item_008,sd_sddot_2019_05_01,sd_sddot_bid_tabs_2019_05_01,SD,sd_sddot,,8,AWARDED,"Hilt Construction,Inc.",422564.5,"Lawrence, Meade, Pennington",,Erosion Repair,,,2,Various locations on I90 in the Rapid City Region,,,
sd_sddot_20190501_item_009,sd_sddot_2019_05_01,sd_sddot_bid_tabs_2019_05_01,SD,sd_sddot,,9,AWARDED,"MUTH ELECTRIC, INC.",213820,"Aurora, Clay, Hutchinson, Lincoln, McCook, Minnehaha, Sanborn",,Intersection Improvements,,,1,Mitchell Region,,,
sd_sddot_20190501_item_010,sd_sddot_2019_05_01,sd_sddot_bid_tabs_2019_05_01,SD,sd_sddot,,10,AWARDED,"Hamm Contracting, LLC",1444940.9,Kingsbury,,Signing & Delineation,,,3,Various County Roads in Kingsbury County,,,
sd_sddot_20190501_item_011,sd_sddot_2019_05_01,sd_sddot_bid_tabs_2019_05_01,SD,sd_sddot,,11,AWARDED,MISSOURI PETROLEUM PRODUCTS COMPANY LLC,2351405.56,"Dewey, Haakon, Stanley, Ziebach",,MicroSurfacing,,,3,SD63 from SD34 to US212,,,
sd_sddot_20190501_item_012,sd_sddot_2019_05_01,sd_sddot_bid_tabs_2019_05_01,SD,sd_sddot,,12,AWARDED,Complete Concrete Inc dba Complete Contracting Sol,1963091.62,"Custer, Fall River, Lawrence, Pennington",,Pavement Repair & Xover Resurf,,,1,Various Routes in the Rapid City Region,,,
sd_sddot_20190501_item_013,sd_sddot_2019_05_01,sd_sddot_bid_tabs_2019_05_01,SD,sd_sddot,,13,AWARDED,"INTERSTATE IMPROVEMENT, INC.",1062184.19,Tripp,,Pavement Restoration,,,1,US Hwy 18 from Carter east to the south Jct of SD Hwy 53,,,
sd_sddot_20190501_item_014,sd_sddot_2019_05_01,sd_sddot_bid_tabs_2019_05_01,SD,sd_sddot,,14,AWARDED,"Dakota Traffic Services, LLC",664206.35,"Lincoln, Union",,Durable Pavement Marking,,,1,Interstate 29 from north of the SD48 Jct to south of the US18 Jct,,,
sd_sddot_20190515_item_001,sd_sddot_2019_05_15,sd_sddot_bid_tabs_2019_05_15,SD,sd_sddot,,1,REJECTED,,,"Jackson, Jones Project Rejected/Withdrawn by the Transportation Commission",,"Deck Overlays, Chip Seals & Str Repair",,,,"I90, Various Structures from 1.0 mile east of Cactus Flat to SD73 west of Kadoka, & US83 over I90 at Murdo",,,
sd_sddot_20190515_item_002,sd_sddot_2019_05_15,sd_sddot_bid_tabs_2019_05_15,SD,sd_sddot,,2,REJECTED,,,Mellette Project Rejected/Withdrawn by the Transportation Commission,,Polymer Deck Seal & Joint Replacement,,,,SD44 0.7 miles west of US83 over the Little White River,,,
sd_sddot_20190515_item_003,sd_sddot_2019_05_15,sd_sddot_bid_tabs_2019_05_15,SD,sd_sddot,,3,AWARDED,"MIDWEST CONTRACTING, LLC",261886.5,Aurora,,Str(CIP or Precast RCBC) & Appr Grading,,,4,"Structure on 391st Ave, 5 miles east & 4.1 miles north of Plankinton, over Firesteel Creek",,,
sd_sddot_20190515_item_004,sd_sddot_2019_05_15,sd_sddot_bid_tabs_2019_05_15,SD,sd_sddot,,4,AWARDED,Complete Concrete Inc dba Complete Contracting Sol,311242.73,Meade,,Concrete Sidewalk,,,1,In Piedmont on N 2nd St from City Hall to Piedmont Valley Elementary School & 3rd St from Chestnut St to Main St.,,,
sd_sddot_20190515_item_005,sd_sddot_2019_05_15,sd_sddot_bid_tabs_2019_05_15,SD,sd_sddot,,5,WITHDRAWN,,,"Buffalo, Lyman Project Rejected/Withdrawn by the Transportation Commission",,Cold Mill AC & AC Resurfacing,,,,"SD34 from Ft Thompson to SD50, SD47 from Big Bend Dam to Ft Thompson, & SD249 from Ft Thompson to SD50",,,
sd_sddot_20190515_item_006,sd_sddot_2019_05_15,sd_sddot_bid_tabs_2019_05_15,SD,sd_sddot,,6,AWARDED,Traffic Solutions Inc,212606,Grant,,Durable Pavement Marking,,,2,SD Highway 15 in Milbank,,,
sd_sddot_20190515_item_007,sd_sddot_2019_05_15,sd_sddot_bid_tabs_2019_05_15,SD,sd_sddot,,7,AWARDED,"Dakota Traffic Services, LLC",739345.48,Union,,Durable Pavement Marking,,,1,Interstate 29 from 4.75 miles north of the State Line north 28.2 miles,,,
sd_sddot_20190515_item_008,sd_sddot_2019_05_15,sd_sddot_bid_tabs_2019_05_15,SD,sd_sddot,,8,AWARDED,Traffic Solutions Inc,399519.3,"Bennett, Gregory, Jackson, Todd, Tripp",,Durable Pavement Marking,,,4,Various locations on the State System in the Pierre Region,,,
sd_sddot_20190605_item_001,sd_sddot_2019_06_05,sd_sddot_bid_tabs_2019_06_05,SD,sd_sddot,,1,AWARDED,"BX CIVIL & CONSTRUCTION, INC.",1801000,"Beadle, Kingsbury",,Pavement Restoration,,,2,Various Routes in the Huron Area,,,
sd_sddot_20190605_item_002,sd_sddot_2019_06_05,sd_sddot_bid_tabs_2019_06_05,SD,sd_sddot,,2,AWARDED,"BX CIVIL & CONSTRUCTION, INC.",198000,"Grant, Hamlin, Kingsbury",,Pavement Restoration,,,2,Various Routes in the Watertown Area,,,
sd_sddot_20190605_item_003,sd_sddot_2019_06_05,sd_sddot_bid_tabs_2019_06_05,SD,sd_sddot,,3,REJECTED,,,Custer Project Rejected/Withdrawn by the Transportation Commission,,Shared Use Path & RCBC,,,,"In Custer, from the Intersection of 11th St. and the Custer State Park Spur Trail of the Mickelson Trail, to the Custer School Complex on Bluebell Lane",,,
sd_sddot_20190605_item_004,sd_sddot_2019_06_05,sd_sddot_bid_tabs_2019_06_05,SD,sd_sddot,,4,AWARDED,Sharpe Enterprises Inc.,404381.1,Brown,,Shared Use Path,,,2,15th Ave from N 2nd St to N Dakota St in Aberdeen,,,
sd_sddot_20190605_item_005,sd_sddot_2019_06_05,sd_sddot_bid_tabs_2019_06_05,SD,sd_sddot,,5,AWARDED,"WESTERN CONSTRUCTION, INC.",2128637.35,"Lawrence, Meade, Pennington",,AC Resurfacing & AC Surf Treatment,,,3,"I90 Crossroads, Ramps, & Service Roads in the Rapid City Region",,,
sd_sddot_20190605_item_006,sd_sddot_2019_06_05,sd_sddot_bid_tabs_2019_06_05,SD,sd_sddot,,6,AWARDED,Journey Group Companies,408531.36,Lincoln,,Structure Repair,,,4,I29 at the Exit 59 Interchange,,,
sd_sddot_20190619_item_001,sd_sddot_2019_06_19,sd_sddot_bid_tabs_2019_06_19,SD,sd_sddot,,1,AWARDED,"QUINN CONSTRUCTION, INC",206635.25,Pennington,,Structure Outlet Rehabilitation,,,4,Structure 1.8 miles north of US16B on Cambell St. in Rapid City,,,
sd_sddot_20190619_item_002,sd_sddot_2019_06_19,sd_sddot_bid_tabs_2019_06_19,SD,sd_sddot,,2,AWARDED,"Simon Contractors of South Dakota, Inc.",118029.99,Pennington,,Railroad Crossing Upgrade,,,3,SD240 E&W (W S Blvd) in Wall,,,
sd_sddot_20190619_item_003,sd_sddot_2019_06_19,sd_sddot_bid_tabs_2019_06_19,SD,sd_sddot,,3,AWARDED,"MUTH ELECTRIC, INC.",181359.7,"Hughes, Stanley",,Retroreflective Signal Backplates,,,2,"Various locations in Pierre, Fort Pierre, & Rapid City",,,
sd_sddot_20190619_item_004,sd_sddot_2019_06_19,sd_sddot_bid_tabs_2019_06_19,SD,sd_sddot,,4,REJECTED,,,Roberts Project Rejected/Withdrawn by the Transportation Commission,,Weigh Scale Repair,,,,I-29 Sisseton Port of Entry,,,
sd_sddot_20190717_item_001,sd_sddot_2019_07_17,sd_sddot_bid_tabs_2019_07_17,SD,sd_sddot,,1,REJECTED,,,Brookings Project Rejected/Withdrawn by the Transportation Commission,,Span Wire Signal & Surface Widening,,,,US14B - 22nd Ave Intersection in Brookings,,,
sd_sddot_20190821_item_001,sd_sddot_2019_08_21,sd_sddot_bid_tabs_2019_08_21,SD,sd_sddot,,1,AWARDED,"Hamm Contracting, LLC",135591.55,"Codington, Deuel, Hamlin",,Corridor Signing,,,3,Aberdeen Region,,,
sd_sddot_20190821_item_002,sd_sddot_2019_08_21,sd_sddot_bid_tabs_2019_08_21,SD,sd_sddot,,2,AWARDED,"Hamm Contracting, LLC",151719.7,"Aurora, Brule, Davison, Hanson, Lyman, McCook, Minnehaha",,Corridor Signing,,,2,I90 E & W - Mitchell Region,,,
sd_sddot_20190821_item_003,sd_sddot_2019_08_21,sd_sddot_bid_tabs_2019_08_21,SD,sd_sddot,,3,AWARDED,Steve Lehrkamp Enterprises Inc.,798803.72,"Haakon, Stanley",,Culvert Repair,,,5,Various Locations in the Pierre Area,,,
sd_sddot_20190821_item_004,sd_sddot_2019_08_21,sd_sddot_bid_tabs_2019_08_21,SD,sd_sddot,,4,AWARDED,"Highway Improvement, Inc",108677.23,"Campbell, Walworth",,Asphalt Concrete Crack Sealing,,,3,Various Routes in the Mobridge Area,,,
sd_sddot_20190821_item_005,sd_sddot_2019_08_21,sd_sddot_bid_tabs_2019_08_21,SD,sd_sddot,,5,AWARDED,Asphalt Surface Technologies Corporation,395085.7,"Minnehaha, Moody",,Asphalt Concrete Crack Sealing,,,3,Various Locations in the Sioux Falls Area,,,
sd_sddot_20190904_item_001,sd_sddot_2019_09_04,sd_sddot_bid_tabs_2019_09_04,SD,sd_sddot,,1,AWARDED,"RUNGE ENTERPRISES, INC.",14012206.89,"Clay, Lincoln",,"Grading, Shldr Widen, Strs, & Int. Surf",,,3,SD46 from west of the SD19/19A Jct to 1/2 mile west of I29,,,
sd_sddot_20190904_item_002,sd_sddot_2019_09_04,sd_sddot_bid_tabs_2019_09_04,SD,sd_sddot,,2,AWARDED,Schweigert Construction Inc.,3598043.87,Bennett,,"Grading, Interim Surfacing",,,6,US18 from east of Vetal to the Bennett/Todd County line,,,
sd_sddot_20190904_item_003,sd_sddot_2019_09_04,sd_sddot_bid_tabs_2019_09_04,SD,sd_sddot,,3,REJECTED,,,"Bon Homme, Charles Mix, Hutchinson, Yankton Project Rejected/Withdrawn by the Transportation Commission",,Culvert Repair,,,,Various Locations in the Yankton Area,,,
sd_sddot_20190904_item_004,sd_sddot_2019_09_04,sd_sddot_bid_tabs_2019_09_04,SD,sd_sddot,,4,AWARDED,"Surface Preparation Technologies, LLC",144771.4,"Beadle, Brookings, Brown, Buffalo, Day, Edmunds, Grant, Hamlin, Hand, Marshall, Miner, Roberts",,Transverse Rumble Strips,,,1,Various locations in the Aberdeen & Mitchell Regions,,,
sd_sddot_20190918_item_001,sd_sddot_2019_09_18,sd_sddot_bid_tabs_2019_09_18,SD,sd_sddot,,1,AWARDED,"NOLZ DRAGLINE & CONSTRUCTION COMPANY, INC",507795.68,Clay,,Structure & Approach Grading,,,2,Structure 7.5 miles east & 5.1 miles south of Irene over Frog Creek on Norwegian Ave. just south of 302nd St.,,,
sd_sddot_20190918_item_002,sd_sddot_2019_09_18,sd_sddot_bid_tabs_2019_09_18,SD,sd_sddot,,2,AWARDED,"Prahm Construction, Inc.",407402.1,Miner,,Structure & Approach Grading,,,6,Structure 7 miles south & 2.6 miles east of Carthage over Rock Creek,,,
sd_sddot_20190918_item_003,sd_sddot_2019_09_18,sd_sddot_bid_tabs_2019_09_18,SD,sd_sddot,,3,AWARDED,"BX CIVIL & CONSTRUCTION, INC.",930000,"Brookings, Deuel",,Structure Repair,,,2,"Structures on US14, 1.9 miles east of Volga; US14B near Brookings & SD22 8.7, 9.3, & 11.4 miles east of SD15",,,
sd_sddot_20190918_item_004,sd_sddot_2019_09_18,sd_sddot_bid_tabs_2019_09_18,SD,sd_sddot,,4,AWARDED,SPENCER QUARRIES INCORPORATED,3242162.07,"Buffalo, Lyman",,Cold Mill AC & AC Resurfacing,,,4,"SD34 from Ft Thompson to SD50, SD47 from Big Bend Dam to Ft Thompson, & SD249 from Ft Thompson to SD50",,,
sd_sddot_20190918_item_005,sd_sddot_2019_09_18,sd_sddot_bid_tabs_2019_09_18,SD,sd_sddot,,5,AWARDED,"BITUMINOUS PAVING, INC.",6950879.72,Todd,,Mill & AC Resurfacing,,,3,US83 from the Nebraska State Line to Mission,,,
sd_sddot_20190918_item_006,sd_sddot_2019_09_18,sd_sddot_bid_tabs_2019_09_18,SD,sd_sddot,,6,AWARDED,"Hamm Contracting, LLC",671897,Hanson,,Signing & Delineation,,,3,"Various County, City, & Township Roads in Hanson County",,,
sd_sddot_20190918_item_007,sd_sddot_2019_09_18,sd_sddot_bid_tabs_2019_09_18,SD,sd_sddot,,7,REJECTED,,,"Brookings, Codington, Deuel, Hamlin, Kingsbury Project Rejected/Withdrawn by the Transportation Commission",,Centerline Rumble Stripes,,,,Aberdeen Region,,,
sd_sddot_20191002_item_001,sd_sddot_2019_10_02,sd_sddot_bid_tabs_2019_10_02,SD,sd_sddot,,1,AWARDED,"Timmons Construction, Inc.",4757002.63,Brookings,,Urban Reconstruction & Span Wire Signal,,,5,"US14 from Main Ave to Medary Ave in Brookings, Intersection of US14/12th Ave & US14B and 22nd Ave Intersection in Brookings",,,
sd_sddot_20191002_item_002,sd_sddot_2019_10_02,sd_sddot_bid_tabs_2019_10_02,SD,sd_sddot,,2,AWARDED,"Timmons Construction, Inc.",1014527.6,Brookings,,Water and Sanitary Sewer Replacement,,,5,US 14 (6th Street) Fm Main Avenue to Medary Avenue in Brookings,,,
sd_sddot_20191002_item_003,sd_sddot_2019_10_02,sd_sddot_bid_tabs_2019_10_02,SD,sd_sddot,,3,AWARDED,"The Truesdell Corporation of Wisconsin, Inc.",569569,Jackson,,Polymer Chips Seals,,,5,"I90, Various Structures from 1.0 mile east of Cactus Flat to SD73 west of Kadoka, & US83 over I90 at Murdo",,,
sd_sddot_20191002_item_004,sd_sddot_2019_10_02,sd_sddot_bid_tabs_2019_10_02,SD,sd_sddot,,4,AWARDED,Journey Group Companies,1079931.6,"Jones, Mellette",,Bridge Deck and Structure Repair,,,4,"US83 over I90 at Murdo, & SD44 0.7 miles west of US83 over the Little White River",,,
sd_sddot_20191002_item_005,sd_sddot_2019_10_02,sd_sddot_bid_tabs_2019_10_02,SD,sd_sddot,,5,AWARDED,"Corr Construction Services, Inc",233721.15,Brookings,,Abutment Repair & Polymer Chip Seals,,,5,"I29 Structures 3 miles south of the US14 Interchange, SD324 Interchange & 2 miles north of US 14B Interchange",,,
sd_sddot_20191002_item_006,sd_sddot_2019_10_02,sd_sddot_bid_tabs_2019_10_02,SD,sd_sddot,,6,AWARDED,MAINLINE CONTRACTING INC,1126986.68,Pennington,,Intersection Improvements,,,4,"Various locations on US16 and SD79, south of Rapid City",,,
sd_sddot_20191002_item_007,sd_sddot_2019_10_02,sd_sddot_bid_tabs_2019_10_02,SD,sd_sddot,,7,AWARDED,T&R Contracting Inc,276276.76,Lincoln,,AC Resurfacing & Approach Slabs,,,4,Solberg/Tallgrass Overpass,,,
sd_sddot_20191002_item_008,sd_sddot_2019_10_02,sd_sddot_bid_tabs_2019_10_02,SD,sd_sddot,,8,AWARDED,"Anderson Western, Inc.",341264.6,Potter,,Asphalt Concrete Resurfacing,,,5,City Streets in Gettysburg for Detour,,,
sd_sddot_20191002_item_009,sd_sddot_2019_10_02,sd_sddot_bid_tabs_2019_10_02,SD,sd_sddot,,9,AWARDED,"Anderson Western, Inc.",3699401.07,"Potter, Sully",,Cold Mill AC & AC Resurf,,,5,SD1804 from the Agar Road north to US212 and from US212 to the road to West Whitlock,,,
sd_sddot_20191002_item_010,sd_sddot_2019_10_02,sd_sddot_bid_tabs_2019_10_02,SD,sd_sddot,,10,AWARDED,Asphalt Paving & Materials Company,3086572.42,"Kingsbury, Miner",,"Cold Mill AC, AC Resurf, & Pipe Work",,,4,"SD25 from the east junction of SD34, north to the Miner/Kingsbury County Line",,,
sd_sddot_20191002_item_011,sd_sddot_2019_10_02,sd_sddot_bid_tabs_2019_10_02,SD,sd_sddot,,11,AWARDED,"Simon Contractors of South Dakota, Inc.",2724050.05,Pennington,,"Mill & AC Resurfacing, Pipe Work",,,4,SD44 from 1.2 miles west of Base Line Road to Rapid Creek,,,
sd_sddot_20191002_item_012,sd_sddot_2019_10_02,sd_sddot_bid_tabs_2019_10_02,SD,sd_sddot,,12,AWARDED,"Surface Preparation Technologies, LLC",100376.16,"Bon Homme, Buffalo, Charles Mix, Clay, Douglas, Gregory, Hutchinson, Lake, Lincoln, McCook, Turner, Yankton",,Transverse Rumble Strips,,,2,Various locations in the Mitchell Region,,,
sd_sddot_20191002_item_013,sd_sddot_2019_10_02,sd_sddot_bid_tabs_2019_10_02,SD,sd_sddot,,13,AWARDED,"Surface Preparation Technologies, LLC",1320307.32,"Butte, Custer, Lawrence, Pennington",,Centerline Rumble Stripes,,,1,Various locations in the Rapid City Region,,,
sd_sddot_20191002_item_014,sd_sddot_2019_10_02,sd_sddot_bid_tabs_2019_10_02,SD,sd_sddot,,14,AWARDED,"PACIFIC PAINTING CO., INC.",505225,Union,,Bridge Zone Painting,,,6,I29 Structures over the Big Sioux River at the Iowa/South Dakota State Line,,,
sd_sddot_20191016_item_001,sd_sddot_2019_10_16,sd_sddot_bid_tabs_2019_10_16,SD,sd_sddot,,1,AWARDED,"INDUSTRIAL BUILDERS, INC",4356948.2,Brown,,Structure & Approach Grading,,,4,"SD10, 5.8 miles & 2.9 miles west of US281 over the Elm River",,,
sd_sddot_20191016_item_002,sd_sddot_2019_10_16,sd_sddot_bid_tabs_2019_10_16,SD,sd_sddot,,2,AWARDED,"BX CIVIL & CONSTRUCTION, INC.",659000,Beadle,,Polymer Chip Seals & Appr Slabs,,,4,"US14, 14E & 14W; Structures 0.5 miles east of SD37 Over Ravine Lake (2), 1.3 miles east of SD37 over the James River, 1.4 miles east of SD37 (Commercial Route), 2.8 miles east of Cavour over Pearl Crk, & 2.7 miles west of Iroquois",,,
sd_sddot_20191016_item_003,sd_sddot_2019_10_16,sd_sddot_bid_tabs_2019_10_16,SD,sd_sddot,,3,AWARDED,"INDUSTRIAL BUILDERS, INC",4258900.3,"Aurora, Davison",,Structure Repair,,,2,"SD258 over I90 (Plankinton Interchange), 397th Ave over I90 (Mt Vernon Interchange) & SD258 0.3 N of Plankington Interchange",,,
sd_sddot_20191016_item_004,sd_sddot_2019_10_16,sd_sddot_bid_tabs_2019_10_16,SD,sd_sddot,,4,AWARDED,Dakota Fence,2052054.7,"Brookings, Codington, Deuel, Hamlin",,Guardrail Replacement,,,5,I29 from SD30 to Watertown,,,
sd_sddot_20191016_item_005,sd_sddot_2019_10_16,sd_sddot_bid_tabs_2019_10_16,SD,sd_sddot,,5,AWARDED,"BITUMINOUS PAVING, INC.",5802127.1,Brown,,Micro Milling AC & AC Resurfacing,,,4,US281 from the north junction of SD10 to the North Dakota State Line,,,
sd_sddot_20191016_item_006,sd_sddot_2019_10_16,sd_sddot_bid_tabs_2019_10_16,SD,sd_sddot,,6,AWARDED,"Anderson Western, Inc.",4173452.38,Butte,,"Cold MIll, AC Resurf, Install Turn Lane",,,7,US212 from east of Belle Fourche to Nisland,,,
sd_sddot_20191016_item_007,sd_sddot_2019_10_16,sd_sddot_bid_tabs_2019_10_16,SD,sd_sddot,,7,AWARDED,"Anderson Western, Inc.",4063549.22,"Butte, Harding",,"Cold Mill AC, AC Resurf & Culvert Repair",,,7,"US85 from south of the Butte/Harding Co Line, north 12.4 miles",,,
sd_sddot_20191016_item_008,sd_sddot_2019_10_16,sd_sddot_bid_tabs_2019_10_16,SD,sd_sddot,,8,AWARDED,SPENCER QUARRIES INCORPORATED,3475187.15,"Lincoln, Turner",,Cold Milling AC & AC Resurfacing,,,4,US18 from SD19 to I29,,,
sd_sddot_20191016_item_009,sd_sddot_2019_10_16,sd_sddot_bid_tabs_2019_10_16,SD,sd_sddot,,9,AWARDED,Complete Concrete Inc dba Complete Contracting Sol,493689.65,Custer,,Shared Use Path & RCBC,,,5,"In Custer, from the Intersection of 11th St. and the Custer State Park Spur Trail of the Mickelson Trail, to the Custer School Complex on Bluebell Lane",,,
sd_sddot_20191016_item_010,sd_sddot_2019_10_16,sd_sddot_bid_tabs_2019_10_16,SD,sd_sddot,,10,AWARDED,"BX CIVIL & CONSTRUCTION, INC.",288000,Union,,Shared Use Path,,,3,North Sioux City along Streeter Drive between River Drive & Bruneau Drive,,,
sd_sddot_20191106_item_001,sd_sddot_2019_11_06,sd_sddot_bid_tabs_2019_11_06,SD,sd_sddot,,1,AWARDED,Journey Group Companies,841645.95,Lake,,Structure & Approach Grading,,,3,Structure north of 1st St on Garfield Ave. in Madison over Park Creek,,,
sd_sddot_20191106_item_002,sd_sddot_2019_11_06,sd_sddot_bid_tabs_2019_11_06,SD,sd_sddot,,2,AWARDED,"Reede Construction, Inc.",16873172.33,Roberts,,"PCC, Structure & Weigh Scale Repair",,,4,I29 NBL from south of Exit 242 to south of the North Dakota State Line & I29 Sisseton Port of Entry,,,
sd_sddot_20191106_item_003,sd_sddot_2019_11_06,sd_sddot_bid_tabs_2019_11_06,SD,sd_sddot,,3,AWARDED,"Hamm Contracting, LLC",1203293.9,Marshall,,Signing & Delineation,,,3,"Various County, City, & Township Roads in Marshall County",,,
sd_sddot_20191106_item_004,sd_sddot_2019_11_06,sd_sddot_bid_tabs_2019_11_06,SD,sd_sddot,,4,AWARDED,"BORDER STATES PAVING, INC.",13467743.85,Tripp,,Full Depth Reclamation &AC Resurfacing,,,4,US183 from US18 to the White River & SD53 from US18 S to Clearfield,,,
sd_sddot_20191106_item_005,sd_sddot_2019_11_06,sd_sddot_bid_tabs_2019_11_06,SD,sd_sddot,,5,AWARDED,Asphalt Paving & Materials Company,5917406.59,"Jerauld, Sanborn",,"Mill & AC, Pipe Work, Str Work & Slide",,,3,SD34 from Wessington Springs to Woonsocket,,,
sd_sddot_20191106_item_006,sd_sddot_2019_11_06,sd_sddot_bid_tabs_2019_11_06,SD,sd_sddot,,6,AWARDED,"BITUMINOUS PAVING, INC.",3544250.9,Day,,"AC Resurf, & Culverts",,,4,"US12E from Bristol to Webster; & US12, US12E, & US12W over Rush Lake",,,
sd_sddot_20191106_item_007,sd_sddot_2019_11_06,sd_sddot_bid_tabs_2019_11_06,SD,sd_sddot,,7,AWARDED,"CENTRAL SPECIALTIES, INC",8121785.93,Minnehaha,,"Cold Mill AC, AC Surf, Str Repair",,,4,SD11 - Fm the N City Limits of Brandon to the Minnesota State Line,,,
sd_sddot_20191106_item_008,sd_sddot_2019_11_06,sd_sddot_bid_tabs_2019_11_06,SD,sd_sddot,,8,AWARDED,SPENCER QUARRIES INCORPORATED,8789901.38,"Davison, Hanson, Sanborn",,"Pavement Restoration, Shoulder Work, WIM",,,1,Various Routes in the Mitchell Area,,,
sd_sddot_20191106_item_009,sd_sddot_2019_11_06,sd_sddot_bid_tabs_2019_11_06,SD,sd_sddot,,9,AWARDED,"Louis-Company, LLC",328000,"Brown, Edmunds",,Polymer Chip Seals,,,6,US281 - Strs 3.5 N Jct SD10 E over Maple River; 0.2 N Jct US12 over BNSF Railroad; 6.7 and 8.8 S of Jct US12 over Moccasin Ck,,,
sd_sddot_20191106_item_010,sd_sddot_2019_11_06,sd_sddot_bid_tabs_2019_11_06,SD,sd_sddot,,10,AWARDED,"Hilt Construction,Inc.",432449.9,"Lawrence, Pennington",,Guardrail Improvements,,,2,Various locations on I90 in the Rapid City Region,,,
sd_sddot_20191106_item_011,sd_sddot_2019_11_06,sd_sddot_bid_tabs_2019_11_06,SD,sd_sddot,,11,AWARDED,"Surface Preparation Technologies, LLC",1997106.9,"Davison, Hutchinson, Lake, McCook, Minnehaha, Moody, Yankton",,Centerline Rumble Stripes,,,1,Various Locations in the Mitchell Region,,,
sd_sddot_20191120_item_001,sd_sddot_2019_11_20,sd_sddot_bid_tabs_2019_11_20,SD,sd_sddot,,1,AWARDED,"LOISEAU CONSTRUCTION, INC.",16132696.32,"Charles Mix, Douglas",,"Grading, Shldr Widen, AC Surf, RCBC",,,2,"SD50 from SD46 to US18, US18 from SD50 to US281, US281 from US18 to Douglas Co, & SD46 at 388th Ave",,,
sd_sddot_20191120_item_002,sd_sddot_2019_11_20,sd_sddot_bid_tabs_2019_11_20,SD,sd_sddot,,2,AWARDED,Swingen Construction Company,1040000,Dewey,,Structure & Approach Grading,,,4,"Structure 0.5 miles east of White Horse, over White Horse Creek",,,
sd_sddot_20191120_item_003,sd_sddot_2019_11_20,sd_sddot_bid_tabs_2019_11_20,SD,sd_sddot,,3,AWARDED,"Surface Preparation Technologies, LLC",1520467.22,"Brookings, Codington, Deuel, Hamlin, Kingsbury",,Centerline Rumble Stripes,,,1,Aberdeen Region,,,
sd_sddot_20191120_item_004,sd_sddot_2019_11_20,sd_sddot_bid_tabs_2019_11_20,SD,sd_sddot,,4,AWARDED,MAINLINE CONTRACTING INC,1487824.17,Oglala Lakota,,Structure Replacement,,,2,US18 Structure over Cheyenne Creek,,,
sd_sddot_20191204_item_001,sd_sddot_2019_12_04,sd_sddot_bid_tabs_2019_12_04,SD,sd_sddot,,1,AWARDED,"MIDWEST CONTRACTING, LLC",1713888.5,Buffalo,,Culvert Repair,,,2,"SD34 from east of Fort Thompson, east to SD50",,,
sd_sddot_20191204_item_002,sd_sddot_2019_12_04,sd_sddot_bid_tabs_2019_12_04,SD,sd_sddot,,2,AWARDED,MAINLINE CONTRACTING INC,1486411.77,"Butte, Harding, Meade, Perkins",,Culvert Repair,,,4,Various Locations in the Belle Fourche Area,,,
sd_sddot_20191204_item_003,sd_sddot_2019_12_04,sd_sddot_bid_tabs_2019_12_04,SD,sd_sddot,,3,REJECTED,,,Lincoln Project Rejected/Withdrawn by the Transportation Commission,,Shoulder Improvement & CRC Pavement Repa,,,,I29 from Canton (Exit 62) to Tea (Exit 73),,,
sd_sddot_20191211_item_001,sd_sddot_2019_12_11,sd_sddot_bid_tabs_2019_12_11,SD,sd_sddot,,1,AWARDED,Grangaard Construction Inc,1663047.8,Lawrence,,Structure & Approach Grading,,,3,Structure 0.9 miles north & 0.6 miles east of Whitewood,,,
sd_sddot_20191211_item_002,sd_sddot_2019_12_11,sd_sddot_bid_tabs_2019_12_11,SD,sd_sddot,,2,AWARDED,"BX CIVIL & CONSTRUCTION, INC.",600000,Lake,,Structure & Approach Grading,,,3,Structure 1.6 miles south of Chester on 464th Ave over Buffalo Creek,,,
sd_sddot_20191211_item_003,sd_sddot_2019_12_11,sd_sddot_bid_tabs_2019_12_11,SD,sd_sddot,,3,AWARDED,A-G-E Corporation,139713.92,Hughes,,Pipe Work,,,6,"SD34, 1.5 miles east of 319th Ave in Hughes County.",,,
sd_sddot_20191211_item_004,sd_sddot_2019_12_11,sd_sddot_bid_tabs_2019_12_11,SD,sd_sddot,,4,AWARDED,KNIFE RIVER MIDWEST LLC,1328956.6,Union,,AC Resurf of Inside Shldrs & Ramps,,,2,I29 NB & SB from SD/IA border to Exit 4,,,
sd_sddot_20200122_item_001,sd_sddot_2020_01_22,sd_sddot_bid_tabs_2020_01_22,SD,sd_sddot,,1,AWARDED,"Reede Construction, Inc.",11056344.81,"Clay, Union",,Grading and PCC Surfacing,,,5,SD50 WBL from Vermillion to the divided lanes west of I29,,,
sd_sddot_20200122_item_002,sd_sddot_2020_01_22,sd_sddot_bid_tabs_2020_01_22,SD,sd_sddot,,2,AWARDED,KNIFE RIVER CORPORATION - NORTH CENTRAL,10173892.71,"McCook, Minnehaha",,"Cold Mill, Full Depth Reclam, & AC Surf",,,3,SD42 from west of SD19 to the Tea/Ellis Road,,,
sd_sddot_20200122_item_003,sd_sddot_2020_01_22,sd_sddot_bid_tabs_2020_01_22,SD,sd_sddot,,3,AWARDED,"CENTRAL SPECIALTIES, INC",4326604.76,Hughes,,Crack & Seat PCCP & AC Surfacing,,,4,"US14 from 7 miles east of Pierre, east 5.7 miles",,,
sd_sddot_20200122_item_004,sd_sddot_2020_01_22,sd_sddot_bid_tabs_2020_01_22,SD,sd_sddot,,4,AWARDED,A-G-E Corporation,2621529.95,Jackson,,Replace Structures & Approach Grading,,,5,SD248 Structures 1.0 mile east of Cactus Flats over Big Buffalo Creek & 1.4 miles west of Kadoka over White Willow Creek,,,
sd_sddot_20200122_item_005,sd_sddot_2020_01_22,sd_sddot_bid_tabs_2020_01_22,SD,sd_sddot,,5,AWARDED,"BX CIVIL & CONSTRUCTION, INC.",1987500,"Davison, Hanson",,"Remove & Replace PCCP, Pipe Work",,,4,I90 from east of Mitchell to east of the James River,,,
sd_sddot_20200122_item_006,sd_sddot_2020_01_22,sd_sddot_bid_tabs_2020_01_22,SD,sd_sddot,,6,AWARDED,Asphalt Surface Technologies Corporation,2255248,"Brookings, Minnehaha, Moody",,Asphalt Surface Treatment,,,3,Various Routes in the Sioux Falls Area,,,
sd_sddot_20200122_item_007,sd_sddot_2020_01_22,sd_sddot_bid_tabs_2020_01_22,SD,sd_sddot,,7,AWARDED,Dakota Constructors,196946.25,Minnehaha,,Landslide Repair,,,5,SD 11 just north of Interstate 90,,,
sd_sddot_20200205_item_001,sd_sddot_2020_02_05,sd_sddot_bid_tabs_2020_02_05,SD,sd_sddot,,1,AWARDED,"HEAVY CONSTRUCTORS, INC.",13685950,Pennington,,Urban Reconstruction,,,3,SD44 (Omaha St) from Mt. View Rd to the start of the divided lanes near 12th St. & SD231 from west of SD445 (Deadwood Ave) to SD44,,,
sd_sddot_20200205_item_002,sd_sddot_2020_02_05,sd_sddot_bid_tabs_2020_02_05,SD,sd_sddot,,2,AWARDED,"HEAVY CONSTRUCTORS, INC.",700509,Pennington,,Turn Lane Construction,,,3,SD445 (Deadwood Ave) at Krebs Drive,,,
sd_sddot_20200205_item_003,sd_sddot_2020_02_05,sd_sddot_bid_tabs_2020_02_05,SD,sd_sddot,,3,AWARDED,"HEAVY CONSTRUCTORS, INC.",998775,Pennington,,Watermain & Sanitary Sewer Replacement,,,3,SD44 (Omaha St) from Mt. View Rd to the start of the divided lanes near 12th St.,,,
sd_sddot_20200205_item_004,sd_sddot_2020_02_05,sd_sddot_bid_tabs_2020_02_05,SD,sd_sddot,,4,AWARDED,"Martin Construction, Inc.",3967116.98,Butte,,Structure & Approach Grading,,,4,US212 2.3 miles west of SD79 over Owl Ck.,,,
sd_sddot_20200205_item_005,sd_sddot_2020_02_05,sd_sddot_bid_tabs_2020_02_05,SD,sd_sddot,,5,AWARDED,"QUINN CONSTRUCTION, INC",106484,Lawrence,,Scour Protection & Berm Repair,,,2,"I90, WB on ramp over Spearfish Creek at Exit 10; and EB & WB 0.8 mile west of Exit 23 over the Railroad",,,
sd_sddot_20200205_item_006,sd_sddot_2020_02_05,sd_sddot_bid_tabs_2020_02_05,SD,sd_sddot,,6,AWARDED,Z AND Z SEAL COATING INC,454335.55,Harding,,AC Crack Leveling,,,6,Various Routes in the Belle Fourche Area,,,
sd_sddot_20200205_item_007,sd_sddot_2020_02_05,sd_sddot_bid_tabs_2020_02_05,SD,sd_sddot,,7,AWARDED,"Surface Preparation Technologies, LLC",122217.5,"Custer, Fall River, Harding, Lawrence, Pennington",,Transverse Rumble Strips,,,1,Various locations in the Rapid City Region,,,
sd_sddot_20200205_item_008,sd_sddot_2020_02_05,sd_sddot_bid_tabs_2020_02_05,SD,sd_sddot,,8,AWARDED,"Dakota Traffic Services, LLC",459291.32,Minnehaha,,Durable Pavement Marking,,,1,Interstate 29 & 90 in Sioux Falls,,,
sd_sddot_20200205_item_009,sd_sddot_2020_02_05,sd_sddot_bid_tabs_2020_02_05,SD,sd_sddot,,9,AWARDED,Dan Scott DBA Prairie Fencing,224034.5,Pennington,,Interstate Fence,,,4,I90 from Exit 67 to Exit 78,,,
sd_sddot_20200219_item_001,sd_sddot_2020_02_19,sd_sddot_bid_tabs_2020_02_19,SD,sd_sddot,,1,AWARDED,Complete Concrete Inc dba Complete Contracting Sol,23055554.5,Jackson,,"Grading, PCCP, Culverts, & Str Rehab",,,1,I90 WBL from Belvidere to the Jones Co. Line & SD248 from Cactus Flats to Kadoka,,,
sd_sddot_20200219_item_002,sd_sddot_2020_02_19,sd_sddot_bid_tabs_2020_02_19,SD,sd_sddot,,2,AWARDED,SPENCER QUARRIES INCORPORATED,2996357.42,Bon Homme,,Cold Mill AC & AC Resurfacing,,,1,SD37 from north of Springfield to SD50,,,
sd_sddot_20200219_item_003,sd_sddot_2020_02_19,sd_sddot_bid_tabs_2020_02_19,SD,sd_sddot,,3,AWARDED,"Corr Construction Services, Inc",619963.55,Lawrence,,Structure & Approach Grading,,,2,Structure 4.5 miles north & 2 miles west of Spearfish over the Redwater River,,,
sd_sddot_20200219_item_004,sd_sddot_2020_02_19,sd_sddot_bid_tabs_2020_02_19,SD,sd_sddot,,4,AWARDED,"BITUMINOUS PAVING, INC.",2949904.93,"Grant, Roberts",,Cold Milling AC & AC Resurf of Shldrs,,,4,US12 from Summit to west of Milbank,,,
sd_sddot_20200219_item_005,sd_sddot_2020_02_19,sd_sddot_bid_tabs_2020_02_19,SD,sd_sddot,,5,AWARDED,"BITUMINOUS PAVING, INC.",5658129.7,Corson,,"Cold Mill AC, AC Resurf, & Culverts",,,5,"US12 from 2 miles west of McLaughlin, east 14 miles",,,
sd_sddot_20200219_item_006,sd_sddot_2020_02_19,sd_sddot_bid_tabs_2020_02_19,SD,sd_sddot,,6,AWARDED,Sharpe Enterprises Inc.,163650.2,Mellette,,Concrete Sidewalk,,,2,"1st St from SD44 to Gray St, Gray St from 1st to Dakota St, & Dakota St from Gary St to Main St in Wood",,,
sd_sddot_20200219_item_007,sd_sddot_2020_02_19,sd_sddot_bid_tabs_2020_02_19,SD,sd_sddot,,7,AWARDED,Traffic Solutions Inc,433245.4,"Lincoln, Minnehaha",,Durable Pavement Marking,,,2,Interstate 229 in Sioux Falls,,,
sd_sddot_20200219_item_008,sd_sddot_2020_02_19,sd_sddot_bid_tabs_2020_02_19,SD,sd_sddot,,8,AWARDED,Northwest Asphalt & Maintenance,597023.99,"Day, Marshall",,Asphalt Concrete Crack Leveling,,,5,Various Routes in the Aberdeen Area,,,
sd_sddot_20200219_item_009,sd_sddot_2020_02_19,sd_sddot_bid_tabs_2020_02_19,SD,sd_sddot,,9,AWARDED,"BITUMINOUS PAVING, INC.",2412986.35,"Brown, Day, Edmunds, Faulk, Marshall, McPherson",,Asphalt Surface Treatment,,,3,Various Locations in the Aberdeen Area,,,
sd_sddot_20200219_item_010,sd_sddot_2020_02_19,sd_sddot_bid_tabs_2020_02_19,SD,sd_sddot,,10,AWARDED,"BITUMINOUS PAVING, INC.",674731.6,"Custer, Fall River",,Asphalt Surface Treatment,,,3,Various Locations in the Custer Area,,,
sd_sddot_20200219_item_011,sd_sddot_2020_02_19,sd_sddot_bid_tabs_2020_02_19,SD,sd_sddot,,11,REJECTED,,,Lawrence Project Rejected/Withdrawn by the Transportation Commission,,Tree Clearing and Fence Replacement,,,,US85 from the Wyoming State Line to Cheyenne Crossing,,,
sd_sddot_20200219_item_012,sd_sddot_2020_02_19,sd_sddot_bid_tabs_2020_02_19,SD,sd_sddot,,12,AWARDED,"Simon Contractors of South Dakota, Inc.",1438746.76,Pennington,,"Cold Mill AC, AC Resurf, & ADA Ramps",,,1,US16A through Keystone,,,
sd_sddot_20200219_item_013,sd_sddot_2020_02_19,sd_sddot_bid_tabs_2020_02_19,SD,sd_sddot,,13,AWARDED,"QUINN CONSTRUCTION, INC",412833.9,Pennington,,Intersection Improvements,,,3,US16 at the junction of US16/Croell Quarry Access,,,
sd_sddot_20200304_item_001,sd_sddot_2020_03_04,sd_sddot_bid_tabs_2020_03_04,SD,sd_sddot,,1,AWARDED,"Prahm Construction, Inc.",926449.75,Codington,,Structure & Approach Grading,,,3,"Structure on 159th St, 11.4 miles west and 2 miles south of South Shore over ther Big Sioux River",,,
sd_sddot_20200304_item_002,sd_sddot_2020_03_04,sd_sddot_bid_tabs_2020_03_04,SD,sd_sddot,,2,AWARDED,Journey Group Companies,687693.49,Brookings,,"Bridge Deck Overlay, Bridge Rail, & GR",,,3,SD30 Structures 3.4 east of I29 over Six Mile Creek & 0.8 miles west of I29 over the N Branch of Deer Creek,,,
sd_sddot_20200304_item_003,sd_sddot_2020_03_04,sd_sddot_bid_tabs_2020_03_04,SD,sd_sddot,,3,AWARDED,"RUNGE ENTERPRISES, INC.",913875.57,Lincoln,,Shared Use Path,,,5,"In Harrisburg, on the North Side of Willow St./CR110, from Vernon Dr. to Columbia St.",,,
sd_sddot_20200304_item_004,sd_sddot_2020_03_04,sd_sddot_bid_tabs_2020_03_04,SD,sd_sddot,,4,AWARDED,Complete Concrete Inc dba Complete Contracting Sol,385807.05,Lawrence,,Shared Use Path,,,2,Laurel St from Meade St to Custer St in Whitewood,,,
sd_sddot_20200304_item_005,sd_sddot_2020_03_04,sd_sddot_bid_tabs_2020_03_04,SD,sd_sddot,,5,AWARDED,"MUTH ELECTRIC, INC.",219199.89,Corson,,Pathway Lighting Construction,,,2,"Near McLaughlin, along the existing pathway",,,
sd_sddot_20200304_item_006,sd_sddot_2020_03_04,sd_sddot_bid_tabs_2020_03_04,SD,sd_sddot,,6,AWARDED,"Anderson Western, Inc.",8594198.05,Butte,,"Cold Mill AC, AC Resurf, & Pipe Repair",,,6,US85 from north of Belle Fourche to south of SD168,,,
sd_sddot_20200304_item_007,sd_sddot_2020_03_04,sd_sddot_bid_tabs_2020_03_04,SD,sd_sddot,,7,AWARDED,The Road Guy Construction Company Inc,899290.07,"Hutchinson, Lincoln, McCook, Union, Yankton",,AC Surface Treatment,,,3,Various Routes in the Yankton Area,,,
sd_sddot_20200304_item_008,sd_sddot_2020_03_04,sd_sddot_bid_tabs_2020_03_04,SD,sd_sddot,,8,AWARDED,"Jensen Rock & Sand, Inc.",1113717.45,"Butte, Harding",,Asphalt Surface Treatment,,,4,Various Locations in the Belle Fourche Area,,,
sd_sddot_20200304_item_009,sd_sddot_2020_03_04,sd_sddot_bid_tabs_2020_03_04,SD,sd_sddot,,9,AWARDED,Asphalt Surface Technologies Corporation,72708,Codington,,Asphalt Concrete Crack Sealing,,,5,SD20 from Codington/Grant CL west 11 miles,,,
sd_sddot_20200304_item_010,sd_sddot_2020_03_04,sd_sddot_bid_tabs_2020_03_04,SD,sd_sddot,,10,AWARDED,Asphalt Surface Technologies Corporation,92298,Brown,,Asphalt Concrete Crack Sealing,,,5,SD37 from Groton to SD10,,,
sd_sddot_20200304_item_011,sd_sddot_2020_03_04,sd_sddot_bid_tabs_2020_03_04,SD,sd_sddot,,11,AWARDED,Journey Group Companies,138644.58,"Lincoln, Miner, Minnehaha, Turner",,Asphalt Concrete Crack Sealing,,,4,Various Routes in the Sioux Falls Area,,,
sd_sddot_20200325_item_001,sd_sddot_2020_03_25,sd_sddot_bid_tabs_2020_03_25,SD,sd_sddot,,1,AWARDED,"Foothills Contracting, Inc.",25965988.45,"Jones, Mellette",,"Grading, Interim Surf, & Structures",,,3,US83 from north of White River to north of the Mellette/Jones Co Line,,,
sd_sddot_20200325_item_002,sd_sddot_2020_03_25,sd_sddot_bid_tabs_2020_03_25,SD,sd_sddot,,2,AWARDED,"Anderson Contractors, Inc.",298645,Hand,,Structure & Approach Grading,,,2,"Structure on 365th Ave, 5 miles east & 18.7 miles south of Miller",,,
sd_sddot_20200325_item_003,sd_sddot_2020_03_25,sd_sddot_bid_tabs_2020_03_25,SD,sd_sddot,,3,NO BIDS,,,Codington No Bids Received on Project,,Traffic Signal & ADA Curb Ramps,,,,US212 at 33rd St SE in Watertown,,,
sd_sddot_20200325_item_004,sd_sddot_2020_03_25,sd_sddot_bid_tabs_2020_03_25,SD,sd_sddot,,4,REJECTED,,,Brown Project Rejected by the Transportation Commission,,Curb Ramp Upgrades & PCCP Repair,,,,US281 and US12 through Aberdeen,,,
sd_sddot_20200325_item_005,sd_sddot_2020_03_25,sd_sddot_bid_tabs_2020_03_25,SD,sd_sddot,,5,AWARDED,"WESTERN CONSTRUCTION, INC.",1614582.52,"Lawrence, Meade, Pennington",,Guardrail Replacement,,,3,Various locations on Interstate 90 in the Rapid City Region,,,
sd_sddot_20200325_item_006,sd_sddot_2020_03_25,sd_sddot_bid_tabs_2020_03_25,SD,sd_sddot,,6,AWARDED,"Dakota Traffic Services, LLC",147093.55,"Lincoln, McCook, Minnehaha, Moody, Turner, Union, Yankton",,Radar Speed Signs & Ped Crossings,,,2,Various locations in the Mitchell Region,,,
sd_sddot_20200325_item_007,sd_sddot_2020_03_25,sd_sddot_bid_tabs_2020_03_25,SD,sd_sddot,,7,AWARDED,"TRU-FORM CONSTRUCTION, INC.",830891.69,"Meade, Pennington",,Pavement Restoration,,,2,Various Routes in the Rapid City Area,,,
sd_sddot_20200325_item_008,sd_sddot_2020_03_25,sd_sddot_bid_tabs_2020_03_25,SD,sd_sddot,,8,AWARDED,"Dakota Barricade, LLC",143968,"Meade, Pennington",,Pavement Marking,,,2,Various locations on the State System in the Rapid City Region,,,
sd_sddot_20200325_item_009,sd_sddot_2020_03_25,sd_sddot_bid_tabs_2020_03_25,SD,sd_sddot,,9,AWARDED,"BITUMINOUS PAVING, INC.",134249.48,"Brookings, Codington, Moody, Roberts",,Asphalt Flush Seal,,,2,"Interstate 29, Watertown DOT Yard & Sisseton Maintenance Yard",,,
sd_sddot_20200325_item_010,sd_sddot_2020_03_25,sd_sddot_bid_tabs_2020_03_25,SD,sd_sddot,,10,AWARDED,"Jensen Rock & Sand, Inc.",965600.81,"Campbell, Dewey, Walworth",,AC Surface Treatment,,,4,Various Routes in the Mobridge Area,,,
sd_sddot_20200325_item_011,sd_sddot_2020_03_25,sd_sddot_bid_tabs_2020_03_25,SD,sd_sddot,,11,AWARDED,Asphalt Surface Technologies Corporation,1063137.2,"Buffalo, McCook",,Asphalt Surface Treatment,,,4,Various Locations in the Mitchell Area,,,
sd_sddot_20200325_item_012,sd_sddot_2020_03_25,sd_sddot_bid_tabs_2020_03_25,SD,sd_sddot,,12,AWARDED,"Highway Improvement, Inc",172519.22,Stanley,,Asphalt Concrete Crack Sealing,,,5,Various Locations in the Pierre Area,,,
sd_sddot_20200325_item_013,sd_sddot_2020_03_25,sd_sddot_bid_tabs_2020_03_25,SD,sd_sddot,,13,AWARDED,"Highway Improvement, Inc",399997.02,"Brule, Charles Mix, Davison, Douglas, Gregory, Hutchinson, Jerauld",,Asphalt Concrete Crack Sealing,,,4,Various Routes in the Mitchell Area,,,
sd_sddot_20200401_item_001,sd_sddot_2020_04_01,sd_sddot_bid_tabs_2020_04_01,SD,sd_sddot,,1,AWARDED,A-G-E Corporation,574640.64,Hutchinson,,Structure & Approach Grading,,,4,Structure 8 miles east & 2.6 miles south of Parkston over the North Branch of Dry Creek,,,
sd_sddot_20200401_item_002,sd_sddot_2020_04_01,sd_sddot_bid_tabs_2020_04_01,SD,sd_sddot,,2,AWARDED,"OFTEDAL CONSTRUCTION, INC.",22871427.33,Pennington,,"Grading, AC Surfacing & Strs",,,3,Sheridan Lake Road from US385 to Alberta Road,,,
sd_sddot_20200401_item_003,sd_sddot_2020_04_01,sd_sddot_bid_tabs_2020_04_01,SD,sd_sddot,,3,AWARDED,Prairie States Trucking,570809.45,"Charles Mix, Douglas",,Intersection Improvements,,,4,"SD44 at the east SD50 Junction, east of Platte",,,
sd_sddot_20200401_item_004,sd_sddot_2020_04_01,sd_sddot_bid_tabs_2020_04_01,SD,sd_sddot,,4,AWARDED,"Simon Contractors of South Dakota, Inc.",7686320.26,"Custer, Fall River",,"Micro Mill AC, AC Resurf, & Culverts",,,3,"SD79N from north of the Custer/Fall River Co Line to south of Hermosa, SD79S from north of US18 to north of the Fall River/Custer Co Line, & US18 from Hot Springs to west of SD79",,,
sd_sddot_20200401_item_005,sd_sddot_2020_04_01,sd_sddot_bid_tabs_2020_04_01,SD,sd_sddot,,5,AWARDED,"DUININCK, INC",4664200.7,Deuel,,"Cold Mill AC, AC Resurf, & Spot Grading",,,3,SD22 from SD15 to the Minnesota State Line & SD101 from Gary to SD22,,,
sd_sddot_20200401_item_006,sd_sddot_2020_04_01,sd_sddot_bid_tabs_2020_04_01,SD,sd_sddot,,6,AWARDED,"BITUMINOUS PAVING, INC.",4763324.1,Lincoln,,Mill & AC Resurfacing,,,5,I29 from Canton (Exit 62) to Tea (Exit 73),,,
sd_sddot_20200401_item_007,sd_sddot_2020_04_01,sd_sddot_bid_tabs_2020_04_01,SD,sd_sddot,,7,AWARDED,Soukup Construction Inc,965800,Minnehaha,,Guardrail Replacement,,,2,I90 from SD 38 Exit to 1 mile west of SD 115 Exit,,,
sd_sddot_20200401_item_008,sd_sddot_2020_04_01,sd_sddot_bid_tabs_2020_04_01,SD,sd_sddot,,8,AWARDED,"Simon Contractors of South Dakota, Inc.",1449185.91,"Fall River, Pennington",,Intersection Improvements & Lighting,,,1,Various Locations in the Rapid City Region,,,
sd_sddot_20200401_item_009,sd_sddot_2020_04_01,sd_sddot_bid_tabs_2020_04_01,SD,sd_sddot,,9,AWARDED,"Surface Preparation Technologies, LLC",579474.05,Regionwide,,Rumble Stripes & Pavement Markings,,,1,Various locations on the local system in the Rapid City and Pierre Region,,,
sd_sddot_20200401_item_010,sd_sddot_2020_04_01,sd_sddot_bid_tabs_2020_04_01,SD,sd_sddot,,10,AWARDED,"Jensen Rock & Sand, Inc.",2607329.3,"Bennett, Haakon, Jackson, Jones, Mellette, Pennington, Tripp",,Asphalt Surface Treatment & Crack Seal,,,5,Various Routes in the Winner and Pierre Areas,,,
sd_sddot_20200401_item_011,sd_sddot_2020_04_01,sd_sddot_bid_tabs_2020_04_01,SD,sd_sddot,,11,AWARDED,"BITUMINOUS PAVING, INC.",482959.9,"Beadle, Buffalo, Hand",,Asphalt Surface Treatment,,,4,Various Locations in the Huron Area,,,
sd_sddot_20200415_item_001,sd_sddot_2020_04_15,sd_sddot_bid_tabs_2020_04_15,SD,sd_sddot,,1,REJECTED,,,Tripp Project Rejected/Withdrawn by the Transportation Commission,,Structure & Approach Grading,,,,Structure 2.5 miles north & 6.9 miles east of Millboro on 296th St over Rahn Lake,,,
sd_sddot_20200415_item_002,sd_sddot_2020_04_15,sd_sddot_bid_tabs_2020_04_15,SD,sd_sddot,,2,AWARDED,"Big-O-Concrete, LLC",105936.58,Faulk,,Concrete Sidewalk,,,5,Various Locations in Faulkton,,,
sd_sddot_20200415_item_003,sd_sddot_2020_04_15,sd_sddot_bid_tabs_2020_04_15,SD,sd_sddot,,3,AWARDED,SPENCER QUARRIES INCORPORATED,1475380.02,Aurora,,Mill & AC Resurfacing & Pipe Work,,,1,SD42 - Fm US281 to the Aurora/Davison Co Line,,,
sd_sddot_20200415_item_004,sd_sddot_2020_04_15,sd_sddot_bid_tabs_2020_04_15,SD,sd_sddot,,4,AWARDED,"MIDWEST CONTRACTING, LLC",1203425.85,Yankton,,Intersection Improvements,,,2,US81 at the junction of 300th St,,,
sd_sddot_20200415_item_005,sd_sddot_2020_04_15,sd_sddot_bid_tabs_2020_04_15,SD,sd_sddot,,5,AWARDED,"Dakota Traffic Services, LLC",780029.5,"Clay, Lake, Minnehaha, Moody, Union, Yankton",,Rumble Stripes/Strips,,,3,Various locations on the local system in the Mitchell Region,,,
sd_sddot_20200506_item_001,sd_sddot_2020_05_06,sd_sddot_bid_tabs_2020_05_06,SD,sd_sddot,,1,AWARDED,Journey Group Companies,344247,McCook,,Shared Use Path,,,3,"In Salem along Dakota Street from Essex Ave. to Center Ave., Center Ave. from Dakota St. to Main St., and Main St from Center Ave to Lightner Ave.",,,
sd_sddot_20200506_item_002,sd_sddot_2020_05_06,sd_sddot_bid_tabs_2020_05_06,SD,sd_sddot,,2,AWARDED,Schweigert Construction Inc.,1295861.5,Gregory,,Landslide Repair,,,4,SD44 - Fm E of SD47 to 6.5 Mi W of the Platte/Winner (Missouri River) Bridge,,,
sd_sddot_20200506_item_003,sd_sddot_2020_05_06,sd_sddot_bid_tabs_2020_05_06,SD,sd_sddot,,3,AWARDED,"MUTH ELECTRIC, INC.",773467.5,Union,,Commercial Vehicle Screening System,,,1,I29 N - Jefferson Port of Entry,,,
sd_sddot_20200506_item_004,sd_sddot_2020_05_06,sd_sddot_bid_tabs_2020_05_06,SD,sd_sddot,,4,AWARDED,Asphalt Surface Technologies Corporation,274184.1,"Beadle, Hyde, Kingsbury",,Asphalt Concrete Crack Sealing,,,4,Various Routes in the Huron Area,,,
sd_sddot_20200506_item_005,sd_sddot_2020_05_06,sd_sddot_bid_tabs_2020_05_06,SD,sd_sddot,,5,AWARDED,Soukup Construction Inc,1745249.99,"Davison, Lake, Lincoln, Minnehaha",,Intersection Improvements,,,4,Various Locations in the Mitchell Region,,,
sd_sddot_20200506_item_006,sd_sddot_2020_05_06,sd_sddot_bid_tabs_2020_05_06,SD,sd_sddot,,6,AWARDED,"Dakota Barricade, LLC",245909.9,"Custer, Fall River, Lawrence, Pennington",,Cold Plastics Pavement Marking,,,2,Various locations on the State System in the Rapid City Region,,,
sd_sddot_20200506_item_007,sd_sddot_2020_05_06,sd_sddot_bid_tabs_2020_05_06,SD,sd_sddot,,7,AWARDED,"Reede Construction, Inc.",2488437.96,"Aurora, Gregory, McCook",,Pavement Restoration,,,3,Various Routes in the Mitchell Area,,,
sd_sddot_20200506_item_008,sd_sddot_2020_05_06,sd_sddot_bid_tabs_2020_05_06,SD,sd_sddot,,8,AWARDED,"MUTH ELECTRIC, INC.",395420.42,"Davison, Lincoln, Minnehaha, Yankton",,Reflective Signal Backplates,,,1,Mitchell Region,,,
sd_sddot_20200513_item_001,sd_sddot_2020_05_13,sd_sddot_bid_tabs_2020_05_13,SD,sd_sddot,,1,AWARDED,"J & J EARTH WORKS, INC",293408.45,Day,,"Grade Raise, RipRap & AC Surfacing",,,2,SD25 - 2.5 E of Roslyn,,,
sd_sddot_20200520_item_001,sd_sddot_2020_05_20,sd_sddot_bid_tabs_2020_05_20,SD,sd_sddot,,1,AWARDED,"NOLZ DRAGLINE & CONSTRUCTION COMPANY, INC",529731.78,Aurora,,Structure & Approach Grading,,,6,"391 Ave, 5 miles E & 2.6 miles N of Plankinton over a creek",,,
sd_sddot_20200520_item_002,sd_sddot_2020_05_20,sd_sddot_bid_tabs_2020_05_20,SD,sd_sddot,,2,AWARDED,"BX CIVIL & CONSTRUCTION, INC.",1511623.2,"Bon Homme, Hutchinson, Yankton",,Culvert Repair,,,3,Various Locations in the Yankton Area,,,
sd_sddot_20200520_item_003,sd_sddot_2020_05_20,sd_sddot_bid_tabs_2020_05_20,SD,sd_sddot,,3,AWARDED,Journey Group Companies,149135.29,Pennington,,Sidewalk Modification,,,2,"Rapid City along I190 and SD44 / Omaha St, from approximately 850' N of the Rapid Creek Bridge along I190 to N Mount Rushmore Rd",,,
sd_sddot_20200520_item_004,sd_sddot_2020_05_20,sd_sddot_bid_tabs_2020_05_20,SD,sd_sddot,,4,AWARDED,"TI-ZACK CONCRETE, INC.",293707.25,Codington,,Traffic Signal & ADA Curb Ramps,,,3,US212 at 33rd St SE in Watertown,,,
sd_sddot_20200520_item_005,sd_sddot_2020_05_20,sd_sddot_bid_tabs_2020_05_20,SD,sd_sddot,,5,AWARDED,"Dakota Traffic Services, LLC",51808.3,"Edmunds, Hyde, Roberts",,Radar Speed Feedback Signs,,,3,Various locations in the Aberdeen Region,,,
sd_sddot_20200520_item_006,sd_sddot_2020_05_20,sd_sddot_bid_tabs_2020_05_20,SD,sd_sddot,,6,AWARDED,"Surface Preparation Technologies, LLC",1250984.64,"Hughes, Sully, Todd",,Centerline Rumble Stripes,,,1,Pierre Region,,,
sd_sddot_20200520_item_007,sd_sddot_2020_05_20,sd_sddot_bid_tabs_2020_05_20,SD,sd_sddot,,7,AWARDED,Traffic Solutions Inc,55545,Regionwide,,County Pavement Marking,,,1,Various Locations in the Pierre Region,,,
sd_sddot_20200520_item_008,sd_sddot_2020_05_20,sd_sddot_bid_tabs_2020_05_20,SD,sd_sddot,,8,AWARDED,"Dakota Barricade, LLC",571098,Regionwide,,County Pavement Marking,,,1,Various Locations in the Rapid City Region,,,
sd_sddot_20200603_item_001,sd_sddot_2020_06_03,sd_sddot_bid_tabs_2020_06_03,SD,sd_sddot,,1,AWARDED,T&R Contracting Inc,85499.99,Minnehaha,,Shared Use Path,,,7,In Valley Springs along Valley Drive from Southside Ave. to Broadway Ave.,,,
sd_sddot_20200603_item_002,sd_sddot_2020_06_03,sd_sddot_bid_tabs_2020_06_03,SD,sd_sddot,,2,AWARDED,"Simon Contractors of South Dakota, Inc.",6050476.31,Lawrence,,Mill & AC Resurfacing,,,4,US14A - Fm Cheyenne Crossing to Deadwood via Lead and Central City & US85 - At Cheyenne Crossing,,,
sd_sddot_20200603_item_003,sd_sddot_2020_06_03,sd_sddot_bid_tabs_2020_06_03,SD,sd_sddot,,3,AWARDED,Traffic Services Company LLC,186753.96,"Dewey, Haakon, Stanley, Ziebach",,Durable Pavement Marking,,,2,Various locations on the State System in the Pierre Region,,,
sd_sddot_20200603_item_004,sd_sddot_2020_06_03,sd_sddot_bid_tabs_2020_06_03,SD,sd_sddot,,4,AWARDED,"VOGEL TRAFFIC SERVICES, INC",436682.11,Regionwide,,County Pavement Marking,,,2,Various Locations in the Aberdeen Region,,,
sd_sddot_20200603_item_005,sd_sddot_2020_06_03,sd_sddot_bid_tabs_2020_06_03,SD,sd_sddot,,5,AWARDED,"VOGEL TRAFFIC SERVICES, INC",725708.08,Regionwide,,County Pavement Marking,,,2,Various Locations in the Mitchell Region,,,
sd_sddot_20200617_item_001,sd_sddot_2020_06_17,sd_sddot_bid_tabs_2020_06_17,SD,sd_sddot,,1,AWARDED,"NOLZ DRAGLINE & CONSTRUCTION COMPANY, INC",516243.16,McCook,,Structure (RCBC) & Approach Grading,,,5,"Structure on 245th St, 6.1 miles east of Center over the East Fork of the Vermillion River",,,
sd_sddot_20200617_item_002,sd_sddot_2020_06_17,sd_sddot_bid_tabs_2020_06_17,SD,sd_sddot,,2,AWARDED,"MUTH ELECTRIC, INC.",263087,"Beadle, Brookings, Brown, Codington, Day, Grant, Spink",,Reflective Signal Backplates,,,3,Aberdeen Region,,,
sd_sddot_20200617_item_003,sd_sddot_2020_06_17,sd_sddot_bid_tabs_2020_06_17,SD,sd_sddot,,3,AWARDED,Hydro Klean LLC,54438.2,"Hand, Spink",,Culvert Cleaning & Lining,,,3,Various Locations Throughout the Huron Area,,,
sd_sddot_20200617_item_004,sd_sddot_2020_06_17,sd_sddot_bid_tabs_2020_06_17,SD,sd_sddot,,4,AWARDED,Hydro Klean LLC,501204.69,"Brown, Day, Edmunds, Faulk, Marshall, Spink",,Culvert Cleaning & Lining,,,3,Various Locations Throughout the Aberdeen Area,,,
sd_sddot_20200715_item_001,sd_sddot_2020_07_15,sd_sddot_bid_tabs_2020_07_15,SD,sd_sddot,,1,AWARDED,"Forby Contracting, Inc.",1396068.6,"Beadle, Hand",,Pavement Restoration,,,3,Various Locations in Huron Area,,,
sd_sddot_20200715_item_002,sd_sddot_2020_07_15,sd_sddot_bid_tabs_2020_07_15,SD,sd_sddot,,2,AWARDED,"BX CIVIL & CONSTRUCTION, INC.",505327.25,Davison,,Traffic Signal & ADA Upgrades,,,3,Intersection of SD37 & Minnesota St in Mitchell,,,
sd_sddot_20200715_item_003,sd_sddot_2020_07_15,sd_sddot_bid_tabs_2020_07_15,SD,sd_sddot,,3,AWARDED,"SUBSURFACE, INC.",193416.25,Clark,,Culvert Repair,,,2,SD Highway 28 from the Spink/Clark County Line to 5 Miles West of Willow Lake,,,
sd_sddot_20200805_item_001,sd_sddot_2020_08_05,sd_sddot_bid_tabs_2020_08_05,SD,sd_sddot,,1,AWARDED,"Corr Construction Services, Inc",213617.8,Custer,,Structure & Approach Grading,,,7,Structure 0.2 miles north of Hermosa over a creek,,,
sd_sddot_20200805_item_002,sd_sddot_2020_08_05,sd_sddot_bid_tabs_2020_08_05,SD,sd_sddot,,2,AWARDED,"Corr Construction Services, Inc",1088233.3,Butte,,Structure & Approach Grading,,,3,SD79 - 10 miles NE of SD168 Over Frog Creek,,,
sd_sddot_20200805_item_003,sd_sddot_2020_08_05,sd_sddot_bid_tabs_2020_08_05,SD,sd_sddot,,3,AWARDED,Asphalt Paving & Materials Company,3589804.32,Hughes,,"Mill & AC Surfacing, Pipe Work",,,6,US14 - Fm E of Blunt to the Hughes/Hyde Co Line,,,
sd_sddot_20200805_item_004,sd_sddot_2020_08_05,sd_sddot_bid_tabs_2020_08_05,SD,sd_sddot,,4,AWARDED,Action Systems Inc.dba Action Electric,101040.6,Moody,,Lighting,,,3,I29 - Rest Area at Exit 121 (Ward) - Moody County,,,
sd_sddot_20200805_item_005,sd_sddot_2020_08_05,sd_sddot_bid_tabs_2020_08_05,SD,sd_sddot,,5,AWARDED,"Hamm Contracting, LLC",3256560.1,Pennington,,Signing & Delineation,,,2,"Various County, City, & Township Roads in Pennington County",,,
sd_sddot_20200819_item_001,sd_sddot_2020_08_19,sd_sddot_bid_tabs_2020_08_19,SD,sd_sddot,,1,AWARDED,"Corr Construction Services, Inc",1197550.4,Tripp,,Structure & Approach Grading,,,2,Structure 2.5 miles north & 6.9 miles east of Millboro on 296th St over Rahn Lake,,,
sd_sddot_20200819_item_002,sd_sddot_2020_08_19,sd_sddot_bid_tabs_2020_08_19,SD,sd_sddot,,2,AWARDED,"D & G Concrete Construction, Inc.",2244316.02,Lincoln,,ADA & Pavement Restoration,,,9,US18 - Through Canton,,,
sd_sddot_20200819_item_003,sd_sddot_2020_08_19,sd_sddot_bid_tabs_2020_08_19,SD,sd_sddot,,3,AWARDED,WEBSTER SCALE INC,1353429.9,Day,,"Grading, AC Surf. & Erosion Protection",,,6,Approximately 15 miles north of Webster on 435th Ave in between 125th St and 126th St in Day County,,,
sd_sddot_20200819_item_004,sd_sddot_2020_08_19,sd_sddot_bid_tabs_2020_08_19,SD,sd_sddot,,4,CANCELLED,,,"Edmunds, Hamlin, McPherson Cancellation of Award of Contract",,Signing & Delineation,,,,"Various County, Tribal and City Roads in the Aberdeen Region",,,
sd_sddot_20200902_item_001,sd_sddot_2020_09_02,sd_sddot_bid_tabs_2020_09_02,SD,sd_sddot,,1,WITHDRAWN,,,Clay Withdrawn from Letting,,"Shldr Widen, Grading, RCBCs & AC Surf",,,,SD46 - From Irene to SD19A,,,
sd_sddot_20200902_item_002,sd_sddot_2020_09_02,sd_sddot_bid_tabs_2020_09_02,SD,sd_sddot,,2,AWARDED,MORRIS INC.,6830151.64,Stanley,,"Mill & AC, Pipe, Deck Overlay, Erosion",,,4,SD1806 - Fm the Lyman/Stanley Co Line N 14.7; Str 11.2 SE of US83 over Antelope Ck,,,
sd_sddot_20200902_item_003,sd_sddot_2020_09_02,sd_sddot_bid_tabs_2020_09_02,SD,sd_sddot,,3,AWARDED,"TI-ZACK CONCRETE, INC.",5673795.2,Brown,,Curb Ramp Upgrades & PCCP Repair,,,3,US281 and US12 through Aberdeen,,,
sd_sddot_20200902_item_004,sd_sddot_2020_09_02,sd_sddot_bid_tabs_2020_09_02,SD,sd_sddot,,4,AWARDED,SPENCER QUARRIES INCORPORATED,4309328.69,"Minnehaha, Turner",,"Mill & AC, Str Repair & Intersections",,,2,"SD19 from the SD44 to SD42, & SD44 from the west Jct with SD19 to the east Jct of SD19",,,
sd_sddot_20200902_item_005,sd_sddot_2020_09_02,sd_sddot_bid_tabs_2020_09_02,SD,sd_sddot,,5,AWARDED,"BITUMINOUS PAVING, INC.",8338450.78,Lyman,,AC Resurfacing,,,4,SD248 - Fm US83 to Reliance,,,
sd_sddot_20200902_item_006,sd_sddot_2020_09_02,sd_sddot_bid_tabs_2020_09_02,SD,sd_sddot,,6,AWARDED,"DIAMOND SURFACE, INC",3296559.35,"Hutchinson, McCook, Union, Yankton",,Pavement Restoration,,,4,Various Routes in the Yankton Area,,,
sd_sddot_20200916_item_001,sd_sddot_2020_09_16,sd_sddot_bid_tabs_2020_09_16,SD,sd_sddot,,1,AWARDED,MICHELS CORPORATION,17114000,Roberts,,"PCC Overlay, AC Resurf, Polymer Seals",,,5,"I29 NBL from N of Exit 224 (Peever) to S of Exit 242 & SD 10, From East of SD 127 to East of I29",,,
sd_sddot_20200916_item_002,sd_sddot_2020_09_16,sd_sddot_bid_tabs_2020_09_16,SD,sd_sddot,,2,AWARDED,Jensen Construction Company,49990247.46,"Hughes, Stanley",,Replace Structure & Intersection Improv.,,,3,US14 - Missouri River Bridge at Pierre,,,
sd_sddot_20200916_item_003,sd_sddot_2020_09_16,sd_sddot_bid_tabs_2020_09_16,SD,sd_sddot,,3,AWARDED,"BITUMINOUS PAVING, INC.",5849208.17,Bennett,,"Mill & AC Surf, ADA Ramps, Signals",,,4,"US18 - Fm the W Jct with SD73, Through Martin, to the E Jct of SD73, & Fm W of Antelope Road/242 Ave to the Bennett/Todd Co Line; SD73 From US18 in Martin South 0.30 Miles",,,
sd_sddot_20201007_item_001,sd_sddot_2020_10_07,sd_sddot_bid_tabs_2020_10_07,SD,sd_sddot,,1,AWARDED,"Reede Construction, Inc.",37412446.36,McCook,,"PCCP, Pipe Work, Grading, Structures",,,6,"I90 EBL - Fm 2 W of the Salem Interchange to 2 W of Humboldt; Str W of US81 Interchange over Fork Vermillion River, Str E of US81 Interchange over 443 Ave, Strs W of Minnehaha Co Line over Fork Vermillion River & 453 Ave",,,
sd_sddot_20201007_item_002,sd_sddot_2020_10_07,sd_sddot_bid_tabs_2020_10_07,SD,sd_sddot,,2,AWARDED,"LOISEAU CONSTRUCTION, INC.",14815979.58,"Douglas, Hutchinson",,"Shldr Widen, AC Surf. & Pipe Work",,,5,SD Highway 44 - Fm the E Jct with US281 to SD37 at Parkston,,,
sd_sddot_20201007_item_003,sd_sddot_2020_10_07,sd_sddot_bid_tabs_2020_10_07,SD,sd_sddot,,3,AWARDED,LIEN TRANSPORTATION CO,319947.95,Brown,,Construct Median Crossover,,,3,"US12, 0.8 miles east of Bath",,,
sd_sddot_20201007_item_004,sd_sddot_2020_10_07,sd_sddot_bid_tabs_2020_10_07,SD,sd_sddot,,4,AWARDED,"DOUBLE H PAVING, INC",1092212.33,Minnehaha,,Ramp Detours & Median Crossover,,,5,I90 - Fm W of Humboldt to Near Hartford,,,
sd_sddot_20201007_item_005,sd_sddot_2020_10_07,sd_sddot_bid_tabs_2020_10_07,SD,sd_sddot,,5,AWARDED,"BITUMINOUS PAVING, INC.",3392566,Brown,,Mill & AC Resurfacing,,,4,SD 10 from Jct of US 281 14 miles East,,,
sd_sddot_20201007_item_006,sd_sddot_2020_10_07,sd_sddot_bid_tabs_2020_10_07,SD,sd_sddot,,6,AWARDED,"DUININCK, INC",2054691.28,Lincoln,,"Mill & AC Resurfacing, Pipe Work",,,8,SD115 - From US18 to Harrisburg,,,
sd_sddot_20201007_item_007,sd_sddot_2020_10_07,sd_sddot_bid_tabs_2020_10_07,SD,sd_sddot,,7,AWARDED,"QUINN CONSTRUCTION, INC",287233.25,Lawrence,,Pipe Work,,,3,I90 from Wyoming State Line to West of Exit 10,,,
sd_sddot_20201007_item_008,sd_sddot_2020_10_07,sd_sddot_bid_tabs_2020_10_07,SD,sd_sddot,,8,AWARDED,Complete Concrete Inc dba Complete Contracting Sol,512487.57,Pennington,,PCC Pavement Repair,,,2,Various Locations Throughout the Rapid City Region,,,
sd_sddot_20201007_item_009,sd_sddot_2020_10_07,sd_sddot_bid_tabs_2020_10_07,SD,sd_sddot,,9,AWARDED,"BX CIVIL & CONSTRUCTION, INC.",1422111,Lincoln,,CRC Pavement Repair,,,3,I29 - Fm Exit 62 (Canton Interchange) to Exit 73 (Tea Interchange),,,
sd_sddot_20201021_item_001,sd_sddot_2020_10_21,sd_sddot_bid_tabs_2020_10_21,SD,sd_sddot,,1,AWARDED,Halme Inc.,1539445.7,Codington,,Storm Sewer Outfalls,,,5,US212 - Fm US81 to 19th St SE in Watertown,,,
sd_sddot_20201021_item_002,sd_sddot_2020_10_21,sd_sddot_bid_tabs_2020_10_21,SD,sd_sddot,,2,AWARDED,Halme Inc.,33589,Codington,,Watermain Lowering at Storm Sewer,,,5,US81 - South of the US81/US212 intersection in Watertown,,,
sd_sddot_20201021_item_003,sd_sddot_2020_10_21,sd_sddot_bid_tabs_2020_10_21,SD,sd_sddot,,3,AWARDED,"SUBSURFACE, INC.",84291.25,Roberts,,CIPP or CCCP Culvert Liner,,,4,SD 15 - 11 miles SE of Wilmont,,,
sd_sddot_20201021_item_004,sd_sddot_2020_10_21,sd_sddot_bid_tabs_2020_10_21,SD,sd_sddot,,4,AWARDED,"BX CIVIL & CONSTRUCTION, INC.",951500,"Brookings, Lake, Lincoln, Minnehaha, Moody",,Culvert Repair,,,3,Various Locations in the Sioux Falls Area,,,
sd_sddot_20201021_item_005,sd_sddot_2020_10_21,sd_sddot_bid_tabs_2020_10_21,SD,sd_sddot,,5,AWARDED,"Dakota Traffic Services, LLC",127654.06,Clark,,Durable Pavement Marking,,,2,US Highway 212 in Clark,,,
sd_sddot_20201021_item_006,sd_sddot_2020_10_21,sd_sddot_bid_tabs_2020_10_21,SD,sd_sddot,,6,AWARDED,"Hamm Contracting, LLC",686100.2,Stanley,,Signing & Delineation,,,3,"Various County, City, & Township Roads in Stanley Co",,,
sd_sddot_20201021_item_007,sd_sddot_2020_10_21,sd_sddot_bid_tabs_2020_10_21,SD,sd_sddot,,7,AWARDED,"Corr Construction Services, Inc",424637.3,Fall River,,Approach Slab Repair,,,3,US18 -6 miles NE of Edgemont,,,
sd_sddot_20201021_item_008,sd_sddot_2020_10_21,sd_sddot_bid_tabs_2020_10_21,SD,sd_sddot,,8,AWARDED,"MUTH ELECTRIC, INC.",192201,Moody,,Interchange Lighting,,,4,I29 - Exit 109 (Colman Interchange),,,
sd_sddot_20201021_item_009,sd_sddot_2020_10_21,sd_sddot_bid_tabs_2020_10_21,SD,sd_sddot,,9,AWARDED,ASPHALT SURFACING COMPANY,3015669.67,"Lincoln, Minnehaha, Moody, Union",,Crossroad Improvements,,,3,I29 - Mitchell Region,,,
sd_sddot_20201104_item_001,sd_sddot_2020_11_04,sd_sddot_bid_tabs_2020_11_04,SD,sd_sddot,,1,AWARDED,Complete Concrete Inc dba Complete Contracting Sol,17484588.63,Pennington,,"Interchange, PCC Surfacing, Structures",,,2,"I90 - Exit 59, (LaCrosse Street & Maple Street) in Rapid City",,,
sd_sddot_20201104_item_002,sd_sddot_2020_11_04,sd_sddot_bid_tabs_2020_11_04,SD,sd_sddot,,2,AWARDED,Complete Concrete Inc dba Complete Contracting Sol,707279.23,Pennington,,Sanitary Sewer and Water Main Replacemen,,,2,Adjacent to the Interchange on Both the North and South Segments of LaCrosse Street. The City’s Utility Replacement Work may Extend Approximately 100 Feet Beyond the DOT Project Limits on the South Side of the Project.,,,
sd_sddot_20201104_item_003,sd_sddot_2020_11_04,sd_sddot_bid_tabs_2020_11_04,SD,sd_sddot,,3,AWARDED,"MIDWEST CONTRACTING, LLC",3488643.93,Roberts,,Grading & RCBC Structure,,,5,SD15 - 3 structures between I29 and Wilmont,,,
sd_sddot_20201104_item_004,sd_sddot_2020_11_04,sd_sddot_bid_tabs_2020_11_04,SD,sd_sddot,,4,AWARDED,"MIDWEST CONTRACTING, LLC",12682115.06,Bon Homme,,"Grading, Interim Surf, Strs, & Lighting",,,1,"SD52 from SD37 to SD50, & SD37P at Springfield",,,
sd_sddot_20201104_item_005,sd_sddot_2020_11_04,sd_sddot_bid_tabs_2020_11_04,SD,sd_sddot,,5,AWARDED,Sharpe Enterprises Inc.,1809052.61,"Mellette, Tripp",,Scour Protection,,,2,Various Locations in Winner Area,,,
sd_sddot_20201104_item_006,sd_sddot_2020_11_04,sd_sddot_bid_tabs_2020_11_04,SD,sd_sddot,,6,AWARDED,KNIFE RIVER MIDWEST LLC,6769998.7,Union,,Mill & AC Surf. Intersection Impr. Pipe,,,5,SD48 - Fm I29 to Just E of the Iowa State Line; SD48 - Str 1.5 E of SD 11 Over E Union Ck,,,
sd_sddot_20201104_item_007,sd_sddot_2020_11_04,sd_sddot_bid_tabs_2020_11_04,SD,sd_sddot,,7,AWARDED,"BORDER STATES PAVING, INC.",5647686.33,"Jones, Lyman, Mellette",,AC Resurfacing,,,4,US183 - Fm the White River to SD248,,,
sd_sddot_20201118_item_001,sd_sddot_2020_11_18,sd_sddot_bid_tabs_2020_11_18,SD,sd_sddot,,1,AWARDED,"BITUMINOUS PAVING, INC.",7919816.87,Fall River,,"Mill & AC Resurf., Replace RCBC",,,3,US18E - Fm Smithwick Road to the S Jct of US385 on the Original Lanes of the Heartland Expressway,,,
sd_sddot_20201118_item_002,sd_sddot_2020_11_18,sd_sddot_bid_tabs_2020_11_18,SD,sd_sddot,,2,AWARDED,"WESTERN CONSTRUCTION, INC.",3399806.92,"Lawrence, Meade",,"Mill & AC Concrete Resurf., Pipe Work",,,4,US14A - Fm E of the US85 N Jct to the PCC segment in Sturgis,,,
sd_sddot_20201118_item_003,sd_sddot_2020_11_18,sd_sddot_bid_tabs_2020_11_18,SD,sd_sddot,,3,AWARDED,"Corr Construction Services, Inc",985490.3,Pennington,,Structure & Approach Grading,,,2,Structure 0.6 miles west & 0.1 mile south of Rochford over Rapid Creek,,,
sd_sddot_20201118_item_004,sd_sddot_2020_11_18,sd_sddot_bid_tabs_2020_11_18,SD,sd_sddot,,4,AWARDED,JIM RIVER FENCING LLC,270094.7,Pennington,,Interstate Fence,,,1,I90 E&W - Fm Exit 98 to E of Exit 107,,,
sd_sddot_20201202_item_001,sd_sddot_2020_12_02,sd_sddot_bid_tabs_2020_12_02,SD,sd_sddot,,1,AWARDED,T&R Contracting Inc,11099144.85,Tripp,,Urban Reconstruction,,,5,"US18 - Fm W of Monroe St to Lincoln St in Winner, US18E&W - Fm Lincoln St to 3rd St in Winner, & US18 - Fm 3rd St to 7th St in Winner",,,
sd_sddot_20201202_item_002,sd_sddot_2020_12_02,sd_sddot_bid_tabs_2020_12_02,SD,sd_sddot,,2,AWARDED,T&R Contracting Inc,1095430.15,Tripp,,Watermain & Sewer Relocation,,,5,US18 – Fm W of Monroe St to 9th St in Winner and SD44 from the Jct with US18 to Plum St.,,,
sd_sddot_20201202_item_003,sd_sddot_2020_12_02,sd_sddot_bid_tabs_2020_12_02,SD,sd_sddot,,3,AWARDED,"CENTRAL SPECIALTIES, INC",11277765.88,Clay,,"Shldr Widen, Grading, RCBCs & AC Surf",,,3,SD46 - From Irene to SD19A,,,
sd_sddot_20201202_item_004,sd_sddot_2020_12_02,sd_sddot_bid_tabs_2020_12_02,SD,sd_sddot,,4,AWARDED,KNIFE RIVER MIDWEST LLC,6313104.72,Clay,,"AC Surf., Surf. Prep, Guardrail",,,5,SD46 - Fm W of SD19/SD19A to W of the Jct with I29,,,
sd_sddot_20201202_item_005,sd_sddot_2020_12_02,sd_sddot_bid_tabs_2020_12_02,SD,sd_sddot,,5,AWARDED,"Hilt Construction,Inc.",98278.7,Pennington,,Corridor Signing,,,2,Rapid City Region,,,
sd_sddot_20201209_item_001,sd_sddot_2020_12_09,sd_sddot_bid_tabs_2020_12_09,SD,sd_sddot,,1,AWARDED,Complete Concrete Inc dba Complete Contracting Sol,22771269.16,Jackson,,"Grading, PCC Surfacing & Str. Rehab",,,7,"I90 - EBL, Fm E of the Belvidere Exit to W of the Jackson/Jones Co Line; Str Over I90, 2.5 SW of the SD63 N Exit, Perault Rd",,,
sd_sddot_20201209_item_002,sd_sddot_2020_12_09,sd_sddot_bid_tabs_2020_12_09,SD,sd_sddot,,2,AWARDED,Asphalt Paving & Materials Company,2997779.34,"Clark, Spink",,Mill & AC Resurfacing & Pipe Work,,,4,US Highway 212 from Dolan to 6 miles West of Clark,,,
sd_sddot_20201209_item_003,sd_sddot_2020_12_09,sd_sddot_bid_tabs_2020_12_09,SD,sd_sddot,,3,AWARDED,Asphalt Paving & Materials Company,2582447.87,Spink,,"Cold Mill, AC Resurfacing, Pipe Culverts",,,4,SD37 - Fm Doland to Turton,,,
sd_sddot_20201209_item_004,sd_sddot_2020_12_09,sd_sddot_bid_tabs_2020_12_09,SD,sd_sddot,,4,AWARDED,"BORDER STATES PAVING, INC.",6214184.11,"Jackson, Pennington",,"Mill & AC Resurf, Pipe Work, Repl. Struc",,,5,US14 - Fm E of Wall to Cottonwood; US14 - 3.8 W of the Jackson Co Line Over a Branch of Cottonwood Creek,,,
sd_sddot_20201209_item_005,sd_sddot_2020_12_09,sd_sddot_bid_tabs_2020_12_09,SD,sd_sddot,,5,AWARDED,"BORDER STATES PAVING, INC.",8310020.48,Perkins,,Mill & AC Resurfacing & Pipe Work,,,5,SD20 - Fm Prairie City to SD73,,,
sd_sddot_20201209_item_006,sd_sddot_2020_12_09,sd_sddot_bid_tabs_2020_12_09,SD,sd_sddot,,6,AWARDED,"HEAVY CONSTRUCTORS, INC.",688256.22,Pennington,,Structure & Approach Grading,,,2,0.4 miles east & 0.3 miles north of Hill City Over Major Lake Spillway,,,
sd_sddot_20201209_item_007,sd_sddot_2020_12_09,sd_sddot_bid_tabs_2020_12_09,SD,sd_sddot,,7,AWARDED,Grangaard Construction Inc,5978629.51,Harding,,Structures & Approach Grading,,,1,SD20 - 4.2 & 5.0 E of the Montana State Line Over the Little Missouri River & Over Valley Creek & 14.8 E of the E US85 Jct Over Sioux Creek,,,
sd_sddot_20201209_item_008,sd_sddot_2020_12_09,sd_sddot_bid_tabs_2020_12_09,SD,sd_sddot,,8,AWARDED,"Louis-Company, LLC",383837.25,Roberts,,Polymer Chip Seal,,,6,"I29 - Strs N of Summit, SD15 - Str E of Wilmont",,,
sd_sddot_20210120_item_001,sd_sddot_2021_01_20,sd_sddot_bid_tabs_2021_01_20,SD,sd_sddot,,1,AWARDED,"GRAVES CONSTRUCTION CO., INC.",1728038.55,Turner,,Structure Replacement,,,4,Structure 2.9 E of Viborg on 291st St over a creek SN 63-189-230,,,
sd_sddot_20210120_item_002,sd_sddot_2021_01_20,sd_sddot_bid_tabs_2021_01_20,SD,sd_sddot,,2,AWARDED,R AND G CONSTRUCTION CO,13420018.47,"Deuel, Grant",,"Grading, Interim Surfacing, & Structures",,,4,"SD15 from US212 north to SD20, SD20 from the south jct with SD15 to the north Jct with SD15, & SD15 from SD20 north 0.4 miles",,,
sd_sddot_20210120_item_003,sd_sddot_2021_01_20,sd_sddot_bid_tabs_2021_01_20,SD,sd_sddot,,3,AWARDED,"Reede Construction, Inc.",12999430.54,Potter,,"Urban Grad., PCC Surf., ADA, Storm Sewer",,,2,US Highway 212 through Gettysburg,,,
sd_sddot_20210120_item_004,sd_sddot_2021_01_20,sd_sddot_bid_tabs_2021_01_20,SD,sd_sddot,,4,AWARDED,"Reede Construction, Inc.",696093.5,Potter,,Sanitary Sewer and Water Main,,,2,US Highway 212 through Gettysburg,,,
sd_sddot_20210120_item_005,sd_sddot_2021_01_20,sd_sddot_bid_tabs_2021_01_20,SD,sd_sddot,,5,NO BIDS,,,"Lawrence, Meade, Pennington",,Replace Fence,,,,I90 - Rapid City Area,,,
sd_sddot_20210120_item_006,sd_sddot_2021_01_20,sd_sddot_bid_tabs_2021_01_20,SD,sd_sddot,,6,AWARDED,"BX CIVIL & CONSTRUCTION, INC.",1374570.86,"Lincoln, Minnehaha, Union",,"Guardrail, Culvert, Shoulder ACC Surf.",,,4,Interstate 29 and 229 in the Sioux Falls and Yankton Areas,,,
sd_sddot_20210120_item_007,sd_sddot_2021_01_20,sd_sddot_bid_tabs_2021_01_20,SD,sd_sddot,,7,AWARDED,"WESTERN CONSTRUCTION, INC.",1359377.94,Meade,,Median and Ramp Crossovers,,,5,I90 E&W - Fm Exit 32 (Sturgis) to Exit 40 (Tilford),,,
sd_sddot_20210120_item_008,sd_sddot_2021_01_20,sd_sddot_bid_tabs_2021_01_20,SD,sd_sddot,,8,AWARDED,"CENTRAL SPECIALTIES, INC",5352180.9,Grant,,Mill & AC Resurfacing,,,4,US12 from Milbank to the Minnesota State Line,,,
sd_sddot_20210120_item_009,sd_sddot_2021_01_20,sd_sddot_bid_tabs_2021_01_20,SD,sd_sddot,,9,AWARDED,"Anderson Western, Inc.",9209247.06,"Butte, Meade",,"Mill & AC Resurf., Str Repl., Culvert",,,6,"SD34 - Fm Regent St in Sturgis to E of SD79, SD79 - Fm SD34 to S of US212",,,
sd_sddot_20210120_item_010,sd_sddot_2021_01_20,sd_sddot_bid_tabs_2021_01_20,SD,sd_sddot,,10,AWARDED,SPENCER QUARRIES INCORPORATED,5476822.73,"Brule, Buffalo",,"Mill & AC Resurf., Pipe Work, Guardrail",,,6,SD45 - Fm 6 N of Kimball to 7 N of SD34,,,
sd_sddot_20210120_item_011,sd_sddot_2021_01_20,sd_sddot_bid_tabs_2021_01_20,SD,sd_sddot,,11,AWARDED,Asphalt Paving & Materials Company,4585446.97,Spink,,"Mill, AC Resurfacing, Pipe Work",,,5,SD28 - Fm W of SD37 to the Clark Co Line,,,
sd_sddot_20210203_item_001,sd_sddot_2021_02_03,sd_sddot_bid_tabs_2021_02_03,SD,sd_sddot,,1,AWARDED,"MIDLAND CONTRACTING, INC",6839500.5,Clay,,"Grading, Mill & AC Surf, Lighting & Str",,,4,SD50 - From the divided lanes west of Vermillion to the divided lanes east of Vermillion,,,
sd_sddot_20210203_item_002,sd_sddot_2021_02_03,sd_sddot_bid_tabs_2021_02_03,SD,sd_sddot,,2,AWARDED,"MIDLAND CONTRACTING, INC",3077119.99,Clay,,Storm Sewer for Drainage Improvements,,,4,SD50 EB Ditch within Public ROW from Over Drive to Dakota Street in Vermillion,,,
sd_sddot_20210203_item_003,sd_sddot_2021_02_03,sd_sddot_bid_tabs_2021_02_03,SD,sd_sddot,,3,AWARDED,Mainline Holdings Inc,424727.25,"Butte, Perkins",,Pipe Culvert Repair,,,2,Belle Fourche Area,,,
sd_sddot_20210203_item_004,sd_sddot_2021_02_03,sd_sddot_bid_tabs_2021_02_03,SD,sd_sddot,,4,AWARDED,"INDUSTRIAL BUILDERS, INC",969044.24,Spink,,"Deck Overlay, Approach Rail, Approach",,,4,US281 - Strs 0.5 N of US212 over Turtle Ck; 5.8 N of US212 over Snake Ck,,,
sd_sddot_20210203_item_005,sd_sddot_2021_02_03,sd_sddot_bid_tabs_2021_02_03,SD,sd_sddot,,5,AWARDED,"LOISEAU CONSTRUCTION, INC.",10982474.5,Brule,,"Grading, Mill & AC Surf, Pipe & Lighting",,,3,SD50 - Fm K St to I-90 at Chamberlain,,,
sd_sddot_20210203_item_006,sd_sddot_2021_02_03,sd_sddot_bid_tabs_2021_02_03,SD,sd_sddot,,6,AWARDED,"BORDER STATES PAVING, INC.",4121644.01,Meade,,"Mill & AC Surfacing, Pipework",,,6,SD34 - Fm W of Union Center to W of the SD73 W Jct,,,
sd_sddot_20210203_item_007,sd_sddot_2021_02_03,sd_sddot_bid_tabs_2021_02_03,SD,sd_sddot,,7,AWARDED,Asphalt Surface Technologies Corporation,1457516.73,"Lincoln, McCook, Minnehaha, Turner",,Asphalt Surface Treatment,,,4,Various Routes in the Sioux Falls Area,,,
sd_sddot_20210203_item_008,sd_sddot_2021_02_03,sd_sddot_bid_tabs_2021_02_03,SD,sd_sddot,,8,AWARDED,"Hamm Contracting, LLC",1195065.73,"Edmunds, Hamlin, McPherson",,Signing & Delineation,,,2,"Various County, Tribal and City Roads in the Aberdeen Region",,,
sd_sddot_20210217_item_001,sd_sddot_2021_02_17,sd_sddot_bid_tabs_2021_02_17,SD,sd_sddot,,1,AWARDED,"Prahm Construction, Inc.",1052935.68,Lincoln,,Structure & Approach Grading,,,5,Structure 1.5 miles north of Worthing over Beaver Creek,,,
sd_sddot_20210217_item_002,sd_sddot_2021_02_17,sd_sddot_bid_tabs_2021_02_17,SD,sd_sddot,,2,AWARDED,"Riley Bros. Construction, Inc.",10776200.93,Hamlin,,"Shoulder Widening, Culvert Work, Grading",,,4,SD28 - Fm 7 W of Lake Norden to US81,,,
sd_sddot_20210217_item_003,sd_sddot_2021_02_17,sd_sddot_bid_tabs_2021_02_17,SD,sd_sddot,,3,AWARDED,"BX CIVIL & CONSTRUCTION, INC.",443629.45,Beadle,,"Approach Slabs, AC Surfacing, Guardrail",,,2,US14 - Str 2 NW of Wolsey Over Cain Ck,,,
sd_sddot_20210217_item_004,sd_sddot_2021_02_17,sd_sddot_bid_tabs_2021_02_17,SD,sd_sddot,,4,AWARDED,Northwest Asphalt & Maintenance,61657.3,"Brookings, Hamlin",,Asphalt Concrete Crack Sealing,,,6,Various Routes in the Watertown Area,,,
sd_sddot_20210217_item_005,sd_sddot_2021_02_17,sd_sddot_bid_tabs_2021_02_17,SD,sd_sddot,,5,AWARDED,Wyo Services LLC,608813.15,Lawrence,,Wildlife Fence,,,3,Rapid City Area,,,
sd_sddot_20210217_item_006,sd_sddot_2021_02_17,sd_sddot_bid_tabs_2021_02_17,SD,sd_sddot,,6,NO BIDS,,,Lawrence No bids received.,,Fence Replacement,,,,US85 from the Wyoming State Line to Cheyenne Crossing,,,
sd_sddot_20210303_item_001,sd_sddot_2021_03_03,sd_sddot_bid_tabs_2021_03_03,SD,sd_sddot,,1,AWARDED,"Foothills Contracting, Inc.",9882436.16,Hutchinson,,"Shoulder Widening, Spot Grading, Pipe",,,7,US Highway 18 - From E of the James River to US Highway 81,,,
sd_sddot_20210303_item_002,sd_sddot_2021_03_03,sd_sddot_bid_tabs_2021_03_03,SD,sd_sddot,,2,AWARDED,"BORDER STATES PAVING, INC.",3999253.86,Perkins,,"Mill & AC Resurfacing, Pipe Work",,,5,SD73 - Fm 0.5 S of Shadehill to the SD20 Jct,,,
sd_sddot_20210303_item_003,sd_sddot_2021_03_03,sd_sddot_bid_tabs_2021_03_03,SD,sd_sddot,,3,AWARDED,"BITUMINOUS PAVING, INC.",3456217.6,Custer,,AC Resurfacing & Landslide Repair,,,6,SD36 - Fm US16A to SD79,,,
sd_sddot_20210303_item_004,sd_sddot_2021_03_03,sd_sddot_bid_tabs_2021_03_03,SD,sd_sddot,,4,AWARDED,"BITUMINOUS PAVING, INC.",3232202.57,"Gregory, Jackson, Lyman, Mellette, Todd, Tripp",,Asphalt Surface Treatment,,,4,Various Routes in the Winner Area,,,
sd_sddot_20210303_item_005,sd_sddot_2021_03_03,sd_sddot_bid_tabs_2021_03_03,SD,sd_sddot,,5,AWARDED,"BITUMINOUS PAVING, INC.",1384132.83,"Lawrence, Meade",,Asphalt Surface Treatment,,,5,Various Routes in the Rapid City Area,,,
sd_sddot_20210303_item_006,sd_sddot_2021_03_03,sd_sddot_bid_tabs_2021_03_03,SD,sd_sddot,,6,AWARDED,Asphalt Surface Technologies Corporation,99341.46,"Lawrence, Pennington",,Rout & Seal,,,4,Various Routes in the Rapid City Area,,,
sd_sddot_20210303_item_007,sd_sddot_2021_03_03,sd_sddot_bid_tabs_2021_03_03,SD,sd_sddot,,7,AWARDED,Northwest Asphalt & Maintenance,123726,Grant,,Asphalt Concrete Crack Leveling,,,6,SD20 - Fm SD15 Junction E to MN State Line,,,
sd_sddot_20210303_item_008,sd_sddot_2021_03_03,sd_sddot_bid_tabs_2021_03_03,SD,sd_sddot,,8,AWARDED,"Dakota Barricade, LLC",173975.39,Pennington,,Sprayable Durable Pavement Marking,,,2,Various locations on the State System in Pennington County,,,
sd_sddot_20210303_item_009,sd_sddot_2021_03_03,sd_sddot_bid_tabs_2021_03_03,SD,sd_sddot,,9,AWARDED,"MUTH ELECTRIC, INC.",803970.9,Roberts,,Commercial Vehicle Screening System,,,2,I29 S - Sisseton Port of Entry,,,
sd_sddot_20210317_item_001,sd_sddot_2021_03_17,sd_sddot_bid_tabs_2021_03_17,SD,sd_sddot,,1,AWARDED,"TRU-FORM CONSTRUCTION, INC.",1127902.6,Butte,,"Int. Impr., ADA, Signals",,,2,SD34/US85 Intersection & US85/US212 Intersection,,,
sd_sddot_20210317_item_002,sd_sddot_2021_03_17,sd_sddot_bid_tabs_2021_03_17,SD,sd_sddot,,2,AWARDED,"BOWES CONSTRUCTION, INC.",2623078,"Brookings, Codington",,Modify Intersection,,,5,Various Locations in the Watertown Area,,,
sd_sddot_20210317_item_003,sd_sddot_2021_03_17,sd_sddot_bid_tabs_2021_03_17,SD,sd_sddot,,3,AWARDED,"Dakota Traffic Services, LLC",188799.8,"Aurora, Charles Mix, Douglas, Hanson, Hutchinson, Jerauld, Lincoln, McCook, Minnehaha, Moody, Sanborn, Turner, Union, Yankton",,Rumble Strips,,,2,Various locations in the Mitchell Region,,,
sd_sddot_20210317_item_004,sd_sddot_2021_03_17,sd_sddot_bid_tabs_2021_03_17,SD,sd_sddot,,4,AWARDED,"Dakota Traffic Services, LLC",136552,Davison,,Durable Pavement Marking,,,2,SD Highway 37 in Mitchell,,,
sd_sddot_20210317_item_005,sd_sddot_2021_03_17,sd_sddot_bid_tabs_2021_03_17,SD,sd_sddot,,5,AWARDED,The Truesdell Corporation,1297297,Lawrence,,High Friction Surface Treatment,,,4,Various Locations on the state and local systems in the Rapid City Region,,,
sd_sddot_20210317_item_006,sd_sddot_2021_03_17,sd_sddot_bid_tabs_2021_03_17,SD,sd_sddot,,6,AWARDED,Asphalt Surface Technologies Corporation,1776911.97,"Haakon, Jackson, Mellette, Potter, Stanley",,Asphalt Surface Treatment,,,5,Various Routes in the Pierre and Winner Areas,,,
sd_sddot_20210317_item_007,sd_sddot_2021_03_17,sd_sddot_bid_tabs_2021_03_17,SD,sd_sddot,,7,AWARDED,"BITUMINOUS PAVING, INC.",551019.55,"Codington, Deuel, Roberts",,Asphalt Surface Treatment,,,4,Various Routes in the Watertown Area,,,
sd_sddot_20210317_item_008,sd_sddot_2021_03_17,sd_sddot_bid_tabs_2021_03_17,SD,sd_sddot,,8,AWARDED,Asphalt Surface Technologies Corporation,2080989.06,"Brown, Day, Marshall, McPherson",,Asphalt Surface Treatment,,,4,Various Routes in the Aberdeen Area,,,
sd_sddot_20210317_item_009,sd_sddot_2021_03_17,sd_sddot_bid_tabs_2021_03_17,SD,sd_sddot,,9,AWARDED,"Roadway Services, Inc.",93437.12,"Hughes, Lyman, Stanley, Sully",,Asphalt Concrete Crack Sealing,,,5,Various Routes in the Pierre Area,,,
sd_sddot_20210317_item_010,sd_sddot_2021_03_17,sd_sddot_bid_tabs_2021_03_17,SD,sd_sddot,,10,AWARDED,Asphalt Surface Technologies Corporation,68960.6,"Brown, Spink",,Asphalt Concrete Crack Sealing,,,6,Various Routes in the Aberdeen Area,,,
sd_sddot_20210317_item_011,sd_sddot_2021_03_17,sd_sddot_bid_tabs_2021_03_17,SD,sd_sddot,,11,AWARDED,Asphalt Surface Technologies Corporation,397267.31,"Edmunds, McPherson",,Crack Leveling,,,7,SD247 - Fm Roscoe N to SD10 junction,,,
sd_sddot_20210317_item_012,sd_sddot_2021_03_17,sd_sddot_bid_tabs_2021_03_17,SD,sd_sddot,,12,AWARDED,"Hamm Contracting, LLC",1651293,Custer,,County Signing Project,,,3,Custer County,,,
sd_sddot_20210414_item_001,sd_sddot_2021_04_14,sd_sddot_bid_tabs_2021_04_14,SD,sd_sddot,,1,AWARDED,"DUININCK, INC",2531321,Deuel,,"Mill & AC Resurfacing, Pipe Work",,,4,SD28 - Fm SD15 to the Minnesota State Line,,,
sd_sddot_20210414_item_002,sd_sddot_2021_04_14,sd_sddot_bid_tabs_2021_04_14,SD,sd_sddot,,2,AWARDED,"DUININCK, INC",4002766.3,"Deuel, Hamlin",,"Mill & AC, Structure & Pipe Work",,,4,SD22 Fm US81 to I29; I29 Exits 157 & 164 Ramps,,,
sd_sddot_20210414_item_003,sd_sddot_2021_04_14,sd_sddot_bid_tabs_2021_04_14,SD,sd_sddot,,3,AWARDED,Grangaard Construction Inc,554593.5,Sully,,Structure & Approach Grading,,,2,Structure 13.6 E of Onida on 185th St over Medicine Creek SN 60-456-130,,,
sd_sddot_20210414_item_004,sd_sddot_2021_04_14,sd_sddot_bid_tabs_2021_04_14,SD,sd_sddot,,4,AWARDED,Grangaard Construction Inc,3612797.96,McCook,,"Replace Str Bridge, Approach Grading",,,3,SD38 - 1.5 W of Jct US81 over W Fork Vermillion River,,,
sd_sddot_20210414_item_005,sd_sddot_2021_04_14,sd_sddot_bid_tabs_2021_04_14,SD,sd_sddot,,5,AWARDED,"INTERSTATE IMPROVEMENT, INC.",476961.15,Kingsbury,,PCC Grinding & Repair,,,3,US14 through De Smet,,,
sd_sddot_20210414_item_006,sd_sddot_2021_04_14,sd_sddot_bid_tabs_2021_04_14,SD,sd_sddot,,6,AWARDED,"CENTRAL SPECIALTIES, INC",2966084.03,"Lincoln, Minnehaha",,AC Resurfacing & PCC Pavement Repair,,,2,I229 NBL & SBL - Fm Exit 1 (Louise Ave) to Exit 2 (Western Ave),,,
sd_sddot_20210414_item_007,sd_sddot_2021_04_14,sd_sddot_bid_tabs_2021_04_14,SD,sd_sddot,,7,AWARDED,Asphalt Surface Technologies Corporation,85891.8,"Corson, Walworth",,Asphalt Concrete Crack Sealing,,,5,Various Routes in the Mobridge Area,,,
sd_sddot_20210414_item_008,sd_sddot_2021_04_14,sd_sddot_bid_tabs_2021_04_14,SD,sd_sddot,,8,AWARDED,Asphalt Surface Technologies Corporation,1819652.04,"Harding, Perkins",,Asphalt Surface Treatment,,,5,Various Routes in the Belle Fourche Area,,,
sd_sddot_20210414_item_009,sd_sddot_2021_04_14,sd_sddot_bid_tabs_2021_04_14,SD,sd_sddot,,9,AWARDED,Asphalt Surface Technologies Corporation,1734727.99,"Custer, Fall River",,Asphalt Surface Treatment,,,5,Various Routes in the Custer Area,,,
sd_sddot_20210414_item_010,sd_sddot_2021_04_14,sd_sddot_bid_tabs_2021_04_14,SD,sd_sddot,,10,AWARDED,Asphalt Surface Technologies Corporation,3498498.83,"Brule, Charles Mix, Davison, Douglas, Gregory, Hanson, Hutchinson, Jerauld, McCook",,Asphalt Surface Treatment,,,4,Various Routes in the Mitchell Area,,,
sd_sddot_20210414_item_011,sd_sddot_2021_04_14,sd_sddot_bid_tabs_2021_04_14,SD,sd_sddot,,11,AWARDED,Asphalt Surface Technologies Corporation,1327178.7,"Beadle, Clark, Hyde, Kingsbury",,Asphalt Surface Treatment,,,4,Various Routes in the Huron Area,,,
sd_sddot_20210414_item_012,sd_sddot_2021_04_14,sd_sddot_bid_tabs_2021_04_14,SD,sd_sddot,,12,AWARDED,"Highway Improvement, Inc",171451.86,"Butte, Harding, Perkins",,Asphalt Concrete Crack Sealing,,,6,Various Routes in the Belle Fourche Area,,,
sd_sddot_20210414_item_013,sd_sddot_2021_04_14,sd_sddot_bid_tabs_2021_04_14,SD,sd_sddot,,13,AWARDED,"Highway Improvement, Inc",427077.71,"Brule, Buffalo, Charles Mix, Jerauld, Lake, Minnehaha",,Asphalt Concrete Crack Sealing,,,4,Various Routes in the Mitchell Region,,,
sd_sddot_20210421_item_001,sd_sddot_2021_04_21,sd_sddot_bid_tabs_2021_04_21,SD,sd_sddot,,1,AWARDED,"Iowa Civil Contracting, Inc.",5279157.3,Minnehaha,,"Bdg Deck Overlay, App. Slabs, GR",,,3,"I29 - Exits 78 (26th St), 81 (Maple St.) & 83 (60th St) in Sioux Falls",,,
sd_sddot_20210421_item_002,sd_sddot_2021_04_21,sd_sddot_bid_tabs_2021_04_21,SD,sd_sddot,,2,AWARDED,"Iowa Civil Contracting, Inc.",1554070.7,Minnehaha,,Concrete Pavement Restoration,,,3,"12th St. fm Marion Rd to I29, Madison St. fm Marion Rd to Louise Ave. & 26th St. fm Marion Rd to Shirley Ave. in Sioux Falls",,,
sd_sddot_20210421_item_003,sd_sddot_2021_04_21,sd_sddot_bid_tabs_2021_04_21,SD,sd_sddot,,3,AWARDED,Swingen Construction Company,993230.6,Yankton,,Structure & Approach Grading,,,2,Structure 7.6 miles north & 2.3 miles east of Lesterville over a creek,,,
sd_sddot_20210421_item_004,sd_sddot_2021_04_21,sd_sddot_bid_tabs_2021_04_21,SD,sd_sddot,,4,AWARDED,The Road Guy Construction Company Inc,1329126.37,"Clay, Lincoln, Union",,Asphalt Surface Treatment,,,3,Various Routes in the Yankton Area,,,
sd_sddot_20210421_item_005,sd_sddot_2021_04_21,sd_sddot_bid_tabs_2021_04_21,SD,sd_sddot,,5,AWARDED,Traffic Services Company LLC,337698.21,"Butte, Meade, Pennington",,Cold Plastics Durable Pavement Marking,,,2,Various locations on the State System in the Rapid City Region,,,
sd_sddot_20210421_item_006,sd_sddot_2021_04_21,sd_sddot_bid_tabs_2021_04_21,SD,sd_sddot,,6,AWARDED,Northwest Asphalt & Maintenance,174254.85,"Hutchinson, Union",,Asphalt Concrete Crack Sealing,,,3,Various Routes in the Yankton Area,,,
sd_sddot_20210421_item_007,sd_sddot_2021_04_21,sd_sddot_bid_tabs_2021_04_21,SD,sd_sddot,,7,REJECTED,,,Meade Project Rejected by the Transportation Commission,,Shared Use Path,,,,Sturgis along Otter Rd from Raccoon Rd to Vanocker Canyon Rd and along Vanocker Canyon Rd Fm Otter Rd to Pineview Drive,,,
sd_sddot_20210421_item_008,sd_sddot_2021_04_21,sd_sddot_bid_tabs_2021_04_21,SD,sd_sddot,,8,REJECTED,,,"Brule, Davison, Lincoln, McCook, Minnehaha Project Rejected by the Transportation Commission",,Mitchell Region Bridge Rehabilitation,,,,Various routes in the Mitchell Region,,,
sd_sddot_20210505_item_001,sd_sddot_2021_05_05,sd_sddot_bid_tabs_2021_05_05,SD,sd_sddot,,1,AWARDED,Elite Enterprises LLC,600000.55,Lawrence,,Fence Replacement,,,2,US85 from the Wyoming State Line to Cheyenne Crossing,,,
sd_sddot_20210505_item_002,sd_sddot_2021_05_05,sd_sddot_bid_tabs_2021_05_05,SD,sd_sddot,,2,AWARDED,"Corr Construction Services, Inc",4498771.3,Pennington,,Bridge Rehabilitation,,,4,US16A WB & EB - Over US16E at the Keystone Interchange,,,
sd_sddot_20210505_item_003,sd_sddot_2021_05_05,sd_sddot_bid_tabs_2021_05_05,SD,sd_sddot,,3,AWARDED,T&R Contracting Inc,224475.95,Lincoln,,Grading and Sidewalk Construction,,,6,Tea on the Athletic Complex along the N side of 7th St and E side of Main Ave,,,
sd_sddot_20210505_item_004,sd_sddot_2021_05_05,sd_sddot_bid_tabs_2021_05_05,SD,sd_sddot,,4,AWARDED,"Anderson Contractors, Inc.",899438.51,Lyman,,Rest Area Pavement Restoration,,,2,I90 EB and WB - Vivian Rest Area,,,
sd_sddot_20210505_item_005,sd_sddot_2021_05_05,sd_sddot_bid_tabs_2021_05_05,SD,sd_sddot,,5,AWARDED,Traffic Services Company LLC,165954.12,"Bennett, Campbell, Walworth",,Durable Pavement Marking,,,2,Various locations on the State System in the Pierre Region,,,
sd_sddot_20210505_item_006,sd_sddot_2021_05_05,sd_sddot_bid_tabs_2021_05_05,SD,sd_sddot,,6,AWARDED,"Anderson Western, Inc.",540403.15,Harding,,AC Resurfacing,,,4,US85 - Fm 1.6 N of Bull Creek to Ludlow,,,
sd_sddot_20210519_item_001,sd_sddot_2021_05_19,sd_sddot_bid_tabs_2021_05_19,SD,sd_sddot,,1,AWARDED,Top Grade Concrete LLC,280000,Turner,,Sidewalk and Shared Use Path,,,4,Viborg along E Park Ave from Sorenson St to Commercial St and from Nora St to Industrial St,,,
sd_sddot_20210519_item_002,sd_sddot_2021_05_19,sd_sddot_bid_tabs_2021_05_19,SD,sd_sddot,,2,AWARDED,"INTERSTATE IMPROVEMENT, INC.",5218455.15,"Butte, Custer, Fall River, Lawrence",,"Pvmnt Rest, Grinding, AC Median Repair",,,3,Various Routes in the Belle Fourche & Custer Areas,,,
sd_sddot_20210519_item_003,sd_sddot_2021_05_19,sd_sddot_bid_tabs_2021_05_19,SD,sd_sddot,,3,AWARDED,"BITUMINOUS PAVING, INC.",4261467.94,Hughes,,"AC Resurfacing, Pipe Work",,,5,US14 - Fm W of SD1804 to W of the US83 N Jct (Blunt Jct),,,
sd_sddot_20210519_item_004,sd_sddot_2021_05_19,sd_sddot_bid_tabs_2021_05_19,SD,sd_sddot,,4,AWARDED,Schweigert Construction Inc.,959902.44,Gregory,,Slide Repair,,,4,SD44 - 0.3 W of Platte/Winner Bridge - Gregory County,,,
sd_sddot_20210519_item_005,sd_sddot_2021_05_19,sd_sddot_bid_tabs_2021_05_19,SD,sd_sddot,,5,AWARDED,Traffic Solutions Inc,96997,Regionwide,,County Pavement Marking,,,2,Various Locations in the Pierre Region,,,
sd_sddot_20210519_item_006,sd_sddot_2021_05_19,sd_sddot_bid_tabs_2021_05_19,SD,sd_sddot,,6,NO BIDS,,,Regionwide No Bids Received on 5/19/21 Letting.,,County Pavement Markings,,,,Various Locations in the Aberdeen Region,,,
sd_sddot_20210602_item_001,sd_sddot_2021_06_02,sd_sddot_bid_tabs_2021_06_02,SD,sd_sddot,,1,AWARDED,"Forby Contracting, Inc.",1278965,"Hughes, Sully",,Pavement Restoration,,,4,Various Routes in the Pierre Area,,,
sd_sddot_20210602_item_002,sd_sddot_2021_06_02,sd_sddot_bid_tabs_2021_06_02,SD,sd_sddot,,2,AWARDED,Hydro Klean LLC,734959.18,"Brown, Clark, Day, Edmunds, Faulk, Hamlin",,CIP Lining,,,2,Various Locations Throughout the Aberdeen Region,,,
sd_sddot_20210602_item_003,sd_sddot_2021_06_02,sd_sddot_bid_tabs_2021_06_02,SD,sd_sddot,,3,AWARDED,"Specialized Pavement Marking, Inc.",799943.75,Regionwide,,County Pavement Marking,,,1,Various Locations in the Rapid City Region,,,
sd_sddot_20210616_item_001,sd_sddot_2021_06_16,sd_sddot_bid_tabs_2021_06_16,SD,sd_sddot,,1,AWARDED,Grangaard Construction Inc,1846339.55,Brookings,,Structure Replacement,,,9,Structure 4S & 2.3W of Brookings on 216th Street over the Big Sioux River SN 06-147-200,,,
sd_sddot_20210616_item_002,sd_sddot_2021_06_16,sd_sddot_bid_tabs_2021_06_16,SD,sd_sddot,,2,AWARDED,"B & B Contracting, Inc.",797932.95,Clark,,Erosion Repair,,,9,SD20 - Fm 2 W of Bradley to Bradley,,,
sd_sddot_20210616_item_003,sd_sddot_2021_06_16,sd_sddot_bid_tabs_2021_06_16,SD,sd_sddot,,3,AWARDED,"Big-O-Concrete, LLC",744964.58,Meade,,Shared Use Path,,,4,Sturgis along Otter Rd from Raccoon Rd to Vanocker Canyon Rd and along Vanocker Canyon Rd from Otter Rd to Pineview Drive,,,
sd_sddot_20210616_item_004,sd_sddot_2021_06_16,sd_sddot_bid_tabs_2021_06_16,SD,sd_sddot,,4,AWARDED,"DIAMOND SURFACE, INC",971619.02,Lincoln,,PCC Pavement Grinding,,,5,US18 - Fm W of the E SD11 Jct to the Iowa State Line,,,
sd_sddot_20210616_item_005,sd_sddot_2021_06_16,sd_sddot_bid_tabs_2021_06_16,SD,sd_sddot,,5,AWARDED,"Dakota Traffic Services, LLC",2237242,Regionwide,,County Pavement Marking,,,3,Various Locations in the Mitchell Region,,,
sd_sddot_20210721_item_001,sd_sddot_2021_07_21,sd_sddot_bid_tabs_2021_07_21,SD,sd_sddot,,1,AWARDED,"BX CIVIL & CONSTRUCTION, INC.",643274.41,"Brule, Davison, Lincoln, McCook, Minnehaha",,Bridge Slope Protection Rehabilitation,,,2,Various routes in the Mitchell and Sioux Falls Areas,,,
sd_sddot_20210721_item_002,sd_sddot_2021_07_21,sd_sddot_bid_tabs_2021_07_21,SD,sd_sddot,,2,REJECTED,,,"Lincoln, Miner, Minnehaha, Moody, Turner Project Rejected by the Transportation Commission",,"Culvert, Drop Inlet & Ditch Cleanout",,,,Various Locations Throughout the Sioux Falls Area,,,
sd_sddot_20210721_item_003,sd_sddot_2021_07_21,sd_sddot_bid_tabs_2021_07_21,SD,sd_sddot,,3,AWARDED,"DIAMOND SURFACE, INC",1332032.82,"Day, Marshall",,Pavement Restoration,,,3,Various Routes in the Aberdeen Area,,,
sd_sddot_20210721_item_004,sd_sddot_2021_07_21,sd_sddot_bid_tabs_2021_07_21,SD,sd_sddot,,4,AWARDED,"DIAMOND SURFACE, INC",2538076.06,"Aurora, Davison",,PCC Pavement Grinding,,,6,I90 EBL - Fm Plankinton to Mitchell,,,
sd_sddot_20210721_item_005,sd_sddot_2021_07_21,sd_sddot_bid_tabs_2021_07_21,SD,sd_sddot,,5,AWARDED,"PACIFIC PAINTING CO., INC.",1712124,"Lawrence, Meade",,"Zone Painting, Diaphragm Weld Repair",,,4,Various Locations Along I-90,,,
sd_sddot_20210818_item_001,sd_sddot_2021_08_18,sd_sddot_bid_tabs_2021_08_18,SD,sd_sddot,,1,AWARDED,Prairie States Trucking,8470304.66,Kingsbury,,"Grading, AC Surfacing",,,6,"US81 - Fm 4.8 S of the US14 S Jct, N 3",,,
sd_sddot_20210818_item_002,sd_sddot_2021_08_18,sd_sddot_bid_tabs_2021_08_18,SD,sd_sddot,,2,AWARDED,MORRIS INC.,1085591.3,Mellette,,Emergency Roadway Realignment,,,2,Approximately 0.8 mi west and 1 mile south of White River on 268th Ave (Ring Thunder Road),,,
sd_sddot_20210818_item_003,sd_sddot_2021_08_18,sd_sddot_bid_tabs_2021_08_18,SD,sd_sddot,,3,AWARDED,"BX CIVIL & CONSTRUCTION, INC.",364500,"Jackson, Stanley",,Culvert Replacement and Repair,,,4,Various Locations Throughout the Pierre Area,,,
sd_sddot_20210818_item_004,sd_sddot_2021_08_18,sd_sddot_bid_tabs_2021_08_18,SD,sd_sddot,,4,AWARDED,Garrett Fencing Inc,584834,"Lawrence, Meade, Pennington",,Interstate Fence Replacement,,,2,I90 - Rapid City Area,,,
sd_sddot_20210818_item_005,sd_sddot_2021_08_18,sd_sddot_bid_tabs_2021_08_18,SD,sd_sddot,,5,AWARDED,Mainline Contracting Inc,1249669.67,Lawrence,,Shared Use Path,,,3,"Spearfish - along College Ln Fm the NW corner of Mortensen Ln to Hillsview Rd, along Hillsview Rd to McGuigan Rd, fm McGuigan Rd to Clear Springs Rd, along Clear Springs Rd to Tumble Weed Trl, along Tumble Weed Tr fm Clear Springs Rd to McGuigan Rd",,,
sd_sddot_20210901_item_001,sd_sddot_2021_09_01,sd_sddot_bid_tabs_2021_09_01,SD,sd_sddot,,1,AWARDED,"Reede Construction, Inc.",20993728.92,Tripp,,"Grading, PCC Surf. C&G, ADA, Storm",,,2,US18 - Fm W of the Str Over Dog Ear Ck To W of Monroe St in Winner,,,
sd_sddot_20210901_item_002,sd_sddot_2021_09_01,sd_sddot_bid_tabs_2021_09_01,SD,sd_sddot,,2,AWARDED,"Reede Construction, Inc.",1300785.95,Tripp,,Water/Sewer Replacement and Upgrades,,,2,US18 - From W of the Str Over Dog Ear Ck To W of Monroe St in Winner & SD44 - From E of Plum St to E of Sale Barn Rd/317th Ave in Winner,,,
sd_sddot_20210901_item_003,sd_sddot_2021_09_01,sd_sddot_bid_tabs_2021_09_01,SD,sd_sddot,,3,AWARDED,Grangaard Construction Inc,947534.4,Lawrence,,Structure & Approach Grading,,,2,Structure 2E & 5.5N of Spearfish over the Redwater River SN 41-110-008,,,
sd_sddot_20210901_item_004,sd_sddot_2021_09_01,sd_sddot_bid_tabs_2021_09_01,SD,sd_sddot,,4,AWARDED,KNIFE RIVER MIDWEST LLC,10324775.48,"Lyman, Tripp",,"Mill, AC Resurfacing, Spot Grading, Pipe",,,6,SD49 - Fm SD44 to SD47,,,
sd_sddot_20210901_item_005,sd_sddot_2021_09_01,sd_sddot_bid_tabs_2021_09_01,SD,sd_sddot,,5,AWARDED,Journey Group Companies,2105698.3,"Hutchinson, Turner",,Structure Repairs & Zone Painting,,,4,SD44 - Strs 15 E of SD37 Over the James River; 9 W of US81 over Wolf Ck; 3.3 W of SD19 Over SD Owned RR,,,
sd_sddot_20210901_item_006,sd_sddot_2021_09_01,sd_sddot_bid_tabs_2021_09_01,SD,sd_sddot,,6,AWARDED,"Surface Preparation Technologies, LLC",298829,Regionwide,,Rumble Stripes & Pavement Markings,,,4,Various locations on the local system in the Aberdeen Region,,,
sd_sddot_20210915_item_001,sd_sddot_2021_09_15,sd_sddot_bid_tabs_2021_09_15,SD,sd_sddot,,1,AWARDED,"BX CIVIL & CONSTRUCTION, INC.",335500,"Lincoln, Miner, Minnehaha, Moody, Turner",,"Culvert, Drop Inlet & Ditch Cleanout",,,3,Various Locations Throughout the Sioux Falls Area,,,
sd_sddot_20210915_item_002,sd_sddot_2021_09_15,sd_sddot_bid_tabs_2021_09_15,SD,sd_sddot,,2,AWARDED,"Corr Construction Services, Inc",794237.9,Butte,,Structure Replacement,,,3,Structure 9.1 E & 1 S of Belle Fourche on Snoma Road over Maloney Creek SN 10-191-390,,,
sd_sddot_20210915_item_003,sd_sddot_2021_09_15,sd_sddot_bid_tabs_2021_09_15,SD,sd_sddot,,3,AWARDED,SPENCER QUARRIES INCORPORATED,1725004.98,Clay,,Mill & AC Resurfacing,,,6,SD46 - Fm Irene to W of SD19/SD19A,,,
sd_sddot_20210915_item_004,sd_sddot_2021_09_15,sd_sddot_bid_tabs_2021_09_15,SD,sd_sddot,,4,AWARDED,"BITUMINOUS PAVING, INC.",21484456.19,Lyman,,"Mill & AC, Pipe Work & Bridge Rehab",,,4,I90 EBL & WBL - Fm Presho to Reliance,,,
sd_sddot_20210915_item_005,sd_sddot_2021_09_15,sd_sddot_bid_tabs_2021_09_15,SD,sd_sddot,,5,AWARDED,"CENTRAL SPECIALTIES, INC",5531417.48,"Deuel, Grant",,AC Surfacing,,,4,SD15 - Fm the N Jct of US212 N to S Jct of SD20 and SD20 - Fm the S Jct of SD15 to the N Jct of SD15,,,
sd_sddot_20210915_item_006,sd_sddot_2021_09_15,sd_sddot_bid_tabs_2021_09_15,SD,sd_sddot,,6,AWARDED,Traffic Solutions Inc,437390.75,"Codington, Hamlin",,Durable Pavement Marking,,,2,Various locations on the State System in the Aberdeen Region,,,
sd_sddot_20210915_item_007,sd_sddot_2021_09_15,sd_sddot_bid_tabs_2021_09_15,SD,sd_sddot,,7,AWARDED,"Hamm Contracting, LLC",4999168.1,"Corson, Dewey, Haakon, Harding, Jackson, Jones, Lawrence, Mellette, Oglala Lakota, Perkins, Sully, Todd, Tripp, Walworth, Ziebach",,Signing & Delineation,,,1,"Various Paved County, Tribal and City Roads in the Pierre and Rapid City Regions.",,,
sd_sddot_20211006_item_001,sd_sddot_2021_10_06,sd_sddot_bid_tabs_2021_10_06,SD,sd_sddot,,1,AWARDED,SPENCER QUARRIES INCORPORATED,6236602.16,Bon Homme,,"AC Surfacing, Approach Slab, Guardrail",,,6,SD52 - Fm SD37 to SD50 & SD 37P - Fm SD37 through Springfield,,,
sd_sddot_20211006_item_002,sd_sddot_2021_10_06,sd_sddot_bid_tabs_2021_10_06,SD,sd_sddot,,2,AWARDED,"MIDWEST CONTRACTING, LLC",4816089.85,Stanley,,Drainage Improvement and Erosion Repair,,,2,SD1806 - 3 S of the US83 Jct S of Fort Pierre,,,
sd_sddot_20211006_item_003,sd_sddot_2021_10_06,sd_sddot_bid_tabs_2021_10_06,SD,sd_sddot,,3,AWARDED,"SUBSURFACE, INC.",2999999.97,"Jackson, Jones",,Pipe Work,,,1,I90 - Fm W of the Jackson/Jones Co Line to 3 W of Exit 201 (Draper),,,
sd_sddot_20211006_item_004,sd_sddot_2021_10_06,sd_sddot_bid_tabs_2021_10_06,SD,sd_sddot,,4,AWARDED,"RAM Construction Services of Michigan, Inc.",353239.77,"Brown, Day, Marshall, Spink",,Bridge Deck Polymer Chip Seal,,,5,"SD37 - Strs 1.8 N Jct SD20W, 1.1 S of the Brown Co Line, 7.4, 4.4, 2.3 S Jct US12; SD27 – Strs 8.9, 4.7 S Marshall Co Line, 0.3 E of Langford & 2.3 S Jct SD10",,,
sd_sddot_20211020_item_001,sd_sddot_2021_10_20,sd_sddot_bid_tabs_2021_10_20,SD,sd_sddot,,1,WITHDRAWN,,,McCook Project Withdrawn from letting.,,"PCC Pavement, Structures & Bridge Rehab",,,,I90 WBL - Fm 2 W of the Salem Interchange to 2 W of Humboldt; I90 Str - 0.6 W of the US81 Interchange Over the W Fork of the Vermillion River; I90 Str - 2 E of the US81 Interchange Over 443 Ave,,,
sd_sddot_20211020_item_002,sd_sddot_2021_10_20,sd_sddot_bid_tabs_2021_10_20,SD,sd_sddot,,2,AWARDED,"BITUMINOUS PAVING, INC.",13177735.5,"Brown, Edmunds",,"Modify Intersection, Passing Lanes",,,5,US12 – Fm Ipswich to the Divided Highway W of Aberdeen,,,
sd_sddot_20211020_item_003,sd_sddot_2021_10_20,sd_sddot_bid_tabs_2021_10_20,SD,sd_sddot,,3,AWARDED,"BORDER STATES PAVING, INC.",16190104.15,"Jones, Mellette",,"AC Surfacing, ADA Upgrades",,,4,US83 - Fm White River to S of Murdo,,,
sd_sddot_20211020_item_004,sd_sddot_2021_10_20,sd_sddot_bid_tabs_2021_10_20,SD,sd_sddot,,4,AWARDED,"BORDER STATES PAVING, INC.",3394608.33,Mellette,,"Shared Use Path Construction, Lighting",,,4,US83 - Fm Pony Street in Horse Creek N to White River,,,
sd_sddot_20211020_item_005,sd_sddot_2021_10_20,sd_sddot_bid_tabs_2021_10_20,SD,sd_sddot,,5,AWARDED,"Nolz Dragline and Construction Company, Inc",460281.2,Clay,,Structure & Approach Grading,,,5,Structure 0.6 mile south & 15 miles east of Irene over Ash Creek,,,
sd_sddot_20211020_item_006,sd_sddot_2021_10_20,sd_sddot_bid_tabs_2021_10_20,SD,sd_sddot,,6,AWARDED,"Corr Construction Services, Inc",1976220.75,Fall River,,Structure & Approach Grading,,,2,Structure 4E & 1.8N of Edgemont over abandoned RR line SN 24-162-102,,,
sd_sddot_20211020_item_007,sd_sddot_2021_10_20,sd_sddot_bid_tabs_2021_10_20,SD,sd_sddot,,7,AWARDED,"J.V. Bailey Company, Inc.",364960.9,"Custer, Lawrence, Meade, Pennington",,Bridge Deck Polymer Chip Seal Repair,,,2,Various Highways in the Rapid City Region,,,
sd_sddot_20211020_item_008,sd_sddot_2021_10_20,sd_sddot_bid_tabs_2021_10_20,SD,sd_sddot,,8,AWARDED,A-G-E Corporation,91776.96,Brule,,Scour Protection at RCBC Outlet,,,4,SD50 - 5.4 North of the I90 Loop Over Bad Hand Creek,,,
sd_sddot_20211020_item_009,sd_sddot_2021_10_20,sd_sddot_bid_tabs_2021_10_20,SD,sd_sddot,,9,AWARDED,"BX CIVIL & CONSTRUCTION, INC.",343869,Lyman,,RCBC Joint Repair,,,4,SD273 - 3.5 & 6.5 miles north of Kennebec,,,
sd_sddot_20211020_item_010,sd_sddot_2021_10_20,sd_sddot_bid_tabs_2021_10_20,SD,sd_sddot,,10,AWARDED,Complete Concrete Inc dba Complete Contracting Sol,790933.84,Pennington,,ADA Curb Ramps & Sidewalk,,,3,SD40 - Through Keystone,,,
sd_sddot_20211103_item_001,sd_sddot_2021_11_03,sd_sddot_bid_tabs_2021_11_03,SD,sd_sddot,,1,AWARDED,Complete Concrete Inc dba Complete Contracting Sol,22618378.6,Fall River,,"Urban Recon. PCC Surf, SW, C&G, Lighting",,,3,US18 - Fm US385 to the Hot Springs City Limits,,,
sd_sddot_20211103_item_002,sd_sddot_2021_11_03,sd_sddot_bid_tabs_2021_11_03,SD,sd_sddot,,2,AWARDED,Complete Concrete Inc dba Complete Contracting Sol,3221921.62,Fall River,,"Urban Reconst. PCC Surf, C&G, Lighting",,,3,US385 - Fm N of Jennings Ave to S of Minnekahta Ave in Hot Springs,,,
sd_sddot_20211103_item_003,sd_sddot_2021_11_03,sd_sddot_bid_tabs_2021_11_03,SD,sd_sddot,,3,AWARDED,Complete Concrete Inc dba Complete Contracting Sol,3904538,Fall River,,Suspended Sidewalk,,,3,US385 - Fm N of Jennings Ave to S of Minnekahta Ave in Hot Springs,,,
sd_sddot_20211103_item_004,sd_sddot_2021_11_03,sd_sddot_bid_tabs_2021_11_03,SD,sd_sddot,,4,AWARDED,Complete Concrete Inc dba Complete Contracting Sol,1727507.65,Fall River,,"Water Main, Sanitary Sewer",,,3,"US18 fm US385 to the Hot Springs City Limits, US385 fm US385 to N of Jennings Ave and US385 fm S of Minnekahta Ave to Summerville St.",,,
sd_sddot_20211103_item_005,sd_sddot_2021_11_03,sd_sddot_bid_tabs_2021_11_03,SD,sd_sddot,,5,AWARDED,SPENCER QUARRIES INCORPORATED,7185028.92,Gregory,,Mill & AC Resurfacing,,,6,US18 - Fm Burke to W of SD43,,,
sd_sddot_20211117_item_001,sd_sddot_2021_11_17,sd_sddot_bid_tabs_2021_11_17,SD,sd_sddot,,1,AWARDED,"Anderson Western, Inc.",3550879.95,McPherson,,"AC Surf, Approach Slope Flat, Pipe Work",,,5,SD47 - Fm Eureka to the ND State Line,,,
sd_sddot_20211117_item_002,sd_sddot_2021_11_17,sd_sddot_bid_tabs_2021_11_17,SD,sd_sddot,,2,AWARDED,"Anderson Western, Inc.",3642098.4,Campbell,,Mill & AC Resurfacing,,,5,SD10 - Fm Pollock to US83,,,
sd_sddot_20211117_item_003,sd_sddot_2021_11_17,sd_sddot_bid_tabs_2021_11_17,SD,sd_sddot,,3,AWARDED,"HEAVY CONSTRUCTORS, INC.",6361292.01,"Butte, Lawrence, Meade",,Structures Replacement,,,2,"Structure NW of Newell on Orman Rd, Structure S of St Onge on St Onge Rd, Structure SW of St Onge on St Onge Rd & Structure SE of Maurine on Opal Rd",,,
sd_sddot_20211117_item_004,sd_sddot_2021_11_17,sd_sddot_bid_tabs_2021_11_17,SD,sd_sddot,,4,AWARDED,Kea Constructors LLC,5297447.55,Charles Mix,,"Bridge, Grdg, Intersection Realignment",,,4,US18 - 0.8 N of Pickstown Over Saint Francis Bay; US18 - Fm Pickstown to Lake Andes,,,
sd_sddot_20211117_item_005,sd_sddot_2021_11_17,sd_sddot_bid_tabs_2021_11_17,SD,sd_sddot,,5,AWARDED,"BOWES CONSTRUCTION, INC.",15305307.53,Brookings,,Interchange Construction,,,4,I29 - At 20th St in Brookings (214th St),,,
sd_sddot_20211117_item_006,sd_sddot_2021_11_17,sd_sddot_bid_tabs_2021_11_17,SD,sd_sddot,,6,AWARDED,"BX CIVIL & CONSTRUCTION, INC.",4115000,"Aurora, Brule, Davison, Hanson, McCook",,Interstate Cross Road Improvements,,,1,Various locations in the Mitchell Area & Rowley Street in Mitchell,,,
sd_sddot_20211117_item_007,sd_sddot_2021_11_17,sd_sddot_bid_tabs_2021_11_17,SD,sd_sddot,,7,AWARDED,"TRU-FORM CONSTRUCTION, INC.",730741.85,Pennington,,"Modify Intersection, Lighting",,,1,SD79 - Intersection of Spring Creek Rd,,,
sd_sddot_20211201_item_001,sd_sddot_2021_12_01,sd_sddot_bid_tabs_2021_12_01,SD,sd_sddot,,1,AWARDED,"J & J EARTH WORKS, INC",11925649.21,Codington,,"Grading, PCC Surf, C&G, ADA, Lighting",,,3,US212 - Fm US81 to 19th St SE in Watertown,,,
sd_sddot_20211201_item_002,sd_sddot_2021_12_01,sd_sddot_bid_tabs_2021_12_01,SD,sd_sddot,,2,AWARDED,"J & J EARTH WORKS, INC",928523.6,Codington,,Watermain Replacement,,,3,US212 - Fm US81 to 19th St SE in Watertown,,,
sd_sddot_20211201_item_003,sd_sddot_2021_12_01,sd_sddot_bid_tabs_2021_12_01,SD,sd_sddot,,3,AWARDED,"J & J EARTH WORKS, INC",521617.25,Codington,,Sanitary Sewer,,,3,US212 - Fm US81 to 19th St SE in Watertown,,,
sd_sddot_20211201_item_004,sd_sddot_2021_12_01,sd_sddot_bid_tabs_2021_12_01,SD,sd_sddot,,4,AWARDED,"Foothills Contracting, Inc.",13899350.16,Corson,,Replace Structure & Approach Grading,,,3,US12 - Strs 7.9 E of the Perkins Co Line & 0.2 W of SD65S over the Burlington Northern RR,,,
sd_sddot_20211201_item_005,sd_sddot_2021_12_01,sd_sddot_bid_tabs_2021_12_01,SD,sd_sddot,,5,AWARDED,SPENCER QUARRIES INCORPORATED,4720219.26,Bon Homme,,"Mill, AC Resurfacing, Pipe Work",,,6,"SD50, SD50E, SD50W – Fm 1 W of Tyndall through Tabor",,,
sd_sddot_20211201_item_006,sd_sddot_2021_12_01,sd_sddot_bid_tabs_2021_12_01,SD,sd_sddot,,6,AWARDED,"Nolz Dragline and Construction Company, Inc",526033.44,Miner,,Structure & Approach Grading,,,4,Structure 5 S & 6.6 W of Howard over Rock Creek SN 49-094-180,,,
sd_sddot_20211201_item_007,sd_sddot_2021_12_01,sd_sddot_bid_tabs_2021_12_01,SD,sd_sddot,,7,AWARDED,Michels Road and Stone Inc,37555832.5,McCook,,"PCC Pavement, Structures & Bridge Rehab",,,5,I90 WBL - Fm 2 W of the Salem Interchange to 2 W of Humboldt; I90 Str - 0.6 W of the US81 Interchange Over the W Fork of the Vermillion River; I90 Str - 2 E of the US81 Interchange Over 443 Ave,,,
sd_sddot_20211215_item_001,sd_sddot_2021_12_15,sd_sddot_bid_tabs_2021_12_15,SD,sd_sddot,,1,AWARDED,"D & G Concrete Construction, Inc.",35568714,Minnehaha,,"Modify Interchange, Urban Grading & PCC",,,4,I29 - Exit 77 (41st Street Interchange) in Sioux Falls,,,
sd_sddot_20211215_item_002,sd_sddot_2021_12_15,sd_sddot_bid_tabs_2021_12_15,SD,sd_sddot,,2,AWARDED,"D & G Concrete Construction, Inc.",1290058.82,Minnehaha,,"Remove Riprap, Modify Drainage, Pipe",,,4,I29 - SBL Fm 57th St to 49th St in Sioux Falls,,,
sd_sddot_20211215_item_003,sd_sddot_2021_12_15,sd_sddot_bid_tabs_2021_12_15,SD,sd_sddot,,3,AWARDED,"D & G Concrete Construction, Inc.",7134424.91,Minnehaha,,Water & Sanitary Sewer,,,4,41st Street In Sioux Falls - Fm W of Marion Rd to Shirley Ave,,,
sd_sddot_20211215_item_004,sd_sddot_2021_12_15,sd_sddot_bid_tabs_2021_12_15,SD,sd_sddot,,4,NO BIDS,,,Tripp,,Structure (92' Prestressed Girder Bridge) & Approach Grading,,,,Structure 2.9 miles north of Witten over Cottonwood Creek,,,
sd_sddot_20211215_item_005,sd_sddot_2021_12_15,sd_sddot_bid_tabs_2021_12_15,SD,sd_sddot,,5,AWARDED,"BORDER STATES PAVING, INC.",11563478.43,"Dewey, Potter, Sully",,"Mill, AC Resurfacing, Pipe work",,,5,"US212 - Fm LaPlant to the W Jct of US83, SD1804 - Fm Agar Rd N to the W US212 Jct & Fm the E US212 Jct to West Whitlock",,,
sd_sddot_20211215_item_006,sd_sddot_2021_12_15,sd_sddot_bid_tabs_2021_12_15,SD,sd_sddot,,6,AWARDED,"BORDER STATES PAVING, INC.",12183805.72,"Corson, Dewey, Walworth",,"Mill, AC Resurfacing, Pipe Work",,,5,US12 & US12 EBL & WBL - Fm Mobridge E City Limits to S of Selby; SD 20 - Fm Trail City to US12,,,
sd_sddot_20220119_item_001,sd_sddot_2022_01_19,sd_sddot_bid_tabs_2022_01_19,SD,sd_sddot,,1,AWARDED,"TI-ZACK CONCRETE, INC.",5674360.56,Pennington,,"ADA, Sidewalk, Signals, Intersection",,,3,SD44 - Fm LaCrosse St to Covington St in Rapid City,,,
sd_sddot_20220119_item_002,sd_sddot_2022_01_19,sd_sddot_bid_tabs_2022_01_19,SD,sd_sddot,,2,AWARDED,"TI-ZACK CONCRETE, INC.",444230.92,Pennington,,Shared Use Path,,,3,"Rapid City - On the east side of Cambell St. from the end of the side path south of Rocker Dr., N to E. Omaha St./Hwy. 44.",,,
sd_sddot_20220119_item_003,sd_sddot_2022_01_19,sd_sddot_bid_tabs_2022_01_19,SD,sd_sddot,,3,AWARDED,"TI-ZACK CONCRETE, INC.",781073.42,Pennington,,Replace Water and Sewer Mains,,,3,SD44 - Omaha/LaCrosse St. Intersection,,,
sd_sddot_20220119_item_004,sd_sddot_2022_01_19,sd_sddot_bid_tabs_2022_01_19,SD,sd_sddot,,4,AWARDED,"Anderson Western, Inc.",5016884.25,"Hand, Hyde",,"Mill, AC Resurfacing, Pipe Work",,,4,SD26 - Fm SD47 to SD45,,,
sd_sddot_20220119_item_005,sd_sddot_2022_01_19,sd_sddot_bid_tabs_2022_01_19,SD,sd_sddot,,5,AWARDED,"Anderson Western, Inc.",4153979.12,"Faulk, Hyde",,"Mill, AC Resurfacing, Pipe Work",,,4,SD47 - Fm N of SD26 to the US212 E Jct,,,
sd_sddot_20220119_item_006,sd_sddot_2022_01_19,sd_sddot_bid_tabs_2022_01_19,SD,sd_sddot,,6,AWARDED,Robert R. Schroeder Construction Inc.,375747,Moody,,Structure Removal,,,6,Structure on Crescent St in Flandreau over the Big Sioux River (City Owned) SN 51-147-097,,,
sd_sddot_20220119_item_007,sd_sddot_2022_01_19,sd_sddot_bid_tabs_2022_01_19,SD,sd_sddot,,7,AWARDED,Robert R. Schroeder Construction Inc.,2406846.03,Moody,,Structure & Approach Grading,,,3,Structure 9 N of Egan on 478th Ave over the Big Sioux River SN 51-120-044,,,
sd_sddot_20220119_item_008,sd_sddot_2022_01_19,sd_sddot_bid_tabs_2022_01_19,SD,sd_sddot,,8,AWARDED,"Anderson Western, Inc.",15300573.23,"Butte, Meade",,"Mill & Asphalt Resurf, Pipe, Guardrail",,,5,US 212 - Newell to Maurine,,,
sd_sddot_20220119_item_009,sd_sddot_2022_01_19,sd_sddot_bid_tabs_2022_01_19,SD,sd_sddot,,9,AWARDED,"BITUMINOUS PAVING, INC.",12314959.15,Sanborn,,"Mill, ACC, Rubblizing, Edge Drain, Culv",,,4,"SD37 - NBL & SBL, Fm the W Jct of SD34 to S of SD224",,,
sd_sddot_20220119_item_010,sd_sddot_2022_01_19,sd_sddot_bid_tabs_2022_01_19,SD,sd_sddot,,10,AWARDED,Mainline Contracting Inc,73707.9,Pennington,,Bank Stabilization,,,2,US16 - 0.1 E of US16/US16B Intersection on Spring Creek,,,
sd_sddot_20220202_item_001,sd_sddot_2022_02_02,sd_sddot_bid_tabs_2022_02_02,SD,sd_sddot,,1,AWARDED,Journey Group Companies,462518.5,Minnehaha,,"Deck Overlay, Approach Paving",,,3,"Interstate 90 - 2 miles west of Interstate 29, 470th Avenue overpass",,,
sd_sddot_20220202_item_002,sd_sddot_2022_02_02,sd_sddot_bid_tabs_2022_02_02,SD,sd_sddot,,2,AWARDED,"MIDLAND CONTRACTING, INC",10815862.65,Grant,,"Grading, Interim Surfacing, Replace Str",,,3,SD15 - From the N Jct of SD20 north to Milbank,,,
sd_sddot_20220202_item_003,sd_sddot_2022_02_02,sd_sddot_bid_tabs_2022_02_02,SD,sd_sddot,,3,AWARDED,"Hilt Construction,Inc.",310632.1,"Lawrence, Meade, Pennington",,Culvert Repair,,,2,Various Locations Throughout the Rapid City Area,,,
sd_sddot_20220202_item_004,sd_sddot_2022_02_02,sd_sddot_bid_tabs_2022_02_02,SD,sd_sddot,,4,AWARDED,"Jensen Rock & Sand, Inc.",2971640.97,"Butte, Harding, Perkins",,Asphalt Surface Treatment,,,4,Various Routes in the Belle Fourche Area,,,
sd_sddot_20220216_item_001,sd_sddot_2022_02_16,sd_sddot_bid_tabs_2022_02_16,SD,sd_sddot,,1,AWARDED,"Foothills Contracting, Inc.",19329354.59,Yankton,,"Grading, Structure, Int. Surf, Lighting",,,7,SD46 - Fm US81 to Irene,,,
sd_sddot_20220216_item_002,sd_sddot_2022_02_16,sd_sddot_bid_tabs_2022_02_16,SD,sd_sddot,,2,AWARDED,"Efraimson Electric, Inc.",161101.65,"Brookings, Hughes, Jackson",,Advanced Warning Flashing Signs,,,2,"US14 - In Cottonwood RCP&E RR DOT #190026Y, In Blunt RCP&E RR DOT #189665V, E of Volga RCP&E RR DOT #197525N",,,
sd_sddot_20220216_item_003,sd_sddot_2022_02_16,sd_sddot_bid_tabs_2022_02_16,SD,sd_sddot,,3,AWARDED,"BORDER STATES PAVING, INC.",4596629.39,"Corson, Perkins",,"Mill & AC Resurfacing, Pipe Work",,,5,US12 - from 1 mile west of Thunderhawk to Morristown and SD73 - Fm US12 to the ND State Line,,,
sd_sddot_20220216_item_004,sd_sddot_2022_02_16,sd_sddot_bid_tabs_2022_02_16,SD,sd_sddot,,4,AWARDED,The Road Guy Construction Company Inc,1431026.62,"Lake, Lincoln, Minnehaha",,Asphalt Surface Treatment,,,3,Various Locations in the Sioux Falls Area,,,
sd_sddot_20220216_item_005,sd_sddot_2022_02_16,sd_sddot_bid_tabs_2022_02_16,SD,sd_sddot,,5,AWARDED,"Highway Improvement, Inc",284810.46,"Butte, Harding, Lawrence, Meade, Perkins",,Rout & Seal,,,3,Various Locations in the Belle Fourche Area,,,
sd_sddot_20220302_item_001,sd_sddot_2022_03_02,sd_sddot_bid_tabs_2022_03_02,SD,sd_sddot,,1,AWARDED,"Hollaway Bridge and Culvert, Inc",354949.63,"Beadle, Brule, Clay, Hand, Lincoln, McCook",,Structure Removals,,,2,"Structures SE of Virgil on 393rd Ave, NW of Kimball on 360th Ave, NE of Vermillion on 465th Ave, NE of Miller on 366th Ave, NE of Canton on 281st St., S of Salem on 441st Ave",,,
sd_sddot_20220302_item_002,sd_sddot_2022_03_02,sd_sddot_bid_tabs_2022_03_02,SD,sd_sddot,,2,AWARDED,SPENCER QUARRIES INCORPORATED,1643900.95,Hanson,,"Mill, AC Resurfacing, Pipe Work",,,2,SD25 - Fm SD262 to SD38,,,
sd_sddot_20220302_item_003,sd_sddot_2022_03_02,sd_sddot_bid_tabs_2022_03_02,SD,sd_sddot,,3,AWARDED,"J.V. Bailey Company, Inc.",89450,Lawrence,,Bridge Rail Painting,,,3,"US85 - Strs. 0.1 NE, 0.6 NE & 0.8 NE of Jct US 385 over Whitewood Ck",,,
sd_sddot_20220302_item_004,sd_sddot_2022_03_02,sd_sddot_bid_tabs_2022_03_02,SD,sd_sddot,,4,AWARDED,"Martin Construction, Inc.",1839094.82,Meade,,Bank Stabilization,,,3,SD34 - 16.7 NE of the SD79N Jct,,,
sd_sddot_20220302_item_005,sd_sddot_2022_03_02,sd_sddot_bid_tabs_2022_03_02,SD,sd_sddot,,5,AWARDED,"Highway Improvement, Inc",134493.5,"Brown, Day, Marshall",,Rout & Seal,,,5,Various Routes in the Aberdeen Region,,,
sd_sddot_20220302_item_006,sd_sddot_2022_03_02,sd_sddot_bid_tabs_2022_03_02,SD,sd_sddot,,6,AWARDED,"Highway Improvement, Inc",56376.62,"Fall River, Oglala Lakota",,Rout & Seal,,,3,Various Location in the Custer Area,,,
sd_sddot_20220302_item_007,sd_sddot_2022_03_02,sd_sddot_bid_tabs_2022_03_02,SD,sd_sddot,,7,AWARDED,"Highway Improvement, Inc",113297.9,Pennington,,Rout & Seal,,,3,Various Locations in the Rapid City Area,,,
sd_sddot_20220316_item_001,sd_sddot_2022_03_16,sd_sddot_bid_tabs_2022_03_16,SD,sd_sddot,,1,AWARDED,"CENTRAL SPECIALTIES, INC",15779720.03,Walworth,,"Grading, Int. Surf, Structure & RCBC",,,4,SD47 - Fm SD20 to US12,,,
sd_sddot_20220316_item_002,sd_sddot_2022_03_16,sd_sddot_bid_tabs_2022_03_16,SD,sd_sddot,,2,AWARDED,Grangaard Construction Inc,6500005.66,Minnehaha,,"Structure, Approach Grading, C&G, AC",,,5,60th Street North in Sioux Falls,,,
sd_sddot_20220316_item_003,sd_sddot_2022_03_16,sd_sddot_bid_tabs_2022_03_16,SD,sd_sddot,,3,AWARDED,"Prahm Construction, Inc.",1344500.2,Tripp,,Structure & Approach Grading,,,6,Structure 2.9 miles north of Witten over Cottonwood Creek,,,
sd_sddot_20220316_item_004,sd_sddot_2022_03_16,sd_sddot_bid_tabs_2022_03_16,SD,sd_sddot,,4,AWARDED,"BITUMINOUS PAVING, INC.",1393879.95,"Edmunds, McPherson",,Asphalt Surface Treatment,,,3,Various Routes in the Aberdeen Area,,,
sd_sddot_20220316_item_005,sd_sddot_2022_03_16,sd_sddot_bid_tabs_2022_03_16,SD,sd_sddot,,5,AWARDED,"BITUMINOUS PAVING, INC.",1057145.35,"Brookings, Hamlin",,Asphalt Surface Treatment,,,3,Various Locations in the Watertown Area,,,
sd_sddot_20220316_item_006,sd_sddot_2022_03_16,sd_sddot_bid_tabs_2022_03_16,SD,sd_sddot,,6,AWARDED,"TI-ZACK CONCRETE, INC.",824920.52,Pennington,,Shared Use Path,,,4,"Box Elder - along Briggs St fm Patriot Dr to Liberty Blvd, along Liberty Blvd fm Briggs St to N Ellsworth Rd, along N Ellsworth Rd fm Liberty Blvd to Frontage Rd",,,
sd_sddot_20220406_item_001,sd_sddot_2022_04_06,sd_sddot_bid_tabs_2022_04_06,SD,sd_sddot,,1,AWARDED,T&R Contracting Inc,20025525.25,Minnehaha,,"Grading, PCC Surf. C&G, Signals & Light",,,3,Arrowhead Parkway - Fm 0.5 W of Six Mile Rd to Six Mile Rd in Sioux Falls; SD42 - Fm Six Mile Rd to Willow Run Ent in Sioux Falls; Six Mile Rd - Fm 1000' N of Arrowhead Parkway S 1500' in Sioux Falls,,,
sd_sddot_20220406_item_002,sd_sddot_2022_04_06,sd_sddot_bid_tabs_2022_04_06,SD,sd_sddot,,2,AWARDED,T&R Contracting Inc,1769769.69,Minnehaha,,Water Main & Sanitary Sewer,,,3,Six Mile Rd fm Arrowhead Pkwy S 500’; Arrowhead Parkway fm 0.5 W of Six Mile Rd to Willow Run Ent in Sioux Falls,,,
sd_sddot_20220406_item_003,sd_sddot_2022_04_06,sd_sddot_bid_tabs_2022_04_06,SD,sd_sddot,,3,AWARDED,"DUININCK, INC",3787947.34,Hamlin,,"Mill & AC, Pipe & Erosion Repair",,,4,SD 22 - Fm Hazel E to US81N,,,
sd_sddot_20220406_item_004,sd_sddot_2022_04_06,sd_sddot_bid_tabs_2022_04_06,SD,sd_sddot,,4,AWARDED,"DUININCK, INC",3243952.7,Deuel,,"Mill & AC, Pipe Work, Intersection Impr.",,,4,SD22 - Fm I29 to SD15 in Clear Lake,,,
sd_sddot_20220406_item_005,sd_sddot_2022_04_06,sd_sddot_bid_tabs_2022_04_06,SD,sd_sddot,,5,AWARDED,SPENCER QUARRIES INCORPORATED,3276735.13,McCook,,"Mill, AC Resurfacing, Pipe Work",,,1,US81 - Fm SD38 to the McCook/ Miner Co Line,,,
sd_sddot_20220406_item_006,sd_sddot_2022_04_06,sd_sddot_bid_tabs_2022_04_06,SD,sd_sddot,,6,AWARDED,"OFTEDAL CONSTRUCTION, INC.",1378453.12,Lawrence,,"Guard Rail Elimination, Pipe Work",,,1,Various Locations in the Rapid City Region,,,
sd_sddot_20220406_item_007,sd_sddot_2022_04_06,sd_sddot_bid_tabs_2022_04_06,SD,sd_sddot,,7,REJECTED,,,Spink Project Rejected by the Transportation Commission,,Embankment and Approach Slab Repairs,,,,SD20 - Str 5.2 E of US281,,,
sd_sddot_20220406_item_008,sd_sddot_2022_04_06,sd_sddot_bid_tabs_2022_04_06,SD,sd_sddot,,8,AWARDED,"SUBSURFACE, INC.",177126.9,Spink,,Culvert Cleaning & Lining,,,2,SD 20 - fm US 281 to SD 37,,,
sd_sddot_20220406_item_009,sd_sddot_2022_04_06,sd_sddot_bid_tabs_2022_04_06,SD,sd_sddot,,9,AWARDED,TLMV Inc DBA American Fence Company of SD,667727,"Meade, Pennington",,Interstate Fence,,,2,I90 E - Fm 0.5 W of Exit 46 to Exit 64,,,
sd_sddot_20220406_item_010,sd_sddot_2022_04_06,sd_sddot_bid_tabs_2022_04_06,SD,sd_sddot,,10,AWARDED,Northwest Asphalt & Maintenance,127030.46,"Deuel, Roberts",,Rout & Seal,,,5,Various Routes in the Watertown Area,,,
sd_sddot_20220406_item_011,sd_sddot_2022_04_06,sd_sddot_bid_tabs_2022_04_06,SD,sd_sddot,,11,AWARDED,"Jensen Rock & Sand, Inc.",1652117.41,"Hughes, Stanley, Sully",,Asphalt Surface Treatment,,,5,Various Locations in the Pierre Area,,,
sd_sddot_20220406_item_012,sd_sddot_2022_04_06,sd_sddot_bid_tabs_2022_04_06,SD,sd_sddot,,12,AWARDED,"Jensen Rock & Sand, Inc.",4753798.24,"Corson, Dewey, Walworth, Ziebach",,Asphalt Surface Treatment,,,3,Various Locations in the Mobridge Area,,,
sd_sddot_20220406_item_013,sd_sddot_2022_04_06,sd_sddot_bid_tabs_2022_04_06,SD,sd_sddot,,13,AWARDED,Northwest Asphalt & Maintenance,180337.2,"Clark, Spink",,Crack Leveling,,,5,SD 20 - Fm SD37 to E of Crocker,,,
sd_sddot_20220420_item_001,sd_sddot_2022_04_20,sd_sddot_bid_tabs_2022_04_20,SD,sd_sddot,,1,REJECTED,,,"Meade, Pennington Project Rejected by the Transportation Commission",,"Grading, ACC, Pvmnt Marking, Storm Sewer",,,,Nemo Rd - Horizontal curve at Pennington/Meade Co line; Norris Peak Rd - Horizontal curve at intersection with Bogus Jim Rd,,,
sd_sddot_20220420_item_002,sd_sddot_2022_04_20,sd_sddot_bid_tabs_2022_04_20,SD,sd_sddot,,2,AWARDED,"Dakota Prairie Landscapes, LLC",291633.55,Haakon,,Wetland Mitigation Bank Site,,,4,Haakon County - 15 Miles NW of Midland,,,
sd_sddot_20220420_item_003,sd_sddot_2022_04_20,sd_sddot_bid_tabs_2022_04_20,SD,sd_sddot,,3,AWARDED,"MUTH ELECTRIC, INC.",305211.2,Pennington,,Comm. Veh. Elec. Screening System,,,1,SD Highway 79 approximately 3 miles south of Rapid City Limits,,,
sd_sddot_20220420_item_004,sd_sddot_2022_04_20,sd_sddot_bid_tabs_2022_04_20,SD,sd_sddot,,4,AWARDED,"TRU-FORM CONSTRUCTION, INC.",614062.68,"Meade, Pennington",,Pavement Restoration,,,1,Various Routes in the Rapid City Area,,,
sd_sddot_20220420_item_005,sd_sddot_2022_04_20,sd_sddot_bid_tabs_2022_04_20,SD,sd_sddot,,5,AWARDED,"Dakota Traffic Services, LLC",354033.5,Brown,,Durable Pavement Marking,,,3,Various locations on the State System in the Aberdeen Region,,,
sd_sddot_20220420_item_006,sd_sddot_2022_04_20,sd_sddot_bid_tabs_2022_04_20,SD,sd_sddot,,6,AWARDED,The Road Guy Construction Company Inc,2281044.8,"Hutchinson, Turner, Union",,Asphalt Surface Treatment,,,2,Various Locations in the Yankton Area,,,
sd_sddot_20220420_item_007,sd_sddot_2022_04_20,sd_sddot_bid_tabs_2022_04_20,SD,sd_sddot,,7,AWARDED,"BITUMINOUS PAVING, INC.",6026336.94,"Brule, Buffalo, Charles Mix, Davison, Gregory, Jerauld, McCook, Sanborn",,Asphalt Surface Treatment,,,2,Various Locations in the Mitchell Area,,,
sd_sddot_20220420_item_008,sd_sddot_2022_04_20,sd_sddot_bid_tabs_2022_04_20,SD,sd_sddot,,8,AWARDED,Northwest Asphalt & Maintenance,73311.56,"Kingsbury, Miner",,Rout & Seal,,,4,SD25 - Fm Howard to the Miner/Kingsbury Co Line,,,
sd_sddot_20220420_item_009,sd_sddot_2022_04_20,sd_sddot_bid_tabs_2022_04_20,SD,sd_sddot,,9,AWARDED,Northwest Asphalt & Maintenance,154459.32,"Bon Homme, Lincoln, Turner, Yankton",,Rout & Seal,,,4,Various Routes in the Sioux Falls & Yankton Area,,,
sd_sddot_20220504_item_001,sd_sddot_2022_05_04,sd_sddot_bid_tabs_2022_05_04,SD,sd_sddot,,1,REJECTED,,,"Aurora, Brule, Buffalo, Charles Mix, Davison, Lincoln, Minnehaha Project Rejected by the Transportation Commission",,Concrete Penetrating Sealer,,,,Various Locations Throughout the Mitchell Region,,,
sd_sddot_20220504_item_002,sd_sddot_2022_05_04,sd_sddot_bid_tabs_2022_05_04,SD,sd_sddot,,2,AWARDED,LIEN TRANSPORTATION CO,1797814.28,"Corson, Dewey, Ziebach",,"Pipe Work, Erosion Control",,,3,SD65 - Fm US212 to the Grand River,,,
sd_sddot_20220504_item_003,sd_sddot_2022_05_04,sd_sddot_bid_tabs_2022_05_04,SD,sd_sddot,,3,REJECTED,,,"Brule, Lyman Project Rejected by the Transportation Commission",,"AC Resurfacing of Shoulders, Edge Drains",,,,I90 EBL & WBL - Fm Oacoma to 2 E of Chamberlain,,,
sd_sddot_20220504_item_004,sd_sddot_2022_05_04,sd_sddot_bid_tabs_2022_05_04,SD,sd_sddot,,4,AWARDED,Asphalt Paving & Materials Company,4988094.37,"Mellette, Tripp",,"Mill, AC Resurfacing, Pipe Work",,,5,SD53 - Fm US18 S 16; SD44 - Fm US83 to US183,,,
sd_sddot_20220504_item_005,sd_sddot_2022_05_04,sd_sddot_bid_tabs_2022_05_04,SD,sd_sddot,,5,AWARDED,"BITUMINOUS PAVING, INC.",3107287.8,"Jackson, Jones, Lyman",,Asphalt Surface Treatment & Rout & Seal,,,3,Various Locations in the Winner Area,,,
sd_sddot_20220504_item_006,sd_sddot_2022_05_04,sd_sddot_bid_tabs_2022_05_04,SD,sd_sddot,,6,AWARDED,"Forby Contracting, Inc.",479881,Day,,Pavement Restoration,,,2,US12 - Fm 2 miles East of Andover to Webster,,,
sd_sddot_20220504_item_007,sd_sddot_2022_05_04,sd_sddot_bid_tabs_2022_05_04,SD,sd_sddot,,7,AWARDED,Traffic Solutions Inc,377765.75,"Lincoln, Minnehaha",,Durable Pavement Marking,,,2,SD115- Fm I90 to I29 & I29 Exit 68,,,
sd_sddot_20220504_item_008,sd_sddot_2022_05_04,sd_sddot_bid_tabs_2022_05_04,SD,sd_sddot,,8,AWARDED,Asphalt Surface Technologies Corporation,216499.46,"Aurora, Charles Mix, Jerauld, Sanborn",,Rout & Seal,,,3,Various Locations in the Mitchell Area,,,
sd_sddot_20220504_item_009,sd_sddot_2022_05_04,sd_sddot_bid_tabs_2022_05_04,SD,sd_sddot,,9,AWARDED,MORRIS INC.,2305843.94,Hughes,,"AC Resurfacing, PCC &Gravel Resur",,,1,Department of Public Safety Emergency Vehicle Operations Course near Pierre,,,
sd_sddot_20220511_item_001,sd_sddot_2022_05_11,sd_sddot_bid_tabs_2022_05_11,SD,sd_sddot,,1,AWARDED,Complete Concrete Inc dba Complete Contracting Sol,35035743.84,Meade,,"Grading, Interchange Recon. PCC Surf",,,3,I90 EBL - Fm W of Exit 37 (Pleasant Valley) to Exit 40 (Tilford),,,
sd_sddot_20220518_item_001,sd_sddot_2022_05_18,sd_sddot_bid_tabs_2022_05_18,SD,sd_sddot,,1,AWARDED,"SUBSURFACE, INC.",560036.2,"Brown, Day, Marshall",,Culvert Cleaning & CIPP Culvert Lining,,,1,Various Locations Throughout the Aberdeen Area,,,
sd_sddot_20220518_item_002,sd_sddot_2022_05_18,sd_sddot_bid_tabs_2022_05_18,SD,sd_sddot,,2,AWARDED,"DUININCK, INC",8672072.78,"Grant, Roberts",,"Mill, AC Resurfacing, Pipe Work",,,4,"SD15 - Fm the Grant/Roberts Co Line, N & W to W of I29",,,
sd_sddot_20220518_item_003,sd_sddot_2022_05_18,sd_sddot_bid_tabs_2022_05_18,SD,sd_sddot,,3,AWARDED,"MUTH ELECTRIC, INC.",492475.7,Todd,,Roadway Lighting,,,1,US18 - Fm US 83 E in Mission,,,
sd_sddot_20220518_item_004,sd_sddot_2022_05_18,sd_sddot_bid_tabs_2022_05_18,SD,sd_sddot,,4,AWARDED,"INTERSTATE IMPROVEMENT, INC.",3953697.43,"Miner, Minnehaha",,Pavement Restoration,,,3,Various Routes in the Sioux Falls Area,,,
sd_sddot_20220518_item_005,sd_sddot_2022_05_18,sd_sddot_bid_tabs_2022_05_18,SD,sd_sddot,,5,AWARDED,Traffic Services Company LLC,185920.9,"Gregory, Jackson, Lyman, Mellette, Todd, Tripp",,Durable Pavement Marking,,,3,Various locations on the State System in the Pierre Region,,,
sd_sddot_20220518_item_006,sd_sddot_2022_05_18,sd_sddot_bid_tabs_2022_05_18,SD,sd_sddot,,6,AWARDED,"Roadway Services, Inc.",58938.82,Corson,,Rout & Seal,,,3,Various Locations in the Mobridge Area,,,
sd_sddot_20220601_item_001,sd_sddot_2022_06_01,sd_sddot_bid_tabs_2022_06_01,SD,sd_sddot,,1,AWARDED,"MIDWEST CONTRACTING, LLC",479894.2,"Lyman, Tripp",,Culvert Replacement & Repair,,,4,Various Locations in the Winner Area,,,
sd_sddot_20220601_item_002,sd_sddot_2022_06_01,sd_sddot_bid_tabs_2022_06_01,SD,sd_sddot,,2,AWARDED,Schweigert Construction Inc.,2283827.41,"Lyman, Mellette, Todd, Tripp",,Culvert Repair,,,4,Various Locations in the Winner Area,,,
sd_sddot_20220601_item_003,sd_sddot_2022_06_01,sd_sddot_bid_tabs_2022_06_01,SD,sd_sddot,,3,AWARDED,"Highway Improvement, Inc",236095.1,"Potter, Stanley, Sully, Walworth",,Rout & Seal,,,4,Various Locations in the Pierre Area,,,
sd_sddot_20220601_item_004,sd_sddot_2022_06_01,sd_sddot_bid_tabs_2022_06_01,SD,sd_sddot,,4,AWARDED,Northwest Asphalt & Maintenance,499041.72,"Jackson, Mellette, Todd",,Rout & Seal,,,2,Various Routes in the Winner Area,,,
sd_sddot_20220615_item_001,sd_sddot_2022_06_15,sd_sddot_bid_tabs_2022_06_15,SD,sd_sddot,,1,AWARDED,"WESTERN CONSTRUCTION, INC.",957689.84,"Meade, Pennington",,"Grading, ACC, Pvmnt Marking, Storm Sewer",,,3,Nemo Rd - Horizontal curve at Pennington/Meade Co line; Norris Peak Rd - Horizontal curve at intersection with Bogus Jim Rd,,,
sd_sddot_20220615_item_002,sd_sddot_2022_06_15,sd_sddot_bid_tabs_2022_06_15,SD,sd_sddot,,2,AWARDED,Hydro Klean LLC,373441.75,"Brookings, Deuel, Roberts",,Culvert Cleaning & CIPP Lining,,,2,Various Locations Throughout the Watertown Area,,,
sd_sddot_20220615_item_003,sd_sddot_2022_06_15,sd_sddot_bid_tabs_2022_06_15,SD,sd_sddot,,3,AWARDED,"Hamm Contracting, LLC",610682.65,Walworth,,Signing & Delineation,,,1,"Various County, City, & Township Roads in Walworth County",,,
sd_sddot_20220615_item_004,sd_sddot_2022_06_15,sd_sddot_bid_tabs_2022_06_15,SD,sd_sddot,,4,AWARDED,Traffic Services Company LLC,60673,Regionwide,,County Pavement Marking,,,2,Various Locations in the Pierre Region,,,
sd_sddot_20220615_item_005,sd_sddot_2022_06_15,sd_sddot_bid_tabs_2022_06_15,SD,sd_sddot,,5,AWARDED,"BX CIVIL & CONSTRUCTION, INC.",481000,"Lincoln, Union",,Bridge Slope Protection Rehabilitation,,,2,Various Locations in the Yankton and Sioux Falls Area,,,
sd_sddot_20220720_item_001,sd_sddot_2022_07_20,sd_sddot_bid_tabs_2022_07_20,SD,sd_sddot,,1,REJECTED,,,Lawrence Project Rejected by the Transportation Commission,,Asphalt Concrete Shared Use Path,,,,Spearfish - along McGuigan Rd & Old Belle Rd from Tumble Weed Tr to the S side of the Reserve on Higgins Creeks Subdivision at Russel St,,,
sd_sddot_20220720_item_002,sd_sddot_2022_07_20,sd_sddot_bid_tabs_2022_07_20,SD,sd_sddot,,2,AWARDED,The Truesdell Corporation,344344,"Aurora, Brule, Buffalo, Charles Mix, Davison, Lincoln, Minnehaha",,Concrete Penetrating Sealer,,,3,Various Locations Throughout the Mitchell Region,,,
sd_sddot_20220720_item_003,sd_sddot_2022_07_20,sd_sddot_bid_tabs_2022_07_20,SD,sd_sddot,,3,AWARDED,A-G-E Corporation,201083.12,Stanley,,Pipe Work & Erosion Repair,,,3,Various Locations Throughout the Pierre Area,,,
sd_sddot_20220720_item_004,sd_sddot_2022_07_20,sd_sddot_bid_tabs_2022_07_20,SD,sd_sddot,,4,AWARDED,Traffic Services Company LLC,562636,"Custer, Lawrence",,Horizontal Curve Signing Modifications,,,1,Rapid City Region,,,
sd_sddot_20220720_item_005,sd_sddot_2022_07_20,sd_sddot_bid_tabs_2022_07_20,SD,sd_sddot,,5,AWARDED,"Hilt Construction,Inc.",499128,Fall River,,Guardrail Replacement,,,1,Approximately 1 Mile West of Hot Springs,,,
sd_sddot_20220720_item_006,sd_sddot_2022_07_20,sd_sddot_bid_tabs_2022_07_20,SD,sd_sddot,,6,AWARDED,"Surface Preparation Technologies, LLC",247325.1,Regionwide,,Rumple Stripes and Pavement Marking,,,2,Various locations on the local system in the Rapid City and Pierre Region,,,
sd_sddot_20220720_item_007,sd_sddot_2022_07_20,sd_sddot_bid_tabs_2022_07_20,SD,sd_sddot,,7,AWARDED,"Reede Construction, Inc.",667216.65,Spink,,Pavement Restoration,,,3,Various Locations in the Huron Area,,,
sd_sddot_20220720_item_008,sd_sddot_2022_07_20,sd_sddot_bid_tabs_2022_07_20,SD,sd_sddot,,8,AWARDED,"Dakota Barricade, LLC",898020,Regionwide,,Pavement Marking,,,2,Various Locations in the Rapid City Region,,,
sd_sddot_20220720_item_009,sd_sddot_2022_07_20,sd_sddot_bid_tabs_2022_07_20,SD,sd_sddot,,9,AWARDED,"VOGEL TRAFFIC SERVICES, INC",903270.83,Regionwide,,Pavement Marking,,,3,Various Locations in the Aberdeen Region,,,
sd_sddot_20220720_item_010,sd_sddot_2022_07_20,sd_sddot_bid_tabs_2022_07_20,SD,sd_sddot,,10,AWARDED,Traffic Solutions Inc,1092383.23,Regionwide,,Pavement Marking,,,2,Various Locations in the Mitchell Region,,,
sd_sddot_20220817_item_001,sd_sddot_2022_08_17,sd_sddot_bid_tabs_2022_08_17,SD,sd_sddot,,1,AWARDED,"Hamm Contracting, LLC",1843561.1,Bon Homme,,Signing & Delineation,,,2,"Various County, City, & Township Roads in Bon Homme County",,,
sd_sddot_20220817_item_002,sd_sddot_2022_08_17,sd_sddot_bid_tabs_2022_08_17,SD,sd_sddot,,2,AWARDED,Sharpe Enterprises Inc.,1995279.65,"Haakon, Ziebach",,Bank Stabilization & RipRap,,,5,SD34 - Near the Cheyenne River Bridge,,,
sd_sddot_20220817_item_003,sd_sddot_2022_08_17,sd_sddot_bid_tabs_2022_08_17,SD,sd_sddot,,3,AWARDED,A-G-E Corporation,4053624.6,"Butte, Lawrence",,Scour Protection,,,3,"US85 - Strs 2 N of Belle Fourche Over Crow Ck, 16 NE of US212 over Indian Ck, & 0.3 S of I90 Over Miller Ck & SD79 - Str 2 N of the Meade Co Line Over the Belle Fourche River",,,
sd_sddot_20220817_item_004,sd_sddot_2022_08_17,sd_sddot_bid_tabs_2022_08_17,SD,sd_sddot,,4,AWARDED,"Forby Contracting, Inc.",775231.8,"Brule, Charles Mix",,Pavement Restoration,,,4,Various Locations in the Mitchell Area,,,
sd_sddot_20220907_item_001,sd_sddot_2022_09_07,sd_sddot_bid_tabs_2022_09_07,SD,sd_sddot,,1,AWARDED,"Reede Construction, Inc.",20545094.52,Brown,,"Grading, PCC Surfacing, Lighting, RCBC",,,1,US12 EBL & WBL - Fm E of the Aberdeen Airport to E of Bath,,,
sd_sddot_20220907_item_002,sd_sddot_2022_09_07,sd_sddot_bid_tabs_2022_09_07,SD,sd_sddot,,2,AWARDED,"MIDWEST CONTRACTING, LLC",8391242.65,Dewey,,"Structure, Approach & AC Surfacing",,,2,US Highway 212 1.8 mile East of Ziebach/Dewey County Line,,,
sd_sddot_20220907_item_003,sd_sddot_2022_09_07,sd_sddot_bid_tabs_2022_09_07,SD,sd_sddot,,3,AWARDED,"Hamm Contracting, LLC",861480,Edmunds,,Signing & Delineation,,,2,"Various County, City, & Township Roads in Edmunds County",,,
sd_sddot_20220907_item_004,sd_sddot_2022_09_07,sd_sddot_bid_tabs_2022_09_07,SD,sd_sddot,,4,AWARDED,"SUBSURFACE, INC.",896432.2,"Brookings, Clark, Day, Faulk, Hamlin, Marshall, Spink",,Culvert Lining & Joint Sealing,,,1,Various Locations Throughout the Aberdeen Region,,,
sd_sddot_20220907_item_005,sd_sddot_2022_09_07,sd_sddot_bid_tabs_2022_09_07,SD,sd_sddot,,5,AWARDED,"INDUSTRIAL BUILDERS, INC",576694.9,Deuel,,"Abut Rep, Reset Bear, Memb, Joints, Appr",,,4,I29 NBL & SBL - 6 SE of SD22 Interchange,,,
sd_sddot_20220907_item_006,sd_sddot_2022_09_07,sd_sddot_bid_tabs_2022_09_07,SD,sd_sddot,,6,AWARDED,"BITUMINOUS PAVING, INC.",4793586.1,Tripp,,"PCC Grinding, AC Surf Shoulders",,,4,Various Locations in the Winner Area,,,
sd_sddot_20220907_item_007,sd_sddot_2022_09_07,sd_sddot_bid_tabs_2022_09_07,SD,sd_sddot,,7,AWARDED,MORRIS INC.,9135064.5,"Lyman, Stanley",,"Spot Grad, Mill & ACC Resurf, Pipe, GR",,,5,"SD1806 - Fm SD273 N 11.3 to the Lyman/Stanley Co Line; SD1806 - 6.4 NW of SD271 Over Cedar Ck, 6.7 NW of SD271 Over Straight Ck",,,
sd_sddot_20220921_item_001,sd_sddot_2022_09_21,sd_sddot_bid_tabs_2022_09_21,SD,sd_sddot,,1,AWARDED,"LOISEAU CONSTRUCTION, INC.",8843105,Miner,,"Shoulder Widning, Repl. Strs, Pipe",,,4,SD34 - Fm Sanborn/Miner County Line E to 425th Ave Near Roswell,,,
sd_sddot_20220921_item_002,sd_sddot_2022_09_21,sd_sddot_bid_tabs_2022_09_21,SD,sd_sddot,,2,AWARDED,"J.V. Bailey Company, Inc.",1799979.67,Jones,,"Polymer Chip Seal, Joints, Berm, Apprch",,,2,"I90 - Strs, Over 282 Ave 3 E of the Draper Intch; Over a creek 5.5 W of the US83 N Intch; Over 286 Ave 4.7 W of the US83 N Intch",,,
sd_sddot_20220921_item_003,sd_sddot_2022_09_21,sd_sddot_bid_tabs_2022_09_21,SD,sd_sddot,,3,AWARDED,SPENCER QUARRIES INCORPORATED,4038010.92,Charles Mix,,Mill & AC Resurfacing,,,3,US18 - Fm Pickstown to Lake Andes,,,
sd_sddot_20220921_item_004,sd_sddot_2022_09_21,sd_sddot_bid_tabs_2022_09_21,SD,sd_sddot,,4,AWARDED,"Dakota Traffic Services, LLC",258615.32,Regionwide,,Rumble Stripes & High Grade Polymer Pave,,,3,Various locations on the local system in the Mitchell Region,,,
sd_sddot_20221005_item_001,sd_sddot_2022_10_05,sd_sddot_bid_tabs_2022_10_05,SD,sd_sddot,,1,AWARDED,"Reede Construction, Inc.",35664101.48,"McCook, Minnehaha",,"Rem&Rep PCC Surf, Repl Str & Approach",,,4,I90 WBL - Fm 2 W of Humboldt to 2 E of Hartford; I90 WBL - Exit 379 (Humboldt); I90 Str - 0.4 W of Exit 390 (SD38) Over a Creek,,,
sd_sddot_20221005_item_002,sd_sddot_2022_10_05,sd_sddot_bid_tabs_2022_10_05,SD,sd_sddot,,2,AWARDED,"BOWES CONSTRUCTION, INC.",7476807.37,"Brookings, Kingsbury",,"Grading, Rubbilize PCC, AC Surfacing",,,4,US14 EBL & WBL - Fm S of Arlington to E of the S US81 Jct.,,,
sd_sddot_20221005_item_003,sd_sddot_2022_10_05,sd_sddot_bid_tabs_2022_10_05,SD,sd_sddot,,3,AWARDED,WEBSTER SCALE INC,1422827.75,Roberts,,"Replace Str RCBC, Approach Grading",,,3,SD127 - Strs 5.2 E of SD106 over a creek & 5.6 E of SD106 over a creek,,,
sd_sddot_20221005_item_004,sd_sddot_2022_10_05,sd_sddot_bid_tabs_2022_10_05,SD,sd_sddot,,4,AWARDED,"J.V. Bailey Company, Inc.",85708.4,Butte,,Bridge Berm Repair,,,3,SD79 - 4.9 S of SD168 over North Willow Ck,,,
sd_sddot_20221005_item_005,sd_sddot_2022_10_05,sd_sddot_bid_tabs_2022_10_05,SD,sd_sddot,,5,AWARDED,"Efraimson Electric, Inc.",348825.46,Gregory,,Roadway Lighting,,,3,US Highway 18 - Through Burke,,,
sd_sddot_20221005_item_006,sd_sddot_2022_10_05,sd_sddot_bid_tabs_2022_10_05,SD,sd_sddot,,6,AWARDED,"Dakota Traffic Services, LLC",512492.5,"Jackson, Lawrence, Meade, Pennington",,Durable Pavement Markings,,,3,"I90 in Pennington, Meade, Jackson & Lawrence Counties",,,
sd_sddot_20221005_item_007,sd_sddot_2022_10_05,sd_sddot_bid_tabs_2022_10_05,SD,sd_sddot,,7,AWARDED,CC&I Engineering Inc,1101762.8,Hamlin,,Signing & Delineation,,,2,"Various County, City, & Township Roads in Hamlin County",,,
sd_sddot_20221019_item_001,sd_sddot_2022_10_19,sd_sddot_bid_tabs_2022_10_19,SD,sd_sddot,,1,REJECTED,,,Haakon Project Rejected/Withdrawn by the Transportation Commission,,"Replace Str Bridge, Approach Grading",,,,"US14 - Strs 2.6, 4.3 & 6.4 E of Philip Over Grindstone Creek, Over Belcher Creek & Over Wilburn Creek",,,
sd_sddot_20221019_item_002,sd_sddot_2022_10_19,sd_sddot_bid_tabs_2022_10_19,SD,sd_sddot,,2,CANCELLED,,,Pennington Moved to 10/21/22 letting by addendum,,"Replace Str., Appr Grad, Turn Lanes",,,,SD244 - 3.2 E of US385 & US16 Over Palmer Gulch,,,
sd_sddot_20221019_item_003,sd_sddot_2022_10_19,sd_sddot_bid_tabs_2022_10_19,SD,sd_sddot,,3,AWARDED,"BITUMINOUS PAVING, INC.",10186452.8,"Butte, Lawrence",,"AC Surf, Pass Lanes, Pipe & Int. Impr.",,,4,SD34 - Fm Belle Fourche to Whitewood,,,
sd_sddot_20221019_item_004,sd_sddot_2022_10_19,sd_sddot_bid_tabs_2022_10_19,SD,sd_sddot,,4,AWARDED,Asphalt Paving & Materials Company,4159344.61,Clark,,"Mill, AC Resurfacing, Pipe Work",,,5,SD28 - Fm the Spink/Clark Co Line E 12,,,
sd_sddot_20221019_item_005,sd_sddot_2022_10_19,sd_sddot_bid_tabs_2022_10_19,SD,sd_sddot,,5,AWARDED,"RAM Construction Services of Michigan, Inc.",370176.15,Spink,,Polymer Chip Seal,,,4,SD26 - Str 4.3 W Jct US281; SD37 - Str's 6.0 S Jct US212 & 2.3 N Jct US212; US212 - Str's 1.7 W of Frankfort & 0.1 W Jct SD37S,,,
sd_sddot_20221019_item_006,sd_sddot_2022_10_19,sd_sddot_bid_tabs_2022_10_19,SD,sd_sddot,,6,AWARDED,"RAM Construction Services of Michigan, Inc.",369048.56,Spink,,Polymer Chip Seal,,,4,"SD20 - Str 5.2 E of US281 Jct over the James River, 6.8 & 1.8 W of SD37 Jct, 0.8 S of the SD37N Jct, 1.6 W of Spink/Clark Co Line; SD37 - Str 3.4 & 1.8 S of the SD20E Jct",,,
sd_sddot_20221021_item_002,sd_sddot_2022_10_21,sd_sddot_bid_tabs_2022_10_21,SD,sd_sddot,,2,AWARDED,"HEAVY CONSTRUCTORS, INC.",5374570,Pennington,,"Replace Str., Appr Grad, Turn Lanes",,,1,SD244 - 3.2 E of US385 & US16 Over Palmer Gulch,,,
sd_sddot_20221102_item_001,sd_sddot_2022_11_02,sd_sddot_bid_tabs_2022_11_02,SD,sd_sddot,,1,AWARDED,Top Grade Concrete LLC,633269.8,Davison,,PCC Shared Use Path,,,3,"Mitchell - along Norway Ave fm Burr St to Duff St, along the E side of S Rowley St fm Cabela Dr to Norway Ave, along the W side of S Rowley St fm Cabela Dr N approx 550'",,,
sd_sddot_20221102_item_002,sd_sddot_2022_11_02,sd_sddot_bid_tabs_2022_11_02,SD,sd_sddot,,2,AWARDED,"Anderson Western, Inc.",7473398.5,"Meade, Ziebach",,"Mill & AC Resurfacing, Pipe Work",,,4,US212 - Fm Faith to Dupree,,,
sd_sddot_20221102_item_003,sd_sddot_2022_11_02,sd_sddot_bid_tabs_2022_11_02,SD,sd_sddot,,3,AWARDED,"Anderson Western, Inc.",5245853.33,Meade,,"Mill, AC Resurfacing, Pipe Work",,,4,SD73 - Fm SD34 N 14,,,
sd_sddot_20221102_item_004,sd_sddot_2022_11_02,sd_sddot_bid_tabs_2022_11_02,SD,sd_sddot,,4,AWARDED,"BX CIVIL & CONSTRUCTION, INC.",20835000,"Brule, Lyman",,"AC Resurfacing of Shoulders, Edge Drains",,,1,I90 EBL & WBL - Fm Oacoma to 2 E of Chamberlain,,,
sd_sddot_20221102_item_005,sd_sddot_2022_11_02,sd_sddot_bid_tabs_2022_11_02,SD,sd_sddot,,5,REJECTED,,,Custer Project Rejected by the Transportation Commission,,Modify Intersection,,,,US385 - Jct of Carroll Creek Rd,,,
sd_sddot_20221102_item_006,sd_sddot_2022_11_02,sd_sddot_bid_tabs_2022_11_02,SD,sd_sddot,,6,AWARDED,"BITUMINOUS PAVING, INC.",2913162.7,Mellette,,"FDR, Otta Seal & Blotter Surfacing",,,2,SD53 - Fm SD44 N 11,,,
sd_sddot_20221102_item_007,sd_sddot_2022_11_02,sd_sddot_bid_tabs_2022_11_02,SD,sd_sddot,,7,AWARDED,"RAM Construction Services of Michigan, Inc.",218000,"Codington, Deuel",,Polymer Chip Seal,,,2,US212 - Str 1.4 East of US81 & 1.1 Miles West of Interstate 29; SD28 - Str 2 miles East of Estelline,,,
sd_sddot_20221102_item_008,sd_sddot_2022_11_02,sd_sddot_bid_tabs_2022_11_02,SD,sd_sddot,,8,AWARDED,"RAM Construction Services of Michigan, Inc.",353070,"Faulk, Spink",,Polymer Chip Seal,,,1,"SD20 - 2.8 E of SD45 over N Fork Snake Ck, 2.1, 3.3, 4.3 E of Faulk Co Line over Snake Ck and 2.1 W of US281 over Big Slough Ck",,,
sd_sddot_20221102_item_009,sd_sddot_2022_11_02,sd_sddot_bid_tabs_2022_11_02,SD,sd_sddot,,9,AWARDED,"Hamm Contracting, LLC",356522,"Buffalo, Hughes, Hyde",,Signing & Delineation,,,3,"Various County, City, & Township Roads in Buffalo, Hughes & Hyde County",,,
sd_sddot_20221116_item_001,sd_sddot_2022_11_16,sd_sddot_bid_tabs_2022_11_16,SD,sd_sddot,,1,AWARDED,"MIDLAND CONTRACTING, INC",18297489.13,"Clark, Kingsbury",,"Grading, Replace Str RCBC, Interim Surf.",,,2,SD25 & SD28 - Fm N of DeSmet to the N Jct of SD28,,,
sd_sddot_20221116_item_002,sd_sddot_2022_11_16,sd_sddot_bid_tabs_2022_11_16,SD,sd_sddot,,2,AWARDED,"Prahm Construction, Inc.",1616696,Douglas,,Structure & Approach Grading,,,1,Structure 0.5 N & 3.5 E of Armour on 280th St over Choteau Creek,,,
sd_sddot_20221116_item_003,sd_sddot_2022_11_16,sd_sddot_bid_tabs_2022_11_16,SD,sd_sddot,,3,AWARDED,"BITUMINOUS PAVING, INC.",12808955.5,"Jackson, Pennington",,"Spot Grading, AC Surfacing",,,3,SD44 - Fm Scenic to 11 W of Interior,,,
sd_sddot_20221116_item_004,sd_sddot_2022_11_16,sd_sddot_bid_tabs_2022_11_16,SD,sd_sddot,,4,AWARDED,"BX CIVIL & CONSTRUCTION, INC.",5560000,"Minnehaha, Moody",,"HFST, Deck Repair, Curb Rep, App Slabs",,,1,I29 N/S - 1 N of Exit 98 (Dell Rapids); 1.2 N Minnehaha Co. Line; 3.8 S of Exit 109 (Colman); 3 S of Exit 109 (Colman),,,
sd_sddot_20221116_item_005,sd_sddot_2022_11_16,sd_sddot_bid_tabs_2022_11_16,SD,sd_sddot,,5,REJECTED,,,"Corson, Ziebach Project Rejected by the Transportation Commission",,Regionwide Approach Slab Repair,,,,Various Locations in Mobridge Area,,,
sd_sddot_20221116_item_006,sd_sddot_2022_11_16,sd_sddot_bid_tabs_2022_11_16,SD,sd_sddot,,6,AWARDED,WEBSTER SCALE INC,3684259.81,"Hutchinson, McCook, Yankton",,Modify Intersection,,,4,Various Locations in the Mitchell Region,,,
sd_sddot_20221116_item_007,sd_sddot_2022_11_16,sd_sddot_bid_tabs_2022_11_16,SD,sd_sddot,,7,AWARDED,Sharpe Enterprises Inc.,8671380.74,Hughes,,"Modify Intersection, PCC Surfacing",,,2,US14 - Fm W of N US83 Jct to E of N US83 Jct,,,
sd_sddot_20221116_item_008,sd_sddot_2022_11_16,sd_sddot_bid_tabs_2022_11_16,SD,sd_sddot,,8,AWARDED,Elite Enterprises LLC,299958,Perkins,,Fence Replacement,,,3,SD73 - Fm 19 S of Lemmon N 6,,,
sd_sddot_20221207_item_001,sd_sddot_2022_12_07,sd_sddot_bid_tabs_2022_12_07,SD,sd_sddot,,1,AWARDED,T&R Contracting Inc,34295545.45,Minnehaha,,"Modify Interchange, Grading, PCC Surf.",,,2,I229 Exit 9 (Benson Rd) in Sioux Falls,,,
sd_sddot_20221207_item_002,sd_sddot_2022_12_07,sd_sddot_bid_tabs_2022_12_07,SD,sd_sddot,,2,AWARDED,T&R Contracting Inc,2065050.55,Minnehaha,,Watermain & Sanitary Sewer,,,2,Benson Rd - Fm Lewis Ave E to Hall Ave,,,
sd_sddot_20221207_item_003,sd_sddot_2022_12_07,sd_sddot_bid_tabs_2022_12_07,SD,sd_sddot,,3,AWARDED,"Hilt Construction,Inc.",1420627.4,"Jackson, Meade, Pennington",,Interstate Fence,,,1,"I90 WBL - Fm 0.5 W of Exit 46 (Piedmont) to Exit 55 (Deadwood Ave in Rapid City); I90 Crossroads at Exits 101 (Jensen Rd), 107 (Cedar Butte Rd), 116 (239th St), 121 (Big Foote Rd), 127 (206th Ave)",,,
sd_sddot_20221214_item_001,sd_sddot_2022_12_14,sd_sddot_bid_tabs_2022_12_14,SD,sd_sddot,,1,AWARDED,"PCIROADS, LLC",1053320.98,Roberts,,"P. Chip Seal, App Slabs, Joints, End Blk",,,2,I29 - Strs 2 S of the Exit 224 (Peever); Exit 232 (Sisseton),,,
sd_sddot_20221214_item_002,sd_sddot_2022_12_14,sd_sddot_bid_tabs_2022_12_14,SD,sd_sddot,,2,AWARDED,"BITUMINOUS PAVING, INC.",6598581.2,Grant,,"Milling, ACC Surfacing, Pipe,Guardrail",,,4,SD15 - Fm the N Jct of SD20 N to Milbank; SD158 - Fm SD20 to the MN State Line,,,
sd_sddot_20230111_item_001,sd_sddot_2023_01_11,sd_sddot_bid_tabs_2023_01_11,SD,sd_sddot,,1,AWARDED,"HEAVY CONSTRUCTORS, INC.",7273342.99,"Butte, Meade",,"Structure, Approach Grading",,,2,"Structure' 15.5 N & 2.5 E of Belle Fourche on Old Hwy 85 over Indian Creek, 20.2 E & 6.7 N of Newell on Old Hwy 212 over Sulphur Creek, 21.1 W & 13.9 S of Faith on Pine Creek Rd over Pine Creek, 6 E & 12 N of White Owl on Whitetail Rd over Beaver Dam Creek",,,
sd_sddot_20230111_item_002,sd_sddot_2023_01_11,sd_sddot_bid_tabs_2023_01_11,SD,sd_sddot,,2,AWARDED,"MIDWEST CONTRACTING, LLC",844589.5,"Butte, Perkins",,Structure & Approach Grading,,,3,"Structure 13.5 E & 0.8 N of Newell on Old Hwy 212 over Mud Elm Creek, 11.8 W & 2.5 S of Bison on Moreau River Road over Mud Creek",,,
sd_sddot_20230111_item_003,sd_sddot_2023_01_11,sd_sddot_bid_tabs_2023_01_11,SD,sd_sddot,,3,AWARDED,"B & B Contracting, Inc.",506617.58,Codington,,Precast RCBC & Pipe Work,,,7,US81 - Fm 2.5 to 2.1 W of I29,,,
sd_sddot_20230111_item_004,sd_sddot_2023_01_11,sd_sddot_bid_tabs_2023_01_11,SD,sd_sddot,,4,AWARDED,Mainline Contracting Inc,1822513.35,"Lawrence, Pennington",,Pipe Repair,,,1,Various Locations Throughout the Rapid City Area,,,
sd_sddot_20230111_item_005,sd_sddot_2023_01_11,sd_sddot_bid_tabs_2023_01_11,SD,sd_sddot,,5,AWARDED,"TRU-FORM CONSTRUCTION, INC.",198013.5,Custer,,Shared Use Path,,,3,"Hermosa - along Vilas St fm 4th St to 1st St, along 1st St fm Vilas St to Main St",,,
sd_sddot_20230111_item_006,sd_sddot_2023_01_11,sd_sddot_bid_tabs_2023_01_11,SD,sd_sddot,,6,AWARDED,Asphalt Paving & Materials Company,8682678.22,Hand,,Mill & Asphalt Concrete Resurfacing,,,5,SD45 - Fm Miller to US212,,,
sd_sddot_20230111_item_007,sd_sddot_2023_01_11,sd_sddot_bid_tabs_2023_01_11,SD,sd_sddot,,7,AWARDED,Asphalt Paving & Materials Company,2572502.84,"Beadle, Hand",,"AC Surf of Shoulders, AC Resurf Bike pth",,,5,US14 - Fm Miller to Wessington,,,
sd_sddot_20230111_item_008,sd_sddot_2023_01_11,sd_sddot_bid_tabs_2023_01_11,SD,sd_sddot,,8,AWARDED,"BITUMINOUS PAVING, INC.",1185437.75,"Brookings, Codington, Deuel, Hamlin",,Asphalt Surface Treatment,,,3,Various Locations in the Watertown Area,,,
sd_sddot_20230111_item_009,sd_sddot_2023_01_11,sd_sddot_bid_tabs_2023_01_11,SD,sd_sddot,,9,AWARDED,"Lot Pros, LLC",96030.72,"Deuel, Grant, Hamlin, Roberts",,Rout & Seal,,,6,Various Locations in the Watertown Area,,,
sd_sddot_20230201_item_001,sd_sddot_2023_02_01,sd_sddot_bid_tabs_2023_02_01,SD,sd_sddot,,1,AWARDED,Journey Group Companies,392315.7,Minnehaha,,Shared Use Path,,,6,Crooks along West Avenue from Main St. to Executive Ave.,,,
sd_sddot_20230201_item_002,sd_sddot_2023_02_01,sd_sddot_bid_tabs_2023_02_01,SD,sd_sddot,,2,AWARDED,"PCIROADS, LLC",1622014.07,Clay,,Bridge Rehab & Bridge Deck Chip Seal,,,1,SD19 - Str 4.1 S of Vermillion Over the Missouri River,,,
sd_sddot_20230201_item_003,sd_sddot_2023_02_01,sd_sddot_bid_tabs_2023_02_01,SD,sd_sddot,,3,AWARDED,Dakota Fence,164360.6,"Brown, Codington",,Guardrail Replacement,,,2,Various Locations in the Aberdeen Region,,,
sd_sddot_20230201_item_004,sd_sddot_2023_02_01,sd_sddot_bid_tabs_2023_02_01,SD,sd_sddot,,4,AWARDED,Asphalt Paving & Materials Company,453456.68,Beadle,,Detour Surface Maintenance,,,1,"SD37 - Detour for Huron Urban Grading, 9th St, Kansas Ave, 5th St, Market St",,,
sd_sddot_20230201_item_005,sd_sddot_2023_02_01,sd_sddot_bid_tabs_2023_02_01,SD,sd_sddot,,5,AWARDED,SPENCER QUARRIES INCORPORATED,8082228.44,"Douglas, Hutchinson",,Mill & Asphalt Concrete Resurfacing,,,3,SD44 - Fm the E Jct of US281 to SD37 at Parkston; SD37 - Fm 2 N of US18 to Parkston,,,
sd_sddot_20230201_item_006,sd_sddot_2023_02_01,sd_sddot_bid_tabs_2023_02_01,SD,sd_sddot,,6,AWARDED,"Anderson Western, Inc.",8603334.66,"Faulk, Potter",,"Mill, AC Resurfacing, Pipe Work",,,5,SD20 - Fm W of the Potter/Faulk Co Line to SD45,,,
sd_sddot_20230201_item_007,sd_sddot_2023_02_01,sd_sddot_bid_tabs_2023_02_01,SD,sd_sddot,,7,AWARDED,"Anderson Western, Inc.",3752068.25,"Faulk, Potter",,"AC Resurfacing, Pipe Work",,,5,US212 - Fm E of the W SD47 Jct to the Potter/Faulk Co Line,,,
sd_sddot_20230201_item_008,sd_sddot_2023_02_01,sd_sddot_bid_tabs_2023_02_01,SD,sd_sddot,,8,AWARDED,Asphalt Surface Technologies Corporation,777632.9,Jackson,,MicroSurfacing,,,3,SD73 - Fm S of White River to N of SD44,,,
sd_sddot_20230201_item_009,sd_sddot_2023_02_01,sd_sddot_bid_tabs_2023_02_01,SD,sd_sddot,,9,AWARDED,Asphalt Surface Technologies Corporation,4582972.72,Pennington,,MicroSurfacing & AC Patching,,,3,I90- Fm 2 miles E of Wasta to Wall; SD44- Fm W of the Cheyenne River to Scenic,,,
sd_sddot_20230201_item_010,sd_sddot_2023_02_01,sd_sddot_bid_tabs_2023_02_01,SD,sd_sddot,,10,AWARDED,"Highway Improvement, Inc",76296.4,Brown,,Rout & Seal,,,6,SD Highway 10,,,
sd_sddot_20230201_item_011,sd_sddot_2023_02_01,sd_sddot_bid_tabs_2023_02_01,SD,sd_sddot,,11,AWARDED,"Highway Improvement, Inc",1217861.1,"Clark, Codington, Roberts",,Crack Leveling,,,5,Various Routes in the Watertown Area,,,
sd_sddot_20230201_item_012,sd_sddot_2023_02_01,sd_sddot_bid_tabs_2023_02_01,SD,sd_sddot,,12,AWARDED,"Highway Improvement, Inc",453030,Beadle,,Crack Leveling,,,7,Various Routes in the Huron Area,,,
sd_sddot_20230215_item_001,sd_sddot_2023_02_15,sd_sddot_bid_tabs_2023_02_15,SD,sd_sddot,,1,AWARDED,"BORDER STATES PAVING, INC.",20211556.41,"Bon Homme, Charles Mix",,"Mill, ACC, FDR, Culvert Work, Guardrail",,,3,SD46 - Fm Wagner to SD37; SD50 - Fm the E Jct with SD46 S towards Avon,,,
sd_sddot_20230215_item_002,sd_sddot_2023_02_15,sd_sddot_bid_tabs_2023_02_15,SD,sd_sddot,,2,AWARDED,"CENTRAL SPECIALTIES, INC",18238025.8,Union,,"CRC/NRC Repair, AC Shou,Extnd RCBC, Pipe",,,3,I29 NBL & SBL - Fm Exit 26 near Vermillion N 10,,,
sd_sddot_20230215_item_003,sd_sddot_2023_02_15,sd_sddot_bid_tabs_2023_02_15,SD,sd_sddot,,3,AWARDED,"CENTRAL SPECIALTIES, INC",15017076.93,Yankton,,"Shoulder Widening, ACC, End Block, C&G",,,4,SD52 - Fm W Jct of SD50 S 4.6,,,
sd_sddot_20230215_item_004,sd_sddot_2023_02_15,sd_sddot_bid_tabs_2023_02_15,SD,sd_sddot,,4,AWARDED,"INDUSTRIAL BUILDERS, INC",1097694.19,"Brown, Marshall",,"Deck Overlay, Guard Rail & Bridge Rail",,,2,SD37 - 7 S of SD10 Over Crow Creek Ditch; SD27 - 4.5 N of SD10 Over Wild Rice Ck,,,
sd_sddot_20230215_item_005,sd_sddot_2023_02_15,sd_sddot_bid_tabs_2023_02_15,SD,sd_sddot,,5,AWARDED,"Simon Contractors of South Dakota, Inc.",2775772.99,Meade,,Construct Median & Ramp Crossovers,,,1,I90 E & W - Fm E of Exit 44 to W of Exit 48,,,
sd_sddot_20230215_item_006,sd_sddot_2023_02_15,sd_sddot_bid_tabs_2023_02_15,SD,sd_sddot,,6,AWARDED,T&R Contracting Inc,2603333.33,Minnehaha,,"LSDC Overlay, App Slabs & Pavmnt, Ped Rl",,,2,I229 - Exit 2 (Western Ave) in Sioux Falls,,,
sd_sddot_20230215_item_007,sd_sddot_2023_02_15,sd_sddot_bid_tabs_2023_02_15,SD,sd_sddot,,7,AWARDED,"BITUMINOUS PAVING, INC.",604759.9,"Kingsbury, Miner",,Asphalt Surface Treatment,,,3,SD Highway 25 in Kingsbury and Miner Counties,,,
sd_sddot_20230215_item_008,sd_sddot_2023_02_15,sd_sddot_bid_tabs_2023_02_15,SD,sd_sddot,,8,AWARDED,"BITUMINOUS PAVING, INC.",2756046.32,"Kingsbury, Lake, Lincoln, Minnehaha, Turner",,"Asphalt Surface Treatment, Rout & Seal",,,3,Various Locations in the Sioux Fall Area,,,
sd_sddot_20230301_item_001,sd_sddot_2023_03_01,sd_sddot_bid_tabs_2023_03_01,SD,sd_sddot,,1,AWARDED,"BX CIVIL & CONSTRUCTION, INC.",623104,Spink,,Embankment and Approach Slab Repairs,,,3,SD20 - Str 5.2 E of US281,,,
sd_sddot_20230301_item_002,sd_sddot_2023_03_01,sd_sddot_bid_tabs_2023_03_01,SD,sd_sddot,,2,AWARDED,"BX CIVIL & CONSTRUCTION, INC.",1871643,"Marshall, Spink",,"Approach Slabs, Polymer Chip Seal & Berm",,,3,US281 - Str 2 N of Tulare & SD27 - Str 2 S of Britton,,,
sd_sddot_20230301_item_003,sd_sddot_2023_03_01,sd_sddot_bid_tabs_2023_03_01,SD,sd_sddot,,3,AWARDED,Prairie States Trucking,5486277,"Hanson, Miner, Minnehaha",,Modify Intersection,,,4,Various Locations in the Mitchell Region,,,
sd_sddot_20230301_item_004,sd_sddot_2023_03_01,sd_sddot_bid_tabs_2023_03_01,SD,sd_sddot,,4,AWARDED,Journey Group Companies,607973.16,Minnehaha,,PCC Shared Use Path,,,3,Dell Rapids - along the W side of Old Hwy 77 fm W 10th St to W 7th St,,,
sd_sddot_20230301_item_005,sd_sddot_2023_03_01,sd_sddot_bid_tabs_2023_03_01,SD,sd_sddot,,5,AWARDED,"WESTERN CONSTRUCTION, INC.",469472.1,Harding,,Gravel Surfacing,,,3,SD20 - Fm the MT State Line to Camp Crook,,,
sd_sddot_20230301_item_006,sd_sddot_2023_03_01,sd_sddot_bid_tabs_2023_03_01,SD,sd_sddot,,6,AWARDED,Asphalt Surface Technologies Corporation,599988.84,Pennington,,MicroSurfacing,,,2,Various Locations in the Custer Area,,,
sd_sddot_20230301_item_007,sd_sddot_2023_03_01,sd_sddot_bid_tabs_2023_03_01,SD,sd_sddot,,7,REJECTED,,,Minnehaha Project Rejected by the Transportation Commission,,"Epoxy Chip Seal, Column Repair",,,,SD11 - 5.2 North of the I90 Interchange Over West Pipestone Creek,,,
sd_sddot_20230301_item_008,sd_sddot_2023_03_01,sd_sddot_bid_tabs_2023_03_01,SD,sd_sddot,,8,AWARDED,Northwest Asphalt & Maintenance,148952.15,"Bennett, Jackson, Lyman",,Rout & Seal,,,6,Various Routes in the Winner Area,,,
sd_sddot_20230301_item_009,sd_sddot_2023_03_01,sd_sddot_bid_tabs_2023_03_01,SD,sd_sddot,,9,AWARDED,"Roadway Services, Inc.",104998.04,"Custer, Pennington",,Rout & Seal,,,5,Various Routes in the Custer Area,,,
sd_sddot_20230301_item_010,sd_sddot_2023_03_01,sd_sddot_bid_tabs_2023_03_01,SD,sd_sddot,,10,AWARDED,"Jensen Rock & Sand, Inc.",2369657.27,"Potter, Stanley, Sully, Walworth",,Asphalt Surface Treatment,,,5,Various Routes in the Pierre Area,,,
sd_sddot_20230322_item_001,sd_sddot_2023_03_22,sd_sddot_bid_tabs_2023_03_22,SD,sd_sddot,,1,AWARDED,A-G-E Corporation,511511,Sully,,Structure & Approach Grading,,,2,Structure 4 N & 4.3 W of Agar on 172nd St over a Creek SN 60-267-000,,,
sd_sddot_20230322_item_002,sd_sddot_2023_03_22,sd_sddot_bid_tabs_2023_03_22,SD,sd_sddot,,2,AWARDED,"LOISEAU CONSTRUCTION, INC.",23381920.13,Pennington,,"Grading, Base Course, AC Concrete",,,2,South Rochford Rd fm Rochford SW to Deerfield Rd,,,
sd_sddot_20230322_item_003,sd_sddot_2023_03_22,sd_sddot_bid_tabs_2023_03_22,SD,sd_sddot,,3,AWARDED,"Reede Construction, Inc.",6734394.38,"Codington, Deuel, Kingsbury, Roberts",,"Grading, Culvert Ext. PCC & AC Surf",,,3,Various Locations in the Watertown Area.,,,
sd_sddot_20230322_item_004,sd_sddot_2023_03_22,sd_sddot_bid_tabs_2023_03_22,SD,sd_sddot,,4,AWARDED,Northwest Asphalt & Maintenance,340123,"Butte, Harding, Meade, Perkins",,Rout & Seal,,,3,Various Routes in the Belle Fourche Area,,,
sd_sddot_20230322_item_005,sd_sddot_2023_03_22,sd_sddot_bid_tabs_2023_03_22,SD,sd_sddot,,5,AWARDED,Northwest Asphalt & Maintenance,332032.35,"Buffalo, Clark, Lyman, Spink",,Rout & Seal,,,3,Various Routes in the Huron and Winner Area,,,
sd_sddot_20230322_item_006,sd_sddot_2023_03_22,sd_sddot_bid_tabs_2023_03_22,SD,sd_sddot,,6,AWARDED,"Jensen Rock & Sand, Inc.",3262737.66,"Brown, Edmunds, Faulk, Marshall, McPherson",,Asphalt Surface Treatment,,,3,Various Locations in the Aberdeen Area,,,
sd_sddot_20230322_item_007,sd_sddot_2023_03_22,sd_sddot_bid_tabs_2023_03_22,SD,sd_sddot,,7,AWARDED,"BITUMINOUS PAVING, INC.",5112599.44,"Butte, Harding, Meade, Perkins",,Asphalt Surface Treatment,,,3,Various Locations in the Belle Fourche Area,,,
sd_sddot_20230322_item_008,sd_sddot_2023_03_22,sd_sddot_bid_tabs_2023_03_22,SD,sd_sddot,,8,AWARDED,"BITUMINOUS PAVING, INC.",1859667.5,"Fall River, Oglala Lakota",,Asphalt Surface Treatment,,,3,Various Routes in the Custer Area,,,
sd_sddot_20230322_item_009,sd_sddot_2023_03_22,sd_sddot_bid_tabs_2023_03_22,SD,sd_sddot,,9,NO BIDS,,,Pennington No Bids Received.,,Pavement Restoration,,,,Various Routes in the Rapid City Area,,,
sd_sddot_20230405_item_001,sd_sddot_2023_04_05,sd_sddot_bid_tabs_2023_04_05,SD,sd_sddot,,1,AWARDED,"John Riley Construction, Inc.",262023,Grant,,Str & Approach Grading,,,5,Structure 10.1 W & 2.5 N of Marvin on 144th St over a Ck SN 26-056-020,,,
sd_sddot_20230405_item_002,sd_sddot_2023_04_05,sd_sddot_bid_tabs_2023_04_05,SD,sd_sddot,,2,AWARDED,"Anderson Contractors, Inc.",1123522.92,Corson,,Approach Slab Repair & Polymer Chip Seal,,,2,US12 - Str. 7 W of Mobridge,,,
sd_sddot_20230405_item_003,sd_sddot_2023_04_05,sd_sddot_bid_tabs_2023_04_05,SD,sd_sddot,,3,AWARDED,"RAM Construction Services of Michigan, Inc.",285284.05,"Bon Homme, Clay, Lincoln, Minnehaha, Moody, Turner, Yankton",,Concrete Penetrating Sealer,,,3,Various Locations Throughout the Mitchell Region,,,
sd_sddot_20230405_item_004,sd_sddot_2023_04_05,sd_sddot_bid_tabs_2023_04_05,SD,sd_sddot,,4,AWARDED,Traffic Solutions Inc,188632.32,"Hughes, Stanley, Walworth",,Durable Pavement Markings,,,3,Various locations on the State System in the Pierre Region,,,
sd_sddot_20230405_item_005,sd_sddot_2023_04_05,sd_sddot_bid_tabs_2023_04_05,SD,sd_sddot,,5,AWARDED,"BITUMINOUS PAVING, INC.",7977577.98,"Bennett, Jackson, Jones, Mellette, Todd, Tripp",,"Asphalt Surface Treatment, Rout & Seal",,,2,Various Locations in the Winner Area,,,
sd_sddot_20230405_item_006,sd_sddot_2023_04_05,sd_sddot_bid_tabs_2023_04_05,SD,sd_sddot,,6,AWARDED,Northwest Asphalt & Maintenance,284831.4,"Hughes, Potter",,Rout & Seal,,,3,Various Routes in the Pierre Area,,,
sd_sddot_20230419_item_001,sd_sddot_2023_04_19,sd_sddot_bid_tabs_2023_04_19,SD,sd_sddot,,1,AWARDED,"PCIROADS, LLC",82802.73,Deuel,,Column Repair,,,2,SD28 - Str 1.5 W MN State Line over CK,,,
sd_sddot_20230419_item_002,sd_sddot_2023_04_19,sd_sddot_bid_tabs_2023_04_19,SD,sd_sddot,,2,AWARDED,"PCIROADS, LLC",9531298.73,"Brookings, Codington, Deuel, Hamlin, Kingsbury",,"App. Slab, Poly Chip Seal, PCCP Repairs",,,2,Various Locations Throughout the Watertown Area,,,
sd_sddot_20230419_item_003,sd_sddot_2023_04_19,sd_sddot_bid_tabs_2023_04_19,SD,sd_sddot,,3,AWARDED,DeAngelo Contracting Services LLC,2639136.01,"Butte, Lawrence, Meade, Pennington",,High Friction Surface Treatment,,,3,Various Locations on the state and local systems in the Rapid City Region,,,
sd_sddot_20230419_item_004,sd_sddot_2023_04_19,sd_sddot_bid_tabs_2023_04_19,SD,sd_sddot,,4,AWARDED,"Jensen Rock & Sand, Inc.",4446743.78,"Campbell, Corson, Dewey, McPherson, Walworth",,Asphalt Surface Treatment,,,3,Various Locations in the Mobridge Area,,,
sd_sddot_20230419_item_005,sd_sddot_2023_04_19,sd_sddot_bid_tabs_2023_04_19,SD,sd_sddot,,5,AWARDED,The Road Guy Construction Company Inc,4949856.99,"Bon Homme, Clay, Hutchinson, Turner, Union, Yankton",,Asphalt Surface Treatment,,,2,Various Locations in the Yankton Area,,,
sd_sddot_20230419_item_006,sd_sddot_2023_04_19,sd_sddot_bid_tabs_2023_04_19,SD,sd_sddot,,6,AWARDED,Asphalt Surface Technologies Corporation,2993547.48,"Jackson, Lawrence, Meade, Pennington",,"Asphalt Surface Treatment, Rout & Seal",,,3,Various Locations in the Rapid City Area,,,
sd_sddot_20230419_item_007,sd_sddot_2023_04_19,sd_sddot_bid_tabs_2023_04_19,SD,sd_sddot,,7,AWARDED,"Roadway Services, Inc.",341422.91,"Clay, Lincoln, McCook, Minnehaha",,Rout & Seal,,,5,Various Routes in the Sioux Falls & Yankton Areas,,,
sd_sddot_20230419_item_008,sd_sddot_2023_04_19,sd_sddot_bid_tabs_2023_04_19,SD,sd_sddot,,8,AWARDED,"Hamm Contracting, LLC",1729632.1,Hutchinson,,Signing & Delineation,,,1,"Various County, City, & Township Roads in Hutchinson County",,,
sd_sddot_20230503_item_001,sd_sddot_2023_05_03,sd_sddot_bid_tabs_2023_05_03,SD,sd_sddot,,1,AWARDED,"John Riley Construction, Inc.",47933520.32,Lincoln,,"Grdng, Struc, PCC, C&G, Storm, Signals",,,4,Veterans Pkwy - Fm Western Ave to Cliff Ave,,,
sd_sddot_20230503_item_002,sd_sddot_2023_05_03,sd_sddot_bid_tabs_2023_05_03,SD,sd_sddot,,2,AWARDED,"John Riley Construction, Inc.",1716653.3,Lincoln,,Watermain & Sanitary Sewer,,,4,Western Avenue in Sioux Falls,,,
sd_sddot_20230503_item_003,sd_sddot_2023_05_03,sd_sddot_bid_tabs_2023_05_03,SD,sd_sddot,,3,AWARDED,"Hollaway Bridge and Culvert, Inc",352928.8,"Beadle, Hand, Marshall, Potter",,Structure Removals,,,3,"Structure 8.6 S & 5 W of Huron on 395th Ave over Cain Ck, Structure 10 S & 4.3 W of Wessington on 212th St over inlet at Rose Hill Lake, Structure 3.2 N & 2 E of Langford on 421st Ave over a Ck, Structure 12.2 W & 4 N of Gettysburg on 160th St over Cheyenn",,,
sd_sddot_20230503_item_004,sd_sddot_2023_05_03,sd_sddot_bid_tabs_2023_05_03,SD,sd_sddot,,4,NO BIDS,,,"Harding, Pennington No Bids Received",,Column Repair,,,,SD44 - Str 1.9 W of the SD231 Jct over Rapid Ck; SD 20 0.9 W of Buffalo,,,
sd_sddot_20230503_item_005,sd_sddot_2023_05_03,sd_sddot_bid_tabs_2023_05_03,SD,sd_sddot,,5,AWARDED,"BITUMINOUS PAVING, INC.",6024879,Mellette,,"Mill, AC Resurfacing, Pipe Work",,,4,SD44 - Fm US83 to E City limits of Wood,,,
sd_sddot_20230503_item_006,sd_sddot_2023_05_03,sd_sddot_bid_tabs_2023_05_03,SD,sd_sddot,,6,AWARDED,"Dakota Barricade, LLC",348857.8,"Meade, Pennington",,Sprayable Durable Pavement Marking,,,2,Various locations on the State System in the Rapid City Region,,,
sd_sddot_20230503_item_007,sd_sddot_2023_05_03,sd_sddot_bid_tabs_2023_05_03,SD,sd_sddot,,7,AWARDED,"Highway Improvement, Inc",188775.1,"Bon Homme, Turner",,Crack Leveling,,,4,Various Locations in the Yankton Area,,,
sd_sddot_20230503_item_008,sd_sddot_2023_05_03,sd_sddot_bid_tabs_2023_05_03,SD,sd_sddot,,8,AWARDED,"Hamm Contracting, LLC",1687264.7,Corson,,Signing & Delineation - Gravel Roads,,,1,"Various County, City, & Township Roads in Corson County",,,
sd_sddot_20230503_item_009,sd_sddot_2023_05_03,sd_sddot_bid_tabs_2023_05_03,SD,sd_sddot,,9,AWARDED,Complete Concrete Inc dba Complete Contracting Sol,2523640.5,Pennington,,Pavement Restoration,,,1,Various Routes in the Rapid City Area,,,
sd_sddot_20230503_item_010,sd_sddot_2023_05_03,sd_sddot_bid_tabs_2023_05_03,SD,sd_sddot,,10,AWARDED,Traffic Solutions Inc,158917.55,Regionwide,,County Pavement Marking,,,3,Various Locations in the Pierre Region,,,
sd_sddot_20230517_item_001,sd_sddot_2023_05_17,sd_sddot_bid_tabs_2023_05_17,SD,sd_sddot,,1,AWARDED,"Reede Construction, Inc.",45617461.59,Lincoln,,"Grading, PCC Surfacing, Replace Str RCBC",,,5,"US18, Fm I29 E to Just W of the W Jct of SD11",,,
sd_sddot_20230517_item_002,sd_sddot_2023_05_17,sd_sddot_bid_tabs_2023_05_17,SD,sd_sddot,,2,AWARDED,"HEAVY CONSTRUCTORS, INC.",3218843.01,Lawrence,,Structure & Approach Grading,,,2,1 E of Whitewood on the I90 Service Road over Whitewook Creek SN 41-214-100,,,
sd_sddot_20230517_item_003,sd_sddot_2023_05_17,sd_sddot_bid_tabs_2023_05_17,SD,sd_sddot,,3,AWARDED,"Simon Contractors of South Dakota, Inc.",220750,"Custer, Fall River",,Pipe Work,,,3,SD79 - 1.4 & 13 N of Jct with US18,,,
sd_sddot_20230517_item_004,sd_sddot_2023_05_17,sd_sddot_bid_tabs_2023_05_17,SD,sd_sddot,,4,AWARDED,"BX CIVIL & CONSTRUCTION, INC.",260192,Grant,,Polymer Chip Seal,,,2,SD15 - Str 0.7 N of the US12 Jct; US12 - Str 0.6 SW of the SD109 Jct,,,
sd_sddot_20230517_item_005,sd_sddot_2023_05_17,sd_sddot_bid_tabs_2023_05_17,SD,sd_sddot,,5,AWARDED,Traffic Solutions Inc,677153.8,Regionwide,,County Pavement Marking,,,2,Various Locations in the Aberdeen Region,,,
sd_sddot_20230517_item_006,sd_sddot_2023_05_17,sd_sddot_bid_tabs_2023_05_17,SD,sd_sddot,,6,AWARDED,"Dakota Traffic Services, LLC",1493305.2,Regionwide,,County Pavement Marking,,,2,Various Locations in the Mitchell Region,,,
sd_sddot_20230517_item_007,sd_sddot_2023_05_17,sd_sddot_bid_tabs_2023_05_17,SD,sd_sddot,,7,AWARDED,"Hamm Contracting, LLC",1708231.85,Hand,,Signing & Delineation,,,1,"Various County, City, & Township Roads in Hand County",,,
sd_sddot_20230607_item_001,sd_sddot_2023_06_07,sd_sddot_bid_tabs_2023_06_07,SD,sd_sddot,,1,AWARDED,"Lehtola Builders, Inc.",847669.88,Grant,,"Structure, Approach Grading",,,4,Structure 2.5 Miles South and 12.2 Miles west of Marvin on 149th Street over the Big Sioux River,,,
sd_sddot_20230607_item_002,sd_sddot_2023_06_07,sd_sddot_bid_tabs_2023_06_07,SD,sd_sddot,,2,AWARDED,"Dakota Barricade, LLC",1754107.04,Regionwide,,County Pavement Marking,,,2,Various Locations in the Rapid City Region,,,
sd_sddot_20230607_item_003,sd_sddot_2023_06_07,sd_sddot_bid_tabs_2023_06_07,SD,sd_sddot,,3,AWARDED,"Hamm Contracting, LLC",1518151.9,Perkins,,Signing and Delineation,,,1,"Various County, City, & Township Roads in Perkins County",,,
sd_sddot_20230621_item_001,sd_sddot_2023_06_21,sd_sddot_bid_tabs_2023_06_21,SD,sd_sddot,,1,AWARDED,"OFTEDAL CONSTRUCTION, INC.",2727117.96,Pennington,,Increase Vertical Clearance,,,2,US16 E - At the Keystone Wye,,,
sd_sddot_20230621_item_002,sd_sddot_2023_06_21,sd_sddot_bid_tabs_2023_06_21,SD,sd_sddot,,2,AWARDED,DAKOTA CONTRACTING CORPORATION,1313742.09,Union,,Weigh-in-Motion Improvements,,,2,I29 - Jefferson Port of Entry,,,
sd_sddot_20230621_item_003,sd_sddot_2023_06_21,sd_sddot_bid_tabs_2023_06_21,SD,sd_sddot,,3,REJECTED,,,"Edmunds, Faulk Project Rejected by the Transportation Commission",,Pipe Work,,,,Various Locations Throughout the Aberdeen Area,,,
sd_sddot_20230621_item_004,sd_sddot_2023_06_21,sd_sddot_bid_tabs_2023_06_21,SD,sd_sddot,,4,AWARDED,Asphalt Surface Technologies Corporation,7177436.86,"Aurora, Brule, Buffalo, Charles Mix, Davison, Gregory, Hanson, Jerauld, McCook, Sanborn",,Asphalt Surface Treatment,,,3,Various Locations in the Mitchell Area,,,
sd_sddot_20230621_item_005,sd_sddot_2023_06_21,sd_sddot_bid_tabs_2023_06_21,SD,sd_sddot,,5,AWARDED,Northwest Asphalt & Maintenance,444533.24,"Gregory, Hanson, McCook, Miner",,Crack Sealing,,,4,Various Routes in Mitchell Area,,,
sd_sddot_20230719_item_001,sd_sddot_2023_07_19,sd_sddot_bid_tabs_2023_07_19,SD,sd_sddot,,1,AWARDED,"Hamm Contracting, LLC",1488162.2,Tripp,,Signing & Delineation - Gravel Roads,,,1,"Various County, City, & Township Roads in Tripp County",,,
sd_sddot_20230719_item_002,sd_sddot_2023_07_19,sd_sddot_bid_tabs_2023_07_19,SD,sd_sddot,,2,AWARDED,"MIDWEST CONTRACTING, LLC",1311224.71,"Jackson, Jones, Lyman",,Modify Cross Roads,,,2,Various locations in the Winner Area,,,
sd_sddot_20230719_item_003,sd_sddot_2023_07_19,sd_sddot_bid_tabs_2023_07_19,SD,sd_sddot,,3,AWARDED,"RUNGE ENTERPRISES, INC.",1254979.58,Minnehaha,,"Median & Ramp Crossovers, Shoulder Widng",,,2,I90 E & W -Fm Exit 402 (Veterans Parkway) to Exit 406 (Corson/Brandon),,,
sd_sddot_20230719_item_004,sd_sddot_2023_07_19,sd_sddot_bid_tabs_2023_07_19,SD,sd_sddot,,4,AWARDED,WEBSTER SCALE INC,771553.5,Brown,,Inslope Restoration,,,2,Various locations on US12 E&W in Brown Co,,,
sd_sddot_20230810_item_001,sd_sddot_2023_08_10,sd_sddot_bid_tabs_2023_08_10,SD,sd_sddot,,1,REJECTED,,,Meade Project Rejected by the Transportation Commission,,Variable Speed Limit & ITS Device,,,,I90 - Fm 2 W of Exit 30 (Sturgis) to 1 W of Exit 44 (Piedmont),,,
sd_sddot_20230816_item_001,sd_sddot_2023_08_16,sd_sddot_bid_tabs_2023_08_16,SD,sd_sddot,,1,NO BIDS,,,Pennington No Bids Received,,"Structure, Apprch, PCC Surf, Lighting",,,,I190 - Fm N of Anamosa St to North St,,,
sd_sddot_20230816_item_002,sd_sddot_2023_08_16,sd_sddot_bid_tabs_2023_08_16,SD,sd_sddot,,2,AWARDED,Journey Group Companies,4524999.2,Union,,"Poly Chip Seal, Abut, Berms, Joints",,,3,"I29 - Strs, Exit 1 (Dakota Dunes); Exit 18 (Elk Point); 0.2 N of Exit 18 (Elk Point) over RR",,,
sd_sddot_20230816_item_003,sd_sddot_2023_08_16,sd_sddot_bid_tabs_2023_08_16,SD,sd_sddot,,3,AWARDED,Action Systems Inc.dba Action Electric,2496494.4,"Lincoln, Minnehaha",,Median Lighting,,,3,I229 Corridor,,,
sd_sddot_20230816_item_004,sd_sddot_2023_08_16,sd_sddot_bid_tabs_2023_08_16,SD,sd_sddot,,4,AWARDED,"SUBSURFACE, INC.",452536.1,"Edmunds, Faulk",,Pipe Work,,,1,Various Locations Throughout the Aberdeen Area,,,
sd_sddot_20230816_item_005,sd_sddot_2023_08_16,sd_sddot_bid_tabs_2023_08_16,SD,sd_sddot,,5,AWARDED,A-G-E Corporation,269479.4,"Harding, Pennington",,Column Repair,,,4,SD44 - Str 1.9 W of the SD231 Jct over Rapid Ck; SD 20 0.9 W of Buffalo,,,
sd_sddot_20230906_item_001,sd_sddot_2023_09_06,sd_sddot_bid_tabs_2023_09_06,SD,sd_sddot,,1,AWARDED,Journey Group Companies,1990887.8,"Bon Homme, Hutchinson",,"Structure, Approach Grading",,,3,Structure 0.8 N & 4 W of Scotland on 419th Ave over Dawson Creek SN 05-180-002; Structure 3 W & 0.4 N of Scotland on 420th Ave over Dawson Creek SN 05-190-006; Structure 8.0 N & 6.3 E of Parkston on 268th St over Twelve Mile Creek SN 34-123-000,,,
sd_sddot_20230906_item_002,sd_sddot_2023_09_06,sd_sddot_bid_tabs_2023_09_06,SD,sd_sddot,,2,AWARDED,PERRETT CONSTRUCTION LTD,16707398.87,Haakon,,"Replace Str Bridge, Approach Grading",,,3,"US14 - Strs 2.6, 4.3 & 6.4 E of Philip Over Grindstone Creek, Over Belcher Creek & Over Wilburn Creek",,,
sd_sddot_20230906_item_003,sd_sddot_2023_09_06,sd_sddot_bid_tabs_2023_09_06,SD,sd_sddot,,3,REJECTED,,,McCook Project Rejected by the Transportation Commission,,"Deck Replace, Abut Mods, Zone Paint, App",,,,I90 - Str Exit 357 (Bridgewater) & Str Exit 368 (Canistota),,,
sd_sddot_20230906_item_004,sd_sddot_2023_09_06,sd_sddot_bid_tabs_2023_09_06,SD,sd_sddot,,4,AWARDED,"BX CIVIL & CONSTRUCTION, INC.",2314312.3,Brown,,"Rep. Emb, Appr. Slabs & Zone Painting",,,1,US281 - Str 0.2 N of Jct US12 Over BNSF RR,,,
sd_sddot_20230906_item_005,sd_sddot_2023_09_06,sd_sddot_bid_tabs_2023_09_06,SD,sd_sddot,,5,AWARDED,"SUBSURFACE, INC.",445994,Spink,,CIPP Lining & Cleanout,,,2,Various Locations Throughout the Huron Area,,,
sd_sddot_20230906_item_006,sd_sddot_2023_09_06,sd_sddot_bid_tabs_2023_09_06,SD,sd_sddot,,6,REJECTED,,,Todd Project Rejected by the Transportation Commission,,Roadway Lighting,,,,SD63 - He Dog School Intersection & Fm 5th St to 1st St in Parmelee,,,
sd_sddot_20230906_item_007,sd_sddot_2023_09_06,sd_sddot_bid_tabs_2023_09_06,SD,sd_sddot,,7,AWARDED,"Dakota Traffic Services, LLC",246522.18,"Clay, McCook, Minnehaha, Yankton",,Durable Pavement Markings,,,2,Various locations on the State System in the Mitchell Region,,,
sd_sddot_20230920_item_001,sd_sddot_2023_09_20,sd_sddot_bid_tabs_2023_09_20,SD,sd_sddot,,1,AWARDED,"BX CIVIL & CONSTRUCTION, INC.",329656.88,Minnehaha,,"Epoxy Chip Seal, Column Repair",,,2,SD11 - 5.2 North of the I90 Interchange Over West Pipestone Creek,,,
sd_sddot_20230920_item_002,sd_sddot_2023_09_20,sd_sddot_bid_tabs_2023_09_20,SD,sd_sddot,,2,AWARDED,"BX CIVIL & CONSTRUCTION, INC.",4204503,"Lincoln, Minnehaha",,Approach Slab & Polymer Chip Seal,,,2,Various Locations Throughout the Mitchell Region,,,
sd_sddot_20230920_item_003,sd_sddot_2023_09_20,sd_sddot_bid_tabs_2023_09_20,SD,sd_sddot,,3,AWARDED,"HEAVY CONSTRUCTORS, INC.",10579709.98,Pennington,,"Structure, Apprch, PCC Surf, Lighting",,,1,I190 - Fm N of Anamosa St to North St,,,
sd_sddot_20230920_item_004,sd_sddot_2023_09_20,sd_sddot_bid_tabs_2023_09_20,SD,sd_sddot,,4,AWARDED,"BX CIVIL & CONSTRUCTION, INC.",281621.8,Clay,,Shared Use Path,,,2,Connecting Existing Shared Use Path along Broadway Avenue in Vermillion,,,
sd_sddot_20230920_item_005,sd_sddot_2023_09_20,sd_sddot_bid_tabs_2023_09_20,SD,sd_sddot,,5,AWARDED,"J.V. Bailey Company, Inc.",1209453.7,Fall River,,"Abutment, Berm, and Structure Repairs",,,2,US18 W - Str 1.0 S of SD79 N Jct Over the Cheyenne River,,,
sd_sddot_20230920_item_006,sd_sddot_2023_09_20,sd_sddot_bid_tabs_2023_09_20,SD,sd_sddot,,6,AWARDED,"Anderson Western, Inc.",6545956.89,Walworth,,Asphalt Concrete Surfacing,,,5,SD47 - Fm SD20 to US12,,,
sd_sddot_20230920_item_007,sd_sddot_2023_09_20,sd_sddot_bid_tabs_2023_09_20,SD,sd_sddot,,7,AWARDED,SPENCER QUARRIES INCORPORATED,9088717.09,"Clay, Yankton",,Asphalt Concrete Surfacing,,,6,SD46 - Fm US81 to Irene,,,
sd_sddot_20231004_item_001,sd_sddot_2023_10_04,sd_sddot_bid_tabs_2023_10_04,SD,sd_sddot,,1,AWARDED,"Lehtola Builders, Inc.",1298816.2,Beadle,,Structure & Approach Grading,,,4,Structure 16 N & 4.8 W of Iroquois on 192nd St over a Creek SN 03-372-020; Structure 1.9 N & 2 E of Yale on 413th Ave over Pearl Creek SN 03-370-116; Structure 7 N & 0.9 E of Cavour on 201st St over Shue Creek SN 03-339-110,,,
sd_sddot_20231004_item_002,sd_sddot_2023_10_04,sd_sddot_bid_tabs_2023_10_04,SD,sd_sddot,,2,AWARDED,"MIDWEST CONTRACTING, LLC",987560,Jerauld,,Structure Repl. & Approach Grd - BIG,,,5,Structure 0.1 W of Jct US281 on 221st St over Sand Ck SN 37-238-010,,,
sd_sddot_20231004_item_003,sd_sddot_2023_10_04,sd_sddot_bid_tabs_2023_10_04,SD,sd_sddot,,3,AWARDED,"PCIROADS, LLC",2107499.15,Brookings,,"LSDC, Approach Slabs and Bridge Rail",,,3,"SD324 - Str's 0.4, 0.8 E of I29 Over Medary Ck; I29 - SD324 Interchange",,,
sd_sddot_20231004_item_004,sd_sddot_2023_10_04,sd_sddot_bid_tabs_2023_10_04,SD,sd_sddot,,4,REJECTED,,,"Harding, Perkins, Ziebach Project Rejected by the Transportation Commission",,Polymer Chip Seal,,,,"SD65 - 12.8 S of SD20 over Moreau Rv; US212 - 1 W of Redelm over Bear Ck; US85 - 0.2 S of SD20W over S Fork Grand Rv; SD75 - 5.5 N of Lodgepole over N Fork Grand Rv, 7.9 N of SD20 over S Fork Grand Rv",,,
sd_sddot_20231004_item_005,sd_sddot_2023_10_04,sd_sddot_bid_tabs_2023_10_04,SD,sd_sddot,,5,AWARDED,"GULF COAST CONTRACTING, LLC",4462161.72,"Jackson, Pennington",,"Zone Painting, Paint Superstructure",,,6,"I90 - Strs, 4.0 E of the Box Elder Intch over 154th Ave; 0.5 W of SD240 Over RR; 0.3 E of Wasta Over the Cheyenne River; 1.9 NW of the W Wall Intch Under Cedar Butte Road; 6.3 NW of the SD240 S Intch Over Whitewater Crk; On the US014 WB Off ramp at the I90",,,
sd_sddot_20231004_item_006,sd_sddot_2023_10_04,sd_sddot_bid_tabs_2023_10_04,SD,sd_sddot,,6,AWARDED,"MIDWEST CONTRACTING, LLC",941074.94,Douglas,,"Storm Sewer, Curb & Gutter",,,2,US Highway 281 - In Armour,,,
sd_sddot_20231004_item_007,sd_sddot_2023_10_04,sd_sddot_bid_tabs_2023_10_04,SD,sd_sddot,,7,AWARDED,"LOISEAU CONSTRUCTION, INC.",16655788,Yankton,,"Grading, Repl. Str Bridge, Interim Surf.",,,6,US81 - Fm the End of the Divided Lanes to 303rd St N of Yankton,,,
sd_sddot_20231004_item_008,sd_sddot_2023_10_04,sd_sddot_bid_tabs_2023_10_04,SD,sd_sddot,,8,AWARDED,Asphalt Paving & Materials Company,8994930.68,"Clark, Kingsbury",,Asphalt Concrete Surfacing,,,5,SD25- Fm N of DeSmet to the SD28 S Jct; SD25 - Fm the SD28 N Jct N 0.3,,,
sd_sddot_20231004_item_009,sd_sddot_2023_10_04,sd_sddot_bid_tabs_2023_10_04,SD,sd_sddot,,9,AWARDED,SPENCER QUARRIES INCORPORATED,5020708.81,Hutchinson,,Mill & AC Resurfacing,,,5,US18 - Fm SD25 to US81 & Menno Maintenance Yard,,,
sd_sddot_20231018_item_001,sd_sddot_2023_10_18,sd_sddot_bid_tabs_2023_10_18,SD,sd_sddot,,1,AWARDED,ZANDSTRA CONSTRUCTION INCORPORATED,23492147.29,Pennington,,"Grading, Strs., Interim Surf. & Pipe",,,2,US385 - Fm N of Pactola Dam to 4 N of the SD44 Jct,,,
sd_sddot_20231018_item_002,sd_sddot_2023_10_18,sd_sddot_bid_tabs_2023_10_18,SD,sd_sddot,,2,AWARDED,"Foothills Contracting, Inc.",24893720.55,Union,,"Grading, Interim Surfacing, Box & Bridge",,,5,SD46 - Fm Beresford E 15,,,
sd_sddot_20231018_item_003,sd_sddot_2023_10_18,sd_sddot_bid_tabs_2023_10_18,SD,sd_sddot,,3,AWARDED,"BX CIVIL & CONSTRUCTION, INC.",2745000,Spink,,"Structure, Approach Grading,",,,3,Structure 1.0 N & 4.1 W of Northville on 153rd St over Snake Creek SN 58-029-050; Structure 1.5 S & 1.0 W of Northville on 382nd Ave over a Creek SN 58-060-075; Structure 0.5 N of Athol on 382nd Ave over a Creek SN 58-060-158,,,
sd_sddot_20231018_item_004,sd_sddot_2023_10_18,sd_sddot_bid_tabs_2023_10_18,SD,sd_sddot,,4,AWARDED,Journey Group Companies,445607.6,"Brule, Buffalo",,"Column, Bent Repair, Appr. Joint Repair",,,1,SD50 - Str 2.7 N of I90 over Ringneck & Western RR; SD45 - Str's 2.2 N Brule Co Line & 0.6 S of SD34 over Crow Ck,,,
sd_sddot_20231018_item_005,sd_sddot_2023_10_18,sd_sddot_bid_tabs_2023_10_18,SD,sd_sddot,,5,AWARDED,"BX CIVIL & CONSTRUCTION, INC.",1318725,"Lincoln, Minnehaha",,"Sign Bridges, Guardrail",,,2,I229 N & S - Fm I29 to Exit 2 (Western Ave),,,
sd_sddot_20231018_item_006,sd_sddot_2023_10_18,sd_sddot_bid_tabs_2023_10_18,SD,sd_sddot,,6,AWARDED,"BX CIVIL & CONSTRUCTION, INC.",2403000,Ziebach,,"Zone Painting, Replace Joints, Deck Seal",,,1,SD63 - Str at the Ziebach/Haakon County Line Over the Cheyenne River,,,
sd_sddot_20231018_item_007,sd_sddot_2023_10_18,sd_sddot_bid_tabs_2023_10_18,SD,sd_sddot,,7,AWARDED,"BITUMINOUS PAVING, INC.",9528149.55,"Brookings, Hamlin, Kingsbury",,"Mill, AC Resurf of Shoulders & Mainline",,,4,"US81 - Fm Arlington to SD28; US14 - Fm 2.4 W of Lake Preston to 3.6 E of Lake Preston; US14, US14 E&W - Fm E Ash St in Arlington S 0.5; SD28 - Fm 7 W of Lake Norden E to US81",,,
sd_sddot_20231018_item_008,sd_sddot_2023_10_18,sd_sddot_bid_tabs_2023_10_18,SD,sd_sddot,,8,AWARDED,"BITUMINOUS PAVING, INC.",5868951.95,"Brown, Day",,"Mill, AC Resurfacing of Shoulders",,,3,"US12E Fm E of Bath to W of Groton; US12, US12 E & W - Fm Groton E to Webster",,,
sd_sddot_20231018_item_009,sd_sddot_2023_10_18,sd_sddot_bid_tabs_2023_10_18,SD,sd_sddot,,9,AWARDED,KNIFE RIVER MIDWEST LLC,3180471.68,Union,,"Mill, AC Rsurf Shldrs, Modify Off Ramp",,,2,"I29 N - Fm Exit 2 to the NCL of North Sioux City, I29 S - Fm N of Exit 1 to the NCL of North Sioux City; I29 P - In North Sioux City",,,
sd_sddot_20231101_item_001,sd_sddot_2023_11_01,sd_sddot_bid_tabs_2023_11_01,SD,sd_sddot,,1,CANCELLED,,,Davison Moved to 11/8/23 Letting by addendum.,,"Urban Grading, C&G, ADA, Str., Light",,,,SD37 - Fm Minnesota St in Mitchell N to 250th St,,,
sd_sddot_20231101_item_002,sd_sddot_2023_11_01,sd_sddot_bid_tabs_2023_11_01,SD,sd_sddot,,2,CANCELLED,,,Davison Moved to 11/8/23 Letting by addendum.,,Water & Sanitary Sewer Upgrades,,,,SD37 - Fm North Main St in Mitchell N to 250th St,,,
sd_sddot_20231101_item_003,sd_sddot_2023_11_01,sd_sddot_bid_tabs_2023_11_01,SD,sd_sddot,,3,AWARDED,"Nolz Dragline and Construction Company, Inc",1290519.06,Lincoln,,"Structure, Approach Grading",,,5,"Structure 3.5 W of Tea on 272nd St over Beaver Creek SN 42-007-040; Structure 2 miles w and 0.3 miles n of Beresford on 469th over a tributary to Ash Creek, SN 42-050-287",,,
sd_sddot_20231101_item_004,sd_sddot_2023_11_01,sd_sddot_bid_tabs_2023_11_01,SD,sd_sddot,,4,AWARDED,"Lehtola Builders, Inc.",1203228.2,Beadle,,Structure & Approach Grading,,,3,Structure 3.5 W & 4.5 S of Virgil on 386th Ave over Sand Creek SN 03-100-282,,,
sd_sddot_20231101_item_005,sd_sddot_2023_11_01,sd_sddot_bid_tabs_2023_11_01,SD,sd_sddot,,5,AWARDED,"Anderson Western, Inc.",5386859.21,Edmunds,,"Mill, AC Resurfacing, Pipe Work",,,5,US Highway 12 - From Bowdle to Roscoe,,,
sd_sddot_20231101_item_006,sd_sddot_2023_11_01,sd_sddot_bid_tabs_2023_11_01,SD,sd_sddot,,6,AWARDED,"Anderson Western, Inc.",16281392.32,"Dewey, Ziebach",,"Mill, AC Resurfacing, Modify Inter. Ltng",,,5,US212 - Fm Dupree through Eagle Butte; SD63 - Fm the US212 E Jct to N of the Moreau River,,,
sd_sddot_20231108_item_001,sd_sddot_2023_11_08,sd_sddot_bid_tabs_2023_11_08,SD,sd_sddot,,1,AWARDED,Michels Road and Stone Inc,28686097.39,Davison,,"Urban Grading, C&G, ADA, Str., Light",,,4,SD37 - Fm Minnesota St in Mitchell N to 250th St,,,
sd_sddot_20231108_item_002,sd_sddot_2023_11_08,sd_sddot_bid_tabs_2023_11_08,SD,sd_sddot,,2,AWARDED,Michels Road and Stone Inc,3650044.01,Davison,,Water & Sanitary Sewer Upgrades,,,4,SD37 - Fm North Main St in Mitchell N to 250th St,,,
sd_sddot_20231115_item_001,sd_sddot_2023_11_15,sd_sddot_bid_tabs_2023_11_15,SD,sd_sddot,,1,AWARDED,"Reede Construction, Inc.",37296052.11,"McCook, Minnehaha",,"R&R PCC, Replace Structure, Spot Grading",,,2,I90 E - Fm 2 W of Humboldt to 2 E of Hartford; I90 - Str 0.4 W of Exit 390 (SD38); I90 E - Exit 379 (Humboldt),,,
sd_sddot_20231115_item_002,sd_sddot_2023_11_15,sd_sddot_bid_tabs_2023_11_15,SD,sd_sddot,,2,AWARDED,"BX CIVIL & CONSTRUCTION, INC.",2131500,Spink,,"Structure, Approach Grading",,,2,Structure 1 S & 6 W of Redfield on 377th Ave over a Creek SN 58-030-259; Structure 4.0 N & 4.9 W of Tulare on 179th St over Turtle Creek SN 58-051-310,,,
sd_sddot_20231115_item_003,sd_sddot_2023_11_15,sd_sddot_bid_tabs_2023_11_15,SD,sd_sddot,,3,AWARDED,"BITUMINOUS PAVING, INC.",21444089.86,"Jackson, Mellette, Tripp",,"FDR, AC Surf, Mod Int, Pipe Work",,,4,SD44 - Fm SD63 to the N Jct of US83; SD63 - Fm N of SD44 to Belvidere,,,
sd_sddot_20231115_item_004,sd_sddot_2023_11_15,sd_sddot_bid_tabs_2023_11_15,SD,sd_sddot,,4,AWARDED,"BITUMINOUS PAVING, INC.",225354.72,Todd,,Roadway Lighting,,,4,SD63 - He Dog School Intersection & Fm 5th St to 1st St in Parmelee,,,
sd_sddot_20231115_item_005,sd_sddot_2023_11_15,sd_sddot_bid_tabs_2023_11_15,SD,sd_sddot,,5,AWARDED,"BITUMINOUS PAVING, INC.",252551.48,Mellette,,Intersection Lighting,,,4,SD44 - SD63 Jct,,,
sd_sddot_20231115_item_006,sd_sddot_2023_11_15,sd_sddot_bid_tabs_2023_11_15,SD,sd_sddot,,6,AWARDED,"Hilt Construction,Inc.",477335,Regionwide,,Corridor Signing,,,2,Rapid City Region,,,
sd_sddot_20231115_item_007,sd_sddot_2023_11_15,sd_sddot_bid_tabs_2023_11_15,SD,sd_sddot,,7,AWARDED,Asphalt Paving & Materials Company,3891160.74,Hand,,"Mill & AC Resurfacing, Pipe Work",,,5,SD26 - Fm SD45 to the Hand/Spink Co Line,,,
sd_sddot_20231206_item_001,sd_sddot_2023_12_06,sd_sddot_bid_tabs_2023_12_06,SD,sd_sddot,,1,AWARDED,"CENTRAL SPECIALTIES, INC",10933952.94,"Haakon, Stanley",,"Milling, AC Surf, Shlds FDR, Grdrl, Pipe",,,4,US14 - Fm Midland to SD34,,,
sd_sddot_20231206_item_002,sd_sddot_2023_12_06,sd_sddot_bid_tabs_2023_12_06,SD,sd_sddot,,2,AWARDED,"Basin Construction & Drain Tile, LLC",235795.2,Hamlin,,Structure Removal,,,4,Structure 3.5 W & 2.1 S of Hazel on 438th Ave over the BN RR SN 29-020-051,,,
sd_sddot_20231206_item_003,sd_sddot_2023_12_06,sd_sddot_bid_tabs_2023_12_06,SD,sd_sddot,,3,AWARDED,"Prahm Construction, Inc.",2152379.92,Lincoln,,"Structure, Approach Grading, PE",,,3,Structure 10 S & 0.9 W of Lennox on 289th St over Long Creek,,,
sd_sddot_20231206_item_004,sd_sddot_2023_12_06,sd_sddot_bid_tabs_2023_12_06,SD,sd_sddot,,4,AWARDED,"Lehtola Builders, Inc.",1073782.29,Beadle,,Structure & Approach Grading,,,3,Structure 1 E & 2.8 S of Cavour on 410th Ave over Pearl Creek SN 03-340-208; Structure 0.6 W & 3.0 S of Iroquois on 211th St over the S Fork of Pearl Creek SN 03-414-210,,,
sd_sddot_20231206_item_005,sd_sddot_2023_12_06,sd_sddot_bid_tabs_2023_12_06,SD,sd_sddot,,5,AWARDED,"MIDWEST CONTRACTING, LLC",499511.51,Beadle,,Structure & Approach Grading,,,6,Structure 5.1 S & 2 E of Cavour on 411th Ave over Middle Pearl Creek SN 03-350-231,,,
sd_sddot_20231206_item_006,sd_sddot_2023_12_06,sd_sddot_bid_tabs_2023_12_06,SD,sd_sddot,,6,WITHDRAWN,,,Spink Withdrawn from Letting,,Str & Approach Grading,,,,Structure 1 S & 2.8 W of Redfield on 175th St over Turtle Creek SN 58-062-270; Structure 1.0 E & 1.5 N of Redfield on 172nd St over Turtle Creek SN 58-109-240,,,
sd_sddot_20231206_item_007,sd_sddot_2023_12_06,sd_sddot_bid_tabs_2023_12_06,SD,sd_sddot,,7,AWARDED,"B & B Contracting, Inc.",569874.39,Day,,Inslope Repair & Riprap,,,5,US12 - Across Rush Lake W of Waubay,,,
sd_sddot_20231206_item_008,sd_sddot_2023_12_06,sd_sddot_bid_tabs_2023_12_06,SD,sd_sddot,,8,AWARDED,Traffic Services Company LLC,1472265.3,"Meade, Pennington",,Cold Plastics Durable Pavement Marking,,,2,Various locations on the State System in the Rapid City Region,,,
sd_sddot_20231213_item_001,sd_sddot_2023_12_13,sd_sddot_bid_tabs_2023_12_13,SD,sd_sddot,,1,AWARDED,"BITUMINOUS PAVING, INC.",20965228.1,"Aurora, Brule",,"Mill, AC Resurfacing",,,4,I90 E & W - Fm 8 E of Chamberlain to White Lake; I90P - Fm I90 to White Lake;SD45 - Fm Cemetery Rd to Truck St in Kimball,,,
sd_sddot_20231213_item_002,sd_sddot_2023_12_13,sd_sddot_bid_tabs_2023_12_13,SD,sd_sddot,,2,AWARDED,Mainline Contracting Inc,777759.83,Lawrence,,"AC Shared Use Path, Retaining Wall",,,3,Spearfish - Along Old Belle Rd fm S of I90 to Russell St,,,
sd_sddot_20231213_item_003,sd_sddot_2023_12_13,sd_sddot_bid_tabs_2023_12_13,SD,sd_sddot,,3,AWARDED,Mainline Contracting Inc,955809.45,Lawrence,,Asphalt Concrete Shared Use Path,,,3,Spearfish - along McGuigan Rd & Old Belle Rd from Tumble Weed Tr to the S side of the Reserve on Higgins Creeks Subdivision at Russel St,,,
sd_sddot_20231213_item_004,sd_sddot_2023_12_13,sd_sddot_bid_tabs_2023_12_13,SD,sd_sddot,,4,AWARDED,"Prahm Construction, Inc.",3003469.9,Tripp,,Structure & Approach Grading,,,5,Structure 2 N & 4.8 E of Ideal on 264th St over Old Lodge Creek SN 62-208-140; Structure 1.7 E & 8 N of Winner on 270th St over Old Lodge Creek SN 62-217-200,,,
sd_sddot_20231213_item_005,sd_sddot_2023_12_13,sd_sddot_bid_tabs_2023_12_13,SD,sd_sddot,,5,AWARDED,"BX CIVIL & CONSTRUCTION, INC.",1864636.2,Grant,,Structure & Approach Grading,,,2,Structure 1 N & 1.5 E of Milbank on 480th Ave over S Fork of the Whetstone River SN 26-310-056; Structure 8.3 N of Albee on 482nd Ave over N Fork of the Yellow Bank River SN 26-330-107,,,
sd_sddot_20231213_item_006,sd_sddot_2023_12_13,sd_sddot_bid_tabs_2023_12_13,SD,sd_sddot,,6,AWARDED,"Martin Construction, Inc.",23617916,Corson,,"Grading, Interim Surfacing, Replace Brdg",,,3,US12 - Fm Morristown to 9 E,,,
sd_sddot_20231213_item_007,sd_sddot_2023_12_13,sd_sddot_bid_tabs_2023_12_13,SD,sd_sddot,,7,AWARDED,Journey Group Companies,924515.1,Moody,,"LSDC Overlay, Joints, Modify Girder Ends",,,2,SD13 - 0.3 North of Flandreau Over the Big Sioux River,,,
sd_sddot_20231213_item_008,sd_sddot_2023_12_13,sd_sddot_bid_tabs_2023_12_13,SD,sd_sddot,,8,AWARDED,"BORDER STATES PAVING, INC.",8478279.35,Harding,,"FDR, Mill, AC Surf, Pipe Work",,,3,US85 - Fm Ludlow to the ND State Line,,,
sd_sddot_20231213_item_009,sd_sddot_2023_12_13,sd_sddot_bid_tabs_2023_12_13,SD,sd_sddot,,9,AWARDED,"Hamm Contracting, LLC",1018476.2,Lawrence,,Signing & Delineation - Gravel Roads,,,1,"Various County, City, & Township Roads in Lawrence Co",,,
sd_sddot_20231213_item_010,sd_sddot_2023_12_13,sd_sddot_bid_tabs_2023_12_13,SD,sd_sddot,,10,AWARDED,Garrett Fencing Inc,156886.2,Lawrence,,Interstate Fence,,,3,I90 E&W - Fm Wy State Line to Exit 10 (Spearfish/Belle Fourche),,,
sd_sddot_20240117_item_001,sd_sddot_2024_01_17,sd_sddot_bid_tabs_2024_01_17,SD,sd_sddot,,1,AWARDED,"Lehtola Builders, Inc.",1484471.84,Miner,,Structure & Approach Grading,,,5,Structure in Carthage on Main St over Redstone Creek (City Owned) SN 49-062-018; Structure 5 N & 0.1 E of Howard on 228th St over the West Fork of the Vermillion River SN 49-161-080,,,
sd_sddot_20240117_item_002,sd_sddot_2024_01_17,sd_sddot_bid_tabs_2024_01_17,SD,sd_sddot,,2,AWARDED,Journey Group Companies,5588076,Spink,,Structure & Approach Grading,,,1,Structure 1.8 S & 0.9 E of Ashton on 167th St over the James River SN 58-117-190; Structure 3.3 N & 1.6 E of Ashton on 162nd St over the James River SN 58-124-140,,,
sd_sddot_20240117_item_003,sd_sddot_2024_01_17,sd_sddot_bid_tabs_2024_01_17,SD,sd_sddot,,3,AWARDED,Journey Group Companies,6629863.08,Union,,Structure & Approach Grading,,,2,I29 - Str 3 S of Beresford Over I29 at 300th St,,,
sd_sddot_20240117_item_004,sd_sddot_2024_01_17,sd_sddot_bid_tabs_2024_01_17,SD,sd_sddot,,4,AWARDED,Journey Group Companies,6780595.25,McCook,,"Deck Replace, Abut Mods, Zone Paint, App",,,2,I90 - Str Exit 357 (Bridgewater) & Str Exit 368 (Canistota),,,
sd_sddot_20240117_item_005,sd_sddot_2024_01_17,sd_sddot_bid_tabs_2024_01_17,SD,sd_sddot,,5,AWARDED,A-G-E Corporation,319403,"Hanson, Miner",,"Scour Protection, Berm Repair",,,2,SD42 - Str 1.7 E of Davison Co Line,,,
sd_sddot_20240117_item_006,sd_sddot_2024_01_17,sd_sddot_bid_tabs_2024_01_17,SD,sd_sddot,,6,AWARDED,"PACIFIC PAINTING CO., INC.",773262.5,Fall River,,Polymer Chip Seal,,,3,"SD71 - 15 S of Hot Springs, 4 S of SD471 over Hat Ck",,,
sd_sddot_20240117_item_007,sd_sddot_2024_01_17,sd_sddot_bid_tabs_2024_01_17,SD,sd_sddot,,7,AWARDED,"PACIFIC PAINTING CO., INC.",213219.7,Custer,,Polymer Chip Seal,,,3,"SD79 N & S - 11.5 S of SD36 over French Ck, SD36 - 1.8 W of SD79 over Grace Coolidge Ck",,,
sd_sddot_20240207_item_001,sd_sddot_2024_02_07,sd_sddot_bid_tabs_2024_02_07,SD,sd_sddot,,1,AWARDED,"PACIFIC PAINTING CO., INC.",303226.13,Ziebach,,Polymer Chip Seal,,,2,SD65 - 12.8 S of SD20 over Moreau Rv; US212 - 1 W of Redelm over Bear Ck,,,
sd_sddot_20240207_item_002,sd_sddot_2024_02_07,sd_sddot_bid_tabs_2024_02_07,SD,sd_sddot,,2,AWARDED,"J.V. Bailey Company, Inc.",635302.1,"Harding, Perkins",,Polymer Chip Seal,,,1,"US85 - 0.2 S of SD20W over S Fork Grand Rv; SD75 - 5.5 N of Lodgepole over N Fork Grand Rv, 7.9 N of SD20 over S Fork Grand Rv",,,
sd_sddot_20240207_item_003,sd_sddot_2024_02_07,sd_sddot_bid_tabs_2024_02_07,SD,sd_sddot,,3,REJECTED,,,Statewide Project Rejected by the Transportation Commission,,Polymer Chip Seal,,,,"SD65 - 12.8 S of SD20 over Moreau Rv, US212 - 1 W of Redelm over Bear Ck, US85 - 0.2 S of SD20W over S Fork Grand Rv, SD75 - 5.5 N of Lodgepole over N Fork Grand Rv, 7.9 N of SD20 over S Fork Grand Rv",,,
sd_sddot_20240207_item_004,sd_sddot_2024_02_07,sd_sddot_bid_tabs_2024_02_07,SD,sd_sddot,,4,AWARDED,"Lehtola Builders, Inc.",1032842.23,Brookings,,Structure & Approach Grading,,,6,Structure 3.5 N & 4.7 E of White on 200th St over a Ck SN 06-287-040,,,
sd_sddot_20240207_item_005,sd_sddot_2024_02_07,sd_sddot_bid_tabs_2024_02_07,SD,sd_sddot,,5,AWARDED,"Lehtola Builders, Inc.",525258.3,Brookings,,Structure & Approach Grading,,,6,Structure 2.3 S & 3 W of White on 475th Ave over Six Mile Creek SN 06-210-098,,,
sd_sddot_20240207_item_006,sd_sddot_2024_02_07,sd_sddot_bid_tabs_2024_02_07,SD,sd_sddot,,6,REJECTED,,,Brown Project Rejected by the Transportation Commission,,"Structure, Approach Grading, PE",,,,Structure 8.5 W & 5 N of Frederick on 102nd St over Elm Lake SN 07-019-020,,,
sd_sddot_20240207_item_007,sd_sddot_2024_02_07,sd_sddot_bid_tabs_2024_02_07,SD,sd_sddot,,7,AWARDED,"MIDWEST CONTRACTING, LLC",3230730.2,Pennington,,"Structure, Approach Grading",,,4,Structure 4.0 W & 5.3 N of Conata on Huether Rd over a Creek SN 52-896-490; Structure 0.6 W & 2.1 N of Quinn on Paulsen Rd over Cottonwood Creek SN 52-952-341; Structure 0.5 W and 2.2 N of Quinn on Paulsen Rd over Cottonwood Creek SN 52-953-340,,,
sd_sddot_20240207_item_008,sd_sddot_2024_02_07,sd_sddot_bid_tabs_2024_02_07,SD,sd_sddot,,8,AWARDED,Top Grade Concrete LLC,679971,Charles Mix,,Shared Use Path,,,2,Wagner along Main Ave from 298th St to the N End of Tomahawk Rd,,,
sd_sddot_20240207_item_009,sd_sddot_2024_02_07,sd_sddot_bid_tabs_2024_02_07,SD,sd_sddot,,9,AWARDED,"Simon Contractors of South Dakota, Inc.",4075868.69,"Meade, Pennington",,"Pipe Replacement, CIPP Lining",,,1,Various Locations Throughout the Rapid City Area,,,
sd_sddot_20240207_item_010,sd_sddot_2024_02_07,sd_sddot_bid_tabs_2024_02_07,SD,sd_sddot,,10,AWARDED,"BX CIVIL & CONSTRUCTION, INC.",2407590.7,Lincoln,,"LSDC, Poly Chip Seal, Bear Repairs",,,2,I29 N & S - 0.4 N of the US18 W Interch over Snake Ck & 294 St (FAS 6116) 3 N of the SD46 Interch over I29,,,
sd_sddot_20240207_item_011,sd_sddot_2024_02_07,sd_sddot_bid_tabs_2024_02_07,SD,sd_sddot,,11,AWARDED,"MIDWEST CONTRACTING, LLC",5109919.07,Charles Mix,,"Grading, AC Surfacing, RCBC",,,3,SD46 - Fm W of 393rd Ave to the W City Limits of Wagner,,,
sd_sddot_20240207_item_012,sd_sddot_2024_02_07,sd_sddot_bid_tabs_2024_02_07,SD,sd_sddot,,12,AWARDED,"DUININCK, INC",13331787.48,"Faulk, Spink",,"Mill & AC Resurfacing, Pipe Work",,,4,SD20 - Fm SD45 to Brentford,,,
sd_sddot_20240207_item_013,sd_sddot_2024_02_07,sd_sddot_bid_tabs_2024_02_07,SD,sd_sddot,,13,AWARDED,"BITUMINOUS PAVING, INC.",767561.25,"Brown, Day, Roberts",,Asphalt Surface Treatment,,,3,Various Locations in the Aberdeen Area,,,
sd_sddot_20240207_item_014,sd_sddot_2024_02_07,sd_sddot_bid_tabs_2024_02_07,SD,sd_sddot,,14,AWARDED,"Highway Improvement, Inc",198922.4,"Deuel, Hamlin, Roberts",,Rout & Seal,,,5,Various Routes in the Watertown Area,,,
sd_sddot_20240227_item_001,sd_sddot_2024_02_27,sd_sddot_bid_tabs_2024_02_27,SD,sd_sddot,,1,AWARDED,T&R Contracting Inc,41275125.06,Minnehaha,,"Interchange Recon, Repl Str, Light, PCC",,,4,I90 - Exit 406 (Corson/Brandon); SD11 - Fm Redwood Blvd to Ash St in Brandon & 260th St Intersection in Corson,,,
sd_sddot_20240227_item_002,sd_sddot_2024_02_27,sd_sddot_bid_tabs_2024_02_27,SD,sd_sddot,,2,AWARDED,T&R Contracting Inc,324999.99,Minnehaha,,Watermain and Sanitary Sewer Line Adjust,,,4,"I90 Along the North and South Side from the Railroad Crossing to Exit 406, SD11 Along the West and East Side from Redwood Blvd. to I90.",,,
sd_sddot_20240227_item_003,sd_sddot_2024_02_27,sd_sddot_bid_tabs_2024_02_27,SD,sd_sddot,,3,AWARDED,"BOWES CONSTRUCTION, INC.",11544336.96,Deuel,,"Grading, Interim Surfacing",,,4,SD15 - Fm SD28 N to Clear Lake,,,
sd_sddot_20240306_item_001,sd_sddot_2024_03_06,sd_sddot_bid_tabs_2024_03_06,SD,sd_sddot,,1,AWARDED,"BORDER STATES PAVING, INC.",10983007,"Clark, Codington",,"Mill, AC Resurfacing, Pipe Work",,,3,"US212 - Fm the E City Limits of Clark to the Beginning of the Concrete near Watertown; US212 E & W, EF & WF - Fm 19th St to 458th Ave in Watertown",,,
sd_sddot_20240306_item_002,sd_sddot_2024_03_06,sd_sddot_bid_tabs_2024_03_06,SD,sd_sddot,,2,AWARDED,"BORDER STATES PAVING, INC.",15068007,"Bennett, Gregory, Tripp",,"Joint & Spall Repair, Joint Seal, AC Sur",,,4,Various Routes in the Winner Area,,,
sd_sddot_20240306_item_003,sd_sddot_2024_03_06,sd_sddot_bid_tabs_2024_03_06,SD,sd_sddot,,3,AWARDED,"Hilt Construction,Inc.",1983059.55,"Lawrence, Meade, Pennington",,Guardrail Replacement,,,2,Various Locations in the Rapid City Region,,,
sd_sddot_20240306_item_004,sd_sddot_2024_03_06,sd_sddot_bid_tabs_2024_03_06,SD,sd_sddot,,4,AWARDED,Asphalt Surface Technologies Corporation,9343320.5,"Butte, Harding, Lawrence, Meade, Perkins",,Asphalt Surface Treatment,,,3,Various Locations in the Belle Fourche Area,,,
sd_sddot_20240306_item_005,sd_sddot_2024_03_06,sd_sddot_bid_tabs_2024_03_06,SD,sd_sddot,,5,AWARDED,Journey Group Companies,286933.5,"Aurora, Charles Mix, Clay, Davison, Gregory, Hanson, Hutchinson, McCook, Turner, Union, Yankton",,Concrete Penetrating Sealer,,,3,Various Location Throughout the Mitchell Region,,,
sd_sddot_20240306_item_006,sd_sddot_2024_03_06,sd_sddot_bid_tabs_2024_03_06,SD,sd_sddot,,6,AWARDED,"MUTH ELECTRIC, INC.",281966.2,Lincoln,,Traffic Control Signals,,,2,SD115 N & S - Tiger Way Jct,,,
sd_sddot_20240306_item_007,sd_sddot_2024_03_06,sd_sddot_bid_tabs_2024_03_06,SD,sd_sddot,,7,AWARDED,JIM RIVER FENCING LLC,249923,"Lincoln, Minnehaha",,"Chain Link Fence Repair, Clearing",,,2,Various Locations in Sioux Falls,,,
sd_sddot_20240320_item_001,sd_sddot_2024_03_20,sd_sddot_bid_tabs_2024_03_20,SD,sd_sddot,,1,AWARDED,"BX CIVIL & CONSTRUCTION, INC.",14210000,Beadle,,"Urban Grading, PCC Surfacing, Storm Sewe",,,3,SD37 - Fm 9th St S to 3rd St N in Huron,,,
sd_sddot_20240320_item_002,sd_sddot_2024_03_20,sd_sddot_bid_tabs_2024_03_20,SD,sd_sddot,,2,AWARDED,"BX CIVIL & CONSTRUCTION, INC.",4785000,Beadle,,"Water & Sewer Main, Street Scape",,,3,SD37 - Fm 9th St S to 3rd St N in Huron,,,
sd_sddot_20240320_item_003,sd_sddot_2024_03_20,sd_sddot_bid_tabs_2024_03_20,SD,sd_sddot,,3,AWARDED,"DUININCK, INC",830268.2,Codington,,AC Shared Use Path,,,1,Watertown along Lake Kampeska from Parkview Drive to Marina Drive,,,
sd_sddot_20240320_item_004,sd_sddot_2024_03_20,sd_sddot_bid_tabs_2024_03_20,SD,sd_sddot,,4,AWARDED,"DUININCK, INC",628075.6,Codington,,AC Shared Use Path,,,1,Watertown - Along the W side of South Lake Dr fm Lynwood Dr to South Lake Dr,,,
sd_sddot_20240320_item_005,sd_sddot_2024_03_20,sd_sddot_bid_tabs_2024_03_20,SD,sd_sddot,,5,AWARDED,"WESTERN CONSTRUCTION, INC.",779341.35,Custer,,Shared Use Path,,,2,US16A - Fm Custer to Stockade Lake,,,
sd_sddot_20240320_item_006,sd_sddot_2024_03_20,sd_sddot_bid_tabs_2024_03_20,SD,sd_sddot,,6,AWARDED,"BITUMINOUS PAVING, INC.",2876960.45,Hamlin,,"FDR, AC Surfacing, Pipe Work",,,3,SD21 - Fm W City Limits of Hayti to US81,,,
sd_sddot_20240320_item_007,sd_sddot_2024_03_20,sd_sddot_bid_tabs_2024_03_20,SD,sd_sddot,,7,AWARDED,LIEN TRANSPORTATION CO,2584969.53,"Campbell, Edmunds, McPherson, Potter",,Region Inslope Repair & Rest. Culv Exten,,,2,Various Locations in the Pierre & Aberdeen Regions,,,
sd_sddot_20240320_item_008,sd_sddot_2024_03_20,sd_sddot_bid_tabs_2024_03_20,SD,sd_sddot,,8,REJECTED,,,Union Project Rejected by the Transportation Commission,,"Replace Joints, Bearings, Box Girder End",,,,I29 - Exit 9 (Jefferson) & Exit 15 (Elk Point) over I29,,,
sd_sddot_20240320_item_009,sd_sddot_2024_03_20,sd_sddot_bid_tabs_2024_03_20,SD,sd_sddot,,9,AWARDED,SPENCER QUARRIES INCORPORATED,4540728.49,"Bon Homme, Hutchinson",,"Mill, AC Resurfacing, Pipe Work",,,3,SD37 - Fm SD50 to the Bon Homme/Hutchinson Co Line,,,
sd_sddot_20240320_item_010,sd_sddot_2024_03_20,sd_sddot_bid_tabs_2024_03_20,SD,sd_sddot,,10,AWARDED,Builders Electric,168388.59,"Lincoln, Minnehaha",,Intersection Safety Improvements,,,2,Mitchell Region,,,
sd_sddot_20240320_item_011,sd_sddot_2024_03_20,sd_sddot_bid_tabs_2024_03_20,SD,sd_sddot,,11,AWARDED,"Jensen Rock & Sand, Inc.",3294106.36,"Haakon, Hughes, Lyman, Potter, Stanley",,Asphalt Surface Treatment,,,4,Various Locations in the Pierre Area,,,
sd_sddot_20240320_item_012,sd_sddot_2024_03_20,sd_sddot_bid_tabs_2024_03_20,SD,sd_sddot,,12,AWARDED,"BITUMINOUS PAVING, INC.",2640715.95,"Jackson, Lawrence, Meade, Pennington",,Asphalt Surface Treatment,,,3,Various Locations in the Rapid City Area,,,
sd_sddot_20240320_item_013,sd_sddot_2024_03_20,sd_sddot_bid_tabs_2024_03_20,SD,sd_sddot,,13,AWARDED,Asphalt Surface Technologies Corporation,234340.05,"Faulk, Hand, Hyde",,Rout & Seal,,,5,Various Locations in the Huron Area,,,
sd_sddot_20240320_item_014,sd_sddot_2024_03_20,sd_sddot_bid_tabs_2024_03_20,SD,sd_sddot,,14,AWARDED,"Highway Improvement, Inc",198144.45,"Lyman, Tripp",,Rout & Seal,,,5,Various Locations in the Winner Area,,,
sd_sddot_20240404_item_001,sd_sddot_2024_04_04,sd_sddot_bid_tabs_2024_04_04,SD,sd_sddot,,1,AWARDED,"Nolz Dragline and Construction Company, Inc",285987.8,Lincoln,,"Scour Protection, Berm Repair",,,1,SD11 - Str 2.5 N of US18 Jct; Str 6 S of Minnehaha Co Line,,,
sd_sddot_20240404_item_002,sd_sddot_2024_04_04,sd_sddot_bid_tabs_2024_04_04,SD,sd_sddot,,2,AWARDED,"Hamm Contracting, LLC",1409103.9,Haakon,,Signing & Delineation - Gravel Roads,,,2,"Various County, City, & Township Roads in Haakon County",,,
sd_sddot_20240404_item_003,sd_sddot_2024_04_04,sd_sddot_bid_tabs_2024_04_04,SD,sd_sddot,,3,AWARDED,SPENCER QUARRIES INCORPORATED,6416810.61,"McCook, Minnehaha",,"Mill, AC Resurfacing, Pipe Work",,,4,SD38 - Fm US81 to SD19,,,
sd_sddot_20240404_item_004,sd_sddot_2024_04_04,sd_sddot_bid_tabs_2024_04_04,SD,sd_sddot,,4,AWARDED,"DUININCK, INC",10389694.55,"Davison, Hanson, McCook",,"Mill, AC Resurfacing, Pipe Work",,,3,SD42 - Fm SD37 to Bridgewater,,,
sd_sddot_20240404_item_005,sd_sddot_2024_04_04,sd_sddot_bid_tabs_2024_04_04,SD,sd_sddot,,5,NO BIDS,,,Lawrence No Bids Received on Project,,"Polymer Chip Seal, Joints, Approach Slab",,,,"I90 E & W - Strs 1.7, 2 E of the WY State Line, Interch over Schenk Lane, 3, 1.3 W of the US85 Interch, EBL Off Ramp 0.3 W of the US85 Interch & 1.0 SE of the SD34 N Interch",,,
sd_sddot_20240404_item_006,sd_sddot_2024_04_04,sd_sddot_bid_tabs_2024_04_04,SD,sd_sddot,,6,AWARDED,"BX CIVIL & CONSTRUCTION, INC.",1911334.4,Minnehaha,,"Appr Slab Reps, Poly Chip & Crash Wall",,,2,Various Locations Throughout the Mitchell Region,,,
sd_sddot_20240404_item_007,sd_sddot_2024_04_04,sd_sddot_bid_tabs_2024_04_04,SD,sd_sddot,,7,AWARDED,"BITUMINOUS PAVING, INC.",2362208.95,"Custer, Fall River",,Asphalt Surface Treatment,,,3,Various Locations in the Custer Area,,,
sd_sddot_20240404_item_008,sd_sddot_2024_04_04,sd_sddot_bid_tabs_2024_04_04,SD,sd_sddot,,8,AWARDED,"BITUMINOUS PAVING, INC.",3557012.33,"Beadle, Buffalo, Clark, Lyman, Sanborn, Spink",,Asphalt Surface Treatment,,,4,Various Locations in the Huron Area,,,
sd_sddot_20240404_item_009,sd_sddot_2024_04_04,sd_sddot_bid_tabs_2024_04_04,SD,sd_sddot,,9,AWARDED,Northwest Asphalt & Maintenance,223494.24,"Hughes, Potter, Stanley",,Rout & Seal,,,5,Various Locations in the Pierre Area,,,
sd_sddot_20240404_item_010,sd_sddot_2024_04_04,sd_sddot_bid_tabs_2024_04_04,SD,sd_sddot,,10,AWARDED,Northwest Asphalt & Maintenance,249378.36,"Brookings, Moody",,Rout & Seal,,,5,Various Routes in the Sioux Falls Area,,,
sd_sddot_20240404_item_011,sd_sddot_2024_04_04,sd_sddot_bid_tabs_2024_04_04,SD,sd_sddot,,11,AWARDED,"LOISEAU CONSTRUCTION, INC.",22856880.08,"Brown, Marshall",,"Shoulder Widening, Strs",,,4,SD10 - Fm E of the James River to Britton; SD10 - Str 4.6 W of SD27 S over a Drainage Ditch,,,
sd_sddot_20240417_item_001,sd_sddot_2024_04_17,sd_sddot_bid_tabs_2024_04_17,SD,sd_sddot,,1,AWARDED,Robert R. Schroeder Construction Inc.,10418223.64,Brown,,"Replace Bridge, Approach Grading",,,2,US12 - Str 0.1 E of the Brown/Edmunds Co Line Over Snake Creek; SD10 - Str 2.7 W Of Houghton over the James River,,,
sd_sddot_20240417_item_002,sd_sddot_2024_04_17,sd_sddot_bid_tabs_2024_04_17,SD,sd_sddot,,2,AWARDED,"BX CIVIL & CONSTRUCTION, INC.",2637763.2,"Grant, Roberts",,"Approach Slab Repair, Poly Chip Seal",,,4,Various Locations Throughout the Watertown Area,,,
sd_sddot_20240417_item_003,sd_sddot_2024_04_17,sd_sddot_bid_tabs_2024_04_17,SD,sd_sddot,,3,AWARDED,"Dakota Traffic Services, LLC",37591.83,Lake,,RRFB Installation,,,2,SD34 - Jct of 4th St SE in Madison,,,
sd_sddot_20240417_item_004,sd_sddot_2024_04_17,sd_sddot_bid_tabs_2024_04_17,SD,sd_sddot,,4,AWARDED,"INTERSTATE IMPROVEMENT, INC.",3262909.35,"Butte, Custer, Fall River, Lawrence, Pennington",,Pavement Restoration,,,3,Various Locations in the Rapid City Region,,,
sd_sddot_20240417_item_005,sd_sddot_2024_04_17,sd_sddot_bid_tabs_2024_04_17,SD,sd_sddot,,5,AWARDED,"Anderson Western, Inc.",5571584.7,"Hughes, Hyde",,"Mill, AC Resurfacing, FDR",,,6,SD34 - Fm Hughes/Hyde Co Line to the SD47 N Jct,,,
sd_sddot_20240417_item_006,sd_sddot_2024_04_17,sd_sddot_bid_tabs_2024_04_17,SD,sd_sddot,,6,AWARDED,"Anderson Western, Inc.",2118589.76,Hughes,,"Mill, AC Resurf, AC Resurf Bike Path",,,6,"SD34, SD34 E & W - Fm Cleveland Ave to Farm Island Rd in Pierre",,,
sd_sddot_20240417_item_007,sd_sddot_2024_04_17,sd_sddot_bid_tabs_2024_04_17,SD,sd_sddot,,7,AWARDED,"Jensen Rock & Sand, Inc.",808358.03,Campbell,,Asphalt Surface Treatment,,,3,Various Locations in the Mobridge Area,,,
sd_sddot_20240417_item_008,sd_sddot_2024_04_17,sd_sddot_bid_tabs_2024_04_17,SD,sd_sddot,,8,AWARDED,The Road Guy Construction Company Inc,3807848.89,"Bon Homme, Charles Mix, Clay, Hutchinson, Yankton",,Asphalt Surface Treatment,,,2,Various Locations in the Yankton Area,,,
sd_sddot_20240417_item_009,sd_sddot_2024_04_17,sd_sddot_bid_tabs_2024_04_17,SD,sd_sddot,,9,AWARDED,"DIAMOND SURFACE, INC",5639914.39,"Beadle, Brookings, Clark, Deuel, Faulk, Grant, Hand, Kingsbury, Roberts",,Centerline Rumble Stripes,,,1,Aberdeen Region,,,
sd_sddot_20240417_item_010,sd_sddot_2024_04_17,sd_sddot_bid_tabs_2024_04_17,SD,sd_sddot,,10,AWARDED,Traffic Services Company LLC,80097.2,"Bennett, Jackson, Lyman",,Durable Pavement Marking,,,3,Various locations on the State System in the Pierre Region,,,
sd_sddot_20240417_item_011,sd_sddot_2024_04_17,sd_sddot_bid_tabs_2024_04_17,SD,sd_sddot,,11,AWARDED,"Highway Improvement, Inc",117478.7,"Custer, Fall River",,Rout & Seal,,,4,Various Locations in the Custer Area,,,
sd_sddot_20240501_item_001,sd_sddot_2024_05_01,sd_sddot_bid_tabs_2024_05_01,SD,sd_sddot,,1,AWARDED,"GENERAL EXCAVATING, LLC",317567.12,Hamlin,,Prestressed Girder Repair,,,2,I29 N - 4 NW of SD22 Interch over Stray Horse Ck,,,
sd_sddot_20240501_item_002,sd_sddot_2024_05_01,sd_sddot_bid_tabs_2024_05_01,SD,sd_sddot,,2,AWARDED,"Corr Construction Services, Inc",2125392.3,"Haakon, Jackson, Lyman, Stanley",,"Polymer Chip Seal, Approach Slabs",,,4,"US83 - Str In Fort Pierre; US14 - Str 3.8 SW of the Jackson/Haakon Co Line, Str 1.1 NE of the Haakon/Jackson Co Line, Str 1.9 S of the SD34 Jct; SD1806 - 6.4 NW of SD273, 6.7 NW of SD273, 6.7 NW of SD273; SD47-5.3 S of SD49",,,
sd_sddot_20240501_item_003,sd_sddot_2024_05_01,sd_sddot_bid_tabs_2024_05_01,SD,sd_sddot,,3,AWARDED,"BX CIVIL & CONSTRUCTION, INC.",1395000,"Lincoln, Minnehaha",,Corridor Signing,,,2,Mitchell Region,,,
sd_sddot_20240501_item_004,sd_sddot_2024_05_01,sd_sddot_bid_tabs_2024_05_01,SD,sd_sddot,,4,AWARDED,"PACIFIC PAINTING CO., INC.",1496043.8,Roberts,,Paint Superstructure,,,8,"I29 - Strs, SD10/I29 Intch: County Rd over I29, 2.0 N of SD10 Intch: County Rd over I29, 6.5 NE of SD10 Intch: SD127/I29 Intch & County Rd over I29, 2.0 N of SD127 Intch: Over BNSF RR 0.6 S of US12 Intch",,,
sd_sddot_20240501_item_005,sd_sddot_2024_05_01,sd_sddot_bid_tabs_2024_05_01,SD,sd_sddot,,5,AWARDED,"BITUMINOUS PAVING, INC.",7790806.15,Minnehaha,,"Mill, AC Resurf Shldrs, AST",,,2,Various Routes in the Sioux Falls Area,,,
sd_sddot_20240501_item_006,sd_sddot_2024_05_01,sd_sddot_bid_tabs_2024_05_01,SD,sd_sddot,,6,AWARDED,"Skidabrader Group, LLC",393370.88,Roberts,,High Friction Surface Treatment,,,3,"I29 S - 1.1 N of Exit 213 (Wilmot, SD15)",,,
sd_sddot_20240501_item_007,sd_sddot_2024_05_01,sd_sddot_bid_tabs_2024_05_01,SD,sd_sddot,,7,AWARDED,Northwest Asphalt & Maintenance,434124.11,"Bon Homme, Clay, Union, Yankton",,Rout & Seal,,,3,Various Routes in the Yankton Area,,,
sd_sddot_20240501_item_008,sd_sddot_2024_05_01,sd_sddot_bid_tabs_2024_05_01,SD,sd_sddot,,8,AWARDED,"Highway Improvement, Inc",171285.95,Day,,Crack Leveling,,,5,Various Routes in the Aberdeen Area,,,
sd_sddot_20240515_item_001,sd_sddot_2024_05_15,sd_sddot_bid_tabs_2024_05_15,SD,sd_sddot,,1,AWARDED,"GENERAL EXCAVATING, LLC",839168.5,Roberts,,Structure & Approach Grading,,,4,Structure 4.5 E & 1 N of Rosholt on 104th St over a Ck SN 55-283-040,,,
sd_sddot_20240515_item_002,sd_sddot_2024_05_15,sd_sddot_bid_tabs_2024_05_15,SD,sd_sddot,,2,AWARDED,"GENERAL EXCAVATING, LLC",477932,Roberts,,Structure & Approach Grading,,,4,Structure 6 N of Sisseton on 457th Ave over a Ck SN 55-080-127,,,
sd_sddot_20240515_item_003,sd_sddot_2024_05_15,sd_sddot_bid_tabs_2024_05_15,SD,sd_sddot,,3,AWARDED,Journey Group Companies,293293,Minnehaha,,PCC Shared Use Path,,,4,Crooks - Along the W Side of S West Ave fm 7th St to Dianne St,,,
sd_sddot_20240515_item_004,sd_sddot_2024_05_15,sd_sddot_bid_tabs_2024_05_15,SD,sd_sddot,,4,AWARDED,Soukup Construction Inc,5659099,Minnehaha,,"Modify Crossovers, Temporary Structure",,,2,I229 - for Cliff Ave,,,
sd_sddot_20240515_item_005,sd_sddot_2024_05_15,sd_sddot_bid_tabs_2024_05_15,SD,sd_sddot,,5,AWARDED,"GENERAL EXCAVATING, LLC",289988.5,Charles Mix,,Approach Slabs,,,1,SD45 - 3.2 N of Platte over Platte Ck,,,
sd_sddot_20240515_item_006,sd_sddot_2024_05_15,sd_sddot_bid_tabs_2024_05_15,SD,sd_sddot,,6,AWARDED,"MUTH ELECTRIC, INC.",340506.9,Yankton,,Traffic Signals & Lighting,,,2,SD52 - Deer Blvd W of Yankton,,,
sd_sddot_20240515_item_007,sd_sddot_2024_05_15,sd_sddot_bid_tabs_2024_05_15,SD,sd_sddot,,7,AWARDED,"BITUMINOUS PAVING, INC.",3533799.56,"Bennett, Jackson, Jones, Lyman",,Asphalt Surface Treatment,,,2,Various Locations in the Winner Area,,,
sd_sddot_20240515_item_008,sd_sddot_2024_05_15,sd_sddot_bid_tabs_2024_05_15,SD,sd_sddot,,8,AWARDED,"BITUMINOUS PAVING, INC.",6989259.18,"Brookings, Clark, Codington, Deuel, Grant, Hamlin, Roberts",,Asphalt Surface Treatment,,,2,Various Locations in the Watertown Area,,,
sd_sddot_20240605_item_001,sd_sddot_2024_06_05,sd_sddot_bid_tabs_2024_06_05,SD,sd_sddot,,1,AWARDED,"GRAVES CONSTRUCTION CO., INC.",2009054,Hutchinson,,Structure & Approach Grading,,,3,Structure in Milltown on Benson Rd over Twelve Mile Creek,,,
sd_sddot_20240605_item_002,sd_sddot_2024_06_05,sd_sddot_bid_tabs_2024_06_05,SD,sd_sddot,,2,AWARDED,ENGELSTAD ELECTRIC CO,343881.27,Hamlin,,Lighting,,,4,US81 – Fm 196th St to Golf Course Rd at Lake Poinsett,,,
sd_sddot_20240605_item_003,sd_sddot_2024_06_05,sd_sddot_bid_tabs_2024_06_05,SD,sd_sddot,,3,AWARDED,Journey Group Companies,6309758.15,"Davison, Hanson",,"Approach Slab, Polymer Chip Seal, PCC",,,3,Various Locations Throughout the Mitchell Region,,,
sd_sddot_20240605_item_004,sd_sddot_2024_06_05,sd_sddot_bid_tabs_2024_06_05,SD,sd_sddot,,4,AWARDED,Journey Group Companies,686407.36,"Aurora, Minnehaha",,Steel Girder Repair,,,4,"I90E - 370th Ave over I90, 4.5 NW of Exit 296 (White Lake) & 457th Ave over I90, 1 SE of Exit 379 (Humboldt); I29 S - Exit 79 (12th St in Sioux Falls)",,,
sd_sddot_20240605_item_005,sd_sddot_2024_06_05,sd_sddot_bid_tabs_2024_06_05,SD,sd_sddot,,5,AWARDED,"INTERSTATE IMPROVEMENT, INC.",2363913.77,"Lake, Minnehaha",,"Grinding, Joint & Spall Repair",,,4,"US81 near Madison, Interstate 29, SD42 near Sioux Falls and SD11 at Brandon",,,
sd_sddot_20240605_item_006,sd_sddot_2024_06_05,sd_sddot_bid_tabs_2024_06_05,SD,sd_sddot,,6,AWARDED,"BITUMINOUS PAVING, INC.",3208409.9,Corson,,"AC Surfacing, Milling, Pipe",,,3,"US12 - Fm 7 E of Perkins Co Line to 2 E, & at McIntosh",,,
sd_sddot_20240605_item_007,sd_sddot_2024_06_05,sd_sddot_bid_tabs_2024_06_05,SD,sd_sddot,,7,AWARDED,The Truesdell Corporation,669669,"Clay, Lincoln, Minnehaha",,High Friction Surface Treatment,,,2,Various locations in the SIoux Falls and Yankton Areas,,,
sd_sddot_20240605_item_008,sd_sddot_2024_06_05,sd_sddot_bid_tabs_2024_06_05,SD,sd_sddot,,8,AWARDED,"BITUMINOUS PAVING, INC.",7119759.85,"Charles Mix, Douglas, Gregory, Hanson, Hutchinson, Lyman, Miner, Sanborn",,Asphalt Surface Treatment,,,3,Various Locations in the Mitchell Area,,,
sd_sddot_20240605_item_009,sd_sddot_2024_06_05,sd_sddot_bid_tabs_2024_06_05,SD,sd_sddot,,9,AWARDED,Northwest Asphalt & Maintenance,1079427.8,"Campbell, Corson, Dewey, McPherson, Walworth",,Rout & Seal,,,3,Various Locations in the Mobridge Area,,,
sd_sddot_20240626_item_001,sd_sddot_2024_06_26,sd_sddot_bid_tabs_2024_06_26,SD,sd_sddot,,1,AWARDED,"HEAVY CONSTRUCTORS, INC.",831794.98,Pennington,,Structure & Approach Grading,,,2,Structure 0.1 S of San Marco & S Canyon in Rapid City on San Marco Blvd over the Pierre St Drainage Ditch (City Owned) SN 52-375-296,,,
sd_sddot_20240626_item_002,sd_sddot_2024_06_26,sd_sddot_bid_tabs_2024_06_26,SD,sd_sddot,,2,AWARDED,"HEAVY CONSTRUCTORS, INC.",89743,Pennington,,Water Main Lowering,,,2,San Marco Blvd over the Pierre St Drainage Ditch,,,
sd_sddot_20240626_item_003,sd_sddot_2024_06_26,sd_sddot_bid_tabs_2024_06_26,SD,sd_sddot,,3,AWARDED,Robert R. Schroeder Construction Inc.,4310821.31,Grant,,Structure & Approach Grading,,,4,Structure in Big Stone City on 2nd Ave over the BN RR (City Owned) SN 26-374-023,,,
sd_sddot_20240626_item_004,sd_sddot_2024_06_26,sd_sddot_bid_tabs_2024_06_26,SD,sd_sddot,,4,AWARDED,"WESTERN CONSTRUCTION, INC.",540852.4,Pennington,,Gravel Surfacing,,,2,Boulder Hill Rd - Fm Silver Mountain Rd to Sheridan Lake Rd; Custer Gulch Rd - Fm Pactola south 2 miles,,,
sd_sddot_20240626_item_005,sd_sddot_2024_06_26,sd_sddot_bid_tabs_2024_06_26,SD,sd_sddot,,5,AWARDED,"Simon Contractors of South Dakota, Inc.",8139124,Pennington,,AC Resurfacing,,,2,I90 E & W - Fm Box Elder to 2 E of New Underwood,,,
sd_sddot_20240626_item_006,sd_sddot_2024_06_26,sd_sddot_bid_tabs_2024_06_26,SD,sd_sddot,,6,AWARDED,"SIR LINES-A-LOT, LLC DBA DAKOTA TRAFFIC SERVICES",906304.2,Pennington,,Cold Plastics Pavement Marking,,,2,US16B & SD44 in Rapid City,,,
sd_sddot_20240626_item_007,sd_sddot_2024_06_26,sd_sddot_bid_tabs_2024_06_26,SD,sd_sddot,,7,AWARDED,"Surface Preparation Technologies, LLC",159910.12,Regionwide,,Rumble Stripes & High Grade Polymer Mark,,,2,Various locations on the local system in the Aberdeen Region,,,
sd_sddot_20240626_item_008,sd_sddot_2024_06_26,sd_sddot_bid_tabs_2024_06_26,SD,sd_sddot,,8,AWARDED,Traffic Solutions Inc,199667,"Day, Kingsbury",,Durable Pavement Markings,,,1,US12- Webster & US14 - Arlington,,,
sd_sddot_20240717_item_001,sd_sddot_2024_07_17,sd_sddot_bid_tabs_2024_07_17,SD,sd_sddot,,1,AWARDED,Hulstein Excavating Inc.,258445.7,"Lincoln, Minnehaha, Moody",,Culvert Work & Ditch Cleanout,,,5,Various Locations Throughout the Sioux Falls Area,,,
sd_sddot_20240717_item_002,sd_sddot_2024_07_17,sd_sddot_bid_tabs_2024_07_17,SD,sd_sddot,,2,AWARDED,"DUININCK, INC",12127904.81,Lake,,"Cold Mill, FDR, Int Impr, Asphalt",,,4,US81 - Fm N of NW 9th St in Madison to the Lake/Kingsbury/Brookings Co Line,,,
sd_sddot_20240717_item_003,sd_sddot_2024_07_17,sd_sddot_bid_tabs_2024_07_17,SD,sd_sddot,,3,AWARDED,Traffic Solutions LLC,1015162.55,"Clay, Minnehaha, Regionwide",,Durable Pavement Marking,,,1,Various locations in the Mitchell Region,,,
sd_sddot_20240807_item_001,sd_sddot_2024_08_07,sd_sddot_bid_tabs_2024_08_07,SD,sd_sddot,,1,AWARDED,"Corr Construction Services, Inc",323593.75,"Meade, Pennington",,Str Repair Bridge,,,3,I190 - I90 & I190 Interchange over I90; I90 - Exit 32 (Sturgis),,,
sd_sddot_20240821_item_001,sd_sddot_2024_08_21,sd_sddot_bid_tabs_2024_08_21,SD,sd_sddot,,1,AWARDED,A-G-E Corporation,416360,Lawrence,,Structure Removal,,,3,Structure E Boundary of Whitewood on the Whitewood Service Rd over Co Rd & the RCP&E RR SN 41-211-100,,,
sd_sddot_20240821_item_002,sd_sddot_2024_08_21,sd_sddot_bid_tabs_2024_08_21,SD,sd_sddot,,2,AWARDED,"GENERAL EXCAVATING, LLC",899338.4,Union,,"Replace Joints, Bearings, Box Girder End",,,1,I29 - Exit 9 (Jefferson) & Exit 15 (Elk Point) over I29,,,
sd_sddot_20240821_item_003,sd_sddot_2024_08_21,sd_sddot_bid_tabs_2024_08_21,SD,sd_sddot,,3,AWARDED,"J.V. Bailey Company, Inc.",3188644.81,Lawrence,,"Polymer Chip Seal, Joints, Approach Slab",,,3,"I90 E & W - Strs 1.7, 2 E of the WY State Line, Interch over Schenk Lane, 3, 1.3 W of the US85 Interch, EBL Off Ramp 0.3 W of the US85 Interch & 1.0 SE of the SD34 N Interch",,,
sd_sddot_20240821_item_004,sd_sddot_2024_08_21,sd_sddot_bid_tabs_2024_08_21,SD,sd_sddot,,4,AWARDED,KNIFE RIVER MIDWEST LLC,782386.86,"Clay, Union",,Pavement Preservation,,,5,Various Locations in the Yankton Area,,,
sd_sddot_20240821_item_005,sd_sddot_2024_08_21,sd_sddot_bid_tabs_2024_08_21,SD,sd_sddot,,5,AWARDED,Dakota Fence,135438,Brown,,Guardrail,,,2,378th Ave over Richmond Lake,,,
sd_sddot_20240821_item_006,sd_sddot_2024_08_21,sd_sddot_bid_tabs_2024_08_21,SD,sd_sddot,,6,AWARDED,"Surface Preparation Technologies, LLC",1263282.25,"Brookings, Hutchinson, Kingsbury, McCook",,Centerline Rumble Strips,,,1,Mitchell Region,,,
sd_sddot_20240904_item_001,sd_sddot_2024_09_04,sd_sddot_bid_tabs_2024_09_04,SD,sd_sddot,,1,AWARDED,"GENERAL EXCAVATING, LLC",5036790.75,Spink,,Str & Approach Grading,,,2,Structure 1 S & 2.8 W of Redfield on 175th St over Turtle Creek SN 58-062-270; Structure 1.0 E & 1.5 N of Redfield on 172nd St over Turtle Creek SN 58-109-240,,,
sd_sddot_20240904_item_002,sd_sddot_2024_09_04,sd_sddot_bid_tabs_2024_09_04,SD,sd_sddot,,2,AWARDED,"GRAVES CONSTRUCTION CO., INC.",1396252.2,Moody,,Structure & Approach Grading,,,5,Structure 7.5 E & 2 S of Trent on 242nd St over Pipestone Creek SN 51-195-220,,,
sd_sddot_20240904_item_003,sd_sddot_2024_09_04,sd_sddot_bid_tabs_2024_09_04,SD,sd_sddot,,3,AWARDED,"HEAVY CONSTRUCTORS, INC.",15096437.98,Pennington,,"Structures, Approach Grade, AC Surf",,,3,I90 E & W - Strs 3.3 E of the Wasta Interchange Over Bull Ck,,,
sd_sddot_20240904_item_004,sd_sddot_2024_09_04,sd_sddot_bid_tabs_2024_09_04,SD,sd_sddot,,4,AWARDED,"GENERAL EXCAVATING, LLC",7419860.48,Minnehaha,,"App Slabs & Pavement, LSDC & Epoxy",,,4,"I29 N & S - Strs 0.3 N of 26th St over Skunk Ck, Over 12th St (Exit 79), 0.3 N of 12th St over Ellis & Eastern RR",,,
sd_sddot_20240904_item_005,sd_sddot_2024_09_04,sd_sddot_bid_tabs_2024_09_04,SD,sd_sddot,,5,AWARDED,"SUBSURFACE, INC.",336247.2,"Jones, Lyman",,Pipe Work,,,3,Various Locations Throughout the Winner Area,,,
sd_sddot_20240918_item_001,sd_sddot_2024_09_18,sd_sddot_bid_tabs_2024_09_18,SD,sd_sddot,,1,REJECTED,,,Oglala Lakota Project Rejected by the Transportation Commission,,"Urban Grad, C&G, Strm Sewer, Lght, PCC",,,,US18 - In Pine Ridge Fm 2 Blocks N of SD407 to E of Indian Health Rd; SD407 - In Pine Ridge Fm Cherry Hill Ct to US18,,,
sd_sddot_20240918_item_002,sd_sddot_2024_09_18,sd_sddot_bid_tabs_2024_09_18,SD,sd_sddot,,2,REJECTED,,,Oglala Lakota Project Rejected by the Transportation Commission,,Replace Water Line,,,,US18 - In Pine Ridge Fm 2 Blocks N of SD407 to E of Indian Health Rd,,,
sd_sddot_20240918_item_003,sd_sddot_2024_09_18,sd_sddot_bid_tabs_2024_09_18,SD,sd_sddot,,3,AWARDED,Mainline Contracting Inc,499224.1,Pennington,,Replace Sewer Lines,,,2,I90 E & W - Eastbound & Westbound Wasta Rest Area,,,
sd_sddot_20240918_item_004,sd_sddot_2024_09_18,sd_sddot_bid_tabs_2024_09_18,SD,sd_sddot,,4,AWARDED,"SUBSURFACE, INC.",1205644.85,"Brown, Edmunds, Marshall",,Pipe Work,,,1,Various Locations Throughout the Aberdeen Area,,,
sd_sddot_20240918_item_005,sd_sddot_2024_09_18,sd_sddot_bid_tabs_2024_09_18,SD,sd_sddot,,5,AWARDED,Builders Electric,204927.8,Bon Homme,,Intersection Lighting,,,3,SD37 - SD46 Jct,,,
sd_sddot_20240918_item_006,sd_sddot_2024_09_18,sd_sddot_bid_tabs_2024_09_18,SD,sd_sddot,,6,AWARDED,Traffic Solutions LLC,107946.6,Regionwide,,County Pavement Marking,,,1,Various Locations in the Aberdeen Region,,,
sd_sddot_20241002_item_001,sd_sddot_2024_10_02,sd_sddot_bid_tabs_2024_10_02,SD,sd_sddot,,1,AWARDED,"OFTEDAL CONSTRUCTION, INC.",49081403.6,Pennington,,"Grading, Interim Surfacing, Replace Str",,,2,US385 - Fm 1.5 N of US16 E to Pactola Dam; US385 - Str 3.6 N of US16 E over Horse Creek,,,
sd_sddot_20241002_item_002,sd_sddot_2024_10_02,sd_sddot_bid_tabs_2024_10_02,SD,sd_sddot,,2,AWARDED,"MIDWEST CONTRACTING, LLC",1738860.36,Meade,,Structure & Approach Grading,,,5,SD34 - 7.5 W of Union Center over East Elm Ck,,,
sd_sddot_20241002_item_003,sd_sddot_2024_10_02,sd_sddot_bid_tabs_2024_10_02,SD,sd_sddot,,3,AWARDED,"CENTRAL SPECIALTIES, INC",8531809.24,Corson,,AC Surfacing,,,5,US12 - Fm Morristown E 9; US12- Fm the E SD65 Jct to the start of the PCC E of McIntosh; SD65 - Fm US12 at McIntosh N to the ND State Line,,,
sd_sddot_20241002_item_004,sd_sddot_2024_10_02,sd_sddot_bid_tabs_2024_10_02,SD,sd_sddot,,4,AWARDED,"WESTERN CONSTRUCTION, INC.",2039781.7,"Custer, Fall River",,"Mill, AC Resurfacing of Shoulders",,,3,US385 - Fm Hot Springs to Wind Cave National Park,,,
sd_sddot_20241002_item_005,sd_sddot_2024_10_02,sd_sddot_bid_tabs_2024_10_02,SD,sd_sddot,,5,AWARDED,"SIR LINES-A-LOT, LLC DBA DAKOTA TRAFFIC SERVICES",1620597.65,"Codington, Grant, Roberts",,Durable Pavement Marking,,,1,Various locations on the State System in the Aberdeen Region,,,
sd_sddot_20241016_item_001,sd_sddot_2024_10_16,sd_sddot_bid_tabs_2024_10_16,SD,sd_sddot,,1,AWARDED,"MIDWEST CONTRACTING, LLC",674505,Union,,Structure & Approach Grading,,,4,Structure 9.5 S & 1.5 E of Alcester on 311th St over E Union Ck SN 64-105-140,,,
sd_sddot_20241016_item_002,sd_sddot_2024_10_16,sd_sddot_bid_tabs_2024_10_16,SD,sd_sddot,,2,AWARDED,"MIDWEST CONTRACTING, LLC",443029.15,Bon Homme,,Structure & Approach Grading,,,5,Structure 6 N & 3.7 E of Avon on 296th St over a Tributary to Emanuel Ck SN 05-097-050,,,
sd_sddot_20241016_item_003,sd_sddot_2024_10_16,sd_sddot_bid_tabs_2024_10_16,SD,sd_sddot,,3,AWARDED,"Corr Construction Services, Inc",968268.45,Pennington,,Structure & Approach Grading,,,3,Structure 1.2 W & 0.5 N of Farmingdale on Hammerquist Rd over Rapid Ck SN 52-575-383,,,
sd_sddot_20241016_item_004,sd_sddot_2024_10_16,sd_sddot_bid_tabs_2024_10_16,SD,sd_sddot,,4,AWARDED,"LOISEAU CONSTRUCTION, INC.",25536517.81,Jackson,,"Grading, Int. Surf., RCBC",,,4,SD73 - Fm S of the White River to Kadoka; SD248 - Fm SD73 to 13th Ave in Kadoka,,,
sd_sddot_20241016_item_005,sd_sddot_2024_10_16,sd_sddot_bid_tabs_2024_10_16,SD,sd_sddot,,5,WITHDRAWN,,,Minnehaha Withdrawn from Letting,,PCC Shared Use Path,,,,Sioux Falls - Along E 26th St crossing Veterans Pkwy through an existing underpass,,,
sd_sddot_20241016_item_006,sd_sddot_2024_10_16,sd_sddot_bid_tabs_2024_10_16,SD,sd_sddot,,6,AWARDED,"Simon Contractors of South Dakota, Inc.",3996319,Pennington,,AC Surfacing,,,5,US385 - Fm N of Pactola Dam to 4 N of SD44,,,
sd_sddot_20241016_item_007,sd_sddot_2024_10_16,sd_sddot_bid_tabs_2024_10_16,SD,sd_sddot,,7,AWARDED,"CENTRAL SPECIALTIES, INC",6244318.74,Deuel,,Asphalt Concrete Surfacing,,,5,SD15 - Fm SD28 N to Clear Lake,,,
sd_sddot_20241016_item_008,sd_sddot_2024_10_16,sd_sddot_bid_tabs_2024_10_16,SD,sd_sddot,,8,AWARDED,"Anderson Western, Inc.",6949645.61,Faulk,,Cold Milling and Asphalt Concrete Resurf,,,5,US212 - Fm the Potter/Faulk Co Line to 1 W of Faulkton,,,
sd_sddot_20241016_item_009,sd_sddot_2024_10_16,sd_sddot_bid_tabs_2024_10_16,SD,sd_sddot,,9,AWARDED,"Hamm Contracting, LLC",683627.2,Bennett,,Signing & Delineation,,,1,"Various County, City, & Township Roads in Bennett County",,,
sd_sddot_20241106_item_001,sd_sddot_2024_11_06,sd_sddot_bid_tabs_2024_11_06,SD,sd_sddot,,1,AWARDED,"DUININCK, INC",9840426.33,"Brookings, Deuel",,"AC Surfacing, Mill, Pipe Work, Ramp Detr",,,4,I29 S - Fm SD30 to SD28,,,
sd_sddot_20241106_item_002,sd_sddot_2024_11_06,sd_sddot_bid_tabs_2024_11_06,SD,sd_sddot,,2,AWARDED,Grangaard Construction Inc,1668709.5,Butte,,Structure & Approach Grading,,,3,Structure 1 S & 3 W of Newell on Viken Rd over Horse Ck SN 10-280-349,,,
sd_sddot_20241106_item_003,sd_sddot_2024_11_06,sd_sddot_bid_tabs_2024_11_06,SD,sd_sddot,,3,AWARDED,Grangaard Construction Inc,2417063,Codington,,Structure & Approach Grading,,,5,Structure 4 S & 2.6 E of Watertown on 176th St over the Big Sioux Rv SN 15-216-220,,,
sd_sddot_20241106_item_004,sd_sddot_2024_11_06,sd_sddot_bid_tabs_2024_11_06,SD,sd_sddot,,4,AWARDED,"Lehtola Builders, Inc.",1229188.53,Spink,,Structure & Approach Grading,,,5,Structure 1 N & 5 W of Tulare on 182nd St over Turtle Ck SN 58-050-340,,,
sd_sddot_20241106_item_005,sd_sddot_2024_11_06,sd_sddot_bid_tabs_2024_11_06,SD,sd_sddot,,5,AWARDED,"Lehtola Builders, Inc.",848769.52,Spink,,Structure & Approach Grading,,,5,Structure 1 S & 1.8 W of Northville on 155th St over Snake Ck SN 58-052-070,,,
sd_sddot_20241106_item_006,sd_sddot_2024_11_06,sd_sddot_bid_tabs_2024_11_06,SD,sd_sddot,,6,AWARDED,Journey Group Companies,246246.46,"Lincoln, Miner, Minnehaha, Moody, Turner",,Bridge Deck Treatment,,,6,Various Locations Throughout the Mitchell Region,,,
sd_sddot_20241106_item_007,sd_sddot_2024_11_06,sd_sddot_bid_tabs_2024_11_06,SD,sd_sddot,,7,AWARDED,T&R Contracting Inc,11108700,"Hanson, McCook",,"Spot Grading, PCC Surfacing, Drainage",,,3,I90 E & W - Fm Exit 350 (SD25) to 4 W of Exit 364 (Salem),,,
sd_sddot_20241106_item_008,sd_sddot_2024_11_06,sd_sddot_bid_tabs_2024_11_06,SD,sd_sddot,,8,AWARDED,Asphalt Paving & Materials Company,3747159.92,Clark,,Asphalt Concrete Surfacing,,,6,SD25 - Fm N of the N Jct of SD28 N 6.3,,,
sd_sddot_20241120_item_001,sd_sddot_2024_11_20,sd_sddot_bid_tabs_2024_11_20,SD,sd_sddot,,1,AWARDED,Hulstein Excavating Inc.,10318789.15,Moody,,"Grading, PCC Surf, C&G, Sidewalk, Light",,,6,SD34 - Fm 469th Ave to the E City Limits in Colman,,,
sd_sddot_20241120_item_002,sd_sddot_2024_11_20,sd_sddot_bid_tabs_2024_11_20,SD,sd_sddot,,2,AWARDED,Hulstein Excavating Inc.,562962.8,Moody,,City Utilities,,,6,SD34 - Fm 469th Ave to the E City Limits in Colman,,,
sd_sddot_20241120_item_003,sd_sddot_2024_11_20,sd_sddot_bid_tabs_2024_11_20,SD,sd_sddot,,3,AWARDED,"Lehtola Builders, Inc.",568269.14,Hand,,Structure & Approach Grading,,,6,Structure 1 N & 1 E of St Lawrence on 197th S. over Turtle Ck SN 30-194-250,,,
sd_sddot_20241120_item_004,sd_sddot_2024_11_20,sd_sddot_bid_tabs_2024_11_20,SD,sd_sddot,,4,AWARDED,"Lehtola Builders, Inc.",716841.9,Beadle,,"Structure, Approach Grading, BIG",,,6,Structure 2 E & 0.4 S of Wessington on 376th Ave over Cain Ck SN 03-020-124,,,
sd_sddot_20241120_item_005,sd_sddot_2024_11_20,sd_sddot_bid_tabs_2024_11_20,SD,sd_sddot,,5,AWARDED,"Lehtola Builders, Inc.",496829.93,Hand,,"Structure, Approach Grading",,,6,Structure 4 E & 0.4 N of St Lawrence on 366th Ave over Pearl Ck SN 30-220-256,,,
sd_sddot_20241120_item_006,sd_sddot_2024_11_20,sd_sddot_bid_tabs_2024_11_20,SD,sd_sddot,,6,NO BIDS,,,Brown No Bids Received,,Structure & Approach Grading,,,,Structure 8.5 W & 5 N of Frederick on 102nd St over Elm Lake SN 07-019-020,,,
sd_sddot_20241120_item_007,sd_sddot_2024_11_20,sd_sddot_bid_tabs_2024_11_20,SD,sd_sddot,,7,AWARDED,"CENTRAL SPECIALTIES, INC",24137322,Corson,,"Full Depth Reclamation, AC Surf, Pipe",,,4,US12 - Fm 12 E of McLaughlin to W of Mobridge; SD63 - Fm McLaughlin N 2; SD1806 - Fm US12 to N of SD1806 P; 1806P - Fm SD1806 to end of the Route; SD1806 - Fm 3.5 S of US12 to US12,,,
sd_sddot_20241120_item_008,sd_sddot_2024_11_20,sd_sddot_bid_tabs_2024_11_20,SD,sd_sddot,,8,AWARDED,"Anderson Western, Inc.",5133364.77,Harding,,"Mill, AC Resurfacing, Pipe Work",,,5,SD79 - Fm the E SD20 Jct N 15,,,
sd_sddot_20241120_item_009,sd_sddot_2024_11_20,sd_sddot_bid_tabs_2024_11_20,SD,sd_sddot,,9,AWARDED,"BORDER STATES PAVING, INC.",7691454.68,"Hughes, Potter, Sully",,Asphalt Concrete Surfacing of Shoulders,,,5,US83 - Fm US14 to US212; US212 - Fm W Jct of US83 to E Jct of US83,,,
sd_sddot_20241120_item_010,sd_sddot_2024_11_20,sd_sddot_bid_tabs_2024_11_20,SD,sd_sddot,,10,AWARDED,TLMV Inc DBA American Fence Company of SD,528791.34,"Lawrence, Meade",,Interstate Fence,,,4,I90 W - Fm Exit 14 (Spearfish) to 1 E of Exit 32 (Sturgis),,,
sd_sddot_20241204_item_001,sd_sddot_2024_12_04,sd_sddot_bid_tabs_2024_12_04,SD,sd_sddot,,1,AWARDED,Paul Reed Construction & Supply Inc,19308612.99,Oglala Lakota,,"Urban Grad, C&G, Strm Sewer, Lght, PCC",,,2,US18 - In Pine Ridge Fm 2 Blocks N of SD407 to E of Indian Health Rd; SD407 - In Pine Ridge Fm Cherry Hill Ct to US18,,,
sd_sddot_20241204_item_002,sd_sddot_2024_12_04,sd_sddot_bid_tabs_2024_12_04,SD,sd_sddot,,2,AWARDED,Paul Reed Construction & Supply Inc,1921124.84,Oglala Lakota,,Replace Water Line,,,2,US18 - In Pine Ridge Fm 2 Blocks N of SD407 to E of Indian Health Rd,,,
sd_sddot_20241204_item_003,sd_sddot_2024_12_04,sd_sddot_bid_tabs_2024_12_04,SD,sd_sddot,,3,AWARDED,"CENTRAL SPECIALTIES, INC",6662885.47,Butte,,"Grading, Surfacing",,,5,"SD79 N & S - From the beginning of the divided section to the Jct of US212 S of Newell; SD79 - Fm Jct of US212 in Newell N 0.25; US212, US212 E & W - Fm Nisland to SD79 in Newell",,,
sd_sddot_20241204_item_004,sd_sddot_2024_12_04,sd_sddot_bid_tabs_2024_12_04,SD,sd_sddot,,4,AWARDED,"CENTRAL SPECIALTIES, INC",1442898.63,Butte,,"ADA, Sidewalk",,,5,SD79 - Through Newell; US212 - Through Newell,,,
sd_sddot_20241204_item_005,sd_sddot_2024_12_04,sd_sddot_bid_tabs_2024_12_04,SD,sd_sddot,,5,AWARDED,"MIDWEST CONTRACTING, LLC",382043.5,Hand,,Structure & Approach Grading,,,7,Structure 6 E & 8.4 N of Miller on 366th Ave over Wolf Ck SN 30-220-166,,,
sd_sddot_20241204_item_006,sd_sddot_2024_12_04,sd_sddot_bid_tabs_2024_12_04,SD,sd_sddot,,6,AWARDED,"MIDWEST CONTRACTING, LLC",361002.75,Hutchinson,,Structure & Approach Grading,,,8,Structure 1.3 N & 11.3 E of Parkston on Co Rd 11 over Plum Ck SN 34-173-057,,,
sd_sddot_20241204_item_007,sd_sddot_2024_12_04,sd_sddot_bid_tabs_2024_12_04,SD,sd_sddot,,7,REJECTED,,,Custer Project Rejected by the Transportation Commission,,"Mill & AC, Structure, Pipe Work, Inslope",,,,US16A - Fm 2 E of Custer to SD36; US16A - 1 W of SD36 Over Grace Coolidge Creek,,,
sd_sddot_20241204_item_008,sd_sddot_2024_12_04,sd_sddot_bid_tabs_2024_12_04,SD,sd_sddot,,8,AWARDED,Journey Group Companies,3124668.84,Minnehaha,,"LSDC, Approach Slabs, Pavement, Rails",,,2,I90 E & W - I90/I29 Interch over I29 Drainage Ditch & I90/I229 Interch over I229,,,
sd_sddot_20241204_item_009,sd_sddot_2024_12_04,sd_sddot_bid_tabs_2024_12_04,SD,sd_sddot,,9,AWARDED,"MIDWEST CONTRACTING, LLC",1064477.75,Stanley,,"Slide Repair, Erosion Control, Pipe Work",,,4,US14 - Fm 8 E to 11 E of Hayes,,,
sd_sddot_20241211_item_001,sd_sddot_2024_12_11,sd_sddot_bid_tabs_2024_12_11,SD,sd_sddot,,1,AWARDED,MORRIS INC.,26410308.58,Hughes,,"Urban Grading, C&G, ADA, Signals, AC Sur",,,1,US14 -(Euclid) Fm Sioux Ave to the Divided Hwy W of SD1804 in Pierre,,,
sd_sddot_20241211_item_002,sd_sddot_2024_12_11,sd_sddot_bid_tabs_2024_12_11,SD,sd_sddot,,2,AWARDED,MORRIS INC.,5865525,Hughes,,Water Main Improvement and Sewer Manhole,,,1,US14 Euclid Ave - Fm Sioux Ave to N of 8th St.,,,
sd_sddot_20241211_item_003,sd_sddot_2024_12_11,sd_sddot_bid_tabs_2024_12_11,SD,sd_sddot,,3,AWARDED,"R.C.S. Construction, Inc.",589228.42,Custer,,Structures & Approach Grading,,,5,Structure 8.4 E & 2.7 N of Custer on a State Park Rd over Center Lake Inlet (GF&P OWNED) SN 17-314-043,,,
sd_sddot_20241211_item_004,sd_sddot_2024_12_11,sd_sddot_bid_tabs_2024_12_11,SD,sd_sddot,,4,AWARDED,A & R Construction Inc,621433.47,Tripp,,Structure & Approach Grading,,,5,Structure 5.5 E & 6.75 N of Colome on 279th St over W Br of Bull Ck SN 62-325-290,,,
sd_sddot_20241211_item_005,sd_sddot_2024_12_11,sd_sddot_bid_tabs_2024_12_11,SD,sd_sddot,,5,AWARDED,A-G-E Corporation,10358866,Harding,,Structure & Approach Grading,,,5,SD79 - Str 0.1 S of the ND Border Over the N Fork of the Grand River,,,
sd_sddot_20241211_item_006,sd_sddot_2024_12_11,sd_sddot_bid_tabs_2024_12_11,SD,sd_sddot,,6,AWARDED,ENGELSTAD ELECTRIC CO,3364747.93,"Brookings, Moody",,Variable Speed Limit & ITS Device,,,5,I29 - Fm Exit 114 (Flandreau) to 3 N of Exit 133 (Brookings),,,
sd_sddot_20241211_item_007,sd_sddot_2024_12_11,sd_sddot_bid_tabs_2024_12_11,SD,sd_sddot,,7,AWARDED,"BITUMINOUS PAVING, INC.",2741567.56,"Jones, Lyman",,"Asphalt Concrete Surfacing, CRC Pavement",,,4,"US83 - Detour for Interchange Reconstruction at Exit 212, Fm I90 on 293rd Ave, SD248 to US83, SD248 -Fm Murdo to Vivian, Exit 214 Ramps, I90 WF - Fm Exit 208 to SD248, I90 E-Exit 212",,,
sd_sddot_20241211_item_008,sd_sddot_2024_12_11,sd_sddot_bid_tabs_2024_12_11,SD,sd_sddot,,8,AWARDED,"BITUMINOUS PAVING, INC.",5051702.4,Corson,,AC Surfacing of Shoulders,,,3,US12 - Fm 5 E of McIntosh to McLaughlin,,,
sd_sddot_20250122_item_001,sd_sddot_2025_01_22,sd_sddot_bid_tabs_2025_01_22,SD,sd_sddot,,1,AWARDED,"BX CIVIL & CONSTRUCTION, INC.",471032,Walworth,,Structure & Approach Grading,,,2,Structure in the SE corner of Selby on 1st Ave over a Ck (City Owned) SN 65-215-065,,,
sd_sddot_20250122_item_002,sd_sddot_2025_01_22,sd_sddot_bid_tabs_2025_01_22,SD,sd_sddot,,2,AWARDED,"WESTERN CONSTRUCTION, INC.",133510,Meade,,Structure Removal & Pipe Installation,,,7,Structure 4.4 E & 3.5 N of Sturgis on a State Park Rd over a Ck (GF&P OWNED) SN 47-074-395,,,
sd_sddot_20250122_item_003,sd_sddot_2025_01_22,sd_sddot_bid_tabs_2025_01_22,SD,sd_sddot,,3,AWARDED,"Corr Construction Services, Inc",1085672.7,Pennington,,"Structure, Approach Grading",,,1,Structure 0.9 E & 1.5 S of Johnson Siding on Thunderhead Falls Rd over Rapid Ck SN 52-317-313,,,
sd_sddot_20250122_item_004,sd_sddot_2025_01_22,sd_sddot_bid_tabs_2025_01_22,SD,sd_sddot,,4,AWARDED,WEBSTER SCALE INC,633482.43,Mellette,,"Pipe Work, Modify Drainage",,,4,US83 - 1.25 S of the S US83/SD44 Jct,,,
sd_sddot_20250122_item_005,sd_sddot_2025_01_22,sd_sddot_bid_tabs_2025_01_22,SD,sd_sddot,,5,AWARDED,"BORDER STATES PAVING, INC.",15438011.69,"Dewey, Regionwide",,"Mill, AC Resurf, Mod Intersect, Guardrai",,,5,"US212 - Fm Eagle Butte to LaPlant, Various locations in Pierre Region",,,
sd_sddot_20250122_item_006,sd_sddot_2025_01_22,sd_sddot_bid_tabs_2025_01_22,SD,sd_sddot,,6,AWARDED,Michels Road and Stone Inc,11203098.91,Yankton,,"AC Resurf, PCC Surf, Mill & Shoulder Sur",,,7,US81 N & S - Fm 0.7 N of the N SD50 Jct to the end of the Divided Lanes; US81 - Fm the End of the Divided Lanes to 303rd St N of Yankton; US81- Fm 300th St to SD46,,,
sd_sddot_20250122_item_007,sd_sddot_2025_01_22,sd_sddot_bid_tabs_2025_01_22,SD,sd_sddot,,7,AWARDED,SPENCER QUARRIES INCORPORATED,3226497.54,"Lyman, Tripp",,"Mill, AC Resurfacing, Pipe Work",,,5,SD47 - Fm N of SD49 to I90,,,
sd_sddot_20250122_item_008,sd_sddot_2025_01_22,sd_sddot_bid_tabs_2025_01_22,SD,sd_sddot,,8,AWARDED,SPENCER QUARRIES INCORPORATED,9262523.63,"Buffalo, Lyman",,"Mill, AC Resurfacing, Pipe Work",,,5,SD47 - From I90 to W of Fort Thompson; SD248 - Fm Reliance to I90,,,
sd_sddot_20250122_item_009,sd_sddot_2025_01_22,sd_sddot_bid_tabs_2025_01_22,SD,sd_sddot,,9,AWARDED,SPENCER QUARRIES INCORPORATED,8730874.1,Lyman,,"Mill, AC Resurfacing, Pipe Work",,,5,SD47 - Fm 2.5 N of the Gregory/Lyman Co Line to SD49,,,
sd_sddot_20250122_item_010,sd_sddot_2025_01_22,sd_sddot_bid_tabs_2025_01_22,SD,sd_sddot,,10,AWARDED,"DUININCK, INC",6122052.93,"Codington, Hamlin",,"Mill, AC Resurfacing, Pipe Work",,,4,US81 - Fm SD 22 N to Watertown,,,
sd_sddot_20250205_item_001,sd_sddot_2025_02_05,sd_sddot_bid_tabs_2025_02_05,SD,sd_sddot,,1,REJECTED,,,Charles Mix Project Rejected by the Transportation Commission,,"Grading, PCC Surf, C&G, Sidewalk, Light",,,,SD46 in Wagner,,,
sd_sddot_20250205_item_002,sd_sddot_2025_02_05,sd_sddot_bid_tabs_2025_02_05,SD,sd_sddot,,2,REJECTED,,,Charles Mix Project Rejected by the Transportation Commission,,Sanitary Sewer and Water Utility Replace,,,,SD46 from Washington Ave to Harr Ave in Wagner,,,
sd_sddot_20250205_item_003,sd_sddot_2025_02_05,sd_sddot_bid_tabs_2025_02_05,SD,sd_sddot,,3,AWARDED,"CENTRAL SPECIALTIES, INC",16118821.11,Kingsbury,,"Rubbilze, AC Suft, Pipe, Approach Slabs",,,4,"US14 - Fm Iroquois to De Smet, fm De Smet to 2.4 W of Lake Preston",,,
sd_sddot_20250205_item_004,sd_sddot_2025_02_05,sd_sddot_bid_tabs_2025_02_05,SD,sd_sddot,,4,AWARDED,Young Gun Construction LLC,787323.92,Ziebach,,Structure & Approach Grading,,,2,Structure 0.2 N of Dupree on IRR Co Rd over Bear Ck SN 69-203-288,,,
sd_sddot_20250205_item_005,sd_sddot_2025_02_05,sd_sddot_bid_tabs_2025_02_05,SD,sd_sddot,,5,AWARDED,"Hilt Construction,Inc.",33111,Meade,,Structure Removal,,,8,Structure 29 E & 15.5 S of Sturgis on Brehm Rd over a Creek SN 47-320-585,,,
sd_sddot_20250205_item_006,sd_sddot_2025_02_05,sd_sddot_bid_tabs_2025_02_05,SD,sd_sddot,,6,AWARDED,Paul Reed Construction & Supply Inc,15566575.48,Custer,,"Mill & AC, Structure, Pipe Work, Inslope",,,5,US16A - Fm 2 E of Custer to SD36; US16A - 1 W of SD36 Over Grace Coolidge Creek,,,
sd_sddot_20250205_item_007,sd_sddot_2025_02_05,sd_sddot_bid_tabs_2025_02_05,SD,sd_sddot,,7,AWARDED,"BX CIVIL & CONSTRUCTION, INC.",3010000,Beadle,,"LSDC Overlay, Berm Repair, Approach Slab",,,2,SD37 N & S - 4.4 N of Sanborn Co Line over Stony Run Ck & 3.5 S of Jct US14 over Cain Ck,,,
sd_sddot_20250205_item_008,sd_sddot_2025_02_05,sd_sddot_bid_tabs_2025_02_05,SD,sd_sddot,,8,AWARDED,Journey Group Companies,2001943.6,Lawrence,,"LSDC Overlay, Approach Slabs, Approach R",,,2,I90 E & W - 3 SE of Exit 23 (Whitewood) over Spring Ck,,,
sd_sddot_20250205_item_009,sd_sddot_2025_02_05,sd_sddot_bid_tabs_2025_02_05,SD,sd_sddot,,9,AWARDED,"BORDER STATES PAVING, INC.",11552492.07,Stanley,,"Mill, AC, Shoulder Shape, Mod Int, Pipe",,,4,SD1806 - Fm US14 N 34 miles to Mission Ridge,,,
sd_sddot_20250205_item_010,sd_sddot_2025_02_05,sd_sddot_bid_tabs_2025_02_05,SD,sd_sddot,,10,AWARDED,"CENTRAL SPECIALTIES, INC",1495022.38,"Butte, Lawrence",,"Mill, AC Resurf of Shoulders, Rumble Str",,,4,US85 N & S - Fm I90 to the End of the Divided Lanes S of Belle Fourche,,,
sd_sddot_20250205_item_011,sd_sddot_2025_02_05,sd_sddot_bid_tabs_2025_02_05,SD,sd_sddot,,11,AWARDED,"BX CIVIL & CONSTRUCTION, INC.",322604.1,"Brookings, Moody",,Polymer Chip Seal,,,3,SD13 - 2 N of Flandreau over Big Sioux Rv,,,
sd_sddot_20250212_item_001,sd_sddot_2025_02_12,sd_sddot_bid_tabs_2025_02_12,SD,sd_sddot,,1,AWARDED,"John Riley Construction, Inc.",40996599.81,Lincoln,,"Grading, Str, C&G, Storm Sewer, PCC/AC",,,4,Veterans Pkwy - Fm Cliff Ave to Sycamore Ave,,,
sd_sddot_20250212_item_002,sd_sddot_2025_02_12,sd_sddot_bid_tabs_2025_02_12,SD,sd_sddot,,2,AWARDED,"John Riley Construction, Inc.",723901,Lincoln,,Watermain and Sanitary Sewer,,,4,Southeastern Ave and Sycamore Ave in Sioux Falls,,,
sd_sddot_20250212_item_003,sd_sddot_2025_02_12,sd_sddot_bid_tabs_2025_02_12,SD,sd_sddot,,3,AWARDED,"BOWES CONSTRUCTION, INC.",10390426.17,"Deuel, Hamlin",,"Grading, Interim Surfacing, Replace Str",,,6,SD28 - Fm Estelline to SD15,,,
sd_sddot_20250212_item_004,sd_sddot_2025_02_12,sd_sddot_bid_tabs_2025_02_12,SD,sd_sddot,,4,AWARDED,"BORDER STATES PAVING, INC.",9956002.99,"Clay, Union",,"Mill, AC Resurfacing of Shoulders & Ramp",,,5,I29 N & S - Fm North Sioux City to N of Exit 26 (SD50 - Vermillion),,,
sd_sddot_20250219_item_001,sd_sddot_2025_02_19,sd_sddot_bid_tabs_2025_02_19,SD,sd_sddot,,1,AWARDED,T&R Contracting Inc,48026131.12,Minnehaha,,"Grading, PCC Surfacing, Structures",,,3,I229 - Exit 4 (Cliff Ave) in Sioux Falls,,,
sd_sddot_20250219_item_002,sd_sddot_2025_02_19,sd_sddot_bid_tabs_2025_02_19,SD,sd_sddot,,2,AWARDED,T&R Contracting Inc,1888888.88,Minnehaha,,Water and Sanitary Sewer,,,3,Cliff Ave from Park Access Rd to S of 38th Street in Sioux Falls,,,
sd_sddot_20250219_item_003,sd_sddot_2025_02_19,sd_sddot_bid_tabs_2025_02_19,SD,sd_sddot,,3,AWARDED,"MIDWEST CONTRACTING, LLC",10737861.82,Clark,,"Grading, Interim Surfacing",,,6,SD25 - Fm 9 N of US212 to the Clark/Day Co Line,,,
sd_sddot_20250219_item_004,sd_sddot_2025_02_19,sd_sddot_bid_tabs_2025_02_19,SD,sd_sddot,,4,AWARDED,Asphalt Paving & Materials Company,3996658.14,"Day, Roberts",,"Mill, AC Resurfacing of Shoulders",,,4,"US12, US12 E & W - Fm Webster E to I29",,,
sd_sddot_20250219_item_005,sd_sddot_2025_02_19,sd_sddot_bid_tabs_2025_02_19,SD,sd_sddot,,5,AWARDED,The Truesdell Corporation,499499,"Brown, Edmunds, Marshall",,Polymer Chip Seal,,,4,US281 - 1.1 S of US12 over Foot Ck,,,
sd_sddot_20250219_item_006,sd_sddot_2025_02_19,sd_sddot_bid_tabs_2025_02_19,SD,sd_sddot,,6,AWARDED,Journey Group Companies,457997.92,Minnehaha,,PCC Shared Use Path,,,7,Sioux Falls - Along E 26th St crossing Veterans Pkwy through an existing underpass,,,
sd_sddot_20250305_item_001,sd_sddot_2025_03_05,sd_sddot_bid_tabs_2025_03_05,SD,sd_sddot,,1,CANCELLED,,,Minnehaha Moved to 03/12/2025 letting by addendum,,"Str, Grdng, PCC & AC Surf, Light, Markng",,,,I90 - Exit 387 (Hartford),,,
sd_sddot_20250305_item_002,sd_sddot_2025_03_05,sd_sddot_bid_tabs_2025_03_05,SD,sd_sddot,,2,CANCELLED,,,Minnehaha Moved to 03/12/2025 letting by addendum,,"Urban Grading, PCC Surfacing, C&G,",,,,Western Ave - Fm N of I90 Exit 387 to Mickelson Rd in Hartford,,,
sd_sddot_20250305_item_003,sd_sddot_2025_03_05,sd_sddot_bid_tabs_2025_03_05,SD,sd_sddot,,3,AWARDED,Soukup Construction Inc,212212,"Clay, Hutchinson, Yankton",,Structure Removal,,,5,314th St. Str. No. 14-088-170; 314th St. Str. No. 14-133-170; Ash St. Str. No. 34-063-072; 429th St. Str. No. 68-010-134,,,
sd_sddot_20250305_item_004,sd_sddot_2025_03_05,sd_sddot_bid_tabs_2025_03_05,SD,sd_sddot,,4,AWARDED,"GRAVES CONSTRUCTION CO., INC.",745064.65,Beadle,,Structure & Approach Grading,,,6,Structure 4.5 N & 4.0 W of Wolsey on 383rd Ave over Cain Ck SN 03-070-104,,,
sd_sddot_20250305_item_005,sd_sddot_2025_03_05,sd_sddot_bid_tabs_2025_03_05,SD,sd_sddot,,5,AWARDED,R AND G CONSTRUCTION CO,7943270.9,Brookings,,"Shld Widen, Mill, AC, Struct",,,8,SD13 - Fm SD324 to US14; Str 0.8 S of US14 Over Medary Ck,,,
sd_sddot_20250305_item_006,sd_sddot_2025_03_05,sd_sddot_bid_tabs_2025_03_05,SD,sd_sddot,,6,AWARDED,T&M Concrete,462807.18,Minnehaha,,PCC Shared Use Path,,,7,Dell Rapids - Along 474th Ave fm W 7th St to SD115 & Along 474th Ave fm 15th St to W 10th St,,,
sd_sddot_20250305_item_007,sd_sddot_2025_03_05,sd_sddot_bid_tabs_2025_03_05,SD,sd_sddot,,7,AWARDED,"BITUMINOUS PAVING, INC.",683245.7,Pennington,,Asphalt Surface Treatment,,,3,Various Locations in the Rapid City Area,,,
sd_sddot_20250305_item_008,sd_sddot_2025_03_05,sd_sddot_bid_tabs_2025_03_05,SD,sd_sddot,,8,AWARDED,"Jensen Rock & Sand, Inc.",5281436.1,"Campbell, Corson, Dewey, McPherson, Walworth",,Asphalt Surface Treatment,,,2,Various Routes in the Mobridge Area,,,
sd_sddot_20250305_item_009,sd_sddot_2025_03_05,sd_sddot_bid_tabs_2025_03_05,SD,sd_sddot,,9,AWARDED,"BITUMINOUS PAVING, INC.",1630028.2,"Lincoln, McCook, Minnehaha",,Asphalt Surface Treatment,,,3,Various Locations in the Sioux Falls Area,,,
sd_sddot_20250305_item_010,sd_sddot_2025_03_05,sd_sddot_bid_tabs_2025_03_05,SD,sd_sddot,,10,AWARDED,Northwest Asphalt & Maintenance,570085.65,"Butte, Meade, Ziebach",,Rout & Seal,,,5,Various Locations in the Belle Fourche Area,,,
sd_sddot_20250305_item_011,sd_sddot_2025_03_05,sd_sddot_bid_tabs_2025_03_05,SD,sd_sddot,,11,AWARDED,ASCO (ASPHALT SURFACING CO),67515.05,"Codington, Grant",,Rout & Seal,,,6,Various Locations in the Watertown Area,,,
sd_sddot_20250305_item_012,sd_sddot_2025_03_05,sd_sddot_bid_tabs_2025_03_05,SD,sd_sddot,,12,AWARDED,Allstates Pavement Recycling & Stabilization,210073.75,Regionwide,,Rumble Stripes,,,3,Various locations on the local system in the Mitchell Region,,,
sd_sddot_20250305_item_013,sd_sddot_2025_03_05,sd_sddot_bid_tabs_2025_03_05,SD,sd_sddot,,13,AWARDED,"MUTH ELECTRIC, INC.",3875750.74,Yankton,,"ADA, Modify Intersection,Signals",,,2,US81 - Fm SD50 to 23rd St in Yankton,,,
sd_sddot_20250305_item_014,sd_sddot_2025_03_05,sd_sddot_bid_tabs_2025_03_05,SD,sd_sddot,,14,AWARDED,"Hamm Contracting, LLC",487812.2,Mellette,,Signing & Delineation - Gravel Roads,,,2,"Various County, City, & Township Roads in Mellette County",,,
sd_sddot_20250312_item_001,sd_sddot_2025_03_12,sd_sddot_bid_tabs_2025_03_12,SD,sd_sddot,,1,AWARDED,"D & G Concrete Construction, Inc.",12614040.21,Minnehaha,,"Str, Grdng, PCC & AC Surf, Light, Markng",,,5,I90 - Exit 387 (Hartford),,,
sd_sddot_20250312_item_002,sd_sddot_2025_03_12,sd_sddot_bid_tabs_2025_03_12,SD,sd_sddot,,2,AWARDED,"D & G Concrete Construction, Inc.",3173470.69,Minnehaha,,"Urban Grading, PCC Surfacing, C&G,",,,5,Western Ave - Fm N of I90 Exit 387 to Mickelson Rd in Hartford,,,
sd_sddot_20250319_item_001,sd_sddot_2025_03_19,sd_sddot_bid_tabs_2025_03_19,SD,sd_sddot,,1,AWARDED,"MIDLAND CONTRACTING, INC",5832952.59,Spink,,"Grading, Interim Surfacing",,,4,US212 - Fm 5 E of Redfield to E of Frankfort,,,
sd_sddot_20250319_item_002,sd_sddot_2025_03_19,sd_sddot_bid_tabs_2025_03_19,SD,sd_sddot,,2,AWARDED,"Timmons Construction, Inc.",368565.83,Brookings,,PCC Shared Use Path,,,5,Brookings - Along 12th St S fm 17th Ave S to 22nd Ave,,,
sd_sddot_20250319_item_003,sd_sddot_2025_03_19,sd_sddot_bid_tabs_2025_03_19,SD,sd_sddot,,3,AWARDED,PERRETT CONSTRUCTION LTD,1075884.91,Charles Mix,,"Inslpe Flattng, Shrd Use Path, Ped Brdge",,,4,US18 - 0.5 E of Lake Andes,,,
sd_sddot_20250319_item_004,sd_sddot_2025_03_19,sd_sddot_bid_tabs_2025_03_19,SD,sd_sddot,,4,AWARDED,"Hamm Contracting, LLC",1946824.2,"Lake, Moody",,Signing & Delineation,,,1,"Various County, City, Tribal and Township Roads in Moody County (& Lake County)",,,
sd_sddot_20250319_item_005,sd_sddot_2025_03_19,sd_sddot_bid_tabs_2025_03_19,SD,sd_sddot,,5,AWARDED,"Surface Preparation Technologies, LLC",67365.9,Regionwide,,Rumble Stripes and High Grade Polymer,,,3,Various locations on the local system in the Aberdeen Region,,,
sd_sddot_20250319_item_006,sd_sddot_2025_03_19,sd_sddot_bid_tabs_2025_03_19,SD,sd_sddot,,6,AWARDED,"Highway Improvement, Inc",131810.21,"Lawrence, Pennington",,Rout & Seal,,,4,Various Locations in the Rapid City Area,,,
sd_sddot_20250319_item_007,sd_sddot_2025_03_19,sd_sddot_bid_tabs_2025_03_19,SD,sd_sddot,,7,AWARDED,ASCO (ASPHALT SURFACING CO),209331,"Clark, Hand",,Rout & Seal,,,5,Various Locations in the Huron Area,,,
sd_sddot_20250319_item_008,sd_sddot_2025_03_19,sd_sddot_bid_tabs_2025_03_19,SD,sd_sddot,,8,AWARDED,Asphalt Surface Technologies Corporation,558238.55,"Custer, Pennington",,Asphalt Surface Treatment,,,3,Various Locations in the Custer Area,,,
sd_sddot_20250319_item_009,sd_sddot_2025_03_19,sd_sddot_bid_tabs_2025_03_19,SD,sd_sddot,,9,AWARDED,"Jensen Rock & Sand, Inc.",1594198.52,"Faulk, Hand, Hyde",,Asphalt Surface Treatment,,,3,Various Locations in the Huron & Aberdeen Areas,,,
sd_sddot_20250319_item_010,sd_sddot_2025_03_19,sd_sddot_bid_tabs_2025_03_19,SD,sd_sddot,,10,AWARDED,Northwest Asphalt & Maintenance,206086.41,Brown,,Crack Leveling,,,6,SD37 - Fm SD10 to North Dakota State Line,,,
sd_sddot_20250319_item_011,sd_sddot_2025_03_19,sd_sddot_bid_tabs_2025_03_19,SD,sd_sddot,,11,AWARDED,"Highway Improvement, Inc",140513.76,Hamlin,,Crack Leveling,,,6,SD21 - Fm Lake Norden to Hayti,,,
sd_sddot_20250326_item_001,sd_sddot_2025_03_26,sd_sddot_bid_tabs_2025_03_26,SD,sd_sddot,,1,AWARDED,A & R Construction Inc,19665890.44,Charles Mix,,"Grading, PCC Surf, C&G, Sidewalk, Light",,,5,SD46 in Wagner,,,
sd_sddot_20250326_item_002,sd_sddot_2025_03_26,sd_sddot_bid_tabs_2025_03_26,SD,sd_sddot,,2,AWARDED,A & R Construction Inc,1415054.42,Charles Mix,,Sanitary Sewer and Water Utility Replace,,,5,SD46 from Washington Ave to Harr Ave in Wagner,,,
sd_sddot_20250402_item_001,sd_sddot_2025_04_02,sd_sddot_bid_tabs_2025_04_02,SD,sd_sddot,,1,AWARDED,"WESTERN CONSTRUCTION, INC.",2698484.2,Pennington,,"Grading, Asphalt Paving, Pavement Mark",,,4,Deadwood Ave - Horizontal Curve N of Rapid City,,,
sd_sddot_20250402_item_002,sd_sddot_2025_04_02,sd_sddot_bid_tabs_2025_04_02,SD,sd_sddot,,2,AWARDED,"CC Steel, LLC",814556.93,"Butte, Harding, Meade",,Pipe Work,,,2,Various Locations Throughout the Belle Fourche Area,,,
sd_sddot_20250402_item_003,sd_sddot_2025_04_02,sd_sddot_bid_tabs_2025_04_02,SD,sd_sddot,,3,AWARDED,"BX CIVIL & CONSTRUCTION, INC.",555555,Union,,"Scour Protection, Berm Repair",,,2,"SD11 - Str's 1.9 S of SD50, 0.5 S of SD46; SD48 - Str 0.9 W of IA State Line",,,
sd_sddot_20250402_item_004,sd_sddot_2025_04_02,sd_sddot_bid_tabs_2025_04_02,SD,sd_sddot,,4,AWARDED,"INDUSTRIAL BUILDERS, INC",2016984,"Jackson, Jones, Lyman",,"LSDC, Joints, Appr Surf, GR, Column Rep",,,2,"I90 - SD240 Cactus Flat Interch, 256th Ave (FAS 6511) 6.2 W of Okaton Interch, SD248 Murdo Interch over I90 & 7.5 E of US83 N Interch over 300th Ave",,,
sd_sddot_20250402_item_005,sd_sddot_2025_04_02,sd_sddot_bid_tabs_2025_04_02,SD,sd_sddot,,5,AWARDED,"Anderson Contractors, Inc.",86884.98,Stanley,,"RR Xing Surf, Traffic Detour",,,3,"US14 in Fort Pierre, RCP&E RR, DOT 189856F",,,
sd_sddot_20250402_item_006,sd_sddot_2025_04_02,sd_sddot_bid_tabs_2025_04_02,SD,sd_sddot,,6,AWARDED,"Emery Sapp & Sons, Inc.",3098621.84,"Beadle, Hand",,PCC Pavement Grinding,,,5,US14- Fm Miller to 3 miles E of Wessington Spring,,,
sd_sddot_20250402_item_007,sd_sddot_2025_04_02,sd_sddot_bid_tabs_2025_04_02,SD,sd_sddot,,7,AWARDED,"BITUMINOUS PAVING, INC.",3136770.5,"Brookings, Deuel, Grant, Hamlin, Moody, Roberts",,Asphalt Surface Treatment,,,2,Various Routes in the Watertown Area,,,
sd_sddot_20250402_item_008,sd_sddot_2025_04_02,sd_sddot_bid_tabs_2025_04_02,SD,sd_sddot,,8,AWARDED,"BITUMINOUS PAVING, INC.",197970.3,"Butte, Harding, Lawrence",,Asphalt Surface Treatment,,,3,Various Locations in the Belle Fourche Area,,,
sd_sddot_20250402_item_009,sd_sddot_2025_04_02,sd_sddot_bid_tabs_2025_04_02,SD,sd_sddot,,9,AWARDED,Asphalt Surface Technologies Corporation,273674.4,"Brown, Faulk, Potter, Spink",,Rout & Seal,,,4,Various Routes in the Aberdeen Area,,,
sd_sddot_20250402_item_010,sd_sddot_2025_04_02,sd_sddot_bid_tabs_2025_04_02,SD,sd_sddot,,10,AWARDED,"Hamm Contracting, LLC",838342.8,McPherson,,County Signing,,,3,McPherson County,,,
sd_sddot_20250416_item_001,sd_sddot_2025_04_16,sd_sddot_bid_tabs_2025_04_16,SD,sd_sddot,,1,AWARDED,"GENERAL EXCAVATING, LLC",2570410.5,Minnehaha,,"Deck Repl, App Slabs, Rehab Abut, Fatigu",,,4,I90 - 3.8 E of SD19 over I90 (459th Ave),,,
sd_sddot_20250416_item_002,sd_sddot_2025_04_16,sd_sddot_bid_tabs_2025_04_16,SD,sd_sddot,,2,AWARDED,"INDUSTRIAL BUILDERS, INC",3106914.03,Tripp,,LSDC Overlay,,,2,"US18 - 0.5 E of US183N over Cottonwood Ck, 1.4 W of Winner over Dog Ear Ck, 5 SE of Winner over Ck, 3.9 E of US183N over Big Hollow Ck & 2 SE of Winner over Sand Ck; SD49 - 4.3 SW of Lyman Co Line over Moccasin Ck",,,
sd_sddot_20250416_item_003,sd_sddot_2025_04_16,sd_sddot_bid_tabs_2025_04_16,SD,sd_sddot,,3,AWARDED,"INDUSTRIAL BUILDERS, INC",1699019.08,Pennington,,"LSDC, Joints, Approach Slabs & Surf, GR",,,1,"I90 E & W - Jensen Rd 3.1 E of Wasta Interch over I90, 4.4 SE of US14 Interch over 195th Ave",,,
sd_sddot_20250416_item_004,sd_sddot_2025_04_16,sd_sddot_bid_tabs_2025_04_16,SD,sd_sddot,,4,AWARDED,Builders Electric,640742.3,Kingsbury,,Lighting,,,2,US14 - Through De Smet; SD25 - Through De Smet,,,
sd_sddot_20250416_item_005,sd_sddot_2025_04_16,sd_sddot_bid_tabs_2025_04_16,SD,sd_sddot,,5,AWARDED,"INTERSTATE IMPROVEMENT, INC.",1530327.41,"Lincoln, Minnehaha",,Pavement Repairs & Crack Sealing,,,5,Various Routes in the Sioux Falls Area,,,
sd_sddot_20250416_item_006,sd_sddot_2025_04_16,sd_sddot_bid_tabs_2025_04_16,SD,sd_sddot,,6,AWARDED,SPENCER QUARRIES INCORPORATED,7115153.54,"Charles Mix, Douglas",,"Mill, AC Resurfacing, Pipe Work",,,5,US281 - Fm US18 to S of Corsica; US18 - Fm SD50 to US281,,,
sd_sddot_20250416_item_007,sd_sddot_2025_04_16,sd_sddot_bid_tabs_2025_04_16,SD,sd_sddot,,7,AWARDED,LIEN TRANSPORTATION CO,622504.29,Brown,,"Mill, AC Resurfacing of Shoulders",,,1,"US281, US281 N & S - Fm 0.1 S of US12 to 5th Ave NW in Aberdeen",,,
sd_sddot_20250416_item_008,sd_sddot_2025_04_16,sd_sddot_bid_tabs_2025_04_16,SD,sd_sddot,,8,AWARDED,"BITUMINOUS PAVING, INC.",5193497.05,"Brown, Day, Edmunds, Marshall, McPherson",,Asphalt Surface Treatment,,,3,Various Locations in the Aberdeen Area,,,
sd_sddot_20250416_item_009,sd_sddot_2025_04_16,sd_sddot_bid_tabs_2025_04_16,SD,sd_sddot,,9,AWARDED,"BITUMINOUS PAVING, INC.",2383630.68,"Bennett, Lyman, Tripp",,Asphalt Surface Treatment,,,2,Various Routes in the Winner Area,,,
sd_sddot_20250416_item_010,sd_sddot_2025_04_16,sd_sddot_bid_tabs_2025_04_16,SD,sd_sddot,,10,AWARDED,The Road Guy Construction Company Inc,1770601.9,"Aurora, Brule, Charles Mix, Douglas, Gregory, McCook, Minnehaha, Sanborn",,Asphalt Surface Treatment,,,3,Various Locations in the Mitchell Area,,,
sd_sddot_20250416_item_011,sd_sddot_2025_04_16,sd_sddot_bid_tabs_2025_04_16,SD,sd_sddot,,11,AWARDED,"Roadway Services, Inc.",91456.42,"Faulk, Lyman, Potter, Stanley",,Rout & Seal,,,4,Various Routes in the Pierre Area,,,
sd_sddot_20250507_item_001,sd_sddot_2025_05_07,sd_sddot_bid_tabs_2025_05_07,SD,sd_sddot,,1,AWARDED,Katzer Concrete Inc,333000,Miner,,Structure & Approach Grading,,,5,Structure 5 S & 4.6 E of Carthage on 227th St over a Ck SN 49-116-070,,,
sd_sddot_20250507_item_002,sd_sddot_2025_05_07,sd_sddot_bid_tabs_2025_05_07,SD,sd_sddot,,2,AWARDED,Soukup Construction Inc,524124,"Hutchinson, Turner",,"Scour Protection, Berm Repair",,,7,SD25 - Str 0.7 S of US18 Jct; SD44 - Str 9 W of US81 Jct; Str 1.4 E of SD19 Jct over Vermillion River; SD44 - Str. 8.5 E of Parkston; SD19A - Str. 1.3 mi W of Centerville,,,
sd_sddot_20250507_item_003,sd_sddot_2025_05_07,sd_sddot_bid_tabs_2025_05_07,SD,sd_sddot,,3,AWARDED,"Simon Contractors of South Dakota, Inc.",74610.25,Haakon,,"Crossing Surface, AC Surfacing, TC",,,3,"SD73 - in Phillip, RCPE Railroad, DOT #190010C",,,
sd_sddot_20250507_item_004,sd_sddot_2025_05_07,sd_sddot_bid_tabs_2025_05_07,SD,sd_sddot,,4,AWARDED,Complete Concrete Inc dba Complete Contracting Sol,1046857.45,"Lawrence, Pennington",,Joint & Spall Repair,,,4,Various Locations in the Rapid City Area,,,
sd_sddot_20250507_item_005,sd_sddot_2025_05_07,sd_sddot_bid_tabs_2025_05_07,SD,sd_sddot,,5,AWARDED,"BITUMINOUS PAVING, INC.",3521912.27,"Bon Homme, Clay, Hutchinson, Lincoln, Union, Yankton",,Asphalt Surface Treatment,,,3,Various Locations in the Yankton Area,,,
sd_sddot_20250507_item_006,sd_sddot_2025_05_07,sd_sddot_bid_tabs_2025_05_07,SD,sd_sddot,,6,AWARDED,"SIR LINES-A-LOT, LLC DBA DAKOTA TRAFFIC SERVICES",595358.53,"Brookings, Moody",,Durable Pavement Marking,,,1,Various locations on the State System in the Aberdeen Region,,,
sd_sddot_20250507_item_007,sd_sddot_2025_05_07,sd_sddot_bid_tabs_2025_05_07,SD,sd_sddot,,7,AWARDED,"SIR LINES-A-LOT, LLC DBA DAKOTA TRAFFIC SERVICES",1342309.5,"Lincoln, Minnehaha, Moody",,Durable Pavement Marking,,,1,I-29 from just north of SD 46 to just North of SD 18 and I-29 from just north of I-90 to just north of SD34,,,
sd_sddot_20250507_item_008,sd_sddot_2025_05_07,sd_sddot_bid_tabs_2025_05_07,SD,sd_sddot,,8,AWARDED,"SIR LINES-A-LOT, LLC DBA DAKOTA TRAFFIC SERVICES",1414631.75,"Hughes, Stanley",,Durable Pavement Marking,,,2,Various locations on the State System in the Pierre Area,,,
sd_sddot_20250521_item_001,sd_sddot_2025_05_21,sd_sddot_bid_tabs_2025_05_21,SD,sd_sddot,,1,AWARDED,Hulstein Excavating Inc.,580917.7,Union,,PCC Shared Use Path,,,7,North Sioux City - Fm the Jct of Sodrac Dr & River Dr to the Jct of Sioux Point Rd & Shay Rd,,,
sd_sddot_20250521_item_002,sd_sddot_2025_05_21,sd_sddot_bid_tabs_2025_05_21,SD,sd_sddot,,2,AWARDED,Hulstein Excavating Inc.,912757.7,Union,,PCC Shared Use Path,,,7,Dakota Dunes - Along Sioux Point Rd fm Shay Rd to Dakota Dunes Blvd,,,
sd_sddot_20250521_item_003,sd_sddot_2025_05_21,sd_sddot_bid_tabs_2025_05_21,SD,sd_sddot,,3,AWARDED,Journey Group Companies,125227.85,Clay,,"Grading, Sidewalk and Pedestrian Ramps",,,4,"Wakonda - Along 2nd St fm Nebraska St to Ohio St, along Ohio St fm 2nd St to approx 100' S",,,
sd_sddot_20250521_item_004,sd_sddot_2025_05_21,sd_sddot_bid_tabs_2025_05_21,SD,sd_sddot,,4,AWARDED,"DIAMOND SURFACE, INC",6568274.23,"Bennett, Potter, Sully, Todd, Tripp",,Centerline Rumble Stripes,,,1,Various Locations in the Pierre Region,,,
sd_sddot_20250521_item_005,sd_sddot_2025_05_21,sd_sddot_bid_tabs_2025_05_21,SD,sd_sddot,,5,AWARDED,Northwest Asphalt & Maintenance,1017018.12,"Aurora, Brule, Buffalo, Douglas, Gregory, Hanson, McCook, Yankton",,Rout & Seal,,,3,Various Locations in the Mitchell Area,,,
sd_sddot_20250521_item_006,sd_sddot_2025_05_21,sd_sddot_bid_tabs_2025_05_21,SD,sd_sddot,,6,AWARDED,"Highway Improvement, Inc",235432.68,Lyman,,Rout & Seal,,,3,Various Locations in the Winner Area,,,
sd_sddot_20250521_item_007,sd_sddot_2025_05_21,sd_sddot_bid_tabs_2025_05_21,SD,sd_sddot,,7,AWARDED,"Jensen Rock & Sand, Inc.",1559327.89,"Haakon, Jackson, Potter, Stanley",,Asphalt Surface Treatment,,,4,Various Locations in the Pierre Area,,,
sd_sddot_20250604_item_001,sd_sddot_2025_06_04,sd_sddot_bid_tabs_2025_06_04,SD,sd_sddot,,1,AWARDED,"Anderson Contractors, Inc.",443742.65,Tripp,,Structure & Approach Grading,,,7,Structure 4.8 E & 0.8 N of Colome on 285th St over W Br of Bull Ck SN 62-318-350 8,,,
sd_sddot_20250604_item_002,sd_sddot_2025_06_04,sd_sddot_bid_tabs_2025_06_04,SD,sd_sddot,,2,AWARDED,The Truesdell Corporation,2068068,"Custer, Fall River, Lawrence, Meade, Pennington",,High Friction Surface Treatment,,,2,Various Locations on the state and local systems in the Rapid City Region,,,
sd_sddot_20250702_item_001,sd_sddot_2025_07_02,sd_sddot_bid_tabs_2025_07_02,SD,sd_sddot,,1,AWARDED,Grangaard Construction Inc,2026586.13,Codington,,Structure & Approach Grading,,,5,"Structure 2 N & 1.2 W of Watertown on 14th Ave N over the Big Sioux Rv, SN 15-178-160",,,
sd_sddot_20250716_item_001,sd_sddot_2025_07_16,sd_sddot_bid_tabs_2025_07_16,SD,sd_sddot,,1,AWARDED,A-G-E Corporation,445577,Butte,,Structure & Approach Grading,,,9,Structure 8.5 N & 21.8 E of Newell on Old Hwy 212 over a Creek SN 10-537-255,,,
sd_sddot_20250716_item_002,sd_sddot_2025_07_16,sd_sddot_bid_tabs_2025_07_16,SD,sd_sddot,,2,REJECTED,,,Brown Project Rejected by the Transportation Commission,,Structure & Approach Grading,,,,Structure 8.5 W & 5 N of Frederick on 102nd St over Elm Lake SN 07-019-020,,,
sd_sddot_20250716_item_003,sd_sddot_2025_07_16,sd_sddot_bid_tabs_2025_07_16,SD,sd_sddot,,3,AWARDED,Journey Group Companies,416915.35,McCook,,PCC Shared Use Path,,,6,"Salem - Along Minnesota St fm Essex Ave to Washington Ave, along Washington Ave fm Minnesota St to Existing Sidewalk at the Baseball Sports Complex, along Peck St fm Washington Ave to Jefferson Ave",,,
sd_sddot_20250716_item_004,sd_sddot_2025_07_16,sd_sddot_bid_tabs_2025_07_16,SD,sd_sddot,,4,REJECTED,,,Lyman Project Rejected by the Transportation Commission,,"Pipe Work, Channel Cleanout",,,,"I90 E, W & L - 1 E of Oacoma",,,
sd_sddot_20250716_item_005,sd_sddot_2025_07_16,sd_sddot_bid_tabs_2025_07_16,SD,sd_sddot,,5,AWARDED,"Hamm Contracting, LLC",662000.45,"Hughes, Sully",,Signing & Delineation,,,3,"Various County, City, & Township Roads in Sully County",,,
sd_sddot_20250716_item_006,sd_sddot_2025_07_16,sd_sddot_bid_tabs_2025_07_16,SD,sd_sddot,,6,AWARDED,"Surface Preparation Technologies, LLC",1547640,"Custer, Fall River",,Centerline Rumble Stripes,,,1,Rapid City Region,,,
sd_sddot_20250806_item_001,sd_sddot_2025_08_06,sd_sddot_bid_tabs_2025_08_06,SD,sd_sddot,,1,AWARDED,"Corr Construction Services, Inc",1061209.8,Jackson,,Structure & Approach Grading,,,6,Structure 9.9 N & 3.3 E of Wanblee on 254th St over Cottonwood Ck SN 36-273-191,,,
sd_sddot_20250806_item_002,sd_sddot_2025_08_06,sd_sddot_bid_tabs_2025_08_06,SD,sd_sddot,,2,AWARDED,FEISTNER GRAVEL & EXCAVATION,65115.19,Hand,,Structure Removals,,,8,Structure 8 E & 9.9 N of Miller on 368th Ave over Wolf Ck SN 30-240-151; Structure 13 E & 10.6 N of Miller on 373rd Ave over Wolf Ck SN 30-290-144,,,
sd_sddot_20250826_item_001,sd_sddot_2025_08_26,sd_sddot_bid_tabs_2025_08_26,SD,sd_sddot,,1,AWARDED,Journey Group Companies,692358.5,Hand,,Structure & Approach Grading,,,4,Structure 7.5 N & 1 E of Miller on 361st Ave over Wolf Ck SN 30-170-185,,,
sd_sddot_20250826_item_002,sd_sddot_2025_08_26,sd_sddot_bid_tabs_2025_08_26,SD,sd_sddot,,2,AWARDED,"MIDWEST CONTRACTING, LLC",680385.7,Mellette,,Structure & Approach Grading,,,8,Structure 5 W & 0.8 S of White River on Pine Creek Rd Over Pine Creek SN 48-200-218,,,
sd_sddot_20250826_item_003,sd_sddot_2025_08_26,sd_sddot_bid_tabs_2025_08_26,SD,sd_sddot,,3,REJECTED,,,Perkins Project Rejected by the Transportation Commission,,"Grading, AC Surf, C&G, Storm Sewer",,,,"1st Street East (Railway St) from Main Ave to 1st Ave East, and 1st Ave East from 1st Street East to 2nd Street East",,,
sd_sddot_20250903_item_001,sd_sddot_2025_09_03,sd_sddot_bid_tabs_2025_09_03,SD,sd_sddot,,1,AWARDED,"BX CIVIL & CONSTRUCTION, INC.",539492.3,Brookings,,Modify Intersection,,,2,20th St S & 22nd Ave S Intersection - in Brookings,,,
sd_sddot_20250903_item_002,sd_sddot_2025_09_03,sd_sddot_bid_tabs_2025_09_03,SD,sd_sddot,,2,AWARDED,Grangaard Construction Inc,950750.37,Lawrence,,Structure & Approach Grading,,,3,Structure 0.12 W of US14A on Elmore Rd over Spearfish Creek SN 41-079-199,,,
sd_sddot_20250903_item_003,sd_sddot_2025_09_03,sd_sddot_bid_tabs_2025_09_03,SD,sd_sddot,,3,AWARDED,"Nolz Dragline and Construction Company, Inc",363017.85,Miner,,Structure & Approach Grading,,,7,Structure in the Carthage City Park over Redstone Creek (City Owned) SN 49-063-018,,,
sd_sddot_20250917_item_001,sd_sddot_2025_09_17,sd_sddot_bid_tabs_2025_09_17,SD,sd_sddot,,1,AWARDED,"Lehtola Builders, Inc.",1049716.39,Spink,,Structure & Approach Grading,,,3,Structure 5 N & 5.9 W of Northville on 149th St over Snake Creek SN 58-011-010,,,
sd_sddot_20250917_item_002,sd_sddot_2025_09_17,sd_sddot_bid_tabs_2025_09_17,SD,sd_sddot,,2,AWARDED,"BX CIVIL & CONSTRUCTION, INC.",176734.5,Lyman,,Repair Str RCBC,,,4,SD248 - 1 W of Kennebec,,,
sd_sddot_20250917_item_003,sd_sddot_2025_09_17,sd_sddot_bid_tabs_2025_09_17,SD,sd_sddot,,3,AWARDED,"Hamm Contracting, LLC",733316.35,Harding,,Signing & Delineation,,,3,"Various County, City, & Township Roads in Harding County",,,
sd_sddot_20251001_item_001,sd_sddot_2025_10_01,sd_sddot_bid_tabs_2025_10_01,SD,sd_sddot,,1,AWARDED,"PCIROADS, LLC",21017988.8,Union,,"PCC/ACC Surf, Milling, Culvert, Grd Rail",,,5,SD46 - Fm Beresford E 15; SD11 - Fm S of Alcester to SD46,,,
sd_sddot_20251001_item_002,sd_sddot_2025_10_01,sd_sddot_bid_tabs_2025_10_01,SD,sd_sddot,,2,AWARDED,"Reede Construction, Inc.",6109490.93,Davison,,"Mod Drain, Spot Grdng, PCC Surf, Crossov",,,5,I90 E & W - Fm W of Exit 319 (Mt Vernon) to 5 E of Exit 319 (Mt Vernon),,,
sd_sddot_20251001_item_003,sd_sddot_2025_10_01,sd_sddot_bid_tabs_2025_10_01,SD,sd_sddot,,3,AWARDED,Journey Group Companies,770183.25,Turner,,Structure & Approach Grading,,,8,Structure 5 W & 6.2 N of Viborg on County Rd over Turkey Ridge Creek SN 63-110-168,,,
sd_sddot_20251001_item_004,sd_sddot_2025_10_01,sd_sddot_bid_tabs_2025_10_01,SD,sd_sddot,,4,AWARDED,Soukup Construction Inc,268523.7,"Bon Homme, Hand, McCook",,Structure Removal,,,5,Structure 10.2 W & 1 N of Springfield on 311th St; Structure 4 N & 1.2 W of Tyndall on 299th St; Structure 1 E & 5.8 S of Miller on 361st Ave; Structure 8 E & 6.2 N of Miller on 368th Ave; Structure 4 N & 1.9 W of Salem on 248th St,,,
sd_sddot_20251001_item_005,sd_sddot_2025_10_01,sd_sddot_bid_tabs_2025_10_01,SD,sd_sddot,,5,WITHDRAWN,,,"Brown, Marshall Project Withdrawn from Letting",,Mill & AC Resurfacing,,,,SD10 - Fm E of the James River to W of Britton,,,
sd_sddot_20251001_item_006,sd_sddot_2025_10_01,sd_sddot_bid_tabs_2025_10_01,SD,sd_sddot,,6,AWARDED,SPENCER QUARRIES INCORPORATED,4431811.51,Lyman,,"Mill, AC Resurfacing of Shoulders, Aspha",,,5,I90 EBL - Fm Kennebec to E of Reliance,,,
sd_sddot_20251001_item_007,sd_sddot_2025_10_01,sd_sddot_bid_tabs_2025_10_01,SD,sd_sddot,,7,AWARDED,Journey Group Companies,2825932.05,Brown,,LSDC Overlay,,,5,US281 N & S - 6.7 & 8.8 S of US12 over Moccasin Ck,,,
sd_sddot_20251001_item_008,sd_sddot_2025_10_01,sd_sddot_bid_tabs_2025_10_01,SD,sd_sddot,,8,AWARDED,Midwest Rockfall Inc,2280364.5,Pennington,,Rockfall Hazard Mitigation,,,3,SD44 - Fm Canyon Lake Dr to Chapel Ln in Rapid City,,,
sd_sddot_20251001_item_009,sd_sddot_2025_10_01,sd_sddot_bid_tabs_2025_10_01,SD,sd_sddot,,9,AWARDED,"Dakota Redi-Mix, Inc.",1517053,Lawrence,,Backslope Repair,,,6,US14A - 4 E of Deadwood,,,
sd_sddot_20251015_item_001,sd_sddot_2025_10_15,sd_sddot_bid_tabs_2025_10_15,SD,sd_sddot,,1,AWARDED,T&R Contracting Inc,53313089.85,Lincoln,,"Construct Interchange, Grading, PCC Surf",,,8,I29 - 85th St Interchange; 85th Street (270th Street) - Fm Sundowner Avenue E 1 to Tallgrass Ave in Sioux Falls,,,
sd_sddot_20251015_item_002,sd_sddot_2025_10_15,sd_sddot_bid_tabs_2025_10_15,SD,sd_sddot,,2,AWARDED,T&R Contracting Inc,1130885.15,Lincoln,,Watermain,,,8,85th St - Fm E of Sundowner Ave to W of Tallgrass Ave,,,
sd_sddot_20251015_item_003,sd_sddot_2025_10_15,sd_sddot_bid_tabs_2025_10_15,SD,sd_sddot,,3,AWARDED,"Foothills Contracting, Inc.",10954103.21,Bon Homme,,"Grading, AC Surfacing, C&G, Lighting",,,4,"SD50, SD50 E & W - Fm W of SD37 S Jct to E of Tyndall",,,
sd_sddot_20251015_item_004,sd_sddot_2025_10_15,sd_sddot_bid_tabs_2025_10_15,SD,sd_sddot,,4,AWARDED,"BITUMINOUS PAVING, INC.",4268703.5,Day,,Mill & AC Resurfacing & Pipe Work,,,5,SD27 - Fm US12 N to Day/Marshall Co Line,,,
sd_sddot_20251015_item_005,sd_sddot_2025_10_15,sd_sddot_bid_tabs_2025_10_15,SD,sd_sddot,,5,AWARDED,"BOWES CONSTRUCTION, INC.",5711509.92,"Deuel, Hamlin",,Aspahlt Concrete Surfacing,,,5,SD28 - Fm Estelline to SD15,,,
sd_sddot_20251015_item_006,sd_sddot_2025_10_15,sd_sddot_bid_tabs_2025_10_15,SD,sd_sddot,,6,AWARDED,A & R Construction Inc,580850.29,Lincoln,,Structure & Approach Grading,,,9,"Structure 1.8 S & 4 W of Canton on 476 Ave over S Fork of Beaver Ck, SN 42-120-158",,,
sd_sddot_20251015_item_007,sd_sddot_2025_10_15,sd_sddot_bid_tabs_2025_10_15,SD,sd_sddot,,7,AWARDED,Complete Concrete Inc dba Complete Contracting Sol,3489226.1,Lawrence,,Structure & Approach Grading,,,3,US14A - Str. 0.2 E of Cheyenne Crossing Over Ice Box Ck,,,
sd_sddot_20251015_item_008,sd_sddot_2025_10_15,sd_sddot_bid_tabs_2025_10_15,SD,sd_sddot,,8,AWARDED,"BX CIVIL & CONSTRUCTION, INC.",284914.48,Moody,,Bent Cap Repair,,,6,SD13 - 4.1 S of Brookings Co Line over Spring Ck,,,
sd_sddot_20251015_item_009,sd_sddot_2025_10_15,sd_sddot_bid_tabs_2025_10_15,SD,sd_sddot,,9,AWARDED,Schweigert Construction Inc.,297099.2,Lyman,,"Erosion Repair, Slide Repair, Pipe Work",,,3,SD47 - Fm 7 S of SD49 S 5,,,
sd_sddot_20251015_item_010,sd_sddot_2025_10_15,sd_sddot_bid_tabs_2025_10_15,SD,sd_sddot,,10,AWARDED,Hulstein Excavating LLC.,73141,Union,,Weigh Scale Pit Repair,,,5,I29 N - Jefferson Port of Entry,,,
sd_sddot_20251015_item_011,sd_sddot_2025_10_15,sd_sddot_bid_tabs_2025_10_15,SD,sd_sddot,,11,AWARDED,"MUTH ELECTRIC, INC.",522858,Pennington,,Modify Signals,,,3,SD44 – Fm I190 (West Blvd) to Maple Ave in Rapid City,,,
sd_sddot_20251015_item_012,sd_sddot_2025_10_15,sd_sddot_bid_tabs_2025_10_15,SD,sd_sddot,,12,AWARDED,The Truesdell Corporation,335335,Corson,,Polymer Chip Seal,,,7,US Highway 12 - 6.6 & 8.2 NW of SD20 over Deep Bank Ck & Grand River,,,
sd_sddot_20251105_item_001,sd_sddot_2025_11_05,sd_sddot_bid_tabs_2025_11_05,SD,sd_sddot,,1,WITHDRAWN,,,Davison Project Withdrawn from Letting,,"Approach Slabs, Berm Repair, Poly Chip",,,,I90 E & W - 0.2 E of SD37 S Interch over BNSF RR; I90 - Fm E of Exit 332 (SD37S) EBOn-Ramp to 0.3 E,,,
sd_sddot_20251105_item_002,sd_sddot_2025_11_05,sd_sddot_bid_tabs_2025_11_05,SD,sd_sddot,,2,WITHDRAWN,,,Pennington Project Withdrawn from Letting,,"AC Bridge Deck Overlay, Bridge Repair",,,,US16A E & W - At the Keystone Interchange,,,
sd_sddot_20251105_item_003,sd_sddot_2025_11_05,sd_sddot_bid_tabs_2025_11_05,SD,sd_sddot,,3,AWARDED,"Louis-Company, LLC",289708.07,Pennington,,Polymer Chip Seal,,,6,US16B - 0.3 E SD79 over RR; SD44 - 1.1 E of US16 over Rapid Ck & 0.7 SE of Farmingdale over Draw,,,
sd_sddot_20251105_item_004,sd_sddot_2025_11_05,sd_sddot_bid_tabs_2025_11_05,SD,sd_sddot,,4,AWARDED,"BX CIVIL & CONSTRUCTION, INC.",425978.6,"Davison, Lincoln, Minnehaha, Moody",,Bridge Slope Protection Rehabilitation,,,1,Various Locations Throughout the Mitchell Region,,,
sd_sddot_20251105_item_005,sd_sddot_2025_11_05,sd_sddot_bid_tabs_2025_11_05,SD,sd_sddot,,5,AWARDED,Asphalt Paving & Materials Company,6997856.69,Spink,,"Cold Mill, AC Surf/Resurf, Bridge Appr",,,6,US212 - Fm 5 E of Redfield to Doland,,,
sd_sddot_20251105_item_006,sd_sddot_2025_11_05,sd_sddot_bid_tabs_2025_11_05,SD,sd_sddot,,6,AWARDED,KNIFE RIVER MIDWEST LLC,4452604.69,Turner,,"Cold Mill, AC Resurf, FDR Shldrs, Int Im",,,5,SD19 - Fm US18 to the S Jct of SD44,,,
sd_sddot_20251105_item_007,sd_sddot_2025_11_05,sd_sddot_bid_tabs_2025_11_05,SD,sd_sddot,,7,AWARDED,"MUTH ELECTRIC, INC.",659829.5,Brown,,Modify Signals,,,2,US12 - Fm US281 to Melgaard Rd in Aberdeen,,,
sd_sddot_20251119_item_001,sd_sddot_2025_11_19,sd_sddot_bid_tabs_2025_11_19,SD,sd_sddot,,1,AWARDED,"CENTRAL SPECIALTIES, INC",6079896.97,Jackson,,Asphalt Concrete Surfacing,,,5,SD73 - Fm S of the White River to Kadoka,,,
sd_sddot_20251119_item_002,sd_sddot_2025_11_19,sd_sddot_bid_tabs_2025_11_19,SD,sd_sddot,,2,AWARDED,"CENTRAL SPECIALTIES, INC",1744081.03,Jackson,,"Mill, AC Resurfacing, Pipe Work",,,5,SD73 - Fm Jct of I90 N 4,,,
sd_sddot_20251119_item_003,sd_sddot_2025_11_19,sd_sddot_bid_tabs_2025_11_19,SD,sd_sddot,,3,AWARDED,Grangaard Construction Inc,7500392.95,Yankton,,Structure & Approach Grading,,,5,"Structure 7.2 N & 1 E of Lesterville on 431 Ave over the James Rv, SN 68-030-018",,,
sd_sddot_20251119_item_004,sd_sddot_2025_11_19,sd_sddot_bid_tabs_2025_11_19,SD,sd_sddot,,4,AWARDED,"HEAVY CONSTRUCTORS, INC.",1288110.4,Lawrence,,Slide Repair,,,5,US14A - 0.5 W of US85,,,
sd_sddot_20251203_item_001,sd_sddot_2025_12_03,sd_sddot_bid_tabs_2025_12_03,SD,sd_sddot,,1,AWARDED,Journey Group Companies,1772633.73,"Lincoln, Minnehaha",,"AC Resurfacing, PCC Repair",,,5,"I229 - Interchange Ramps at Exits 1 (Louise Ave), Exit 2 (Western Ave), Exit 7 (Rice St) and N side of I90 at Exit 10 (I90)",,,
sd_sddot_20251203_item_002,sd_sddot_2025_12_03,sd_sddot_bid_tabs_2025_12_03,SD,sd_sddot,,2,AWARDED,Young Gun Construction LLC,7702704.05,Roberts,,Structure & Approach Grading,,,4,SD127 - Strs 2.7 N of SD10 over Little Minnesota River; 0.9 N of SD10 over Branch of Little Minnesota River,,,
sd_sddot_20251203_item_003,sd_sddot_2025_12_03,sd_sddot_bid_tabs_2025_12_03,SD,sd_sddot,,3,AWARDED,Complete Concrete Inc dba Complete Contracting Sol,2096475.29,"Butte, Harding",,"CIP RCBC, Replace Aprons & Approach Grad",,,2,"US85 - 12.2 S of SD168; SD20 - 11 W of US85, 1.5 W of SD79",,,
sd_sddot_20251203_item_004,sd_sddot_2025_12_03,sd_sddot_bid_tabs_2025_12_03,SD,sd_sddot,,4,AWARDED,"BITUMINOUS PAVING, INC.",5066412.35,Clark,,Asphalt Concrete Surfacing,,,5,SD25 - Fm 9 N of US212 to the Clark/Day Co Line,,,
sd_sddot_20251203_item_005,sd_sddot_2025_12_03,sd_sddot_bid_tabs_2025_12_03,SD,sd_sddot,,5,AWARDED,"BITUMINOUS PAVING, INC.",3818126.3,"Clay, Lincoln, Union",,"Mill, AC Resurfacing of Shoulders & Ramp",,,3,I29 N - Fm S of Exit 38 (306th St) to Exit 47 (Beresford),,,
sd_sddot_20251203_item_006,sd_sddot_2025_12_03,sd_sddot_bid_tabs_2025_12_03,SD,sd_sddot,,6,AWARDED,Mainline Contracting Inc,1614938.76,Custer,,Horizontal Curve Realignment,,,5,US16A - 6.5 N of SD36; SD87 - 0.5 S of US16A,,,
sd_sddot_20251203_item_007,sd_sddot_2025_12_03,sd_sddot_bid_tabs_2025_12_03,SD,sd_sddot,,7,AWARDED,Garrett Fencing Inc,427276.59,"Lawrence, Meade",,Interstate Fence,,,6,I90 E - Fm Exit 14 (Spearfish) to 1 E of Exit 32 (Sturgis),,,
sd_sddot_20251210_item_001,sd_sddot_2025_12_10,sd_sddot_bid_tabs_2025_12_10,SD,sd_sddot,,1,AWARDED,"RUNGE ENTERPRISES, INC.",14987400.79,Minnehaha,,"Grading, AC Surfacing, Replace Str Bridg",,,6,SD11 - Fm 258th St to 257th St,,,
sd_sddot_20251210_item_002,sd_sddot_2025_12_10,sd_sddot_bid_tabs_2025_12_10,SD,sd_sddot,,2,AWARDED,T&R Contracting Inc,2674667.67,Davison,,"Approach Slabs, Berm Repair, Poly Chip",,,7,I90 E & W - 0.2 E of SD37 S Interch over BNSF RR; I90 - Fm E of Exit 332 (SD37S) EBOn-Ramp to 0.3 E,,,
sd_sddot_20251210_item_003,sd_sddot_2025_12_10,sd_sddot_bid_tabs_2025_12_10,SD,sd_sddot,,3,AWARDED,"BITUMINOUS PAVING, INC.",4212794.15,Spink,,"Cold Mill, AC Conc, Pipe Work & Signing",,,5,SD20 - Fm Brentford to Conde,,,
sd_sddot_20251210_item_004,sd_sddot_2025_12_10,sd_sddot_bid_tabs_2025_12_10,SD,sd_sddot,,4,AWARDED,"Anderson Western, Inc.",11830910.07,"Meade, Ziebach",,"Mill, AC Resurfacing, Pipe, Turn Lanes",,,6,SD34 - Fm 16.5 W of N SD73 Jct to Meade/Ziebach Co Line; SD73 - Fm 14 N of SD34 to US212 at Faith,,,
sd_sddot_20251210_item_005,sd_sddot_2025_12_10,sd_sddot_bid_tabs_2025_12_10,SD,sd_sddot,,5,AWARDED,"Louis-Company, LLC",269573.6,Haakon,,Polymer Chip Seal,,,6,"US14 - 1 SW of Philip over N Fork Bad Rv, 2.5 NE Jackson Co Line over Ck",,,
sd_sddot_20251210_item_006,sd_sddot_2025_12_10,sd_sddot_bid_tabs_2025_12_10,SD,sd_sddot,,6,AWARDED,Journey Group Companies,1363027.4,"Lyman, Tripp",,LSDC Overlay,,,5,SD53 - 12.8 S of US18 over Willow Ck; SD47 - 7.3 S of I90 over White Rv,,,
sd_sddot_20260121_item_001,sd_sddot_2026_01_21,sd_sddot_bid_tabs_2026_01_21,SD,sd_sddot,,1,AWARDED,"John Riley Construction, Inc.",7535591.12,Clark,,Grading & Interim Surfacing,,,9,SD25 - Fm US212 N 9,,,
sd_sddot_20260121_item_002,sd_sddot_2026_01_21,sd_sddot_bid_tabs_2026_01_21,SD,sd_sddot,,2,AWARDED,"CENTRAL SPECIALTIES, INC",5034271.99,Lincoln,,"Mill, AC Surf, Spot Grade, Pipe, Lightng",,,7,SD44 - Fm Lennox to I29; I29 - Exit 59 (Davis) Ramps,,,
sd_sddot_20260121_item_003,sd_sddot_2026_01_21,sd_sddot_bid_tabs_2026_01_21,SD,sd_sddot,,3,AWARDED,SPENCER QUARRIES INCORPORATED,4563573.24,Lake,,"Mill, AC Resurf, Pipe, App Pave, GR",,,5,SD34 E & W - Fm the Beginning of the Divided Lanes in Madison to 462nd Ave,,,
sd_sddot_20260121_item_004,sd_sddot_2026_01_21,sd_sddot_bid_tabs_2026_01_21,SD,sd_sddot,,4,AWARDED,"CENTRAL SPECIALTIES, INC",7321468.44,"Brown, Marshall",,Mill & AC Resurfacing,,,5,SD10 - Fm E of the James River to W of Britton,,,
sd_sddot_20260204_item_001,sd_sddot_2026_02_04,sd_sddot_bid_tabs_2026_02_04,SD,sd_sddot,,1,AWARDED,"Lehtola Builders, Inc.",544784.47,Miner,,Structure & Approach Grading,,,6,"Structure 2.3 E of Carthage on 222 St (Co Rd 22) over Rock Ck, SN 49-093-020",,,
sd_sddot_20260204_item_002,sd_sddot_2026_02_04,sd_sddot_bid_tabs_2026_02_04,SD,sd_sddot,,2,AWARDED,"BX CIVIL & CONSTRUCTION, INC.",714455,Stanley,,Structure & Approach Grading,,,4,Structure 8.5 W of US83 on Bad River Rd over Dan Powell Creek SN 59-339-327,,,
sd_sddot_20260204_item_003,sd_sddot_2026_02_04,sd_sddot_bid_tabs_2026_02_04,SD,sd_sddot,,3,AWARDED,"BX CIVIL & CONSTRUCTION, INC.",2152596.7,"Charles Mix, Hanson, Hutchinson",,"Polymer Chip Seal, Guardrail, Approaches",,,2,"SD44 - 0.5, 1.7 E of Douglas Co Line, 0.2, 1.2 W of SD37, 5.6, 6.5 E of SD37; SD42 - 1.2, 1.7, 9.5, 10.4 E of Davidson Co Line; I90 - 2.1 W of Exit 344 (Alexandria); US18 - 3.4 E of US281",,,
sd_sddot_20260204_item_004,sd_sddot_2026_02_04,sd_sddot_bid_tabs_2026_02_04,SD,sd_sddot,,4,AWARDED,"Surface Preparation Technologies, LLC",359809,"Butte, Corson, Custer, Harding, Lawrence, Meade, Pennington, Perkins",,Centerline Rumble Stripes,,,2,Rapid City Region,,,
sd_sddot_20260218_item_001,sd_sddot_2026_02_18,sd_sddot_bid_tabs_2026_02_18,SD,sd_sddot,,1,AWARDED,"BOWES CONSTRUCTION, INC.",2193245.87,Deuel,,"Grading, C&G, Storm Sewer, Light, SW, AC",,,9,SD28 - Through Toronto,,,
sd_sddot_20260218_item_002,sd_sddot_2026_02_18,sd_sddot_bid_tabs_2026_02_18,SD,sd_sddot,,2,AWARDED,"BOWES CONSTRUCTION, INC.",487613.5,Deuel,,Water Main,,,9,SD28 - Through Toronto,,,
sd_sddot_20260218_item_003,sd_sddot_2026_02_18,sd_sddot_bid_tabs_2026_02_18,SD,sd_sddot,,3,AWARDED,Journey Group Companies,1165139.97,Minnehaha,,"LSDC, Barrier, Joints, Appr Slabs",,,4,I29 - W 49th St 0.5 SW of 41st St Interch over I29,,,
sd_sddot_20260218_item_004,sd_sddot_2026_02_18,sd_sddot_bid_tabs_2026_02_18,SD,sd_sddot,,4,AWARDED,"BX CIVIL & CONSTRUCTION, INC.",190000,"Minnehaha, Moody",,Areawide Pipe Work Projects,,,6,Various Locations Throughout the Sioux Falls Area,,,
sd_sddot_20260218_item_005,sd_sddot_2026_02_18,sd_sddot_bid_tabs_2026_02_18,SD,sd_sddot,,5,AWARDED,Complete Concrete Inc dba Complete Contracting Sol,1405956.19,Lawrence,,Install NB & SB Left Turn Lane,,,6,US85 - Intersection of Crook City Rd,,,
sd_sddot_20260218_item_006,sd_sddot_2026_02_18,sd_sddot_bid_tabs_2026_02_18,SD,sd_sddot,,6,AWARDED,"Highway Improvement, Inc",112155.4,Harding,,Rout & Seal,,,6,Various Locations in the Belle Fourche Area,,,
sd_sddot_20260218_item_007,sd_sddot_2026_02_18,sd_sddot_bid_tabs_2026_02_18,SD,sd_sddot,,7,AWARDED,Gorsuch and Sons Inc.,287684.88,Pennington,,Interstate Fence,,,3,"I90 W - Fm Exit 59 (N Lacrosse) to Exit 60 (E North St), Exit 61 (US16B) to Exit 63 (Box Elder)",,,
sd_sddot_20260304_item_001,sd_sddot_2026_03_04,sd_sddot_bid_tabs_2026_03_04,SD,sd_sddot,,1,AWARDED,"Anderson Western, Inc.",4188716.29,Campbell,,"Mill & AC Resurfacing, Pipe Work",,,5,SD271 - Fm SD10 to the ND State Line,,,
sd_sddot_20260304_item_002,sd_sddot_2026_03_04,sd_sddot_bid_tabs_2026_03_04,SD,sd_sddot,,2,AWARDED,"BITUMINOUS PAVING, INC.",991682.45,Buffalo,,Detour Surface Maintenance,,,2,"SD47 - Detour on BIA Rd 8, Eagle Dr, N Shore Rd",,,
sd_sddot_20260304_item_003,sd_sddot_2026_03_04,sd_sddot_bid_tabs_2026_03_04,SD,sd_sddot,,3,AWARDED,"BX CIVIL & CONSTRUCTION, INC.",2197250,Davison,,"Curb Ramps, Sidewalk, Signal & Lighting",,,5,"SD37, SD37N - Through Mitchell; I90 - Exit 330 & 332 in Mitchell",,,
sd_sddot_20260304_item_004,sd_sddot_2026_03_04,sd_sddot_bid_tabs_2026_03_04,SD,sd_sddot,,4,AWARDED,Mainline Contracting Inc,556546.6,Lawrence,,"Inslope Repair, Pipe Work, Guardrail",,,3,US14A - 1 W of US85 in Deadwood,,,
sd_sddot_20260304_item_005,sd_sddot_2026_03_04,sd_sddot_bid_tabs_2026_03_04,SD,sd_sddot,,5,AWARDED,Z AND Z SEAL COATING INC,64303.41,Pennington,,Rout & Seal,,,5,I90- Fm Box Elder to East of New Underwood,,,
sd_sddot_20260304_item_006,sd_sddot_2026_03_04,sd_sddot_bid_tabs_2026_03_04,SD,sd_sddot,,6,AWARDED,Asphalt Surface Technologies Corporation,2767428.38,"Butte, Meade, Ziebach",,Asphalt Surface Treatment,,,4,Various Locations in the Belle Fourche Area,,,
sd_sddot_20260318_item_001,sd_sddot_2026_03_18,sd_sddot_bid_tabs_2026_03_18,SD,sd_sddot,,1,AWARDED,Asphalt Paving & Materials Company,12172579.77,"Beadle, Spink",,"Mill, AC Resurfacing, Pipe Work, Modify",,,5,US281 - Fm the W US14 Jct to Redfield; US14 - Fm the US281 N Jct to the Wolsey N City Limits; US14 - Fm Birch St in,,,
sd_sddot_20260318_item_002,sd_sddot_2026_03_18,sd_sddot_bid_tabs_2026_03_18,SD,sd_sddot,,2,AWARDED,"CENTRAL SPECIALTIES, INC",5832243.25,Corson,,"Mill, AC Resurfacing, Pipe Work",,,5,SD1806 - Fm N of 1806 P to Kenel,,,
sd_sddot_20260318_item_003,sd_sddot_2026_03_18,sd_sddot_bid_tabs_2026_03_18,SD,sd_sddot,,3,AWARDED,"Jensen Rock & Sand, Inc.",653812.71,Brown,,Detour Surface Maintenance,,,2,"US12 - 2.4 E of US281 N Over Moccasin Creek - Truck Detour - Brwn Co 14, Brwn Co 13, US281; Car Detour - Roosevelt St, Melgard Rd, US 281",,,
sd_sddot_20260318_item_004,sd_sddot_2026_03_18,sd_sddot_bid_tabs_2026_03_18,SD,sd_sddot,,4,AWARDED,"BITUMINOUS PAVING, INC.",3544205.71,"Faulk, Haakon, Hughes, Lyman, Potter, Stanley, Sully",,Asphalt Surface Treatment,,,3,Various Locations in the Pierre Area,,,
sd_sddot_20260318_item_005,sd_sddot_2026_03_18,sd_sddot_bid_tabs_2026_03_18,SD,sd_sddot,,5,AWARDED,Asphalt Surface Technologies Corporation,2318643.43,"Custer, Fall River, Oglala Lakota, Pennington",,Asphalt Surface Treatment,,,3,Various Locations in the Custer Area,,,
sd_sddot_20260318_item_006,sd_sddot_2026_03_18,sd_sddot_bid_tabs_2026_03_18,SD,sd_sddot,,6,AWARDED,"Highway Improvement, Inc",267824.25,Perkins,,Crack Leveling & Rout and Seal,,,6,Various Locations in the Belle Fourche Area,,,
sd_sddot_20260318_item_007,sd_sddot_2026_03_18,sd_sddot_bid_tabs_2026_03_18,SD,sd_sddot,,7,AWARDED,"LOISEAU CONSTRUCTION, INC.",2956106.07,Lawrence,,"Inslope Flattening, RCBC Extension, Pipe",,,4,Various Locations in the Rapid City Region,,,
sd_sddot_20260318_item_008,sd_sddot_2026_03_18,sd_sddot_bid_tabs_2026_03_18,SD,sd_sddot,,8,AWARDED,"SIR LINES-A-LOT, LLC DBA DAKOTA TRAFFIC SERVICES",1383200.4,"Brookings, Brown, Buffalo, Clark, Codington, Deuel, Grant, Hand, Hughes, Kingsbury, Marshall, Miner, Roberts, Spink",,Centerline Rumble Stripes,,,2,Aberdeen Region,,,
sd_sddot_20260318_item_009,sd_sddot_2026_03_18,sd_sddot_bid_tabs_2026_03_18,SD,sd_sddot,,9,AWARDED,Traffic Services Company LLC,145198.5,"Custer, Harding, Lawrence, Pennington",,Vehicle Feedback Signs,,,2,Various Locations on the State and Local System in the Rapid City Region,,,
sd_sddot_20260401_item_001,sd_sddot_2026_04_01,sd_sddot_bid_tabs_2026_04_01,SD,sd_sddot,,1,AWARDED,"Simon Contractors of South Dakota, Inc.",401259,Pennington,,"AC Bridge Deck Overlay, Bridge Repair",,,3,US16A E & W - At the Keystone Interchange,,,
sd_sddot_20260401_item_002,sd_sddot_2026_04_01,sd_sddot_bid_tabs_2026_04_01,SD,sd_sddot,,2,AWARDED,"Hollaway Bridge and Culvert, Inc",1199661.5,"Aurora, Davison",,Box Culvert Extensions,,,3,"I90 E & W - 0.9 W, 0.6 E of Exit 310 (US281), 1.7 W, 0.8 W of the Aurora/Davison Co Line, 0.3 E of Exit 325 (Betts Rd)",,,
sd_sddot_20260401_item_003,sd_sddot_2026_04_01,sd_sddot_bid_tabs_2026_04_01,SD,sd_sddot,,3,AWARDED,"Hollaway Bridge and Culvert, Inc",43308,Lincoln,,Structure Removal,,,7,"Structure 6 miles W & 2.5 miles N of Beresford on 465 Ave over Blind Ck, SN 42-010-265",,,
sd_sddot_20260401_item_004,sd_sddot_2026_04_01,sd_sddot_bid_tabs_2026_04_01,SD,sd_sddot,,4,AWARDED,A-G-E Corporation,3750258.53,"Haakon, Jackson, Stanley",,Pipe Work,,,5,Various Locations Throughout the Pierre Area,,,
sd_sddot_20260401_item_005,sd_sddot_2026_04_01,sd_sddot_bid_tabs_2026_04_01,SD,sd_sddot,,5,AWARDED,"Jensen Rock & Sand, Inc.",3335164.09,"Dewey, Edmunds, Walworth, Ziebach",,Asphalt Surface Treatment,,,3,Various Locations in the Mobridge Area,,,
sd_sddot_20260401_item_006,sd_sddot_2026_04_01,sd_sddot_bid_tabs_2026_04_01,SD,sd_sddot,,6,AWARDED,"Simon Contractors of South Dakota, Inc.",1173247.25,Pennington,,Asphalt Surface Treatment,,,3,Various Locations in the Rapid City Area,,,
sd_sddot_20260401_item_007,sd_sddot_2026_04_01,sd_sddot_bid_tabs_2026_04_01,SD,sd_sddot,,7,AWARDED,"Highway Improvement, Inc",232380.83,"Bon Homme, Hutchinson, Union",,Rout & Seal,,,3,Various Locations in the Yankton Area,,,
sd_sddot_20260401_item_008,sd_sddot_2026_04_01,sd_sddot_bid_tabs_2026_04_01,SD,sd_sddot,,8,AWARDED,"BX CIVIL & CONSTRUCTION, INC.",2427000,"Jackson, Jones, Lyman",,Corridor Signing,,,2,Pierre Region,,,
sd_sddot_20260401_item_009,sd_sddot_2026_04_01,sd_sddot_bid_tabs_2026_04_01,SD,sd_sddot,,9,AWARDED,"BX CIVIL & CONSTRUCTION, INC.",5095000,"Lincoln, Minnehaha",,Median Cable Barrier,,,1,I29- Fm I90 to 1 mile S of Exit 68,,,
sd_sddot_20260401_item_010,sd_sddot_2026_04_01,sd_sddot_bid_tabs_2026_04_01,SD,sd_sddot,,10,AWARDED,"SIR LINES-A-LOT, LLC DBA DAKOTA TRAFFIC SERVICES",381370,Brookings,,Durable Pavement Markings,,,1,Various locations on the State System in the Aberdeen Region,,,
sd_sddot_20260415_item_001,sd_sddot_2026_04_15,sd_sddot_bid_tabs_2026_04_15,SD,sd_sddot,,1,AWARDED,"LOISEAU CONSTRUCTION, INC.",8000211.14,Hanson,,"Grading, Interim Surfacing, Modify Inter",,,4,SD38 - Fm 2.2 E of the SD38P Jct to 2.3 E of SD25,,,
sd_sddot_20260415_item_002,sd_sddot_2026_04_15,sd_sddot_bid_tabs_2026_04_15,SD,sd_sddot,,2,AWARDED,"DOUBLE H PAVING, INC",1339168.01,Minnehaha,,PCC Shared Use Path,,,8,Colton - Along 4th St fm Dakota Ave to Charles Ave,,,
sd_sddot_20260415_item_003,sd_sddot_2026_04_15,sd_sddot_bid_tabs_2026_04_15,SD,sd_sddot,,3,AWARDED,Complete Concrete Inc dba Complete Contracting Sol,2229177.75,Pennington,,"Structure, Sidewalk & Signal",,,4,US16A - Str 2.7 S of US16 Over Battle Creek,,,
sd_sddot_20260415_item_004,sd_sddot_2026_04_15,sd_sddot_bid_tabs_2026_04_15,SD,sd_sddot,,4,AWARDED,"Lehtola Builders, Inc.",576129.09,Beadle,,Structure & Approach Grading,,,5,"Structure 12.2 W of Virgil on 214 St over Silver Ck, SN 03-008-240",,,
sd_sddot_20260415_item_005,sd_sddot_2026_04_15,sd_sddot_bid_tabs_2026_04_15,SD,sd_sddot,,5,AWARDED,FEISTNER GRAVEL & EXCAVATION,29694.62,Hand,,Structure Removal,,,7,"Structure 3 S & 2.7 W of Miller on 201 St over a creek, SN 30-133-290",,,
sd_sddot_20260415_item_006,sd_sddot_2026_04_15,sd_sddot_bid_tabs_2026_04_15,SD,sd_sddot,,6,AWARDED,"WESTERN CONSTRUCTION, INC.",4018128.43,Fall River,,"Cold Milling, AC Resurf, Pipe Work",,,4,SD471 - Fm S of Edgemont to Edgemont; SD18P - Fm SD471 to the E US18 Jct,,,
sd_sddot_20260415_item_007,sd_sddot_2026_04_15,sd_sddot_bid_tabs_2026_04_15,SD,sd_sddot,,7,AWARDED,"BITUMINOUS PAVING, INC.",9425110.15,Pennington,,"Class S Surfacing, Crack & Seat, C&G",,,3,US385 - Fm 1.5 N of US16 E to Pactola Dam; US385 - fm N of Pactola Dam to 4 N of the SD44 Jc,,,
sd_sddot_20260415_item_008,sd_sddot_2026_04_15,sd_sddot_bid_tabs_2026_04_15,SD,sd_sddot,,8,AWARDED,Digg Commercial LLC,877375.7,Yankton,,Slide Repair,,,2,SD46 - 5.3 E of US81,,,
sd_sddot_20260415_item_009,sd_sddot_2026_04_15,sd_sddot_bid_tabs_2026_04_15,SD,sd_sddot,,9,AWARDED,"Basin Construction & Drain Tile, LLC",762625.5,Spink,,Inslope Repair & Riprap,,,7,SD20 - W of James River Bridge,,,
sd_sddot_20260415_item_010,sd_sddot_2026_04_15,sd_sddot_bid_tabs_2026_04_15,SD,sd_sddot,,10,AWARDED,"BITUMINOUS PAVING, INC.",1059296.6,"Brookings, Kingsbury, Lake, Lincoln, Minnehaha",,Asphalt Surface Treatment,,,3,Various locations in the Sioux Falls Area,,,
sd_sddot_20260415_item_011,sd_sddot_2026_04_15,sd_sddot_bid_tabs_2026_04_15,SD,sd_sddot,,11,AWARDED,"Jensen Rock & Sand, Inc.",3815497.08,"Brown, Day, Edmunds, Faulk, McPherson, Potter",,Asphalt Surface Treatment,,,3,Various Locations in the Aberdeen Area,,,
sd_sddot_20260415_item_012,sd_sddot_2026_04_15,sd_sddot_bid_tabs_2026_04_15,SD,sd_sddot,,12,AWARDED,"Highway Improvement, Inc",507851.97,"Brown, Day, Edmunds, Faulk, Spink",,Rout & Seal,,,4,Various Locations in the Aberdeen Area,,,
sd_sddot_20260415_item_013,sd_sddot_2026_04_15,sd_sddot_bid_tabs_2026_04_15,SD,sd_sddot,,13,AWARDED,Northwest Asphalt & Maintenance,146884.12,"Haakon, Hughes, Hyde, Stanley",,Rout & Seal,,,4,Various Locations in the Pierre Area,,,
sd_sddot_20260415_item_014,sd_sddot_2026_04_15,sd_sddot_bid_tabs_2026_04_15,SD,sd_sddot,,14,AWARDED,"SIR LINES-A-LOT, LLC DBA DAKOTA TRAFFIC SERVICES",580193,"Lawrence, Pennington",,Cold Plastics/Sprayable Durable Pavement,,,1,Various locations on the State System in the Rapid City Region,,,
sd_sddot_20260506_item_001,sd_sddot_2026_05_06,sd_sddot_bid_tabs_2026_05_06,SD,sd_sddot,,1,AWARDED,"TRU-FORM CONSTRUCTION, INC.",1308932.1,Lawrence,,"Modify Intersection, and Lighting",,,3,US14 EL & WL - Jct of Old US14 in Spearfish,,,
sd_sddot_20260506_item_002,sd_sddot_2026_05_06,sd_sddot_bid_tabs_2026_05_06,SD,sd_sddot,,2,AWARDED,"Surface Preparation Technologies, LLC",911138.4,"Aurora, Bon Homme, Brookings, Brule, Buffalo, Charles Mix, Clay, Douglas, Gregory, Hutchinson, Jerauld, Lincoln, McCook, Minnehaha, Moody, Sanborn, Turner, Union",,Centerline Rumble Stripes,,,2,Mitchell Region,,,
sd_sddot_20260506_item_003,sd_sddot_2026_05_06,sd_sddot_bid_tabs_2026_05_06,SD,sd_sddot,,3,AWARDED,SPENCER QUARRIES INCORPORATED,13487504.59,Gregory,,"Mill, AC Surf, Grading, Signals & Light",,,6,US18 - Fm W of SD43 to US281; US281 - Fm the NE State Line to the Jct with US18; SD43 - Fm the NE State Line to the Jct with US18,,,
sd_sddot_20260506_item_004,sd_sddot_2026_05_06,sd_sddot_bid_tabs_2026_05_06,SD,sd_sddot,,4,AWARDED,"BX CIVIL & CONSTRUCTION, INC.",538373.1,Aurora,,"LSDC, App Rail, App Surf, Brdg Rail, C&G",,,6,US281 - 8.5 N of I90 over W Br Firesteel Ck,,,
sd_sddot_20260506_item_005,sd_sddot_2026_05_06,sd_sddot_bid_tabs_2026_05_06,SD,sd_sddot,,5,AWARDED,"BX CIVIL & CONSTRUCTION, INC.",2390000,"Lincoln, Minnehaha",,Pavement Restoration,,,6,Various Locations in the Sioux Falls Area,,,
sd_sddot_20260506_item_006,sd_sddot_2026_05_06,sd_sddot_bid_tabs_2026_05_06,SD,sd_sddot,,6,AWARDED,"BITUMINOUS PAVING, INC.",4547617.84,"Beadle, Buffalo, Clark, Hand, Hyde, Spink",,Asphalt Surface Treatment,,,3,Various Locations in the Huron Area,,,
sd_sddot_20260506_item_007,sd_sddot_2026_05_06,sd_sddot_bid_tabs_2026_05_06,SD,sd_sddot,,7,AWARDED,The Road Guy Construction Company Inc,2356225.85,"Clay, Hutchinson, Yankton",,Asphalt Surface Treatment,,,3,Various Locations in the Yankton Area,,,
sd_sddot_20260506_item_008,sd_sddot_2026_05_06,sd_sddot_bid_tabs_2026_05_06,SD,sd_sddot,,8,AWARDED,"BITUMINOUS PAVING, INC.",231499.9,Tripp,,Asphalt Surface Treatment,,,3,US 18 from Winner to 1 mile east of Colome,,,
sd_sddot_20260506_item_009,sd_sddot_2026_05_06,sd_sddot_bid_tabs_2026_05_06,SD,sd_sddot,,9,AWARDED,Z AND Z SEAL COATING INC,288272.03,"Brookings, Clark, Codington, Hamlin, Kingsbury",,Rout & Seal,,,5,Various Locations in the Watertown Area,,,
sd_sddot_20260506_item_010,sd_sddot_2026_05_06,sd_sddot_bid_tabs_2026_05_06,SD,sd_sddot,,10,AWARDED,"Highway Improvement, Inc",71607.8,Mellette,,Rout & Seal,,,5,Various Locations in the Winner Area,,,
sd_sddot_20260506_item_011,sd_sddot_2026_05_06,sd_sddot_bid_tabs_2026_05_06,SD,sd_sddot,,11,AWARDED,Journey Group Companies,249130.45,Brookings,,Crack Leveling,,,5,Various Locations in the Watertown Area,,,
sd_sddot_20260513_item_001,sd_sddot_2026_05_13,sd_sddot_bid_tabs_2026_05_13,SD,sd_sddot,,1,AWARDED,"HEAVY CONSTRUCTORS, INC.",77697290.36,Meade,,"Grading, Interchange Recon (Ex.46) PCC",,,3,I90 E & W - Fm E of Exit 44 to W of Exit 48; Exit 46 (Elk Creek Rd),,,
sd_sddot_20260513_item_002,sd_sddot_2026_05_13,sd_sddot_bid_tabs_2026_05_13,SD,sd_sddot,,2,AWARDED,"Timmons Construction, Inc.",393455.26,Moody,,Shared Use Path,,,8,"Flandreau - Along 480th Ave fm the Path at Royal River Casino to W 3rd Ave, Along W 3rd Ave fm 480th Ave to W Pipestone Ave, Along W Piepestone Ave to Industrial Park Rd",,,
sd_sddot_20260513_item_003,sd_sddot_2026_05_13,sd_sddot_bid_tabs_2026_05_13,SD,sd_sddot,,3,AWARDED,"DOUBLE H PAVING, INC",222694.88,Lincoln,,AC Surfacing of Bridge Deck,,,4,Various Locations Throughout the Mitchell Region,,,
sd_sddot_20260513_item_004,sd_sddot_2026_05_13,sd_sddot_bid_tabs_2026_05_13,SD,sd_sddot,,4,AWARDED,"BITUMINOUS PAVING, INC.",6121162.94,"Aurora, Brule, Davison, Gregory, Hanson, Lyman, McCook",,Asphalt Surface Treatment,,,2,Various Locations in the Mitchell Area,,,
sd_sddot_20260513_item_005,sd_sddot_2026_05_13,sd_sddot_bid_tabs_2026_05_13,SD,sd_sddot,,5,AWARDED,"BITUMINOUS PAVING, INC.",4278173.55,"Brookings, Clark, Codington, Deuel, Grant, Hamlin, Kingsbury, Moody, Roberts",,Asphalt Surface Treatment,,,3,Various Locations in the Watertown Area,,,
sd_sddot_20260513_item_006,sd_sddot_2026_05_13,sd_sddot_bid_tabs_2026_05_13,SD,sd_sddot,,6,AWARDED,Northwest Asphalt & Maintenance,773330.67,"Buffalo, Douglas, Hanson, Hutchinson, McCook, Minnehaha",,Rout & Seal,,,4,Various Locations in the Mitchell Area,,,
sd_sddot_20260513_item_007,sd_sddot_2026_05_13,sd_sddot_bid_tabs_2026_05_13,SD,sd_sddot,,7,AWARDED,"Roadway Services, Inc.",58547.28,"Hand, Kingsbury",,Rout & Seal,,,6,Various Locations in the Huron Area,,,
sd_sddot_20260513_item_008,sd_sddot_2026_05_13,sd_sddot_bid_tabs_2026_05_13,SD,sd_sddot,,8,AWARDED,"Highway Improvement, Inc",157111.05,Bennett,,Crack Leveling,,,6,Various Locations in the Winner Area,,,
sd_sddot_20260513_item_009,sd_sddot_2026_05_13,sd_sddot_bid_tabs_2026_05_13,SD,sd_sddot,,9,AWARDED,Traffic Services Company LLC,231772.9,Pennington,,Pavement Markings,,,3,Various locations on the local system in the Rapid City Region,,,
sd_sddot_20260520_item_001,sd_sddot_2026_05_20,sd_sddot_bid_tabs_2026_05_20,SD,sd_sddot,,1,AWARDED,Grangaard Construction Inc,1601213.3,Turner,,Structure & Approach Grading,,,5,Structure 2 N & 2.3 E of Parker on 273rd St over the E Fork of the Vermillion River SN 63-153-050,,,
sd_sddot_20260520_item_002,sd_sddot_2026_05_20,sd_sddot_bid_tabs_2026_05_20,SD,sd_sddot,,2,AWARDED,"Lehtola Builders, Inc.",370898.14,Hand,,Structure & Approach Grading,,,4,"Structure 10 E & 1.8 N of Miller on 370 Ave over Pearl Ck, SN 30-260-242",,,
sd_sddot_20260520_item_003,sd_sddot_2026_05_20,sd_sddot_bid_tabs_2026_05_20,SD,sd_sddot,,3,AWARDED,"J.V. Bailey Company, Inc.",595514,Pennington,,Deck Repair,,,3,"SD79NF (Cambell St) - 1.2 S of SD44 over St Joseph St, RCP&E RR in Rapid City",,,
sd_sddot_20260520_item_004,sd_sddot_2026_05_20,sd_sddot_bid_tabs_2026_05_20,SD,sd_sddot,,4,AWARDED,"D & G Concrete Construction, Inc.",114846.23,Lincoln,,Modify Turn Lane,,,6,SD115 S - N of Tiger Way in Harrisburg,,,
sd_sddot_20260520_item_005,sd_sddot_2026_05_20,sd_sddot_bid_tabs_2026_05_20,SD,sd_sddot,,5,AWARDED,Complete Concrete Inc dba Complete Contracting Sol,2571391.91,Pennington,,Modify Intersections,,,6,US16B - Fm I90 to US16,,,
sd_sddot_20260520_item_006,sd_sddot_2026_05_20,sd_sddot_bid_tabs_2026_05_20,SD,sd_sddot,,6,CANCELLED,,,"Aurora, Beadle, Brown, Clay, Grant, Lake, Lincoln, Minnehaha, Roberts, Yankton Moved to the 5/27/26 Letting by Addendum",,Install Dynamic Message Boards,,,,Aberdeen & Mitchell Region,,,
sd_sddot_20260520_item_007,sd_sddot_2026_05_20,sd_sddot_bid_tabs_2026_05_20,SD,sd_sddot,,7,AWARDED,"Reede Construction, Inc.",477848.55,"Brookings, Kingsbury",,Pavement Restoration,,,3,Various Locations in the Watertown Area,,,
sd_sddot_20260520_item_008,sd_sddot_2026_05_20,sd_sddot_bid_tabs_2026_05_20,SD,sd_sddot,,8,AWARDED,"Highway Improvement, Inc",90519.9,"Dewey, Ziebach",,Rout & Seal,,,5,Various Locations in the Mobridge Area,,,
sd_sddot_20260520_item_009,sd_sddot_2026_05_20,sd_sddot_bid_tabs_2026_05_20,SD,sd_sddot,,9,AWARDED,"Reede Construction, Inc.",783622.08,Faulk,,Pavement Restoration,,,3,Various Locations in the Aberdeen Area,,,
sd_sddot_20260520_item_010,sd_sddot_2026_05_20,sd_sddot_bid_tabs_2026_05_20,SD,sd_sddot,,10,AWARDED,"SIR LINES-A-LOT, LLC DBA DAKOTA TRAFFIC SERVICES",1030434.56,"Davison, Hanson, Lincoln, Minnehaha",,Durable Pavement Markings,,,1,Various locations on the State System in the Mitchell Region,,,
sd_sddot_20260520_item_011,sd_sddot_2026_05_20,sd_sddot_bid_tabs_2026_05_20,SD,sd_sddot,,11,AWARDED,"Timmons Construction, Inc.",460011.9,Kingsbury,,Sidewalk & Signalized Crossing,,,7,"Lake Preston - Along the N side of US14 fm Main Ave N to Park Ave, Along S side of US14 fm Main Ave N to approx 100' E of Walters Ave N",,,
sd_sddot_20260527_item_006,sd_sddot_2026_05_27,sd_sddot_bid_tabs_2026_05_27,SD,sd_sddot,,6,AWARDED,"BX CIVIL & CONSTRUCTION, INC.",5586000,"Aurora, Beadle, Brown, Clay, Grant, Lake, Lincoln, Minnehaha, Roberts, Yankton",,Install Dynamic Message Boards,,,1,Aberdeen & Mitchell Region,,,
